ISO-10303-21;
HEADER;
FILE_DESCRIPTION(('Open CASCADE Model'),'2;1');
FILE_NAME('Open CASCADE Shape Model','2026-09-27T18:29:27',('Author'),(
    'Open CASCADE'),'Open CASCADE STEP processor 7.9','Open CASCADE 7.9'
  ,'Unknown');
FILE_SCHEMA(('AUTOMOTIVE_DESIGN { 1 0 10303 214 1 1 1 1 }'));
ENDSEC;
DATA;
#1 = APPLICATION_PROTOCOL_DEFINITION('international standard',
  'automotive_design',2000,#2);
#2 = APPLICATION_CONTEXT(
  'core data for automotive mechanical design processes');
#3 = SHAPE_DEFINITION_REPRESENTATION(#4,#10);
#4 = PRODUCT_DEFINITION_SHAPE('','',#5);
#5 = PRODUCT_DEFINITION('design','',#6,#9);
#6 = PRODUCT_DEFINITION_FORMATION('','',#7);
#7 = PRODUCT('Open CASCADE STEP translator 7.9 2',
  'Open CASCADE STEP translator 7.9 2','',(#8));
#8 = PRODUCT_CONTEXT('',#2,'mechanical');
#9 = PRODUCT_DEFINITION_CONTEXT('part definition',#2,'design');
#10 = ADVANCED_BREP_SHAPE_REPRESENTATION('',(#11,#15),#12991);
#11 = AXIS2_PLACEMENT_3D('',#12,#13,#14);
#12 = CARTESIAN_POINT('',(0.,0.,0.));
#13 = DIRECTION('',(0.,0.,1.));
#14 = DIRECTION('',(1.,0.,-0.));
#15 = MANIFOLD_SOLID_BREP('',#16);
#16 = CLOSED_SHELL('',(#17,#137,#213,#4150,#4199,#4340,#4347,#4423,#4472
    ,#4521,#4570,#4619,#4668,#4717,#4766,#4815,#4864,#4913,#4962,#5011,
    #5060,#5087,#5163,#5212,#5261,#5310,#5359,#5408,#5457,#5506,#5555,
    #5604,#5653,#5702,#5751,#5800,#5849,#5898,#5947,#5996,#6045,#6094,
    #6143,#6192,#6241,#6290,#6339,#6388,#6437,#6464,#6540,#6589,#6638,
    #6687,#6736,#6785,#6834,#6883,#6910,#6986,#7035,#7084,#7133,#7182,
    #7231,#7280,#7329,#7378,#7427,#7476,#7525,#7574,#7623,#7672,#7721,
    #7770,#7797,#7873,#7922,#7971,#8020,#8069,#8118,#8167,#8216,#8265,
    #8314,#8363,#8412,#8461,#8510,#8559,#8608,#8657,#8684,#8760,#8809,
    #8858,#8907,#8956,#9005,#9054,#9103,#9152,#9201,#9250,#9299,#9348,
    #9375,#9451,#9614,#9663,#9804,#9822,#9853,#10107,#10128,#10149,
    #10408,#10521,#10597,#10646,#10695,#10722,#10798,#10847,#10896,
    #10923,#11026,#11096,#11166,#11242,#11318,#11388,#11458,#11512,
    #11615,#11691,#11761,#11837,#11913,#11983,#12053,#12107,#12182,
    #12230,#12278,#12304,#12311,#12318,#12329,#12340,#12575,#12651,
    #12700,#12749,#12776,#12852,#12901,#12950,#12977,#12984));
#17 = ADVANCED_FACE('',(#18),#32,.F.);
#18 = FACE_BOUND('',#19,.F.);
#19 = EDGE_LOOP('',(#20,#55,#83,#111));
#20 = ORIENTED_EDGE('',*,*,#21,.F.);
#21 = EDGE_CURVE('',#22,#24,#26,.T.);
#22 = VERTEX_POINT('',#23);
#23 = CARTESIAN_POINT('',(-1.6,-12.4,7.8));
#24 = VERTEX_POINT('',#25);
#25 = CARTESIAN_POINT('',(-1.6,-12.4,9.2));
#26 = SURFACE_CURVE('',#27,(#31,#43),.PCURVE_S1.);
#27 = LINE('',#28,#29);
#28 = CARTESIAN_POINT('',(-1.6,-12.4,7.8));
#29 = VECTOR('',#30,1.);
#30 = DIRECTION('',(0.,0.,1.));
#31 = PCURVE('',#32,#37);
#32 = PLANE('',#33);
#33 = AXIS2_PLACEMENT_3D('',#34,#35,#36);
#34 = CARTESIAN_POINT('',(-1.6,-12.4,7.8));
#35 = DIRECTION('',(1.,0.,0.));
#36 = DIRECTION('',(0.,0.,1.));
#37 = DEFINITIONAL_REPRESENTATION('',(#38),#42);
#38 = LINE('',#39,#40);
#39 = CARTESIAN_POINT('',(0.,0.));
#40 = VECTOR('',#41,1.);
#41 = DIRECTION('',(1.,0.));
#42 = ( GEOMETRIC_REPRESENTATION_CONTEXT(2) 
PARAMETRIC_REPRESENTATION_CONTEXT() REPRESENTATION_CONTEXT('2D SPACE',''
  ) );
#43 = PCURVE('',#44,#49);
#44 = PLANE('',#45);
#45 = AXIS2_PLACEMENT_3D('',#46,#47,#48);
#46 = CARTESIAN_POINT('',(-1.6,-12.4,7.8));
#47 = DIRECTION('',(0.,1.,0.));
#48 = DIRECTION('',(0.,0.,1.));
#49 = DEFINITIONAL_REPRESENTATION('',(#50),#54);
#50 = LINE('',#51,#52);
#51 = CARTESIAN_POINT('',(0.,0.));
#52 = VECTOR('',#53,1.);
#53 = DIRECTION('',(1.,0.));
#54 = ( GEOMETRIC_REPRESENTATION_CONTEXT(2) 
PARAMETRIC_REPRESENTATION_CONTEXT() REPRESENTATION_CONTEXT('2D SPACE',''
  ) );
#55 = ORIENTED_EDGE('',*,*,#56,.T.);
#56 = EDGE_CURVE('',#22,#57,#59,.T.);
#57 = VERTEX_POINT('',#58);
#58 = CARTESIAN_POINT('',(-1.6,12.4,7.8));
#59 = SURFACE_CURVE('',#60,(#64,#71),.PCURVE_S1.);
#60 = LINE('',#61,#62);
#61 = CARTESIAN_POINT('',(-1.6,-12.4,7.8));
#62 = VECTOR('',#63,1.);
#63 = DIRECTION('',(0.,1.,0.));
#64 = PCURVE('',#32,#65);
#65 = DEFINITIONAL_REPRESENTATION('',(#66),#70);
#66 = LINE('',#67,#68);
#67 = CARTESIAN_POINT('',(0.,0.));
#68 = VECTOR('',#69,1.);
#69 = DIRECTION('',(0.,-1.));
#70 = ( GEOMETRIC_REPRESENTATION_CONTEXT(2) 
PARAMETRIC_REPRESENTATION_CONTEXT() REPRESENTATION_CONTEXT('2D SPACE',''
  ) );
#71 = PCURVE('',#72,#77);
#72 = PLANE('',#73);
#73 = AXIS2_PLACEMENT_3D('',#74,#75,#76);
#74 = CARTESIAN_POINT('',(-1.6,-12.4,7.8));
#75 = DIRECTION('',(0.,0.,1.));
#76 = DIRECTION('',(1.,0.,0.));
#77 = DEFINITIONAL_REPRESENTATION('',(#78),#82);
#78 = LINE('',#79,#80);
#79 = CARTESIAN_POINT('',(0.,0.));
#80 = VECTOR('',#81,1.);
#81 = DIRECTION('',(0.,1.));
#82 = ( GEOMETRIC_REPRESENTATION_CONTEXT(2) 
PARAMETRIC_REPRESENTATION_CONTEXT() REPRESENTATION_CONTEXT('2D SPACE',''
  ) );
#83 = ORIENTED_EDGE('',*,*,#84,.T.);
#84 = EDGE_CURVE('',#57,#85,#87,.T.);
#85 = VERTEX_POINT('',#86);
#86 = CARTESIAN_POINT('',(-1.6,12.4,9.2));
#87 = SURFACE_CURVE('',#88,(#92,#99),.PCURVE_S1.);
#88 = LINE('',#89,#90);
#89 = CARTESIAN_POINT('',(-1.6,12.4,7.8));
#90 = VECTOR('',#91,1.);
#91 = DIRECTION('',(0.,0.,1.));
#92 = PCURVE('',#32,#93);
#93 = DEFINITIONAL_REPRESENTATION('',(#94),#98);
#94 = LINE('',#95,#96);
#95 = CARTESIAN_POINT('',(0.,-24.8));
#96 = VECTOR('',#97,1.);
#97 = DIRECTION('',(1.,0.));
#98 = ( GEOMETRIC_REPRESENTATION_CONTEXT(2) 
PARAMETRIC_REPRESENTATION_CONTEXT() REPRESENTATION_CONTEXT('2D SPACE',''
  ) );
#99 = PCURVE('',#100,#105);
#100 = PLANE('',#101);
#101 = AXIS2_PLACEMENT_3D('',#102,#103,#104);
#102 = CARTESIAN_POINT('',(-1.6,12.4,7.8));
#103 = DIRECTION('',(0.,1.,0.));
#104 = DIRECTION('',(0.,0.,1.));
#105 = DEFINITIONAL_REPRESENTATION('',(#106),#110);
#106 = LINE('',#107,#108);
#107 = CARTESIAN_POINT('',(0.,0.));
#108 = VECTOR('',#109,1.);
#109 = DIRECTION('',(1.,0.));
#110 = ( GEOMETRIC_REPRESENTATION_CONTEXT(2) 
PARAMETRIC_REPRESENTATION_CONTEXT() REPRESENTATION_CONTEXT('2D SPACE',''
  ) );
#111 = ORIENTED_EDGE('',*,*,#112,.F.);
#112 = EDGE_CURVE('',#24,#85,#113,.T.);
#113 = SURFACE_CURVE('',#114,(#118,#125),.PCURVE_S1.);
#114 = LINE('',#115,#116);
#115 = CARTESIAN_POINT('',(-1.6,-12.4,9.2));
#116 = VECTOR('',#117,1.);
#117 = DIRECTION('',(0.,1.,0.));
#118 = PCURVE('',#32,#119);
#119 = DEFINITIONAL_REPRESENTATION('',(#120),#124);
#120 = LINE('',#121,#122);
#121 = CARTESIAN_POINT('',(1.4,0.));
#122 = VECTOR('',#123,1.);
#123 = DIRECTION('',(0.,-1.));
#124 = ( GEOMETRIC_REPRESENTATION_CONTEXT(2) 
PARAMETRIC_REPRESENTATION_CONTEXT() REPRESENTATION_CONTEXT('2D SPACE',''
  ) );
#125 = PCURVE('',#126,#131);
#126 = PLANE('',#127);
#127 = AXIS2_PLACEMENT_3D('',#128,#129,#130);
#128 = CARTESIAN_POINT('',(-1.6,-12.4,9.2));
#129 = DIRECTION('',(0.,0.,1.));
#130 = DIRECTION('',(1.,0.,0.));
#131 = DEFINITIONAL_REPRESENTATION('',(#132),#136);
#132 = LINE('',#133,#134);
#133 = CARTESIAN_POINT('',(0.,0.));
#134 = VECTOR('',#135,1.);
#135 = DIRECTION('',(0.,1.));
#136 = ( GEOMETRIC_REPRESENTATION_CONTEXT(2) 
PARAMETRIC_REPRESENTATION_CONTEXT() REPRESENTATION_CONTEXT('2D SPACE',''
  ) );
#137 = ADVANCED_FACE('',(#138),#44,.F.);
#138 = FACE_BOUND('',#139,.F.);
#139 = EDGE_LOOP('',(#140,#163,#164,#187));
#140 = ORIENTED_EDGE('',*,*,#141,.F.);
#141 = EDGE_CURVE('',#22,#142,#144,.T.);
#142 = VERTEX_POINT('',#143);
#143 = CARTESIAN_POINT('',(70.6,-12.4,7.8));
#144 = SURFACE_CURVE('',#145,(#149,#156),.PCURVE_S1.);
#145 = LINE('',#146,#147);
#146 = CARTESIAN_POINT('',(-1.6,-12.4,7.8));
#147 = VECTOR('',#148,1.);
#148 = DIRECTION('',(1.,0.,0.));
#149 = PCURVE('',#44,#150);
#150 = DEFINITIONAL_REPRESENTATION('',(#151),#155);
#151 = LINE('',#152,#153);
#152 = CARTESIAN_POINT('',(0.,0.));
#153 = VECTOR('',#154,1.);
#154 = DIRECTION('',(0.,1.));
#155 = ( GEOMETRIC_REPRESENTATION_CONTEXT(2) 
PARAMETRIC_REPRESENTATION_CONTEXT() REPRESENTATION_CONTEXT('2D SPACE',''
  ) );
#156 = PCURVE('',#72,#157);
#157 = DEFINITIONAL_REPRESENTATION('',(#158),#162);
#158 = LINE('',#159,#160);
#159 = CARTESIAN_POINT('',(0.,0.));
#160 = VECTOR('',#161,1.);
#161 = DIRECTION('',(1.,0.));
#162 = ( GEOMETRIC_REPRESENTATION_CONTEXT(2) 
PARAMETRIC_REPRESENTATION_CONTEXT() REPRESENTATION_CONTEXT('2D SPACE',''
  ) );
#163 = ORIENTED_EDGE('',*,*,#21,.T.);
#164 = ORIENTED_EDGE('',*,*,#165,.T.);
#165 = EDGE_CURVE('',#24,#166,#168,.T.);
#166 = VERTEX_POINT('',#167);
#167 = CARTESIAN_POINT('',(70.6,-12.4,9.2));
#168 = SURFACE_CURVE('',#169,(#173,#180),.PCURVE_S1.);
#169 = LINE('',#170,#171);
#170 = CARTESIAN_POINT('',(-1.6,-12.4,9.2));
#171 = VECTOR('',#172,1.);
#172 = DIRECTION('',(1.,0.,0.));
#173 = PCURVE('',#44,#174);
#174 = DEFINITIONAL_REPRESENTATION('',(#175),#179);
#175 = LINE('',#176,#177);
#176 = CARTESIAN_POINT('',(1.4,0.));
#177 = VECTOR('',#178,1.);
#178 = DIRECTION('',(0.,1.));
#179 = ( GEOMETRIC_REPRESENTATION_CONTEXT(2) 
PARAMETRIC_REPRESENTATION_CONTEXT() REPRESENTATION_CONTEXT('2D SPACE',''
  ) );
#180 = PCURVE('',#126,#181);
#181 = DEFINITIONAL_REPRESENTATION('',(#182),#186);
#182 = LINE('',#183,#184);
#183 = CARTESIAN_POINT('',(0.,0.));
#184 = VECTOR('',#185,1.);
#185 = DIRECTION('',(1.,0.));
#186 = ( GEOMETRIC_REPRESENTATION_CONTEXT(2) 
PARAMETRIC_REPRESENTATION_CONTEXT() REPRESENTATION_CONTEXT('2D SPACE',''
  ) );
#187 = ORIENTED_EDGE('',*,*,#188,.F.);
#188 = EDGE_CURVE('',#142,#166,#189,.T.);
#189 = SURFACE_CURVE('',#190,(#194,#201),.PCURVE_S1.);
#190 = LINE('',#191,#192);
#191 = CARTESIAN_POINT('',(70.6,-12.4,7.8));
#192 = VECTOR('',#193,1.);
#193 = DIRECTION('',(0.,0.,1.));
#194 = PCURVE('',#44,#195);
#195 = DEFINITIONAL_REPRESENTATION('',(#196),#200);
#196 = LINE('',#197,#198);
#197 = CARTESIAN_POINT('',(0.,72.2));
#198 = VECTOR('',#199,1.);
#199 = DIRECTION('',(1.,0.));
#200 = ( GEOMETRIC_REPRESENTATION_CONTEXT(2) 
PARAMETRIC_REPRESENTATION_CONTEXT() REPRESENTATION_CONTEXT('2D SPACE',''
  ) );
#201 = PCURVE('',#202,#207);
#202 = PLANE('',#203);
#203 = AXIS2_PLACEMENT_3D('',#204,#205,#206);
#204 = CARTESIAN_POINT('',(70.6,-12.4,7.8));
#205 = DIRECTION('',(1.,0.,0.));
#206 = DIRECTION('',(0.,0.,1.));
#207 = DEFINITIONAL_REPRESENTATION('',(#208),#212);
#208 = LINE('',#209,#210);
#209 = CARTESIAN_POINT('',(0.,0.));
#210 = VECTOR('',#211,1.);
#211 = DIRECTION('',(1.,0.));
#212 = ( GEOMETRIC_REPRESENTATION_CONTEXT(2) 
PARAMETRIC_REPRESENTATION_CONTEXT() REPRESENTATION_CONTEXT('2D SPACE',''
  ) );
#213 = ADVANCED_FACE('',(#214,#262,#680,#1823,#2383,#3067,#3568),#126,
  .T.);
#214 = FACE_BOUND('',#215,.T.);
#215 = EDGE_LOOP('',(#216,#217,#218,#241));
#216 = ORIENTED_EDGE('',*,*,#112,.F.);
#217 = ORIENTED_EDGE('',*,*,#165,.T.);
#218 = ORIENTED_EDGE('',*,*,#219,.T.);
#219 = EDGE_CURVE('',#166,#220,#222,.T.);
#220 = VERTEX_POINT('',#221);
#221 = CARTESIAN_POINT('',(70.6,12.4,9.2));
#222 = SURFACE_CURVE('',#223,(#227,#234),.PCURVE_S1.);
#223 = LINE('',#224,#225);
#224 = CARTESIAN_POINT('',(70.6,-12.4,9.2));
#225 = VECTOR('',#226,1.);
#226 = DIRECTION('',(0.,1.,0.));
#227 = PCURVE('',#126,#228);
#228 = DEFINITIONAL_REPRESENTATION('',(#229),#233);
#229 = LINE('',#230,#231);
#230 = CARTESIAN_POINT('',(72.2,0.));
#231 = VECTOR('',#232,1.);
#232 = DIRECTION('',(0.,1.));
#233 = ( GEOMETRIC_REPRESENTATION_CONTEXT(2) 
PARAMETRIC_REPRESENTATION_CONTEXT() REPRESENTATION_CONTEXT('2D SPACE',''
  ) );
#234 = PCURVE('',#202,#235);
#235 = DEFINITIONAL_REPRESENTATION('',(#236),#240);
#236 = LINE('',#237,#238);
#237 = CARTESIAN_POINT('',(1.4,0.));
#238 = VECTOR('',#239,1.);
#239 = DIRECTION('',(0.,-1.));
#240 = ( GEOMETRIC_REPRESENTATION_CONTEXT(2) 
PARAMETRIC_REPRESENTATION_CONTEXT() REPRESENTATION_CONTEXT('2D SPACE',''
  ) );
#241 = ORIENTED_EDGE('',*,*,#242,.F.);
#242 = EDGE_CURVE('',#85,#220,#243,.T.);
#243 = SURFACE_CURVE('',#244,(#248,#255),.PCURVE_S1.);
#244 = LINE('',#245,#246);
#245 = CARTESIAN_POINT('',(-1.6,12.4,9.2));
#246 = VECTOR('',#247,1.);
#247 = DIRECTION('',(1.,0.,0.));
#248 = PCURVE('',#126,#249);
#249 = DEFINITIONAL_REPRESENTATION('',(#250),#254);
#250 = LINE('',#251,#252);
#251 = CARTESIAN_POINT('',(0.,24.8));
#252 = VECTOR('',#253,1.);
#253 = DIRECTION('',(1.,0.));
#254 = ( GEOMETRIC_REPRESENTATION_CONTEXT(2) 
PARAMETRIC_REPRESENTATION_CONTEXT() REPRESENTATION_CONTEXT('2D SPACE',''
  ) );
#255 = PCURVE('',#100,#256);
#256 = DEFINITIONAL_REPRESENTATION('',(#257),#261);
#257 = LINE('',#258,#259);
#258 = CARTESIAN_POINT('',(1.4,0.));
#259 = VECTOR('',#260,1.);
#260 = DIRECTION('',(0.,1.));
#261 = ( GEOMETRIC_REPRESENTATION_CONTEXT(2) 
PARAMETRIC_REPRESENTATION_CONTEXT() REPRESENTATION_CONTEXT('2D SPACE',''
  ) );
#262 = FACE_BOUND('',#263,.T.);
#263 = EDGE_LOOP('',(#264,#292,#318,#344,#370,#396,#435,#474,#500,#526,
    #552,#578,#604,#630,#656));
#264 = ORIENTED_EDGE('',*,*,#265,.F.);
#265 = EDGE_CURVE('',#266,#268,#270,.T.);
#266 = VERTEX_POINT('',#267);
#267 = CARTESIAN_POINT('',(37.7080078125,-1.98193359375,9.2));
#268 = VERTEX_POINT('',#269);
#269 = CARTESIAN_POINT('',(38.3466796875,-1.98193359375,9.2));
#270 = SURFACE_CURVE('',#271,(#275,#281),.PCURVE_S1.);
#271 = LINE('',#272,#273);
#272 = CARTESIAN_POINT('',(18.37333984375,-1.98193359375,9.2));
#273 = VECTOR('',#274,1.);
#274 = DIRECTION('',(1.,0.,-0.));
#275 = PCURVE('',#126,#276);
#276 = DEFINITIONAL_REPRESENTATION('',(#277),#280);
#277 = B_SPLINE_CURVE_WITH_KNOTS('',1,(#278,#279),.UNSPECIFIED.,.F.,.F.,
  (2,2),(19.33466796875,19.97333984375),.PIECEWISE_BEZIER_KNOTS.);
#278 = CARTESIAN_POINT('',(39.3080078125,10.41806640625));
#279 = CARTESIAN_POINT('',(39.9466796875,10.41806640625));
#280 = ( GEOMETRIC_REPRESENTATION_CONTEXT(2) 
PARAMETRIC_REPRESENTATION_CONTEXT() REPRESENTATION_CONTEXT('2D SPACE',''
  ) );
#281 = PCURVE('',#282,#287);
#282 = PLANE('',#283);
#283 = AXIS2_PLACEMENT_3D('',#284,#285,#286);
#284 = CARTESIAN_POINT('',(38.3466796875,-1.98193359375,8.7));
#285 = DIRECTION('',(0.,-1.,0.));
#286 = DIRECTION('',(-1.,0.,0.));
#287 = DEFINITIONAL_REPRESENTATION('',(#288),#291);
#288 = B_SPLINE_CURVE_WITH_KNOTS('',1,(#289,#290),.UNSPECIFIED.,.F.,.F.,
  (2,2),(19.33466796875,19.97333984375),.PIECEWISE_BEZIER_KNOTS.);
#289 = CARTESIAN_POINT('',(0.638671875,-0.5));
#290 = CARTESIAN_POINT('',(0.,-0.5));
#291 = ( GEOMETRIC_REPRESENTATION_CONTEXT(2) 
PARAMETRIC_REPRESENTATION_CONTEXT() REPRESENTATION_CONTEXT('2D SPACE',''
  ) );
#292 = ORIENTED_EDGE('',*,*,#293,.F.);
#293 = EDGE_CURVE('',#294,#266,#296,.T.);
#294 = VERTEX_POINT('',#295);
#295 = CARTESIAN_POINT('',(38.8447265625,-0.36474609375,9.2));
#296 = SURFACE_CURVE('',#297,(#301,#307),.PCURVE_S1.);
#297 = LINE('',#298,#299);
#298 = CARTESIAN_POINT('',(28.758067869052,-14.71483784319,9.2));
#299 = VECTOR('',#300,1.);
#300 = DIRECTION('',(-0.575052773399,-0.818116316795,0.));
#301 = PCURVE('',#126,#302);
#302 = DEFINITIONAL_REPRESENTATION('',(#303),#306);
#303 = B_SPLINE_CURVE_WITH_KNOTS('',1,(#304,#305),.UNSPECIFIED.,.F.,.F.,
  (2,2),(-17.54040526372,-15.56368451289),.PIECEWISE_BEZIER_KNOTS.);
#304 = CARTESIAN_POINT('',(40.4447265625,12.03525390625));
#305 = CARTESIAN_POINT('',(39.3080078125,10.41806640625));
#306 = ( GEOMETRIC_REPRESENTATION_CONTEXT(2) 
PARAMETRIC_REPRESENTATION_CONTEXT() REPRESENTATION_CONTEXT('2D SPACE',''
  ) );
#307 = PCURVE('',#308,#313);
#308 = PLANE('',#309);
#309 = AXIS2_PLACEMENT_3D('',#310,#311,#312);
#310 = CARTESIAN_POINT('',(37.7080078125,-1.98193359375,8.7));
#311 = DIRECTION('',(-0.818116316795,0.575052773399,0.));
#312 = DIRECTION('',(0.575052773399,0.818116316795,0.));
#313 = DEFINITIONAL_REPRESENTATION('',(#314),#317);
#314 = B_SPLINE_CURVE_WITH_KNOTS('',1,(#315,#316),.UNSPECIFIED.,.F.,.F.,
  (2,2),(-17.54040526372,-15.56368451289),.PIECEWISE_BEZIER_KNOTS.);
#315 = CARTESIAN_POINT('',(1.976720750829,-0.5));
#316 = CARTESIAN_POINT('',(0.,-0.5));
#317 = ( GEOMETRIC_REPRESENTATION_CONTEXT(2) 
PARAMETRIC_REPRESENTATION_CONTEXT() REPRESENTATION_CONTEXT('2D SPACE',''
  ) );
#318 = ORIENTED_EDGE('',*,*,#319,.F.);
#319 = EDGE_CURVE('',#320,#294,#322,.T.);
#320 = VERTEX_POINT('',#321);
#321 = CARTESIAN_POINT('',(37.79296875,1.12939453125,9.2));
#322 = SURFACE_CURVE('',#323,(#327,#333),.PCURVE_S1.);
#323 = LINE('',#324,#325);
#324 = CARTESIAN_POINT('',(34.976899899493,5.129938023614,9.2));
#325 = VECTOR('',#326,1.);
#326 = DIRECTION('',(0.575612550143,-0.817722564271,0.));
#327 = PCURVE('',#126,#328);
#328 = DEFINITIONAL_REPRESENTATION('',(#329),#332);
#329 = B_SPLINE_CURVE_WITH_KNOTS('',1,(#330,#331),.UNSPECIFIED.,.F.,.F.,
  (2,2),(4.892299255472,6.719496755314),.PIECEWISE_BEZIER_KNOTS.);
#330 = CARTESIAN_POINT('',(39.39296875,13.52939453125));
#331 = CARTESIAN_POINT('',(40.4447265625,12.03525390625));
#332 = ( GEOMETRIC_REPRESENTATION_CONTEXT(2) 
PARAMETRIC_REPRESENTATION_CONTEXT() REPRESENTATION_CONTEXT('2D SPACE',''
  ) );
#333 = PCURVE('',#334,#339);
#334 = PLANE('',#335);
#335 = AXIS2_PLACEMENT_3D('',#336,#337,#338);
#336 = CARTESIAN_POINT('',(38.8447265625,-0.36474609375,8.7));
#337 = DIRECTION('',(-0.817722564271,-0.575612550143,0.));
#338 = DIRECTION('',(-0.575612550143,0.817722564271,0.));
#339 = DEFINITIONAL_REPRESENTATION('',(#340),#343);
#340 = B_SPLINE_CURVE_WITH_KNOTS('',1,(#341,#342),.UNSPECIFIED.,.F.,.F.,
  (2,2),(4.892299255472,6.719496755314),.PIECEWISE_BEZIER_KNOTS.);
#341 = CARTESIAN_POINT('',(1.827197499842,-0.5));
#342 = CARTESIAN_POINT('',(0.,-0.5));
#343 = ( GEOMETRIC_REPRESENTATION_CONTEXT(2) 
PARAMETRIC_REPRESENTATION_CONTEXT() REPRESENTATION_CONTEXT('2D SPACE',''
  ) );
#344 = ORIENTED_EDGE('',*,*,#345,.F.);
#345 = EDGE_CURVE('',#346,#320,#348,.T.);
#346 = VERTEX_POINT('',#347);
#347 = CARTESIAN_POINT('',(38.4521484375,1.12939453125,9.2));
#348 = SURFACE_CURVE('',#349,(#353,#359),.PCURVE_S1.);
#349 = LINE('',#350,#351);
#350 = CARTESIAN_POINT('',(18.096484375,1.12939453125,9.2));
#351 = VECTOR('',#352,1.);
#352 = DIRECTION('',(-1.,0.,0.));
#353 = PCURVE('',#126,#354);
#354 = DEFINITIONAL_REPRESENTATION('',(#355),#358);
#355 = B_SPLINE_CURVE_WITH_KNOTS('',1,(#356,#357),.UNSPECIFIED.,.F.,.F.,
  (2,2),(-20.3556640625,-19.696484375),.PIECEWISE_BEZIER_KNOTS.);
#356 = CARTESIAN_POINT('',(40.0521484375,13.52939453125));
#357 = CARTESIAN_POINT('',(39.39296875,13.52939453125));
#358 = ( GEOMETRIC_REPRESENTATION_CONTEXT(2) 
PARAMETRIC_REPRESENTATION_CONTEXT() REPRESENTATION_CONTEXT('2D SPACE',''
  ) );
#359 = PCURVE('',#360,#365);
#360 = PLANE('',#361);
#361 = AXIS2_PLACEMENT_3D('',#362,#363,#364);
#362 = CARTESIAN_POINT('',(37.79296875,1.12939453125,8.7));
#363 = DIRECTION('',(0.,1.,0.));
#364 = DIRECTION('',(1.,0.,0.));
#365 = DEFINITIONAL_REPRESENTATION('',(#366),#369);
#366 = B_SPLINE_CURVE_WITH_KNOTS('',1,(#367,#368),.UNSPECIFIED.,.F.,.F.,
  (2,2),(-20.3556640625,-19.696484375),.PIECEWISE_BEZIER_KNOTS.);
#367 = CARTESIAN_POINT('',(0.6591796875,-0.5));
#368 = CARTESIAN_POINT('',(0.,-0.5));
#369 = ( GEOMETRIC_REPRESENTATION_CONTEXT(2) 
PARAMETRIC_REPRESENTATION_CONTEXT() REPRESENTATION_CONTEXT('2D SPACE',''
  ) );
#370 = ORIENTED_EDGE('',*,*,#371,.F.);
#371 = EDGE_CURVE('',#372,#346,#374,.T.);
#372 = VERTEX_POINT('',#373);
#373 = CARTESIAN_POINT('',(38.9296875,0.39990234375,9.2));
#374 = SURFACE_CURVE('',#375,(#379,#385),.PCURVE_S1.);
#375 = LINE('',#376,#377);
#376 = CARTESIAN_POINT('',(35.544685436506,5.570856416204,9.2));
#377 = VECTOR('',#378,1.);
#378 = DIRECTION('',(-0.54770194357,0.836673521159,0.));
#379 = PCURVE('',#126,#380);
#380 = DEFINITIONAL_REPRESENTATION('',(#381),#384);
#381 = B_SPLINE_CURVE_WITH_KNOTS('',1,(#382,#383),.UNSPECIFIED.,.F.,.F.,
  (2,2),(-6.180372560719,-5.308476690883),.PIECEWISE_BEZIER_KNOTS.);
#382 = CARTESIAN_POINT('',(40.5296875,12.79990234375));
#383 = CARTESIAN_POINT('',(40.0521484375,13.52939453125));
#384 = ( GEOMETRIC_REPRESENTATION_CONTEXT(2) 
PARAMETRIC_REPRESENTATION_CONTEXT() REPRESENTATION_CONTEXT('2D SPACE',''
  ) );
#385 = PCURVE('',#386,#391);
#386 = PLANE('',#387);
#387 = AXIS2_PLACEMENT_3D('',#388,#389,#390);
#388 = CARTESIAN_POINT('',(38.4521484375,1.12939453125,8.7));
#389 = DIRECTION('',(0.836673521159,0.54770194357,0.));
#390 = DIRECTION('',(0.54770194357,-0.836673521159,0.));
#391 = DEFINITIONAL_REPRESENTATION('',(#392),#395);
#392 = B_SPLINE_CURVE_WITH_KNOTS('',1,(#393,#394),.UNSPECIFIED.,.F.,.F.,
  (2,2),(-6.180372560719,-5.308476690883),.PIECEWISE_BEZIER_KNOTS.);
#393 = CARTESIAN_POINT('',(0.871895869836,-0.5));
#394 = CARTESIAN_POINT('',(0.,-0.5));
#395 = ( GEOMETRIC_REPRESENTATION_CONTEXT(2) 
PARAMETRIC_REPRESENTATION_CONTEXT() REPRESENTATION_CONTEXT('2D SPACE',''
  ) );
#396 = ORIENTED_EDGE('',*,*,#397,.F.);
#397 = EDGE_CURVE('',#398,#372,#400,.T.);
#398 = VERTEX_POINT('',#399);
#399 = CARTESIAN_POINT('',(39.146484375,5.126953125E-02,9.2));
#400 = SURFACE_CURVE('',#401,(#408,#418),.PCURVE_S1.);
#401 = B_SPLINE_CURVE_WITH_KNOTS('',5,(#402,#403,#404,#405,#406,#407),
  .UNSPECIFIED.,.F.,.F.,(6,6),(0.,1.),.PIECEWISE_BEZIER_KNOTS.);
#402 = CARTESIAN_POINT('',(39.146484375,5.126953125E-02,9.2));
#403 = CARTESIAN_POINT('',(39.112726859934,0.109139557077,9.2));
#404 = CARTESIAN_POINT('',(39.073821228138,0.173398476221,9.2));
#405 = CARTESIAN_POINT('',(39.030103870709,0.243595119063,9.2));
#406 = CARTESIAN_POINT('',(38.981944031923,0.319245522738,9.2));
#407 = CARTESIAN_POINT('',(38.9296875,0.39990234375,9.2));
#408 = PCURVE('',#126,#409);
#409 = DEFINITIONAL_REPRESENTATION('',(#410),#417);
#410 = B_SPLINE_CURVE_WITH_KNOTS('',5,(#411,#412,#413,#414,#415,#416),
  .UNSPECIFIED.,.F.,.F.,(6,6),(0.,1.),.PIECEWISE_BEZIER_KNOTS.);
#411 = CARTESIAN_POINT('',(40.746484375,12.45126953125));
#412 = CARTESIAN_POINT('',(40.712726859934,12.509139557077));
#413 = CARTESIAN_POINT('',(40.673821228138,12.573398476221));
#414 = CARTESIAN_POINT('',(40.630103870709,12.643595119063));
#415 = CARTESIAN_POINT('',(40.581944031923,12.719245522738));
#416 = CARTESIAN_POINT('',(40.5296875,12.79990234375));
#417 = ( GEOMETRIC_REPRESENTATION_CONTEXT(2) 
PARAMETRIC_REPRESENTATION_CONTEXT() REPRESENTATION_CONTEXT('2D SPACE',''
  ) );
#418 = PCURVE('',#419,#426);
#419 = SURFACE_OF_LINEAR_EXTRUSION('',#420,#424);
#420 = B_SPLINE_CURVE_WITH_KNOTS('',2,(#421,#422,#423),.UNSPECIFIED.,.F.
  ,.F.,(3,3),(0.,1.),.PIECEWISE_BEZIER_KNOTS.);
#421 = CARTESIAN_POINT('',(38.9296875,0.39990234375,8.7));
#422 = CARTESIAN_POINT('',(39.064453125,0.19189453125,8.7));
#423 = CARTESIAN_POINT('',(39.146484375,5.126953125E-02,8.7));
#424 = VECTOR('',#425,1.);
#425 = DIRECTION('',(-0.,-0.,-1.));
#426 = DEFINITIONAL_REPRESENTATION('',(#427),#434);
#427 = B_SPLINE_CURVE_WITH_KNOTS('',5,(#428,#429,#430,#431,#432,#433),
  .UNSPECIFIED.,.F.,.F.,(6,6),(0.,1.),.PIECEWISE_BEZIER_KNOTS.);
#428 = CARTESIAN_POINT('',(1.,-0.5));
#429 = CARTESIAN_POINT('',(0.794239908172,-0.5));
#430 = CARTESIAN_POINT('',(0.591122516046,-0.5));
#431 = CARTESIAN_POINT('',(0.390945759461,-0.5));
#432 = CARTESIAN_POINT('',(0.193879306846,-0.5));
#433 = CARTESIAN_POINT('',(0.,-0.5));
#434 = ( GEOMETRIC_REPRESENTATION_CONTEXT(2) 
PARAMETRIC_REPRESENTATION_CONTEXT() REPRESENTATION_CONTEXT('2D SPACE',''
  ) );
#435 = ORIENTED_EDGE('',*,*,#436,.F.);
#436 = EDGE_CURVE('',#437,#398,#439,.T.);
#437 = VERTEX_POINT('',#438);
#438 = CARTESIAN_POINT('',(39.3837890625,0.39404296875,9.2));
#439 = SURFACE_CURVE('',#440,(#447,#457),.PCURVE_S1.);
#440 = B_SPLINE_CURVE_WITH_KNOTS('',5,(#441,#442,#443,#444,#445,#446),
  .UNSPECIFIED.,.F.,.F.,(6,6),(0.,1.),.PIECEWISE_BEZIER_KNOTS.);
#441 = CARTESIAN_POINT('',(39.3837890625,0.39404296875,9.2));
#442 = CARTESIAN_POINT('',(39.339707270973,0.333281580429,9.2));
#443 = CARTESIAN_POINT('',(39.293852452215,0.268455830091,9.2));
#444 = CARTESIAN_POINT('',(39.246308173774,0.199731903341,9.2));
#445 = CARTESIAN_POINT('',(39.197158508476,0.127280731465,9.2));
#446 = CARTESIAN_POINT('',(39.146484375,5.126953125E-02,9.2));
#447 = PCURVE('',#126,#448);
#448 = DEFINITIONAL_REPRESENTATION('',(#449),#456);
#449 = B_SPLINE_CURVE_WITH_KNOTS('',5,(#450,#451,#452,#453,#454,#455),
  .UNSPECIFIED.,.F.,.F.,(6,6),(0.,1.),.PIECEWISE_BEZIER_KNOTS.);
#450 = CARTESIAN_POINT('',(40.9837890625,12.79404296875));
#451 = CARTESIAN_POINT('',(40.939707270973,12.733281580429));
#452 = CARTESIAN_POINT('',(40.893852452215,12.668455830091));
#453 = CARTESIAN_POINT('',(40.846308173774,12.599731903341));
#454 = CARTESIAN_POINT('',(40.797158508476,12.527280731465));
#455 = CARTESIAN_POINT('',(40.746484375,12.45126953125));
#456 = ( GEOMETRIC_REPRESENTATION_CONTEXT(2) 
PARAMETRIC_REPRESENTATION_CONTEXT() REPRESENTATION_CONTEXT('2D SPACE',''
  ) );
#457 = PCURVE('',#458,#465);
#458 = SURFACE_OF_LINEAR_EXTRUSION('',#459,#463);
#459 = B_SPLINE_CURVE_WITH_KNOTS('',2,(#460,#461,#462),.UNSPECIFIED.,.F.
  ,.F.,(3,3),(0.,1.),.PIECEWISE_BEZIER_KNOTS.);
#460 = CARTESIAN_POINT('',(39.146484375,5.126953125E-02,8.7));
#461 = CARTESIAN_POINT('',(39.275390625,0.24462890625,8.7));
#462 = CARTESIAN_POINT('',(39.3837890625,0.39404296875,8.7));
#463 = VECTOR('',#464,1.);
#464 = DIRECTION('',(-0.,-0.,-1.));
#465 = DEFINITIONAL_REPRESENTATION('',(#466),#473);
#466 = B_SPLINE_CURVE_WITH_KNOTS('',5,(#467,#468,#469,#470,#471,#472),
  .UNSPECIFIED.,.F.,.F.,(6,6),(0.,1.),.PIECEWISE_BEZIER_KNOTS.);
#467 = CARTESIAN_POINT('',(1.,-0.5));
#468 = CARTESIAN_POINT('',(0.796667772417,-0.5));
#469 = CARTESIAN_POINT('',(0.594934575695,-0.5));
#470 = CARTESIAN_POINT('',(0.394878170052,-0.5));
#471 = CARTESIAN_POINT('',(0.196554214697,-0.5));
#472 = CARTESIAN_POINT('',(0.,-0.5));
#473 = ( GEOMETRIC_REPRESENTATION_CONTEXT(2) 
PARAMETRIC_REPRESENTATION_CONTEXT() REPRESENTATION_CONTEXT('2D SPACE',''
  ) );
#474 = ORIENTED_EDGE('',*,*,#475,.F.);
#475 = EDGE_CURVE('',#476,#437,#478,.T.);
#476 = VERTEX_POINT('',#477);
#477 = CARTESIAN_POINT('',(39.908203125,1.12939453125,9.2));
#478 = SURFACE_CURVE('',#479,(#483,#489),.PCURVE_S1.);
#479 = LINE('',#480,#481);
#480 = CARTESIAN_POINT('',(29.451416312061,-13.53347412823,9.2));
#481 = VECTOR('',#482,1.);
#482 = DIRECTION('',(-0.58062435329,-0.814171579194,0.));
#483 = PCURVE('',#126,#484);
#484 = DEFINITIONAL_REPRESENTATION('',(#485),#488);
#485 = B_SPLINE_CURVE_WITH_KNOTS('',1,(#486,#487),.UNSPECIFIED.,.F.,.F.,
  (2,2),(-18.00955601275,-17.10636609395),.PIECEWISE_BEZIER_KNOTS.);
#486 = CARTESIAN_POINT('',(41.508203125,13.52939453125));
#487 = CARTESIAN_POINT('',(40.9837890625,12.79404296875));
#488 = ( GEOMETRIC_REPRESENTATION_CONTEXT(2) 
PARAMETRIC_REPRESENTATION_CONTEXT() REPRESENTATION_CONTEXT('2D SPACE',''
  ) );
#489 = PCURVE('',#490,#495);
#490 = PLANE('',#491);
#491 = AXIS2_PLACEMENT_3D('',#492,#493,#494);
#492 = CARTESIAN_POINT('',(39.3837890625,0.39404296875,8.7));
#493 = DIRECTION('',(-0.814171579194,0.58062435329,0.));
#494 = DIRECTION('',(0.58062435329,0.814171579194,0.));
#495 = DEFINITIONAL_REPRESENTATION('',(#496),#499);
#496 = B_SPLINE_CURVE_WITH_KNOTS('',1,(#497,#498),.UNSPECIFIED.,.F.,.F.,
  (2,2),(-18.00955601275,-17.10636609395),.PIECEWISE_BEZIER_KNOTS.);
#497 = CARTESIAN_POINT('',(0.903189918798,-0.5));
#498 = CARTESIAN_POINT('',(0.,-0.5));
#499 = ( GEOMETRIC_REPRESENTATION_CONTEXT(2) 
PARAMETRIC_REPRESENTATION_CONTEXT() REPRESENTATION_CONTEXT('2D SPACE',''
  ) );
#500 = ORIENTED_EDGE('',*,*,#501,.F.);
#501 = EDGE_CURVE('',#502,#476,#504,.T.);
#502 = VERTEX_POINT('',#503);
#503 = CARTESIAN_POINT('',(40.5380859375,1.12939453125,9.2));
#504 = SURFACE_CURVE('',#505,(#509,#515),.PCURVE_S1.);
#505 = LINE('',#506,#507);
#506 = CARTESIAN_POINT('',(19.1541015625,1.12939453125,9.2));
#507 = VECTOR('',#508,1.);
#508 = DIRECTION('',(-1.,0.,0.));
#509 = PCURVE('',#126,#510);
#510 = DEFINITIONAL_REPRESENTATION('',(#511),#514);
#511 = B_SPLINE_CURVE_WITH_KNOTS('',1,(#512,#513),.UNSPECIFIED.,.F.,.F.,
  (2,2),(-21.383984375,-20.7541015625),.PIECEWISE_BEZIER_KNOTS.);
#512 = CARTESIAN_POINT('',(42.1380859375,13.52939453125));
#513 = CARTESIAN_POINT('',(41.508203125,13.52939453125));
#514 = ( GEOMETRIC_REPRESENTATION_CONTEXT(2) 
PARAMETRIC_REPRESENTATION_CONTEXT() REPRESENTATION_CONTEXT('2D SPACE',''
  ) );
#515 = PCURVE('',#516,#521);
#516 = PLANE('',#517);
#517 = AXIS2_PLACEMENT_3D('',#518,#519,#520);
#518 = CARTESIAN_POINT('',(39.908203125,1.12939453125,8.7));
#519 = DIRECTION('',(0.,1.,0.));
#520 = DIRECTION('',(1.,0.,0.));
#521 = DEFINITIONAL_REPRESENTATION('',(#522),#525);
#522 = B_SPLINE_CURVE_WITH_KNOTS('',1,(#523,#524),.UNSPECIFIED.,.F.,.F.,
  (2,2),(-21.383984375,-20.7541015625),.PIECEWISE_BEZIER_KNOTS.);
#523 = CARTESIAN_POINT('',(0.6298828125,-0.5));
#524 = CARTESIAN_POINT('',(0.,-0.5));
#525 = ( GEOMETRIC_REPRESENTATION_CONTEXT(2) 
PARAMETRIC_REPRESENTATION_CONTEXT() REPRESENTATION_CONTEXT('2D SPACE',''
  ) );
#526 = ORIENTED_EDGE('',*,*,#527,.F.);
#527 = EDGE_CURVE('',#528,#502,#530,.T.);
#528 = VERTEX_POINT('',#529);
#529 = CARTESIAN_POINT('',(39.462890625,-0.33544921875,9.2));
#530 = SURFACE_CURVE('',#531,(#535,#541),.PCURVE_S1.);
#531 = LINE('',#532,#533);
#532 = CARTESIAN_POINT('',(29.934480748217,-13.3169340645,9.2));
#533 = VECTOR('',#534,1.);
#534 = DIRECTION('',(0.591713094491,0.806148630097,-0.));
#535 = PCURVE('',#126,#536);
#536 = DEFINITIONAL_REPRESENTATION('',(#537),#540);
#537 = B_SPLINE_CURVE_WITH_KNOTS('',1,(#538,#539),.UNSPECIFIED.,.F.,.F.,
  (2,2),(16.103091118804,17.920180046715),.PIECEWISE_BEZIER_KNOTS.);
#538 = CARTESIAN_POINT('',(41.062890625,12.06455078125));
#539 = CARTESIAN_POINT('',(42.1380859375,13.52939453125));
#540 = ( GEOMETRIC_REPRESENTATION_CONTEXT(2) 
PARAMETRIC_REPRESENTATION_CONTEXT() REPRESENTATION_CONTEXT('2D SPACE',''
  ) );
#541 = PCURVE('',#542,#547);
#542 = PLANE('',#543);
#543 = AXIS2_PLACEMENT_3D('',#544,#545,#546);
#544 = CARTESIAN_POINT('',(40.5380859375,1.12939453125,8.7));
#545 = DIRECTION('',(0.806148630097,-0.591713094491,0.));
#546 = DIRECTION('',(-0.591713094491,-0.806148630097,0.));
#547 = DEFINITIONAL_REPRESENTATION('',(#548),#551);
#548 = B_SPLINE_CURVE_WITH_KNOTS('',1,(#549,#550),.UNSPECIFIED.,.F.,.F.,
  (2,2),(16.103091118804,17.920180046715),.PIECEWISE_BEZIER_KNOTS.);
#549 = CARTESIAN_POINT('',(1.817088927911,-0.5));
#550 = CARTESIAN_POINT('',(0.,-0.5));
#551 = ( GEOMETRIC_REPRESENTATION_CONTEXT(2) 
PARAMETRIC_REPRESENTATION_CONTEXT() REPRESENTATION_CONTEXT('2D SPACE',''
  ) );
#552 = ORIENTED_EDGE('',*,*,#553,.F.);
#553 = EDGE_CURVE('',#554,#528,#556,.T.);
#554 = VERTEX_POINT('',#555);
#555 = CARTESIAN_POINT('',(40.6201171875,-1.98193359375,9.2));
#556 = SURFACE_CURVE('',#557,(#561,#567),.PCURVE_S1.);
#557 = LINE('',#558,#559);
#558 = CARTESIAN_POINT('',(35.511976407457,5.285851516084,9.2));
#559 = VECTOR('',#560,1.);
#560 = DIRECTION('',(-0.575024530742,0.818136167789,0.));
#561 = PCURVE('',#126,#562);
#562 = DEFINITIONAL_REPRESENTATION('',(#563),#566);
#563 = B_SPLINE_CURVE_WITH_KNOTS('',1,(#564,#565),.UNSPECIFIED.,.F.,.F.,
  (2,2),(-8.883344113084,-6.870862035133),.PIECEWISE_BEZIER_KNOTS.);
#564 = CARTESIAN_POINT('',(42.2201171875,10.41806640625));
#565 = CARTESIAN_POINT('',(41.062890625,12.06455078125));
#566 = ( GEOMETRIC_REPRESENTATION_CONTEXT(2) 
PARAMETRIC_REPRESENTATION_CONTEXT() REPRESENTATION_CONTEXT('2D SPACE',''
  ) );
#567 = PCURVE('',#568,#573);
#568 = PLANE('',#569);
#569 = AXIS2_PLACEMENT_3D('',#570,#571,#572);
#570 = CARTESIAN_POINT('',(39.462890625,-0.33544921875,8.7));
#571 = DIRECTION('',(0.818136167789,0.575024530742,0.));
#572 = DIRECTION('',(0.575024530742,-0.818136167789,0.));
#573 = DEFINITIONAL_REPRESENTATION('',(#574),#577);
#574 = B_SPLINE_CURVE_WITH_KNOTS('',1,(#575,#576),.UNSPECIFIED.,.F.,.F.,
  (2,2),(-8.883344113084,-6.870862035133),.PIECEWISE_BEZIER_KNOTS.);
#575 = CARTESIAN_POINT('',(2.012482077951,-0.5));
#576 = CARTESIAN_POINT('',(0.,-0.5));
#577 = ( GEOMETRIC_REPRESENTATION_CONTEXT(2) 
PARAMETRIC_REPRESENTATION_CONTEXT() REPRESENTATION_CONTEXT('2D SPACE',''
  ) );
#578 = ORIENTED_EDGE('',*,*,#579,.F.);
#579 = EDGE_CURVE('',#580,#554,#582,.T.);
#580 = VERTEX_POINT('',#581);
#581 = CARTESIAN_POINT('',(39.97265625,-1.98193359375,9.2));
#582 = SURFACE_CURVE('',#583,(#587,#593),.PCURVE_S1.);
#583 = LINE('',#584,#585);
#584 = CARTESIAN_POINT('',(19.51005859375,-1.98193359375,9.2));
#585 = VECTOR('',#586,1.);
#586 = DIRECTION('',(1.,0.,-0.));
#587 = PCURVE('',#126,#588);
#588 = DEFINITIONAL_REPRESENTATION('',(#589),#592);
#589 = B_SPLINE_CURVE_WITH_KNOTS('',1,(#590,#591),.UNSPECIFIED.,.F.,.F.,
  (2,2),(20.46259765625,21.11005859375),.PIECEWISE_BEZIER_KNOTS.);
#590 = CARTESIAN_POINT('',(41.57265625,10.41806640625));
#591 = CARTESIAN_POINT('',(42.2201171875,10.41806640625));
#592 = ( GEOMETRIC_REPRESENTATION_CONTEXT(2) 
PARAMETRIC_REPRESENTATION_CONTEXT() REPRESENTATION_CONTEXT('2D SPACE',''
  ) );
#593 = PCURVE('',#594,#599);
#594 = PLANE('',#595);
#595 = AXIS2_PLACEMENT_3D('',#596,#597,#598);
#596 = CARTESIAN_POINT('',(40.6201171875,-1.98193359375,8.7));
#597 = DIRECTION('',(0.,-1.,0.));
#598 = DIRECTION('',(-1.,0.,0.));
#599 = DEFINITIONAL_REPRESENTATION('',(#600),#603);
#600 = B_SPLINE_CURVE_WITH_KNOTS('',1,(#601,#602),.UNSPECIFIED.,.F.,.F.,
  (2,2),(20.46259765625,21.11005859375),.PIECEWISE_BEZIER_KNOTS.);
#601 = CARTESIAN_POINT('',(0.6474609375,-0.5));
#602 = CARTESIAN_POINT('',(0.,-0.5));
#603 = ( GEOMETRIC_REPRESENTATION_CONTEXT(2) 
PARAMETRIC_REPRESENTATION_CONTEXT() REPRESENTATION_CONTEXT('2D SPACE',''
  ) );
#604 = ORIENTED_EDGE('',*,*,#605,.F.);
#605 = EDGE_CURVE('',#606,#580,#608,.T.);
#606 = VERTEX_POINT('',#607);
#607 = CARTESIAN_POINT('',(39.333984375,-1.01513671875,9.2));
#608 = SURFACE_CURVE('',#609,(#613,#619),.PCURVE_S1.);
#609 = LINE('',#610,#611);
#610 = CARTESIAN_POINT('',(36.05310676156,3.951329393338,9.2));
#611 = VECTOR('',#612,1.);
#612 = DIRECTION('',(0.551194404284,-0.834376850521,0.));
#613 = PCURVE('',#126,#614);
#614 = DEFINITIONAL_REPRESENTATION('',(#615),#618);
#615 = B_SPLINE_CURVE_WITH_KNOTS('',1,(#616,#617),.UNSPECIFIED.,.F.,.F.,
  (2,2),(5.952305734493,7.111011029823),.PIECEWISE_BEZIER_KNOTS.);
#616 = CARTESIAN_POINT('',(40.933984375,11.38486328125));
#617 = CARTESIAN_POINT('',(41.57265625,10.41806640625));
#618 = ( GEOMETRIC_REPRESENTATION_CONTEXT(2) 
PARAMETRIC_REPRESENTATION_CONTEXT() REPRESENTATION_CONTEXT('2D SPACE',''
  ) );
#619 = PCURVE('',#620,#625);
#620 = PLANE('',#621);
#621 = AXIS2_PLACEMENT_3D('',#622,#623,#624);
#622 = CARTESIAN_POINT('',(39.97265625,-1.98193359375,8.7));
#623 = DIRECTION('',(-0.834376850521,-0.551194404284,0.));
#624 = DIRECTION('',(-0.551194404284,0.834376850521,0.));
#625 = DEFINITIONAL_REPRESENTATION('',(#626),#629);
#626 = B_SPLINE_CURVE_WITH_KNOTS('',1,(#627,#628),.UNSPECIFIED.,.F.,.F.,
  (2,2),(5.952305734493,7.111011029823),.PIECEWISE_BEZIER_KNOTS.);
#627 = CARTESIAN_POINT('',(1.15870529533,-0.5));
#628 = CARTESIAN_POINT('',(0.,-0.5));
#629 = ( GEOMETRIC_REPRESENTATION_CONTEXT(2) 
PARAMETRIC_REPRESENTATION_CONTEXT() REPRESENTATION_CONTEXT('2D SPACE',''
  ) );
#630 = ORIENTED_EDGE('',*,*,#631,.F.);
#631 = EDGE_CURVE('',#632,#606,#634,.T.);
#632 = VERTEX_POINT('',#633);
#633 = CARTESIAN_POINT('',(39.1640625,-0.75439453125,9.2));
#634 = SURFACE_CURVE('',#635,(#639,#645),.PCURVE_S1.);
#635 = LINE('',#636,#637);
#636 = CARTESIAN_POINT('',(35.836719900933,4.351355319042,9.2));
#637 = VECTOR('',#638,1.);
#638 = DIRECTION('',(0.545980600505,-0.837797818016,0.));
#639 = PCURVE('',#126,#640);
#640 = DEFINITIONAL_REPRESENTATION('',(#641),#644);
#641 = B_SPLINE_CURVE_WITH_KNOTS('',1,(#642,#643),.UNSPECIFIED.,.F.,.F.,
  (2,2),(6.094250594234,6.405473877338),.PIECEWISE_BEZIER_KNOTS.);
#642 = CARTESIAN_POINT('',(40.7640625,11.64560546875));
#643 = CARTESIAN_POINT('',(40.933984375,11.38486328125));
#644 = ( GEOMETRIC_REPRESENTATION_CONTEXT(2) 
PARAMETRIC_REPRESENTATION_CONTEXT() REPRESENTATION_CONTEXT('2D SPACE',''
  ) );
#645 = PCURVE('',#646,#651);
#646 = PLANE('',#647);
#647 = AXIS2_PLACEMENT_3D('',#648,#649,#650);
#648 = CARTESIAN_POINT('',(39.333984375,-1.01513671875,8.7));
#649 = DIRECTION('',(-0.837797818016,-0.545980600505,0.));
#650 = DIRECTION('',(-0.545980600505,0.837797818016,0.));
#651 = DEFINITIONAL_REPRESENTATION('',(#652),#655);
#652 = B_SPLINE_CURVE_WITH_KNOTS('',1,(#653,#654),.UNSPECIFIED.,.F.,.F.,
  (2,2),(6.094250594234,6.405473877338),.PIECEWISE_BEZIER_KNOTS.);
#653 = CARTESIAN_POINT('',(0.311223283104,-0.5));
#654 = CARTESIAN_POINT('',(0.,-0.5));
#655 = ( GEOMETRIC_REPRESENTATION_CONTEXT(2) 
PARAMETRIC_REPRESENTATION_CONTEXT() REPRESENTATION_CONTEXT('2D SPACE',''
  ) );
#656 = ORIENTED_EDGE('',*,*,#657,.F.);
#657 = EDGE_CURVE('',#268,#632,#658,.T.);
#658 = SURFACE_CURVE('',#659,(#663,#669),.PCURVE_S1.);
#659 = LINE('',#660,#661);
#660 = CARTESIAN_POINT('',(30.216819948708,-14.19129284304,9.2));
#661 = VECTOR('',#662,1.);
#662 = DIRECTION('',(0.554241682188,0.832355787945,-0.));
#663 = PCURVE('',#126,#664);
#664 = DEFINITIONAL_REPRESENTATION('',(#665),#668);
#665 = B_SPLINE_CURVE_WITH_KNOTS('',1,(#666,#667),.UNSPECIFIED.,.F.,.F.,
  (2,2),(14.668437975831,16.143214844423),.PIECEWISE_BEZIER_KNOTS.);
#666 = CARTESIAN_POINT('',(39.9466796875,10.41806640625));
#667 = CARTESIAN_POINT('',(40.7640625,11.64560546875));
#668 = ( GEOMETRIC_REPRESENTATION_CONTEXT(2) 
PARAMETRIC_REPRESENTATION_CONTEXT() REPRESENTATION_CONTEXT('2D SPACE',''
  ) );
#669 = PCURVE('',#670,#675);
#670 = PLANE('',#671);
#671 = AXIS2_PLACEMENT_3D('',#672,#673,#674);
#672 = CARTESIAN_POINT('',(39.1640625,-0.75439453125,8.7));
#673 = DIRECTION('',(0.832355787945,-0.554241682188,0.));
#674 = DIRECTION('',(-0.554241682188,-0.832355787945,0.));
#675 = DEFINITIONAL_REPRESENTATION('',(#676),#679);
#676 = B_SPLINE_CURVE_WITH_KNOTS('',1,(#677,#678),.UNSPECIFIED.,.F.,.F.,
  (2,2),(14.668437975831,16.143214844423),.PIECEWISE_BEZIER_KNOTS.);
#677 = CARTESIAN_POINT('',(1.474776868592,-0.5));
#678 = CARTESIAN_POINT('',(0.,-0.5));
#679 = ( GEOMETRIC_REPRESENTATION_CONTEXT(2) 
PARAMETRIC_REPRESENTATION_CONTEXT() REPRESENTATION_CONTEXT('2D SPACE',''
  ) );
#680 = FACE_BOUND('',#681,.T.);
#681 = EDGE_LOOP('',(#682,#710,#736,#762,#788,#839,#890,#932,#983,#1046,
    #1103,#1160,#1186,#1212,#1238,#1280,#1325,#1376,#1427,#1484,#1510,
    #1536,#1562,#1604,#1661,#1706,#1757,#1799));
#682 = ORIENTED_EDGE('',*,*,#683,.F.);
#683 = EDGE_CURVE('',#684,#686,#688,.T.);
#684 = VERTEX_POINT('',#685);
#685 = CARTESIAN_POINT('',(33.0615234375,-1.98193359375,9.2));
#686 = VERTEX_POINT('',#687);
#687 = CARTESIAN_POINT('',(33.5888671875,-1.98193359375,9.2));
#688 = SURFACE_CURVE('',#689,(#693,#699),.PCURVE_S1.);
#689 = LINE('',#690,#691);
#690 = CARTESIAN_POINT('',(15.99443359375,-1.98193359375,9.2));
#691 = VECTOR('',#692,1.);
#692 = DIRECTION('',(1.,0.,-0.));
#693 = PCURVE('',#126,#694);
#694 = DEFINITIONAL_REPRESENTATION('',(#695),#698);
#695 = B_SPLINE_CURVE_WITH_KNOTS('',1,(#696,#697),.UNSPECIFIED.,.F.,.F.,
  (2,2),(17.06708984375,17.59443359375),.PIECEWISE_BEZIER_KNOTS.);
#696 = CARTESIAN_POINT('',(34.6615234375,10.41806640625));
#697 = CARTESIAN_POINT('',(35.1888671875,10.41806640625));
#698 = ( GEOMETRIC_REPRESENTATION_CONTEXT(2) 
PARAMETRIC_REPRESENTATION_CONTEXT() REPRESENTATION_CONTEXT('2D SPACE',''
  ) );
#699 = PCURVE('',#700,#705);
#700 = PLANE('',#701);
#701 = AXIS2_PLACEMENT_3D('',#702,#703,#704);
#702 = CARTESIAN_POINT('',(33.5888671875,-1.98193359375,8.7));
#703 = DIRECTION('',(0.,-1.,0.));
#704 = DIRECTION('',(-1.,0.,0.));
#705 = DEFINITIONAL_REPRESENTATION('',(#706),#709);
#706 = B_SPLINE_CURVE_WITH_KNOTS('',1,(#707,#708),.UNSPECIFIED.,.F.,.F.,
  (2,2),(17.06708984375,17.59443359375),.PIECEWISE_BEZIER_KNOTS.);
#707 = CARTESIAN_POINT('',(0.52734375,-0.5));
#708 = CARTESIAN_POINT('',(0.,-0.5));
#709 = ( GEOMETRIC_REPRESENTATION_CONTEXT(2) 
PARAMETRIC_REPRESENTATION_CONTEXT() REPRESENTATION_CONTEXT('2D SPACE',''
  ) );
#710 = ORIENTED_EDGE('',*,*,#711,.F.);
#711 = EDGE_CURVE('',#712,#684,#714,.T.);
#712 = VERTEX_POINT('',#713);
#713 = CARTESIAN_POINT('',(33.0615234375,1.12939453125,9.2));
#714 = SURFACE_CURVE('',#715,(#719,#725),.PCURVE_S1.);
#715 = LINE('',#716,#717);
#716 = CARTESIAN_POINT('',(33.0615234375,-7.190966796875,9.2));
#717 = VECTOR('',#718,1.);
#718 = DIRECTION('',(0.,-1.,0.));
#719 = PCURVE('',#126,#720);
#720 = DEFINITIONAL_REPRESENTATION('',(#721),#724);
#721 = B_SPLINE_CURVE_WITH_KNOTS('',1,(#722,#723),.UNSPECIFIED.,.F.,.F.,
  (2,2),(-8.320361328125,-5.209033203125),.PIECEWISE_BEZIER_KNOTS.);
#722 = CARTESIAN_POINT('',(34.6615234375,13.52939453125));
#723 = CARTESIAN_POINT('',(34.6615234375,10.41806640625));
#724 = ( GEOMETRIC_REPRESENTATION_CONTEXT(2) 
PARAMETRIC_REPRESENTATION_CONTEXT() REPRESENTATION_CONTEXT('2D SPACE',''
  ) );
#725 = PCURVE('',#726,#731);
#726 = PLANE('',#727);
#727 = AXIS2_PLACEMENT_3D('',#728,#729,#730);
#728 = CARTESIAN_POINT('',(33.0615234375,-1.98193359375,8.7));
#729 = DIRECTION('',(-1.,0.,0.));
#730 = DIRECTION('',(0.,1.,0.));
#731 = DEFINITIONAL_REPRESENTATION('',(#732),#735);
#732 = B_SPLINE_CURVE_WITH_KNOTS('',1,(#733,#734),.UNSPECIFIED.,.F.,.F.,
  (2,2),(-8.320361328125,-5.209033203125),.PIECEWISE_BEZIER_KNOTS.);
#733 = CARTESIAN_POINT('',(3.111328125,-0.5));
#734 = CARTESIAN_POINT('',(0.,-0.5));
#735 = ( GEOMETRIC_REPRESENTATION_CONTEXT(2) 
PARAMETRIC_REPRESENTATION_CONTEXT() REPRESENTATION_CONTEXT('2D SPACE',''
  ) );
#736 = ORIENTED_EDGE('',*,*,#737,.F.);
#737 = EDGE_CURVE('',#738,#712,#740,.T.);
#738 = VERTEX_POINT('',#739);
#739 = CARTESIAN_POINT('',(33.533203125,1.12939453125,9.2));
#740 = SURFACE_CURVE('',#741,(#745,#751),.PCURVE_S1.);
#741 = LINE('',#742,#743);
#742 = CARTESIAN_POINT('',(15.73076171875,1.12939453125,9.2));
#743 = VECTOR('',#744,1.);
#744 = DIRECTION('',(-1.,0.,0.));
#745 = PCURVE('',#126,#746);
#746 = DEFINITIONAL_REPRESENTATION('',(#747),#750);
#747 = B_SPLINE_CURVE_WITH_KNOTS('',1,(#748,#749),.UNSPECIFIED.,.F.,.F.,
  (2,2),(-17.80244140625,-17.33076171875),.PIECEWISE_BEZIER_KNOTS.);
#748 = CARTESIAN_POINT('',(35.133203125,13.52939453125));
#749 = CARTESIAN_POINT('',(34.6615234375,13.52939453125));
#750 = ( GEOMETRIC_REPRESENTATION_CONTEXT(2) 
PARAMETRIC_REPRESENTATION_CONTEXT() REPRESENTATION_CONTEXT('2D SPACE',''
  ) );
#751 = PCURVE('',#752,#757);
#752 = PLANE('',#753);
#753 = AXIS2_PLACEMENT_3D('',#754,#755,#756);
#754 = CARTESIAN_POINT('',(33.0615234375,1.12939453125,8.7));
#755 = DIRECTION('',(0.,1.,0.));
#756 = DIRECTION('',(1.,0.,0.));
#757 = DEFINITIONAL_REPRESENTATION('',(#758),#761);
#758 = B_SPLINE_CURVE_WITH_KNOTS('',1,(#759,#760),.UNSPECIFIED.,.F.,.F.,
  (2,2),(-17.80244140625,-17.33076171875),.PIECEWISE_BEZIER_KNOTS.);
#759 = CARTESIAN_POINT('',(0.4716796875,-0.5));
#760 = CARTESIAN_POINT('',(0.,-0.5));
#761 = ( GEOMETRIC_REPRESENTATION_CONTEXT(2) 
PARAMETRIC_REPRESENTATION_CONTEXT() REPRESENTATION_CONTEXT('2D SPACE',''
  ) );
#762 = ORIENTED_EDGE('',*,*,#763,.F.);
#763 = EDGE_CURVE('',#764,#738,#766,.T.);
#764 = VERTEX_POINT('',#765);
#765 = CARTESIAN_POINT('',(33.533203125,0.69287109375,9.2));
#766 = SURFACE_CURVE('',#767,(#771,#777),.PCURVE_S1.);
#767 = LINE('',#768,#769);
#768 = CARTESIAN_POINT('',(33.533203125,-5.635302734375,9.2));
#769 = VECTOR('',#770,1.);
#770 = DIRECTION('',(0.,1.,0.));
#771 = PCURVE('',#126,#772);
#772 = DEFINITIONAL_REPRESENTATION('',(#773),#776);
#773 = B_SPLINE_CURVE_WITH_KNOTS('',1,(#774,#775),.UNSPECIFIED.,.F.,.F.,
  (2,2),(6.328173828125,6.764697265625),.PIECEWISE_BEZIER_KNOTS.);
#774 = CARTESIAN_POINT('',(35.133203125,13.09287109375));
#775 = CARTESIAN_POINT('',(35.133203125,13.52939453125));
#776 = ( GEOMETRIC_REPRESENTATION_CONTEXT(2) 
PARAMETRIC_REPRESENTATION_CONTEXT() REPRESENTATION_CONTEXT('2D SPACE',''
  ) );
#777 = PCURVE('',#778,#783);
#778 = PLANE('',#779);
#779 = AXIS2_PLACEMENT_3D('',#780,#781,#782);
#780 = CARTESIAN_POINT('',(33.533203125,1.12939453125,8.7));
#781 = DIRECTION('',(1.,0.,0.));
#782 = DIRECTION('',(0.,-1.,0.));
#783 = DEFINITIONAL_REPRESENTATION('',(#784),#787);
#784 = B_SPLINE_CURVE_WITH_KNOTS('',1,(#785,#786),.UNSPECIFIED.,.F.,.F.,
  (2,2),(6.328173828125,6.764697265625),.PIECEWISE_BEZIER_KNOTS.);
#785 = CARTESIAN_POINT('',(0.4365234375,-0.5));
#786 = CARTESIAN_POINT('',(0.,-0.5));
#787 = ( GEOMETRIC_REPRESENTATION_CONTEXT(2) 
PARAMETRIC_REPRESENTATION_CONTEXT() REPRESENTATION_CONTEXT('2D SPACE',''
  ) );
#788 = ORIENTED_EDGE('',*,*,#789,.F.);
#789 = EDGE_CURVE('',#790,#764,#792,.T.);
#790 = VERTEX_POINT('',#791);
#791 = CARTESIAN_POINT('',(33.9228515625,1.060546875,9.2));
#792 = SURFACE_CURVE('',#793,(#804,#818),.PCURVE_S1.);
#793 = B_SPLINE_CURVE_WITH_KNOTS('',5,(#794,#795,#796,#797,#798,#799,
    #800,#801,#802,#803),.UNSPECIFIED.,.F.,.F.,(6,4,6),(0.,
    0.639571322735,1.),.UNSPECIFIED.);
#794 = CARTESIAN_POINT('',(33.9228515625,1.060546875,9.2));
#795 = CARTESIAN_POINT('',(33.861147336883,1.025234215761,9.2));
#796 = CARTESIAN_POINT('',(33.803002876156,0.986135977599,9.2));
#797 = CARTESIAN_POINT('',(33.748604743376,0.943233887637,9.2));
#798 = CARTESIAN_POINT('',(33.698095808859,0.896561366306,9.2));
#799 = CARTESIAN_POINT('',(33.625341496869,0.817841630822,9.2));
#800 = CARTESIAN_POINT('',(33.600381617853,0.788301498121,9.2));
#801 = CARTESIAN_POINT('',(33.57670007267,0.757610954359,9.2));
#802 = CARTESIAN_POINT('',(33.554306184043,0.725791865858,9.2));
#803 = CARTESIAN_POINT('',(33.533203125,0.69287109375,9.2));
#804 = PCURVE('',#126,#805);
#805 = DEFINITIONAL_REPRESENTATION('',(#806),#817);
#806 = B_SPLINE_CURVE_WITH_KNOTS('',5,(#807,#808,#809,#810,#811,#812,
    #813,#814,#815,#816),.UNSPECIFIED.,.F.,.F.,(6,4,6),(0.,
    0.639571322735,1.),.UNSPECIFIED.);
#807 = CARTESIAN_POINT('',(35.5228515625,13.460546875));
#808 = CARTESIAN_POINT('',(35.461147336883,13.425234215761));
#809 = CARTESIAN_POINT('',(35.403002876156,13.386135977599));
#810 = CARTESIAN_POINT('',(35.348604743376,13.343233887637));
#811 = CARTESIAN_POINT('',(35.298095808859,13.296561366306));
#812 = CARTESIAN_POINT('',(35.225341496869,13.217841630822));
#813 = CARTESIAN_POINT('',(35.200381617853,13.188301498121));
#814 = CARTESIAN_POINT('',(35.17670007267,13.157610954359));
#815 = CARTESIAN_POINT('',(35.154306184043,13.125791865858));
#816 = CARTESIAN_POINT('',(35.133203125,13.09287109375));
#817 = ( GEOMETRIC_REPRESENTATION_CONTEXT(2) 
PARAMETRIC_REPRESENTATION_CONTEXT() REPRESENTATION_CONTEXT('2D SPACE',''
  ) );
#818 = PCURVE('',#819,#826);
#819 = SURFACE_OF_LINEAR_EXTRUSION('',#820,#824);
#820 = B_SPLINE_CURVE_WITH_KNOTS('',2,(#821,#822,#823),.UNSPECIFIED.,.F.
  ,.F.,(3,3),(0.,1.),.PIECEWISE_BEZIER_KNOTS.);
#821 = CARTESIAN_POINT('',(33.533203125,0.69287109375,8.7));
#822 = CARTESIAN_POINT('',(33.6796875,0.92138671875,8.7));
#823 = CARTESIAN_POINT('',(33.9228515625,1.060546875,8.7));
#824 = VECTOR('',#825,1.);
#825 = DIRECTION('',(-0.,-0.,-1.));
#826 = DEFINITIONAL_REPRESENTATION('',(#827),#838);
#827 = B_SPLINE_CURVE_WITH_KNOTS('',5,(#828,#829,#830,#831,#832,#833,
    #834,#835,#836,#837),.UNSPECIFIED.,.F.,.F.,(6,4,6),(0.,
    0.639571322735,1.),.UNSPECIFIED.);
#828 = CARTESIAN_POINT('',(1.,-0.5));
#829 = CARTESIAN_POINT('',(0.873122234876,-0.5));
#830 = CARTESIAN_POINT('',(0.745563665249,-0.5));
#831 = CARTESIAN_POINT('',(0.617536101331,-0.5));
#832 = CARTESIAN_POINT('',(0.489266894059,-0.5));
#833 = CARTESIAN_POINT('',(0.288715541146,-0.5));
#834 = CARTESIAN_POINT('',(0.216430955244,-0.5));
#835 = CARTESIAN_POINT('',(0.144189072105,-0.5));
#836 = CARTESIAN_POINT('',(7.203177486834E-02,-0.5));
#837 = CARTESIAN_POINT('',(0.,-0.5));
#838 = ( GEOMETRIC_REPRESENTATION_CONTEXT(2) 
PARAMETRIC_REPRESENTATION_CONTEXT() REPRESENTATION_CONTEXT('2D SPACE',''
  ) );
#839 = ORIENTED_EDGE('',*,*,#840,.F.);
#840 = EDGE_CURVE('',#841,#790,#843,.T.);
#841 = VERTEX_POINT('',#842);
#842 = CARTESIAN_POINT('',(34.4765625,1.19970703125,9.2));
#843 = SURFACE_CURVE('',#844,(#855,#869),.PCURVE_S1.);
#844 = B_SPLINE_CURVE_WITH_KNOTS('',5,(#845,#846,#847,#848,#849,#850,
    #851,#852,#853,#854),.UNSPECIFIED.,.F.,.F.,(6,4,6),(0.,
    0.876971021884,1.),.UNSPECIFIED.);
#845 = CARTESIAN_POINT('',(34.4765625,1.19970703125,9.2));
#846 = CARTESIAN_POINT('',(34.369689232079,1.19970703125,9.2));
#847 = CARTESIAN_POINT('',(34.266402741902,1.189406045533,9.2));
#848 = CARTESIAN_POINT('',(34.167355120516,1.168263940834,9.2));
#849 = CARTESIAN_POINT('',(34.073135702325,1.136027167524,9.2));
#850 = CARTESIAN_POINT('',(33.971714592641,1.086871266975,9.2));
#851 = CARTESIAN_POINT('',(33.959340522732,1.080609621751,9.2));
#852 = CARTESIAN_POINT('',(33.9470712847,1.074134498748,9.2));
#853 = CARTESIAN_POINT('',(33.934907963451,1.067446622532,9.2));
#854 = CARTESIAN_POINT('',(33.9228515625,1.060546875,9.2));
#855 = PCURVE('',#126,#856);
#856 = DEFINITIONAL_REPRESENTATION('',(#857),#868);
#857 = B_SPLINE_CURVE_WITH_KNOTS('',5,(#858,#859,#860,#861,#862,#863,
    #864,#865,#866,#867),.UNSPECIFIED.,.F.,.F.,(6,4,6),(0.,
    0.876971021884,1.),.UNSPECIFIED.);
#858 = CARTESIAN_POINT('',(36.0765625,13.59970703125));
#859 = CARTESIAN_POINT('',(35.969689232079,13.59970703125));
#860 = CARTESIAN_POINT('',(35.866402741902,13.589406045533));
#861 = CARTESIAN_POINT('',(35.767355120516,13.568263940834));
#862 = CARTESIAN_POINT('',(35.673135702325,13.536027167524));
#863 = CARTESIAN_POINT('',(35.571714592641,13.486871266975));
#864 = CARTESIAN_POINT('',(35.559340522732,13.480609621751));
#865 = CARTESIAN_POINT('',(35.5470712847,13.474134498748));
#866 = CARTESIAN_POINT('',(35.534907963451,13.467446622532));
#867 = CARTESIAN_POINT('',(35.5228515625,13.460546875));
#868 = ( GEOMETRIC_REPRESENTATION_CONTEXT(2) 
PARAMETRIC_REPRESENTATION_CONTEXT() REPRESENTATION_CONTEXT('2D SPACE',''
  ) );
#869 = PCURVE('',#870,#877);
#870 = SURFACE_OF_LINEAR_EXTRUSION('',#871,#875);
#871 = B_SPLINE_CURVE_WITH_KNOTS('',2,(#872,#873,#874),.UNSPECIFIED.,.F.
  ,.F.,(3,3),(0.,1.),.PIECEWISE_BEZIER_KNOTS.);
#872 = CARTESIAN_POINT('',(33.9228515625,1.060546875,8.7));
#873 = CARTESIAN_POINT('',(34.166015625,1.19970703125,8.7));
#874 = CARTESIAN_POINT('',(34.4765625,1.19970703125,8.7));
#875 = VECTOR('',#876,1.);
#876 = DIRECTION('',(-0.,-0.,-1.));
#877 = DEFINITIONAL_REPRESENTATION('',(#878),#889);
#878 = B_SPLINE_CURVE_WITH_KNOTS('',5,(#879,#880,#881,#882,#883,#884,
    #885,#886,#887,#888),.UNSPECIFIED.,.F.,.F.,(6,4,6),(0.,
    0.876971021884,1.),.UNSPECIFIED.);
#879 = CARTESIAN_POINT('',(1.,-0.5));
#880 = CARTESIAN_POINT('',(0.827927317058,-0.5));
#881 = CARTESIAN_POINT('',(0.653598826564,-0.5));
#882 = CARTESIAN_POINT('',(0.477643343146,-0.5));
#883 = CARTESIAN_POINT('',(0.300812062583,-0.5));
#884 = CARTESIAN_POINT('',(9.919529512919E-02,-0.5));
#885 = CARTESIAN_POINT('',(7.439062685102E-02,-0.5));
#886 = CARTESIAN_POINT('',(4.958831520401E-02,-0.5));
#887 = CARTESIAN_POINT('',(2.479067183517E-02,-0.5));
#888 = CARTESIAN_POINT('',(0.,-0.5));
#889 = ( GEOMETRIC_REPRESENTATION_CONTEXT(2) 
PARAMETRIC_REPRESENTATION_CONTEXT() REPRESENTATION_CONTEXT('2D SPACE',''
  ) );
#890 = ORIENTED_EDGE('',*,*,#891,.F.);
#891 = EDGE_CURVE('',#892,#841,#894,.T.);
#892 = VERTEX_POINT('',#893);
#893 = CARTESIAN_POINT('',(35.04345703125,1.05615234375,9.2));
#894 = SURFACE_CURVE('',#895,(#903,#914),.PCURVE_S1.);
#895 = B_SPLINE_CURVE_WITH_KNOTS('',6,(#896,#897,#898,#899,#900,#901,
    #902),.UNSPECIFIED.,.F.,.F.,(7,7),(0.,1.),.PIECEWISE_BEZIER_KNOTS.);
#896 = CARTESIAN_POINT('',(35.04345703125,1.05615234375,9.2));
#897 = CARTESIAN_POINT('',(34.967588318556,1.10539164073,9.2));
#898 = CARTESIAN_POINT('',(34.883258384243,1.14428465843,9.2));
#899 = CARTESIAN_POINT('',(34.791093331644,1.172681413383,9.2));
#900 = CARTESIAN_POINT('',(34.691965140977,1.190945776784,9.2));
#901 = CARTESIAN_POINT('',(34.58681833749,1.19970703125,9.2));
#902 = CARTESIAN_POINT('',(34.4765625,1.19970703125,9.2));
#903 = PCURVE('',#126,#904);
#904 = DEFINITIONAL_REPRESENTATION('',(#905),#913);
#905 = B_SPLINE_CURVE_WITH_KNOTS('',6,(#906,#907,#908,#909,#910,#911,
    #912),.UNSPECIFIED.,.F.,.F.,(7,7),(0.,1.),.PIECEWISE_BEZIER_KNOTS.);
#906 = CARTESIAN_POINT('',(36.64345703125,13.45615234375));
#907 = CARTESIAN_POINT('',(36.567588318556,13.50539164073));
#908 = CARTESIAN_POINT('',(36.483258384243,13.54428465843));
#909 = CARTESIAN_POINT('',(36.391093331644,13.572681413383));
#910 = CARTESIAN_POINT('',(36.291965140977,13.590945776784));
#911 = CARTESIAN_POINT('',(36.18681833749,13.59970703125));
#912 = CARTESIAN_POINT('',(36.0765625,13.59970703125));
#913 = ( GEOMETRIC_REPRESENTATION_CONTEXT(2) 
PARAMETRIC_REPRESENTATION_CONTEXT() REPRESENTATION_CONTEXT('2D SPACE',''
  ) );
#914 = PCURVE('',#915,#922);
#915 = SURFACE_OF_LINEAR_EXTRUSION('',#916,#920);
#916 = B_SPLINE_CURVE_WITH_KNOTS('',2,(#917,#918,#919),.UNSPECIFIED.,.F.
  ,.F.,(3,3),(0.,1.),.PIECEWISE_BEZIER_KNOTS.);
#917 = CARTESIAN_POINT('',(34.4765625,1.19970703125,8.7));
#918 = CARTESIAN_POINT('',(34.822265625,1.19970703125,8.7));
#919 = CARTESIAN_POINT('',(35.04345703125,1.05615234375,8.7));
#920 = VECTOR('',#921,1.);
#921 = DIRECTION('',(-0.,-0.,-1.));
#922 = DEFINITIONAL_REPRESENTATION('',(#923),#931);
#923 = B_SPLINE_CURVE_WITH_KNOTS('',6,(#924,#925,#926,#927,#928,#929,
    #930),.UNSPECIFIED.,.F.,.F.,(7,7),(0.,1.),.PIECEWISE_BEZIER_KNOTS.);
#924 = CARTESIAN_POINT('',(1.,-0.5));
#925 = CARTESIAN_POINT('',(0.828499863578,-0.5));
#926 = CARTESIAN_POINT('',(0.657741103221,-0.5));
#927 = CARTESIAN_POINT('',(0.488817418948,-0.5));
#928 = CARTESIAN_POINT('',(0.322533515162,-0.5));
#929 = CARTESIAN_POINT('',(0.159466070042,-0.5));
#930 = CARTESIAN_POINT('',(0.,-0.5));
#931 = ( GEOMETRIC_REPRESENTATION_CONTEXT(2) 
PARAMETRIC_REPRESENTATION_CONTEXT() REPRESENTATION_CONTEXT('2D SPACE',''
  ) );
#932 = ORIENTED_EDGE('',*,*,#933,.F.);
#933 = EDGE_CURVE('',#934,#892,#936,.T.);
#934 = VERTEX_POINT('',#935);
#935 = CARTESIAN_POINT('',(35.35546875,0.65478515625,9.2));
#936 = SURFACE_CURVE('',#937,(#948,#962),.PCURVE_S1.);
#937 = B_SPLINE_CURVE_WITH_KNOTS('',5,(#938,#939,#940,#941,#942,#943,
    #944,#945,#946,#947),.UNSPECIFIED.,.F.,.F.,(6,4,6),(0.,
    0.586658304432,1.),.UNSPECIFIED.);
#938 = CARTESIAN_POINT('',(35.35546875,0.65478515625,9.2));
#939 = CARTESIAN_POINT('',(35.334407796266,0.714571089431,9.2));
#940 = CARTESIAN_POINT('',(35.308798531238,0.770989559948,9.2));
#941 = CARTESIAN_POINT('',(35.2785523551,0.823776910785,9.2));
#942 = CARTESIAN_POINT('',(35.243667612802,0.872725256444,9.2));
#943 = CARTESIAN_POINT('',(35.176491914677,0.949397611859,9.2));
#944 = CARTESIAN_POINT('',(35.146478232063,0.979120712981,9.2));
#945 = CARTESIAN_POINT('',(35.114256882076,1.006831144318,9.2));
#946 = CARTESIAN_POINT('',(35.079888934624,1.03250779719,9.2));
#947 = CARTESIAN_POINT('',(35.04345703125,1.05615234375,9.2));
#948 = PCURVE('',#126,#949);
#949 = DEFINITIONAL_REPRESENTATION('',(#950),#961);
#950 = B_SPLINE_CURVE_WITH_KNOTS('',5,(#951,#952,#953,#954,#955,#956,
    #957,#958,#959,#960),.UNSPECIFIED.,.F.,.F.,(6,4,6),(0.,
    0.586658304432,1.),.UNSPECIFIED.);
#951 = CARTESIAN_POINT('',(36.95546875,13.05478515625));
#952 = CARTESIAN_POINT('',(36.934407796266,13.114571089431));
#953 = CARTESIAN_POINT('',(36.908798531238,13.170989559948));
#954 = CARTESIAN_POINT('',(36.8785523551,13.223776910785));
#955 = CARTESIAN_POINT('',(36.843667612802,13.272725256444));
#956 = CARTESIAN_POINT('',(36.776491914677,13.349397611859));
#957 = CARTESIAN_POINT('',(36.746478232063,13.379120712981));
#958 = CARTESIAN_POINT('',(36.714256882076,13.406831144318));
#959 = CARTESIAN_POINT('',(36.679888934624,13.43250779719));
#960 = CARTESIAN_POINT('',(36.64345703125,13.45615234375));
#961 = ( GEOMETRIC_REPRESENTATION_CONTEXT(2) 
PARAMETRIC_REPRESENTATION_CONTEXT() REPRESENTATION_CONTEXT('2D SPACE',''
  ) );
#962 = PCURVE('',#963,#970);
#963 = SURFACE_OF_LINEAR_EXTRUSION('',#964,#968);
#964 = B_SPLINE_CURVE_WITH_KNOTS('',2,(#965,#966,#967),.UNSPECIFIED.,.F.
  ,.F.,(3,3),(0.,1.),.PIECEWISE_BEZIER_KNOTS.);
#965 = CARTESIAN_POINT('',(35.04345703125,1.05615234375,8.7));
#966 = CARTESIAN_POINT('',(35.2646484375,0.91259765625,8.7));
#967 = CARTESIAN_POINT('',(35.35546875,0.65478515625,8.7));
#968 = VECTOR('',#969,1.);
#969 = DIRECTION('',(-0.,-0.,-1.));
#970 = DEFINITIONAL_REPRESENTATION('',(#971),#982);
#971 = B_SPLINE_CURVE_WITH_KNOTS('',5,(#972,#973,#974,#975,#976,#977,
    #978,#979,#980,#981),.UNSPECIFIED.,.F.,.F.,(6,4,6),(0.,
    0.586658304432,1.),.UNSPECIFIED.);
#972 = CARTESIAN_POINT('',(1.,-0.5));
#973 = CARTESIAN_POINT('',(0.884051523527,-0.5));
#974 = CARTESIAN_POINT('',(0.767186207343,-0.5));
#975 = CARTESIAN_POINT('',(0.649679693744,-0.5));
#976 = CARTESIAN_POINT('',(0.531837895909,-0.5));
#977 = CARTESIAN_POINT('',(0.330974983002,-0.5));
#978 = CARTESIAN_POINT('',(0.247949008993,-0.5));
#979 = CARTESIAN_POINT('',(0.165038414904,-0.5));
#980 = CARTESIAN_POINT('',(8.23537948228E-02,-0.5));
#981 = CARTESIAN_POINT('',(0.,-0.5));
#982 = ( GEOMETRIC_REPRESENTATION_CONTEXT(2) 
PARAMETRIC_REPRESENTATION_CONTEXT() REPRESENTATION_CONTEXT('2D SPACE',''
  ) );
#983 = ORIENTED_EDGE('',*,*,#984,.F.);
#984 = EDGE_CURVE('',#985,#934,#987,.T.);
#985 = VERTEX_POINT('',#986);
#986 = CARTESIAN_POINT('',(36.31640625,1.19970703125,9.2));
#987 = SURFACE_CURVE('',#988,(#1003,#1021),.PCURVE_S1.);
#988 = B_SPLINE_CURVE_WITH_KNOTS('',5,(#989,#990,#991,#992,#993,#994,
    #995,#996,#997,#998,#999,#1000,#1001,#1002),.UNSPECIFIED.,.F.,.F.,(6
    ,4,4,6),(0.,0.374510245937,0.776460008012,1.),.UNSPECIFIED.);
#989 = CARTESIAN_POINT('',(36.31640625,1.19970703125,9.2));
#990 = CARTESIAN_POINT('',(36.229005413799,1.19970703125,9.2));
#991 = CARTESIAN_POINT('',(36.142843113369,1.19227834595,9.2));
#992 = CARTESIAN_POINT('',(36.058610454427,1.176811481121,9.2));
#993 = CARTESIAN_POINT('',(35.977037448338,1.152965639649,9.2));
#994 = CARTESIAN_POINT('',(35.814814073901,1.086734423699,9.2));
#995 = CARTESIAN_POINT('',(35.734627485444,1.043101522063,9.2));
#996 = CARTESIAN_POINT('',(35.659072422003,0.990454143104,9.2));
#997 = CARTESIAN_POINT('',(35.588458662208,0.929769589249,9.2));
#998 = CARTESIAN_POINT('',(35.486322536899,0.824620840445,9.2));
#999 = CARTESIAN_POINT('',(35.451353291016,0.784905026937,9.2));
#1000 = CARTESIAN_POINT('',(35.417913635577,0.743238200858,9.2));
#1001 = CARTESIAN_POINT('',(35.385968618694,0.699808771941,9.2));
#1002 = CARTESIAN_POINT('',(35.35546875,0.65478515625,9.2));
#1003 = PCURVE('',#126,#1004);
#1004 = DEFINITIONAL_REPRESENTATION('',(#1005),#1020);
#1005 = B_SPLINE_CURVE_WITH_KNOTS('',5,(#1006,#1007,#1008,#1009,#1010,
    #1011,#1012,#1013,#1014,#1015,#1016,#1017,#1018,#1019),
  .UNSPECIFIED.,.F.,.F.,(6,4,4,6),(0.,0.374510245937,0.776460008012,1.),
  .UNSPECIFIED.);
#1006 = CARTESIAN_POINT('',(37.91640625,13.59970703125));
#1007 = CARTESIAN_POINT('',(37.829005413799,13.59970703125));
#1008 = CARTESIAN_POINT('',(37.742843113369,13.59227834595));
#1009 = CARTESIAN_POINT('',(37.658610454427,13.576811481121));
#1010 = CARTESIAN_POINT('',(37.577037448338,13.552965639649));
#1011 = CARTESIAN_POINT('',(37.414814073901,13.486734423699));
#1012 = CARTESIAN_POINT('',(37.334627485444,13.443101522063));
#1013 = CARTESIAN_POINT('',(37.259072422003,13.390454143104));
#1014 = CARTESIAN_POINT('',(37.188458662208,13.329769589249));
#1015 = CARTESIAN_POINT('',(37.086322536899,13.224620840445));
#1016 = CARTESIAN_POINT('',(37.051353291016,13.184905026937));
#1017 = CARTESIAN_POINT('',(37.017913635577,13.143238200858));
#1018 = CARTESIAN_POINT('',(36.985968618694,13.099808771941));
#1019 = CARTESIAN_POINT('',(36.95546875,13.05478515625));
#1020 = ( GEOMETRIC_REPRESENTATION_CONTEXT(2) 
PARAMETRIC_REPRESENTATION_CONTEXT() REPRESENTATION_CONTEXT('2D SPACE',''
  ) );
#1021 = PCURVE('',#1022,#1029);
#1022 = SURFACE_OF_LINEAR_EXTRUSION('',#1023,#1027);
#1023 = B_SPLINE_CURVE_WITH_KNOTS('',2,(#1024,#1025,#1026),
  .UNSPECIFIED.,.F.,.F.,(3,3),(0.,1.),.PIECEWISE_BEZIER_KNOTS.);
#1024 = CARTESIAN_POINT('',(35.35546875,0.65478515625,8.7));
#1025 = CARTESIAN_POINT('',(35.724609375,1.19970703125,8.7));
#1026 = CARTESIAN_POINT('',(36.31640625,1.19970703125,8.7));
#1027 = VECTOR('',#1028,1.);
#1028 = DIRECTION('',(-0.,-0.,-1.));
#1029 = DEFINITIONAL_REPRESENTATION('',(#1030),#1045);
#1030 = B_SPLINE_CURVE_WITH_KNOTS('',5,(#1031,#1032,#1033,#1034,#1035,
    #1036,#1037,#1038,#1039,#1040,#1041,#1042,#1043,#1044),
  .UNSPECIFIED.,.F.,.F.,(6,4,4,6),(0.,0.374510245937,0.776460008012,1.),
  .UNSPECIFIED.);
#1031 = CARTESIAN_POINT('',(1.,-0.5));
#1032 = CARTESIAN_POINT('',(0.926156389217,-0.5));
#1033 = CARTESIAN_POINT('',(0.850794655328,-0.5));
#1034 = CARTESIAN_POINT('',(0.774288292251,-0.5));
#1035 = CARTESIAN_POINT('',(0.697136424733,-0.5));
#1036 = CARTESIAN_POINT('',(0.537211964412,-0.5));
#1037 = CARTESIAN_POINT('',(0.454400538702,-0.5));
#1038 = CARTESIAN_POINT('',(0.37239022418,-0.5));
#1039 = CARTESIAN_POINT('',(0.291780133931,-0.5));
#1040 = CARTESIAN_POINT('',(0.169187284657,-0.5));
#1041 = CARTESIAN_POINT('',(0.125931553801,-0.5));
#1042 = CARTESIAN_POINT('',(8.32946184665E-02,-0.5));
#1043 = CARTESIAN_POINT('',(4.131199145865E-02,-0.5));
#1044 = CARTESIAN_POINT('',(0.,-0.5));
#1045 = ( GEOMETRIC_REPRESENTATION_CONTEXT(2) 
PARAMETRIC_REPRESENTATION_CONTEXT() REPRESENTATION_CONTEXT('2D SPACE',''
  ) );
#1046 = ORIENTED_EDGE('',*,*,#1047,.F.);
#1047 = EDGE_CURVE('',#1048,#985,#1050,.T.);
#1048 = VERTEX_POINT('',#1049);
#1049 = CARTESIAN_POINT('',(37.0283203125,0.943359375,9.2));
#1050 = SURFACE_CURVE('',#1051,(#1064,#1080),.PCURVE_S1.);
#1051 = B_SPLINE_CURVE_WITH_KNOTS('',6,(#1052,#1053,#1054,#1055,#1056,
    #1057,#1058,#1059,#1060,#1061,#1062,#1063),.UNSPECIFIED.,.F.,.F.,(7,
    5,7),(0.,0.108431335982,1.),.UNSPECIFIED.);
#1052 = CARTESIAN_POINT('',(37.0283203125,0.943359375,9.2));
#1053 = CARTESIAN_POINT('',(37.019034880577,0.952917907861,9.2));
#1054 = CARTESIAN_POINT('',(37.00956418475,0.962269650349,9.2));
#1055 = CARTESIAN_POINT('',(36.999909426586,0.971412259889,9.2));
#1056 = CARTESIAN_POINT('',(36.990072042237,0.980343644567,9.2));
#1057 = CARTESIAN_POINT('',(36.980053702436,0.989061963134,9.2));
#1058 = CARTESIAN_POINT('',(36.886009025739,1.067486357607,9.2));
#1059 = CARTESIAN_POINT('',(36.790015856486,1.122928868903,9.2));
#1060 = CARTESIAN_POINT('',(36.683083458716,1.162840455701,9.2));
#1061 = CARTESIAN_POINT('',(36.567179756843,1.187955474607,9.2));
#1062 = CARTESIAN_POINT('',(36.444354485379,1.19970703125,9.2));
#1063 = CARTESIAN_POINT('',(36.31640625,1.19970703125,9.2));
#1064 = PCURVE('',#126,#1065);
#1065 = DEFINITIONAL_REPRESENTATION('',(#1066),#1079);
#1066 = B_SPLINE_CURVE_WITH_KNOTS('',6,(#1067,#1068,#1069,#1070,#1071,
    #1072,#1073,#1074,#1075,#1076,#1077,#1078),.UNSPECIFIED.,.F.,.F.,(7,
    5,7),(0.,0.108431335982,1.),.UNSPECIFIED.);
#1067 = CARTESIAN_POINT('',(38.6283203125,13.343359375));
#1068 = CARTESIAN_POINT('',(38.619034880577,13.352917907861));
#1069 = CARTESIAN_POINT('',(38.60956418475,13.362269650349));
#1070 = CARTESIAN_POINT('',(38.599909426586,13.371412259889));
#1071 = CARTESIAN_POINT('',(38.590072042237,13.380343644567));
#1072 = CARTESIAN_POINT('',(38.580053702436,13.389061963134));
#1073 = CARTESIAN_POINT('',(38.486009025739,13.467486357607));
#1074 = CARTESIAN_POINT('',(38.390015856486,13.522928868903));
#1075 = CARTESIAN_POINT('',(38.283083458716,13.562840455701));
#1076 = CARTESIAN_POINT('',(38.167179756843,13.587955474607));
#1077 = CARTESIAN_POINT('',(38.044354485379,13.59970703125));
#1078 = CARTESIAN_POINT('',(37.91640625,13.59970703125));
#1079 = ( GEOMETRIC_REPRESENTATION_CONTEXT(2) 
PARAMETRIC_REPRESENTATION_CONTEXT() REPRESENTATION_CONTEXT('2D SPACE',''
  ) );
#1080 = PCURVE('',#1081,#1088);
#1081 = SURFACE_OF_LINEAR_EXTRUSION('',#1082,#1086);
#1082 = B_SPLINE_CURVE_WITH_KNOTS('',2,(#1083,#1084,#1085),
  .UNSPECIFIED.,.F.,.F.,(3,3),(0.,1.),.PIECEWISE_BEZIER_KNOTS.);
#1083 = CARTESIAN_POINT('',(36.31640625,1.19970703125,8.7));
#1084 = CARTESIAN_POINT('',(36.779296875,1.19970703125,8.7));
#1085 = CARTESIAN_POINT('',(37.0283203125,0.943359375,8.7));
#1086 = VECTOR('',#1087,1.);
#1087 = DIRECTION('',(-0.,-0.,-1.));
#1088 = DEFINITIONAL_REPRESENTATION('',(#1089),#1102);
#1089 = B_SPLINE_CURVE_WITH_KNOTS('',6,(#1090,#1091,#1092,#1093,#1094,
    #1095,#1096,#1097,#1098,#1099,#1100,#1101),.UNSPECIFIED.,.F.,.F.,(7,
    5,7),(0.,0.108431335982,1.),.UNSPECIFIED.);
#1090 = CARTESIAN_POINT('',(1.,-0.5));
#1091 = CARTESIAN_POINT('',(0.981356309238,-0.5));
#1092 = CARTESIAN_POINT('',(0.962698855343,-0.5));
#1093 = CARTESIAN_POINT('',(0.944031047269,-0.5));
#1094 = CARTESIAN_POINT('',(0.925356321468,-0.5));
#1095 = CARTESIAN_POINT('',(0.906678141894,-0.5));
#1096 = CARTESIAN_POINT('',(0.734420355665,-0.5));
#1097 = CARTESIAN_POINT('',(0.580768438011,-0.5));
#1098 = CARTESIAN_POINT('',(0.429296300861,-0.5));
#1099 = CARTESIAN_POINT('',(0.281467855037,-0.5));
#1100 = CARTESIAN_POINT('',(0.138205688848,-0.5));
#1101 = CARTESIAN_POINT('',(0.,-0.5));
#1102 = ( GEOMETRIC_REPRESENTATION_CONTEXT(2) 
PARAMETRIC_REPRESENTATION_CONTEXT() REPRESENTATION_CONTEXT('2D SPACE',''
  ) );
#1103 = ORIENTED_EDGE('',*,*,#1104,.F.);
#1104 = EDGE_CURVE('',#1105,#1048,#1107,.T.);
#1105 = VERTEX_POINT('',#1106);
#1106 = CARTESIAN_POINT('',(37.27734375,0.15380859375,9.2));
#1107 = SURFACE_CURVE('',#1108,(#1121,#1137),.PCURVE_S1.);
#1108 = B_SPLINE_CURVE_WITH_KNOTS('',6,(#1109,#1110,#1111,#1112,#1113,
    #1114,#1115,#1116,#1117,#1118,#1119,#1120),.UNSPECIFIED.,.F.,.F.,(7,
    5,7),(0.,0.522564090491,1.),.UNSPECIFIED.);
#1109 = CARTESIAN_POINT('',(37.27734375,0.15380859375,9.2));
#1110 = CARTESIAN_POINT('',(37.27734375,0.237288402861,9.2));
#1111 = CARTESIAN_POINT('',(37.273681379899,0.318860284545,9.2));
#1112 = CARTESIAN_POINT('',(37.266000265599,0.398180967131,9.2));
#1113 = CARTESIAN_POINT('',(37.253914921146,0.474803264956,9.2));
#1114 = CARTESIAN_POINT('',(37.237040633999,0.548194741687,9.2));
#1115 = CARTESIAN_POINT('',(37.195030967101,0.681390097323,9.2));
#1116 = CARTESIAN_POINT('',(37.170732255502,0.741827380441,9.2));
#1117 = CARTESIAN_POINT('',(37.141980665088,0.798652911639,9.2));
#1118 = CARTESIAN_POINT('',(37.108636207635,0.851419738356,9.2));
#1119 = CARTESIAN_POINT('',(37.070689340969,0.899744198635,9.2));
#1120 = CARTESIAN_POINT('',(37.0283203125,0.943359375,9.2));
#1121 = PCURVE('',#126,#1122);
#1122 = DEFINITIONAL_REPRESENTATION('',(#1123),#1136);
#1123 = B_SPLINE_CURVE_WITH_KNOTS('',6,(#1124,#1125,#1126,#1127,#1128,
    #1129,#1130,#1131,#1132,#1133,#1134,#1135),.UNSPECIFIED.,.F.,.F.,(7,
    5,7),(0.,0.522564090491,1.),.UNSPECIFIED.);
#1124 = CARTESIAN_POINT('',(38.87734375,12.55380859375));
#1125 = CARTESIAN_POINT('',(38.87734375,12.637288402861));
#1126 = CARTESIAN_POINT('',(38.873681379899,12.718860284545));
#1127 = CARTESIAN_POINT('',(38.866000265599,12.798180967131));
#1128 = CARTESIAN_POINT('',(38.853914921146,12.874803264956));
#1129 = CARTESIAN_POINT('',(38.837040633999,12.948194741687));
#1130 = CARTESIAN_POINT('',(38.795030967101,13.081390097323));
#1131 = CARTESIAN_POINT('',(38.770732255502,13.141827380441));
#1132 = CARTESIAN_POINT('',(38.741980665088,13.198652911639));
#1133 = CARTESIAN_POINT('',(38.708636207635,13.251419738356));
#1134 = CARTESIAN_POINT('',(38.670689340969,13.299744198635));
#1135 = CARTESIAN_POINT('',(38.6283203125,13.343359375));
#1136 = ( GEOMETRIC_REPRESENTATION_CONTEXT(2) 
PARAMETRIC_REPRESENTATION_CONTEXT() REPRESENTATION_CONTEXT('2D SPACE',''
  ) );
#1137 = PCURVE('',#1138,#1145);
#1138 = SURFACE_OF_LINEAR_EXTRUSION('',#1139,#1143);
#1139 = B_SPLINE_CURVE_WITH_KNOTS('',2,(#1140,#1141,#1142),
  .UNSPECIFIED.,.F.,.F.,(3,3),(0.,1.),.PIECEWISE_BEZIER_KNOTS.);
#1140 = CARTESIAN_POINT('',(37.0283203125,0.943359375,8.7));
#1141 = CARTESIAN_POINT('',(37.27734375,0.68701171875,8.7));
#1142 = CARTESIAN_POINT('',(37.27734375,0.15380859375,8.7));
#1143 = VECTOR('',#1144,1.);
#1144 = DIRECTION('',(-0.,-0.,-1.));
#1145 = DEFINITIONAL_REPRESENTATION('',(#1146),#1159);
#1146 = B_SPLINE_CURVE_WITH_KNOTS('',6,(#1147,#1148,#1149,#1150,#1151,
    #1152,#1153,#1154,#1155,#1156,#1157,#1158),.UNSPECIFIED.,.F.,.F.,(7,
    5,7),(0.,0.522564090491,1.),.UNSPECIFIED.);
#1147 = CARTESIAN_POINT('',(1.,-0.5));
#1148 = CARTESIAN_POINT('',(0.921718567281,-0.5));
#1149 = CARTESIAN_POINT('',(0.841408108202,-0.5));
#1150 = CARTESIAN_POINT('',(0.759018986452,-0.5));
#1151 = CARTESIAN_POINT('',(0.674568658777,-0.5));
#1152 = CARTESIAN_POINT('',(0.588155330256,-0.5));
#1153 = CARTESIAN_POINT('',(0.419457687497,-0.5));
#1154 = CARTESIAN_POINT('',(0.33745166674,-0.5));
#1155 = CARTESIAN_POINT('',(0.254190212994,-0.5));
#1156 = CARTESIAN_POINT('',(0.169946504135,-0.5));
#1157 = CARTESIAN_POINT('',(8.507036304413E-02,-0.5));
#1158 = CARTESIAN_POINT('',(0.,-0.5));
#1159 = ( GEOMETRIC_REPRESENTATION_CONTEXT(2) 
PARAMETRIC_REPRESENTATION_CONTEXT() REPRESENTATION_CONTEXT('2D SPACE',''
  ) );
#1160 = ORIENTED_EDGE('',*,*,#1161,.F.);
#1161 = EDGE_CURVE('',#1162,#1105,#1164,.T.);
#1162 = VERTEX_POINT('',#1163);
#1163 = CARTESIAN_POINT('',(37.27734375,-1.98193359375,9.2));
#1164 = SURFACE_CURVE('',#1165,(#1169,#1175),.PCURVE_S1.);
#1165 = LINE('',#1166,#1167);
#1166 = CARTESIAN_POINT('',(37.27734375,-6.123095703125,9.2));
#1167 = VECTOR('',#1168,1.);
#1168 = DIRECTION('',(0.,1.,0.));
#1169 = PCURVE('',#126,#1170);
#1170 = DEFINITIONAL_REPRESENTATION('',(#1171),#1174);
#1171 = B_SPLINE_CURVE_WITH_KNOTS('',1,(#1172,#1173),.UNSPECIFIED.,.F.,
  .F.,(2,2),(4.141162109375,6.276904296875),.PIECEWISE_BEZIER_KNOTS.);
#1172 = CARTESIAN_POINT('',(38.87734375,10.41806640625));
#1173 = CARTESIAN_POINT('',(38.87734375,12.55380859375));
#1174 = ( GEOMETRIC_REPRESENTATION_CONTEXT(2) 
PARAMETRIC_REPRESENTATION_CONTEXT() REPRESENTATION_CONTEXT('2D SPACE',''
  ) );
#1175 = PCURVE('',#1176,#1181);
#1176 = PLANE('',#1177);
#1177 = AXIS2_PLACEMENT_3D('',#1178,#1179,#1180);
#1178 = CARTESIAN_POINT('',(37.27734375,0.15380859375,8.7));
#1179 = DIRECTION('',(1.,0.,0.));
#1180 = DIRECTION('',(0.,-1.,0.));
#1181 = DEFINITIONAL_REPRESENTATION('',(#1182),#1185);
#1182 = B_SPLINE_CURVE_WITH_KNOTS('',1,(#1183,#1184),.UNSPECIFIED.,.F.,
  .F.,(2,2),(4.141162109375,6.276904296875),.PIECEWISE_BEZIER_KNOTS.);
#1183 = CARTESIAN_POINT('',(2.1357421875,-0.5));
#1184 = CARTESIAN_POINT('',(0.,-0.5));
#1185 = ( GEOMETRIC_REPRESENTATION_CONTEXT(2) 
PARAMETRIC_REPRESENTATION_CONTEXT() REPRESENTATION_CONTEXT('2D SPACE',''
  ) );
#1186 = ORIENTED_EDGE('',*,*,#1187,.F.);
#1187 = EDGE_CURVE('',#1188,#1162,#1190,.T.);
#1188 = VERTEX_POINT('',#1189);
#1189 = CARTESIAN_POINT('',(36.7529296875,-1.98193359375,9.2));
#1190 = SURFACE_CURVE('',#1191,(#1195,#1201),.PCURVE_S1.);
#1191 = LINE('',#1192,#1193);
#1192 = CARTESIAN_POINT('',(17.838671875,-1.98193359375,9.2));
#1193 = VECTOR('',#1194,1.);
#1194 = DIRECTION('',(1.,0.,-0.));
#1195 = PCURVE('',#126,#1196);
#1196 = DEFINITIONAL_REPRESENTATION('',(#1197),#1200);
#1197 = B_SPLINE_CURVE_WITH_KNOTS('',1,(#1198,#1199),.UNSPECIFIED.,.F.,
  .F.,(2,2),(18.9142578125,19.438671875),.PIECEWISE_BEZIER_KNOTS.);
#1198 = CARTESIAN_POINT('',(38.3529296875,10.41806640625));
#1199 = CARTESIAN_POINT('',(38.87734375,10.41806640625));
#1200 = ( GEOMETRIC_REPRESENTATION_CONTEXT(2) 
PARAMETRIC_REPRESENTATION_CONTEXT() REPRESENTATION_CONTEXT('2D SPACE',''
  ) );
#1201 = PCURVE('',#1202,#1207);
#1202 = PLANE('',#1203);
#1203 = AXIS2_PLACEMENT_3D('',#1204,#1205,#1206);
#1204 = CARTESIAN_POINT('',(37.27734375,-1.98193359375,8.7));
#1205 = DIRECTION('',(0.,-1.,0.));
#1206 = DIRECTION('',(-1.,0.,0.));
#1207 = DEFINITIONAL_REPRESENTATION('',(#1208),#1211);
#1208 = B_SPLINE_CURVE_WITH_KNOTS('',1,(#1209,#1210),.UNSPECIFIED.,.F.,
  .F.,(2,2),(18.9142578125,19.438671875),.PIECEWISE_BEZIER_KNOTS.);
#1209 = CARTESIAN_POINT('',(0.5244140625,-0.5));
#1210 = CARTESIAN_POINT('',(0.,-0.5));
#1211 = ( GEOMETRIC_REPRESENTATION_CONTEXT(2) 
PARAMETRIC_REPRESENTATION_CONTEXT() REPRESENTATION_CONTEXT('2D SPACE',''
  ) );
#1212 = ORIENTED_EDGE('',*,*,#1213,.F.);
#1213 = EDGE_CURVE('',#1214,#1188,#1216,.T.);
#1214 = VERTEX_POINT('',#1215);
#1215 = CARTESIAN_POINT('',(36.7529296875,-2.197265625E-02,9.2));
#1216 = SURFACE_CURVE('',#1217,(#1221,#1227),.PCURVE_S1.);
#1217 = LINE('',#1218,#1219);
#1218 = CARTESIAN_POINT('',(36.7529296875,-7.190966796875,9.2));
#1219 = VECTOR('',#1220,1.);
#1220 = DIRECTION('',(0.,-1.,0.));
#1221 = PCURVE('',#126,#1222);
#1222 = DEFINITIONAL_REPRESENTATION('',(#1223),#1226);
#1223 = B_SPLINE_CURVE_WITH_KNOTS('',1,(#1224,#1225),.UNSPECIFIED.,.F.,
  .F.,(2,2),(-7.168994140625,-5.209033203125),.PIECEWISE_BEZIER_KNOTS.);
#1224 = CARTESIAN_POINT('',(38.3529296875,12.37802734375));
#1225 = CARTESIAN_POINT('',(38.3529296875,10.41806640625));
#1226 = ( GEOMETRIC_REPRESENTATION_CONTEXT(2) 
PARAMETRIC_REPRESENTATION_CONTEXT() REPRESENTATION_CONTEXT('2D SPACE',''
  ) );
#1227 = PCURVE('',#1228,#1233);
#1228 = PLANE('',#1229);
#1229 = AXIS2_PLACEMENT_3D('',#1230,#1231,#1232);
#1230 = CARTESIAN_POINT('',(36.7529296875,-1.98193359375,8.7));
#1231 = DIRECTION('',(-1.,0.,0.));
#1232 = DIRECTION('',(0.,1.,0.));
#1233 = DEFINITIONAL_REPRESENTATION('',(#1234),#1237);
#1234 = B_SPLINE_CURVE_WITH_KNOTS('',1,(#1235,#1236),.UNSPECIFIED.,.F.,
  .F.,(2,2),(-7.168994140625,-5.209033203125),.PIECEWISE_BEZIER_KNOTS.);
#1235 = CARTESIAN_POINT('',(1.9599609375,-0.5));
#1236 = CARTESIAN_POINT('',(0.,-0.5));
#1237 = ( GEOMETRIC_REPRESENTATION_CONTEXT(2) 
PARAMETRIC_REPRESENTATION_CONTEXT() REPRESENTATION_CONTEXT('2D SPACE',''
  ) );
#1238 = ORIENTED_EDGE('',*,*,#1239,.F.);
#1239 = EDGE_CURVE('',#1240,#1214,#1242,.T.);
#1240 = VERTEX_POINT('',#1241);
#1241 = CARTESIAN_POINT('',(36.70166015625,0.43359375,9.2));
#1242 = SURFACE_CURVE('',#1243,(#1251,#1262),.PCURVE_S1.);
#1243 = B_SPLINE_CURVE_WITH_KNOTS('',6,(#1244,#1245,#1246,#1247,#1248,
    #1249,#1250),.UNSPECIFIED.,.F.,.F.,(7,7),(0.,1.),
  .PIECEWISE_BEZIER_KNOTS.);
#1244 = CARTESIAN_POINT('',(36.70166015625,0.43359375,9.2));
#1245 = CARTESIAN_POINT('',(36.719757265562,0.384473024725,9.2));
#1246 = CARTESIAN_POINT('',(36.73370860364,0.322951126315,9.2));
#1247 = CARTESIAN_POINT('',(36.743664233729,0.250157746916,9.2));
#1248 = CARTESIAN_POINT('',(36.749952876949,0.167542097049,9.2));
#1249 = CARTESIAN_POINT('',(36.7529296875,7.645605451117E-02,9.2));
#1250 = CARTESIAN_POINT('',(36.7529296875,-2.197265625E-02,9.2));
#1251 = PCURVE('',#126,#1252);
#1252 = DEFINITIONAL_REPRESENTATION('',(#1253),#1261);
#1253 = B_SPLINE_CURVE_WITH_KNOTS('',6,(#1254,#1255,#1256,#1257,#1258,
    #1259,#1260),.UNSPECIFIED.,.F.,.F.,(7,7),(0.,1.),
  .PIECEWISE_BEZIER_KNOTS.);
#1254 = CARTESIAN_POINT('',(38.30166015625,12.83359375));
#1255 = CARTESIAN_POINT('',(38.319757265562,12.784473024725));
#1256 = CARTESIAN_POINT('',(38.33370860364,12.722951126315));
#1257 = CARTESIAN_POINT('',(38.343664233729,12.650157746916));
#1258 = CARTESIAN_POINT('',(38.349952876949,12.567542097049));
#1259 = CARTESIAN_POINT('',(38.3529296875,12.476456054511));
#1260 = CARTESIAN_POINT('',(38.3529296875,12.37802734375));
#1261 = ( GEOMETRIC_REPRESENTATION_CONTEXT(2) 
PARAMETRIC_REPRESENTATION_CONTEXT() REPRESENTATION_CONTEXT('2D SPACE',''
  ) );
#1262 = PCURVE('',#1263,#1270);
#1263 = SURFACE_OF_LINEAR_EXTRUSION('',#1264,#1268);
#1264 = B_SPLINE_CURVE_WITH_KNOTS('',2,(#1265,#1266,#1267),
  .UNSPECIFIED.,.F.,.F.,(3,3),(0.,1.),.PIECEWISE_BEZIER_KNOTS.);
#1265 = CARTESIAN_POINT('',(36.7529296875,-2.197265625E-02,8.7));
#1266 = CARTESIAN_POINT('',(36.7529296875,0.29443359375,8.7));
#1267 = CARTESIAN_POINT('',(36.70166015625,0.43359375,8.7));
#1268 = VECTOR('',#1269,1.);
#1269 = DIRECTION('',(-0.,-0.,-1.));
#1270 = DEFINITIONAL_REPRESENTATION('',(#1271),#1279);
#1271 = B_SPLINE_CURVE_WITH_KNOTS('',6,(#1272,#1273,#1274,#1275,#1276,
    #1277,#1278),.UNSPECIFIED.,.F.,.F.,(7,7),(0.,1.),
  .PIECEWISE_BEZIER_KNOTS.);
#1272 = CARTESIAN_POINT('',(1.,-0.5));
#1273 = CARTESIAN_POINT('',(0.823510095854,-0.5));
#1274 = CARTESIAN_POINT('',(0.650072202016,-0.5));
#1275 = CARTESIAN_POINT('',(0.480651694599,-0.5));
#1276 = CARTESIAN_POINT('',(0.315742834778,-0.5));
#1277 = CARTESIAN_POINT('',(0.155541666388,-0.5));
#1278 = CARTESIAN_POINT('',(0.,-0.5));
#1279 = ( GEOMETRIC_REPRESENTATION_CONTEXT(2) 
PARAMETRIC_REPRESENTATION_CONTEXT() REPRESENTATION_CONTEXT('2D SPACE',''
  ) );
#1280 = ORIENTED_EDGE('',*,*,#1281,.F.);
#1281 = EDGE_CURVE('',#1282,#1240,#1284,.T.);
#1282 = VERTEX_POINT('',#1283);
#1283 = CARTESIAN_POINT('',(36.515625,0.65771484375,9.2));
#1284 = SURFACE_CURVE('',#1285,(#1294,#1306),.PCURVE_S1.);
#1285 = B_SPLINE_CURVE_WITH_KNOTS('',4,(#1286,#1287,#1288,#1289,#1290,
    #1291,#1292,#1293),.UNSPECIFIED.,.F.,.F.,(5,3,5),(0.,0.672454856859,
    1.),.UNSPECIFIED.);
#1286 = CARTESIAN_POINT('',(36.515625,0.65771484375,9.2));
#1287 = CARTESIAN_POINT('',(36.560660689719,0.629322778492,9.2));
#1288 = CARTESIAN_POINT('',(36.599723502365,0.596742806112,9.2));
#1289 = CARTESIAN_POINT('',(36.63254384899,0.559947812636,9.2));
#1290 = CARTESIAN_POINT('',(36.671952666905,0.499131880579,9.2));
#1291 = CARTESIAN_POINT('',(36.683361653893,0.478238872523,9.2));
#1292 = CARTESIAN_POINT('',(36.693263005833,0.456386015417,9.2));
#1293 = CARTESIAN_POINT('',(36.70166015625,0.43359375,9.2));
#1294 = PCURVE('',#126,#1295);
#1295 = DEFINITIONAL_REPRESENTATION('',(#1296),#1305);
#1296 = B_SPLINE_CURVE_WITH_KNOTS('',4,(#1297,#1298,#1299,#1300,#1301,
    #1302,#1303,#1304),.UNSPECIFIED.,.F.,.F.,(5,3,5),(0.,0.672454856859,
    1.),.UNSPECIFIED.);
#1297 = CARTESIAN_POINT('',(38.115625,13.05771484375));
#1298 = CARTESIAN_POINT('',(38.160660689719,13.029322778492));
#1299 = CARTESIAN_POINT('',(38.199723502365,12.996742806112));
#1300 = CARTESIAN_POINT('',(38.23254384899,12.959947812636));
#1301 = CARTESIAN_POINT('',(38.271952666905,12.899131880579));
#1302 = CARTESIAN_POINT('',(38.283361653893,12.878238872523));
#1303 = CARTESIAN_POINT('',(38.293263005833,12.856386015417));
#1304 = CARTESIAN_POINT('',(38.30166015625,12.83359375));
#1305 = ( GEOMETRIC_REPRESENTATION_CONTEXT(2) 
PARAMETRIC_REPRESENTATION_CONTEXT() REPRESENTATION_CONTEXT('2D SPACE',''
  ) );
#1306 = PCURVE('',#1307,#1314);
#1307 = SURFACE_OF_LINEAR_EXTRUSION('',#1308,#1312);
#1308 = B_SPLINE_CURVE_WITH_KNOTS('',2,(#1309,#1310,#1311),
  .UNSPECIFIED.,.F.,.F.,(3,3),(0.,1.),.PIECEWISE_BEZIER_KNOTS.);
#1309 = CARTESIAN_POINT('',(36.70166015625,0.43359375,8.7));
#1310 = CARTESIAN_POINT('',(36.650390625,0.57275390625,8.7));
#1311 = CARTESIAN_POINT('',(36.515625,0.65771484375,8.7));
#1312 = VECTOR('',#1313,1.);
#1313 = DIRECTION('',(-0.,-0.,-1.));
#1314 = DEFINITIONAL_REPRESENTATION('',(#1315),#1324);
#1315 = B_SPLINE_CURVE_WITH_KNOTS('',4,(#1316,#1317,#1318,#1319,#1320,
    #1321,#1322,#1323),.UNSPECIFIED.,.F.,.F.,(5,3,5),(0.,0.672454856859,
    1.),.UNSPECIFIED.);
#1316 = CARTESIAN_POINT('',(1.,-0.5));
#1317 = CARTESIAN_POINT('',(0.832911064231,-0.5));
#1318 = CARTESIAN_POINT('',(0.664921015875,-0.5));
#1319 = CARTESIAN_POINT('',(0.496458647661,-0.5));
#1320 = CARTESIAN_POINT('',(0.24594570104,-0.5));
#1321 = CARTESIAN_POINT('',(0.163891712306,-0.5));
#1322 = CARTESIAN_POINT('',(8.189220978039E-02,-0.5));
#1323 = CARTESIAN_POINT('',(0.,-0.5));
#1324 = ( GEOMETRIC_REPRESENTATION_CONTEXT(2) 
PARAMETRIC_REPRESENTATION_CONTEXT() REPRESENTATION_CONTEXT('2D SPACE',''
  ) );
#1325 = ORIENTED_EDGE('',*,*,#1326,.F.);
#1326 = EDGE_CURVE('',#1327,#1282,#1329,.T.);
#1327 = VERTEX_POINT('',#1328);
#1328 = CARTESIAN_POINT('',(36.19921875,0.74267578125,9.2));
#1329 = SURFACE_CURVE('',#1330,(#1341,#1355),.PCURVE_S1.);
#1330 = B_SPLINE_CURVE_WITH_KNOTS('',5,(#1331,#1332,#1333,#1334,#1335,
    #1336,#1337,#1338,#1339,#1340),.UNSPECIFIED.,.F.,.F.,(6,4,6),(0.,
    0.903400471062,1.),.UNSPECIFIED.);
#1331 = CARTESIAN_POINT('',(36.19921875,0.74267578125,9.2));
#1332 = CARTESIAN_POINT('',(36.264229020493,0.74267578125,9.2));
#1333 = CARTESIAN_POINT('',(36.325925978737,0.735873786523,9.2));
#1334 = CARTESIAN_POINT('',(36.384074133337,0.722085756376,9.2));
#1335 = CARTESIAN_POINT('',(36.438486125254,0.701237689383,9.2));
#1336 = CARTESIAN_POINT('',(36.494445025255,0.670420989469,9.2));
#1337 = CARTESIAN_POINT('',(36.499806525179,0.66736415961,9.2));
#1338 = CARTESIAN_POINT('',(36.505123776431,0.664227458126,9.2));
#1339 = CARTESIAN_POINT('',(36.510396643384,0.661010981617,9.2));
#1340 = CARTESIAN_POINT('',(36.515625,0.65771484375,9.2));
#1341 = PCURVE('',#126,#1342);
#1342 = DEFINITIONAL_REPRESENTATION('',(#1343),#1354);
#1343 = B_SPLINE_CURVE_WITH_KNOTS('',5,(#1344,#1345,#1346,#1347,#1348,
    #1349,#1350,#1351,#1352,#1353),.UNSPECIFIED.,.F.,.F.,(6,4,6),(0.,
    0.903400471062,1.),.UNSPECIFIED.);
#1344 = CARTESIAN_POINT('',(37.79921875,13.14267578125));
#1345 = CARTESIAN_POINT('',(37.864229020493,13.14267578125));
#1346 = CARTESIAN_POINT('',(37.925925978737,13.135873786523));
#1347 = CARTESIAN_POINT('',(37.984074133337,13.122085756376));
#1348 = CARTESIAN_POINT('',(38.038486125254,13.101237689383));
#1349 = CARTESIAN_POINT('',(38.094445025255,13.070420989469));
#1350 = CARTESIAN_POINT('',(38.099806525179,13.06736415961));
#1351 = CARTESIAN_POINT('',(38.105123776431,13.064227458126));
#1352 = CARTESIAN_POINT('',(38.110396643384,13.061010981617));
#1353 = CARTESIAN_POINT('',(38.115625,13.05771484375));
#1354 = ( GEOMETRIC_REPRESENTATION_CONTEXT(2) 
PARAMETRIC_REPRESENTATION_CONTEXT() REPRESENTATION_CONTEXT('2D SPACE',''
  ) );
#1355 = PCURVE('',#1356,#1363);
#1356 = SURFACE_OF_LINEAR_EXTRUSION('',#1357,#1361);
#1357 = B_SPLINE_CURVE_WITH_KNOTS('',2,(#1358,#1359,#1360),
  .UNSPECIFIED.,.F.,.F.,(3,3),(0.,1.),.PIECEWISE_BEZIER_KNOTS.);
#1358 = CARTESIAN_POINT('',(36.515625,0.65771484375,8.7));
#1359 = CARTESIAN_POINT('',(36.380859375,0.74267578125,8.7));
#1360 = CARTESIAN_POINT('',(36.19921875,0.74267578125,8.7));
#1361 = VECTOR('',#1362,1.);
#1362 = DIRECTION('',(-0.,-0.,-1.));
#1363 = DEFINITIONAL_REPRESENTATION('',(#1364),#1375);
#1364 = B_SPLINE_CURVE_WITH_KNOTS('',5,(#1365,#1366,#1367,#1368,#1369,
    #1370,#1371,#1372,#1373,#1374),.UNSPECIFIED.,.F.,.F.,(6,4,6),(0.,
    0.903400471062,1.),.UNSPECIFIED.);
#1365 = CARTESIAN_POINT('',(1.,-0.5));
#1366 = CARTESIAN_POINT('',(0.821046997354,-0.5));
#1367 = CARTESIAN_POINT('',(0.640884154043,-0.5));
#1368 = CARTESIAN_POINT('',(0.45988019734,-0.5));
#1369 = CARTESIAN_POINT('',(0.27843848047,-0.5));
#1370 = CARTESIAN_POINT('',(7.759900087947E-02,-0.5));
#1371 = CARTESIAN_POINT('',(5.819798102883E-02,-0.5));
#1372 = CARTESIAN_POINT('',(3.879746097901E-02,-0.5));
#1373 = CARTESIAN_POINT('',(1.939796077983E-02,-0.5));
#1374 = CARTESIAN_POINT('',(0.,-0.5));
#1375 = ( GEOMETRIC_REPRESENTATION_CONTEXT(2) 
PARAMETRIC_REPRESENTATION_CONTEXT() REPRESENTATION_CONTEXT('2D SPACE',''
  ) );
#1376 = ORIENTED_EDGE('',*,*,#1377,.F.);
#1377 = EDGE_CURVE('',#1378,#1327,#1380,.T.);
#1378 = VERTEX_POINT('',#1379);
#1379 = CARTESIAN_POINT('',(35.654296875,0.5244140625,9.2));
#1380 = SURFACE_CURVE('',#1381,(#1392,#1406),.PCURVE_S1.);
#1381 = B_SPLINE_CURVE_WITH_KNOTS('',5,(#1382,#1383,#1384,#1385,#1386,
    #1387,#1388,#1389,#1390,#1391),.UNSPECIFIED.,.F.,.F.,(6,4,6),(0.,
    0.390492099129,1.),.UNSPECIFIED.);
#1382 = CARTESIAN_POINT('',(35.654296875,0.5244140625,9.2));
#1383 = CARTESIAN_POINT('',(35.687986036143,0.55833085311,9.2));
#1384 = CARTESIAN_POINT('',(35.723579516577,0.589179232017,9.2));
#1385 = CARTESIAN_POINT('',(35.761053428666,0.616802405114,9.2));
#1386 = CARTESIAN_POINT('',(35.800350684893,0.641089929501,9.2));
#1387 = CARTESIAN_POINT('',(35.90540291309,0.694618161687,9.2));
#1388 = CARTESIAN_POINT('',(35.973646306815,0.719002277627,9.2));
#1389 = CARTESIAN_POINT('',(36.045716544213,0.734942896495,9.2));
#1390 = CARTESIAN_POINT('',(36.121095500315,0.74267578125,9.2));
#1391 = CARTESIAN_POINT('',(36.19921875,0.74267578125,9.2));
#1392 = PCURVE('',#126,#1393);
#1393 = DEFINITIONAL_REPRESENTATION('',(#1394),#1405);
#1394 = B_SPLINE_CURVE_WITH_KNOTS('',5,(#1395,#1396,#1397,#1398,#1399,
    #1400,#1401,#1402,#1403,#1404),.UNSPECIFIED.,.F.,.F.,(6,4,6),(0.,
    0.390492099129,1.),.UNSPECIFIED.);
#1395 = CARTESIAN_POINT('',(37.254296875,12.9244140625));
#1396 = CARTESIAN_POINT('',(37.287986036143,12.95833085311));
#1397 = CARTESIAN_POINT('',(37.323579516577,12.989179232017));
#1398 = CARTESIAN_POINT('',(37.361053428666,13.016802405114));
#1399 = CARTESIAN_POINT('',(37.400350684893,13.041089929501));
#1400 = CARTESIAN_POINT('',(37.50540291309,13.094618161687));
#1401 = CARTESIAN_POINT('',(37.573646306815,13.119002277627));
#1402 = CARTESIAN_POINT('',(37.645716544213,13.134942896495));
#1403 = CARTESIAN_POINT('',(37.721095500315,13.14267578125));
#1404 = CARTESIAN_POINT('',(37.79921875,13.14267578125));
#1405 = ( GEOMETRIC_REPRESENTATION_CONTEXT(2) 
PARAMETRIC_REPRESENTATION_CONTEXT() REPRESENTATION_CONTEXT('2D SPACE',''
  ) );
#1406 = PCURVE('',#1407,#1414);
#1407 = SURFACE_OF_LINEAR_EXTRUSION('',#1408,#1412);
#1408 = B_SPLINE_CURVE_WITH_KNOTS('',2,(#1409,#1410,#1411),
  .UNSPECIFIED.,.F.,.F.,(3,3),(0.,1.),.PIECEWISE_BEZIER_KNOTS.);
#1409 = CARTESIAN_POINT('',(36.19921875,0.74267578125,8.7));
#1410 = CARTESIAN_POINT('',(35.87109375,0.74267578125,8.7));
#1411 = CARTESIAN_POINT('',(35.654296875,0.5244140625,8.7));
#1412 = VECTOR('',#1413,1.);
#1413 = DIRECTION('',(-0.,-0.,-1.));
#1414 = DEFINITIONAL_REPRESENTATION('',(#1415),#1426);
#1415 = B_SPLINE_CURVE_WITH_KNOTS('',5,(#1416,#1417,#1418,#1419,#1420,
    #1421,#1422,#1423,#1424,#1425),.UNSPECIFIED.,.F.,.F.,(6,4,6),(0.,
    0.390492099129,1.),.UNSPECIFIED.);
#1416 = CARTESIAN_POINT('',(1.,-0.5));
#1417 = CARTESIAN_POINT('',(0.922302475202,-0.5));
#1418 = CARTESIAN_POINT('',(0.844088038574,-0.5));
#1419 = CARTESIAN_POINT('',(0.765514957777,-0.5));
#1420 = CARTESIAN_POINT('',(0.686756064519,-0.5));
#1421 = CARTESIAN_POINT('',(0.485071921114,-0.5));
#1422 = CARTESIAN_POINT('',(0.362129552546,-0.5));
#1423 = CARTESIAN_POINT('',(0.239918470092,-0.5));
#1424 = CARTESIAN_POINT('',(0.119044951901,-0.5));
#1425 = CARTESIAN_POINT('',(0.,-0.5));
#1426 = ( GEOMETRIC_REPRESENTATION_CONTEXT(2) 
PARAMETRIC_REPRESENTATION_CONTEXT() REPRESENTATION_CONTEXT('2D SPACE',''
  ) );
#1427 = ORIENTED_EDGE('',*,*,#1428,.F.);
#1428 = EDGE_CURVE('',#1429,#1378,#1431,.T.);
#1429 = VERTEX_POINT('',#1430);
#1430 = CARTESIAN_POINT('',(35.4375,-0.17431640625,9.2));
#1431 = SURFACE_CURVE('',#1432,(#1445,#1461),.PCURVE_S1.);
#1432 = B_SPLINE_CURVE_WITH_KNOTS('',6,(#1433,#1434,#1435,#1436,#1437,
    #1438,#1439,#1440,#1441,#1442,#1443,#1444),.UNSPECIFIED.,.F.,.F.,(7,
    5,7),(0.,0.521598295254,1.),.UNSPECIFIED.);
#1433 = CARTESIAN_POINT('',(35.4375,-0.17431640625,9.2));
#1434 = CARTESIAN_POINT('',(35.4375,-9.885134332926E-02,9.2));
#1435 = CARTESIAN_POINT('',(35.440708931852,-2.540602710028E-02,9.2));
#1436 = CARTESIAN_POINT('',(35.447423873876,4.569635547771E-02,9.2));
#1437 = CARTESIAN_POINT('',(35.457963129111,0.114048851781,9.2));
#1438 = CARTESIAN_POINT('',(35.472641687647,0.17917867826,9.2));
#1439 = CARTESIAN_POINT('',(35.509178484789,0.296935787968,9.2));
#1440 = CARTESIAN_POINT('',(35.530343358058,0.350157139279,9.2));
#1441 = CARTESIAN_POINT('',(35.555371790602,0.399867571189,9.2));
#1442 = CARTESIAN_POINT('',(35.584385551882,0.445681659823,9.2));
#1443 = CARTESIAN_POINT('',(35.617403837014,0.48727174723,9.2));
#1444 = CARTESIAN_POINT('',(35.654296875,0.5244140625,9.2));
#1445 = PCURVE('',#126,#1446);
#1446 = DEFINITIONAL_REPRESENTATION('',(#1447),#1460);
#1447 = B_SPLINE_CURVE_WITH_KNOTS('',6,(#1448,#1449,#1450,#1451,#1452,
    #1453,#1454,#1455,#1456,#1457,#1458,#1459),.UNSPECIFIED.,.F.,.F.,(7,
    5,7),(0.,0.521598295254,1.),.UNSPECIFIED.);
#1448 = CARTESIAN_POINT('',(37.0375,12.22568359375));
#1449 = CARTESIAN_POINT('',(37.0375,12.301148656671));
#1450 = CARTESIAN_POINT('',(37.040708931852,12.3745939729));
#1451 = CARTESIAN_POINT('',(37.047423873876,12.445696355478));
#1452 = CARTESIAN_POINT('',(37.057963129111,12.514048851781));
#1453 = CARTESIAN_POINT('',(37.072641687647,12.57917867826));
#1454 = CARTESIAN_POINT('',(37.109178484789,12.696935787968));
#1455 = CARTESIAN_POINT('',(37.130343358058,12.750157139279));
#1456 = CARTESIAN_POINT('',(37.155371790602,12.799867571189));
#1457 = CARTESIAN_POINT('',(37.184385551882,12.845681659823));
#1458 = CARTESIAN_POINT('',(37.217403837014,12.88727174723));
#1459 = CARTESIAN_POINT('',(37.254296875,12.9244140625));
#1460 = ( GEOMETRIC_REPRESENTATION_CONTEXT(2) 
PARAMETRIC_REPRESENTATION_CONTEXT() REPRESENTATION_CONTEXT('2D SPACE',''
  ) );
#1461 = PCURVE('',#1462,#1469);
#1462 = SURFACE_OF_LINEAR_EXTRUSION('',#1463,#1467);
#1463 = B_SPLINE_CURVE_WITH_KNOTS('',2,(#1464,#1465,#1466),
  .UNSPECIFIED.,.F.,.F.,(3,3),(0.,1.),.PIECEWISE_BEZIER_KNOTS.);
#1464 = CARTESIAN_POINT('',(35.654296875,0.5244140625,8.7));
#1465 = CARTESIAN_POINT('',(35.4375,0.30615234375,8.7));
#1466 = CARTESIAN_POINT('',(35.4375,-0.17431640625,8.7));
#1467 = VECTOR('',#1468,1.);
#1468 = DIRECTION('',(-0.,-0.,-1.));
#1469 = DEFINITIONAL_REPRESENTATION('',(#1470),#1483);
#1470 = B_SPLINE_CURVE_WITH_KNOTS('',6,(#1471,#1472,#1473,#1474,#1475,
    #1476,#1477,#1478,#1479,#1480,#1481,#1482),.UNSPECIFIED.,.F.,.F.,(7,
    5,7),(0.,0.521598295254,1.),.UNSPECIFIED.);
#1471 = CARTESIAN_POINT('',(1.,-0.5));
#1472 = CARTESIAN_POINT('',(0.921467251595,-0.5));
#1473 = CARTESIAN_POINT('',(0.840997513227,-0.5));
#1474 = CARTESIAN_POINT('',(0.758553199493,-0.5));
#1475 = CARTESIAN_POINT('',(0.674157181809,-0.5));
#1476 = CARTESIAN_POINT('',(0.587905008333,-0.5));
#1477 = CARTESIAN_POINT('',(0.41937491701,-0.5));
#1478 = CARTESIAN_POINT('',(0.33735146856,-0.5));
#1479 = CARTESIAN_POINT('',(0.254118889536,-0.5));
#1480 = CARTESIAN_POINT('',(0.169925009426,-0.5));
#1481 = CARTESIAN_POINT('',(8.508664616698E-02,-0.5));
#1482 = CARTESIAN_POINT('',(0.,-0.5));
#1483 = ( GEOMETRIC_REPRESENTATION_CONTEXT(2) 
PARAMETRIC_REPRESENTATION_CONTEXT() REPRESENTATION_CONTEXT('2D SPACE',''
  ) );
#1484 = ORIENTED_EDGE('',*,*,#1485,.F.);
#1485 = EDGE_CURVE('',#1486,#1429,#1488,.T.);
#1486 = VERTEX_POINT('',#1487);
#1487 = CARTESIAN_POINT('',(35.4375,-1.98193359375,9.2));
#1488 = SURFACE_CURVE('',#1489,(#1493,#1499),.PCURVE_S1.);
#1489 = LINE('',#1490,#1491);
#1490 = CARTESIAN_POINT('',(35.4375,-6.287158203125,9.2));
#1491 = VECTOR('',#1492,1.);
#1492 = DIRECTION('',(0.,1.,0.));
#1493 = PCURVE('',#126,#1494);
#1494 = DEFINITIONAL_REPRESENTATION('',(#1495),#1498);
#1495 = B_SPLINE_CURVE_WITH_KNOTS('',1,(#1496,#1497),.UNSPECIFIED.,.F.,
  .F.,(2,2),(4.305224609375,6.112841796875),.PIECEWISE_BEZIER_KNOTS.);
#1496 = CARTESIAN_POINT('',(37.0375,10.41806640625));
#1497 = CARTESIAN_POINT('',(37.0375,12.22568359375));
#1498 = ( GEOMETRIC_REPRESENTATION_CONTEXT(2) 
PARAMETRIC_REPRESENTATION_CONTEXT() REPRESENTATION_CONTEXT('2D SPACE',''
  ) );
#1499 = PCURVE('',#1500,#1505);
#1500 = PLANE('',#1501);
#1501 = AXIS2_PLACEMENT_3D('',#1502,#1503,#1504);
#1502 = CARTESIAN_POINT('',(35.4375,-0.17431640625,8.7));
#1503 = DIRECTION('',(1.,0.,0.));
#1504 = DIRECTION('',(0.,-1.,0.));
#1505 = DEFINITIONAL_REPRESENTATION('',(#1506),#1509);
#1506 = B_SPLINE_CURVE_WITH_KNOTS('',1,(#1507,#1508),.UNSPECIFIED.,.F.,
  .F.,(2,2),(4.305224609375,6.112841796875),.PIECEWISE_BEZIER_KNOTS.);
#1507 = CARTESIAN_POINT('',(1.8076171875,-0.5));
#1508 = CARTESIAN_POINT('',(0.,-0.5));
#1509 = ( GEOMETRIC_REPRESENTATION_CONTEXT(2) 
PARAMETRIC_REPRESENTATION_CONTEXT() REPRESENTATION_CONTEXT('2D SPACE',''
  ) );
#1510 = ORIENTED_EDGE('',*,*,#1511,.F.);
#1511 = EDGE_CURVE('',#1512,#1486,#1514,.T.);
#1512 = VERTEX_POINT('',#1513);
#1513 = CARTESIAN_POINT('',(34.91015625,-1.98193359375,9.2));
#1514 = SURFACE_CURVE('',#1515,(#1519,#1525),.PCURVE_S1.);
#1515 = LINE('',#1516,#1517);
#1516 = CARTESIAN_POINT('',(16.91875,-1.98193359375,9.2));
#1517 = VECTOR('',#1518,1.);
#1518 = DIRECTION('',(1.,0.,-0.));
#1519 = PCURVE('',#126,#1520);
#1520 = DEFINITIONAL_REPRESENTATION('',(#1521),#1524);
#1521 = B_SPLINE_CURVE_WITH_KNOTS('',1,(#1522,#1523),.UNSPECIFIED.,.F.,
  .F.,(2,2),(17.99140625,18.51875),.PIECEWISE_BEZIER_KNOTS.);
#1522 = CARTESIAN_POINT('',(36.51015625,10.41806640625));
#1523 = CARTESIAN_POINT('',(37.0375,10.41806640625));
#1524 = ( GEOMETRIC_REPRESENTATION_CONTEXT(2) 
PARAMETRIC_REPRESENTATION_CONTEXT() REPRESENTATION_CONTEXT('2D SPACE',''
  ) );
#1525 = PCURVE('',#1526,#1531);
#1526 = PLANE('',#1527);
#1527 = AXIS2_PLACEMENT_3D('',#1528,#1529,#1530);
#1528 = CARTESIAN_POINT('',(35.4375,-1.98193359375,8.7));
#1529 = DIRECTION('',(0.,-1.,0.));
#1530 = DIRECTION('',(-1.,0.,0.));
#1531 = DEFINITIONAL_REPRESENTATION('',(#1532),#1535);
#1532 = B_SPLINE_CURVE_WITH_KNOTS('',1,(#1533,#1534),.UNSPECIFIED.,.F.,
  .F.,(2,2),(17.99140625,18.51875),.PIECEWISE_BEZIER_KNOTS.);
#1533 = CARTESIAN_POINT('',(0.52734375,-0.5));
#1534 = CARTESIAN_POINT('',(0.,-0.5));
#1535 = ( GEOMETRIC_REPRESENTATION_CONTEXT(2) 
PARAMETRIC_REPRESENTATION_CONTEXT() REPRESENTATION_CONTEXT('2D SPACE',''
  ) );
#1536 = ORIENTED_EDGE('',*,*,#1537,.F.);
#1537 = EDGE_CURVE('',#1538,#1512,#1540,.T.);
#1538 = VERTEX_POINT('',#1539);
#1539 = CARTESIAN_POINT('',(34.91015625,3.955078125E-02,9.2));
#1540 = SURFACE_CURVE('',#1541,(#1545,#1551),.PCURVE_S1.);
#1541 = LINE('',#1542,#1543);
#1542 = CARTESIAN_POINT('',(34.91015625,-7.190966796875,9.2));
#1543 = VECTOR('',#1544,1.);
#1544 = DIRECTION('',(0.,-1.,0.));
#1545 = PCURVE('',#126,#1546);
#1546 = DEFINITIONAL_REPRESENTATION('',(#1547),#1550);
#1547 = B_SPLINE_CURVE_WITH_KNOTS('',1,(#1548,#1549),.UNSPECIFIED.,.F.,
  .F.,(2,2),(-7.230517578125,-5.209033203125),.PIECEWISE_BEZIER_KNOTS.);
#1548 = CARTESIAN_POINT('',(36.51015625,12.43955078125));
#1549 = CARTESIAN_POINT('',(36.51015625,10.41806640625));
#1550 = ( GEOMETRIC_REPRESENTATION_CONTEXT(2) 
PARAMETRIC_REPRESENTATION_CONTEXT() REPRESENTATION_CONTEXT('2D SPACE',''
  ) );
#1551 = PCURVE('',#1552,#1557);
#1552 = PLANE('',#1553);
#1553 = AXIS2_PLACEMENT_3D('',#1554,#1555,#1556);
#1554 = CARTESIAN_POINT('',(34.91015625,-1.98193359375,8.7));
#1555 = DIRECTION('',(-1.,0.,0.));
#1556 = DIRECTION('',(0.,1.,0.));
#1557 = DEFINITIONAL_REPRESENTATION('',(#1558),#1561);
#1558 = B_SPLINE_CURVE_WITH_KNOTS('',1,(#1559,#1560),.UNSPECIFIED.,.F.,
  .F.,(2,2),(-7.230517578125,-5.209033203125),.PIECEWISE_BEZIER_KNOTS.);
#1559 = CARTESIAN_POINT('',(2.021484375,-0.5));
#1560 = CARTESIAN_POINT('',(0.,-0.5));
#1561 = ( GEOMETRIC_REPRESENTATION_CONTEXT(2) 
PARAMETRIC_REPRESENTATION_CONTEXT() REPRESENTATION_CONTEXT('2D SPACE',''
  ) );
#1562 = ORIENTED_EDGE('',*,*,#1563,.F.);
#1563 = EDGE_CURVE('',#1564,#1538,#1566,.T.);
#1564 = VERTEX_POINT('',#1565);
#1565 = CARTESIAN_POINT('',(34.78125,0.56689453125,9.2));
#1566 = SURFACE_CURVE('',#1567,(#1575,#1586),.PCURVE_S1.);
#1567 = B_SPLINE_CURVE_WITH_KNOTS('',6,(#1568,#1569,#1570,#1571,#1572,
    #1573,#1574),.UNSPECIFIED.,.F.,.F.,(7,7),(0.,1.),
  .PIECEWISE_BEZIER_KNOTS.);
#1568 = CARTESIAN_POINT('',(34.78125,0.56689453125,9.2));
#1569 = CARTESIAN_POINT('',(34.82631819772,0.505437897996,9.2));
#1570 = CARTESIAN_POINT('',(34.861479001722,0.431707338233,9.2));
#1571 = CARTESIAN_POINT('',(34.886695093364,0.346727787611,9.2));
#1572 = CARTESIAN_POINT('',(34.902630945477,0.252048964324,9.2));
#1573 = CARTESIAN_POINT('',(34.91015625,0.149212818581,9.2));
#1574 = CARTESIAN_POINT('',(34.91015625,3.955078125E-02,9.2));
#1575 = PCURVE('',#126,#1576);
#1576 = DEFINITIONAL_REPRESENTATION('',(#1577),#1585);
#1577 = B_SPLINE_CURVE_WITH_KNOTS('',6,(#1578,#1579,#1580,#1581,#1582,
    #1583,#1584),.UNSPECIFIED.,.F.,.F.,(7,7),(0.,1.),
  .PIECEWISE_BEZIER_KNOTS.);
#1578 = CARTESIAN_POINT('',(36.38125,12.96689453125));
#1579 = CARTESIAN_POINT('',(36.42631819772,12.905437897996));
#1580 = CARTESIAN_POINT('',(36.461479001722,12.831707338233));
#1581 = CARTESIAN_POINT('',(36.486695093364,12.746727787611));
#1582 = CARTESIAN_POINT('',(36.502630945477,12.652048964324));
#1583 = CARTESIAN_POINT('',(36.51015625,12.549212818581));
#1584 = CARTESIAN_POINT('',(36.51015625,12.43955078125));
#1585 = ( GEOMETRIC_REPRESENTATION_CONTEXT(2) 
PARAMETRIC_REPRESENTATION_CONTEXT() REPRESENTATION_CONTEXT('2D SPACE',''
  ) );
#1586 = PCURVE('',#1587,#1594);
#1587 = SURFACE_OF_LINEAR_EXTRUSION('',#1588,#1592);
#1588 = B_SPLINE_CURVE_WITH_KNOTS('',2,(#1589,#1590,#1591),
  .UNSPECIFIED.,.F.,.F.,(3,3),(0.,1.),.PIECEWISE_BEZIER_KNOTS.);
#1589 = CARTESIAN_POINT('',(34.91015625,3.955078125E-02,8.7));
#1590 = CARTESIAN_POINT('',(34.91015625,0.39111328125,8.7));
#1591 = CARTESIAN_POINT('',(34.78125,0.56689453125,8.7));
#1592 = VECTOR('',#1593,1.);
#1593 = DIRECTION('',(-0.,-0.,-1.));
#1594 = DEFINITIONAL_REPRESENTATION('',(#1595),#1603);
#1595 = B_SPLINE_CURVE_WITH_KNOTS('',6,(#1596,#1597,#1598,#1599,#1600,
    #1601,#1602),.UNSPECIFIED.,.F.,.F.,(7,7),(0.,1.),
  .PIECEWISE_BEZIER_KNOTS.);
#1596 = CARTESIAN_POINT('',(1.,-0.5));
#1597 = CARTESIAN_POINT('',(0.825190020966,-0.5));
#1598 = CARTESIAN_POINT('',(0.652138130229,-0.5));
#1599 = CARTESIAN_POINT('',(0.482374389594,-0.5));
#1600 = CARTESIAN_POINT('',(0.316814168135,-0.5));
#1601 = CARTESIAN_POINT('',(0.155963786427,-0.5));
#1602 = CARTESIAN_POINT('',(0.,-0.5));
#1603 = ( GEOMETRIC_REPRESENTATION_CONTEXT(2) 
PARAMETRIC_REPRESENTATION_CONTEXT() REPRESENTATION_CONTEXT('2D SPACE',''
  ) );
#1604 = ORIENTED_EDGE('',*,*,#1605,.F.);
#1605 = EDGE_CURVE('',#1606,#1564,#1608,.T.);
#1606 = VERTEX_POINT('',#1607);
#1607 = CARTESIAN_POINT('',(34.359375,0.74267578125,9.2));
#1608 = SURFACE_CURVE('',#1609,(#1622,#1638),.PCURVE_S1.);
#1609 = B_SPLINE_CURVE_WITH_KNOTS('',6,(#1610,#1611,#1612,#1613,#1614,
    #1615,#1616,#1617,#1618,#1619,#1620,#1621),.UNSPECIFIED.,.F.,.F.,(7,
    5,7),(0.,0.834892609034,1.),.UNSPECIFIED.);
#1610 = CARTESIAN_POINT('',(34.359375,0.74267578125,9.2));
#1611 = CARTESIAN_POINT('',(34.437307068699,0.74267578125,9.2));
#1612 = CARTESIAN_POINT('',(34.510091804051,0.735212715376,9.2));
#1613 = CARTESIAN_POINT('',(34.576836096055,0.719634065656,9.2));
#1614 = CARTESIAN_POINT('',(34.63668668239,0.695441545461,9.2));
#1615 = CARTESIAN_POINT('',(34.688958093547,0.66244832413,9.2));
#1616 = CARTESIAN_POINT('',(34.74207738814,0.6127981746,9.2));
#1617 = CARTESIAN_POINT('',(34.750538470734,0.604269227329,9.2));
#1618 = CARTESIAN_POINT('',(34.758687818906,0.595411234356,9.2));
#1619 = CARTESIAN_POINT('',(34.766523592571,0.586227063991,9.2));
#1620 = CARTESIAN_POINT('',(34.774044540436,0.576720157928,9.2));
#1621 = CARTESIAN_POINT('',(34.78125,0.56689453125,9.2));
#1622 = PCURVE('',#126,#1623);
#1623 = DEFINITIONAL_REPRESENTATION('',(#1624),#1637);
#1624 = B_SPLINE_CURVE_WITH_KNOTS('',6,(#1625,#1626,#1627,#1628,#1629,
    #1630,#1631,#1632,#1633,#1634,#1635,#1636),.UNSPECIFIED.,.F.,.F.,(7,
    5,7),(0.,0.834892609034,1.),.UNSPECIFIED.);
#1625 = CARTESIAN_POINT('',(35.959375,13.14267578125));
#1626 = CARTESIAN_POINT('',(36.037307068699,13.14267578125));
#1627 = CARTESIAN_POINT('',(36.110091804051,13.135212715376));
#1628 = CARTESIAN_POINT('',(36.176836096055,13.119634065656));
#1629 = CARTESIAN_POINT('',(36.23668668239,13.095441545461));
#1630 = CARTESIAN_POINT('',(36.288958093547,13.06244832413));
#1631 = CARTESIAN_POINT('',(36.34207738814,13.0127981746));
#1632 = CARTESIAN_POINT('',(36.350538470734,13.004269227329));
#1633 = CARTESIAN_POINT('',(36.358687818906,12.995411234356));
#1634 = CARTESIAN_POINT('',(36.366523592571,12.986227063991));
#1635 = CARTESIAN_POINT('',(36.374044540436,12.976720157928));
#1636 = CARTESIAN_POINT('',(36.38125,12.96689453125));
#1637 = ( GEOMETRIC_REPRESENTATION_CONTEXT(2) 
PARAMETRIC_REPRESENTATION_CONTEXT() REPRESENTATION_CONTEXT('2D SPACE',''
  ) );
#1638 = PCURVE('',#1639,#1646);
#1639 = SURFACE_OF_LINEAR_EXTRUSION('',#1640,#1644);
#1640 = B_SPLINE_CURVE_WITH_KNOTS('',2,(#1641,#1642,#1643),
  .UNSPECIFIED.,.F.,.F.,(3,3),(0.,1.),.PIECEWISE_BEZIER_KNOTS.);
#1641 = CARTESIAN_POINT('',(34.78125,0.56689453125,8.7));
#1642 = CARTESIAN_POINT('',(34.65234375,0.74267578125,8.7));
#1643 = CARTESIAN_POINT('',(34.359375,0.74267578125,8.7));
#1644 = VECTOR('',#1645,1.);
#1645 = DIRECTION('',(-0.,-0.,-1.));
#1646 = DEFINITIONAL_REPRESENTATION('',(#1647),#1660);
#1647 = B_SPLINE_CURVE_WITH_KNOTS('',6,(#1648,#1649,#1650,#1651,#1652,
    #1653,#1654,#1655,#1656,#1657,#1658,#1659),.UNSPECIFIED.,.F.,.F.,(7,
    5,7),(0.,0.834892609034,1.),.UNSPECIFIED.);
#1648 = CARTESIAN_POINT('',(1.,-0.5));
#1649 = CARTESIAN_POINT('',(0.866995936088,-0.5));
#1650 = CARTESIAN_POINT('',(0.730888819712,-0.5));
#1651 = CARTESIAN_POINT('',(0.592163503317,-0.5));
#1652 = CARTESIAN_POINT('',(0.451482506024,-0.5));
#1653 = CARTESIAN_POINT('',(0.309718095317,-0.5));
#1654 = CARTESIAN_POINT('',(0.139973994359,-0.5));
#1655 = CARTESIAN_POINT('',(0.111948081389,-0.5));
#1656 = CARTESIAN_POINT('',(8.393006192582E-02,-0.5));
#1657 = CARTESIAN_POINT('',(5.592764527611E-02,-0.5));
#1658 = CARTESIAN_POINT('',(2.794844921784E-02,-0.5));
#1659 = CARTESIAN_POINT('',(0.,-0.5));
#1660 = ( GEOMETRIC_REPRESENTATION_CONTEXT(2) 
PARAMETRIC_REPRESENTATION_CONTEXT() REPRESENTATION_CONTEXT('2D SPACE',''
  ) );
#1661 = ORIENTED_EDGE('',*,*,#1662,.F.);
#1662 = EDGE_CURVE('',#1663,#1606,#1665,.T.);
#1663 = VERTEX_POINT('',#1664);
#1664 = CARTESIAN_POINT('',(33.94775390625,0.62548828125,9.2));
#1665 = SURFACE_CURVE('',#1666,(#1675,#1687),.PCURVE_S1.);
#1666 = B_SPLINE_CURVE_WITH_KNOTS('',4,(#1667,#1668,#1669,#1670,#1671,
    #1672,#1673,#1674),.UNSPECIFIED.,.F.,.F.,(5,3,5),(0.,0.4949820392,1.
    ),.UNSPECIFIED.);
#1667 = CARTESIAN_POINT('',(33.94775390625,0.62548828125,9.2));
#1668 = CARTESIAN_POINT('',(33.994332244854,0.654374072633,9.2));
#1669 = CARTESIAN_POINT('',(34.042463892695,0.678630355619,9.2));
#1670 = CARTESIAN_POINT('',(34.092083410634,0.698112990369,9.2));
#1671 = CARTESIAN_POINT('',(34.195119326497,0.727764669685,9.2));
#1672 = CARTESIAN_POINT('',(34.248593114417,0.737737081871,9.2));
#1673 = CARTESIAN_POINT('',(34.303391863258,0.74267578125,9.2));
#1674 = CARTESIAN_POINT('',(34.359375,0.74267578125,9.2));
#1675 = PCURVE('',#126,#1676);
#1676 = DEFINITIONAL_REPRESENTATION('',(#1677),#1686);
#1677 = B_SPLINE_CURVE_WITH_KNOTS('',4,(#1678,#1679,#1680,#1681,#1682,
    #1683,#1684,#1685),.UNSPECIFIED.,.F.,.F.,(5,3,5),(0.,0.4949820392,1.
    ),.UNSPECIFIED.);
#1678 = CARTESIAN_POINT('',(35.54775390625,13.02548828125));
#1679 = CARTESIAN_POINT('',(35.594332244854,13.054374072633));
#1680 = CARTESIAN_POINT('',(35.642463892695,13.078630355619));
#1681 = CARTESIAN_POINT('',(35.692083410634,13.098112990369));
#1682 = CARTESIAN_POINT('',(35.795119326497,13.127764669685));
#1683 = CARTESIAN_POINT('',(35.848593114417,13.137737081871));
#1684 = CARTESIAN_POINT('',(35.903391863258,13.14267578125));
#1685 = CARTESIAN_POINT('',(35.959375,13.14267578125));
#1686 = ( GEOMETRIC_REPRESENTATION_CONTEXT(2) 
PARAMETRIC_REPRESENTATION_CONTEXT() REPRESENTATION_CONTEXT('2D SPACE',''
  ) );
#1687 = PCURVE('',#1688,#1695);
#1688 = SURFACE_OF_LINEAR_EXTRUSION('',#1689,#1693);
#1689 = B_SPLINE_CURVE_WITH_KNOTS('',2,(#1690,#1691,#1692),
  .UNSPECIFIED.,.F.,.F.,(3,3),(0.,1.),.PIECEWISE_BEZIER_KNOTS.);
#1690 = CARTESIAN_POINT('',(34.359375,0.74267578125,8.7));
#1691 = CARTESIAN_POINT('',(34.13671875,0.74267578125,8.7));
#1692 = CARTESIAN_POINT('',(33.94775390625,0.62548828125,8.7));
#1693 = VECTOR('',#1694,1.);
#1694 = DIRECTION('',(-0.,-0.,-1.));
#1695 = DEFINITIONAL_REPRESENTATION('',(#1696),#1705);
#1696 = B_SPLINE_CURVE_WITH_KNOTS('',4,(#1697,#1698,#1699,#1700,#1701,
    #1702,#1703,#1704),.UNSPECIFIED.,.F.,.F.,(5,3,5),(0.,0.4949820392,1.
    ),.UNSPECIFIED.);
#1697 = CARTESIAN_POINT('',(1.,-0.5));
#1698 = CARTESIAN_POINT('',(0.876753956768,-0.5));
#1699 = CARTESIAN_POINT('',(0.753008656109,-0.5));
#1700 = CARTESIAN_POINT('',(0.629004107776,-0.5));
#1701 = CARTESIAN_POINT('',(0.378481668666,-0.5));
#1702 = CARTESIAN_POINT('',(0.251961850733,-0.5));
#1703 = CARTESIAN_POINT('',(0.125716517597,-0.5));
#1704 = CARTESIAN_POINT('',(0.,-0.5));
#1705 = ( GEOMETRIC_REPRESENTATION_CONTEXT(2) 
PARAMETRIC_REPRESENTATION_CONTEXT() REPRESENTATION_CONTEXT('2D SPACE',''
  ) );
#1706 = ORIENTED_EDGE('',*,*,#1707,.F.);
#1707 = EDGE_CURVE('',#1708,#1663,#1710,.T.);
#1708 = VERTEX_POINT('',#1709);
#1709 = CARTESIAN_POINT('',(33.673828125,0.28271484375,9.2));
#1710 = SURFACE_CURVE('',#1711,(#1722,#1736),.PCURVE_S1.);
#1711 = B_SPLINE_CURVE_WITH_KNOTS('',5,(#1712,#1713,#1714,#1715,#1716,
    #1717,#1718,#1719,#1720,#1721),.UNSPECIFIED.,.F.,.F.,(6,4,6),(0.,
    0.694017871827,1.),.UNSPECIFIED.);
#1712 = CARTESIAN_POINT('',(33.673828125,0.28271484375,9.2));
#1713 = CARTESIAN_POINT('',(33.697101490022,0.344509640533,9.2));
#1714 = CARTESIAN_POINT('',(33.725455639841,0.401760145615,9.2));
#1715 = CARTESIAN_POINT('',(33.75900052276,0.45412827262,9.2));
#1716 = CARTESIAN_POINT('',(33.797739943815,0.501358996237,9.2));
#1717 = CARTESIAN_POINT('',(33.860838913323,0.561818124713,9.2));
#1718 = CARTESIAN_POINT('',(33.881128597276,0.579293350206,9.2));
#1719 = CARTESIAN_POINT('',(33.902389084331,0.59573330446,9.2));
#1720 = CARTESIAN_POINT('',(33.924604317413,0.611131947088,9.2));
#1721 = CARTESIAN_POINT('',(33.94775390625,0.62548828125,9.2));
#1722 = PCURVE('',#126,#1723);
#1723 = DEFINITIONAL_REPRESENTATION('',(#1724),#1735);
#1724 = B_SPLINE_CURVE_WITH_KNOTS('',5,(#1725,#1726,#1727,#1728,#1729,
    #1730,#1731,#1732,#1733,#1734),.UNSPECIFIED.,.F.,.F.,(6,4,6),(0.,
    0.694017871827,1.),.UNSPECIFIED.);
#1725 = CARTESIAN_POINT('',(35.273828125,12.68271484375));
#1726 = CARTESIAN_POINT('',(35.297101490022,12.744509640533));
#1727 = CARTESIAN_POINT('',(35.325455639841,12.801760145615));
#1728 = CARTESIAN_POINT('',(35.35900052276,12.85412827262));
#1729 = CARTESIAN_POINT('',(35.397739943815,12.901358996237));
#1730 = CARTESIAN_POINT('',(35.460838913323,12.961818124713));
#1731 = CARTESIAN_POINT('',(35.481128597276,12.979293350206));
#1732 = CARTESIAN_POINT('',(35.502389084331,12.99573330446));
#1733 = CARTESIAN_POINT('',(35.524604317413,13.011131947088));
#1734 = CARTESIAN_POINT('',(35.54775390625,13.02548828125));
#1735 = ( GEOMETRIC_REPRESENTATION_CONTEXT(2) 
PARAMETRIC_REPRESENTATION_CONTEXT() REPRESENTATION_CONTEXT('2D SPACE',''
  ) );
#1736 = PCURVE('',#1737,#1744);
#1737 = SURFACE_OF_LINEAR_EXTRUSION('',#1738,#1742);
#1738 = B_SPLINE_CURVE_WITH_KNOTS('',2,(#1739,#1740,#1741),
  .UNSPECIFIED.,.F.,.F.,(3,3),(0.,1.),.PIECEWISE_BEZIER_KNOTS.);
#1739 = CARTESIAN_POINT('',(33.94775390625,0.62548828125,8.7));
#1740 = CARTESIAN_POINT('',(33.7587890625,0.50830078125,8.7));
#1741 = CARTESIAN_POINT('',(33.673828125,0.28271484375,8.7));
#1742 = VECTOR('',#1743,1.);
#1743 = DIRECTION('',(-0.,-0.,-1.));
#1744 = DEFINITIONAL_REPRESENTATION('',(#1745),#1756);
#1745 = B_SPLINE_CURVE_WITH_KNOTS('',5,(#1746,#1747,#1748,#1749,#1750,
    #1751,#1752,#1753,#1754,#1755),.UNSPECIFIED.,.F.,.F.,(6,4,6),(0.,
    0.694017871827,1.),.UNSPECIFIED.);
#1746 = CARTESIAN_POINT('',(1.,-0.5));
#1747 = CARTESIAN_POINT('',(0.863034909294,-0.5));
#1748 = CARTESIAN_POINT('',(0.724874202211,-0.5));
#1749 = CARTESIAN_POINT('',(0.585873603371,-0.5));
#1750 = CARTESIAN_POINT('',(0.446432714985,-0.5));
#1751 = CARTESIAN_POINT('',(0.24552619565,-0.5));
#1752 = CARTESIAN_POINT('',(0.184052622257,-0.5));
#1753 = CARTESIAN_POINT('',(0.122616370645,-0.5));
#1754 = CARTESIAN_POINT('',(6.125369242569E-02,-0.5));
#1755 = CARTESIAN_POINT('',(0.,-0.5));
#1756 = ( GEOMETRIC_REPRESENTATION_CONTEXT(2) 
PARAMETRIC_REPRESENTATION_CONTEXT() REPRESENTATION_CONTEXT('2D SPACE',''
  ) );
#1757 = ORIENTED_EDGE('',*,*,#1758,.F.);
#1758 = EDGE_CURVE('',#1759,#1708,#1761,.T.);
#1759 = VERTEX_POINT('',#1760);
#1760 = CARTESIAN_POINT('',(33.5888671875,-0.36767578125,9.2));
#1761 = SURFACE_CURVE('',#1762,(#1770,#1781),.PCURVE_S1.);
#1762 = B_SPLINE_CURVE_WITH_KNOTS('',6,(#1763,#1764,#1765,#1766,#1767,
    #1768,#1769),.UNSPECIFIED.,.F.,.F.,(7,7),(0.,1.),
  .PIECEWISE_BEZIER_KNOTS.);
#1763 = CARTESIAN_POINT('',(33.5888671875,-0.36767578125,9.2));
#1764 = CARTESIAN_POINT('',(33.5888671875,-0.238071186158,9.2));
#1765 = CARTESIAN_POINT('',(33.593611799618,-0.114947559264,9.2));
#1766 = CARTESIAN_POINT('',(33.603741035777,5.086395437619E-04,9.2));
#1767 = CARTESIAN_POINT('',(33.619999104624,0.10663215018,9.2));
#1768 = CARTESIAN_POINT('',(33.643185336079,0.201352955925,9.2));
#1769 = CARTESIAN_POINT('',(33.673828125,0.28271484375,9.2));
#1770 = PCURVE('',#126,#1771);
#1771 = DEFINITIONAL_REPRESENTATION('',(#1772),#1780);
#1772 = B_SPLINE_CURVE_WITH_KNOTS('',6,(#1773,#1774,#1775,#1776,#1777,
    #1778,#1779),.UNSPECIFIED.,.F.,.F.,(7,7),(0.,1.),
  .PIECEWISE_BEZIER_KNOTS.);
#1773 = CARTESIAN_POINT('',(35.1888671875,12.03232421875));
#1774 = CARTESIAN_POINT('',(35.1888671875,12.161928813842));
#1775 = CARTESIAN_POINT('',(35.193611799618,12.285052440736));
#1776 = CARTESIAN_POINT('',(35.203741035777,12.400508639544));
#1777 = CARTESIAN_POINT('',(35.219999104624,12.50663215018));
#1778 = CARTESIAN_POINT('',(35.243185336079,12.601352955925));
#1779 = CARTESIAN_POINT('',(35.273828125,12.68271484375));
#1780 = ( GEOMETRIC_REPRESENTATION_CONTEXT(2) 
PARAMETRIC_REPRESENTATION_CONTEXT() REPRESENTATION_CONTEXT('2D SPACE',''
  ) );
#1781 = PCURVE('',#1782,#1789);
#1782 = SURFACE_OF_LINEAR_EXTRUSION('',#1783,#1787);
#1783 = B_SPLINE_CURVE_WITH_KNOTS('',2,(#1784,#1785,#1786),
  .UNSPECIFIED.,.F.,.F.,(3,3),(0.,1.),.PIECEWISE_BEZIER_KNOTS.);
#1784 = CARTESIAN_POINT('',(33.673828125,0.28271484375,8.7));
#1785 = CARTESIAN_POINT('',(33.5888671875,5.712890625E-02,8.7));
#1786 = CARTESIAN_POINT('',(33.5888671875,-0.36767578125,8.7));
#1787 = VECTOR('',#1788,1.);
#1788 = DIRECTION('',(-0.,-0.,-1.));
#1789 = DEFINITIONAL_REPRESENTATION('',(#1790),#1798);
#1790 = B_SPLINE_CURVE_WITH_KNOTS('',6,(#1791,#1792,#1793,#1794,#1795,
    #1796,#1797),.UNSPECIFIED.,.F.,.F.,(7,7),(0.,1.),
  .PIECEWISE_BEZIER_KNOTS.);
#1791 = CARTESIAN_POINT('',(1.,-0.5));
#1792 = CARTESIAN_POINT('',(0.847453901868,-0.5));
#1793 = CARTESIAN_POINT('',(0.689441374907,-0.5));
#1794 = CARTESIAN_POINT('',(0.525592534161,-0.5));
#1795 = CARTESIAN_POINT('',(0.355813476617,-0.5));
#1796 = CARTESIAN_POINT('',(0.180334573882,-0.5));
#1797 = CARTESIAN_POINT('',(0.,-0.5));
#1798 = ( GEOMETRIC_REPRESENTATION_CONTEXT(2) 
PARAMETRIC_REPRESENTATION_CONTEXT() REPRESENTATION_CONTEXT('2D SPACE',''
  ) );
#1799 = ORIENTED_EDGE('',*,*,#1800,.F.);
#1800 = EDGE_CURVE('',#686,#1759,#1801,.T.);
#1801 = SURFACE_CURVE('',#1802,(#1806,#1812),.PCURVE_S1.);
#1802 = LINE('',#1803,#1804);
#1803 = CARTESIAN_POINT('',(33.5888671875,-6.383837890625,9.2));
#1804 = VECTOR('',#1805,1.);
#1805 = DIRECTION('',(0.,1.,0.));
#1806 = PCURVE('',#126,#1807);
#1807 = DEFINITIONAL_REPRESENTATION('',(#1808),#1811);
#1808 = B_SPLINE_CURVE_WITH_KNOTS('',1,(#1809,#1810),.UNSPECIFIED.,.F.,
  .F.,(2,2),(4.401904296875,6.016162109375),.PIECEWISE_BEZIER_KNOTS.);
#1809 = CARTESIAN_POINT('',(35.1888671875,10.41806640625));
#1810 = CARTESIAN_POINT('',(35.1888671875,12.03232421875));
#1811 = ( GEOMETRIC_REPRESENTATION_CONTEXT(2) 
PARAMETRIC_REPRESENTATION_CONTEXT() REPRESENTATION_CONTEXT('2D SPACE',''
  ) );
#1812 = PCURVE('',#1813,#1818);
#1813 = PLANE('',#1814);
#1814 = AXIS2_PLACEMENT_3D('',#1815,#1816,#1817);
#1815 = CARTESIAN_POINT('',(33.5888671875,-0.36767578125,8.7));
#1816 = DIRECTION('',(1.,0.,0.));
#1817 = DIRECTION('',(0.,-1.,0.));
#1818 = DEFINITIONAL_REPRESENTATION('',(#1819),#1822);
#1819 = B_SPLINE_CURVE_WITH_KNOTS('',1,(#1820,#1821),.UNSPECIFIED.,.F.,
  .F.,(2,2),(4.401904296875,6.016162109375),.PIECEWISE_BEZIER_KNOTS.);
#1820 = CARTESIAN_POINT('',(1.6142578125,-0.5));
#1821 = CARTESIAN_POINT('',(0.,-0.5));
#1822 = ( GEOMETRIC_REPRESENTATION_CONTEXT(2) 
PARAMETRIC_REPRESENTATION_CONTEXT() REPRESENTATION_CONTEXT('2D SPACE',''
  ) );
#1823 = FACE_BOUND('',#1824,.T.);
#1824 = EDGE_LOOP('',(#1825,#1914,#1971,#2034,#2106,#2157,#2208,#2259,
    #2322));
#1825 = ORIENTED_EDGE('',*,*,#1826,.F.);
#1826 = EDGE_CURVE('',#1827,#1829,#1831,.T.);
#1827 = VERTEX_POINT('',#1828);
#1828 = CARTESIAN_POINT('',(44.6806640625,0.85400390625,9.2));
#1829 = VERTEX_POINT('',#1830);
#1830 = CARTESIAN_POINT('',(44.2001953125,-0.42626953125,9.2));
#1831 = SURFACE_CURVE('',#1832,(#1855,#1881),.PCURVE_S1.);
#1832 = B_SPLINE_CURVE_WITH_KNOTS('',6,(#1833,#1834,#1835,#1836,#1837,
    #1838,#1839,#1840,#1841,#1842,#1843,#1844,#1845,#1846,#1847,#1848,
    #1849,#1850,#1851,#1852,#1853,#1854),.UNSPECIFIED.,.F.,.F.,(7,5,5,5,
    7),(0.,9.594897882386E-02,0.352047955071,0.619296574077,1.),
  .UNSPECIFIED.);
#1833 = CARTESIAN_POINT('',(44.6806640625,0.85400390625,9.2));
#1834 = CARTESIAN_POINT('',(44.664206420974,0.839753997124,9.2));
#1835 = CARTESIAN_POINT('',(44.648064031969,0.825168645638,9.2));
#1836 = CARTESIAN_POINT('',(44.632244316231,0.810251062674,9.2));
#1837 = CARTESIAN_POINT('',(44.616753986298,0.795005275939,9.2));
#1838 = CARTESIAN_POINT('',(44.601599046502,0.77943612997,9.2));
#1839 = CARTESIAN_POINT('',(44.547243828486,0.721145453467,9.2));
#1840 = CARTESIAN_POINT('',(44.510127266648,0.676475466683,9.2));
#1841 = CARTESIAN_POINT('',(44.475541238368,0.629652055189,9.2));
#1842 = CARTESIAN_POINT('',(44.443538344127,0.58081745938,9.2));
#1843 = CARTESIAN_POINT('',(44.414126588138,0.53013647021,9.2));
#1844 = CARTESIAN_POINT('',(44.359261157992,0.42316346417,9.2));
#1845 = CARTESIAN_POINT('',(44.334033436849,0.366718732048,9.2));
#1846 = CARTESIAN_POINT('',(44.311560268229,0.308653017414,9.2));
#1847 = CARTESIAN_POINT('',(44.29176013199,0.24916279826,9.2));
#1848 = CARTESIAN_POINT('',(44.274522807511,0.18843337647,9.2));
#1849 = CARTESIAN_POINT('',(44.238650699795,3.858679347665E-02,9.2));
#1850 = CARTESIAN_POINT('',(44.22253053949,-5.16303063302E-02,9.2));
#1851 = CARTESIAN_POINT('',(44.211008168141,-0.143568272895,9.2));
#1852 = CARTESIAN_POINT('',(44.203687767238,-0.236839358202,9.2));
#1853 = CARTESIAN_POINT('',(44.2001953125,-0.331142610697,9.2));
#1854 = CARTESIAN_POINT('',(44.2001953125,-0.42626953125,9.2));
#1855 = PCURVE('',#126,#1856);
#1856 = DEFINITIONAL_REPRESENTATION('',(#1857),#1880);
#1857 = B_SPLINE_CURVE_WITH_KNOTS('',6,(#1858,#1859,#1860,#1861,#1862,
    #1863,#1864,#1865,#1866,#1867,#1868,#1869,#1870,#1871,#1872,#1873,
    #1874,#1875,#1876,#1877,#1878,#1879),.UNSPECIFIED.,.F.,.F.,(7,5,5,5,
    7),(0.,9.594897882386E-02,0.352047955071,0.619296574077,1.),
  .UNSPECIFIED.);
#1858 = CARTESIAN_POINT('',(46.2806640625,13.25400390625));
#1859 = CARTESIAN_POINT('',(46.264206420974,13.239753997124));
#1860 = CARTESIAN_POINT('',(46.248064031969,13.225168645638));
#1861 = CARTESIAN_POINT('',(46.232244316231,13.210251062674));
#1862 = CARTESIAN_POINT('',(46.216753986298,13.195005275939));
#1863 = CARTESIAN_POINT('',(46.201599046502,13.17943612997));
#1864 = CARTESIAN_POINT('',(46.147243828486,13.121145453467));
#1865 = CARTESIAN_POINT('',(46.110127266648,13.076475466683));
#1866 = CARTESIAN_POINT('',(46.075541238368,13.029652055189));
#1867 = CARTESIAN_POINT('',(46.043538344127,12.98081745938));
#1868 = CARTESIAN_POINT('',(46.014126588138,12.93013647021));
#1869 = CARTESIAN_POINT('',(45.959261157992,12.82316346417));
#1870 = CARTESIAN_POINT('',(45.934033436849,12.766718732048));
#1871 = CARTESIAN_POINT('',(45.911560268229,12.708653017414));
#1872 = CARTESIAN_POINT('',(45.89176013199,12.64916279826));
#1873 = CARTESIAN_POINT('',(45.874522807511,12.58843337647));
#1874 = CARTESIAN_POINT('',(45.838650699795,12.438586793477));
#1875 = CARTESIAN_POINT('',(45.82253053949,12.34836969367));
#1876 = CARTESIAN_POINT('',(45.811008168141,12.256431727105));
#1877 = CARTESIAN_POINT('',(45.803687767238,12.163160641798));
#1878 = CARTESIAN_POINT('',(45.8001953125,12.068857389303));
#1879 = CARTESIAN_POINT('',(45.8001953125,11.97373046875));
#1880 = ( GEOMETRIC_REPRESENTATION_CONTEXT(2) 
PARAMETRIC_REPRESENTATION_CONTEXT() REPRESENTATION_CONTEXT('2D SPACE',''
  ) );
#1881 = PCURVE('',#1882,#1889);
#1882 = SURFACE_OF_LINEAR_EXTRUSION('',#1883,#1887);
#1883 = B_SPLINE_CURVE_WITH_KNOTS('',2,(#1884,#1885,#1886),
  .UNSPECIFIED.,.F.,.F.,(3,3),(0.,1.),.PIECEWISE_BEZIER_KNOTS.);
#1884 = CARTESIAN_POINT('',(44.2001953125,-0.42626953125,8.7));
#1885 = CARTESIAN_POINT('',(44.2001953125,0.43798828125,8.7));
#1886 = CARTESIAN_POINT('',(44.6806640625,0.85400390625,8.7));
#1887 = VECTOR('',#1888,1.);
#1888 = DIRECTION('',(-0.,-0.,-1.));
#1889 = DEFINITIONAL_REPRESENTATION('',(#1890),#1913);
#1890 = B_SPLINE_CURVE_WITH_KNOTS('',6,(#1891,#1892,#1893,#1894,#1895,
    #1896,#1897,#1898,#1899,#1900,#1901,#1902,#1903,#1904,#1905,#1906,
    #1907,#1908,#1909,#1910,#1911,#1912),.UNSPECIFIED.,.F.,.F.,(7,5,5,5,
    7),(0.,9.594897882386E-02,0.352047955071,0.619296574077,1.),
  .UNSPECIFIED.);
#1891 = CARTESIAN_POINT('',(1.,-0.5));
#1892 = CARTESIAN_POINT('',(0.982873348656,-0.5));
#1893 = CARTESIAN_POINT('',(0.965722783832,-0.5));
#1894 = CARTESIAN_POINT('',(0.948554168299,-0.5));
#1895 = CARTESIAN_POINT('',(0.931373455151,-0.5));
#1896 = CARTESIAN_POINT('',(0.914186687806,-0.5));
#1897 = CARTESIAN_POINT('',(0.851126732707,-0.5));
#1898 = CARTESIAN_POINT('',(0.805250940792,-0.5));
#1899 = CARTESIAN_POINT('',(0.759495123459,-0.5));
#1900 = CARTESIAN_POINT('',(0.713969961105,-0.5));
#1901 = CARTESIAN_POINT('',(0.668775110507,-0.5));
#1902 = CARTESIAN_POINT('',(0.577275539699,-0.5));
#1903 = CARTESIAN_POINT('',(0.531004421949,-0.5));
#1904 = CARTESIAN_POINT('',(0.485282222256,-0.5));
#1905 = CARTESIAN_POINT('',(0.44017861061,-0.5));
#1906 = CARTESIAN_POINT('',(0.395741300844,-0.5));
#1907 = CARTESIAN_POINT('',(0.289689245513,-0.5));
#1908 = CARTESIAN_POINT('',(0.228795361579,-0.5));
#1909 = CARTESIAN_POINT('',(0.169387454327,-0.5));
#1910 = CARTESIAN_POINT('',(0.111476214034,-0.5));
#1911 = CARTESIAN_POINT('',(5.503387946125E-02,-0.5));
#1912 = CARTESIAN_POINT('',(0.,-0.5));
#1913 = ( GEOMETRIC_REPRESENTATION_CONTEXT(2) 
PARAMETRIC_REPRESENTATION_CONTEXT() REPRESENTATION_CONTEXT('2D SPACE',''
  ) );
#1914 = ORIENTED_EDGE('',*,*,#1915,.F.);
#1915 = EDGE_CURVE('',#1916,#1827,#1918,.T.);
#1916 = VERTEX_POINT('',#1917);
#1917 = CARTESIAN_POINT('',(45.6591796875,1.19970703125,9.2));
#1918 = SURFACE_CURVE('',#1919,(#1932,#1948),.PCURVE_S1.);
#1919 = B_SPLINE_CURVE_WITH_KNOTS('',6,(#1920,#1921,#1922,#1923,#1924,
    #1925,#1926,#1927,#1928,#1929,#1930,#1931),.UNSPECIFIED.,.F.,.F.,(7,
    5,7),(0.,0.677584895484,1.),.UNSPECIFIED.);
#1920 = CARTESIAN_POINT('',(45.6591796875,1.19970703125,9.2));
#1921 = CARTESIAN_POINT('',(45.534729780978,1.19970703125,9.2));
#1922 = CARTESIAN_POINT('',(45.412323838443,1.190062698292,9.2));
#1923 = CARTESIAN_POINT('',(45.292833855283,1.169943436463,9.2));
#1924 = CARTESIAN_POINT('',(45.177192513365,1.138716934505,9.2));
#1925 = CARTESIAN_POINT('',(45.066321541828,1.096146726079,9.2));
#1926 = CARTESIAN_POINT('',(44.910939174755,1.017212959996,9.2));
#1927 = CARTESIAN_POINT('',(44.862097914524,0.989288107255,9.2));
#1928 = CARTESIAN_POINT('',(44.814594945525,0.958928984936,9.2));
#1929 = CARTESIAN_POINT('',(44.768493339207,0.926201165802,9.2));
#1930 = CARTESIAN_POINT('',(44.723839284388,0.891191323643,9.2));
#1931 = CARTESIAN_POINT('',(44.6806640625,0.85400390625,9.2));
#1932 = PCURVE('',#126,#1933);
#1933 = DEFINITIONAL_REPRESENTATION('',(#1934),#1947);
#1934 = B_SPLINE_CURVE_WITH_KNOTS('',6,(#1935,#1936,#1937,#1938,#1939,
    #1940,#1941,#1942,#1943,#1944,#1945,#1946),.UNSPECIFIED.,.F.,.F.,(7,
    5,7),(0.,0.677584895484,1.),.UNSPECIFIED.);
#1935 = CARTESIAN_POINT('',(47.2591796875,13.59970703125));
#1936 = CARTESIAN_POINT('',(47.134729780978,13.59970703125));
#1937 = CARTESIAN_POINT('',(47.012323838443,13.590062698292));
#1938 = CARTESIAN_POINT('',(46.892833855283,13.569943436463));
#1939 = CARTESIAN_POINT('',(46.777192513365,13.538716934505));
#1940 = CARTESIAN_POINT('',(46.666321541828,13.496146726079));
#1941 = CARTESIAN_POINT('',(46.510939174755,13.417212959996));
#1942 = CARTESIAN_POINT('',(46.462097914524,13.389288107255));
#1943 = CARTESIAN_POINT('',(46.414594945525,13.358928984936));
#1944 = CARTESIAN_POINT('',(46.368493339207,13.326201165802));
#1945 = CARTESIAN_POINT('',(46.323839284388,13.291191323643));
#1946 = CARTESIAN_POINT('',(46.2806640625,13.25400390625));
#1947 = ( GEOMETRIC_REPRESENTATION_CONTEXT(2) 
PARAMETRIC_REPRESENTATION_CONTEXT() REPRESENTATION_CONTEXT('2D SPACE',''
  ) );
#1948 = PCURVE('',#1949,#1956);
#1949 = SURFACE_OF_LINEAR_EXTRUSION('',#1950,#1954);
#1950 = B_SPLINE_CURVE_WITH_KNOTS('',2,(#1951,#1952,#1953),
  .UNSPECIFIED.,.F.,.F.,(3,3),(0.,1.),.PIECEWISE_BEZIER_KNOTS.);
#1951 = CARTESIAN_POINT('',(44.6806640625,0.85400390625,8.7));
#1952 = CARTESIAN_POINT('',(45.08203125,1.19970703125,8.7));
#1953 = CARTESIAN_POINT('',(45.6591796875,1.19970703125,8.7));
#1954 = VECTOR('',#1955,1.);
#1955 = DIRECTION('',(-0.,-0.,-1.));
#1956 = DEFINITIONAL_REPRESENTATION('',(#1957),#1970);
#1957 = B_SPLINE_CURVE_WITH_KNOTS('',6,(#1958,#1959,#1960,#1961,#1962,
    #1963,#1964,#1965,#1966,#1967,#1968,#1969),.UNSPECIFIED.,.F.,.F.,(7,
    5,7),(0.,0.677584895484,1.),.UNSPECIFIED.);
#1958 = CARTESIAN_POINT('',(1.,-0.5));
#1959 = CARTESIAN_POINT('',(0.892185529375,-0.5));
#1960 = CARTESIAN_POINT('',(0.781893417002,-0.5));
#1961 = CARTESIAN_POINT('',(0.669513214731,-0.5));
#1962 = CARTESIAN_POINT('',(0.555574394382,-0.5));
#1963 = CARTESIAN_POINT('',(0.440771311139,-0.5));
#1964 = CARTESIAN_POINT('',(0.27138838672,-0.5));
#1965 = CARTESIAN_POINT('',(0.216774760658,-0.5));
#1966 = CARTESIAN_POINT('',(0.16224822401,-0.5));
#1967 = CARTESIAN_POINT('',(0.107892302547,-0.5));
#1968 = CARTESIAN_POINT('',(5.378519125711E-02,-0.5));
#1969 = CARTESIAN_POINT('',(0.,-0.5));
#1970 = ( GEOMETRIC_REPRESENTATION_CONTEXT(2) 
PARAMETRIC_REPRESENTATION_CONTEXT() REPRESENTATION_CONTEXT('2D SPACE',''
  ) );
#1971 = ORIENTED_EDGE('',*,*,#1972,.F.);
#1972 = EDGE_CURVE('',#1973,#1916,#1975,.T.);
#1973 = VERTEX_POINT('',#1974);
#1974 = CARTESIAN_POINT('',(46.7080078125,0.779296875,9.2));
#1975 = SURFACE_CURVE('',#1976,(#1991,#2009),.PCURVE_S1.);
#1976 = B_SPLINE_CURVE_WITH_KNOTS('',5,(#1977,#1978,#1979,#1980,#1981,
    #1982,#1983,#1984,#1985,#1986,#1987,#1988,#1989,#1990),
  .UNSPECIFIED.,.F.,.F.,(6,4,4,6),(0.,0.345609046647,0.77800901985,1.),
  .UNSPECIFIED.);
#1977 = CARTESIAN_POINT('',(46.7080078125,0.779296875,9.2));
#1978 = CARTESIAN_POINT('',(46.651920154304,0.837200320692,9.2));
#1979 = CARTESIAN_POINT('',(46.592385922904,0.890808759917,9.2));
#1980 = CARTESIAN_POINT('',(46.529461485373,0.939689947402,9.2));
#1981 = CARTESIAN_POINT('',(46.463307920435,0.983506072001,9.2));
#1982 = CARTESIAN_POINT('',(46.30782355796,1.070349209186,9.2));
#1983 = CARTESIAN_POINT('',(46.216820665681,1.110427943391,9.2));
#1984 = CARTESIAN_POINT('',(46.121852858988,1.141962983992,9.2));
#1985 = CARTESIAN_POINT('',(46.023674032153,1.165147752669,9.2));
#1986 = CARTESIAN_POINT('',(45.871392959819,1.188312005939,9.2));
#1987 = CARTESIAN_POINT('',(45.819084251102,1.194094416935,9.2));
#1988 = CARTESIAN_POINT('',(45.76622200389,1.197865333811,9.2));
#1989 = CARTESIAN_POINT('',(45.712894739744,1.19970703125,9.2));
#1990 = CARTESIAN_POINT('',(45.6591796875,1.19970703125,9.2));
#1991 = PCURVE('',#126,#1992);
#1992 = DEFINITIONAL_REPRESENTATION('',(#1993),#2008);
#1993 = B_SPLINE_CURVE_WITH_KNOTS('',5,(#1994,#1995,#1996,#1997,#1998,
    #1999,#2000,#2001,#2002,#2003,#2004,#2005,#2006,#2007),
  .UNSPECIFIED.,.F.,.F.,(6,4,4,6),(0.,0.345609046647,0.77800901985,1.),
  .UNSPECIFIED.);
#1994 = CARTESIAN_POINT('',(48.3080078125,13.179296875));
#1995 = CARTESIAN_POINT('',(48.251920154304,13.237200320692));
#1996 = CARTESIAN_POINT('',(48.192385922904,13.290808759917));
#1997 = CARTESIAN_POINT('',(48.129461485373,13.339689947402));
#1998 = CARTESIAN_POINT('',(48.063307920435,13.383506072001));
#1999 = CARTESIAN_POINT('',(47.90782355796,13.470349209186));
#2000 = CARTESIAN_POINT('',(47.816820665681,13.510427943391));
#2001 = CARTESIAN_POINT('',(47.721852858988,13.541962983992));
#2002 = CARTESIAN_POINT('',(47.623674032153,13.565147752669));
#2003 = CARTESIAN_POINT('',(47.471392959819,13.588312005939));
#2004 = CARTESIAN_POINT('',(47.419084251102,13.594094416935));
#2005 = CARTESIAN_POINT('',(47.36622200389,13.597865333811));
#2006 = CARTESIAN_POINT('',(47.312894739744,13.59970703125));
#2007 = CARTESIAN_POINT('',(47.2591796875,13.59970703125));
#2008 = ( GEOMETRIC_REPRESENTATION_CONTEXT(2) 
PARAMETRIC_REPRESENTATION_CONTEXT() REPRESENTATION_CONTEXT('2D SPACE',''
  ) );
#2009 = PCURVE('',#2010,#2017);
#2010 = SURFACE_OF_LINEAR_EXTRUSION('',#2011,#2015);
#2011 = B_SPLINE_CURVE_WITH_KNOTS('',2,(#2012,#2013,#2014),
  .UNSPECIFIED.,.F.,.F.,(3,3),(0.,1.),.PIECEWISE_BEZIER_KNOTS.);
#2012 = CARTESIAN_POINT('',(45.6591796875,1.19970703125,8.7));
#2013 = CARTESIAN_POINT('',(46.30078125,1.19970703125,8.7));
#2014 = CARTESIAN_POINT('',(46.7080078125,0.779296875,8.7));
#2015 = VECTOR('',#2016,1.);
#2016 = DIRECTION('',(-0.,-0.,-1.));
#2017 = DEFINITIONAL_REPRESENTATION('',(#2018),#2033);
#2018 = B_SPLINE_CURVE_WITH_KNOTS('',5,(#2019,#2020,#2021,#2022,#2023,
    #2024,#2025,#2026,#2027,#2028,#2029,#2030,#2031,#2032),
  .UNSPECIFIED.,.F.,.F.,(6,4,4,6),(0.,0.345609046647,0.77800901985,1.),
  .UNSPECIFIED.);
#2019 = CARTESIAN_POINT('',(1.,-0.5));
#2020 = CARTESIAN_POINT('',(0.931134577946,-0.5));
#2021 = CARTESIAN_POINT('',(0.861449219835,-0.5));
#2022 = CARTESIAN_POINT('',(0.791175642719,-0.5));
#2023 = CARTESIAN_POINT('',(0.720586138249,-0.5));
#2024 = CARTESIAN_POINT('',(0.561687947456,-0.5));
#2025 = CARTESIAN_POINT('',(0.47335708598,-0.5));
#2026 = CARTESIAN_POINT('',(0.385648199569,-0.5));
#2027 = CARTESIAN_POINT('',(0.29906476531,-0.5));
#2028 = CARTESIAN_POINT('',(0.170328372346,-0.5));
#2029 = CARTESIAN_POINT('',(0.127052018512,-0.5));
#2030 = CARTESIAN_POINT('',(8.421819162029E-02,-0.5));
#2031 = CARTESIAN_POINT('',(4.186013203788E-02,-0.5));
#2032 = CARTESIAN_POINT('',(0.,-0.5));
#2033 = ( GEOMETRIC_REPRESENTATION_CONTEXT(2) 
PARAMETRIC_REPRESENTATION_CONTEXT() REPRESENTATION_CONTEXT('2D SPACE',''
  ) );
#2034 = ORIENTED_EDGE('',*,*,#2035,.F.);
#2035 = EDGE_CURVE('',#2036,#1973,#2038,.T.);
#2036 = VERTEX_POINT('',#2037);
#2037 = CARTESIAN_POINT('',(47.115234375,-0.38232421875,9.2));
#2038 = SURFACE_CURVE('',#2039,(#2057,#2078),.PCURVE_S1.);
#2039 = B_SPLINE_CURVE_WITH_KNOTS('',6,(#2040,#2041,#2042,#2043,#2044,
    #2045,#2046,#2047,#2048,#2049,#2050,#2051,#2052,#2053,#2054,#2055,
    #2056),.UNSPECIFIED.,.F.,.F.,(7,5,5,7),(0.,0.341751662404,
    0.890397565367,1.),.UNSPECIFIED.);
#2040 = CARTESIAN_POINT('',(47.115234375,-0.38232421875,9.2));
#2041 = CARTESIAN_POINT('',(47.115234375,-0.306212034114,9.2));
#2042 = CARTESIAN_POINT('',(47.112657812633,-0.230735522465,9.2));
#2043 = CARTESIAN_POINT('',(47.10732853552,-0.156024666346,9.2));
#2044 = CARTESIAN_POINT('',(47.099060647021,-8.224227027535E-02,9.2));
#2045 = CARTESIAN_POINT('',(47.08767430092,-9.578643576456E-03,9.2));
#2046 = CARTESIAN_POINT('',(47.049471924297,0.176270225633,9.2));
#2047 = CARTESIAN_POINT('',(47.017475659754,0.287417545728,9.2));
#2048 = CARTESIAN_POINT('',(46.976380561999,0.39419227225,9.2));
#2049 = CARTESIAN_POINT('',(46.925743338783,0.495550305852,9.2));
#2050 = CARTESIAN_POINT('',(46.865509904442,0.590520337584,9.2));
#2051 = CARTESIAN_POINT('',(46.782455232023,0.695907578608,9.2));
#2052 = CARTESIAN_POINT('',(46.768266362377,0.71317177291,9.2));
#2053 = CARTESIAN_POINT('',(46.753721969974,0.730147193833,9.2));
#2054 = CARTESIAN_POINT('',(46.73882694134,0.746829132688,9.2));
#2055 = CARTESIAN_POINT('',(46.723586821205,0.763213509898,9.2));
#2056 = CARTESIAN_POINT('',(46.7080078125,0.779296875,9.2));
#2057 = PCURVE('',#126,#2058);
#2058 = DEFINITIONAL_REPRESENTATION('',(#2059),#2077);
#2059 = B_SPLINE_CURVE_WITH_KNOTS('',6,(#2060,#2061,#2062,#2063,#2064,
    #2065,#2066,#2067,#2068,#2069,#2070,#2071,#2072,#2073,#2074,#2075,
    #2076),.UNSPECIFIED.,.F.,.F.,(7,5,5,7),(0.,0.341751662404,
    0.890397565367,1.),.UNSPECIFIED.);
#2060 = CARTESIAN_POINT('',(48.715234375,12.01767578125));
#2061 = CARTESIAN_POINT('',(48.715234375,12.093787965886));
#2062 = CARTESIAN_POINT('',(48.712657812633,12.169264477535));
#2063 = CARTESIAN_POINT('',(48.70732853552,12.243975333654));
#2064 = CARTESIAN_POINT('',(48.699060647021,12.317757729725));
#2065 = CARTESIAN_POINT('',(48.68767430092,12.390421356424));
#2066 = CARTESIAN_POINT('',(48.649471924297,12.576270225633));
#2067 = CARTESIAN_POINT('',(48.617475659754,12.687417545728));
#2068 = CARTESIAN_POINT('',(48.576380561999,12.79419227225));
#2069 = CARTESIAN_POINT('',(48.525743338783,12.895550305852));
#2070 = CARTESIAN_POINT('',(48.465509904442,12.990520337584));
#2071 = CARTESIAN_POINT('',(48.382455232023,13.095907578608));
#2072 = CARTESIAN_POINT('',(48.368266362377,13.11317177291));
#2073 = CARTESIAN_POINT('',(48.353721969974,13.130147193833));
#2074 = CARTESIAN_POINT('',(48.33882694134,13.146829132688));
#2075 = CARTESIAN_POINT('',(48.323586821205,13.163213509898));
#2076 = CARTESIAN_POINT('',(48.3080078125,13.179296875));
#2077 = ( GEOMETRIC_REPRESENTATION_CONTEXT(2) 
PARAMETRIC_REPRESENTATION_CONTEXT() REPRESENTATION_CONTEXT('2D SPACE',''
  ) );
#2078 = PCURVE('',#2079,#2086);
#2079 = SURFACE_OF_LINEAR_EXTRUSION('',#2080,#2084);
#2080 = B_SPLINE_CURVE_WITH_KNOTS('',2,(#2081,#2082,#2083),
  .UNSPECIFIED.,.F.,.F.,(3,3),(0.,1.),.PIECEWISE_BEZIER_KNOTS.);
#2081 = CARTESIAN_POINT('',(46.7080078125,0.779296875,8.7));
#2082 = CARTESIAN_POINT('',(47.115234375,0.35888671875,8.7));
#2083 = CARTESIAN_POINT('',(47.115234375,-0.38232421875,8.7));
#2084 = VECTOR('',#2085,1.);
#2085 = DIRECTION('',(-0.,-0.,-1.));
#2086 = DEFINITIONAL_REPRESENTATION('',(#2087),#2105);
#2087 = B_SPLINE_CURVE_WITH_KNOTS('',6,(#2088,#2089,#2090,#2091,#2092,
    #2093,#2094,#2095,#2096,#2097,#2098,#2099,#2100,#2101,#2102,#2103,
    #2104),.UNSPECIFIED.,.F.,.F.,(7,5,5,7),(0.,0.341751662404,
    0.890397565367,1.),.UNSPECIFIED.);
#2088 = CARTESIAN_POINT('',(1.,-0.5));
#2089 = CARTESIAN_POINT('',(0.948656866227,-0.5));
#2090 = CARTESIAN_POINT('',(0.896373335516,-0.5));
#2091 = CARTESIAN_POINT('',(0.843143481767,-0.5));
#2092 = CARTESIAN_POINT('',(0.78897834149,-0.5));
#2093 = CARTESIAN_POINT('',(0.733910720399,-0.5));
#2094 = CARTESIAN_POINT('',(0.588241291987,-0.5));
#2095 = CARTESIAN_POINT('',(0.496261395571,-0.5));
#2096 = CARTESIAN_POINT('',(0.402395941236,-0.5));
#2097 = CARTESIAN_POINT('',(0.307113680237,-0.5));
#2098 = CARTESIAN_POINT('',(0.211041088686,-0.5));
#2099 = CARTESIAN_POINT('',(9.581396928702E-02,-0.5));
#2100 = CARTESIAN_POINT('',(7.662796187601E-02,-0.5));
#2101 = CARTESIAN_POINT('',(5.744782546077E-02,-0.5));
#2102 = CARTESIAN_POINT('',(3.827933312657E-02,-0.5));
#2103 = CARTESIAN_POINT('',(1.912818335021E-02,-0.5));
#2104 = CARTESIAN_POINT('',(0.,-0.5));
#2105 = ( GEOMETRIC_REPRESENTATION_CONTEXT(2) 
PARAMETRIC_REPRESENTATION_CONTEXT() REPRESENTATION_CONTEXT('2D SPACE',''
  ) );
#2106 = ORIENTED_EDGE('',*,*,#2107,.F.);
#2107 = EDGE_CURVE('',#2108,#2036,#2110,.T.);
#2108 = VERTEX_POINT('',#2109);
#2109 = CARTESIAN_POINT('',(46.93505859375,-1.3271484375,9.2));
#2110 = SURFACE_CURVE('',#2111,(#2122,#2136),.PCURVE_S1.);
#2111 = B_SPLINE_CURVE_WITH_KNOTS('',5,(#2112,#2113,#2114,#2115,#2116,
    #2117,#2118,#2119,#2120,#2121),.UNSPECIFIED.,.F.,.F.,(6,4,6),(0.,
    0.47518200738,1.),.UNSPECIFIED.);
#2112 = CARTESIAN_POINT('',(46.93505859375,-1.3271484375,9.2));
#2113 = CARTESIAN_POINT('',(46.972825049248,-1.254993014394,9.2));
#2114 = CARTESIAN_POINT('',(47.004953335393,-1.177115897949,9.2));
#2115 = CARTESIAN_POINT('',(47.031666466794,-1.094307551617,9.2));
#2116 = CARTESIAN_POINT('',(47.053391299277,-1.007370843018,9.2));
#2117 = CARTESIAN_POINT('',(47.08950117087,-0.817047402201,9.2));
#2118 = CARTESIAN_POINT('',(47.102881232516,-0.712899894515,9.2));
#2119 = CARTESIAN_POINT('',(47.111271822305,-0.605322410405,9.2));
#2120 = CARTESIAN_POINT('',(47.115234375,-0.494981264875,9.2));
#2121 = CARTESIAN_POINT('',(47.115234375,-0.38232421875,9.2));
#2122 = PCURVE('',#126,#2123);
#2123 = DEFINITIONAL_REPRESENTATION('',(#2124),#2135);
#2124 = B_SPLINE_CURVE_WITH_KNOTS('',5,(#2125,#2126,#2127,#2128,#2129,
    #2130,#2131,#2132,#2133,#2134),.UNSPECIFIED.,.F.,.F.,(6,4,6),(0.,
    0.47518200738,1.),.UNSPECIFIED.);
#2125 = CARTESIAN_POINT('',(48.53505859375,11.0728515625));
#2126 = CARTESIAN_POINT('',(48.572825049248,11.145006985606));
#2127 = CARTESIAN_POINT('',(48.604953335393,11.222884102051));
#2128 = CARTESIAN_POINT('',(48.631666466794,11.305692448383));
#2129 = CARTESIAN_POINT('',(48.653391299277,11.392629156982));
#2130 = CARTESIAN_POINT('',(48.68950117087,11.582952597799));
#2131 = CARTESIAN_POINT('',(48.702881232516,11.687100105485));
#2132 = CARTESIAN_POINT('',(48.711271822305,11.794677589595));
#2133 = CARTESIAN_POINT('',(48.715234375,11.905018735125));
#2134 = CARTESIAN_POINT('',(48.715234375,12.01767578125));
#2135 = ( GEOMETRIC_REPRESENTATION_CONTEXT(2) 
PARAMETRIC_REPRESENTATION_CONTEXT() REPRESENTATION_CONTEXT('2D SPACE',''
  ) );
#2136 = PCURVE('',#2137,#2144);
#2137 = SURFACE_OF_LINEAR_EXTRUSION('',#2138,#2142);
#2138 = B_SPLINE_CURVE_WITH_KNOTS('',2,(#2139,#2140,#2141),
  .UNSPECIFIED.,.F.,.F.,(3,3),(0.,1.),.PIECEWISE_BEZIER_KNOTS.);
#2139 = CARTESIAN_POINT('',(47.115234375,-0.38232421875,8.7));
#2140 = CARTESIAN_POINT('',(47.115234375,-0.98291015625,8.7));
#2141 = CARTESIAN_POINT('',(46.93505859375,-1.3271484375,8.7));
#2142 = VECTOR('',#2143,1.);
#2143 = DIRECTION('',(-0.,-0.,-1.));
#2144 = DEFINITIONAL_REPRESENTATION('',(#2145),#2156);
#2145 = B_SPLINE_CURVE_WITH_KNOTS('',5,(#2146,#2147,#2148,#2149,#2150,
    #2151,#2152,#2153,#2154,#2155),.UNSPECIFIED.,.F.,.F.,(6,4,6),(0.,
    0.47518200738,1.),.UNSPECIFIED.);
#2146 = CARTESIAN_POINT('',(1.,-0.5));
#2147 = CARTESIAN_POINT('',(0.89519552729,-0.5));
#2148 = CARTESIAN_POINT('',(0.792305928191,-0.5));
#2149 = CARTESIAN_POINT('',(0.691725123219,-0.5));
#2150 = CARTESIAN_POINT('',(0.593615913738,-0.5));
#2151 = CARTESIAN_POINT('',(0.392396355226,-0.5));
#2152 = CARTESIAN_POINT('',(0.289843020999,-0.5));
#2153 = CARTESIAN_POINT('',(0.190344091996,-0.5));
#2154 = CARTESIAN_POINT('',(9.378928067665E-02,-0.5));
#2155 = CARTESIAN_POINT('',(0.,-0.5));
#2156 = ( GEOMETRIC_REPRESENTATION_CONTEXT(2) 
PARAMETRIC_REPRESENTATION_CONTEXT() REPRESENTATION_CONTEXT('2D SPACE',''
  ) );
#2157 = ORIENTED_EDGE('',*,*,#2158,.F.);
#2158 = EDGE_CURVE('',#2159,#2108,#2161,.T.);
#2159 = VERTEX_POINT('',#2160);
#2160 = CARTESIAN_POINT('',(46.41064453125,-1.86181640625,9.2));
#2161 = SURFACE_CURVE('',#2162,(#2173,#2187),.PCURVE_S1.);
#2162 = B_SPLINE_CURVE_WITH_KNOTS('',5,(#2163,#2164,#2165,#2166,#2167,
    #2168,#2169,#2170,#2171,#2172),.UNSPECIFIED.,.F.,.F.,(6,4,6),(0.,
    0.538394159517,1.),.UNSPECIFIED.);
#2163 = CARTESIAN_POINT('',(46.41064453125,-1.86181640625,9.2));
#2164 = CARTESIAN_POINT('',(46.483825145546,-1.821333513235,9.2));
#2165 = CARTESIAN_POINT('',(46.553028768734,-1.77614269932,9.2));
#2166 = CARTESIAN_POINT('',(46.61789423331,-1.726195547683,9.2));
#2167 = CARTESIAN_POINT('',(46.678131508442,-1.671547272369,9.2));
#2168 = CARTESIAN_POINT('',(46.781079332454,-1.561679467467,9.2));
#2169 = CARTESIAN_POINT('',(46.825067550792,-1.507649572627,9.2));
#2170 = CARTESIAN_POINT('',(46.865407764881,-1.450427321505,9.2));
#2171 = CARTESIAN_POINT('',(46.90206319135,-1.390188433955,9.2));
#2172 = CARTESIAN_POINT('',(46.93505859375,-1.3271484375,9.2));
#2173 = PCURVE('',#126,#2174);
#2174 = DEFINITIONAL_REPRESENTATION('',(#2175),#2186);
#2175 = B_SPLINE_CURVE_WITH_KNOTS('',5,(#2176,#2177,#2178,#2179,#2180,
    #2181,#2182,#2183,#2184,#2185),.UNSPECIFIED.,.F.,.F.,(6,4,6),(0.,
    0.538394159517,1.),.UNSPECIFIED.);
#2176 = CARTESIAN_POINT('',(48.01064453125,10.53818359375));
#2177 = CARTESIAN_POINT('',(48.083825145546,10.578666486765));
#2178 = CARTESIAN_POINT('',(48.153028768734,10.62385730068));
#2179 = CARTESIAN_POINT('',(48.21789423331,10.673804452317));
#2180 = CARTESIAN_POINT('',(48.278131508442,10.728452727631));
#2181 = CARTESIAN_POINT('',(48.381079332454,10.838320532533));
#2182 = CARTESIAN_POINT('',(48.425067550792,10.892350427373));
#2183 = CARTESIAN_POINT('',(48.465407764881,10.949572678495));
#2184 = CARTESIAN_POINT('',(48.50206319135,11.009811566045));
#2185 = CARTESIAN_POINT('',(48.53505859375,11.0728515625));
#2186 = ( GEOMETRIC_REPRESENTATION_CONTEXT(2) 
PARAMETRIC_REPRESENTATION_CONTEXT() REPRESENTATION_CONTEXT('2D SPACE',''
  ) );
#2187 = PCURVE('',#2188,#2195);
#2188 = SURFACE_OF_LINEAR_EXTRUSION('',#2189,#2193);
#2189 = B_SPLINE_CURVE_WITH_KNOTS('',2,(#2190,#2191,#2192),
  .UNSPECIFIED.,.F.,.F.,(3,3),(0.,1.),.PIECEWISE_BEZIER_KNOTS.);
#2190 = CARTESIAN_POINT('',(46.93505859375,-1.3271484375,8.7));
#2191 = CARTESIAN_POINT('',(46.7548828125,-1.67138671875,8.7));
#2192 = CARTESIAN_POINT('',(46.41064453125,-1.86181640625,8.7));
#2193 = VECTOR('',#2194,1.);
#2194 = DIRECTION('',(-0.,-0.,-1.));
#2195 = DEFINITIONAL_REPRESENTATION('',(#2196),#2207);
#2196 = B_SPLINE_CURVE_WITH_KNOTS('',5,(#2197,#2198,#2199,#2200,#2201,
    #2202,#2203,#2204,#2205,#2206),.UNSPECIFIED.,.F.,.F.,(6,4,6),(0.,
    0.538394159517,1.),.UNSPECIFIED.);
#2197 = CARTESIAN_POINT('',(1.,-0.5));
#2198 = CARTESIAN_POINT('',(0.893706455264,-0.5));
#2199 = CARTESIAN_POINT('',(0.786458525002,-0.5));
#2200 = CARTESIAN_POINT('',(0.678538949129,-0.5));
#2201 = CARTESIAN_POINT('',(0.570266460947,-0.5));
#2202 = CARTESIAN_POINT('',(0.369175013291,-0.5));
#2203 = CARTESIAN_POINT('',(0.276348083125,-0.5));
#2204 = CARTESIAN_POINT('',(0.183742965623,-0.5));
#2205 = CARTESIAN_POINT('',(9.156447712117E-02,-0.5));
#2206 = CARTESIAN_POINT('',(0.,-0.5));
#2207 = ( GEOMETRIC_REPRESENTATION_CONTEXT(2) 
PARAMETRIC_REPRESENTATION_CONTEXT() REPRESENTATION_CONTEXT('2D SPACE',''
  ) );
#2208 = ORIENTED_EDGE('',*,*,#2209,.F.);
#2209 = EDGE_CURVE('',#2210,#2159,#2212,.T.);
#2210 = VERTEX_POINT('',#2211);
#2211 = CARTESIAN_POINT('',(45.6591796875,-2.05224609375,9.2));
#2212 = SURFACE_CURVE('',#2213,(#2224,#2238),.PCURVE_S1.);
#2213 = B_SPLINE_CURVE_WITH_KNOTS('',5,(#2214,#2215,#2216,#2217,#2218,
    #2219,#2220,#2221,#2222,#2223),.UNSPECIFIED.,.F.,.F.,(6,4,6),(0.,
    0.639048826143,1.),.UNSPECIFIED.);
#2214 = CARTESIAN_POINT('',(45.6591796875,-2.05224609375,9.2));
#2215 = CARTESIAN_POINT('',(45.761728542425,-2.05224609375,9.2));
#2216 = CARTESIAN_POINT('',(45.862783144374,-2.044698596045,9.2));
#2217 = CARTESIAN_POINT('',(45.961952354174,-2.02930843444,9.2));
#2218 = CARTESIAN_POINT('',(46.058859402849,-2.005947917488,9.2));
#2219 = CARTESIAN_POINT('',(46.206426181145,-1.957101750842,9.2));
#2220 = CARTESIAN_POINT('',(46.258861607513,-1.936964031646,9.2));
#2221 = CARTESIAN_POINT('',(46.310408377044,-1.91433996764,9.2));
#2222 = CARTESIAN_POINT('',(46.361016270599,-1.889270337674,9.2));
#2223 = CARTESIAN_POINT('',(46.41064453125,-1.86181640625,9.2));
#2224 = PCURVE('',#126,#2225);
#2225 = DEFINITIONAL_REPRESENTATION('',(#2226),#2237);
#2226 = B_SPLINE_CURVE_WITH_KNOTS('',5,(#2227,#2228,#2229,#2230,#2231,
    #2232,#2233,#2234,#2235,#2236),.UNSPECIFIED.,.F.,.F.,(6,4,6),(0.,
    0.639048826143,1.),.UNSPECIFIED.);
#2227 = CARTESIAN_POINT('',(47.2591796875,10.34775390625));
#2228 = CARTESIAN_POINT('',(47.361728542425,10.34775390625));
#2229 = CARTESIAN_POINT('',(47.462783144374,10.355301403955));
#2230 = CARTESIAN_POINT('',(47.561952354174,10.37069156556));
#2231 = CARTESIAN_POINT('',(47.658859402849,10.394052082512));
#2232 = CARTESIAN_POINT('',(47.806426181145,10.442898249158));
#2233 = CARTESIAN_POINT('',(47.858861607513,10.463035968354));
#2234 = CARTESIAN_POINT('',(47.910408377044,10.48566003236));
#2235 = CARTESIAN_POINT('',(47.961016270599,10.510729662326));
#2236 = CARTESIAN_POINT('',(48.01064453125,10.53818359375));
#2237 = ( GEOMETRIC_REPRESENTATION_CONTEXT(2) 
PARAMETRIC_REPRESENTATION_CONTEXT() REPRESENTATION_CONTEXT('2D SPACE',''
  ) );
#2238 = PCURVE('',#2239,#2246);
#2239 = SURFACE_OF_LINEAR_EXTRUSION('',#2240,#2244);
#2240 = B_SPLINE_CURVE_WITH_KNOTS('',2,(#2241,#2242,#2243),
  .UNSPECIFIED.,.F.,.F.,(3,3),(0.,1.),.PIECEWISE_BEZIER_KNOTS.);
#2241 = CARTESIAN_POINT('',(46.41064453125,-1.86181640625,8.7));
#2242 = CARTESIAN_POINT('',(46.06640625,-2.05224609375,8.7));
#2243 = CARTESIAN_POINT('',(45.6591796875,-2.05224609375,8.7));
#2244 = VECTOR('',#2245,1.);
#2245 = DIRECTION('',(-0.,-0.,-1.));
#2246 = DEFINITIONAL_REPRESENTATION('',(#2247),#2258);
#2247 = B_SPLINE_CURVE_WITH_KNOTS('',5,(#2248,#2249,#2250,#2251,#2252,
    #2253,#2254,#2255,#2256,#2257),.UNSPECIFIED.,.F.,.F.,(6,4,6),(0.,
    0.639048826143,1.),.UNSPECIFIED.);
#2248 = CARTESIAN_POINT('',(1.,-0.5));
#2249 = CARTESIAN_POINT('',(0.874088696112,-0.5));
#2250 = CARTESIAN_POINT('',(0.746946840085,-0.5));
#2251 = CARTESIAN_POINT('',(0.618934805364,-0.5));
#2252 = CARTESIAN_POINT('',(0.490463336982,-0.5));
#2253 = CARTESIAN_POINT('',(0.289440611133,-0.5));
#2254 = CARTESIAN_POINT('',(0.216881046388,-0.5));
#2255 = CARTESIAN_POINT('',(0.144402825152,-0.5));
#2256 = CARTESIAN_POINT('',(7.208416866123E-02,-0.5));
#2257 = CARTESIAN_POINT('',(0.,-0.5));
#2258 = ( GEOMETRIC_REPRESENTATION_CONTEXT(2) 
PARAMETRIC_REPRESENTATION_CONTEXT() REPRESENTATION_CONTEXT('2D SPACE',''
  ) );
#2259 = ORIENTED_EDGE('',*,*,#2260,.F.);
#2260 = EDGE_CURVE('',#2261,#2210,#2263,.T.);
#2261 = VERTEX_POINT('',#2262);
#2262 = CARTESIAN_POINT('',(44.60302734375,-1.63330078125,9.2));
#2263 = SURFACE_CURVE('',#2264,(#2279,#2297),.PCURVE_S1.);
#2264 = B_SPLINE_CURVE_WITH_KNOTS('',5,(#2265,#2266,#2267,#2268,#2269,
    #2270,#2271,#2272,#2273,#2274,#2275,#2276,#2277,#2278),
  .UNSPECIFIED.,.F.,.F.,(6,4,4,6),(0.,0.308644352585,0.760277272375,1.),
  .UNSPECIFIED.);
#2265 = CARTESIAN_POINT('',(44.60302734375,-1.63330078125,9.2));
#2266 = CARTESIAN_POINT('',(44.652945519187,-1.685215683705,9.2));
#2267 = CARTESIAN_POINT('',(44.705761770106,-1.733623680702,9.2));
#2268 = CARTESIAN_POINT('',(44.76142650539,-1.778214933573,9.2));
#2269 = CARTESIAN_POINT('',(44.819815620353,-1.818748695731,9.2));
#2270 = CARTESIAN_POINT('',(44.969798252522,-1.908272667878,9.2));
#2271 = CARTESIAN_POINT('',(45.064268643221,-1.952496147656,9.2));
#2272 = CARTESIAN_POINT('',(45.163382957052,-1.987319067511,9.2));
#2273 = CARTESIAN_POINT('',(45.266232689942,-2.012991392977,9.2));
#2274 = CARTESIAN_POINT('',(45.427992124648,-2.039156430021,9.2));
#2275 = CARTESIAN_POINT('',(45.484883933671,-2.045813045212,9.2));
#2276 = CARTESIAN_POINT('',(45.542452556439,-2.050139756091,9.2));
#2277 = CARTESIAN_POINT('',(45.60058360777,-2.05224609375,9.2));
#2278 = CARTESIAN_POINT('',(45.6591796875,-2.05224609375,9.2));
#2279 = PCURVE('',#126,#2280);
#2280 = DEFINITIONAL_REPRESENTATION('',(#2281),#2296);
#2281 = B_SPLINE_CURVE_WITH_KNOTS('',5,(#2282,#2283,#2284,#2285,#2286,
    #2287,#2288,#2289,#2290,#2291,#2292,#2293,#2294,#2295),
  .UNSPECIFIED.,.F.,.F.,(6,4,4,6),(0.,0.308644352585,0.760277272375,1.),
  .UNSPECIFIED.);
#2282 = CARTESIAN_POINT('',(46.20302734375,10.76669921875));
#2283 = CARTESIAN_POINT('',(46.252945519187,10.714784316295));
#2284 = CARTESIAN_POINT('',(46.305761770106,10.666376319298));
#2285 = CARTESIAN_POINT('',(46.36142650539,10.621785066427));
#2286 = CARTESIAN_POINT('',(46.419815620353,10.581251304269));
#2287 = CARTESIAN_POINT('',(46.569798252522,10.491727332122));
#2288 = CARTESIAN_POINT('',(46.664268643221,10.447503852344));
#2289 = CARTESIAN_POINT('',(46.763382957052,10.412680932489));
#2290 = CARTESIAN_POINT('',(46.866232689942,10.387008607023));
#2291 = CARTESIAN_POINT('',(47.027992124648,10.360843569979));
#2292 = CARTESIAN_POINT('',(47.084883933671,10.354186954788));
#2293 = CARTESIAN_POINT('',(47.142452556439,10.349860243909));
#2294 = CARTESIAN_POINT('',(47.20058360777,10.34775390625));
#2295 = CARTESIAN_POINT('',(47.2591796875,10.34775390625));
#2296 = ( GEOMETRIC_REPRESENTATION_CONTEXT(2) 
PARAMETRIC_REPRESENTATION_CONTEXT() REPRESENTATION_CONTEXT('2D SPACE',''
  ) );
#2297 = PCURVE('',#2298,#2305);
#2298 = SURFACE_OF_LINEAR_EXTRUSION('',#2299,#2303);
#2299 = B_SPLINE_CURVE_WITH_KNOTS('',2,(#2300,#2301,#2302),
  .UNSPECIFIED.,.F.,.F.,(3,3),(0.,1.),.PIECEWISE_BEZIER_KNOTS.);
#2300 = CARTESIAN_POINT('',(45.6591796875,-2.05224609375,8.7));
#2301 = CARTESIAN_POINT('',(45.005859375,-2.05224609375,8.7));
#2302 = CARTESIAN_POINT('',(44.60302734375,-1.63330078125,8.7));
#2303 = VECTOR('',#2304,1.);
#2304 = DIRECTION('',(-0.,-0.,-1.));
#2305 = DEFINITIONAL_REPRESENTATION('',(#2306),#2321);
#2306 = B_SPLINE_CURVE_WITH_KNOTS('',5,(#2307,#2308,#2309,#2310,#2311,
    #2312,#2313,#2314,#2315,#2316,#2317,#2318,#2319,#2320),
  .UNSPECIFIED.,.F.,.F.,(6,4,4,6),(0.,0.308644352585,0.760277272375,1.),
  .UNSPECIFIED.);
#2307 = CARTESIAN_POINT('',(1.,-0.5));
#2308 = CARTESIAN_POINT('',(0.938040955579,-0.5));
#2309 = CARTESIAN_POINT('',(0.875468667289,-0.5));
#2310 = CARTESIAN_POINT('',(0.812462866499,-0.5));
#2311 = CARTESIAN_POINT('',(0.749228695746,-0.5));
#2312 = CARTESIAN_POINT('',(0.593478752697,-0.5));
#2313 = CARTESIAN_POINT('',(0.50094244262,-0.5));
#2314 = CARTESIAN_POINT('',(0.409153615323,-0.5));
#2315 = CARTESIAN_POINT('',(0.31869318735,-0.5));
#2316 = CARTESIAN_POINT('',(0.182922446833,-0.5));
#2317 = CARTESIAN_POINT('',(0.136335947036,-0.5));
#2318 = CARTESIAN_POINT('',(9.029760173437E-02,-0.5));
#2319 = CARTESIAN_POINT('',(4.484483231921E-02,-0.5));
#2320 = CARTESIAN_POINT('',(0.,-0.5));
#2321 = ( GEOMETRIC_REPRESENTATION_CONTEXT(2) 
PARAMETRIC_REPRESENTATION_CONTEXT() REPRESENTATION_CONTEXT('2D SPACE',''
  ) );
#2322 = ORIENTED_EDGE('',*,*,#2323,.F.);
#2323 = EDGE_CURVE('',#1829,#2261,#2324,.T.);
#2324 = SURFACE_CURVE('',#2325,(#2340,#2358),.PCURVE_S1.);
#2325 = B_SPLINE_CURVE_WITH_KNOTS('',5,(#2326,#2327,#2328,#2329,#2330,
    #2331,#2332,#2333,#2334,#2335,#2336,#2337,#2338,#2339),
  .UNSPECIFIED.,.F.,.F.,(6,4,4,6),(0.,0.400225340316,0.72556256366,1.),
  .UNSPECIFIED.);
#2326 = CARTESIAN_POINT('',(44.2001953125,-0.42626953125,9.2));
#2327 = CARTESIAN_POINT('',(44.2001953125,-0.537502583202,9.2));
#2328 = CARTESIAN_POINT('',(44.205211605169,-0.647409956908,9.2));
#2329 = CARTESIAN_POINT('',(44.215829924268,-0.755593281727,9.2));
#2330 = CARTESIAN_POINT('',(44.232739150865,-0.861425858184,9.2));
#2331 = CARTESIAN_POINT('',(44.275890702127,-1.047605607098,9.2));
#2332 = CARTESIAN_POINT('',(44.299793968831,-1.129013836969,9.2));
#2333 = CARTESIAN_POINT('',(44.328565397034,-1.207909602183,9.2));
#2334 = CARTESIAN_POINT('',(44.36246771747,-1.283775223689,9.2));
#2335 = CARTESIAN_POINT('',(44.434518688593,-1.417125015356,9.2));
#2336 = CARTESIAN_POINT('',(44.47117579153,-1.475633439226,9.2));
#2337 = CARTESIAN_POINT('',(44.511547441965,-1.531323847031,9.2));
#2338 = CARTESIAN_POINT('',(44.555564053049,-1.58393895892,9.2));
#2339 = CARTESIAN_POINT('',(44.60302734375,-1.63330078125,9.2));
#2340 = PCURVE('',#126,#2341);
#2341 = DEFINITIONAL_REPRESENTATION('',(#2342),#2357);
#2342 = B_SPLINE_CURVE_WITH_KNOTS('',5,(#2343,#2344,#2345,#2346,#2347,
    #2348,#2349,#2350,#2351,#2352,#2353,#2354,#2355,#2356),
  .UNSPECIFIED.,.F.,.F.,(6,4,4,6),(0.,0.400225340316,0.72556256366,1.),
  .UNSPECIFIED.);
#2343 = CARTESIAN_POINT('',(45.8001953125,11.97373046875));
#2344 = CARTESIAN_POINT('',(45.8001953125,11.862497416798));
#2345 = CARTESIAN_POINT('',(45.805211605169,11.752590043092));
#2346 = CARTESIAN_POINT('',(45.815829924268,11.644406718273));
#2347 = CARTESIAN_POINT('',(45.832739150865,11.538574141816));
#2348 = CARTESIAN_POINT('',(45.875890702127,11.352394392902));
#2349 = CARTESIAN_POINT('',(45.899793968831,11.270986163031));
#2350 = CARTESIAN_POINT('',(45.928565397034,11.192090397817));
#2351 = CARTESIAN_POINT('',(45.96246771747,11.116224776311));
#2352 = CARTESIAN_POINT('',(46.034518688593,10.982874984644));
#2353 = CARTESIAN_POINT('',(46.07117579153,10.924366560774));
#2354 = CARTESIAN_POINT('',(46.111547441965,10.868676152969));
#2355 = CARTESIAN_POINT('',(46.155564053049,10.81606104108));
#2356 = CARTESIAN_POINT('',(46.20302734375,10.76669921875));
#2357 = ( GEOMETRIC_REPRESENTATION_CONTEXT(2) 
PARAMETRIC_REPRESENTATION_CONTEXT() REPRESENTATION_CONTEXT('2D SPACE',''
  ) );
#2358 = PCURVE('',#2359,#2366);
#2359 = SURFACE_OF_LINEAR_EXTRUSION('',#2360,#2364);
#2360 = B_SPLINE_CURVE_WITH_KNOTS('',2,(#2361,#2362,#2363),
  .UNSPECIFIED.,.F.,.F.,(3,3),(0.,1.),.PIECEWISE_BEZIER_KNOTS.);
#2361 = CARTESIAN_POINT('',(44.60302734375,-1.63330078125,8.7));
#2362 = CARTESIAN_POINT('',(44.2001953125,-1.21435546875,8.7));
#2363 = CARTESIAN_POINT('',(44.2001953125,-0.42626953125,8.7));
#2364 = VECTOR('',#2365,1.);
#2365 = DIRECTION('',(-0.,-0.,-1.));
#2366 = DEFINITIONAL_REPRESENTATION('',(#2367),#2382);
#2367 = B_SPLINE_CURVE_WITH_KNOTS('',5,(#2368,#2369,#2370,#2371,#2372,
    #2373,#2374,#2375,#2376,#2377,#2378,#2379,#2380,#2381),
  .UNSPECIFIED.,.F.,.F.,(6,4,4,6),(0.,0.400225340316,0.72556256366,1.),
  .UNSPECIFIED.);
#2368 = CARTESIAN_POINT('',(1.,-0.5));
#2369 = CARTESIAN_POINT('',(0.929428348699,-0.5));
#2370 = CARTESIAN_POINT('',(0.856781371734,-0.5));
#2371 = CARTESIAN_POINT('',(0.781971277612,-0.5));
#2372 = CARTESIAN_POINT('',(0.704995169388,-0.5));
#2373 = CARTESIAN_POINT('',(0.56178600234,-0.5));
#2374 = CARTESIAN_POINT('',(0.496239651776,-0.5));
#2375 = CARTESIAN_POINT('',(0.429457051822,-0.5));
#2376 = CARTESIAN_POINT('',(0.361613895351,-0.5));
#2377 = CARTESIAN_POINT('',(0.235120912745,-0.5));
#2378 = CARTESIAN_POINT('',(0.176688414693,-0.5));
#2379 = CARTESIAN_POINT('',(0.117884218479,-0.5));
#2380 = CARTESIAN_POINT('',(5.891201173125E-02,-0.5));
#2381 = CARTESIAN_POINT('',(0.,-0.5));
#2382 = ( GEOMETRIC_REPRESENTATION_CONTEXT(2) 
PARAMETRIC_REPRESENTATION_CONTEXT() REPRESENTATION_CONTEXT('2D SPACE',''
  ) );
#2383 = FACE_BOUND('',#2384,.T.);
#2384 = EDGE_LOOP('',(#2385,#2413,#2439,#2465,#2491,#2566,#2605,#2644,
    #2683,#2725,#2751,#2777,#2803,#2845,#2896,#2935,#2986,#3043));
#2385 = ORIENTED_EDGE('',*,*,#2386,.F.);
#2386 = EDGE_CURVE('',#2387,#2389,#2391,.T.);
#2387 = VERTEX_POINT('',#2388);
#2388 = CARTESIAN_POINT('',(41.0595703125,-1.98193359375,9.2));
#2389 = VERTEX_POINT('',#2390);
#2390 = CARTESIAN_POINT('',(41.5869140625,-1.98193359375,9.2));
#2391 = SURFACE_CURVE('',#2392,(#2396,#2402),.PCURVE_S1.);
#2392 = LINE('',#2393,#2394);
#2393 = CARTESIAN_POINT('',(19.99345703125,-1.98193359375,9.2));
#2394 = VECTOR('',#2395,1.);
#2395 = DIRECTION('',(1.,0.,-0.));
#2396 = PCURVE('',#126,#2397);
#2397 = DEFINITIONAL_REPRESENTATION('',(#2398),#2401);
#2398 = B_SPLINE_CURVE_WITH_KNOTS('',1,(#2399,#2400),.UNSPECIFIED.,.F.,
  .F.,(2,2),(21.06611328125,21.59345703125),.PIECEWISE_BEZIER_KNOTS.);
#2399 = CARTESIAN_POINT('',(42.6595703125,10.41806640625));
#2400 = CARTESIAN_POINT('',(43.1869140625,10.41806640625));
#2401 = ( GEOMETRIC_REPRESENTATION_CONTEXT(2) 
PARAMETRIC_REPRESENTATION_CONTEXT() REPRESENTATION_CONTEXT('2D SPACE',''
  ) );
#2402 = PCURVE('',#2403,#2408);
#2403 = PLANE('',#2404);
#2404 = AXIS2_PLACEMENT_3D('',#2405,#2406,#2407);
#2405 = CARTESIAN_POINT('',(41.5869140625,-1.98193359375,8.7));
#2406 = DIRECTION('',(0.,-1.,0.));
#2407 = DIRECTION('',(-1.,0.,0.));
#2408 = DEFINITIONAL_REPRESENTATION('',(#2409),#2412);
#2409 = B_SPLINE_CURVE_WITH_KNOTS('',1,(#2410,#2411),.UNSPECIFIED.,.F.,
  .F.,(2,2),(21.06611328125,21.59345703125),.PIECEWISE_BEZIER_KNOTS.);
#2410 = CARTESIAN_POINT('',(0.52734375,-0.5));
#2411 = CARTESIAN_POINT('',(0.,-0.5));
#2412 = ( GEOMETRIC_REPRESENTATION_CONTEXT(2) 
PARAMETRIC_REPRESENTATION_CONTEXT() REPRESENTATION_CONTEXT('2D SPACE',''
  ) );
#2413 = ORIENTED_EDGE('',*,*,#2414,.F.);
#2414 = EDGE_CURVE('',#2415,#2387,#2417,.T.);
#2415 = VERTEX_POINT('',#2416);
#2416 = CARTESIAN_POINT('',(41.0595703125,1.12939453125,9.2));
#2417 = SURFACE_CURVE('',#2418,(#2422,#2428),.PCURVE_S1.);
#2418 = LINE('',#2419,#2420);
#2419 = CARTESIAN_POINT('',(41.0595703125,-7.190966796875,9.2));
#2420 = VECTOR('',#2421,1.);
#2421 = DIRECTION('',(0.,-1.,0.));
#2422 = PCURVE('',#126,#2423);
#2423 = DEFINITIONAL_REPRESENTATION('',(#2424),#2427);
#2424 = B_SPLINE_CURVE_WITH_KNOTS('',1,(#2425,#2426),.UNSPECIFIED.,.F.,
  .F.,(2,2),(-8.320361328125,-5.209033203125),.PIECEWISE_BEZIER_KNOTS.);
#2425 = CARTESIAN_POINT('',(42.6595703125,13.52939453125));
#2426 = CARTESIAN_POINT('',(42.6595703125,10.41806640625));
#2427 = ( GEOMETRIC_REPRESENTATION_CONTEXT(2) 
PARAMETRIC_REPRESENTATION_CONTEXT() REPRESENTATION_CONTEXT('2D SPACE',''
  ) );
#2428 = PCURVE('',#2429,#2434);
#2429 = PLANE('',#2430);
#2430 = AXIS2_PLACEMENT_3D('',#2431,#2432,#2433);
#2431 = CARTESIAN_POINT('',(41.0595703125,-1.98193359375,8.7));
#2432 = DIRECTION('',(-1.,0.,0.));
#2433 = DIRECTION('',(0.,1.,0.));
#2434 = DEFINITIONAL_REPRESENTATION('',(#2435),#2438);
#2435 = B_SPLINE_CURVE_WITH_KNOTS('',1,(#2436,#2437),.UNSPECIFIED.,.F.,
  .F.,(2,2),(-8.320361328125,-5.209033203125),.PIECEWISE_BEZIER_KNOTS.);
#2436 = CARTESIAN_POINT('',(3.111328125,-0.5));
#2437 = CARTESIAN_POINT('',(0.,-0.5));
#2438 = ( GEOMETRIC_REPRESENTATION_CONTEXT(2) 
PARAMETRIC_REPRESENTATION_CONTEXT() REPRESENTATION_CONTEXT('2D SPACE',''
  ) );
#2439 = ORIENTED_EDGE('',*,*,#2440,.F.);
#2440 = EDGE_CURVE('',#2441,#2415,#2443,.T.);
#2441 = VERTEX_POINT('',#2442);
#2442 = CARTESIAN_POINT('',(41.5341796875,1.12939453125,9.2));
#2443 = SURFACE_CURVE('',#2444,(#2448,#2454),.PCURVE_S1.);
#2444 = LINE('',#2445,#2446);
#2445 = CARTESIAN_POINT('',(19.72978515625,1.12939453125,9.2));
#2446 = VECTOR('',#2447,1.);
#2447 = DIRECTION('',(-1.,0.,0.));
#2448 = PCURVE('',#126,#2449);
#2449 = DEFINITIONAL_REPRESENTATION('',(#2450),#2453);
#2450 = B_SPLINE_CURVE_WITH_KNOTS('',1,(#2451,#2452),.UNSPECIFIED.,.F.,
  .F.,(2,2),(-21.80439453125,-21.32978515625),.PIECEWISE_BEZIER_KNOTS.);
#2451 = CARTESIAN_POINT('',(43.1341796875,13.52939453125));
#2452 = CARTESIAN_POINT('',(42.6595703125,13.52939453125));
#2453 = ( GEOMETRIC_REPRESENTATION_CONTEXT(2) 
PARAMETRIC_REPRESENTATION_CONTEXT() REPRESENTATION_CONTEXT('2D SPACE',''
  ) );
#2454 = PCURVE('',#2455,#2460);
#2455 = PLANE('',#2456);
#2456 = AXIS2_PLACEMENT_3D('',#2457,#2458,#2459);
#2457 = CARTESIAN_POINT('',(41.0595703125,1.12939453125,8.7));
#2458 = DIRECTION('',(0.,1.,0.));
#2459 = DIRECTION('',(1.,0.,0.));
#2460 = DEFINITIONAL_REPRESENTATION('',(#2461),#2464);
#2461 = B_SPLINE_CURVE_WITH_KNOTS('',1,(#2462,#2463),.UNSPECIFIED.,.F.,
  .F.,(2,2),(-21.80439453125,-21.32978515625),.PIECEWISE_BEZIER_KNOTS.);
#2462 = CARTESIAN_POINT('',(0.474609375,-0.5));
#2463 = CARTESIAN_POINT('',(0.,-0.5));
#2464 = ( GEOMETRIC_REPRESENTATION_CONTEXT(2) 
PARAMETRIC_REPRESENTATION_CONTEXT() REPRESENTATION_CONTEXT('2D SPACE',''
  ) );
#2465 = ORIENTED_EDGE('',*,*,#2466,.F.);
#2466 = EDGE_CURVE('',#2467,#2441,#2469,.T.);
#2467 = VERTEX_POINT('',#2468);
#2468 = CARTESIAN_POINT('',(41.5341796875,0.68701171875,9.2));
#2469 = SURFACE_CURVE('',#2470,(#2474,#2480),.PCURVE_S1.);
#2470 = LINE('',#2471,#2472);
#2471 = CARTESIAN_POINT('',(41.5341796875,-5.635302734375,9.2));
#2472 = VECTOR('',#2473,1.);
#2473 = DIRECTION('',(0.,1.,0.));
#2474 = PCURVE('',#126,#2475);
#2475 = DEFINITIONAL_REPRESENTATION('',(#2476),#2479);
#2476 = B_SPLINE_CURVE_WITH_KNOTS('',1,(#2477,#2478),.UNSPECIFIED.,.F.,
  .F.,(2,2),(6.322314453125,6.764697265625),.PIECEWISE_BEZIER_KNOTS.);
#2477 = CARTESIAN_POINT('',(43.1341796875,13.08701171875));
#2478 = CARTESIAN_POINT('',(43.1341796875,13.52939453125));
#2479 = ( GEOMETRIC_REPRESENTATION_CONTEXT(2) 
PARAMETRIC_REPRESENTATION_CONTEXT() REPRESENTATION_CONTEXT('2D SPACE',''
  ) );
#2480 = PCURVE('',#2481,#2486);
#2481 = PLANE('',#2482);
#2482 = AXIS2_PLACEMENT_3D('',#2483,#2484,#2485);
#2483 = CARTESIAN_POINT('',(41.5341796875,1.12939453125,8.7));
#2484 = DIRECTION('',(1.,0.,0.));
#2485 = DIRECTION('',(0.,-1.,0.));
#2486 = DEFINITIONAL_REPRESENTATION('',(#2487),#2490);
#2487 = B_SPLINE_CURVE_WITH_KNOTS('',1,(#2488,#2489),.UNSPECIFIED.,.F.,
  .F.,(2,2),(6.322314453125,6.764697265625),.PIECEWISE_BEZIER_KNOTS.);
#2488 = CARTESIAN_POINT('',(0.4423828125,-0.5));
#2489 = CARTESIAN_POINT('',(0.,-0.5));
#2490 = ( GEOMETRIC_REPRESENTATION_CONTEXT(2) 
PARAMETRIC_REPRESENTATION_CONTEXT() REPRESENTATION_CONTEXT('2D SPACE',''
  ) );
#2491 = ORIENTED_EDGE('',*,*,#2492,.F.);
#2492 = EDGE_CURVE('',#2493,#2467,#2495,.T.);
#2493 = VERTEX_POINT('',#2494);
#2494 = CARTESIAN_POINT('',(42.5244140625,1.19970703125,9.2));
#2495 = SURFACE_CURVE('',#2496,(#2515,#2537),.PCURVE_S1.);
#2496 = B_SPLINE_CURVE_WITH_KNOTS('',5,(#2497,#2498,#2499,#2500,#2501,
    #2502,#2503,#2504,#2505,#2506,#2507,#2508,#2509,#2510,#2511,#2512,
    #2513,#2514),.UNSPECIFIED.,.F.,.F.,(6,4,4,4,6),(0.,0.192158316235,
    0.557649434169,0.854603563672,1.),.UNSPECIFIED.);
#2497 = CARTESIAN_POINT('',(42.5244140625,1.19970703125,9.2));
#2498 = CARTESIAN_POINT('',(42.47768206571,1.19970703125,9.2));
#2499 = CARTESIAN_POINT('',(42.431320561104,1.198037685121,9.2));
#2500 = CARTESIAN_POINT('',(42.385405747929,1.194610313875,9.2));
#2501 = CARTESIAN_POINT('',(42.340026728219,1.189339993211,9.2));
#2502 = CARTESIAN_POINT('',(42.21017451998,1.168503527897,9.2));
#2503 = CARTESIAN_POINT('',(42.127337303372,1.147934715038,9.2));
#2504 = CARTESIAN_POINT('',(42.047500762825,1.119998082394,9.2));
#2505 = CARTESIAN_POINT('',(41.971388781835,1.084496330541,9.2));
#2506 = CARTESIAN_POINT('',(41.841243687001,1.007081201097,9.2));
#2507 = CARTESIAN_POINT('',(41.785731032857,0.967609265739,9.2));
#2508 = CARTESIAN_POINT('',(41.733353728571,0.92354909884,9.2));
#2509 = CARTESIAN_POINT('',(41.684249103357,0.875252195633,9.2));
#2510 = CARTESIAN_POINT('',(41.616015808241,0.797652034606,9.2));
#2511 = CARTESIAN_POINT('',(41.59437779326,0.771233627462,9.2));
#2512 = CARTESIAN_POINT('',(41.573530441295,0.743953428668,9.2));
#2513 = CARTESIAN_POINT('',(41.55346835275,0.715862286432,9.2));
#2514 = CARTESIAN_POINT('',(41.5341796875,0.68701171875,9.2));
#2515 = PCURVE('',#126,#2516);
#2516 = DEFINITIONAL_REPRESENTATION('',(#2517),#2536);
#2517 = B_SPLINE_CURVE_WITH_KNOTS('',5,(#2518,#2519,#2520,#2521,#2522,
    #2523,#2524,#2525,#2526,#2527,#2528,#2529,#2530,#2531,#2532,#2533,
    #2534,#2535),.UNSPECIFIED.,.F.,.F.,(6,4,4,4,6),(0.,0.192158316235,
    0.557649434169,0.854603563672,1.),.UNSPECIFIED.);
#2518 = CARTESIAN_POINT('',(44.1244140625,13.59970703125));
#2519 = CARTESIAN_POINT('',(44.07768206571,13.59970703125));
#2520 = CARTESIAN_POINT('',(44.031320561104,13.598037685121));
#2521 = CARTESIAN_POINT('',(43.985405747929,13.594610313875));
#2522 = CARTESIAN_POINT('',(43.940026728219,13.589339993211));
#2523 = CARTESIAN_POINT('',(43.81017451998,13.568503527897));
#2524 = CARTESIAN_POINT('',(43.727337303372,13.547934715038));
#2525 = CARTESIAN_POINT('',(43.647500762825,13.519998082394));
#2526 = CARTESIAN_POINT('',(43.571388781835,13.484496330541));
#2527 = CARTESIAN_POINT('',(43.441243687001,13.407081201097));
#2528 = CARTESIAN_POINT('',(43.385731032857,13.367609265739));
#2529 = CARTESIAN_POINT('',(43.333353728571,13.32354909884));
#2530 = CARTESIAN_POINT('',(43.284249103357,13.275252195633));
#2531 = CARTESIAN_POINT('',(43.216015808241,13.197652034606));
#2532 = CARTESIAN_POINT('',(43.19437779326,13.171233627462));
#2533 = CARTESIAN_POINT('',(43.173530441295,13.143953428668));
#2534 = CARTESIAN_POINT('',(43.15346835275,13.115862286432));
#2535 = CARTESIAN_POINT('',(43.1341796875,13.08701171875));
#2536 = ( GEOMETRIC_REPRESENTATION_CONTEXT(2) 
PARAMETRIC_REPRESENTATION_CONTEXT() REPRESENTATION_CONTEXT('2D SPACE',''
  ) );
#2537 = PCURVE('',#2538,#2545);
#2538 = SURFACE_OF_LINEAR_EXTRUSION('',#2539,#2543);
#2539 = B_SPLINE_CURVE_WITH_KNOTS('',2,(#2540,#2541,#2542),
  .UNSPECIFIED.,.F.,.F.,(3,3),(0.,1.),.PIECEWISE_BEZIER_KNOTS.);
#2540 = CARTESIAN_POINT('',(41.5341796875,0.68701171875,8.7));
#2541 = CARTESIAN_POINT('',(41.876953125,1.19970703125,8.7));
#2542 = CARTESIAN_POINT('',(42.5244140625,1.19970703125,8.7));
#2543 = VECTOR('',#2544,1.);
#2544 = DIRECTION('',(-0.,-0.,-1.));
#2545 = DEFINITIONAL_REPRESENTATION('',(#2546),#2565);
#2546 = B_SPLINE_CURVE_WITH_KNOTS('',5,(#2547,#2548,#2549,#2550,#2551,
    #2552,#2553,#2554,#2555,#2556,#2557,#2558,#2559,#2560,#2561,#2562,
    #2563,#2564),.UNSPECIFIED.,.F.,.F.,(6,4,4,4,6),(0.,0.192158316235,
    0.557649434169,0.854603563672,1.),.UNSPECIFIED.);
#2547 = CARTESIAN_POINT('',(1.,-0.5));
#2548 = CARTESIAN_POINT('',(0.963911338829,-0.5));
#2549 = CARTESIAN_POINT('',(0.927342666945,-0.5));
#2550 = CARTESIAN_POINT('',(0.890312131072,-0.5));
#2551 = CARTESIAN_POINT('',(0.852849565239,-0.5));
#2552 = CARTESIAN_POINT('',(0.743008945,-0.5));
#2553 = CARTESIAN_POINT('',(0.669598363184,-0.5));
#2554 = CARTESIAN_POINT('',(0.595123690932,-0.5));
#2555 = CARTESIAN_POINT('',(0.520053397639,-0.5));
#2556 = CARTESIAN_POINT('',(0.384020634788,-0.5));
#2557 = CARTESIAN_POINT('',(0.323036058833,-0.5));
#2558 = CARTESIAN_POINT('',(0.262367045852,-0.5));
#2559 = CARTESIAN_POINT('',(0.202280961636,-0.5));
#2560 = CARTESIAN_POINT('',(0.113974505125,-0.5));
#2561 = CARTESIAN_POINT('',(8.514025831641E-02,-0.5));
#2562 = CARTESIAN_POINT('',(5.652109209033E-02,-0.5));
#2563 = CARTESIAN_POINT('',(2.813617267278E-02,-0.5));
#2564 = CARTESIAN_POINT('',(0.,-0.5));
#2565 = ( GEOMETRIC_REPRESENTATION_CONTEXT(2) 
PARAMETRIC_REPRESENTATION_CONTEXT() REPRESENTATION_CONTEXT('2D SPACE',''
  ) );
#2566 = ORIENTED_EDGE('',*,*,#2567,.F.);
#2567 = EDGE_CURVE('',#2568,#2493,#2570,.T.);
#2568 = VERTEX_POINT('',#2569);
#2569 = CARTESIAN_POINT('',(43.04150390625,1.0986328125,9.2));
#2570 = SURFACE_CURVE('',#2571,(#2578,#2588),.PCURVE_S1.);
#2571 = B_SPLINE_CURVE_WITH_KNOTS('',5,(#2572,#2573,#2574,#2575,#2576,
    #2577),.UNSPECIFIED.,.F.,.F.,(6,6),(0.,1.),
  .PIECEWISE_BEZIER_KNOTS.);
#2572 = CARTESIAN_POINT('',(43.04150390625,1.0986328125,9.2));
#2573 = CARTESIAN_POINT('',(42.946488256338,1.13935380532,9.2));
#2574 = CARTESIAN_POINT('',(42.846898554703,1.169807241054,9.2));
#2575 = CARTESIAN_POINT('',(42.743068211243,1.18986681782,9.2));
#2576 = CARTESIAN_POINT('',(42.635417118358,1.19970703125,9.2));
#2577 = CARTESIAN_POINT('',(42.5244140625,1.19970703125,9.2));
#2578 = PCURVE('',#126,#2579);
#2579 = DEFINITIONAL_REPRESENTATION('',(#2580),#2587);
#2580 = B_SPLINE_CURVE_WITH_KNOTS('',5,(#2581,#2582,#2583,#2584,#2585,
    #2586),.UNSPECIFIED.,.F.,.F.,(6,6),(0.,1.),
  .PIECEWISE_BEZIER_KNOTS.);
#2581 = CARTESIAN_POINT('',(44.64150390625,13.4986328125));
#2582 = CARTESIAN_POINT('',(44.546488256338,13.53935380532));
#2583 = CARTESIAN_POINT('',(44.446898554703,13.569807241054));
#2584 = CARTESIAN_POINT('',(44.343068211243,13.58986681782));
#2585 = CARTESIAN_POINT('',(44.235417118358,13.59970703125));
#2586 = CARTESIAN_POINT('',(44.1244140625,13.59970703125));
#2587 = ( GEOMETRIC_REPRESENTATION_CONTEXT(2) 
PARAMETRIC_REPRESENTATION_CONTEXT() REPRESENTATION_CONTEXT('2D SPACE',''
  ) );
#2588 = PCURVE('',#2589,#2596);
#2589 = SURFACE_OF_LINEAR_EXTRUSION('',#2590,#2594);
#2590 = B_SPLINE_CURVE_WITH_KNOTS('',2,(#2591,#2592,#2593),
  .UNSPECIFIED.,.F.,.F.,(3,3),(0.,1.),.PIECEWISE_BEZIER_KNOTS.);
#2591 = CARTESIAN_POINT('',(42.5244140625,1.19970703125,8.7));
#2592 = CARTESIAN_POINT('',(42.8056640625,1.19970703125,8.7));
#2593 = CARTESIAN_POINT('',(43.04150390625,1.0986328125,8.7));
#2594 = VECTOR('',#2595,1.);
#2595 = DIRECTION('',(-0.,-0.,-1.));
#2596 = DEFINITIONAL_REPRESENTATION('',(#2597),#2604);
#2597 = B_SPLINE_CURVE_WITH_KNOTS('',5,(#2598,#2599,#2600,#2601,#2602,
    #2603),.UNSPECIFIED.,.F.,.F.,(6,6),(0.,1.),
  .PIECEWISE_BEZIER_KNOTS.);
#2598 = CARTESIAN_POINT('',(1.,-0.5));
#2599 = CARTESIAN_POINT('',(0.798558953395,-0.5));
#2600 = CARTESIAN_POINT('',(0.597187077825,-0.5));
#2601 = CARTESIAN_POINT('',(0.396577980795,-0.5));
#2602 = CARTESIAN_POINT('',(0.197338765969,-0.5));
#2603 = CARTESIAN_POINT('',(0.,-0.5));
#2604 = ( GEOMETRIC_REPRESENTATION_CONTEXT(2) 
PARAMETRIC_REPRESENTATION_CONTEXT() REPRESENTATION_CONTEXT('2D SPACE',''
  ) );
#2605 = ORIENTED_EDGE('',*,*,#2606,.F.);
#2606 = EDGE_CURVE('',#2607,#2568,#2609,.T.);
#2607 = VERTEX_POINT('',#2608);
#2608 = CARTESIAN_POINT('',(43.39453125,0.83349609375,9.2));
#2609 = SURFACE_CURVE('',#2610,(#2617,#2627),.PCURVE_S1.);
#2610 = B_SPLINE_CURVE_WITH_KNOTS('',5,(#2611,#2612,#2613,#2614,#2615,
    #2616),.UNSPECIFIED.,.F.,.F.,(6,6),(0.,1.),
  .PIECEWISE_BEZIER_KNOTS.);
#2611 = CARTESIAN_POINT('',(43.39453125,0.83349609375,9.2));
#2612 = CARTESIAN_POINT('',(43.346893857563,0.900188443162,9.2));
#2613 = CARTESIAN_POINT('',(43.287146206932,0.960173283458,9.2));
#2614 = CARTESIAN_POINT('',(43.21570576396,1.013155371927,9.2));
#2615 = CARTESIAN_POINT('',(43.133470407931,1.059218597494,9.2));
#2616 = CARTESIAN_POINT('',(43.04150390625,1.0986328125,9.2));
#2617 = PCURVE('',#126,#2618);
#2618 = DEFINITIONAL_REPRESENTATION('',(#2619),#2626);
#2619 = B_SPLINE_CURVE_WITH_KNOTS('',5,(#2620,#2621,#2622,#2623,#2624,
    #2625),.UNSPECIFIED.,.F.,.F.,(6,6),(0.,1.),
  .PIECEWISE_BEZIER_KNOTS.);
#2620 = CARTESIAN_POINT('',(44.99453125,13.23349609375));
#2621 = CARTESIAN_POINT('',(44.946893857563,13.300188443162));
#2622 = CARTESIAN_POINT('',(44.887146206932,13.360173283458));
#2623 = CARTESIAN_POINT('',(44.81570576396,13.413155371927));
#2624 = CARTESIAN_POINT('',(44.733470407931,13.459218597494));
#2625 = CARTESIAN_POINT('',(44.64150390625,13.4986328125));
#2626 = ( GEOMETRIC_REPRESENTATION_CONTEXT(2) 
PARAMETRIC_REPRESENTATION_CONTEXT() REPRESENTATION_CONTEXT('2D SPACE',''
  ) );
#2627 = PCURVE('',#2628,#2635);
#2628 = SURFACE_OF_LINEAR_EXTRUSION('',#2629,#2633);
#2629 = B_SPLINE_CURVE_WITH_KNOTS('',2,(#2630,#2631,#2632),
  .UNSPECIFIED.,.F.,.F.,(3,3),(0.,1.),.PIECEWISE_BEZIER_KNOTS.);
#2630 = CARTESIAN_POINT('',(43.04150390625,1.0986328125,8.7));
#2631 = CARTESIAN_POINT('',(43.27734375,0.99755859375,8.7));
#2632 = CARTESIAN_POINT('',(43.39453125,0.83349609375,8.7));
#2633 = VECTOR('',#2634,1.);
#2634 = DIRECTION('',(-0.,-0.,-1.));
#2635 = DEFINITIONAL_REPRESENTATION('',(#2636),#2643);
#2636 = B_SPLINE_CURVE_WITH_KNOTS('',5,(#2637,#2638,#2639,#2640,#2641,
    #2642),.UNSPECIFIED.,.F.,.F.,(6,6),(0.,1.),
  .PIECEWISE_BEZIER_KNOTS.);
#2637 = CARTESIAN_POINT('',(1.,-0.5));
#2638 = CARTESIAN_POINT('',(0.796747125603,-0.5));
#2639 = CARTESIAN_POINT('',(0.59410989345,-0.5));
#2640 = CARTESIAN_POINT('',(0.393230419586,-0.5));
#2641 = CARTESIAN_POINT('',(0.194976599838,-0.5));
#2642 = CARTESIAN_POINT('',(0.,-0.5));
#2643 = ( GEOMETRIC_REPRESENTATION_CONTEXT(2) 
PARAMETRIC_REPRESENTATION_CONTEXT() REPRESENTATION_CONTEXT('2D SPACE',''
  ) );
#2644 = ORIENTED_EDGE('',*,*,#2645,.F.);
#2645 = EDGE_CURVE('',#2646,#2607,#2648,.T.);
#2646 = VERTEX_POINT('',#2647);
#2647 = CARTESIAN_POINT('',(43.55859375,0.44384765625,9.2));
#2648 = SURFACE_CURVE('',#2649,(#2656,#2666),.PCURVE_S1.);
#2649 = B_SPLINE_CURVE_WITH_KNOTS('',5,(#2650,#2651,#2652,#2653,#2654,
    #2655),.UNSPECIFIED.,.F.,.F.,(6,6),(0.,1.),
  .PIECEWISE_BEZIER_KNOTS.);
#2650 = CARTESIAN_POINT('',(43.55859375,0.44384765625,9.2));
#2651 = CARTESIAN_POINT('',(43.540083126566,0.532930031527,9.2));
#2652 = CARTESIAN_POINT('',(43.514559486418,0.616786873301,9.2));
#2653 = CARTESIAN_POINT('',(43.481823281684,0.69502978701,9.2));
#2654 = CARTESIAN_POINT('',(43.441787659965,0.767337119799,9.2));
#2655 = CARTESIAN_POINT('',(43.39453125,0.83349609375,9.2));
#2656 = PCURVE('',#126,#2657);
#2657 = DEFINITIONAL_REPRESENTATION('',(#2658),#2665);
#2658 = B_SPLINE_CURVE_WITH_KNOTS('',5,(#2659,#2660,#2661,#2662,#2663,
    #2664),.UNSPECIFIED.,.F.,.F.,(6,6),(0.,1.),
  .PIECEWISE_BEZIER_KNOTS.);
#2659 = CARTESIAN_POINT('',(45.15859375,12.84384765625));
#2660 = CARTESIAN_POINT('',(45.140083126566,12.932930031527));
#2661 = CARTESIAN_POINT('',(45.114559486418,13.016786873301));
#2662 = CARTESIAN_POINT('',(45.081823281684,13.09502978701));
#2663 = CARTESIAN_POINT('',(45.041787659965,13.167337119799));
#2664 = CARTESIAN_POINT('',(44.99453125,13.23349609375));
#2665 = ( GEOMETRIC_REPRESENTATION_CONTEXT(2) 
PARAMETRIC_REPRESENTATION_CONTEXT() REPRESENTATION_CONTEXT('2D SPACE',''
  ) );
#2666 = PCURVE('',#2667,#2674);
#2667 = SURFACE_OF_LINEAR_EXTRUSION('',#2668,#2672);
#2668 = B_SPLINE_CURVE_WITH_KNOTS('',2,(#2669,#2670,#2671),
  .UNSPECIFIED.,.F.,.F.,(3,3),(0.,1.),.PIECEWISE_BEZIER_KNOTS.);
#2669 = CARTESIAN_POINT('',(43.39453125,0.83349609375,8.7));
#2670 = CARTESIAN_POINT('',(43.51171875,0.66943359375,8.7));
#2671 = CARTESIAN_POINT('',(43.55859375,0.44384765625,8.7));
#2672 = VECTOR('',#2673,1.);
#2673 = DIRECTION('',(-0.,-0.,-1.));
#2674 = DEFINITIONAL_REPRESENTATION('',(#2675),#2682);
#2675 = B_SPLINE_CURVE_WITH_KNOTS('',5,(#2676,#2677,#2678,#2679,#2680,
    #2681),.UNSPECIFIED.,.F.,.F.,(6,6),(0.,1.),
  .PIECEWISE_BEZIER_KNOTS.);
#2676 = CARTESIAN_POINT('',(1.,-0.5));
#2677 = CARTESIAN_POINT('',(0.802553350035,-0.5));
#2678 = CARTESIAN_POINT('',(0.603398427784,-0.5));
#2679 = CARTESIAN_POINT('',(0.402936187712,-0.5));
#2680 = CARTESIAN_POINT('',(0.201627349185,-0.5));
#2681 = CARTESIAN_POINT('',(0.,-0.5));
#2682 = ( GEOMETRIC_REPRESENTATION_CONTEXT(2) 
PARAMETRIC_REPRESENTATION_CONTEXT() REPRESENTATION_CONTEXT('2D SPACE',''
  ) );
#2683 = ORIENTED_EDGE('',*,*,#2684,.F.);
#2684 = EDGE_CURVE('',#2685,#2646,#2687,.T.);
#2685 = VERTEX_POINT('',#2686);
#2686 = CARTESIAN_POINT('',(43.587890625,-6.884765625E-02,9.2));
#2687 = SURFACE_CURVE('',#2688,(#2696,#2707),.PCURVE_S1.);
#2688 = B_SPLINE_CURVE_WITH_KNOTS('',6,(#2689,#2690,#2691,#2692,#2693,
    #2694,#2695),.UNSPECIFIED.,.F.,.F.,(7,7),(0.,1.),
  .PIECEWISE_BEZIER_KNOTS.);
#2689 = CARTESIAN_POINT('',(43.587890625,-6.884765625E-02,9.2));
#2690 = CARTESIAN_POINT('',(43.587890625,4.242951292264E-02,9.2));
#2691 = CARTESIAN_POINT('',(43.5862677818,0.145773968432,9.2));
#2692 = CARTESIAN_POINT('',(43.582789122261,0.239720341244,9.2));
#2693 = CARTESIAN_POINT('',(43.577184565946,0.3222624575,9.2));
#2694 = CARTESIAN_POINT('',(43.569168885111,0.390971980696,9.2));
#2695 = CARTESIAN_POINT('',(43.55859375,0.44384765625,9.2));
#2696 = PCURVE('',#126,#2697);
#2697 = DEFINITIONAL_REPRESENTATION('',(#2698),#2706);
#2698 = B_SPLINE_CURVE_WITH_KNOTS('',6,(#2699,#2700,#2701,#2702,#2703,
    #2704,#2705),.UNSPECIFIED.,.F.,.F.,(7,7),(0.,1.),
  .PIECEWISE_BEZIER_KNOTS.);
#2699 = CARTESIAN_POINT('',(45.187890625,12.33115234375));
#2700 = CARTESIAN_POINT('',(45.187890625,12.442429512923));
#2701 = CARTESIAN_POINT('',(45.1862677818,12.545773968432));
#2702 = CARTESIAN_POINT('',(45.182789122261,12.639720341244));
#2703 = CARTESIAN_POINT('',(45.177184565946,12.7222624575));
#2704 = CARTESIAN_POINT('',(45.169168885111,12.790971980696));
#2705 = CARTESIAN_POINT('',(45.15859375,12.84384765625));
#2706 = ( GEOMETRIC_REPRESENTATION_CONTEXT(2) 
PARAMETRIC_REPRESENTATION_CONTEXT() REPRESENTATION_CONTEXT('2D SPACE',''
  ) );
#2707 = PCURVE('',#2708,#2715);
#2708 = SURFACE_OF_LINEAR_EXTRUSION('',#2709,#2713);
#2709 = B_SPLINE_CURVE_WITH_KNOTS('',2,(#2710,#2711,#2712),
  .UNSPECIFIED.,.F.,.F.,(3,3),(0.,1.),.PIECEWISE_BEZIER_KNOTS.);
#2710 = CARTESIAN_POINT('',(43.55859375,0.44384765625,8.7));
#2711 = CARTESIAN_POINT('',(43.587890625,0.29736328125,8.7));
#2712 = CARTESIAN_POINT('',(43.587890625,-6.884765625E-02,8.7));
#2713 = VECTOR('',#2714,1.);
#2714 = DIRECTION('',(-0.,-0.,-1.));
#2715 = DEFINITIONAL_REPRESENTATION('',(#2716),#2724);
#2716 = B_SPLINE_CURVE_WITH_KNOTS('',6,(#2717,#2718,#2719,#2720,#2721,
    #2722,#2723),.UNSPECIFIED.,.F.,.F.,(7,7),(0.,1.),
  .PIECEWISE_BEZIER_KNOTS.);
#2717 = CARTESIAN_POINT('',(1.,-0.5));
#2718 = CARTESIAN_POINT('',(0.84806957169,-0.5));
#2719 = CARTESIAN_POINT('',(0.690352027397,-0.5));
#2720 = CARTESIAN_POINT('',(0.526462439375,-0.5));
#2721 = CARTESIAN_POINT('',(0.356374279976,-0.5));
#2722 = CARTESIAN_POINT('',(0.18048230589,-0.5));
#2723 = CARTESIAN_POINT('',(0.,-0.5));
#2724 = ( GEOMETRIC_REPRESENTATION_CONTEXT(2) 
PARAMETRIC_REPRESENTATION_CONTEXT() REPRESENTATION_CONTEXT('2D SPACE',''
  ) );
#2725 = ORIENTED_EDGE('',*,*,#2726,.F.);
#2726 = EDGE_CURVE('',#2727,#2685,#2729,.T.);
#2727 = VERTEX_POINT('',#2728);
#2728 = CARTESIAN_POINT('',(43.587890625,-1.98193359375,9.2));
#2729 = SURFACE_CURVE('',#2730,(#2734,#2740),.PCURVE_S1.);
#2730 = LINE('',#2731,#2732);
#2731 = CARTESIAN_POINT('',(43.587890625,-6.234423828125,9.2));
#2732 = VECTOR('',#2733,1.);
#2733 = DIRECTION('',(0.,1.,0.));
#2734 = PCURVE('',#126,#2735);
#2735 = DEFINITIONAL_REPRESENTATION('',(#2736),#2739);
#2736 = B_SPLINE_CURVE_WITH_KNOTS('',1,(#2737,#2738),.UNSPECIFIED.,.F.,
  .F.,(2,2),(4.252490234375,6.165576171875),.PIECEWISE_BEZIER_KNOTS.);
#2737 = CARTESIAN_POINT('',(45.187890625,10.41806640625));
#2738 = CARTESIAN_POINT('',(45.187890625,12.33115234375));
#2739 = ( GEOMETRIC_REPRESENTATION_CONTEXT(2) 
PARAMETRIC_REPRESENTATION_CONTEXT() REPRESENTATION_CONTEXT('2D SPACE',''
  ) );
#2740 = PCURVE('',#2741,#2746);
#2741 = PLANE('',#2742);
#2742 = AXIS2_PLACEMENT_3D('',#2743,#2744,#2745);
#2743 = CARTESIAN_POINT('',(43.587890625,-6.884765625E-02,8.7));
#2744 = DIRECTION('',(1.,0.,0.));
#2745 = DIRECTION('',(0.,-1.,0.));
#2746 = DEFINITIONAL_REPRESENTATION('',(#2747),#2750);
#2747 = B_SPLINE_CURVE_WITH_KNOTS('',1,(#2748,#2749),.UNSPECIFIED.,.F.,
  .F.,(2,2),(4.252490234375,6.165576171875),.PIECEWISE_BEZIER_KNOTS.);
#2748 = CARTESIAN_POINT('',(1.9130859375,-0.5));
#2749 = CARTESIAN_POINT('',(0.,-0.5));
#2750 = ( GEOMETRIC_REPRESENTATION_CONTEXT(2) 
PARAMETRIC_REPRESENTATION_CONTEXT() REPRESENTATION_CONTEXT('2D SPACE',''
  ) );
#2751 = ORIENTED_EDGE('',*,*,#2752,.F.);
#2752 = EDGE_CURVE('',#2753,#2727,#2755,.T.);
#2753 = VERTEX_POINT('',#2754);
#2754 = CARTESIAN_POINT('',(43.060546875,-1.98193359375,9.2));
#2755 = SURFACE_CURVE('',#2756,(#2760,#2766),.PCURVE_S1.);
#2756 = LINE('',#2757,#2758);
#2757 = CARTESIAN_POINT('',(20.9939453125,-1.98193359375,9.2));
#2758 = VECTOR('',#2759,1.);
#2759 = DIRECTION('',(1.,0.,-0.));
#2760 = PCURVE('',#126,#2761);
#2761 = DEFINITIONAL_REPRESENTATION('',(#2762),#2765);
#2762 = B_SPLINE_CURVE_WITH_KNOTS('',1,(#2763,#2764),.UNSPECIFIED.,.F.,
  .F.,(2,2),(22.0666015625,22.5939453125),.PIECEWISE_BEZIER_KNOTS.);
#2763 = CARTESIAN_POINT('',(44.660546875,10.41806640625));
#2764 = CARTESIAN_POINT('',(45.187890625,10.41806640625));
#2765 = ( GEOMETRIC_REPRESENTATION_CONTEXT(2) 
PARAMETRIC_REPRESENTATION_CONTEXT() REPRESENTATION_CONTEXT('2D SPACE',''
  ) );
#2766 = PCURVE('',#2767,#2772);
#2767 = PLANE('',#2768);
#2768 = AXIS2_PLACEMENT_3D('',#2769,#2770,#2771);
#2769 = CARTESIAN_POINT('',(43.587890625,-1.98193359375,8.7));
#2770 = DIRECTION('',(0.,-1.,0.));
#2771 = DIRECTION('',(-1.,0.,0.));
#2772 = DEFINITIONAL_REPRESENTATION('',(#2773),#2776);
#2773 = B_SPLINE_CURVE_WITH_KNOTS('',1,(#2774,#2775),.UNSPECIFIED.,.F.,
  .F.,(2,2),(22.0666015625,22.5939453125),.PIECEWISE_BEZIER_KNOTS.);
#2774 = CARTESIAN_POINT('',(0.52734375,-0.5));
#2775 = CARTESIAN_POINT('',(0.,-0.5));
#2776 = ( GEOMETRIC_REPRESENTATION_CONTEXT(2) 
PARAMETRIC_REPRESENTATION_CONTEXT() REPRESENTATION_CONTEXT('2D SPACE',''
  ) );
#2777 = ORIENTED_EDGE('',*,*,#2778,.F.);
#2778 = EDGE_CURVE('',#2779,#2753,#2781,.T.);
#2779 = VERTEX_POINT('',#2780);
#2780 = CARTESIAN_POINT('',(43.060546875,-8.935546875E-02,9.2));
#2781 = SURFACE_CURVE('',#2782,(#2786,#2792),.PCURVE_S1.);
#2782 = LINE('',#2783,#2784);
#2783 = CARTESIAN_POINT('',(43.060546875,-7.190966796875,9.2));
#2784 = VECTOR('',#2785,1.);
#2785 = DIRECTION('',(0.,-1.,0.));
#2786 = PCURVE('',#126,#2787);
#2787 = DEFINITIONAL_REPRESENTATION('',(#2788),#2791);
#2788 = B_SPLINE_CURVE_WITH_KNOTS('',1,(#2789,#2790),.UNSPECIFIED.,.F.,
  .F.,(2,2),(-7.101611328125,-5.209033203125),.PIECEWISE_BEZIER_KNOTS.);
#2789 = CARTESIAN_POINT('',(44.660546875,12.31064453125));
#2790 = CARTESIAN_POINT('',(44.660546875,10.41806640625));
#2791 = ( GEOMETRIC_REPRESENTATION_CONTEXT(2) 
PARAMETRIC_REPRESENTATION_CONTEXT() REPRESENTATION_CONTEXT('2D SPACE',''
  ) );
#2792 = PCURVE('',#2793,#2798);
#2793 = PLANE('',#2794);
#2794 = AXIS2_PLACEMENT_3D('',#2795,#2796,#2797);
#2795 = CARTESIAN_POINT('',(43.060546875,-1.98193359375,8.7));
#2796 = DIRECTION('',(-1.,0.,0.));
#2797 = DIRECTION('',(0.,1.,0.));
#2798 = DEFINITIONAL_REPRESENTATION('',(#2799),#2802);
#2799 = B_SPLINE_CURVE_WITH_KNOTS('',1,(#2800,#2801),.UNSPECIFIED.,.F.,
  .F.,(2,2),(-7.101611328125,-5.209033203125),.PIECEWISE_BEZIER_KNOTS.);
#2800 = CARTESIAN_POINT('',(1.892578125,-0.5));
#2801 = CARTESIAN_POINT('',(0.,-0.5));
#2802 = ( GEOMETRIC_REPRESENTATION_CONTEXT(2) 
PARAMETRIC_REPRESENTATION_CONTEXT() REPRESENTATION_CONTEXT('2D SPACE',''
  ) );
#2803 = ORIENTED_EDGE('',*,*,#2804,.F.);
#2804 = EDGE_CURVE('',#2805,#2779,#2807,.T.);
#2805 = VERTEX_POINT('',#2806);
#2806 = CARTESIAN_POINT('',(42.9990234375,0.392578125,9.2));
#2807 = SURFACE_CURVE('',#2808,(#2816,#2827),.PCURVE_S1.);
#2808 = B_SPLINE_CURVE_WITH_KNOTS('',6,(#2809,#2810,#2811,#2812,#2813,
    #2814,#2815),.UNSPECIFIED.,.F.,.F.,(7,7),(0.,1.),
  .PIECEWISE_BEZIER_KNOTS.);
#2809 = CARTESIAN_POINT('',(42.9990234375,0.392578125,9.2));
#2810 = CARTESIAN_POINT('',(43.020671110103,0.336397260388,9.2));
#2811 = CARTESIAN_POINT('',(43.037383441918,0.26908541921,9.2));
#2812 = CARTESIAN_POINT('',(43.049351247534,0.191663758784,9.2));
#2813 = CARTESIAN_POINT('',(43.056940555191,0.105373236849,9.2));
#2814 = CARTESIAN_POINT('',(43.060546875,1.137361403882E-02,9.2));
#2815 = CARTESIAN_POINT('',(43.060546875,-8.935546875E-02,9.2));
#2816 = PCURVE('',#126,#2817);
#2817 = DEFINITIONAL_REPRESENTATION('',(#2818),#2826);
#2818 = B_SPLINE_CURVE_WITH_KNOTS('',6,(#2819,#2820,#2821,#2822,#2823,
    #2824,#2825),.UNSPECIFIED.,.F.,.F.,(7,7),(0.,1.),
  .PIECEWISE_BEZIER_KNOTS.);
#2819 = CARTESIAN_POINT('',(44.5990234375,12.792578125));
#2820 = CARTESIAN_POINT('',(44.620671110103,12.736397260388));
#2821 = CARTESIAN_POINT('',(44.637383441918,12.66908541921));
#2822 = CARTESIAN_POINT('',(44.649351247534,12.591663758784));
#2823 = CARTESIAN_POINT('',(44.656940555191,12.505373236849));
#2824 = CARTESIAN_POINT('',(44.660546875,12.411373614039));
#2825 = CARTESIAN_POINT('',(44.660546875,12.31064453125));
#2826 = ( GEOMETRIC_REPRESENTATION_CONTEXT(2) 
PARAMETRIC_REPRESENTATION_CONTEXT() REPRESENTATION_CONTEXT('2D SPACE',''
  ) );
#2827 = PCURVE('',#2828,#2835);
#2828 = SURFACE_OF_LINEAR_EXTRUSION('',#2829,#2833);
#2829 = B_SPLINE_CURVE_WITH_KNOTS('',2,(#2830,#2831,#2832),
  .UNSPECIFIED.,.F.,.F.,(3,3),(0.,1.),.PIECEWISE_BEZIER_KNOTS.);
#2830 = CARTESIAN_POINT('',(43.060546875,-8.935546875E-02,8.7));
#2831 = CARTESIAN_POINT('',(43.060546875,0.23291015625,8.7));
#2832 = CARTESIAN_POINT('',(42.9990234375,0.392578125,8.7));
#2833 = VECTOR('',#2834,1.);
#2834 = DIRECTION('',(-0.,-0.,-1.));
#2835 = DEFINITIONAL_REPRESENTATION('',(#2836),#2844);
#2836 = B_SPLINE_CURVE_WITH_KNOTS('',6,(#2837,#2838,#2839,#2840,#2841,
    #2842,#2843),.UNSPECIFIED.,.F.,.F.,(7,7),(0.,1.),
  .PIECEWISE_BEZIER_KNOTS.);
#2837 = CARTESIAN_POINT('',(1.,-0.5));
#2838 = CARTESIAN_POINT('',(0.82406970837,-0.5));
#2839 = CARTESIAN_POINT('',(0.651106571688,-0.5));
#2840 = CARTESIAN_POINT('',(0.481912508589,-0.5));
#2841 = CARTESIAN_POINT('',(0.316912009567,-0.5));
#2842 = CARTESIAN_POINT('',(0.156282698145,-0.5));
#2843 = CARTESIAN_POINT('',(0.,-0.5));
#2844 = ( GEOMETRIC_REPRESENTATION_CONTEXT(2) 
PARAMETRIC_REPRESENTATION_CONTEXT() REPRESENTATION_CONTEXT('2D SPACE',''
  ) );
#2845 = ORIENTED_EDGE('',*,*,#2846,.F.);
#2846 = EDGE_CURVE('',#2847,#2805,#2849,.T.);
#2847 = VERTEX_POINT('',#2848);
#2848 = CARTESIAN_POINT('',(42.78076171875,0.6474609375,9.2));
#2849 = SURFACE_CURVE('',#2850,(#2861,#2875),.PCURVE_S1.);
#2850 = B_SPLINE_CURVE_WITH_KNOTS('',5,(#2851,#2852,#2853,#2854,#2855,
    #2856,#2857,#2858,#2859,#2860),.UNSPECIFIED.,.F.,.F.,(6,4,6),(0.,
    0.666574191143,1.),.UNSPECIFIED.);
#2851 = CARTESIAN_POINT('',(42.78076171875,0.6474609375,9.2));
#2852 = CARTESIAN_POINT('',(42.822228550297,0.622270806187,9.2));
#2853 = CARTESIAN_POINT('',(42.85974333215,0.594131675541,9.2));
#2854 = CARTESIAN_POINT('',(42.89315372039,0.563026039422,9.2));
#2855 = CARTESIAN_POINT('',(42.922355580314,0.528975016808,9.2));
#2856 = CARTESIAN_POINT('',(42.959783392789,0.473574099721,9.2));
#2857 = CARTESIAN_POINT('',(42.971198649905,0.454381775792,9.2));
#2858 = CARTESIAN_POINT('',(42.981544248611,0.434477506065,9.2));
#2859 = CARTESIAN_POINT('',(42.990818478871,0.413871946204,9.2));
#2860 = CARTESIAN_POINT('',(42.9990234375,0.392578125,9.2));
#2861 = PCURVE('',#126,#2862);
#2862 = DEFINITIONAL_REPRESENTATION('',(#2863),#2874);
#2863 = B_SPLINE_CURVE_WITH_KNOTS('',5,(#2864,#2865,#2866,#2867,#2868,
    #2869,#2870,#2871,#2872,#2873),.UNSPECIFIED.,.F.,.F.,(6,4,6),(0.,
    0.666574191143,1.),.UNSPECIFIED.);
#2864 = CARTESIAN_POINT('',(44.38076171875,13.0474609375));
#2865 = CARTESIAN_POINT('',(44.422228550297,13.022270806187));
#2866 = CARTESIAN_POINT('',(44.45974333215,12.994131675541));
#2867 = CARTESIAN_POINT('',(44.49315372039,12.963026039422));
#2868 = CARTESIAN_POINT('',(44.522355580314,12.928975016808));
#2869 = CARTESIAN_POINT('',(44.559783392789,12.873574099721));
#2870 = CARTESIAN_POINT('',(44.571198649905,12.854381775792));
#2871 = CARTESIAN_POINT('',(44.581544248611,12.834477506065));
#2872 = CARTESIAN_POINT('',(44.590818478871,12.813871946204));
#2873 = CARTESIAN_POINT('',(44.5990234375,12.792578125));
#2874 = ( GEOMETRIC_REPRESENTATION_CONTEXT(2) 
PARAMETRIC_REPRESENTATION_CONTEXT() REPRESENTATION_CONTEXT('2D SPACE',''
  ) );
#2875 = PCURVE('',#2876,#2883);
#2876 = SURFACE_OF_LINEAR_EXTRUSION('',#2877,#2881);
#2877 = B_SPLINE_CURVE_WITH_KNOTS('',2,(#2878,#2879,#2880),
  .UNSPECIFIED.,.F.,.F.,(3,3),(0.,1.),.PIECEWISE_BEZIER_KNOTS.);
#2878 = CARTESIAN_POINT('',(42.9990234375,0.392578125,8.7));
#2879 = CARTESIAN_POINT('',(42.9375,0.55224609375,8.7));
#2880 = CARTESIAN_POINT('',(42.78076171875,0.6474609375,8.7));
#2881 = VECTOR('',#2882,1.);
#2882 = DIRECTION('',(-0.,-0.,-1.));
#2883 = DEFINITIONAL_REPRESENTATION('',(#2884),#2895);
#2884 = B_SPLINE_CURVE_WITH_KNOTS('',5,(#2885,#2886,#2887,#2888,#2889,
    #2890,#2891,#2892,#2893,#2894),.UNSPECIFIED.,.F.,.F.,(6,4,6),(0.,
    0.666574191143,1.),.UNSPECIFIED.);
#2885 = CARTESIAN_POINT('',(1.,-0.5));
#2886 = CARTESIAN_POINT('',(0.867719515565,-0.5));
#2887 = CARTESIAN_POINT('',(0.734759086184,-0.5));
#2888 = CARTESIAN_POINT('',(0.601331361546,-0.5));
#2889 = CARTESIAN_POINT('',(0.467663871492,-0.5));
#2890 = CARTESIAN_POINT('',(0.267140248963,-0.5));
#2891 = CARTESIAN_POINT('',(0.200280780126,-0.5));
#2892 = CARTESIAN_POINT('',(0.133451439915,-0.5));
#2893 = CARTESIAN_POINT('',(6.668156854082E-02,-0.5));
#2894 = CARTESIAN_POINT('',(0.,-0.5));
#2895 = ( GEOMETRIC_REPRESENTATION_CONTEXT(2) 
PARAMETRIC_REPRESENTATION_CONTEXT() REPRESENTATION_CONTEXT('2D SPACE',''
  ) );
#2896 = ORIENTED_EDGE('',*,*,#2897,.F.);
#2897 = EDGE_CURVE('',#2898,#2847,#2900,.T.);
#2898 = VERTEX_POINT('',#2899);
#2899 = CARTESIAN_POINT('',(42.4130859375,0.74267578125,9.2));
#2900 = SURFACE_CURVE('',#2901,(#2908,#2918),.PCURVE_S1.);
#2901 = B_SPLINE_CURVE_WITH_KNOTS('',5,(#2902,#2903,#2904,#2905,#2906,
    #2907),.UNSPECIFIED.,.F.,.F.,(6,6),(0.,1.),
  .PIECEWISE_BEZIER_KNOTS.);
#2902 = CARTESIAN_POINT('',(42.4130859375,0.74267578125,9.2));
#2903 = CARTESIAN_POINT('',(42.496386808068,0.74267578125,9.2));
#2904 = CARTESIAN_POINT('',(42.575208879406,0.733395215133,9.2));
#2905 = CARTESIAN_POINT('',(42.649097771176,0.714475574159,9.2));
#2906 = CARTESIAN_POINT('',(42.717690215515,0.685775402082,9.2));
#2907 = CARTESIAN_POINT('',(42.78076171875,0.6474609375,9.2));
#2908 = PCURVE('',#126,#2909);
#2909 = DEFINITIONAL_REPRESENTATION('',(#2910),#2917);
#2910 = B_SPLINE_CURVE_WITH_KNOTS('',5,(#2911,#2912,#2913,#2914,#2915,
    #2916),.UNSPECIFIED.,.F.,.F.,(6,6),(0.,1.),
  .PIECEWISE_BEZIER_KNOTS.);
#2911 = CARTESIAN_POINT('',(44.0130859375,13.14267578125));
#2912 = CARTESIAN_POINT('',(44.096386808068,13.14267578125));
#2913 = CARTESIAN_POINT('',(44.175208879406,13.133395215133));
#2914 = CARTESIAN_POINT('',(44.249097771176,13.114475574159));
#2915 = CARTESIAN_POINT('',(44.317690215515,13.085775402082));
#2916 = CARTESIAN_POINT('',(44.38076171875,13.0474609375));
#2917 = ( GEOMETRIC_REPRESENTATION_CONTEXT(2) 
PARAMETRIC_REPRESENTATION_CONTEXT() REPRESENTATION_CONTEXT('2D SPACE',''
  ) );
#2918 = PCURVE('',#2919,#2926);
#2919 = SURFACE_OF_LINEAR_EXTRUSION('',#2920,#2924);
#2920 = B_SPLINE_CURVE_WITH_KNOTS('',2,(#2921,#2922,#2923),
  .UNSPECIFIED.,.F.,.F.,(3,3),(0.,1.),.PIECEWISE_BEZIER_KNOTS.);
#2921 = CARTESIAN_POINT('',(42.78076171875,0.6474609375,8.7));
#2922 = CARTESIAN_POINT('',(42.6240234375,0.74267578125,8.7));
#2923 = CARTESIAN_POINT('',(42.4130859375,0.74267578125,8.7));
#2924 = VECTOR('',#2925,1.);
#2925 = DIRECTION('',(-0.,-0.,-1.));
#2926 = DEFINITIONAL_REPRESENTATION('',(#2927),#2934);
#2927 = B_SPLINE_CURVE_WITH_KNOTS('',5,(#2928,#2929,#2930,#2931,#2932,
    #2933),.UNSPECIFIED.,.F.,.F.,(6,6),(0.,1.),
  .PIECEWISE_BEZIER_KNOTS.);
#2928 = CARTESIAN_POINT('',(1.,-0.5));
#2929 = CARTESIAN_POINT('',(0.80254608458,-0.5));
#2930 = CARTESIAN_POINT('',(0.60318642798,-0.5));
#2931 = CARTESIAN_POINT('',(0.402514348443,-0.5));
#2932 = CARTESIAN_POINT('',(0.201200060162,-0.5));
#2933 = CARTESIAN_POINT('',(0.,-0.5));
#2934 = ( GEOMETRIC_REPRESENTATION_CONTEXT(2) 
PARAMETRIC_REPRESENTATION_CONTEXT() REPRESENTATION_CONTEXT('2D SPACE',''
  ) );
#2935 = ORIENTED_EDGE('',*,*,#2936,.F.);
#2936 = EDGE_CURVE('',#2937,#2898,#2939,.T.);
#2937 = VERTEX_POINT('',#2938);
#2938 = CARTESIAN_POINT('',(41.83154296875,0.52880859375,9.2));
#2939 = SURFACE_CURVE('',#2940,(#2951,#2965),.PCURVE_S1.);
#2940 = B_SPLINE_CURVE_WITH_KNOTS('',5,(#2941,#2942,#2943,#2944,#2945,
    #2946,#2947,#2948,#2949,#2950),.UNSPECIFIED.,.F.,.F.,(6,4,6),(0.,
    0.425091119061,1.),.UNSPECIFIED.);
#2941 = CARTESIAN_POINT('',(41.83154296875,0.52880859375,9.2));
#2942 = CARTESIAN_POINT('',(41.872839238081,0.564911919034,9.2));
#2943 = CARTESIAN_POINT('',(41.916064327898,0.597455369485,9.2));
#2944 = CARTESIAN_POINT('',(41.96117700484,0.626257927047,9.2));
#2945 = CARTESIAN_POINT('',(42.008100641119,0.651194010286,9.2));
#2946 = CARTESIAN_POINT('',(42.122461291322,0.700636740451,9.2));
#2947 = CARTESIAN_POINT('',(42.191307698703,0.721898228366,9.2));
#2948 = CARTESIAN_POINT('',(42.262948769546,0.735860551266,9.2));
#2949 = CARTESIAN_POINT('',(42.33700995655,0.74267578125,9.2));
#2950 = CARTESIAN_POINT('',(42.4130859375,0.74267578125,9.2));
#2951 = PCURVE('',#126,#2952);
#2952 = DEFINITIONAL_REPRESENTATION('',(#2953),#2964);
#2953 = B_SPLINE_CURVE_WITH_KNOTS('',5,(#2954,#2955,#2956,#2957,#2958,
    #2959,#2960,#2961,#2962,#2963),.UNSPECIFIED.,.F.,.F.,(6,4,6),(0.,
    0.425091119061,1.),.UNSPECIFIED.);
#2954 = CARTESIAN_POINT('',(43.43154296875,12.92880859375));
#2955 = CARTESIAN_POINT('',(43.472839238081,12.964911919034));
#2956 = CARTESIAN_POINT('',(43.516064327898,12.997455369485));
#2957 = CARTESIAN_POINT('',(43.56117700484,13.026257927047));
#2958 = CARTESIAN_POINT('',(43.608100641119,13.051194010286));
#2959 = CARTESIAN_POINT('',(43.722461291322,13.100636740451));
#2960 = CARTESIAN_POINT('',(43.791307698703,13.121898228366));
#2961 = CARTESIAN_POINT('',(43.862948769546,13.135860551266));
#2962 = CARTESIAN_POINT('',(43.93700995655,13.14267578125));
#2963 = CARTESIAN_POINT('',(44.0130859375,13.14267578125));
#2964 = ( GEOMETRIC_REPRESENTATION_CONTEXT(2) 
PARAMETRIC_REPRESENTATION_CONTEXT() REPRESENTATION_CONTEXT('2D SPACE',''
  ) );
#2965 = PCURVE('',#2966,#2973);
#2966 = SURFACE_OF_LINEAR_EXTRUSION('',#2967,#2971);
#2967 = B_SPLINE_CURVE_WITH_KNOTS('',2,(#2968,#2969,#2970),
  .UNSPECIFIED.,.F.,.F.,(3,3),(0.,1.),.PIECEWISE_BEZIER_KNOTS.);
#2968 = CARTESIAN_POINT('',(42.4130859375,0.74267578125,8.7));
#2969 = CARTESIAN_POINT('',(42.076171875,0.74267578125,8.7));
#2970 = CARTESIAN_POINT('',(41.83154296875,0.52880859375,8.7));
#2971 = VECTOR('',#2972,1.);
#2972 = DIRECTION('',(-0.,-0.,-1.));
#2973 = DEFINITIONAL_REPRESENTATION('',(#2974),#2985);
#2974 = B_SPLINE_CURVE_WITH_KNOTS('',5,(#2975,#2976,#2977,#2978,#2979,
    #2980,#2981,#2982,#2983,#2984),.UNSPECIFIED.,.F.,.F.,(6,4,6),(0.,
    0.425091119061,1.),.UNSPECIFIED.);
#2975 = CARTESIAN_POINT('',(1.,-0.5));
#2976 = CARTESIAN_POINT('',(0.915594052305,-0.5));
#2977 = CARTESIAN_POINT('',(0.830605300037,-0.5));
#2978 = CARTESIAN_POINT('',(0.745210856449,-0.5));
#2979 = CARTESIAN_POINT('',(0.659604861609,-0.5));
#2980 = CARTESIAN_POINT('',(0.458224833256,-0.5));
#2981 = CARTESIAN_POINT('',(0.342437316902,-0.5));
#2982 = CARTESIAN_POINT('',(0.227176605862,-0.5));
#2983 = CARTESIAN_POINT('',(0.112901165932,-0.5));
#2984 = CARTESIAN_POINT('',(0.,-0.5));
#2985 = ( GEOMETRIC_REPRESENTATION_CONTEXT(2) 
PARAMETRIC_REPRESENTATION_CONTEXT() REPRESENTATION_CONTEXT('2D SPACE',''
  ) );
#2986 = ORIENTED_EDGE('',*,*,#2987,.F.);
#2987 = EDGE_CURVE('',#2988,#2937,#2990,.T.);
#2988 = VERTEX_POINT('',#2989);
#2989 = CARTESIAN_POINT('',(41.5869140625,-0.28271484375,9.2));
#2990 = SURFACE_CURVE('',#2991,(#3004,#3020),.PCURVE_S1.);
#2991 = B_SPLINE_CURVE_WITH_KNOTS('',6,(#2992,#2993,#2994,#2995,#2996,
    #2997,#2998,#2999,#3000,#3001,#3002,#3003),.UNSPECIFIED.,.F.,.F.,(7,
    5,7),(0.,0.491651248289,1.),.UNSPECIFIED.);
#2992 = CARTESIAN_POINT('',(41.5869140625,-0.28271484375,9.2));
#2993 = CARTESIAN_POINT('',(41.5869140625,-0.198979325917,9.2));
#2994 = CARTESIAN_POINT('',(41.58979520102,-0.117119695017,9.2));
#2995 = CARTESIAN_POINT('',(41.595899179587,-3.746953396358E-02,9.2));
#2996 = CARTESIAN_POINT('',(41.605629845182,3.94753767513E-02,9.2));
#2997 = CARTESIAN_POINT('',(41.619443234081,0.113064342191,9.2));
#2998 = CARTESIAN_POINT('',(41.656741999686,0.254383522811,9.2));
#2999 = CARTESIAN_POINT('',(41.680544594743,0.321848257353,9.2));
#3000 = CARTESIAN_POINT('',(41.709659029002,0.384015433092,9.2));
#3001 = CARTESIAN_POINT('',(41.7444854582,0.439840668599,9.2));
#3002 = CARTESIAN_POINT('',(41.785220861445,0.488311422094,9.2));
#3003 = CARTESIAN_POINT('',(41.83154296875,0.52880859375,9.2));
#3004 = PCURVE('',#126,#3005);
#3005 = DEFINITIONAL_REPRESENTATION('',(#3006),#3019);
#3006 = B_SPLINE_CURVE_WITH_KNOTS('',6,(#3007,#3008,#3009,#3010,#3011,
    #3012,#3013,#3014,#3015,#3016,#3017,#3018),.UNSPECIFIED.,.F.,.F.,(7,
    5,7),(0.,0.491651248289,1.),.UNSPECIFIED.);
#3007 = CARTESIAN_POINT('',(43.1869140625,12.11728515625));
#3008 = CARTESIAN_POINT('',(43.1869140625,12.201020674083));
#3009 = CARTESIAN_POINT('',(43.18979520102,12.282880304983));
#3010 = CARTESIAN_POINT('',(43.195899179587,12.362530466036));
#3011 = CARTESIAN_POINT('',(43.205629845182,12.439475376751));
#3012 = CARTESIAN_POINT('',(43.219443234081,12.513064342191));
#3013 = CARTESIAN_POINT('',(43.256741999686,12.654383522811));
#3014 = CARTESIAN_POINT('',(43.280544594743,12.721848257353));
#3015 = CARTESIAN_POINT('',(43.309659029002,12.784015433092));
#3016 = CARTESIAN_POINT('',(43.3444854582,12.839840668599));
#3017 = CARTESIAN_POINT('',(43.385220861445,12.888311422094));
#3018 = CARTESIAN_POINT('',(43.43154296875,12.92880859375));
#3019 = ( GEOMETRIC_REPRESENTATION_CONTEXT(2) 
PARAMETRIC_REPRESENTATION_CONTEXT() REPRESENTATION_CONTEXT('2D SPACE',''
  ) );
#3020 = PCURVE('',#3021,#3028);
#3021 = SURFACE_OF_LINEAR_EXTRUSION('',#3022,#3026);
#3022 = B_SPLINE_CURVE_WITH_KNOTS('',2,(#3023,#3024,#3025),
  .UNSPECIFIED.,.F.,.F.,(3,3),(0.,1.),.PIECEWISE_BEZIER_KNOTS.);
#3023 = CARTESIAN_POINT('',(41.83154296875,0.52880859375,8.7));
#3024 = CARTESIAN_POINT('',(41.5869140625,0.31494140625,8.7));
#3025 = CARTESIAN_POINT('',(41.5869140625,-0.28271484375,8.7));
#3026 = VECTOR('',#3027,1.);
#3027 = DIRECTION('',(-0.,-0.,-1.));
#3028 = DEFINITIONAL_REPRESENTATION('',(#3029),#3042);
#3029 = B_SPLINE_CURVE_WITH_KNOTS('',6,(#3030,#3031,#3032,#3033,#3034,
    #3035,#3036,#3037,#3038,#3039,#3040,#3041),.UNSPECIFIED.,.F.,.F.,(7,
    5,7),(0.,0.491651248289,1.),.UNSPECIFIED.);
#3030 = CARTESIAN_POINT('',(1.,-0.5));
#3031 = CARTESIAN_POINT('',(0.929946756323,-0.5));
#3032 = CARTESIAN_POINT('',(0.85768135256,-0.5));
#3033 = CARTESIAN_POINT('',(0.783034377182,-0.5));
#3034 = CARTESIAN_POINT('',(0.705890546692,-0.5));
#3035 = CARTESIAN_POINT('',(0.626195680137,-0.5));
#3036 = CARTESIAN_POINT('',(0.459012782863,-0.5));
#3037 = CARTESIAN_POINT('',(0.371330500627,-0.5));
#3038 = CARTESIAN_POINT('',(0.281108309093,-0.5));
#3039 = CARTESIAN_POINT('',(0.188694729828,-0.5));
#3040 = CARTESIAN_POINT('',(9.467831912229E-02,-0.5));
#3041 = CARTESIAN_POINT('',(0.,-0.5));
#3042 = ( GEOMETRIC_REPRESENTATION_CONTEXT(2) 
PARAMETRIC_REPRESENTATION_CONTEXT() REPRESENTATION_CONTEXT('2D SPACE',''
  ) );
#3043 = ORIENTED_EDGE('',*,*,#3044,.F.);
#3044 = EDGE_CURVE('',#2389,#2988,#3045,.T.);
#3045 = SURFACE_CURVE('',#3046,(#3050,#3056),.PCURVE_S1.);
#3046 = LINE('',#3047,#3048);
#3047 = CARTESIAN_POINT('',(41.5869140625,-6.341357421875,9.2));
#3048 = VECTOR('',#3049,1.);
#3049 = DIRECTION('',(0.,1.,0.));
#3050 = PCURVE('',#126,#3051);
#3051 = DEFINITIONAL_REPRESENTATION('',(#3052),#3055);
#3052 = B_SPLINE_CURVE_WITH_KNOTS('',1,(#3053,#3054),.UNSPECIFIED.,.F.,
  .F.,(2,2),(4.359423828125,6.058642578125),.PIECEWISE_BEZIER_KNOTS.);
#3053 = CARTESIAN_POINT('',(43.1869140625,10.41806640625));
#3054 = CARTESIAN_POINT('',(43.1869140625,12.11728515625));
#3055 = ( GEOMETRIC_REPRESENTATION_CONTEXT(2) 
PARAMETRIC_REPRESENTATION_CONTEXT() REPRESENTATION_CONTEXT('2D SPACE',''
  ) );
#3056 = PCURVE('',#3057,#3062);
#3057 = PLANE('',#3058);
#3058 = AXIS2_PLACEMENT_3D('',#3059,#3060,#3061);
#3059 = CARTESIAN_POINT('',(41.5869140625,-0.28271484375,8.7));
#3060 = DIRECTION('',(1.,0.,0.));
#3061 = DIRECTION('',(0.,-1.,0.));
#3062 = DEFINITIONAL_REPRESENTATION('',(#3063),#3066);
#3063 = B_SPLINE_CURVE_WITH_KNOTS('',1,(#3064,#3065),.UNSPECIFIED.,.F.,
  .F.,(2,2),(4.359423828125,6.058642578125),.PIECEWISE_BEZIER_KNOTS.);
#3064 = CARTESIAN_POINT('',(1.69921875,-0.5));
#3065 = CARTESIAN_POINT('',(0.,-0.5));
#3066 = ( GEOMETRIC_REPRESENTATION_CONTEXT(2) 
PARAMETRIC_REPRESENTATION_CONTEXT() REPRESENTATION_CONTEXT('2D SPACE',''
  ) );
#3067 = FACE_BOUND('',#3068,.T.);
#3068 = EDGE_LOOP('',(#3069,#3097,#3123,#3149,#3175,#3201,#3258,#3284,
    #3310,#3336,#3362,#3388,#3414,#3440,#3466,#3492,#3518,#3544));
#3069 = ORIENTED_EDGE('',*,*,#3070,.F.);
#3070 = EDGE_CURVE('',#3071,#3073,#3075,.T.);
#3071 = VERTEX_POINT('',#3072);
#3072 = CARTESIAN_POINT('',(48.3076171875,-1.98193359375,9.2));
#3073 = VERTEX_POINT('',#3074);
#3074 = CARTESIAN_POINT('',(48.8583984375,-1.98193359375,9.2));
#3075 = SURFACE_CURVE('',#3076,(#3080,#3086),.PCURVE_S1.);
#3076 = LINE('',#3077,#3078);
#3077 = CARTESIAN_POINT('',(23.62919921875,-1.98193359375,9.2));
#3078 = VECTOR('',#3079,1.);
#3079 = DIRECTION('',(1.,0.,-0.));
#3080 = PCURVE('',#126,#3081);
#3081 = DEFINITIONAL_REPRESENTATION('',(#3082),#3085);
#3082 = B_SPLINE_CURVE_WITH_KNOTS('',1,(#3083,#3084),.UNSPECIFIED.,.F.,
  .F.,(2,2),(24.67841796875,25.22919921875),.PIECEWISE_BEZIER_KNOTS.);
#3083 = CARTESIAN_POINT('',(49.9076171875,10.41806640625));
#3084 = CARTESIAN_POINT('',(50.4583984375,10.41806640625));
#3085 = ( GEOMETRIC_REPRESENTATION_CONTEXT(2) 
PARAMETRIC_REPRESENTATION_CONTEXT() REPRESENTATION_CONTEXT('2D SPACE',''
  ) );
#3086 = PCURVE('',#3087,#3092);
#3087 = PLANE('',#3088);
#3088 = AXIS2_PLACEMENT_3D('',#3089,#3090,#3091);
#3089 = CARTESIAN_POINT('',(48.8583984375,-1.98193359375,8.7));
#3090 = DIRECTION('',(0.,-1.,0.));
#3091 = DIRECTION('',(-1.,0.,0.));
#3092 = DEFINITIONAL_REPRESENTATION('',(#3093),#3096);
#3093 = B_SPLINE_CURVE_WITH_KNOTS('',1,(#3094,#3095),.UNSPECIFIED.,.F.,
  .F.,(2,2),(24.67841796875,25.22919921875),.PIECEWISE_BEZIER_KNOTS.);
#3094 = CARTESIAN_POINT('',(0.55078125,-0.5));
#3095 = CARTESIAN_POINT('',(0.,-0.5));
#3096 = ( GEOMETRIC_REPRESENTATION_CONTEXT(2) 
PARAMETRIC_REPRESENTATION_CONTEXT() REPRESENTATION_CONTEXT('2D SPACE',''
  ) );
#3097 = ORIENTED_EDGE('',*,*,#3098,.F.);
#3098 = EDGE_CURVE('',#3099,#3071,#3101,.T.);
#3099 = VERTEX_POINT('',#3100);
#3100 = CARTESIAN_POINT('',(47.35546875,1.12939453125,9.2));
#3101 = SURFACE_CURVE('',#3102,(#3106,#3112),.PCURVE_S1.);
#3102 = LINE('',#3103,#3104);
#3103 = CARTESIAN_POINT('',(47.628355509536,0.237684566242,9.2));
#3104 = VECTOR('',#3105,1.);
#3105 = DIRECTION('',(0.292630265557,-0.956225667758,0.));
#3106 = PCURVE('',#126,#3107);
#3107 = DEFINITIONAL_REPRESENTATION('',(#3108),#3111);
#3108 = B_SPLINE_CURVE_WITH_KNOTS('',1,(#3109,#3110),.UNSPECIFIED.,.F.,
  .F.,(2,2),(-0.932530881646,2.321228382413),.PIECEWISE_BEZIER_KNOTS.);
#3109 = CARTESIAN_POINT('',(48.95546875,13.52939453125));
#3110 = CARTESIAN_POINT('',(49.9076171875,10.41806640625));
#3111 = ( GEOMETRIC_REPRESENTATION_CONTEXT(2) 
PARAMETRIC_REPRESENTATION_CONTEXT() REPRESENTATION_CONTEXT('2D SPACE',''
  ) );
#3112 = PCURVE('',#3113,#3118);
#3113 = PLANE('',#3114);
#3114 = AXIS2_PLACEMENT_3D('',#3115,#3116,#3117);
#3115 = CARTESIAN_POINT('',(48.3076171875,-1.98193359375,8.7));
#3116 = DIRECTION('',(-0.956225667758,-0.292630265557,0.));
#3117 = DIRECTION('',(-0.292630265557,0.956225667758,0.));
#3118 = DEFINITIONAL_REPRESENTATION('',(#3119),#3122);
#3119 = B_SPLINE_CURVE_WITH_KNOTS('',1,(#3120,#3121),.UNSPECIFIED.,.F.,
  .F.,(2,2),(-0.932530881646,2.321228382413),.PIECEWISE_BEZIER_KNOTS.);
#3120 = CARTESIAN_POINT('',(3.253759264059,-0.5));
#3121 = CARTESIAN_POINT('',(0.,-0.5));
#3122 = ( GEOMETRIC_REPRESENTATION_CONTEXT(2) 
PARAMETRIC_REPRESENTATION_CONTEXT() REPRESENTATION_CONTEXT('2D SPACE',''
  ) );
#3123 = ORIENTED_EDGE('',*,*,#3124,.F.);
#3124 = EDGE_CURVE('',#3125,#3099,#3127,.T.);
#3125 = VERTEX_POINT('',#3126);
#3126 = CARTESIAN_POINT('',(47.900390625,1.12939453125,9.2));
#3127 = SURFACE_CURVE('',#3128,(#3132,#3138),.PCURVE_S1.);
#3128 = LINE('',#3129,#3130);
#3129 = CARTESIAN_POINT('',(22.877734375,1.12939453125,9.2));
#3130 = VECTOR('',#3131,1.);
#3131 = DIRECTION('',(-1.,0.,0.));
#3132 = PCURVE('',#126,#3133);
#3133 = DEFINITIONAL_REPRESENTATION('',(#3134),#3137);
#3134 = B_SPLINE_CURVE_WITH_KNOTS('',1,(#3135,#3136),.UNSPECIFIED.,.F.,
  .F.,(2,2),(-25.02265625,-24.477734375),.PIECEWISE_BEZIER_KNOTS.);
#3135 = CARTESIAN_POINT('',(49.500390625,13.52939453125));
#3136 = CARTESIAN_POINT('',(48.95546875,13.52939453125));
#3137 = ( GEOMETRIC_REPRESENTATION_CONTEXT(2) 
PARAMETRIC_REPRESENTATION_CONTEXT() REPRESENTATION_CONTEXT('2D SPACE',''
  ) );
#3138 = PCURVE('',#3139,#3144);
#3139 = PLANE('',#3140);
#3140 = AXIS2_PLACEMENT_3D('',#3141,#3142,#3143);
#3141 = CARTESIAN_POINT('',(47.35546875,1.12939453125,8.7));
#3142 = DIRECTION('',(0.,1.,0.));
#3143 = DIRECTION('',(1.,0.,0.));
#3144 = DEFINITIONAL_REPRESENTATION('',(#3145),#3148);
#3145 = B_SPLINE_CURVE_WITH_KNOTS('',1,(#3146,#3147),.UNSPECIFIED.,.F.,
  .F.,(2,2),(-25.02265625,-24.477734375),.PIECEWISE_BEZIER_KNOTS.);
#3146 = CARTESIAN_POINT('',(0.544921875,-0.5));
#3147 = CARTESIAN_POINT('',(0.,-0.5));
#3148 = ( GEOMETRIC_REPRESENTATION_CONTEXT(2) 
PARAMETRIC_REPRESENTATION_CONTEXT() REPRESENTATION_CONTEXT('2D SPACE',''
  ) );
#3149 = ORIENTED_EDGE('',*,*,#3150,.F.);
#3150 = EDGE_CURVE('',#3151,#3125,#3153,.T.);
#3151 = VERTEX_POINT('',#3152);
#3152 = CARTESIAN_POINT('',(48.3955078125,-0.66650390625,9.2));
#3153 = SURFACE_CURVE('',#3154,(#3158,#3164),.PCURVE_S1.);
#3154 = LINE('',#3155,#3156);
#3155 = CARTESIAN_POINT('',(47.885333652494,1.184009467026,9.2));
#3156 = VECTOR('',#3157,1.);
#3157 = DIRECTION('',(-0.265777811949,0.96403431198,0.));
#3158 = PCURVE('',#126,#3159);
#3159 = DEFINITIONAL_REPRESENTATION('',(#3160),#3163);
#3160 = B_SPLINE_CURVE_WITH_KNOTS('',1,(#3161,#3162),.UNSPECIFIED.,.F.,
  .F.,(2,2),(-1.919551358576,-5.665248124217E-02),
  .PIECEWISE_BEZIER_KNOTS.);
#3161 = CARTESIAN_POINT('',(49.9955078125,11.73349609375));
#3162 = CARTESIAN_POINT('',(49.500390625,13.52939453125));
#3163 = ( GEOMETRIC_REPRESENTATION_CONTEXT(2) 
PARAMETRIC_REPRESENTATION_CONTEXT() REPRESENTATION_CONTEXT('2D SPACE',''
  ) );
#3164 = PCURVE('',#3165,#3170);
#3165 = PLANE('',#3166);
#3166 = AXIS2_PLACEMENT_3D('',#3167,#3168,#3169);
#3167 = CARTESIAN_POINT('',(47.900390625,1.12939453125,8.7));
#3168 = DIRECTION('',(0.96403431198,0.265777811949,0.));
#3169 = DIRECTION('',(0.265777811949,-0.96403431198,0.));
#3170 = DEFINITIONAL_REPRESENTATION('',(#3171),#3174);
#3171 = B_SPLINE_CURVE_WITH_KNOTS('',1,(#3172,#3173),.UNSPECIFIED.,.F.,
  .F.,(2,2),(-1.919551358576,-5.665248124217E-02),
  .PIECEWISE_BEZIER_KNOTS.);
#3172 = CARTESIAN_POINT('',(1.862898877334,-0.5));
#3173 = CARTESIAN_POINT('',(0.,-0.5));
#3174 = ( GEOMETRIC_REPRESENTATION_CONTEXT(2) 
PARAMETRIC_REPRESENTATION_CONTEXT() REPRESENTATION_CONTEXT('2D SPACE',''
  ) );
#3175 = ORIENTED_EDGE('',*,*,#3176,.F.);
#3176 = EDGE_CURVE('',#3177,#3151,#3179,.T.);
#3177 = VERTEX_POINT('',#3178);
#3178 = CARTESIAN_POINT('',(48.580078125,-1.33447265625,9.2));
#3179 = SURFACE_CURVE('',#3180,(#3184,#3190),.PCURVE_S1.);
#3180 = LINE('',#3181,#3182);
#3181 = CARTESIAN_POINT('',(48.128388689154,0.300212921098,9.2));
#3182 = VECTOR('',#3183,1.);
#3183 = DIRECTION('',(-0.26633537944,0.96388042083,0.));
#3184 = PCURVE('',#126,#3185);
#3185 = DEFINITIONAL_REPRESENTATION('',(#3186),#3189);
#3186 = B_SPLINE_CURVE_WITH_KNOTS('',1,(#3187,#3188),.UNSPECIFIED.,.F.,
  .F.,(2,2),(-1.695942299504,-1.00294269544),.PIECEWISE_BEZIER_KNOTS.);
#3187 = CARTESIAN_POINT('',(50.180078125,11.06552734375));
#3188 = CARTESIAN_POINT('',(49.9955078125,11.73349609375));
#3189 = ( GEOMETRIC_REPRESENTATION_CONTEXT(2) 
PARAMETRIC_REPRESENTATION_CONTEXT() REPRESENTATION_CONTEXT('2D SPACE',''
  ) );
#3190 = PCURVE('',#3191,#3196);
#3191 = PLANE('',#3192);
#3192 = AXIS2_PLACEMENT_3D('',#3193,#3194,#3195);
#3193 = CARTESIAN_POINT('',(48.3955078125,-0.66650390625,8.7));
#3194 = DIRECTION('',(0.96388042083,0.26633537944,0.));
#3195 = DIRECTION('',(0.26633537944,-0.96388042083,0.));
#3196 = DEFINITIONAL_REPRESENTATION('',(#3197),#3200);
#3197 = B_SPLINE_CURVE_WITH_KNOTS('',1,(#3198,#3199),.UNSPECIFIED.,.F.,
  .F.,(2,2),(-1.695942299504,-1.00294269544),.PIECEWISE_BEZIER_KNOTS.);
#3198 = CARTESIAN_POINT('',(0.692999604064,-0.5));
#3199 = CARTESIAN_POINT('',(0.,-0.5));
#3200 = ( GEOMETRIC_REPRESENTATION_CONTEXT(2) 
PARAMETRIC_REPRESENTATION_CONTEXT() REPRESENTATION_CONTEXT('2D SPACE',''
  ) );
#3201 = ORIENTED_EDGE('',*,*,#3202,.F.);
#3202 = EDGE_CURVE('',#3203,#3177,#3205,.T.);
#3203 = VERTEX_POINT('',#3204);
#3204 = CARTESIAN_POINT('',(48.7412109375,-0.69287109375,9.2));
#3205 = SURFACE_CURVE('',#3206,(#3219,#3235),.PCURVE_S1.);
#3206 = B_SPLINE_CURVE_WITH_KNOTS('',6,(#3207,#3208,#3209,#3210,#3211,
    #3212,#3213,#3214,#3215,#3216,#3217,#3218),.UNSPECIFIED.,.F.,.F.,(7,
    5,7),(0.,0.601164768327,1.),.UNSPECIFIED.);
#3207 = CARTESIAN_POINT('',(48.7412109375,-0.69287109375,9.2));
#3208 = CARTESIAN_POINT('',(48.71787662259,-0.785293282215,9.2));
#3209 = CARTESIAN_POINT('',(48.695396371505,-0.874382310556,9.2));
#3210 = CARTESIAN_POINT('',(48.673901289207,-0.959628124,9.2));
#3211 = CARTESIAN_POINT('',(48.653724172193,-1.039726164543,9.2));
#3212 = CARTESIAN_POINT('',(48.635397145269,-1.112586658947,9.2));
#3213 = CARTESIAN_POINT('',(48.609279304429,-1.216675350818,9.2));
#3214 = CARTESIAN_POINT('',(48.600022757651,-1.253644736538,9.2));
#3215 = CARTESIAN_POINT('',(48.592178626329,-1.285076590943,9.2));
#3216 = CARTESIAN_POINT('',(48.586059289195,-1.309739462132,9.2));
#3217 = CARTESIAN_POINT('',(48.58198530549,-1.326367139168,9.2));
#3218 = CARTESIAN_POINT('',(48.580078125,-1.33447265625,9.2));
#3219 = PCURVE('',#126,#3220);
#3220 = DEFINITIONAL_REPRESENTATION('',(#3221),#3234);
#3221 = B_SPLINE_CURVE_WITH_KNOTS('',6,(#3222,#3223,#3224,#3225,#3226,
    #3227,#3228,#3229,#3230,#3231,#3232,#3233),.UNSPECIFIED.,.F.,.F.,(7,
    5,7),(0.,0.601164768327,1.),.UNSPECIFIED.);
#3222 = CARTESIAN_POINT('',(50.3412109375,11.70712890625));
#3223 = CARTESIAN_POINT('',(50.31787662259,11.614706717785));
#3224 = CARTESIAN_POINT('',(50.295396371505,11.525617689444));
#3225 = CARTESIAN_POINT('',(50.273901289207,11.440371876));
#3226 = CARTESIAN_POINT('',(50.253724172193,11.360273835457));
#3227 = CARTESIAN_POINT('',(50.235397145269,11.287413341053));
#3228 = CARTESIAN_POINT('',(50.209279304429,11.183324649182));
#3229 = CARTESIAN_POINT('',(50.200022757651,11.146355263462));
#3230 = CARTESIAN_POINT('',(50.192178626329,11.114923409057));
#3231 = CARTESIAN_POINT('',(50.186059289195,11.090260537868));
#3232 = CARTESIAN_POINT('',(50.18198530549,11.073632860832));
#3233 = CARTESIAN_POINT('',(50.180078125,11.06552734375));
#3234 = ( GEOMETRIC_REPRESENTATION_CONTEXT(2) 
PARAMETRIC_REPRESENTATION_CONTEXT() REPRESENTATION_CONTEXT('2D SPACE',''
  ) );
#3235 = PCURVE('',#3236,#3243);
#3236 = SURFACE_OF_LINEAR_EXTRUSION('',#3237,#3241);
#3237 = B_SPLINE_CURVE_WITH_KNOTS('',2,(#3238,#3239,#3240),
  .UNSPECIFIED.,.F.,.F.,(3,3),(0.,1.),.PIECEWISE_BEZIER_KNOTS.);
#3238 = CARTESIAN_POINT('',(48.580078125,-1.33447265625,8.7));
#3239 = CARTESIAN_POINT('',(48.591796875,-1.28466796875,8.7));
#3240 = CARTESIAN_POINT('',(48.7412109375,-0.69287109375,8.7));
#3241 = VECTOR('',#3242,1.);
#3242 = DIRECTION('',(-0.,-0.,-1.));
#3243 = DEFINITIONAL_REPRESENTATION('',(#3244),#3257);
#3244 = B_SPLINE_CURVE_WITH_KNOTS('',6,(#3245,#3246,#3247,#3248,#3249,
    #3250,#3251,#3252,#3253,#3254,#3255,#3256),.UNSPECIFIED.,.F.,.F.,(7,
    5,7),(0.,0.601164768327,1.),.UNSPECIFIED.);
#3245 = CARTESIAN_POINT('',(1.,-0.5));
#3246 = CARTESIAN_POINT('',(0.921913926577,-0.5));
#3247 = CARTESIAN_POINT('',(0.839942202167,-0.5));
#3248 = CARTESIAN_POINT('',(0.75326955029,-0.5));
#3249 = CARTESIAN_POINT('',(0.661163764409,-0.5));
#3250 = CARTESIAN_POINT('',(0.562977622527,-0.5));
#3251 = CARTESIAN_POINT('',(0.388353911928,-0.5));
#3252 = CARTESIAN_POINT('',(0.315748334793,-0.5));
#3253 = CARTESIAN_POINT('',(0.240154970018,-0.5));
#3254 = CARTESIAN_POINT('',(0.161828874071,-0.5));
#3255 = CARTESIAN_POINT('',(8.137303423885E-02,-0.5));
#3256 = CARTESIAN_POINT('',(0.,-0.5));
#3257 = ( GEOMETRIC_REPRESENTATION_CONTEXT(2) 
PARAMETRIC_REPRESENTATION_CONTEXT() REPRESENTATION_CONTEXT('2D SPACE',''
  ) );
#3258 = ORIENTED_EDGE('',*,*,#3259,.F.);
#3259 = EDGE_CURVE('',#3260,#3203,#3262,.T.);
#3260 = VERTEX_POINT('',#3261);
#3261 = CARTESIAN_POINT('',(49.236328125,1.12939453125,9.2));
#3262 = SURFACE_CURVE('',#3263,(#3267,#3273),.PCURVE_S1.);
#3263 = LINE('',#3264,#3265);
#3264 = CARTESIAN_POINT('',(45.529684379288,-12.51280907723,9.2));
#3265 = VECTOR('',#3266,1.);
#3266 = DIRECTION('',(-0.262198339135,-0.965014005574,0.));
#3267 = PCURVE('',#126,#3268);
#3268 = DEFINITIONAL_REPRESENTATION('',(#3269),#3272);
#3269 = B_SPLINE_CURVE_WITH_KNOTS('',1,(#3270,#3271),.UNSPECIFIED.,.F.,
  .F.,(2,2),(-14.13679338297,-12.24846262873),.PIECEWISE_BEZIER_KNOTS.);
#3270 = CARTESIAN_POINT('',(50.836328125,13.52939453125));
#3271 = CARTESIAN_POINT('',(50.3412109375,11.70712890625));
#3272 = ( GEOMETRIC_REPRESENTATION_CONTEXT(2) 
PARAMETRIC_REPRESENTATION_CONTEXT() REPRESENTATION_CONTEXT('2D SPACE',''
  ) );
#3273 = PCURVE('',#3274,#3279);
#3274 = PLANE('',#3275);
#3275 = AXIS2_PLACEMENT_3D('',#3276,#3277,#3278);
#3276 = CARTESIAN_POINT('',(48.7412109375,-0.69287109375,8.7));
#3277 = DIRECTION('',(-0.965014005574,0.262198339135,0.));
#3278 = DIRECTION('',(0.262198339135,0.965014005574,0.));
#3279 = DEFINITIONAL_REPRESENTATION('',(#3280),#3283);
#3280 = B_SPLINE_CURVE_WITH_KNOTS('',1,(#3281,#3282),.UNSPECIFIED.,.F.,
  .F.,(2,2),(-14.13679338297,-12.24846262873),.PIECEWISE_BEZIER_KNOTS.);
#3281 = CARTESIAN_POINT('',(1.888330754242,-0.5));
#3282 = CARTESIAN_POINT('',(0.,-0.5));
#3283 = ( GEOMETRIC_REPRESENTATION_CONTEXT(2) 
PARAMETRIC_REPRESENTATION_CONTEXT() REPRESENTATION_CONTEXT('2D SPACE',''
  ) );
#3284 = ORIENTED_EDGE('',*,*,#3285,.F.);
#3285 = EDGE_CURVE('',#3286,#3260,#3288,.T.);
#3286 = VERTEX_POINT('',#3287);
#3287 = CARTESIAN_POINT('',(49.7783203125,1.12939453125,9.2));
#3288 = SURFACE_CURVE('',#3289,(#3293,#3299),.PCURVE_S1.);
#3289 = LINE('',#3290,#3291);
#3290 = CARTESIAN_POINT('',(23.8181640625,1.12939453125,9.2));
#3291 = VECTOR('',#3292,1.);
#3292 = DIRECTION('',(-1.,0.,0.));
#3293 = PCURVE('',#126,#3294);
#3294 = DEFINITIONAL_REPRESENTATION('',(#3295),#3298);
#3295 = B_SPLINE_CURVE_WITH_KNOTS('',1,(#3296,#3297),.UNSPECIFIED.,.F.,
  .F.,(2,2),(-25.96015625,-25.4181640625),.PIECEWISE_BEZIER_KNOTS.);
#3296 = CARTESIAN_POINT('',(51.3783203125,13.52939453125));
#3297 = CARTESIAN_POINT('',(50.836328125,13.52939453125));
#3298 = ( GEOMETRIC_REPRESENTATION_CONTEXT(2) 
PARAMETRIC_REPRESENTATION_CONTEXT() REPRESENTATION_CONTEXT('2D SPACE',''
  ) );
#3299 = PCURVE('',#3300,#3305);
#3300 = PLANE('',#3301);
#3301 = AXIS2_PLACEMENT_3D('',#3302,#3303,#3304);
#3302 = CARTESIAN_POINT('',(49.236328125,1.12939453125,8.7));
#3303 = DIRECTION('',(0.,1.,0.));
#3304 = DIRECTION('',(1.,0.,0.));
#3305 = DEFINITIONAL_REPRESENTATION('',(#3306),#3309);
#3306 = B_SPLINE_CURVE_WITH_KNOTS('',1,(#3307,#3308),.UNSPECIFIED.,.F.,
  .F.,(2,2),(-25.96015625,-25.4181640625),.PIECEWISE_BEZIER_KNOTS.);
#3307 = CARTESIAN_POINT('',(0.5419921875,-0.5));
#3308 = CARTESIAN_POINT('',(0.,-0.5));
#3309 = ( GEOMETRIC_REPRESENTATION_CONTEXT(2) 
PARAMETRIC_REPRESENTATION_CONTEXT() REPRESENTATION_CONTEXT('2D SPACE',''
  ) );
#3310 = ORIENTED_EDGE('',*,*,#3311,.F.);
#3311 = EDGE_CURVE('',#3312,#3286,#3314,.T.);
#3312 = VERTEX_POINT('',#3313);
#3313 = CARTESIAN_POINT('',(50.244140625,-0.67529296875,9.2));
#3314 = SURFACE_CURVE('',#3315,(#3319,#3325),.PCURVE_S1.);
#3315 = LINE('',#3316,#3317);
#3316 = CARTESIAN_POINT('',(49.810721232293,1.003866439474,9.2));
#3317 = VECTOR('',#3318,1.);
#3318 = DIRECTION('',(-0.249925557866,0.968265054376,0.));
#3319 = PCURVE('',#126,#3320);
#3320 = DEFINITIONAL_REPRESENTATION('',(#3321),#3324);
#3321 = B_SPLINE_CURVE_WITH_KNOTS('',1,(#3322,#3323),.UNSPECIFIED.,.F.,
  .F.,(2,2),(-1.734193959222,0.129642282564),.PIECEWISE_BEZIER_KNOTS.);
#3322 = CARTESIAN_POINT('',(51.844140625,11.72470703125));
#3323 = CARTESIAN_POINT('',(51.3783203125,13.52939453125));
#3324 = ( GEOMETRIC_REPRESENTATION_CONTEXT(2) 
PARAMETRIC_REPRESENTATION_CONTEXT() REPRESENTATION_CONTEXT('2D SPACE',''
  ) );
#3325 = PCURVE('',#3326,#3331);
#3326 = PLANE('',#3327);
#3327 = AXIS2_PLACEMENT_3D('',#3328,#3329,#3330);
#3328 = CARTESIAN_POINT('',(49.7783203125,1.12939453125,8.7));
#3329 = DIRECTION('',(0.968265054376,0.249925557866,0.));
#3330 = DIRECTION('',(0.249925557866,-0.968265054376,0.));
#3331 = DEFINITIONAL_REPRESENTATION('',(#3332),#3335);
#3332 = B_SPLINE_CURVE_WITH_KNOTS('',1,(#3333,#3334),.UNSPECIFIED.,.F.,
  .F.,(2,2),(-1.734193959222,0.129642282564),.PIECEWISE_BEZIER_KNOTS.);
#3333 = CARTESIAN_POINT('',(1.863836241786,-0.5));
#3334 = CARTESIAN_POINT('',(0.,-0.5));
#3335 = ( GEOMETRIC_REPRESENTATION_CONTEXT(2) 
PARAMETRIC_REPRESENTATION_CONTEXT() REPRESENTATION_CONTEXT('2D SPACE',''
  ) );
#3336 = ORIENTED_EDGE('',*,*,#3337,.F.);
#3337 = EDGE_CURVE('',#3338,#3312,#3340,.T.);
#3338 = VERTEX_POINT('',#3339);
#3339 = CARTESIAN_POINT('',(50.3994140625,-1.27001953125,9.2));
#3340 = SURFACE_CURVE('',#3341,(#3345,#3351),.PCURVE_S1.);
#3341 = LINE('',#3342,#3343);
#3342 = CARTESIAN_POINT('',(50.022821300333,0.172401803089,9.2));
#3343 = VECTOR('',#3344,1.);
#3344 = DIRECTION('',(-0.252615919995,0.967566636964,0.));
#3345 = PCURVE('',#126,#3346);
#3346 = DEFINITIONAL_REPRESENTATION('',(#3347),#3350);
#3347 = B_SPLINE_CURVE_WITH_KNOTS('',1,(#3348,#3349),.UNSPECIFIED.,.F.,
  .F.,(2,2),(-1.490772086629,-0.876109964373),.PIECEWISE_BEZIER_KNOTS.);
#3348 = CARTESIAN_POINT('',(51.9994140625,11.12998046875));
#3349 = CARTESIAN_POINT('',(51.844140625,11.72470703125));
#3350 = ( GEOMETRIC_REPRESENTATION_CONTEXT(2) 
PARAMETRIC_REPRESENTATION_CONTEXT() REPRESENTATION_CONTEXT('2D SPACE',''
  ) );
#3351 = PCURVE('',#3352,#3357);
#3352 = PLANE('',#3353);
#3353 = AXIS2_PLACEMENT_3D('',#3354,#3355,#3356);
#3354 = CARTESIAN_POINT('',(50.244140625,-0.67529296875,8.7));
#3355 = DIRECTION('',(0.967566636964,0.252615919995,0.));
#3356 = DIRECTION('',(0.252615919995,-0.967566636964,0.));
#3357 = DEFINITIONAL_REPRESENTATION('',(#3358),#3361);
#3358 = B_SPLINE_CURVE_WITH_KNOTS('',1,(#3359,#3360),.UNSPECIFIED.,.F.,
  .F.,(2,2),(-1.490772086629,-0.876109964373),.PIECEWISE_BEZIER_KNOTS.);
#3359 = CARTESIAN_POINT('',(0.614662122256,-0.5));
#3360 = CARTESIAN_POINT('',(0.,-0.5));
#3361 = ( GEOMETRIC_REPRESENTATION_CONTEXT(2) 
PARAMETRIC_REPRESENTATION_CONTEXT() REPRESENTATION_CONTEXT('2D SPACE',''
  ) );
#3362 = ORIENTED_EDGE('',*,*,#3363,.F.);
#3363 = EDGE_CURVE('',#3364,#3338,#3366,.T.);
#3364 = VERTEX_POINT('',#3365);
#3365 = CARTESIAN_POINT('',(50.578125,-0.66943359375,9.2));
#3366 = SURFACE_CURVE('',#3367,(#3371,#3377),.PCURVE_S1.);
#3367 = LINE('',#3368,#3369);
#3368 = CARTESIAN_POINT('',(46.763355986512,-13.48955896694,9.2));
#3369 = VECTOR('',#3370,1.);
#3370 = DIRECTION('',(-0.285202463289,-0.95846729466,0.));
#3371 = PCURVE('',#126,#3372);
#3372 = DEFINITIONAL_REPRESENTATION('',(#3373),#3376);
#3373 = B_SPLINE_CURVE_WITH_KNOTS('',1,(#3374,#3375),.UNSPECIFIED.,.F.,
  .F.,(2,2),(-13.37565240318,-12.74904162486),.PIECEWISE_BEZIER_KNOTS.);
#3374 = CARTESIAN_POINT('',(52.178125,11.73056640625));
#3375 = CARTESIAN_POINT('',(51.9994140625,11.12998046875));
#3376 = ( GEOMETRIC_REPRESENTATION_CONTEXT(2) 
PARAMETRIC_REPRESENTATION_CONTEXT() REPRESENTATION_CONTEXT('2D SPACE',''
  ) );
#3377 = PCURVE('',#3378,#3383);
#3378 = PLANE('',#3379);
#3379 = AXIS2_PLACEMENT_3D('',#3380,#3381,#3382);
#3380 = CARTESIAN_POINT('',(50.3994140625,-1.27001953125,8.7));
#3381 = DIRECTION('',(-0.95846729466,0.285202463289,0.));
#3382 = DIRECTION('',(0.285202463289,0.95846729466,0.));
#3383 = DEFINITIONAL_REPRESENTATION('',(#3384),#3387);
#3384 = B_SPLINE_CURVE_WITH_KNOTS('',1,(#3385,#3386),.UNSPECIFIED.,.F.,
  .F.,(2,2),(-13.37565240318,-12.74904162486),.PIECEWISE_BEZIER_KNOTS.);
#3385 = CARTESIAN_POINT('',(0.626610778318,-0.5));
#3386 = CARTESIAN_POINT('',(0.,-0.5));
#3387 = ( GEOMETRIC_REPRESENTATION_CONTEXT(2) 
PARAMETRIC_REPRESENTATION_CONTEXT() REPRESENTATION_CONTEXT('2D SPACE',''
  ) );
#3388 = ORIENTED_EDGE('',*,*,#3389,.F.);
#3389 = EDGE_CURVE('',#3390,#3364,#3392,.T.);
#3390 = VERTEX_POINT('',#3391);
#3391 = CARTESIAN_POINT('',(51.111328125,1.12939453125,9.2));
#3392 = SURFACE_CURVE('',#3393,(#3397,#3403),.PCURVE_S1.);
#3393 = LINE('',#3394,#3395);
#3394 = CARTESIAN_POINT('',(46.872849047516,-13.16965026861,9.2));
#3395 = VECTOR('',#3396,1.);
#3396 = DIRECTION('',(-0.284194660217,-0.958766600953,0.));
#3397 = PCURVE('',#126,#3398);
#3398 = DEFINITIONAL_REPRESENTATION('',(#3399),#3402);
#3399 = B_SPLINE_CURVE_WITH_KNOTS('',1,(#3400,#3401),.UNSPECIFIED.,.F.,
  .F.,(2,2),(-14.91399970091,-13.03780989287),.PIECEWISE_BEZIER_KNOTS.);
#3400 = CARTESIAN_POINT('',(52.711328125,13.52939453125));
#3401 = CARTESIAN_POINT('',(52.178125,11.73056640625));
#3402 = ( GEOMETRIC_REPRESENTATION_CONTEXT(2) 
PARAMETRIC_REPRESENTATION_CONTEXT() REPRESENTATION_CONTEXT('2D SPACE',''
  ) );
#3403 = PCURVE('',#3404,#3409);
#3404 = PLANE('',#3405);
#3405 = AXIS2_PLACEMENT_3D('',#3406,#3407,#3408);
#3406 = CARTESIAN_POINT('',(50.578125,-0.66943359375,8.7));
#3407 = DIRECTION('',(-0.958766600953,0.284194660217,0.));
#3408 = DIRECTION('',(0.284194660217,0.958766600953,0.));
#3409 = DEFINITIONAL_REPRESENTATION('',(#3410),#3413);
#3410 = B_SPLINE_CURVE_WITH_KNOTS('',1,(#3411,#3412),.UNSPECIFIED.,.F.,
  .F.,(2,2),(-14.91399970091,-13.03780989287),.PIECEWISE_BEZIER_KNOTS.);
#3411 = CARTESIAN_POINT('',(1.876189808042,-0.5));
#3412 = CARTESIAN_POINT('',(0.,-0.5));
#3413 = ( GEOMETRIC_REPRESENTATION_CONTEXT(2) 
PARAMETRIC_REPRESENTATION_CONTEXT() REPRESENTATION_CONTEXT('2D SPACE',''
  ) );
#3414 = ORIENTED_EDGE('',*,*,#3415,.F.);
#3415 = EDGE_CURVE('',#3416,#3390,#3418,.T.);
#3416 = VERTEX_POINT('',#3417);
#3417 = CARTESIAN_POINT('',(51.6240234375,1.12939453125,9.2));
#3418 = SURFACE_CURVE('',#3419,(#3423,#3429),.PCURVE_S1.);
#3419 = LINE('',#3420,#3421);
#3420 = CARTESIAN_POINT('',(24.7556640625,1.12939453125,9.2));
#3421 = VECTOR('',#3422,1.);
#3422 = DIRECTION('',(-1.,0.,0.));
#3423 = PCURVE('',#126,#3424);
#3424 = DEFINITIONAL_REPRESENTATION('',(#3425),#3428);
#3425 = B_SPLINE_CURVE_WITH_KNOTS('',1,(#3426,#3427),.UNSPECIFIED.,.F.,
  .F.,(2,2),(-26.868359375,-26.3556640625),.PIECEWISE_BEZIER_KNOTS.);
#3426 = CARTESIAN_POINT('',(53.2240234375,13.52939453125));
#3427 = CARTESIAN_POINT('',(52.711328125,13.52939453125));
#3428 = ( GEOMETRIC_REPRESENTATION_CONTEXT(2) 
PARAMETRIC_REPRESENTATION_CONTEXT() REPRESENTATION_CONTEXT('2D SPACE',''
  ) );
#3429 = PCURVE('',#3430,#3435);
#3430 = PLANE('',#3431);
#3431 = AXIS2_PLACEMENT_3D('',#3432,#3433,#3434);
#3432 = CARTESIAN_POINT('',(51.111328125,1.12939453125,8.7));
#3433 = DIRECTION('',(0.,1.,0.));
#3434 = DIRECTION('',(1.,0.,0.));
#3435 = DEFINITIONAL_REPRESENTATION('',(#3436),#3439);
#3436 = B_SPLINE_CURVE_WITH_KNOTS('',1,(#3437,#3438),.UNSPECIFIED.,.F.,
  .F.,(2,2),(-26.868359375,-26.3556640625),.PIECEWISE_BEZIER_KNOTS.);
#3437 = CARTESIAN_POINT('',(0.5126953125,-0.5));
#3438 = CARTESIAN_POINT('',(0.,-0.5));
#3439 = ( GEOMETRIC_REPRESENTATION_CONTEXT(2) 
PARAMETRIC_REPRESENTATION_CONTEXT() REPRESENTATION_CONTEXT('2D SPACE',''
  ) );
#3440 = ORIENTED_EDGE('',*,*,#3441,.F.);
#3441 = EDGE_CURVE('',#3442,#3416,#3444,.T.);
#3442 = VERTEX_POINT('',#3443);
#3443 = CARTESIAN_POINT('',(50.6513671875,-1.98193359375,9.2));
#3444 = SURFACE_CURVE('',#3445,(#3449,#3455),.PCURVE_S1.);
#3445 = LINE('',#3446,#3447);
#3446 = CARTESIAN_POINT('',(47.328292992653,-12.61176731341,9.2));
#3447 = VECTOR('',#3448,1.);
#3448 = DIRECTION('',(0.298377337547,0.954447989383,-0.));
#3449 = PCURVE('',#126,#3450);
#3450 = DEFINITIONAL_REPRESENTATION('',(#3451),#3454);
#3451 = B_SPLINE_CURVE_WITH_KNOTS('',1,(#3452,#3453),.UNSPECIFIED.,.F.,
  .F.,(2,2),(11.137153451941,14.396972907384),.PIECEWISE_BEZIER_KNOTS.);
#3452 = CARTESIAN_POINT('',(52.2513671875,10.41806640625));
#3453 = CARTESIAN_POINT('',(53.2240234375,13.52939453125));
#3454 = ( GEOMETRIC_REPRESENTATION_CONTEXT(2) 
PARAMETRIC_REPRESENTATION_CONTEXT() REPRESENTATION_CONTEXT('2D SPACE',''
  ) );
#3455 = PCURVE('',#3456,#3461);
#3456 = PLANE('',#3457);
#3457 = AXIS2_PLACEMENT_3D('',#3458,#3459,#3460);
#3458 = CARTESIAN_POINT('',(51.6240234375,1.12939453125,8.7));
#3459 = DIRECTION('',(0.954447989383,-0.298377337547,0.));
#3460 = DIRECTION('',(-0.298377337547,-0.954447989383,0.));
#3461 = DEFINITIONAL_REPRESENTATION('',(#3462),#3465);
#3462 = B_SPLINE_CURVE_WITH_KNOTS('',1,(#3463,#3464),.UNSPECIFIED.,.F.,
  .F.,(2,2),(11.137153451941,14.396972907384),.PIECEWISE_BEZIER_KNOTS.);
#3463 = CARTESIAN_POINT('',(3.259819455442,-0.5));
#3464 = CARTESIAN_POINT('',(0.,-0.5));
#3465 = ( GEOMETRIC_REPRESENTATION_CONTEXT(2) 
PARAMETRIC_REPRESENTATION_CONTEXT() REPRESENTATION_CONTEXT('2D SPACE',''
  ) );
#3466 = ORIENTED_EDGE('',*,*,#3467,.F.);
#3467 = EDGE_CURVE('',#3468,#3442,#3470,.T.);
#3468 = VERTEX_POINT('',#3469);
#3469 = CARTESIAN_POINT('',(50.103515625,-1.98193359375,9.2));
#3470 = SURFACE_CURVE('',#3471,(#3475,#3481),.PCURVE_S1.);
#3471 = LINE('',#3472,#3473);
#3472 = CARTESIAN_POINT('',(24.52568359375,-1.98193359375,9.2));
#3473 = VECTOR('',#3474,1.);
#3474 = DIRECTION('',(1.,0.,-0.));
#3475 = PCURVE('',#126,#3476);
#3476 = DEFINITIONAL_REPRESENTATION('',(#3477),#3480);
#3477 = B_SPLINE_CURVE_WITH_KNOTS('',1,(#3478,#3479),.UNSPECIFIED.,.F.,
  .F.,(2,2),(25.57783203125,26.12568359375),.PIECEWISE_BEZIER_KNOTS.);
#3478 = CARTESIAN_POINT('',(51.703515625,10.41806640625));
#3479 = CARTESIAN_POINT('',(52.2513671875,10.41806640625));
#3480 = ( GEOMETRIC_REPRESENTATION_CONTEXT(2) 
PARAMETRIC_REPRESENTATION_CONTEXT() REPRESENTATION_CONTEXT('2D SPACE',''
  ) );
#3481 = PCURVE('',#3482,#3487);
#3482 = PLANE('',#3483);
#3483 = AXIS2_PLACEMENT_3D('',#3484,#3485,#3486);
#3484 = CARTESIAN_POINT('',(50.6513671875,-1.98193359375,8.7));
#3485 = DIRECTION('',(0.,-1.,0.));
#3486 = DIRECTION('',(-1.,0.,0.));
#3487 = DEFINITIONAL_REPRESENTATION('',(#3488),#3491);
#3488 = B_SPLINE_CURVE_WITH_KNOTS('',1,(#3489,#3490),.UNSPECIFIED.,.F.,
  .F.,(2,2),(25.57783203125,26.12568359375),.PIECEWISE_BEZIER_KNOTS.);
#3489 = CARTESIAN_POINT('',(0.5478515625,-0.5));
#3490 = CARTESIAN_POINT('',(0.,-0.5));
#3491 = ( GEOMETRIC_REPRESENTATION_CONTEXT(2) 
PARAMETRIC_REPRESENTATION_CONTEXT() REPRESENTATION_CONTEXT('2D SPACE',''
  ) );
#3492 = ORIENTED_EDGE('',*,*,#3493,.F.);
#3493 = EDGE_CURVE('',#3494,#3468,#3496,.T.);
#3494 = VERTEX_POINT('',#3495);
#3495 = CARTESIAN_POINT('',(49.6083984375,-0.11865234375,9.2));
#3496 = SURFACE_CURVE('',#3497,(#3501,#3507),.PCURVE_S1.);
#3497 = LINE('',#3498,#3499);
#3498 = CARTESIAN_POINT('',(49.691412068013,-0.431058669231,9.2));
#3499 = VECTOR('',#3500,1.);
#3500 = DIRECTION('',(0.256811325917,-0.966461557891,0.));
#3501 = PCURVE('',#126,#3502);
#3502 = DEFINITIONAL_REPRESENTATION('',(#3503),#3506);
#3503 = B_SPLINE_CURVE_WITH_KNOTS('',1,(#3504,#3505),.UNSPECIFIED.,.F.,
  .F.,(2,2),(-0.32324754454,1.60469385653),.PIECEWISE_BEZIER_KNOTS.);
#3504 = CARTESIAN_POINT('',(51.2083984375,12.28134765625));
#3505 = CARTESIAN_POINT('',(51.703515625,10.41806640625));
#3506 = ( GEOMETRIC_REPRESENTATION_CONTEXT(2) 
PARAMETRIC_REPRESENTATION_CONTEXT() REPRESENTATION_CONTEXT('2D SPACE',''
  ) );
#3507 = PCURVE('',#3508,#3513);
#3508 = PLANE('',#3509);
#3509 = AXIS2_PLACEMENT_3D('',#3510,#3511,#3512);
#3510 = CARTESIAN_POINT('',(50.103515625,-1.98193359375,8.7));
#3511 = DIRECTION('',(-0.966461557891,-0.256811325917,0.));
#3512 = DIRECTION('',(-0.256811325917,0.966461557891,0.));
#3513 = DEFINITIONAL_REPRESENTATION('',(#3514),#3517);
#3514 = B_SPLINE_CURVE_WITH_KNOTS('',1,(#3515,#3516),.UNSPECIFIED.,.F.,
  .F.,(2,2),(-0.32324754454,1.60469385653),.PIECEWISE_BEZIER_KNOTS.);
#3515 = CARTESIAN_POINT('',(1.92794140107,-0.5));
#3516 = CARTESIAN_POINT('',(0.,-0.5));
#3517 = ( GEOMETRIC_REPRESENTATION_CONTEXT(2) 
PARAMETRIC_REPRESENTATION_CONTEXT() REPRESENTATION_CONTEXT('2D SPACE',''
  ) );
#3518 = ORIENTED_EDGE('',*,*,#3519,.F.);
#3519 = EDGE_CURVE('',#3520,#3494,#3522,.T.);
#3520 = VERTEX_POINT('',#3521);
#3521 = CARTESIAN_POINT('',(49.48828125,0.41162109375,9.2));
#3522 = SURFACE_CURVE('',#3523,(#3527,#3533),.PCURVE_S1.);
#3523 = LINE('',#3524,#3525);
#3524 = CARTESIAN_POINT('',(49.681834404976,-0.442845273338,9.2));
#3525 = VECTOR('',#3526,1.);
#3526 = DIRECTION('',(0.220922360813,-0.975291397734,0.));
#3527 = PCURVE('',#126,#3528);
#3528 = DEFINITIONAL_REPRESENTATION('',(#3529),#3532);
#3529 = B_SPLINE_CURVE_WITH_KNOTS('',1,(#3530,#3531),.UNSPECIFIED.,.F.,
  .F.,(2,2),(-0.876113917413,-0.332406222736),.PIECEWISE_BEZIER_KNOTS.);
#3530 = CARTESIAN_POINT('',(51.08828125,12.81162109375));
#3531 = CARTESIAN_POINT('',(51.2083984375,12.28134765625));
#3532 = ( GEOMETRIC_REPRESENTATION_CONTEXT(2) 
PARAMETRIC_REPRESENTATION_CONTEXT() REPRESENTATION_CONTEXT('2D SPACE',''
  ) );
#3533 = PCURVE('',#3534,#3539);
#3534 = PLANE('',#3535);
#3535 = AXIS2_PLACEMENT_3D('',#3536,#3537,#3538);
#3536 = CARTESIAN_POINT('',(49.6083984375,-0.11865234375,8.7));
#3537 = DIRECTION('',(-0.975291397734,-0.220922360813,0.));
#3538 = DIRECTION('',(-0.220922360813,0.975291397734,0.));
#3539 = DEFINITIONAL_REPRESENTATION('',(#3540),#3543);
#3540 = B_SPLINE_CURVE_WITH_KNOTS('',1,(#3541,#3542),.UNSPECIFIED.,.F.,
  .F.,(2,2),(-0.876113917413,-0.332406222736),.PIECEWISE_BEZIER_KNOTS.);
#3541 = CARTESIAN_POINT('',(0.543707694677,-0.5));
#3542 = CARTESIAN_POINT('',(0.,-0.5));
#3543 = ( GEOMETRIC_REPRESENTATION_CONTEXT(2) 
PARAMETRIC_REPRESENTATION_CONTEXT() REPRESENTATION_CONTEXT('2D SPACE',''
  ) );
#3544 = ORIENTED_EDGE('',*,*,#3545,.F.);
#3545 = EDGE_CURVE('',#3073,#3520,#3546,.T.);
#3546 = SURFACE_CURVE('',#3547,(#3551,#3557),.PCURVE_S1.);
#3547 = LINE('',#3548,#3549);
#3548 = CARTESIAN_POINT('',(46.257308406533,-11.86607571142,9.2));
#3549 = VECTOR('',#3550,1.);
#3550 = DIRECTION('',(0.25449329928,0.967074537263,-0.));
#3551 = PCURVE('',#126,#3552);
#3552 = DEFINITIONAL_REPRESENTATION('',(#3553),#3556);
#3553 = B_SPLINE_CURVE_WITH_KNOTS('',1,(#3554,#3555),.UNSPECIFIED.,.F.,
  .F.,(2,2),(10.220662148391,12.695708895331),.PIECEWISE_BEZIER_KNOTS.);
#3554 = CARTESIAN_POINT('',(50.4583984375,10.41806640625));
#3555 = CARTESIAN_POINT('',(51.08828125,12.81162109375));
#3556 = ( GEOMETRIC_REPRESENTATION_CONTEXT(2) 
PARAMETRIC_REPRESENTATION_CONTEXT() REPRESENTATION_CONTEXT('2D SPACE',''
  ) );
#3557 = PCURVE('',#3558,#3563);
#3558 = PLANE('',#3559);
#3559 = AXIS2_PLACEMENT_3D('',#3560,#3561,#3562);
#3560 = CARTESIAN_POINT('',(49.48828125,0.41162109375,8.7));
#3561 = DIRECTION('',(0.967074537263,-0.25449329928,0.));
#3562 = DIRECTION('',(-0.25449329928,-0.967074537263,0.));
#3563 = DEFINITIONAL_REPRESENTATION('',(#3564),#3567);
#3564 = B_SPLINE_CURVE_WITH_KNOTS('',1,(#3565,#3566),.UNSPECIFIED.,.F.,
  .F.,(2,2),(10.220662148391,12.695708895331),.PIECEWISE_BEZIER_KNOTS.);
#3565 = CARTESIAN_POINT('',(2.47504674694,-0.5));
#3566 = CARTESIAN_POINT('',(0.,-0.5));
#3567 = ( GEOMETRIC_REPRESENTATION_CONTEXT(2) 
PARAMETRIC_REPRESENTATION_CONTEXT() REPRESENTATION_CONTEXT('2D SPACE',''
  ) );
#3568 = FACE_BOUND('',#3569,.T.);
#3569 = EDGE_LOOP('',(#3570,#3598,#3624,#3687,#3738,#3789,#3840,#3882,
    #3933,#3984,#4023,#4074,#4100,#4126));
#3570 = ORIENTED_EDGE('',*,*,#3571,.F.);
#3571 = EDGE_CURVE('',#3572,#3574,#3576,.T.);
#3572 = VERTEX_POINT('',#3573);
#3573 = CARTESIAN_POINT('',(31.7431640625,-1.98193359375,9.2));
#3574 = VERTEX_POINT('',#3575);
#3575 = CARTESIAN_POINT('',(32.232421875,-1.98193359375,9.2));
#3576 = SURFACE_CURVE('',#3577,(#3581,#3587),.PCURVE_S1.);
#3577 = LINE('',#3578,#3579);
#3578 = CARTESIAN_POINT('',(15.3162109375,-1.98193359375,9.2));
#3579 = VECTOR('',#3580,1.);
#3580 = DIRECTION('',(1.,0.,-0.));
#3581 = PCURVE('',#126,#3582);
#3582 = DEFINITIONAL_REPRESENTATION('',(#3583),#3586);
#3583 = B_SPLINE_CURVE_WITH_KNOTS('',1,(#3584,#3585),.UNSPECIFIED.,.F.,
  .F.,(2,2),(16.426953125,16.9162109375),.PIECEWISE_BEZIER_KNOTS.);
#3584 = CARTESIAN_POINT('',(33.3431640625,10.41806640625));
#3585 = CARTESIAN_POINT('',(33.832421875,10.41806640625));
#3586 = ( GEOMETRIC_REPRESENTATION_CONTEXT(2) 
PARAMETRIC_REPRESENTATION_CONTEXT() REPRESENTATION_CONTEXT('2D SPACE',''
  ) );
#3587 = PCURVE('',#3588,#3593);
#3588 = PLANE('',#3589);
#3589 = AXIS2_PLACEMENT_3D('',#3590,#3591,#3592);
#3590 = CARTESIAN_POINT('',(32.232421875,-1.98193359375,8.7));
#3591 = DIRECTION('',(0.,-1.,0.));
#3592 = DIRECTION('',(-1.,0.,0.));
#3593 = DEFINITIONAL_REPRESENTATION('',(#3594),#3597);
#3594 = B_SPLINE_CURVE_WITH_KNOTS('',1,(#3595,#3596),.UNSPECIFIED.,.F.,
  .F.,(2,2),(16.426953125,16.9162109375),.PIECEWISE_BEZIER_KNOTS.);
#3595 = CARTESIAN_POINT('',(0.4892578125,-0.5));
#3596 = CARTESIAN_POINT('',(0.,-0.5));
#3597 = ( GEOMETRIC_REPRESENTATION_CONTEXT(2) 
PARAMETRIC_REPRESENTATION_CONTEXT() REPRESENTATION_CONTEXT('2D SPACE',''
  ) );
#3598 = ORIENTED_EDGE('',*,*,#3599,.F.);
#3599 = EDGE_CURVE('',#3600,#3572,#3602,.T.);
#3600 = VERTEX_POINT('',#3601);
#3601 = CARTESIAN_POINT('',(31.7431640625,-1.58935546875,9.2));
#3602 = SURFACE_CURVE('',#3603,(#3607,#3613),.PCURVE_S1.);
#3603 = LINE('',#3604,#3605);
#3604 = CARTESIAN_POINT('',(31.7431640625,-7.190966796875,9.2));
#3605 = VECTOR('',#3606,1.);
#3606 = DIRECTION('',(0.,-1.,0.));
#3607 = PCURVE('',#126,#3608);
#3608 = DEFINITIONAL_REPRESENTATION('',(#3609),#3612);
#3609 = B_SPLINE_CURVE_WITH_KNOTS('',1,(#3610,#3611),.UNSPECIFIED.,.F.,
  .F.,(2,2),(-5.601611328125,-5.209033203125),.PIECEWISE_BEZIER_KNOTS.);
#3610 = CARTESIAN_POINT('',(33.3431640625,10.81064453125));
#3611 = CARTESIAN_POINT('',(33.3431640625,10.41806640625));
#3612 = ( GEOMETRIC_REPRESENTATION_CONTEXT(2) 
PARAMETRIC_REPRESENTATION_CONTEXT() REPRESENTATION_CONTEXT('2D SPACE',''
  ) );
#3613 = PCURVE('',#3614,#3619);
#3614 = PLANE('',#3615);
#3615 = AXIS2_PLACEMENT_3D('',#3616,#3617,#3618);
#3616 = CARTESIAN_POINT('',(31.7431640625,-1.98193359375,8.7));
#3617 = DIRECTION('',(-1.,0.,0.));
#3618 = DIRECTION('',(0.,1.,0.));
#3619 = DEFINITIONAL_REPRESENTATION('',(#3620),#3623);
#3620 = B_SPLINE_CURVE_WITH_KNOTS('',1,(#3621,#3622),.UNSPECIFIED.,.F.,
  .F.,(2,2),(-5.601611328125,-5.209033203125),.PIECEWISE_BEZIER_KNOTS.);
#3621 = CARTESIAN_POINT('',(0.392578125,-0.5));
#3622 = CARTESIAN_POINT('',(0.,-0.5));
#3623 = ( GEOMETRIC_REPRESENTATION_CONTEXT(2) 
PARAMETRIC_REPRESENTATION_CONTEXT() REPRESENTATION_CONTEXT('2D SPACE',''
  ) );
#3624 = ORIENTED_EDGE('',*,*,#3625,.F.);
#3625 = EDGE_CURVE('',#3626,#3600,#3628,.T.);
#3626 = VERTEX_POINT('',#3627);
#3627 = CARTESIAN_POINT('',(30.873046875,-2.05224609375,9.2));
#3628 = SURFACE_CURVE('',#3629,(#3644,#3662),.PCURVE_S1.);
#3629 = B_SPLINE_CURVE_WITH_KNOTS('',5,(#3630,#3631,#3632,#3633,#3634,
    #3635,#3636,#3637,#3638,#3639,#3640,#3641,#3642,#3643),
  .UNSPECIFIED.,.F.,.F.,(6,4,4,6),(0.,0.188389412887,0.550190996511,1.),
  .UNSPECIFIED.);
#3630 = CARTESIAN_POINT('',(30.873046875,-2.05224609375,9.2));
#3631 = CARTESIAN_POINT('',(30.913903490105,-2.05224609375,9.2));
#3632 = CARTESIAN_POINT('',(30.954380457521,-2.050781447592,9.2));
#3633 = CARTESIAN_POINT('',(30.994412962085,-2.047780408947,9.2));
#3634 = CARTESIAN_POINT('',(31.033927123771,-2.043175276351,9.2));
#3635 = CARTESIAN_POINT('',(31.147582102344,-2.024887197542,9.2));
#3636 = CARTESIAN_POINT('',(31.220132817243,-2.006747352466,9.2));
#3637 = CARTESIAN_POINT('',(31.289889877497,-1.982122373733,9.2));
#3638 = CARTESIAN_POINT('',(31.356268726585,-1.950858493551,9.2));
#3639 = CARTESIAN_POINT('',(31.496564121977,-1.866466826783,9.2));
#3640 = CARTESIAN_POINT('',(31.568425443315,-1.809846676594,9.2));
#3641 = CARTESIAN_POINT('',(31.633483299954,-1.743914443576,9.2));
#3642 = CARTESIAN_POINT('',(31.691644736478,-1.669950057972,9.2));
#3643 = CARTESIAN_POINT('',(31.7431640625,-1.58935546875,9.2));
#3644 = PCURVE('',#126,#3645);
#3645 = DEFINITIONAL_REPRESENTATION('',(#3646),#3661);
#3646 = B_SPLINE_CURVE_WITH_KNOTS('',5,(#3647,#3648,#3649,#3650,#3651,
    #3652,#3653,#3654,#3655,#3656,#3657,#3658,#3659,#3660),
  .UNSPECIFIED.,.F.,.F.,(6,4,4,6),(0.,0.188389412887,0.550190996511,1.),
  .UNSPECIFIED.);
#3647 = CARTESIAN_POINT('',(32.473046875,10.34775390625));
#3648 = CARTESIAN_POINT('',(32.513903490105,10.34775390625));
#3649 = CARTESIAN_POINT('',(32.554380457521,10.349218552408));
#3650 = CARTESIAN_POINT('',(32.594412962085,10.352219591053));
#3651 = CARTESIAN_POINT('',(32.633927123771,10.356824723649));
#3652 = CARTESIAN_POINT('',(32.747582102344,10.375112802458));
#3653 = CARTESIAN_POINT('',(32.820132817243,10.393252647534));
#3654 = CARTESIAN_POINT('',(32.889889877497,10.417877626267));
#3655 = CARTESIAN_POINT('',(32.956268726585,10.449141506449));
#3656 = CARTESIAN_POINT('',(33.096564121977,10.533533173217));
#3657 = CARTESIAN_POINT('',(33.168425443315,10.590153323406));
#3658 = CARTESIAN_POINT('',(33.233483299954,10.656085556424));
#3659 = CARTESIAN_POINT('',(33.291644736478,10.730049942028));
#3660 = CARTESIAN_POINT('',(33.3431640625,10.81064453125));
#3661 = ( GEOMETRIC_REPRESENTATION_CONTEXT(2) 
PARAMETRIC_REPRESENTATION_CONTEXT() REPRESENTATION_CONTEXT('2D SPACE',''
  ) );
#3662 = PCURVE('',#3663,#3670);
#3663 = SURFACE_OF_LINEAR_EXTRUSION('',#3664,#3668);
#3664 = B_SPLINE_CURVE_WITH_KNOTS('',2,(#3665,#3666,#3667),
  .UNSPECIFIED.,.F.,.F.,(3,3),(0.,1.),.PIECEWISE_BEZIER_KNOTS.);
#3665 = CARTESIAN_POINT('',(31.7431640625,-1.58935546875,8.7));
#3666 = CARTESIAN_POINT('',(31.447265625,-2.05224609375,8.7));
#3667 = CARTESIAN_POINT('',(30.873046875,-2.05224609375,8.7));
#3668 = VECTOR('',#3669,1.);
#3669 = DIRECTION('',(-0.,-0.,-1.));
#3670 = DEFINITIONAL_REPRESENTATION('',(#3671),#3686);
#3671 = B_SPLINE_CURVE_WITH_KNOTS('',5,(#3672,#3673,#3674,#3675,#3676,
    #3677,#3678,#3679,#3680,#3681,#3682,#3683,#3684,#3685),
  .UNSPECIFIED.,.F.,.F.,(6,4,4,6),(0.,0.188389412887,0.550190996511,1.),
  .UNSPECIFIED.);
#3672 = CARTESIAN_POINT('',(1.,-0.5));
#3673 = CARTESIAN_POINT('',(0.964424171882,-0.5));
#3674 = CARTESIAN_POINT('',(0.928412104099,-0.5));
#3675 = CARTESIAN_POINT('',(0.891982671471,-0.5));
#3676 = CARTESIAN_POINT('',(0.855164759721,-0.5));
#3677 = CARTESIAN_POINT('',(0.746625134948,-0.5));
#3678 = CARTESIAN_POINT('',(0.673954585812,-0.5));
#3679 = CARTESIAN_POINT('',(0.600321307246,-0.5));
#3680 = CARTESIAN_POINT('',(0.526153795536,-0.5));
#3681 = CARTESIAN_POINT('',(0.359808460811,-0.5));
#3682 = CARTESIAN_POINT('',(0.267591790312,-0.5));
#3683 = CARTESIAN_POINT('',(0.176423873057,-0.5));
#3684 = CARTESIAN_POINT('',(8.705575882232E-02,-0.5));
#3685 = CARTESIAN_POINT('',(0.,-0.5));
#3686 = ( GEOMETRIC_REPRESENTATION_CONTEXT(2) 
PARAMETRIC_REPRESENTATION_CONTEXT() REPRESENTATION_CONTEXT('2D SPACE',''
  ) );
#3687 = ORIENTED_EDGE('',*,*,#3688,.F.);
#3688 = EDGE_CURVE('',#3689,#3626,#3691,.T.);
#3689 = VERTEX_POINT('',#3690);
#3690 = CARTESIAN_POINT('',(30.18896484375,-1.84716796875,9.2));
#3691 = SURFACE_CURVE('',#3692,(#3703,#3717),.PCURVE_S1.);
#3692 = B_SPLINE_CURVE_WITH_KNOTS('',5,(#3693,#3694,#3695,#3696,#3697,
    #3698,#3699,#3700,#3701,#3702),.UNSPECIFIED.,.F.,.F.,(6,4,6),(0.,
    0.510108730876,1.),.UNSPECIFIED.);
#3693 = CARTESIAN_POINT('',(30.18896484375,-1.84716796875,9.2));
#3694 = CARTESIAN_POINT('',(30.251962290183,-1.888574741053,9.2));
#3695 = CARTESIAN_POINT('',(30.316968441733,-1.925070807593,9.2));
#3696 = CARTESIAN_POINT('',(30.383885633499,-1.95640257994,9.2));
#3697 = CARTESIAN_POINT('',(30.452573453526,-1.982399976745,9.2));
#3698 = CARTESIAN_POINT('',(30.59031778004,-2.022796970455,9.2));
#3699 = CARTESIAN_POINT('',(30.659256058744,-2.037616647401,9.2));
#3700 = CARTESIAN_POINT('',(30.729482042428,-2.047414815227,9.2));
#3701 = CARTESIAN_POINT('',(30.80081034097,-2.05224609375,9.2));
#3702 = CARTESIAN_POINT('',(30.873046875,-2.05224609375,9.2));
#3703 = PCURVE('',#126,#3704);
#3704 = DEFINITIONAL_REPRESENTATION('',(#3705),#3716);
#3705 = B_SPLINE_CURVE_WITH_KNOTS('',5,(#3706,#3707,#3708,#3709,#3710,
    #3711,#3712,#3713,#3714,#3715),.UNSPECIFIED.,.F.,.F.,(6,4,6),(0.,
    0.510108730876,1.),.UNSPECIFIED.);
#3706 = CARTESIAN_POINT('',(31.78896484375,10.55283203125));
#3707 = CARTESIAN_POINT('',(31.851962290183,10.511425258947));
#3708 = CARTESIAN_POINT('',(31.916968441733,10.474929192407));
#3709 = CARTESIAN_POINT('',(31.983885633499,10.44359742006));
#3710 = CARTESIAN_POINT('',(32.052573453526,10.417600023255));
#3711 = CARTESIAN_POINT('',(32.19031778004,10.377203029545));
#3712 = CARTESIAN_POINT('',(32.259256058744,10.362383352599));
#3713 = CARTESIAN_POINT('',(32.329482042428,10.352585184773));
#3714 = CARTESIAN_POINT('',(32.40081034097,10.34775390625));
#3715 = CARTESIAN_POINT('',(32.473046875,10.34775390625));
#3716 = ( GEOMETRIC_REPRESENTATION_CONTEXT(2) 
PARAMETRIC_REPRESENTATION_CONTEXT() REPRESENTATION_CONTEXT('2D SPACE',''
  ) );
#3717 = PCURVE('',#3718,#3725);
#3718 = SURFACE_OF_LINEAR_EXTRUSION('',#3719,#3723);
#3719 = B_SPLINE_CURVE_WITH_KNOTS('',2,(#3720,#3721,#3722),
  .UNSPECIFIED.,.F.,.F.,(3,3),(0.,1.),.PIECEWISE_BEZIER_KNOTS.);
#3720 = CARTESIAN_POINT('',(30.873046875,-2.05224609375,8.7));
#3721 = CARTESIAN_POINT('',(30.5009765625,-2.05224609375,8.7));
#3722 = CARTESIAN_POINT('',(30.18896484375,-1.84716796875,8.7));
#3723 = VECTOR('',#3724,1.);
#3724 = DIRECTION('',(-0.,-0.,-1.));
#3725 = DEFINITIONAL_REPRESENTATION('',(#3726),#3737);
#3726 = B_SPLINE_CURVE_WITH_KNOTS('',5,(#3727,#3728,#3729,#3730,#3731,
    #3732,#3733,#3734,#3735,#3736),.UNSPECIFIED.,.F.,.F.,(6,4,6),(0.,
    0.510108730876,1.),.UNSPECIFIED.);
#3727 = CARTESIAN_POINT('',(1.,-0.5));
#3728 = CARTESIAN_POINT('',(0.899046345623,-0.5));
#3729 = CARTESIAN_POINT('',(0.7973259412,-0.5));
#3730 = CARTESIAN_POINT('',(0.695069831884,-0.5));
#3731 = CARTESIAN_POINT('',(0.592533643409,-0.5));
#3732 = CARTESIAN_POINT('',(0.391530137288,-0.5));
#3733 = CARTESIAN_POINT('',(0.293056375084,-0.5));
#3734 = CARTESIAN_POINT('',(0.194828372657,-0.5));
#3735 = CARTESIAN_POINT('',(9.707376751544E-02,-0.5));
#3736 = CARTESIAN_POINT('',(0.,-0.5));
#3737 = ( GEOMETRIC_REPRESENTATION_CONTEXT(2) 
PARAMETRIC_REPRESENTATION_CONTEXT() REPRESENTATION_CONTEXT('2D SPACE',''
  ) );
#3738 = ORIENTED_EDGE('',*,*,#3739,.F.);
#3739 = EDGE_CURVE('',#3740,#3689,#3742,.T.);
#3740 = VERTEX_POINT('',#3741);
#3741 = CARTESIAN_POINT('',(29.70556640625,-1.2744140625,9.2));
#3742 = SURFACE_CURVE('',#3743,(#3754,#3768),.PCURVE_S1.);
#3743 = B_SPLINE_CURVE_WITH_KNOTS('',5,(#3744,#3745,#3746,#3747,#3748,
    #3749,#3750,#3751,#3752,#3753),.UNSPECIFIED.,.F.,.F.,(6,4,6),(0.,
    0.773863268876,1.),.UNSPECIFIED.);
#3744 = CARTESIAN_POINT('',(29.70556640625,-1.2744140625,9.2));
#3745 = CARTESIAN_POINT('',(29.757299818053,-1.385397706624,9.2));
#3746 = CARTESIAN_POINT('',(29.817891106678,-1.488944749537,9.2));
#3747 = CARTESIAN_POINT('',(29.887641462545,-1.583965780051,9.2));
#3748 = CARTESIAN_POINT('',(29.966536620797,-1.669547766083,9.2));
#3749 = CARTESIAN_POINT('',(30.079555461102,-1.767306768412,9.2));
#3750 = CARTESIAN_POINT('',(30.105845772439,-1.788566716817,9.2));
#3751 = CARTESIAN_POINT('',(30.132855297665,-1.808968187857,9.2));
#3752 = CARTESIAN_POINT('',(30.160567930304,-1.828503330804,9.2));
#3753 = CARTESIAN_POINT('',(30.18896484375,-1.84716796875,9.2));
#3754 = PCURVE('',#126,#3755);
#3755 = DEFINITIONAL_REPRESENTATION('',(#3756),#3767);
#3756 = B_SPLINE_CURVE_WITH_KNOTS('',5,(#3757,#3758,#3759,#3760,#3761,
    #3762,#3763,#3764,#3765,#3766),.UNSPECIFIED.,.F.,.F.,(6,4,6),(0.,
    0.773863268876,1.),.UNSPECIFIED.);
#3757 = CARTESIAN_POINT('',(31.30556640625,11.1255859375));
#3758 = CARTESIAN_POINT('',(31.357299818053,11.014602293376));
#3759 = CARTESIAN_POINT('',(31.417891106678,10.911055250463));
#3760 = CARTESIAN_POINT('',(31.487641462545,10.816034219949));
#3761 = CARTESIAN_POINT('',(31.566536620797,10.730452233917));
#3762 = CARTESIAN_POINT('',(31.679555461102,10.632693231588));
#3763 = CARTESIAN_POINT('',(31.705845772439,10.611433283183));
#3764 = CARTESIAN_POINT('',(31.732855297665,10.591031812143));
#3765 = CARTESIAN_POINT('',(31.760567930304,10.571496669196));
#3766 = CARTESIAN_POINT('',(31.78896484375,10.55283203125));
#3767 = ( GEOMETRIC_REPRESENTATION_CONTEXT(2) 
PARAMETRIC_REPRESENTATION_CONTEXT() REPRESENTATION_CONTEXT('2D SPACE',''
  ) );
#3768 = PCURVE('',#3769,#3776);
#3769 = SURFACE_OF_LINEAR_EXTRUSION('',#3770,#3774);
#3770 = B_SPLINE_CURVE_WITH_KNOTS('',2,(#3771,#3772,#3773),
  .UNSPECIFIED.,.F.,.F.,(3,3),(0.,1.),.PIECEWISE_BEZIER_KNOTS.);
#3771 = CARTESIAN_POINT('',(30.18896484375,-1.84716796875,8.7));
#3772 = CARTESIAN_POINT('',(29.876953125,-1.64208984375,8.7));
#3773 = CARTESIAN_POINT('',(29.70556640625,-1.2744140625,8.7));
#3774 = VECTOR('',#3775,1.);
#3775 = DIRECTION('',(-0.,-0.,-1.));
#3776 = DEFINITIONAL_REPRESENTATION('',(#3777),#3788);
#3777 = B_SPLINE_CURVE_WITH_KNOTS('',5,(#3778,#3779,#3780,#3781,#3782,
    #3783,#3784,#3785,#3786,#3787),.UNSPECIFIED.,.F.,.F.,(6,4,6),(0.,
    0.773863268876,1.),.UNSPECIFIED.);
#3778 = CARTESIAN_POINT('',(1.,-0.5));
#3779 = CARTESIAN_POINT('',(0.849074035083,-0.5));
#3780 = CARTESIAN_POINT('',(0.695669179877,-0.5));
#3781 = CARTESIAN_POINT('',(0.540440352355,-0.5));
#3782 = CARTESIAN_POINT('',(0.384208918163,-0.5));
#3783 = CARTESIAN_POINT('',(0.182352951553,-0.5));
#3784 = CARTESIAN_POINT('',(0.136705800425,-0.5));
#3785 = CARTESIAN_POINT('',(9.108240709674E-02,-0.5));
#3786 = CARTESIAN_POINT('',(4.550616489604E-02,-0.5));
#3787 = CARTESIAN_POINT('',(0.,-0.5));
#3788 = ( GEOMETRIC_REPRESENTATION_CONTEXT(2) 
PARAMETRIC_REPRESENTATION_CONTEXT() REPRESENTATION_CONTEXT('2D SPACE',''
  ) );
#3789 = ORIENTED_EDGE('',*,*,#3790,.F.);
#3790 = EDGE_CURVE('',#3791,#3740,#3793,.T.);
#3791 = VERTEX_POINT('',#3792);
#3792 = CARTESIAN_POINT('',(29.5341796875,-0.42919921875,9.2));
#3793 = SURFACE_CURVE('',#3794,(#3805,#3819),.PCURVE_S1.);
#3794 = B_SPLINE_CURVE_WITH_KNOTS('',5,(#3795,#3796,#3797,#3798,#3799,
    #3800,#3801,#3802,#3803,#3804),.UNSPECIFIED.,.F.,.F.,(6,4,6),(0.,
    0.509018791798,1.),.UNSPECIFIED.);
#3795 = CARTESIAN_POINT('',(29.5341796875,-0.42919921875,9.2));
#3796 = CARTESIAN_POINT('',(29.5341796875,-0.522395287552,9.2));
#3797 = CARTESIAN_POINT('',(29.538259507049,-0.614224367157,9.2));
#3798 = CARTESIAN_POINT('',(29.54663734119,-0.704473946023,9.2));
#3799 = CARTESIAN_POINT('',(29.559513508014,-0.792905625528,9.2));
#3800 = CARTESIAN_POINT('',(29.5939186409,-0.962578802238,9.2));
#3801 = CARTESIAN_POINT('',(29.615125170261,-1.043966015263,9.2));
#3802 = CARTESIAN_POINT('',(29.640769429673,-1.123209248486,9.2));
#3803 = CARTESIAN_POINT('',(29.67092150259,-1.200090380289,9.2));
#3804 = CARTESIAN_POINT('',(29.70556640625,-1.2744140625,9.2));
#3805 = PCURVE('',#126,#3806);
#3806 = DEFINITIONAL_REPRESENTATION('',(#3807),#3818);
#3807 = B_SPLINE_CURVE_WITH_KNOTS('',5,(#3808,#3809,#3810,#3811,#3812,
    #3813,#3814,#3815,#3816,#3817),.UNSPECIFIED.,.F.,.F.,(6,4,6),(0.,
    0.509018791798,1.),.UNSPECIFIED.);
#3808 = CARTESIAN_POINT('',(31.1341796875,11.97080078125));
#3809 = CARTESIAN_POINT('',(31.1341796875,11.877604712448));
#3810 = CARTESIAN_POINT('',(31.138259507049,11.785775632843));
#3811 = CARTESIAN_POINT('',(31.14663734119,11.695526053977));
#3812 = CARTESIAN_POINT('',(31.159513508014,11.607094374472));
#3813 = CARTESIAN_POINT('',(31.1939186409,11.437421197762));
#3814 = CARTESIAN_POINT('',(31.215125170261,11.356033984737));
#3815 = CARTESIAN_POINT('',(31.240769429673,11.276790751514));
#3816 = CARTESIAN_POINT('',(31.27092150259,11.199909619711));
#3817 = CARTESIAN_POINT('',(31.30556640625,11.1255859375));
#3818 = ( GEOMETRIC_REPRESENTATION_CONTEXT(2) 
PARAMETRIC_REPRESENTATION_CONTEXT() REPRESENTATION_CONTEXT('2D SPACE',''
  ) );
#3819 = PCURVE('',#3820,#3827);
#3820 = SURFACE_OF_LINEAR_EXTRUSION('',#3821,#3825);
#3821 = B_SPLINE_CURVE_WITH_KNOTS('',2,(#3822,#3823,#3824),
  .UNSPECIFIED.,.F.,.F.,(3,3),(0.,1.),.PIECEWISE_BEZIER_KNOTS.);
#3822 = CARTESIAN_POINT('',(29.70556640625,-1.2744140625,8.7));
#3823 = CARTESIAN_POINT('',(29.5341796875,-0.90673828125,8.7));
#3824 = CARTESIAN_POINT('',(29.5341796875,-0.42919921875,8.7));
#3825 = VECTOR('',#3826,1.);
#3826 = DIRECTION('',(-0.,-0.,-1.));
#3827 = DEFINITIONAL_REPRESENTATION('',(#3828),#3839);
#3828 = B_SPLINE_CURVE_WITH_KNOTS('',5,(#3829,#3830,#3831,#3832,#3833,
    #3834,#3835,#3836,#3837,#3838),.UNSPECIFIED.,.F.,.F.,(6,4,6),(0.,
    0.509018791798,1.),.UNSPECIFIED.);
#3829 = CARTESIAN_POINT('',(1.,-0.5));
#3830 = CARTESIAN_POINT('',(0.902420476019,-0.5));
#3831 = CARTESIAN_POINT('',(0.803533959749,-0.5));
#3832 = CARTESIAN_POINT('',(0.703416510858,-0.5));
#3833 = CARTESIAN_POINT('',(0.602183292269,-0.5));
#3834 = CARTESIAN_POINT('',(0.401437673609,-0.5));
#3835 = CARTESIAN_POINT('',(0.301989115825,-0.5));
#3836 = CARTESIAN_POINT('',(0.201806880941,-0.5));
#3837 = CARTESIAN_POINT('',(0.101072311533,-0.5));
#3838 = CARTESIAN_POINT('',(0.,-0.5));
#3839 = ( GEOMETRIC_REPRESENTATION_CONTEXT(2) 
PARAMETRIC_REPRESENTATION_CONTEXT() REPRESENTATION_CONTEXT('2D SPACE',''
  ) );
#3840 = ORIENTED_EDGE('',*,*,#3841,.F.);
#3841 = EDGE_CURVE('',#3842,#3791,#3844,.T.);
#3842 = VERTEX_POINT('',#3843);
#3843 = CARTESIAN_POINT('',(29.689453125,0.416015625,9.2));
#3844 = SURFACE_CURVE('',#3845,(#3853,#3864),.PCURVE_S1.);
#3845 = B_SPLINE_CURVE_WITH_KNOTS('',6,(#3846,#3847,#3848,#3849,#3850,
    #3851,#3852),.UNSPECIFIED.,.F.,.F.,(7,7),(0.,1.),
  .PIECEWISE_BEZIER_KNOTS.);
#3846 = CARTESIAN_POINT('',(29.689453125,0.416015625,9.2));
#3847 = CARTESIAN_POINT('',(29.636527492764,0.286697334915,9.2));
#3848 = CARTESIAN_POINT('',(29.594646266112,0.151893075787,9.2));
#3849 = CARTESIAN_POINT('',(29.563857623285,1.22274110345E-02,9.2));
#3850 = CARTESIAN_POINT('',(29.543868663121,-0.13162201616,9.2));
#3851 = CARTESIAN_POINT('',(29.5341796875,-0.278977475517,9.2));
#3852 = CARTESIAN_POINT('',(29.5341796875,-0.42919921875,9.2));
#3853 = PCURVE('',#126,#3854);
#3854 = DEFINITIONAL_REPRESENTATION('',(#3855),#3863);
#3855 = B_SPLINE_CURVE_WITH_KNOTS('',6,(#3856,#3857,#3858,#3859,#3860,
    #3861,#3862),.UNSPECIFIED.,.F.,.F.,(7,7),(0.,1.),
  .PIECEWISE_BEZIER_KNOTS.);
#3856 = CARTESIAN_POINT('',(31.289453125,12.816015625));
#3857 = CARTESIAN_POINT('',(31.236527492764,12.686697334915));
#3858 = CARTESIAN_POINT('',(31.194646266112,12.551893075787));
#3859 = CARTESIAN_POINT('',(31.163857623285,12.412227411035));
#3860 = CARTESIAN_POINT('',(31.143868663121,12.26837798384));
#3861 = CARTESIAN_POINT('',(31.1341796875,12.121022524483));
#3862 = CARTESIAN_POINT('',(31.1341796875,11.97080078125));
#3863 = ( GEOMETRIC_REPRESENTATION_CONTEXT(2) 
PARAMETRIC_REPRESENTATION_CONTEXT() REPRESENTATION_CONTEXT('2D SPACE',''
  ) );
#3864 = PCURVE('',#3865,#3872);
#3865 = SURFACE_OF_LINEAR_EXTRUSION('',#3866,#3870);
#3866 = B_SPLINE_CURVE_WITH_KNOTS('',2,(#3867,#3868,#3869),
  .UNSPECIFIED.,.F.,.F.,(3,3),(0.,1.),.PIECEWISE_BEZIER_KNOTS.);
#3867 = CARTESIAN_POINT('',(29.5341796875,-0.42919921875,8.7));
#3868 = CARTESIAN_POINT('',(29.5341796875,3.662109375E-02,8.7));
#3869 = CARTESIAN_POINT('',(29.689453125,0.416015625,8.7));
#3870 = VECTOR('',#3871,1.);
#3871 = DIRECTION('',(-0.,-0.,-1.));
#3872 = DEFINITIONAL_REPRESENTATION('',(#3873),#3881);
#3873 = B_SPLINE_CURVE_WITH_KNOTS('',6,(#3874,#3875,#3876,#3877,#3878,
    #3879,#3880),.UNSPECIFIED.,.F.,.F.,(7,7),(0.,1.),
  .PIECEWISE_BEZIER_KNOTS.);
#3874 = CARTESIAN_POINT('',(1.,-0.5));
#3875 = CARTESIAN_POINT('',(0.829572806889,-0.5));
#3876 = CARTESIAN_POINT('',(0.659855532135,-0.5));
#3877 = CARTESIAN_POINT('',(0.491547350497,-0.5));
#3878 = CARTESIAN_POINT('',(0.325200635151,-0.5));
#3879 = CARTESIAN_POINT('',(0.161244303009,-0.5));
#3880 = CARTESIAN_POINT('',(0.,-0.5));
#3881 = ( GEOMETRIC_REPRESENTATION_CONTEXT(2) 
PARAMETRIC_REPRESENTATION_CONTEXT() REPRESENTATION_CONTEXT('2D SPACE',''
  ) );
#3882 = ORIENTED_EDGE('',*,*,#3883,.F.);
#3883 = EDGE_CURVE('',#3884,#3842,#3886,.T.);
#3884 = VERTEX_POINT('',#3885);
#3885 = CARTESIAN_POINT('',(30.1552734375,0.99755859375,9.2));
#3886 = SURFACE_CURVE('',#3887,(#3898,#3912),.PCURVE_S1.);
#3887 = B_SPLINE_CURVE_WITH_KNOTS('',5,(#3888,#3889,#3890,#3891,#3892,
    #3893,#3894,#3895,#3896,#3897),.UNSPECIFIED.,.F.,.F.,(6,4,6),(0.,
    0.221743479582,1.),.UNSPECIFIED.);
#3888 = CARTESIAN_POINT('',(30.1552734375,0.99755859375,9.2));
#3889 = CARTESIAN_POINT('',(30.127514878699,0.97948934321,9.2));
#3890 = CARTESIAN_POINT('',(30.100482022879,0.960502668201,9.2));
#3891 = CARTESIAN_POINT('',(30.074196726049,0.940602756489,9.2));
#3892 = CARTESIAN_POINT('',(30.048677485039,0.919798319787,9.2));
#3893 = CARTESIAN_POINT('',(29.937115929383,0.821956768469,9.2));
#3894 = CARTESIAN_POINT('',(29.859897094796,0.734816090676,9.2));
#3895 = CARTESIAN_POINT('',(29.792997347261,0.637294709366,9.2));
#3896 = CARTESIAN_POINT('',(29.736338209035,0.530574462406,9.2));
#3897 = CARTESIAN_POINT('',(29.689453125,0.416015625,9.2));
#3898 = PCURVE('',#126,#3899);
#3899 = DEFINITIONAL_REPRESENTATION('',(#3900),#3911);
#3900 = B_SPLINE_CURVE_WITH_KNOTS('',5,(#3901,#3902,#3903,#3904,#3905,
    #3906,#3907,#3908,#3909,#3910),.UNSPECIFIED.,.F.,.F.,(6,4,6),(0.,
    0.221743479582,1.),.UNSPECIFIED.);
#3901 = CARTESIAN_POINT('',(31.7552734375,13.39755859375));
#3902 = CARTESIAN_POINT('',(31.727514878699,13.37948934321));
#3903 = CARTESIAN_POINT('',(31.700482022879,13.360502668201));
#3904 = CARTESIAN_POINT('',(31.674196726049,13.340602756489));
#3905 = CARTESIAN_POINT('',(31.648677485039,13.319798319787));
#3906 = CARTESIAN_POINT('',(31.537115929383,13.221956768469));
#3907 = CARTESIAN_POINT('',(31.459897094796,13.134816090676));
#3908 = CARTESIAN_POINT('',(31.392997347261,13.037294709366));
#3909 = CARTESIAN_POINT('',(31.336338209035,12.930574462406));
#3910 = CARTESIAN_POINT('',(31.289453125,12.816015625));
#3911 = ( GEOMETRIC_REPRESENTATION_CONTEXT(2) 
PARAMETRIC_REPRESENTATION_CONTEXT() REPRESENTATION_CONTEXT('2D SPACE',''
  ) );
#3912 = PCURVE('',#3913,#3920);
#3913 = SURFACE_OF_LINEAR_EXTRUSION('',#3914,#3918);
#3914 = B_SPLINE_CURVE_WITH_KNOTS('',2,(#3915,#3916,#3917),
  .UNSPECIFIED.,.F.,.F.,(3,3),(0.,1.),.PIECEWISE_BEZIER_KNOTS.);
#3915 = CARTESIAN_POINT('',(29.689453125,0.416015625,8.7));
#3916 = CARTESIAN_POINT('',(29.8447265625,0.79541015625,8.7));
#3917 = CARTESIAN_POINT('',(30.1552734375,0.99755859375,8.7));
#3918 = VECTOR('',#3919,1.);
#3919 = DIRECTION('',(-0.,-0.,-1.));
#3920 = DEFINITIONAL_REPRESENTATION('',(#3921),#3932);
#3921 = B_SPLINE_CURVE_WITH_KNOTS('',5,(#3922,#3923,#3924,#3925,#3926,
    #3927,#3928,#3929,#3930,#3931),.UNSPECIFIED.,.F.,.F.,(6,4,6),(0.,
    0.221743479582,1.),.UNSPECIFIED.);
#3922 = CARTESIAN_POINT('',(1.,-0.5));
#3923 = CARTESIAN_POINT('',(0.955306974509,-0.5));
#3924 = CARTESIAN_POINT('',(0.910533980304,-0.5));
#3925 = CARTESIAN_POINT('',(0.865707189215,-0.5));
#3926 = CARTESIAN_POINT('',(0.82085339233,-0.5));
#3927 = CARTESIAN_POINT('',(0.618577355105,-0.5));
#3928 = CARTESIAN_POINT('',(0.461126840284,-0.5));
#3929 = CARTESIAN_POINT('',(0.304932640256,-0.5));
#3930 = CARTESIAN_POINT('',(0.150975868087,-0.5));
#3931 = CARTESIAN_POINT('',(0.,-0.5));
#3932 = ( GEOMETRIC_REPRESENTATION_CONTEXT(2) 
PARAMETRIC_REPRESENTATION_CONTEXT() REPRESENTATION_CONTEXT('2D SPACE',''
  ) );
#3933 = ORIENTED_EDGE('',*,*,#3934,.F.);
#3934 = EDGE_CURVE('',#3935,#3884,#3937,.T.);
#3935 = VERTEX_POINT('',#3936);
#3936 = CARTESIAN_POINT('',(30.849609375,1.19970703125,9.2));
#3937 = SURFACE_CURVE('',#3938,(#3949,#3963),.PCURVE_S1.);
#3938 = B_SPLINE_CURVE_WITH_KNOTS('',5,(#3939,#3940,#3941,#3942,#3943,
    #3944,#3945,#3946,#3947,#3948),.UNSPECIFIED.,.F.,.F.,(6,4,6),(0.,
    0.609025823532,1.),.UNSPECIFIED.);
#3939 = CARTESIAN_POINT('',(30.849609375,1.19970703125,9.2));
#3940 = CARTESIAN_POINT('',(30.757623783934,1.19970703125,9.2));
#3941 = CARTESIAN_POINT('',(30.667285792061,1.192449250212,9.2));
#3942 = CARTESIAN_POINT('',(30.57899130382,1.177623663255,9.2));
#3943 = CARTESIAN_POINT('',(30.493117427223,1.155092927682,9.2));
#3944 = CARTESIAN_POINT('',(30.356636264994,1.105648560516,9.2));
#3945 = CARTESIAN_POINT('',(30.304407558857,1.08319093869,9.2));
#3946 = CARTESIAN_POINT('',(30.253395910581,1.057639250932,9.2));
#3947 = CARTESIAN_POINT('',(30.203668280942,1.0290608975,9.2));
#3948 = CARTESIAN_POINT('',(30.1552734375,0.99755859375,9.2));
#3949 = PCURVE('',#126,#3950);
#3950 = DEFINITIONAL_REPRESENTATION('',(#3951),#3962);
#3951 = B_SPLINE_CURVE_WITH_KNOTS('',5,(#3952,#3953,#3954,#3955,#3956,
    #3957,#3958,#3959,#3960,#3961),.UNSPECIFIED.,.F.,.F.,(6,4,6),(0.,
    0.609025823532,1.),.UNSPECIFIED.);
#3952 = CARTESIAN_POINT('',(32.449609375,13.59970703125));
#3953 = CARTESIAN_POINT('',(32.357623783934,13.59970703125));
#3954 = CARTESIAN_POINT('',(32.267285792061,13.592449250212));
#3955 = CARTESIAN_POINT('',(32.17899130382,13.577623663255));
#3956 = CARTESIAN_POINT('',(32.093117427223,13.555092927682));
#3957 = CARTESIAN_POINT('',(31.956636264994,13.505648560516));
#3958 = CARTESIAN_POINT('',(31.904407558857,13.48319093869));
#3959 = CARTESIAN_POINT('',(31.853395910581,13.457639250932));
#3960 = CARTESIAN_POINT('',(31.803668280942,13.4290608975));
#3961 = CARTESIAN_POINT('',(31.7552734375,13.39755859375));
#3962 = ( GEOMETRIC_REPRESENTATION_CONTEXT(2) 
PARAMETRIC_REPRESENTATION_CONTEXT() REPRESENTATION_CONTEXT('2D SPACE',''
  ) );
#3963 = PCURVE('',#3964,#3971);
#3964 = SURFACE_OF_LINEAR_EXTRUSION('',#3965,#3969);
#3965 = B_SPLINE_CURVE_WITH_KNOTS('',2,(#3966,#3967,#3968),
  .UNSPECIFIED.,.F.,.F.,(3,3),(0.,1.),.PIECEWISE_BEZIER_KNOTS.);
#3966 = CARTESIAN_POINT('',(30.1552734375,0.99755859375,8.7));
#3967 = CARTESIAN_POINT('',(30.4658203125,1.19970703125,8.7));
#3968 = CARTESIAN_POINT('',(30.849609375,1.19970703125,8.7));
#3969 = VECTOR('',#3970,1.);
#3970 = DIRECTION('',(-0.,-0.,-1.));
#3971 = DEFINITIONAL_REPRESENTATION('',(#3972),#3983);
#3972 = B_SPLINE_CURVE_WITH_KNOTS('',5,(#3973,#3974,#3975,#3976,#3977,
    #3978,#3979,#3980,#3981,#3982),.UNSPECIFIED.,.F.,.F.,(6,4,6),(0.,
    0.609025823532,1.),.UNSPECIFIED.);
#3973 = CARTESIAN_POINT('',(1.,-0.5));
#3974 = CARTESIAN_POINT('',(0.880161265584,-0.5));
#3975 = CARTESIAN_POINT('',(0.759043141374,-0.5));
#3976 = CARTESIAN_POINT('',(0.637015070658,-0.5));
#3977 = CARTESIAN_POINT('',(0.514503519685,-0.5));
#3978 = CARTESIAN_POINT('',(0.313356844205,-0.5));
#3979 = CARTESIAN_POINT('',(0.234712698843,-0.5));
#3980 = CARTESIAN_POINT('',(0.156193647562,-0.5));
#3981 = CARTESIAN_POINT('',(7.791874164184E-02,-0.5));
#3982 = CARTESIAN_POINT('',(0.,-0.5));
#3983 = ( GEOMETRIC_REPRESENTATION_CONTEXT(2) 
PARAMETRIC_REPRESENTATION_CONTEXT() REPRESENTATION_CONTEXT('2D SPACE',''
  ) );
#3984 = ORIENTED_EDGE('',*,*,#3985,.F.);
#3985 = EDGE_CURVE('',#3986,#3935,#3988,.T.);
#3986 = VERTEX_POINT('',#3987);
#3987 = CARTESIAN_POINT('',(31.3505859375,1.0810546875,9.2));
#3988 = SURFACE_CURVE('',#3989,(#3996,#4006),.PCURVE_S1.);
#3989 = B_SPLINE_CURVE_WITH_KNOTS('',5,(#3990,#3991,#3992,#3993,#3994,
    #3995),.UNSPECIFIED.,.F.,.F.,(6,6),(0.,1.),
  .PIECEWISE_BEZIER_KNOTS.);
#3990 = CARTESIAN_POINT('',(31.3505859375,1.0810546875,9.2));
#3991 = CARTESIAN_POINT('',(31.261944159711,1.128921247506,9.2));
#3992 = CARTESIAN_POINT('',(31.166995118625,1.164745584924,9.2));
#3993 = CARTESIAN_POINT('',(31.066184092033,1.188252399579,9.2));
#3994 = CARTESIAN_POINT('',(30.960145774074,1.19970703125,9.2));
#3995 = CARTESIAN_POINT('',(30.849609375,1.19970703125,9.2));
#3996 = PCURVE('',#126,#3997);
#3997 = DEFINITIONAL_REPRESENTATION('',(#3998),#4005);
#3998 = B_SPLINE_CURVE_WITH_KNOTS('',5,(#3999,#4000,#4001,#4002,#4003,
    #4004),.UNSPECIFIED.,.F.,.F.,(6,6),(0.,1.),
  .PIECEWISE_BEZIER_KNOTS.);
#3999 = CARTESIAN_POINT('',(32.9505859375,13.4810546875));
#4000 = CARTESIAN_POINT('',(32.861944159711,13.528921247506));
#4001 = CARTESIAN_POINT('',(32.766995118625,13.564745584924));
#4002 = CARTESIAN_POINT('',(32.666184092033,13.588252399579));
#4003 = CARTESIAN_POINT('',(32.560145774074,13.59970703125));
#4004 = CARTESIAN_POINT('',(32.449609375,13.59970703125));
#4005 = ( GEOMETRIC_REPRESENTATION_CONTEXT(2) 
PARAMETRIC_REPRESENTATION_CONTEXT() REPRESENTATION_CONTEXT('2D SPACE',''
  ) );
#4006 = PCURVE('',#4007,#4014);
#4007 = SURFACE_OF_LINEAR_EXTRUSION('',#4008,#4012);
#4008 = B_SPLINE_CURVE_WITH_KNOTS('',2,(#4009,#4010,#4011),
  .UNSPECIFIED.,.F.,.F.,(3,3),(0.,1.),.PIECEWISE_BEZIER_KNOTS.);
#4009 = CARTESIAN_POINT('',(30.849609375,1.19970703125,8.7));
#4010 = CARTESIAN_POINT('',(31.130859375,1.19970703125,8.7));
#4011 = CARTESIAN_POINT('',(31.3505859375,1.0810546875,8.7));
#4012 = VECTOR('',#4013,1.);
#4013 = DIRECTION('',(-0.,-0.,-1.));
#4014 = DEFINITIONAL_REPRESENTATION('',(#4015),#4022);
#4015 = B_SPLINE_CURVE_WITH_KNOTS('',5,(#4016,#4017,#4018,#4019,#4020,
    #4021),.UNSPECIFIED.,.F.,.F.,(6,6),(0.,1.),
  .PIECEWISE_BEZIER_KNOTS.);
#4016 = CARTESIAN_POINT('',(1.,-0.5));
#4017 = CARTESIAN_POINT('',(0.798290710098,-0.5));
#4018 = CARTESIAN_POINT('',(0.596469157297,-0.5));
#4019 = CARTESIAN_POINT('',(0.395580721204,-0.5));
#4020 = CARTESIAN_POINT('',(0.196509153909,-0.5));
#4021 = CARTESIAN_POINT('',(0.,-0.5));
#4022 = ( GEOMETRIC_REPRESENTATION_CONTEXT(2) 
PARAMETRIC_REPRESENTATION_CONTEXT() REPRESENTATION_CONTEXT('2D SPACE',''
  ) );
#4023 = ORIENTED_EDGE('',*,*,#4024,.F.);
#4024 = EDGE_CURVE('',#4025,#3986,#4027,.T.);
#4025 = VERTEX_POINT('',#4026);
#4026 = CARTESIAN_POINT('',(31.7080078125,0.77197265625,9.2));
#4027 = SURFACE_CURVE('',#4028,(#4039,#4053),.PCURVE_S1.);
#4028 = B_SPLINE_CURVE_WITH_KNOTS('',5,(#4029,#4030,#4031,#4032,#4033,
    #4034,#4035,#4036,#4037,#4038),.UNSPECIFIED.,.F.,.F.,(6,4,6),(0.,
    0.200377371699,1.),.UNSPECIFIED.);
#4029 = CARTESIAN_POINT('',(31.7080078125,0.77197265625,9.2));
#4030 = CARTESIAN_POINT('',(31.696942860594,0.787275249311,9.2));
#4031 = CARTESIAN_POINT('',(31.68554251667,0.802294133504,9.2));
#4032 = CARTESIAN_POINT('',(31.673807705214,0.817026859929,9.2));
#4033 = CARTESIAN_POINT('',(31.661739705651,0.831471273743,9.2));
#4034 = CARTESIAN_POINT('',(31.599858699818,0.902109192074,9.2));
#4035 = CARTESIAN_POINT('',(31.545096219647,0.953973233662,9.2));
#4036 = CARTESIAN_POINT('',(31.485159220704,1.001095363939,9.2));
#4037 = CARTESIAN_POINT('',(31.42023759339,1.04344279332,9.2));
#4038 = CARTESIAN_POINT('',(31.3505859375,1.0810546875,9.2));
#4039 = PCURVE('',#126,#4040);
#4040 = DEFINITIONAL_REPRESENTATION('',(#4041),#4052);
#4041 = B_SPLINE_CURVE_WITH_KNOTS('',5,(#4042,#4043,#4044,#4045,#4046,
    #4047,#4048,#4049,#4050,#4051),.UNSPECIFIED.,.F.,.F.,(6,4,6),(0.,
    0.200377371699,1.),.UNSPECIFIED.);
#4042 = CARTESIAN_POINT('',(33.3080078125,13.17197265625));
#4043 = CARTESIAN_POINT('',(33.296942860594,13.187275249311));
#4044 = CARTESIAN_POINT('',(33.28554251667,13.202294133504));
#4045 = CARTESIAN_POINT('',(33.273807705214,13.217026859929));
#4046 = CARTESIAN_POINT('',(33.261739705651,13.231471273743));
#4047 = CARTESIAN_POINT('',(33.199858699818,13.302109192074));
#4048 = CARTESIAN_POINT('',(33.145096219647,13.353973233662));
#4049 = CARTESIAN_POINT('',(33.085159220704,13.401095363939));
#4050 = CARTESIAN_POINT('',(33.02023759339,13.44344279332));
#4051 = CARTESIAN_POINT('',(32.9505859375,13.4810546875));
#4052 = ( GEOMETRIC_REPRESENTATION_CONTEXT(2) 
PARAMETRIC_REPRESENTATION_CONTEXT() REPRESENTATION_CONTEXT('2D SPACE',''
  ) );
#4053 = PCURVE('',#4054,#4061);
#4054 = SURFACE_OF_LINEAR_EXTRUSION('',#4055,#4059);
#4055 = B_SPLINE_CURVE_WITH_KNOTS('',2,(#4056,#4057,#4058),
  .UNSPECIFIED.,.F.,.F.,(3,3),(0.,1.),.PIECEWISE_BEZIER_KNOTS.);
#4056 = CARTESIAN_POINT('',(31.3505859375,1.0810546875,8.7));
#4057 = CARTESIAN_POINT('',(31.5703125,0.96240234375,8.7));
#4058 = CARTESIAN_POINT('',(31.7080078125,0.77197265625,8.7));
#4059 = VECTOR('',#4060,1.);
#4060 = DIRECTION('',(-0.,-0.,-1.));
#4061 = DEFINITIONAL_REPRESENTATION('',(#4062),#4073);
#4062 = B_SPLINE_CURVE_WITH_KNOTS('',5,(#4063,#4064,#4065,#4066,#4067,
    #4068,#4069,#4070,#4071,#4072),.UNSPECIFIED.,.F.,.F.,(6,4,6),(0.,
    0.200377371699,1.),.UNSPECIFIED.);
#4063 = CARTESIAN_POINT('',(1.,-0.5));
#4064 = CARTESIAN_POINT('',(0.95982088386,-0.5));
#4065 = CARTESIAN_POINT('',(0.919626073385,-0.5));
#4066 = CARTESIAN_POINT('',(0.879420807702,-0.5));
#4067 = CARTESIAN_POINT('',(0.839210352494,-0.5));
#4068 = CARTESIAN_POINT('',(0.638537231807,-0.5));
#4069 = CARTESIAN_POINT('',(0.478072432719,-0.5));
#4070 = CARTESIAN_POINT('',(0.317952114766,-0.5));
#4071 = CARTESIAN_POINT('',(0.158496212513,-0.5));
#4072 = CARTESIAN_POINT('',(0.,-0.5));
#4073 = ( GEOMETRIC_REPRESENTATION_CONTEXT(2) 
PARAMETRIC_REPRESENTATION_CONTEXT() REPRESENTATION_CONTEXT('2D SPACE',''
  ) );
#4074 = ORIENTED_EDGE('',*,*,#4075,.F.);
#4075 = EDGE_CURVE('',#4076,#4025,#4078,.T.);
#4076 = VERTEX_POINT('',#4077);
#4077 = CARTESIAN_POINT('',(31.7080078125,2.31298828125,9.2));
#4078 = SURFACE_CURVE('',#4079,(#4083,#4089),.PCURVE_S1.);
#4079 = LINE('',#4080,#4081);
#4080 = CARTESIAN_POINT('',(31.7080078125,-5.814013671875,9.2));
#4081 = VECTOR('',#4082,1.);
#4082 = DIRECTION('',(0.,-1.,0.));
#4083 = PCURVE('',#126,#4084);
#4084 = DEFINITIONAL_REPRESENTATION('',(#4085),#4088);
#4085 = B_SPLINE_CURVE_WITH_KNOTS('',1,(#4086,#4087),.UNSPECIFIED.,.F.,
  .F.,(2,2),(-8.127001953125,-6.585986328125),.PIECEWISE_BEZIER_KNOTS.);
#4086 = CARTESIAN_POINT('',(33.3080078125,14.71298828125));
#4087 = CARTESIAN_POINT('',(33.3080078125,13.17197265625));
#4088 = ( GEOMETRIC_REPRESENTATION_CONTEXT(2) 
PARAMETRIC_REPRESENTATION_CONTEXT() REPRESENTATION_CONTEXT('2D SPACE',''
  ) );
#4089 = PCURVE('',#4090,#4095);
#4090 = PLANE('',#4091);
#4091 = AXIS2_PLACEMENT_3D('',#4092,#4093,#4094);
#4092 = CARTESIAN_POINT('',(31.7080078125,0.77197265625,8.7));
#4093 = DIRECTION('',(-1.,0.,0.));
#4094 = DIRECTION('',(0.,1.,0.));
#4095 = DEFINITIONAL_REPRESENTATION('',(#4096),#4099);
#4096 = B_SPLINE_CURVE_WITH_KNOTS('',1,(#4097,#4098),.UNSPECIFIED.,.F.,
  .F.,(2,2),(-8.127001953125,-6.585986328125),.PIECEWISE_BEZIER_KNOTS.);
#4097 = CARTESIAN_POINT('',(1.541015625,-0.5));
#4098 = CARTESIAN_POINT('',(0.,-0.5));
#4099 = ( GEOMETRIC_REPRESENTATION_CONTEXT(2) 
PARAMETRIC_REPRESENTATION_CONTEXT() REPRESENTATION_CONTEXT('2D SPACE',''
  ) );
#4100 = ORIENTED_EDGE('',*,*,#4101,.F.);
#4101 = EDGE_CURVE('',#4102,#4076,#4104,.T.);
#4102 = VERTEX_POINT('',#4103);
#4103 = CARTESIAN_POINT('',(32.232421875,2.31298828125,9.2));
#4104 = SURFACE_CURVE('',#4105,(#4109,#4115),.PCURVE_S1.);
#4105 = LINE('',#4106,#4107);
#4106 = CARTESIAN_POINT('',(15.05400390625,2.31298828125,9.2));
#4107 = VECTOR('',#4108,1.);
#4108 = DIRECTION('',(-1.,0.,0.));
#4109 = PCURVE('',#126,#4110);
#4110 = DEFINITIONAL_REPRESENTATION('',(#4111),#4114);
#4111 = B_SPLINE_CURVE_WITH_KNOTS('',1,(#4112,#4113),.UNSPECIFIED.,.F.,
  .F.,(2,2),(-17.17841796875,-16.65400390625),.PIECEWISE_BEZIER_KNOTS.);
#4112 = CARTESIAN_POINT('',(33.832421875,14.71298828125));
#4113 = CARTESIAN_POINT('',(33.3080078125,14.71298828125));
#4114 = ( GEOMETRIC_REPRESENTATION_CONTEXT(2) 
PARAMETRIC_REPRESENTATION_CONTEXT() REPRESENTATION_CONTEXT('2D SPACE',''
  ) );
#4115 = PCURVE('',#4116,#4121);
#4116 = PLANE('',#4117);
#4117 = AXIS2_PLACEMENT_3D('',#4118,#4119,#4120);
#4118 = CARTESIAN_POINT('',(31.7080078125,2.31298828125,8.7));
#4119 = DIRECTION('',(0.,1.,0.));
#4120 = DIRECTION('',(1.,0.,0.));
#4121 = DEFINITIONAL_REPRESENTATION('',(#4122),#4125);
#4122 = B_SPLINE_CURVE_WITH_KNOTS('',1,(#4123,#4124),.UNSPECIFIED.,.F.,
  .F.,(2,2),(-17.17841796875,-16.65400390625),.PIECEWISE_BEZIER_KNOTS.);
#4123 = CARTESIAN_POINT('',(0.5244140625,-0.5));
#4124 = CARTESIAN_POINT('',(0.,-0.5));
#4125 = ( GEOMETRIC_REPRESENTATION_CONTEXT(2) 
PARAMETRIC_REPRESENTATION_CONTEXT() REPRESENTATION_CONTEXT('2D SPACE',''
  ) );
#4126 = ORIENTED_EDGE('',*,*,#4127,.F.);
#4127 = EDGE_CURVE('',#3574,#4102,#4128,.T.);
#4128 = SURFACE_CURVE('',#4129,(#4133,#4139),.PCURVE_S1.);
#4129 = LINE('',#4130,#4131);
#4130 = CARTESIAN_POINT('',(32.232421875,-5.043505859375,9.2));
#4131 = VECTOR('',#4132,1.);
#4132 = DIRECTION('',(0.,1.,0.));
#4133 = PCURVE('',#126,#4134);
#4134 = DEFINITIONAL_REPRESENTATION('',(#4135),#4138);
#4135 = B_SPLINE_CURVE_WITH_KNOTS('',1,(#4136,#4137),.UNSPECIFIED.,.F.,
  .F.,(2,2),(3.061572265625,7.356494140625),.PIECEWISE_BEZIER_KNOTS.);
#4136 = CARTESIAN_POINT('',(33.832421875,10.41806640625));
#4137 = CARTESIAN_POINT('',(33.832421875,14.71298828125));
#4138 = ( GEOMETRIC_REPRESENTATION_CONTEXT(2) 
PARAMETRIC_REPRESENTATION_CONTEXT() REPRESENTATION_CONTEXT('2D SPACE',''
  ) );
#4139 = PCURVE('',#4140,#4145);
#4140 = PLANE('',#4141);
#4141 = AXIS2_PLACEMENT_3D('',#4142,#4143,#4144);
#4142 = CARTESIAN_POINT('',(32.232421875,2.31298828125,8.7));
#4143 = DIRECTION('',(1.,0.,0.));
#4144 = DIRECTION('',(0.,-1.,0.));
#4145 = DEFINITIONAL_REPRESENTATION('',(#4146),#4149);
#4146 = B_SPLINE_CURVE_WITH_KNOTS('',1,(#4147,#4148),.UNSPECIFIED.,.F.,
  .F.,(2,2),(3.061572265625,7.356494140625),.PIECEWISE_BEZIER_KNOTS.);
#4147 = CARTESIAN_POINT('',(4.294921875,-0.5));
#4148 = CARTESIAN_POINT('',(0.,-0.5));
#4149 = ( GEOMETRIC_REPRESENTATION_CONTEXT(2) 
PARAMETRIC_REPRESENTATION_CONTEXT() REPRESENTATION_CONTEXT('2D SPACE',''
  ) );
#4150 = ADVANCED_FACE('',(#4151),#100,.T.);
#4151 = FACE_BOUND('',#4152,.T.);
#4152 = EDGE_LOOP('',(#4153,#4176,#4177,#4178));
#4153 = ORIENTED_EDGE('',*,*,#4154,.F.);
#4154 = EDGE_CURVE('',#57,#4155,#4157,.T.);
#4155 = VERTEX_POINT('',#4156);
#4156 = CARTESIAN_POINT('',(70.6,12.4,7.8));
#4157 = SURFACE_CURVE('',#4158,(#4162,#4169),.PCURVE_S1.);
#4158 = LINE('',#4159,#4160);
#4159 = CARTESIAN_POINT('',(-1.6,12.4,7.8));
#4160 = VECTOR('',#4161,1.);
#4161 = DIRECTION('',(1.,0.,0.));
#4162 = PCURVE('',#100,#4163);
#4163 = DEFINITIONAL_REPRESENTATION('',(#4164),#4168);
#4164 = LINE('',#4165,#4166);
#4165 = CARTESIAN_POINT('',(0.,0.));
#4166 = VECTOR('',#4167,1.);
#4167 = DIRECTION('',(0.,1.));
#4168 = ( GEOMETRIC_REPRESENTATION_CONTEXT(2) 
PARAMETRIC_REPRESENTATION_CONTEXT() REPRESENTATION_CONTEXT('2D SPACE',''
  ) );
#4169 = PCURVE('',#72,#4170);
#4170 = DEFINITIONAL_REPRESENTATION('',(#4171),#4175);
#4171 = LINE('',#4172,#4173);
#4172 = CARTESIAN_POINT('',(0.,24.8));
#4173 = VECTOR('',#4174,1.);
#4174 = DIRECTION('',(1.,0.));
#4175 = ( GEOMETRIC_REPRESENTATION_CONTEXT(2) 
PARAMETRIC_REPRESENTATION_CONTEXT() REPRESENTATION_CONTEXT('2D SPACE',''
  ) );
#4176 = ORIENTED_EDGE('',*,*,#84,.T.);
#4177 = ORIENTED_EDGE('',*,*,#242,.T.);
#4178 = ORIENTED_EDGE('',*,*,#4179,.F.);
#4179 = EDGE_CURVE('',#4155,#220,#4180,.T.);
#4180 = SURFACE_CURVE('',#4181,(#4185,#4192),.PCURVE_S1.);
#4181 = LINE('',#4182,#4183);
#4182 = CARTESIAN_POINT('',(70.6,12.4,7.8));
#4183 = VECTOR('',#4184,1.);
#4184 = DIRECTION('',(0.,0.,1.));
#4185 = PCURVE('',#100,#4186);
#4186 = DEFINITIONAL_REPRESENTATION('',(#4187),#4191);
#4187 = LINE('',#4188,#4189);
#4188 = CARTESIAN_POINT('',(0.,72.2));
#4189 = VECTOR('',#4190,1.);
#4190 = DIRECTION('',(1.,0.));
#4191 = ( GEOMETRIC_REPRESENTATION_CONTEXT(2) 
PARAMETRIC_REPRESENTATION_CONTEXT() REPRESENTATION_CONTEXT('2D SPACE',''
  ) );
#4192 = PCURVE('',#202,#4193);
#4193 = DEFINITIONAL_REPRESENTATION('',(#4194),#4198);
#4194 = LINE('',#4195,#4196);
#4195 = CARTESIAN_POINT('',(0.,-24.8));
#4196 = VECTOR('',#4197,1.);
#4197 = DIRECTION('',(1.,0.));
#4198 = ( GEOMETRIC_REPRESENTATION_CONTEXT(2) 
PARAMETRIC_REPRESENTATION_CONTEXT() REPRESENTATION_CONTEXT('2D SPACE',''
  ) );
#4199 = ADVANCED_FACE('',(#4200,#4226),#72,.F.);
#4200 = FACE_BOUND('',#4201,.F.);
#4201 = EDGE_LOOP('',(#4202,#4203,#4204,#4225));
#4202 = ORIENTED_EDGE('',*,*,#56,.F.);
#4203 = ORIENTED_EDGE('',*,*,#141,.T.);
#4204 = ORIENTED_EDGE('',*,*,#4205,.T.);
#4205 = EDGE_CURVE('',#142,#4155,#4206,.T.);
#4206 = SURFACE_CURVE('',#4207,(#4211,#4218),.PCURVE_S1.);
#4207 = LINE('',#4208,#4209);
#4208 = CARTESIAN_POINT('',(70.6,-12.4,7.8));
#4209 = VECTOR('',#4210,1.);
#4210 = DIRECTION('',(0.,1.,0.));
#4211 = PCURVE('',#72,#4212);
#4212 = DEFINITIONAL_REPRESENTATION('',(#4213),#4217);
#4213 = LINE('',#4214,#4215);
#4214 = CARTESIAN_POINT('',(72.2,0.));
#4215 = VECTOR('',#4216,1.);
#4216 = DIRECTION('',(0.,1.));
#4217 = ( GEOMETRIC_REPRESENTATION_CONTEXT(2) 
PARAMETRIC_REPRESENTATION_CONTEXT() REPRESENTATION_CONTEXT('2D SPACE',''
  ) );
#4218 = PCURVE('',#202,#4219);
#4219 = DEFINITIONAL_REPRESENTATION('',(#4220),#4224);
#4220 = LINE('',#4221,#4222);
#4221 = CARTESIAN_POINT('',(0.,0.));
#4222 = VECTOR('',#4223,1.);
#4223 = DIRECTION('',(0.,-1.));
#4224 = ( GEOMETRIC_REPRESENTATION_CONTEXT(2) 
PARAMETRIC_REPRESENTATION_CONTEXT() REPRESENTATION_CONTEXT('2D SPACE',''
  ) );
#4225 = ORIENTED_EDGE('',*,*,#4154,.F.);
#4226 = FACE_BOUND('',#4227,.F.);
#4227 = EDGE_LOOP('',(#4228,#4258,#4286,#4314));
#4228 = ORIENTED_EDGE('',*,*,#4229,.T.);
#4229 = EDGE_CURVE('',#4230,#4232,#4234,.T.);
#4230 = VERTEX_POINT('',#4231);
#4231 = CARTESIAN_POINT('',(0.2,-10.6,7.8));
#4232 = VERTEX_POINT('',#4233);
#4233 = CARTESIAN_POINT('',(0.2,10.6,7.8));
#4234 = SURFACE_CURVE('',#4235,(#4239,#4246),.PCURVE_S1.);
#4235 = LINE('',#4236,#4237);
#4236 = CARTESIAN_POINT('',(0.2,-10.6,7.8));
#4237 = VECTOR('',#4238,1.);
#4238 = DIRECTION('',(0.,1.,0.));
#4239 = PCURVE('',#72,#4240);
#4240 = DEFINITIONAL_REPRESENTATION('',(#4241),#4245);
#4241 = LINE('',#4242,#4243);
#4242 = CARTESIAN_POINT('',(1.8,1.8));
#4243 = VECTOR('',#4244,1.);
#4244 = DIRECTION('',(0.,1.));
#4245 = ( GEOMETRIC_REPRESENTATION_CONTEXT(2) 
PARAMETRIC_REPRESENTATION_CONTEXT() REPRESENTATION_CONTEXT('2D SPACE',''
  ) );
#4246 = PCURVE('',#4247,#4252);
#4247 = PLANE('',#4248);
#4248 = AXIS2_PLACEMENT_3D('',#4249,#4250,#4251);
#4249 = CARTESIAN_POINT('',(0.2,-10.6,6.));
#4250 = DIRECTION('',(1.,0.,0.));
#4251 = DIRECTION('',(0.,0.,1.));
#4252 = DEFINITIONAL_REPRESENTATION('',(#4253),#4257);
#4253 = LINE('',#4254,#4255);
#4254 = CARTESIAN_POINT('',(1.8,0.));
#4255 = VECTOR('',#4256,1.);
#4256 = DIRECTION('',(0.,-1.));
#4257 = ( GEOMETRIC_REPRESENTATION_CONTEXT(2) 
PARAMETRIC_REPRESENTATION_CONTEXT() REPRESENTATION_CONTEXT('2D SPACE',''
  ) );
#4258 = ORIENTED_EDGE('',*,*,#4259,.T.);
#4259 = EDGE_CURVE('',#4232,#4260,#4262,.T.);
#4260 = VERTEX_POINT('',#4261);
#4261 = CARTESIAN_POINT('',(68.8,10.6,7.8));
#4262 = SURFACE_CURVE('',#4263,(#4267,#4274),.PCURVE_S1.);
#4263 = LINE('',#4264,#4265);
#4264 = CARTESIAN_POINT('',(0.2,10.6,7.8));
#4265 = VECTOR('',#4266,1.);
#4266 = DIRECTION('',(1.,0.,0.));
#4267 = PCURVE('',#72,#4268);
#4268 = DEFINITIONAL_REPRESENTATION('',(#4269),#4273);
#4269 = LINE('',#4270,#4271);
#4270 = CARTESIAN_POINT('',(1.8,23.));
#4271 = VECTOR('',#4272,1.);
#4272 = DIRECTION('',(1.,0.));
#4273 = ( GEOMETRIC_REPRESENTATION_CONTEXT(2) 
PARAMETRIC_REPRESENTATION_CONTEXT() REPRESENTATION_CONTEXT('2D SPACE',''
  ) );
#4274 = PCURVE('',#4275,#4280);
#4275 = PLANE('',#4276);
#4276 = AXIS2_PLACEMENT_3D('',#4277,#4278,#4279);
#4277 = CARTESIAN_POINT('',(0.2,10.6,6.));
#4278 = DIRECTION('',(0.,1.,0.));
#4279 = DIRECTION('',(0.,0.,1.));
#4280 = DEFINITIONAL_REPRESENTATION('',(#4281),#4285);
#4281 = LINE('',#4282,#4283);
#4282 = CARTESIAN_POINT('',(1.8,0.));
#4283 = VECTOR('',#4284,1.);
#4284 = DIRECTION('',(0.,1.));
#4285 = ( GEOMETRIC_REPRESENTATION_CONTEXT(2) 
PARAMETRIC_REPRESENTATION_CONTEXT() REPRESENTATION_CONTEXT('2D SPACE',''
  ) );
#4286 = ORIENTED_EDGE('',*,*,#4287,.F.);
#4287 = EDGE_CURVE('',#4288,#4260,#4290,.T.);
#4288 = VERTEX_POINT('',#4289);
#4289 = CARTESIAN_POINT('',(68.8,-10.6,7.8));
#4290 = SURFACE_CURVE('',#4291,(#4295,#4302),.PCURVE_S1.);
#4291 = LINE('',#4292,#4293);
#4292 = CARTESIAN_POINT('',(68.8,-10.6,7.8));
#4293 = VECTOR('',#4294,1.);
#4294 = DIRECTION('',(0.,1.,0.));
#4295 = PCURVE('',#72,#4296);
#4296 = DEFINITIONAL_REPRESENTATION('',(#4297),#4301);
#4297 = LINE('',#4298,#4299);
#4298 = CARTESIAN_POINT('',(70.4,1.8));
#4299 = VECTOR('',#4300,1.);
#4300 = DIRECTION('',(0.,1.));
#4301 = ( GEOMETRIC_REPRESENTATION_CONTEXT(2) 
PARAMETRIC_REPRESENTATION_CONTEXT() REPRESENTATION_CONTEXT('2D SPACE',''
  ) );
#4302 = PCURVE('',#4303,#4308);
#4303 = PLANE('',#4304);
#4304 = AXIS2_PLACEMENT_3D('',#4305,#4306,#4307);
#4305 = CARTESIAN_POINT('',(68.8,-10.6,6.));
#4306 = DIRECTION('',(1.,0.,0.));
#4307 = DIRECTION('',(0.,0.,1.));
#4308 = DEFINITIONAL_REPRESENTATION('',(#4309),#4313);
#4309 = LINE('',#4310,#4311);
#4310 = CARTESIAN_POINT('',(1.8,0.));
#4311 = VECTOR('',#4312,1.);
#4312 = DIRECTION('',(0.,-1.));
#4313 = ( GEOMETRIC_REPRESENTATION_CONTEXT(2) 
PARAMETRIC_REPRESENTATION_CONTEXT() REPRESENTATION_CONTEXT('2D SPACE',''
  ) );
#4314 = ORIENTED_EDGE('',*,*,#4315,.F.);
#4315 = EDGE_CURVE('',#4230,#4288,#4316,.T.);
#4316 = SURFACE_CURVE('',#4317,(#4321,#4328),.PCURVE_S1.);
#4317 = LINE('',#4318,#4319);
#4318 = CARTESIAN_POINT('',(0.2,-10.6,7.8));
#4319 = VECTOR('',#4320,1.);
#4320 = DIRECTION('',(1.,0.,0.));
#4321 = PCURVE('',#72,#4322);
#4322 = DEFINITIONAL_REPRESENTATION('',(#4323),#4327);
#4323 = LINE('',#4324,#4325);
#4324 = CARTESIAN_POINT('',(1.8,1.8));
#4325 = VECTOR('',#4326,1.);
#4326 = DIRECTION('',(1.,0.));
#4327 = ( GEOMETRIC_REPRESENTATION_CONTEXT(2) 
PARAMETRIC_REPRESENTATION_CONTEXT() REPRESENTATION_CONTEXT('2D SPACE',''
  ) );
#4328 = PCURVE('',#4329,#4334);
#4329 = PLANE('',#4330);
#4330 = AXIS2_PLACEMENT_3D('',#4331,#4332,#4333);
#4331 = CARTESIAN_POINT('',(0.2,-10.6,6.));
#4332 = DIRECTION('',(0.,1.,0.));
#4333 = DIRECTION('',(0.,0.,1.));
#4334 = DEFINITIONAL_REPRESENTATION('',(#4335),#4339);
#4335 = LINE('',#4336,#4337);
#4336 = CARTESIAN_POINT('',(1.8,0.));
#4337 = VECTOR('',#4338,1.);
#4338 = DIRECTION('',(0.,1.));
#4339 = ( GEOMETRIC_REPRESENTATION_CONTEXT(2) 
PARAMETRIC_REPRESENTATION_CONTEXT() REPRESENTATION_CONTEXT('2D SPACE',''
  ) );
#4340 = ADVANCED_FACE('',(#4341),#202,.T.);
#4341 = FACE_BOUND('',#4342,.T.);
#4342 = EDGE_LOOP('',(#4343,#4344,#4345,#4346));
#4343 = ORIENTED_EDGE('',*,*,#188,.F.);
#4344 = ORIENTED_EDGE('',*,*,#4205,.T.);
#4345 = ORIENTED_EDGE('',*,*,#4179,.T.);
#4346 = ORIENTED_EDGE('',*,*,#219,.F.);
#4347 = ADVANCED_FACE('',(#4348),#282,.F.);
#4348 = FACE_BOUND('',#4349,.F.);
#4349 = EDGE_LOOP('',(#4350,#4380,#4401,#4402));
#4350 = ORIENTED_EDGE('',*,*,#4351,.F.);
#4351 = EDGE_CURVE('',#4352,#4354,#4356,.T.);
#4352 = VERTEX_POINT('',#4353);
#4353 = CARTESIAN_POINT('',(38.3466796875,-1.98193359375,8.7));
#4354 = VERTEX_POINT('',#4355);
#4355 = CARTESIAN_POINT('',(37.7080078125,-1.98193359375,8.7));
#4356 = SURFACE_CURVE('',#4357,(#4361,#4368),.PCURVE_S1.);
#4357 = LINE('',#4358,#4359);
#4358 = CARTESIAN_POINT('',(38.3466796875,-1.98193359375,8.7));
#4359 = VECTOR('',#4360,1.);
#4360 = DIRECTION('',(-1.,0.,0.));
#4361 = PCURVE('',#282,#4362);
#4362 = DEFINITIONAL_REPRESENTATION('',(#4363),#4367);
#4363 = LINE('',#4364,#4365);
#4364 = CARTESIAN_POINT('',(0.,-0.));
#4365 = VECTOR('',#4366,1.);
#4366 = DIRECTION('',(1.,0.));
#4367 = ( GEOMETRIC_REPRESENTATION_CONTEXT(2) 
PARAMETRIC_REPRESENTATION_CONTEXT() REPRESENTATION_CONTEXT('2D SPACE',''
  ) );
#4368 = PCURVE('',#4369,#4374);
#4369 = PLANE('',#4370);
#4370 = AXIS2_PLACEMENT_3D('',#4371,#4372,#4373);
#4371 = CARTESIAN_POINT('',(37.6640625,-1.98193359375,8.7));
#4372 = DIRECTION('',(0.,0.,1.));
#4373 = DIRECTION('',(1.,0.,0.));
#4374 = DEFINITIONAL_REPRESENTATION('',(#4375),#4379);
#4375 = LINE('',#4376,#4377);
#4376 = CARTESIAN_POINT('',(0.6826171875,0.));
#4377 = VECTOR('',#4378,1.);
#4378 = DIRECTION('',(-1.,0.));
#4379 = ( GEOMETRIC_REPRESENTATION_CONTEXT(2) 
PARAMETRIC_REPRESENTATION_CONTEXT() REPRESENTATION_CONTEXT('2D SPACE',''
  ) );
#4380 = ORIENTED_EDGE('',*,*,#4381,.T.);
#4381 = EDGE_CURVE('',#4352,#268,#4382,.T.);
#4382 = SURFACE_CURVE('',#4383,(#4387,#4394),.PCURVE_S1.);
#4383 = LINE('',#4384,#4385);
#4384 = CARTESIAN_POINT('',(38.3466796875,-1.98193359375,8.7));
#4385 = VECTOR('',#4386,1.);
#4386 = DIRECTION('',(0.,0.,1.));
#4387 = PCURVE('',#282,#4388);
#4388 = DEFINITIONAL_REPRESENTATION('',(#4389),#4393);
#4389 = LINE('',#4390,#4391);
#4390 = CARTESIAN_POINT('',(0.,-0.));
#4391 = VECTOR('',#4392,1.);
#4392 = DIRECTION('',(0.,-1.));
#4393 = ( GEOMETRIC_REPRESENTATION_CONTEXT(2) 
PARAMETRIC_REPRESENTATION_CONTEXT() REPRESENTATION_CONTEXT('2D SPACE',''
  ) );
#4394 = PCURVE('',#670,#4395);
#4395 = DEFINITIONAL_REPRESENTATION('',(#4396),#4400);
#4396 = LINE('',#4397,#4398);
#4397 = CARTESIAN_POINT('',(1.474776868592,-0.));
#4398 = VECTOR('',#4399,1.);
#4399 = DIRECTION('',(0.,-1.));
#4400 = ( GEOMETRIC_REPRESENTATION_CONTEXT(2) 
PARAMETRIC_REPRESENTATION_CONTEXT() REPRESENTATION_CONTEXT('2D SPACE',''
  ) );
#4401 = ORIENTED_EDGE('',*,*,#265,.F.);
#4402 = ORIENTED_EDGE('',*,*,#4403,.F.);
#4403 = EDGE_CURVE('',#4354,#266,#4404,.T.);
#4404 = SURFACE_CURVE('',#4405,(#4409,#4416),.PCURVE_S1.);
#4405 = LINE('',#4406,#4407);
#4406 = CARTESIAN_POINT('',(37.7080078125,-1.98193359375,8.7));
#4407 = VECTOR('',#4408,1.);
#4408 = DIRECTION('',(0.,0.,1.));
#4409 = PCURVE('',#282,#4410);
#4410 = DEFINITIONAL_REPRESENTATION('',(#4411),#4415);
#4411 = LINE('',#4412,#4413);
#4412 = CARTESIAN_POINT('',(0.638671875,0.));
#4413 = VECTOR('',#4414,1.);
#4414 = DIRECTION('',(0.,-1.));
#4415 = ( GEOMETRIC_REPRESENTATION_CONTEXT(2) 
PARAMETRIC_REPRESENTATION_CONTEXT() REPRESENTATION_CONTEXT('2D SPACE',''
  ) );
#4416 = PCURVE('',#308,#4417);
#4417 = DEFINITIONAL_REPRESENTATION('',(#4418),#4422);
#4418 = LINE('',#4419,#4420);
#4419 = CARTESIAN_POINT('',(0.,0.));
#4420 = VECTOR('',#4421,1.);
#4421 = DIRECTION('',(0.,-1.));
#4422 = ( GEOMETRIC_REPRESENTATION_CONTEXT(2) 
PARAMETRIC_REPRESENTATION_CONTEXT() REPRESENTATION_CONTEXT('2D SPACE',''
  ) );
#4423 = ADVANCED_FACE('',(#4424),#670,.F.);
#4424 = FACE_BOUND('',#4425,.F.);
#4425 = EDGE_LOOP('',(#4426,#4449,#4470,#4471));
#4426 = ORIENTED_EDGE('',*,*,#4427,.F.);
#4427 = EDGE_CURVE('',#4428,#4352,#4430,.T.);
#4428 = VERTEX_POINT('',#4429);
#4429 = CARTESIAN_POINT('',(39.1640625,-0.75439453125,8.7));
#4430 = SURFACE_CURVE('',#4431,(#4435,#4442),.PCURVE_S1.);
#4431 = LINE('',#4432,#4433);
#4432 = CARTESIAN_POINT('',(39.1640625,-0.75439453125,8.7));
#4433 = VECTOR('',#4434,1.);
#4434 = DIRECTION('',(-0.554241682188,-0.832355787945,0.));
#4435 = PCURVE('',#670,#4436);
#4436 = DEFINITIONAL_REPRESENTATION('',(#4437),#4441);
#4437 = LINE('',#4438,#4439);
#4438 = CARTESIAN_POINT('',(0.,0.));
#4439 = VECTOR('',#4440,1.);
#4440 = DIRECTION('',(1.,-0.));
#4441 = ( GEOMETRIC_REPRESENTATION_CONTEXT(2) 
PARAMETRIC_REPRESENTATION_CONTEXT() REPRESENTATION_CONTEXT('2D SPACE',''
  ) );
#4442 = PCURVE('',#4369,#4443);
#4443 = DEFINITIONAL_REPRESENTATION('',(#4444),#4448);
#4444 = LINE('',#4445,#4446);
#4445 = CARTESIAN_POINT('',(1.5,1.2275390625));
#4446 = VECTOR('',#4447,1.);
#4447 = DIRECTION('',(-0.554241682188,-0.832355787945));
#4448 = ( GEOMETRIC_REPRESENTATION_CONTEXT(2) 
PARAMETRIC_REPRESENTATION_CONTEXT() REPRESENTATION_CONTEXT('2D SPACE',''
  ) );
#4449 = ORIENTED_EDGE('',*,*,#4450,.T.);
#4450 = EDGE_CURVE('',#4428,#632,#4451,.T.);
#4451 = SURFACE_CURVE('',#4452,(#4456,#4463),.PCURVE_S1.);
#4452 = LINE('',#4453,#4454);
#4453 = CARTESIAN_POINT('',(39.1640625,-0.75439453125,8.7));
#4454 = VECTOR('',#4455,1.);
#4455 = DIRECTION('',(0.,0.,1.));
#4456 = PCURVE('',#670,#4457);
#4457 = DEFINITIONAL_REPRESENTATION('',(#4458),#4462);
#4458 = LINE('',#4459,#4460);
#4459 = CARTESIAN_POINT('',(0.,0.));
#4460 = VECTOR('',#4461,1.);
#4461 = DIRECTION('',(0.,-1.));
#4462 = ( GEOMETRIC_REPRESENTATION_CONTEXT(2) 
PARAMETRIC_REPRESENTATION_CONTEXT() REPRESENTATION_CONTEXT('2D SPACE',''
  ) );
#4463 = PCURVE('',#646,#4464);
#4464 = DEFINITIONAL_REPRESENTATION('',(#4465),#4469);
#4465 = LINE('',#4466,#4467);
#4466 = CARTESIAN_POINT('',(0.311223283104,0.));
#4467 = VECTOR('',#4468,1.);
#4468 = DIRECTION('',(0.,-1.));
#4469 = ( GEOMETRIC_REPRESENTATION_CONTEXT(2) 
PARAMETRIC_REPRESENTATION_CONTEXT() REPRESENTATION_CONTEXT('2D SPACE',''
  ) );
#4470 = ORIENTED_EDGE('',*,*,#657,.F.);
#4471 = ORIENTED_EDGE('',*,*,#4381,.F.);
#4472 = ADVANCED_FACE('',(#4473),#646,.F.);
#4473 = FACE_BOUND('',#4474,.F.);
#4474 = EDGE_LOOP('',(#4475,#4498,#4519,#4520));
#4475 = ORIENTED_EDGE('',*,*,#4476,.F.);
#4476 = EDGE_CURVE('',#4477,#4428,#4479,.T.);
#4477 = VERTEX_POINT('',#4478);
#4478 = CARTESIAN_POINT('',(39.333984375,-1.01513671875,8.7));
#4479 = SURFACE_CURVE('',#4480,(#4484,#4491),.PCURVE_S1.);
#4480 = LINE('',#4481,#4482);
#4481 = CARTESIAN_POINT('',(39.333984375,-1.01513671875,8.7));
#4482 = VECTOR('',#4483,1.);
#4483 = DIRECTION('',(-0.545980600505,0.837797818016,0.));
#4484 = PCURVE('',#646,#4485);
#4485 = DEFINITIONAL_REPRESENTATION('',(#4486),#4490);
#4486 = LINE('',#4487,#4488);
#4487 = CARTESIAN_POINT('',(0.,0.));
#4488 = VECTOR('',#4489,1.);
#4489 = DIRECTION('',(1.,0.));
#4490 = ( GEOMETRIC_REPRESENTATION_CONTEXT(2) 
PARAMETRIC_REPRESENTATION_CONTEXT() REPRESENTATION_CONTEXT('2D SPACE',''
  ) );
#4491 = PCURVE('',#4369,#4492);
#4492 = DEFINITIONAL_REPRESENTATION('',(#4493),#4497);
#4493 = LINE('',#4494,#4495);
#4494 = CARTESIAN_POINT('',(1.669921875,0.966796875));
#4495 = VECTOR('',#4496,1.);
#4496 = DIRECTION('',(-0.545980600505,0.837797818016));
#4497 = ( GEOMETRIC_REPRESENTATION_CONTEXT(2) 
PARAMETRIC_REPRESENTATION_CONTEXT() REPRESENTATION_CONTEXT('2D SPACE',''
  ) );
#4498 = ORIENTED_EDGE('',*,*,#4499,.T.);
#4499 = EDGE_CURVE('',#4477,#606,#4500,.T.);
#4500 = SURFACE_CURVE('',#4501,(#4505,#4512),.PCURVE_S1.);
#4501 = LINE('',#4502,#4503);
#4502 = CARTESIAN_POINT('',(39.333984375,-1.01513671875,8.7));
#4503 = VECTOR('',#4504,1.);
#4504 = DIRECTION('',(0.,0.,1.));
#4505 = PCURVE('',#646,#4506);
#4506 = DEFINITIONAL_REPRESENTATION('',(#4507),#4511);
#4507 = LINE('',#4508,#4509);
#4508 = CARTESIAN_POINT('',(0.,0.));
#4509 = VECTOR('',#4510,1.);
#4510 = DIRECTION('',(0.,-1.));
#4511 = ( GEOMETRIC_REPRESENTATION_CONTEXT(2) 
PARAMETRIC_REPRESENTATION_CONTEXT() REPRESENTATION_CONTEXT('2D SPACE',''
  ) );
#4512 = PCURVE('',#620,#4513);
#4513 = DEFINITIONAL_REPRESENTATION('',(#4514),#4518);
#4514 = LINE('',#4515,#4516);
#4515 = CARTESIAN_POINT('',(1.15870529533,0.));
#4516 = VECTOR('',#4517,1.);
#4517 = DIRECTION('',(0.,-1.));
#4518 = ( GEOMETRIC_REPRESENTATION_CONTEXT(2) 
PARAMETRIC_REPRESENTATION_CONTEXT() REPRESENTATION_CONTEXT('2D SPACE',''
  ) );
#4519 = ORIENTED_EDGE('',*,*,#631,.F.);
#4520 = ORIENTED_EDGE('',*,*,#4450,.F.);
#4521 = ADVANCED_FACE('',(#4522),#620,.F.);
#4522 = FACE_BOUND('',#4523,.F.);
#4523 = EDGE_LOOP('',(#4524,#4547,#4568,#4569));
#4524 = ORIENTED_EDGE('',*,*,#4525,.F.);
#4525 = EDGE_CURVE('',#4526,#4477,#4528,.T.);
#4526 = VERTEX_POINT('',#4527);
#4527 = CARTESIAN_POINT('',(39.97265625,-1.98193359375,8.7));
#4528 = SURFACE_CURVE('',#4529,(#4533,#4540),.PCURVE_S1.);
#4529 = LINE('',#4530,#4531);
#4530 = CARTESIAN_POINT('',(39.97265625,-1.98193359375,8.7));
#4531 = VECTOR('',#4532,1.);
#4532 = DIRECTION('',(-0.551194404284,0.834376850521,0.));
#4533 = PCURVE('',#620,#4534);
#4534 = DEFINITIONAL_REPRESENTATION('',(#4535),#4539);
#4535 = LINE('',#4536,#4537);
#4536 = CARTESIAN_POINT('',(0.,0.));
#4537 = VECTOR('',#4538,1.);
#4538 = DIRECTION('',(1.,0.));
#4539 = ( GEOMETRIC_REPRESENTATION_CONTEXT(2) 
PARAMETRIC_REPRESENTATION_CONTEXT() REPRESENTATION_CONTEXT('2D SPACE',''
  ) );
#4540 = PCURVE('',#4369,#4541);
#4541 = DEFINITIONAL_REPRESENTATION('',(#4542),#4546);
#4542 = LINE('',#4543,#4544);
#4543 = CARTESIAN_POINT('',(2.30859375,0.));
#4544 = VECTOR('',#4545,1.);
#4545 = DIRECTION('',(-0.551194404284,0.834376850521));
#4546 = ( GEOMETRIC_REPRESENTATION_CONTEXT(2) 
PARAMETRIC_REPRESENTATION_CONTEXT() REPRESENTATION_CONTEXT('2D SPACE',''
  ) );
#4547 = ORIENTED_EDGE('',*,*,#4548,.T.);
#4548 = EDGE_CURVE('',#4526,#580,#4549,.T.);
#4549 = SURFACE_CURVE('',#4550,(#4554,#4561),.PCURVE_S1.);
#4550 = LINE('',#4551,#4552);
#4551 = CARTESIAN_POINT('',(39.97265625,-1.98193359375,8.7));
#4552 = VECTOR('',#4553,1.);
#4553 = DIRECTION('',(0.,0.,1.));
#4554 = PCURVE('',#620,#4555);
#4555 = DEFINITIONAL_REPRESENTATION('',(#4556),#4560);
#4556 = LINE('',#4557,#4558);
#4557 = CARTESIAN_POINT('',(0.,0.));
#4558 = VECTOR('',#4559,1.);
#4559 = DIRECTION('',(0.,-1.));
#4560 = ( GEOMETRIC_REPRESENTATION_CONTEXT(2) 
PARAMETRIC_REPRESENTATION_CONTEXT() REPRESENTATION_CONTEXT('2D SPACE',''
  ) );
#4561 = PCURVE('',#594,#4562);
#4562 = DEFINITIONAL_REPRESENTATION('',(#4563),#4567);
#4563 = LINE('',#4564,#4565);
#4564 = CARTESIAN_POINT('',(0.6474609375,0.));
#4565 = VECTOR('',#4566,1.);
#4566 = DIRECTION('',(0.,-1.));
#4567 = ( GEOMETRIC_REPRESENTATION_CONTEXT(2) 
PARAMETRIC_REPRESENTATION_CONTEXT() REPRESENTATION_CONTEXT('2D SPACE',''
  ) );
#4568 = ORIENTED_EDGE('',*,*,#605,.F.);
#4569 = ORIENTED_EDGE('',*,*,#4499,.F.);
#4570 = ADVANCED_FACE('',(#4571),#594,.F.);
#4571 = FACE_BOUND('',#4572,.F.);
#4572 = EDGE_LOOP('',(#4573,#4596,#4617,#4618));
#4573 = ORIENTED_EDGE('',*,*,#4574,.F.);
#4574 = EDGE_CURVE('',#4575,#4526,#4577,.T.);
#4575 = VERTEX_POINT('',#4576);
#4576 = CARTESIAN_POINT('',(40.6201171875,-1.98193359375,8.7));
#4577 = SURFACE_CURVE('',#4578,(#4582,#4589),.PCURVE_S1.);
#4578 = LINE('',#4579,#4580);
#4579 = CARTESIAN_POINT('',(40.6201171875,-1.98193359375,8.7));
#4580 = VECTOR('',#4581,1.);
#4581 = DIRECTION('',(-1.,0.,0.));
#4582 = PCURVE('',#594,#4583);
#4583 = DEFINITIONAL_REPRESENTATION('',(#4584),#4588);
#4584 = LINE('',#4585,#4586);
#4585 = CARTESIAN_POINT('',(0.,-0.));
#4586 = VECTOR('',#4587,1.);
#4587 = DIRECTION('',(1.,0.));
#4588 = ( GEOMETRIC_REPRESENTATION_CONTEXT(2) 
PARAMETRIC_REPRESENTATION_CONTEXT() REPRESENTATION_CONTEXT('2D SPACE',''
  ) );
#4589 = PCURVE('',#4369,#4590);
#4590 = DEFINITIONAL_REPRESENTATION('',(#4591),#4595);
#4591 = LINE('',#4592,#4593);
#4592 = CARTESIAN_POINT('',(2.9560546875,0.));
#4593 = VECTOR('',#4594,1.);
#4594 = DIRECTION('',(-1.,0.));
#4595 = ( GEOMETRIC_REPRESENTATION_CONTEXT(2) 
PARAMETRIC_REPRESENTATION_CONTEXT() REPRESENTATION_CONTEXT('2D SPACE',''
  ) );
#4596 = ORIENTED_EDGE('',*,*,#4597,.T.);
#4597 = EDGE_CURVE('',#4575,#554,#4598,.T.);
#4598 = SURFACE_CURVE('',#4599,(#4603,#4610),.PCURVE_S1.);
#4599 = LINE('',#4600,#4601);
#4600 = CARTESIAN_POINT('',(40.6201171875,-1.98193359375,8.7));
#4601 = VECTOR('',#4602,1.);
#4602 = DIRECTION('',(0.,0.,1.));
#4603 = PCURVE('',#594,#4604);
#4604 = DEFINITIONAL_REPRESENTATION('',(#4605),#4609);
#4605 = LINE('',#4606,#4607);
#4606 = CARTESIAN_POINT('',(0.,-0.));
#4607 = VECTOR('',#4608,1.);
#4608 = DIRECTION('',(0.,-1.));
#4609 = ( GEOMETRIC_REPRESENTATION_CONTEXT(2) 
PARAMETRIC_REPRESENTATION_CONTEXT() REPRESENTATION_CONTEXT('2D SPACE',''
  ) );
#4610 = PCURVE('',#568,#4611);
#4611 = DEFINITIONAL_REPRESENTATION('',(#4612),#4616);
#4612 = LINE('',#4613,#4614);
#4613 = CARTESIAN_POINT('',(2.012482077951,0.));
#4614 = VECTOR('',#4615,1.);
#4615 = DIRECTION('',(0.,-1.));
#4616 = ( GEOMETRIC_REPRESENTATION_CONTEXT(2) 
PARAMETRIC_REPRESENTATION_CONTEXT() REPRESENTATION_CONTEXT('2D SPACE',''
  ) );
#4617 = ORIENTED_EDGE('',*,*,#579,.F.);
#4618 = ORIENTED_EDGE('',*,*,#4548,.F.);
#4619 = ADVANCED_FACE('',(#4620),#568,.F.);
#4620 = FACE_BOUND('',#4621,.F.);
#4621 = EDGE_LOOP('',(#4622,#4645,#4666,#4667));
#4622 = ORIENTED_EDGE('',*,*,#4623,.F.);
#4623 = EDGE_CURVE('',#4624,#4575,#4626,.T.);
#4624 = VERTEX_POINT('',#4625);
#4625 = CARTESIAN_POINT('',(39.462890625,-0.33544921875,8.7));
#4626 = SURFACE_CURVE('',#4627,(#4631,#4638),.PCURVE_S1.);
#4627 = LINE('',#4628,#4629);
#4628 = CARTESIAN_POINT('',(39.462890625,-0.33544921875,8.7));
#4629 = VECTOR('',#4630,1.);
#4630 = DIRECTION('',(0.575024530742,-0.818136167789,0.));
#4631 = PCURVE('',#568,#4632);
#4632 = DEFINITIONAL_REPRESENTATION('',(#4633),#4637);
#4633 = LINE('',#4634,#4635);
#4634 = CARTESIAN_POINT('',(0.,0.));
#4635 = VECTOR('',#4636,1.);
#4636 = DIRECTION('',(1.,0.));
#4637 = ( GEOMETRIC_REPRESENTATION_CONTEXT(2) 
PARAMETRIC_REPRESENTATION_CONTEXT() REPRESENTATION_CONTEXT('2D SPACE',''
  ) );
#4638 = PCURVE('',#4369,#4639);
#4639 = DEFINITIONAL_REPRESENTATION('',(#4640),#4644);
#4640 = LINE('',#4641,#4642);
#4641 = CARTESIAN_POINT('',(1.798828125,1.646484375));
#4642 = VECTOR('',#4643,1.);
#4643 = DIRECTION('',(0.575024530742,-0.818136167789));
#4644 = ( GEOMETRIC_REPRESENTATION_CONTEXT(2) 
PARAMETRIC_REPRESENTATION_CONTEXT() REPRESENTATION_CONTEXT('2D SPACE',''
  ) );
#4645 = ORIENTED_EDGE('',*,*,#4646,.T.);
#4646 = EDGE_CURVE('',#4624,#528,#4647,.T.);
#4647 = SURFACE_CURVE('',#4648,(#4652,#4659),.PCURVE_S1.);
#4648 = LINE('',#4649,#4650);
#4649 = CARTESIAN_POINT('',(39.462890625,-0.33544921875,8.7));
#4650 = VECTOR('',#4651,1.);
#4651 = DIRECTION('',(0.,0.,1.));
#4652 = PCURVE('',#568,#4653);
#4653 = DEFINITIONAL_REPRESENTATION('',(#4654),#4658);
#4654 = LINE('',#4655,#4656);
#4655 = CARTESIAN_POINT('',(0.,0.));
#4656 = VECTOR('',#4657,1.);
#4657 = DIRECTION('',(0.,-1.));
#4658 = ( GEOMETRIC_REPRESENTATION_CONTEXT(2) 
PARAMETRIC_REPRESENTATION_CONTEXT() REPRESENTATION_CONTEXT('2D SPACE',''
  ) );
#4659 = PCURVE('',#542,#4660);
#4660 = DEFINITIONAL_REPRESENTATION('',(#4661),#4665);
#4661 = LINE('',#4662,#4663);
#4662 = CARTESIAN_POINT('',(1.817088927911,-0.));
#4663 = VECTOR('',#4664,1.);
#4664 = DIRECTION('',(0.,-1.));
#4665 = ( GEOMETRIC_REPRESENTATION_CONTEXT(2) 
PARAMETRIC_REPRESENTATION_CONTEXT() REPRESENTATION_CONTEXT('2D SPACE',''
  ) );
#4666 = ORIENTED_EDGE('',*,*,#553,.F.);
#4667 = ORIENTED_EDGE('',*,*,#4597,.F.);
#4668 = ADVANCED_FACE('',(#4669),#542,.F.);
#4669 = FACE_BOUND('',#4670,.F.);
#4670 = EDGE_LOOP('',(#4671,#4694,#4715,#4716));
#4671 = ORIENTED_EDGE('',*,*,#4672,.F.);
#4672 = EDGE_CURVE('',#4673,#4624,#4675,.T.);
#4673 = VERTEX_POINT('',#4674);
#4674 = CARTESIAN_POINT('',(40.5380859375,1.12939453125,8.7));
#4675 = SURFACE_CURVE('',#4676,(#4680,#4687),.PCURVE_S1.);
#4676 = LINE('',#4677,#4678);
#4677 = CARTESIAN_POINT('',(40.5380859375,1.12939453125,8.7));
#4678 = VECTOR('',#4679,1.);
#4679 = DIRECTION('',(-0.591713094491,-0.806148630097,0.));
#4680 = PCURVE('',#542,#4681);
#4681 = DEFINITIONAL_REPRESENTATION('',(#4682),#4686);
#4682 = LINE('',#4683,#4684);
#4683 = CARTESIAN_POINT('',(0.,0.));
#4684 = VECTOR('',#4685,1.);
#4685 = DIRECTION('',(1.,-0.));
#4686 = ( GEOMETRIC_REPRESENTATION_CONTEXT(2) 
PARAMETRIC_REPRESENTATION_CONTEXT() REPRESENTATION_CONTEXT('2D SPACE',''
  ) );
#4687 = PCURVE('',#4369,#4688);
#4688 = DEFINITIONAL_REPRESENTATION('',(#4689),#4693);
#4689 = LINE('',#4690,#4691);
#4690 = CARTESIAN_POINT('',(2.8740234375,3.111328125));
#4691 = VECTOR('',#4692,1.);
#4692 = DIRECTION('',(-0.591713094491,-0.806148630097));
#4693 = ( GEOMETRIC_REPRESENTATION_CONTEXT(2) 
PARAMETRIC_REPRESENTATION_CONTEXT() REPRESENTATION_CONTEXT('2D SPACE',''
  ) );
#4694 = ORIENTED_EDGE('',*,*,#4695,.T.);
#4695 = EDGE_CURVE('',#4673,#502,#4696,.T.);
#4696 = SURFACE_CURVE('',#4697,(#4701,#4708),.PCURVE_S1.);
#4697 = LINE('',#4698,#4699);
#4698 = CARTESIAN_POINT('',(40.5380859375,1.12939453125,8.7));
#4699 = VECTOR('',#4700,1.);
#4700 = DIRECTION('',(0.,0.,1.));
#4701 = PCURVE('',#542,#4702);
#4702 = DEFINITIONAL_REPRESENTATION('',(#4703),#4707);
#4703 = LINE('',#4704,#4705);
#4704 = CARTESIAN_POINT('',(0.,0.));
#4705 = VECTOR('',#4706,1.);
#4706 = DIRECTION('',(0.,-1.));
#4707 = ( GEOMETRIC_REPRESENTATION_CONTEXT(2) 
PARAMETRIC_REPRESENTATION_CONTEXT() REPRESENTATION_CONTEXT('2D SPACE',''
  ) );
#4708 = PCURVE('',#516,#4709);
#4709 = DEFINITIONAL_REPRESENTATION('',(#4710),#4714);
#4710 = LINE('',#4711,#4712);
#4711 = CARTESIAN_POINT('',(0.6298828125,0.));
#4712 = VECTOR('',#4713,1.);
#4713 = DIRECTION('',(0.,-1.));
#4714 = ( GEOMETRIC_REPRESENTATION_CONTEXT(2) 
PARAMETRIC_REPRESENTATION_CONTEXT() REPRESENTATION_CONTEXT('2D SPACE',''
  ) );
#4715 = ORIENTED_EDGE('',*,*,#527,.F.);
#4716 = ORIENTED_EDGE('',*,*,#4646,.F.);
#4717 = ADVANCED_FACE('',(#4718),#516,.F.);
#4718 = FACE_BOUND('',#4719,.F.);
#4719 = EDGE_LOOP('',(#4720,#4743,#4764,#4765));
#4720 = ORIENTED_EDGE('',*,*,#4721,.F.);
#4721 = EDGE_CURVE('',#4722,#4673,#4724,.T.);
#4722 = VERTEX_POINT('',#4723);
#4723 = CARTESIAN_POINT('',(39.908203125,1.12939453125,8.7));
#4724 = SURFACE_CURVE('',#4725,(#4729,#4736),.PCURVE_S1.);
#4725 = LINE('',#4726,#4727);
#4726 = CARTESIAN_POINT('',(39.908203125,1.12939453125,8.7));
#4727 = VECTOR('',#4728,1.);
#4728 = DIRECTION('',(1.,0.,0.));
#4729 = PCURVE('',#516,#4730);
#4730 = DEFINITIONAL_REPRESENTATION('',(#4731),#4735);
#4731 = LINE('',#4732,#4733);
#4732 = CARTESIAN_POINT('',(0.,0.));
#4733 = VECTOR('',#4734,1.);
#4734 = DIRECTION('',(1.,0.));
#4735 = ( GEOMETRIC_REPRESENTATION_CONTEXT(2) 
PARAMETRIC_REPRESENTATION_CONTEXT() REPRESENTATION_CONTEXT('2D SPACE',''
  ) );
#4736 = PCURVE('',#4369,#4737);
#4737 = DEFINITIONAL_REPRESENTATION('',(#4738),#4742);
#4738 = LINE('',#4739,#4740);
#4739 = CARTESIAN_POINT('',(2.244140625,3.111328125));
#4740 = VECTOR('',#4741,1.);
#4741 = DIRECTION('',(1.,0.));
#4742 = ( GEOMETRIC_REPRESENTATION_CONTEXT(2) 
PARAMETRIC_REPRESENTATION_CONTEXT() REPRESENTATION_CONTEXT('2D SPACE',''
  ) );
#4743 = ORIENTED_EDGE('',*,*,#4744,.T.);
#4744 = EDGE_CURVE('',#4722,#476,#4745,.T.);
#4745 = SURFACE_CURVE('',#4746,(#4750,#4757),.PCURVE_S1.);
#4746 = LINE('',#4747,#4748);
#4747 = CARTESIAN_POINT('',(39.908203125,1.12939453125,8.7));
#4748 = VECTOR('',#4749,1.);
#4749 = DIRECTION('',(0.,0.,1.));
#4750 = PCURVE('',#516,#4751);
#4751 = DEFINITIONAL_REPRESENTATION('',(#4752),#4756);
#4752 = LINE('',#4753,#4754);
#4753 = CARTESIAN_POINT('',(0.,0.));
#4754 = VECTOR('',#4755,1.);
#4755 = DIRECTION('',(0.,-1.));
#4756 = ( GEOMETRIC_REPRESENTATION_CONTEXT(2) 
PARAMETRIC_REPRESENTATION_CONTEXT() REPRESENTATION_CONTEXT('2D SPACE',''
  ) );
#4757 = PCURVE('',#490,#4758);
#4758 = DEFINITIONAL_REPRESENTATION('',(#4759),#4763);
#4759 = LINE('',#4760,#4761);
#4760 = CARTESIAN_POINT('',(0.903189918798,0.));
#4761 = VECTOR('',#4762,1.);
#4762 = DIRECTION('',(0.,-1.));
#4763 = ( GEOMETRIC_REPRESENTATION_CONTEXT(2) 
PARAMETRIC_REPRESENTATION_CONTEXT() REPRESENTATION_CONTEXT('2D SPACE',''
  ) );
#4764 = ORIENTED_EDGE('',*,*,#501,.F.);
#4765 = ORIENTED_EDGE('',*,*,#4695,.F.);
#4766 = ADVANCED_FACE('',(#4767),#490,.F.);
#4767 = FACE_BOUND('',#4768,.F.);
#4768 = EDGE_LOOP('',(#4769,#4792,#4813,#4814));
#4769 = ORIENTED_EDGE('',*,*,#4770,.F.);
#4770 = EDGE_CURVE('',#4771,#4722,#4773,.T.);
#4771 = VERTEX_POINT('',#4772);
#4772 = CARTESIAN_POINT('',(39.3837890625,0.39404296875,8.7));
#4773 = SURFACE_CURVE('',#4774,(#4778,#4785),.PCURVE_S1.);
#4774 = LINE('',#4775,#4776);
#4775 = CARTESIAN_POINT('',(39.3837890625,0.39404296875,8.7));
#4776 = VECTOR('',#4777,1.);
#4777 = DIRECTION('',(0.58062435329,0.814171579194,0.));
#4778 = PCURVE('',#490,#4779);
#4779 = DEFINITIONAL_REPRESENTATION('',(#4780),#4784);
#4780 = LINE('',#4781,#4782);
#4781 = CARTESIAN_POINT('',(0.,0.));
#4782 = VECTOR('',#4783,1.);
#4783 = DIRECTION('',(1.,0.));
#4784 = ( GEOMETRIC_REPRESENTATION_CONTEXT(2) 
PARAMETRIC_REPRESENTATION_CONTEXT() REPRESENTATION_CONTEXT('2D SPACE',''
  ) );
#4785 = PCURVE('',#4369,#4786);
#4786 = DEFINITIONAL_REPRESENTATION('',(#4787),#4791);
#4787 = LINE('',#4788,#4789);
#4788 = CARTESIAN_POINT('',(1.7197265625,2.3759765625));
#4789 = VECTOR('',#4790,1.);
#4790 = DIRECTION('',(0.58062435329,0.814171579194));
#4791 = ( GEOMETRIC_REPRESENTATION_CONTEXT(2) 
PARAMETRIC_REPRESENTATION_CONTEXT() REPRESENTATION_CONTEXT('2D SPACE',''
  ) );
#4792 = ORIENTED_EDGE('',*,*,#4793,.T.);
#4793 = EDGE_CURVE('',#4771,#437,#4794,.T.);
#4794 = SURFACE_CURVE('',#4795,(#4799,#4806),.PCURVE_S1.);
#4795 = LINE('',#4796,#4797);
#4796 = CARTESIAN_POINT('',(39.3837890625,0.39404296875,8.7));
#4797 = VECTOR('',#4798,1.);
#4798 = DIRECTION('',(0.,0.,1.));
#4799 = PCURVE('',#490,#4800);
#4800 = DEFINITIONAL_REPRESENTATION('',(#4801),#4805);
#4801 = LINE('',#4802,#4803);
#4802 = CARTESIAN_POINT('',(0.,0.));
#4803 = VECTOR('',#4804,1.);
#4804 = DIRECTION('',(0.,-1.));
#4805 = ( GEOMETRIC_REPRESENTATION_CONTEXT(2) 
PARAMETRIC_REPRESENTATION_CONTEXT() REPRESENTATION_CONTEXT('2D SPACE',''
  ) );
#4806 = PCURVE('',#458,#4807);
#4807 = DEFINITIONAL_REPRESENTATION('',(#4808),#4812);
#4808 = LINE('',#4809,#4810);
#4809 = CARTESIAN_POINT('',(1.,0.));
#4810 = VECTOR('',#4811,1.);
#4811 = DIRECTION('',(0.,-1.));
#4812 = ( GEOMETRIC_REPRESENTATION_CONTEXT(2) 
PARAMETRIC_REPRESENTATION_CONTEXT() REPRESENTATION_CONTEXT('2D SPACE',''
  ) );
#4813 = ORIENTED_EDGE('',*,*,#475,.F.);
#4814 = ORIENTED_EDGE('',*,*,#4744,.F.);
#4815 = ADVANCED_FACE('',(#4816),#458,.F.);
#4816 = FACE_BOUND('',#4817,.F.);
#4817 = EDGE_LOOP('',(#4818,#4841,#4862,#4863));
#4818 = ORIENTED_EDGE('',*,*,#4819,.F.);
#4819 = EDGE_CURVE('',#4820,#4771,#4822,.T.);
#4820 = VERTEX_POINT('',#4821);
#4821 = CARTESIAN_POINT('',(39.146484375,5.126953125E-02,8.7));
#4822 = SURFACE_CURVE('',#4823,(#4827,#4834),.PCURVE_S1.);
#4823 = B_SPLINE_CURVE_WITH_KNOTS('',2,(#4824,#4825,#4826),
  .UNSPECIFIED.,.F.,.F.,(3,3),(0.,1.),.PIECEWISE_BEZIER_KNOTS.);
#4824 = CARTESIAN_POINT('',(39.146484375,5.126953125E-02,8.7));
#4825 = CARTESIAN_POINT('',(39.275390625,0.24462890625,8.7));
#4826 = CARTESIAN_POINT('',(39.3837890625,0.39404296875,8.7));
#4827 = PCURVE('',#458,#4828);
#4828 = DEFINITIONAL_REPRESENTATION('',(#4829),#4833);
#4829 = LINE('',#4830,#4831);
#4830 = CARTESIAN_POINT('',(0.,0.));
#4831 = VECTOR('',#4832,1.);
#4832 = DIRECTION('',(1.,0.));
#4833 = ( GEOMETRIC_REPRESENTATION_CONTEXT(2) 
PARAMETRIC_REPRESENTATION_CONTEXT() REPRESENTATION_CONTEXT('2D SPACE',''
  ) );
#4834 = PCURVE('',#4369,#4835);
#4835 = DEFINITIONAL_REPRESENTATION('',(#4836),#4840);
#4836 = B_SPLINE_CURVE_WITH_KNOTS('',2,(#4837,#4838,#4839),
  .UNSPECIFIED.,.F.,.F.,(3,3),(0.,1.),.PIECEWISE_BEZIER_KNOTS.);
#4837 = CARTESIAN_POINT('',(1.482421875,2.033203125));
#4838 = CARTESIAN_POINT('',(1.611328125,2.2265625));
#4839 = CARTESIAN_POINT('',(1.7197265625,2.3759765625));
#4840 = ( GEOMETRIC_REPRESENTATION_CONTEXT(2) 
PARAMETRIC_REPRESENTATION_CONTEXT() REPRESENTATION_CONTEXT('2D SPACE',''
  ) );
#4841 = ORIENTED_EDGE('',*,*,#4842,.T.);
#4842 = EDGE_CURVE('',#4820,#398,#4843,.T.);
#4843 = SURFACE_CURVE('',#4844,(#4848,#4855),.PCURVE_S1.);
#4844 = LINE('',#4845,#4846);
#4845 = CARTESIAN_POINT('',(39.146484375,5.126953125E-02,8.7));
#4846 = VECTOR('',#4847,1.);
#4847 = DIRECTION('',(0.,0.,1.));
#4848 = PCURVE('',#458,#4849);
#4849 = DEFINITIONAL_REPRESENTATION('',(#4850),#4854);
#4850 = LINE('',#4851,#4852);
#4851 = CARTESIAN_POINT('',(0.,0.));
#4852 = VECTOR('',#4853,1.);
#4853 = DIRECTION('',(0.,-1.));
#4854 = ( GEOMETRIC_REPRESENTATION_CONTEXT(2) 
PARAMETRIC_REPRESENTATION_CONTEXT() REPRESENTATION_CONTEXT('2D SPACE',''
  ) );
#4855 = PCURVE('',#419,#4856);
#4856 = DEFINITIONAL_REPRESENTATION('',(#4857),#4861);
#4857 = LINE('',#4858,#4859);
#4858 = CARTESIAN_POINT('',(1.,0.));
#4859 = VECTOR('',#4860,1.);
#4860 = DIRECTION('',(0.,-1.));
#4861 = ( GEOMETRIC_REPRESENTATION_CONTEXT(2) 
PARAMETRIC_REPRESENTATION_CONTEXT() REPRESENTATION_CONTEXT('2D SPACE',''
  ) );
#4862 = ORIENTED_EDGE('',*,*,#436,.F.);
#4863 = ORIENTED_EDGE('',*,*,#4793,.F.);
#4864 = ADVANCED_FACE('',(#4865),#419,.F.);
#4865 = FACE_BOUND('',#4866,.F.);
#4866 = EDGE_LOOP('',(#4867,#4890,#4911,#4912));
#4867 = ORIENTED_EDGE('',*,*,#4868,.F.);
#4868 = EDGE_CURVE('',#4869,#4820,#4871,.T.);
#4869 = VERTEX_POINT('',#4870);
#4870 = CARTESIAN_POINT('',(38.9296875,0.39990234375,8.7));
#4871 = SURFACE_CURVE('',#4872,(#4876,#4883),.PCURVE_S1.);
#4872 = B_SPLINE_CURVE_WITH_KNOTS('',2,(#4873,#4874,#4875),
  .UNSPECIFIED.,.F.,.F.,(3,3),(0.,1.),.PIECEWISE_BEZIER_KNOTS.);
#4873 = CARTESIAN_POINT('',(38.9296875,0.39990234375,8.7));
#4874 = CARTESIAN_POINT('',(39.064453125,0.19189453125,8.7));
#4875 = CARTESIAN_POINT('',(39.146484375,5.126953125E-02,8.7));
#4876 = PCURVE('',#419,#4877);
#4877 = DEFINITIONAL_REPRESENTATION('',(#4878),#4882);
#4878 = LINE('',#4879,#4880);
#4879 = CARTESIAN_POINT('',(0.,0.));
#4880 = VECTOR('',#4881,1.);
#4881 = DIRECTION('',(1.,0.));
#4882 = ( GEOMETRIC_REPRESENTATION_CONTEXT(2) 
PARAMETRIC_REPRESENTATION_CONTEXT() REPRESENTATION_CONTEXT('2D SPACE',''
  ) );
#4883 = PCURVE('',#4369,#4884);
#4884 = DEFINITIONAL_REPRESENTATION('',(#4885),#4889);
#4885 = B_SPLINE_CURVE_WITH_KNOTS('',2,(#4886,#4887,#4888),
  .UNSPECIFIED.,.F.,.F.,(3,3),(0.,1.),.PIECEWISE_BEZIER_KNOTS.);
#4886 = CARTESIAN_POINT('',(1.265625,2.3818359375));
#4887 = CARTESIAN_POINT('',(1.400390625,2.173828125));
#4888 = CARTESIAN_POINT('',(1.482421875,2.033203125));
#4889 = ( GEOMETRIC_REPRESENTATION_CONTEXT(2) 
PARAMETRIC_REPRESENTATION_CONTEXT() REPRESENTATION_CONTEXT('2D SPACE',''
  ) );
#4890 = ORIENTED_EDGE('',*,*,#4891,.T.);
#4891 = EDGE_CURVE('',#4869,#372,#4892,.T.);
#4892 = SURFACE_CURVE('',#4893,(#4897,#4904),.PCURVE_S1.);
#4893 = LINE('',#4894,#4895);
#4894 = CARTESIAN_POINT('',(38.9296875,0.39990234375,8.7));
#4895 = VECTOR('',#4896,1.);
#4896 = DIRECTION('',(0.,0.,1.));
#4897 = PCURVE('',#419,#4898);
#4898 = DEFINITIONAL_REPRESENTATION('',(#4899),#4903);
#4899 = LINE('',#4900,#4901);
#4900 = CARTESIAN_POINT('',(0.,0.));
#4901 = VECTOR('',#4902,1.);
#4902 = DIRECTION('',(0.,-1.));
#4903 = ( GEOMETRIC_REPRESENTATION_CONTEXT(2) 
PARAMETRIC_REPRESENTATION_CONTEXT() REPRESENTATION_CONTEXT('2D SPACE',''
  ) );
#4904 = PCURVE('',#386,#4905);
#4905 = DEFINITIONAL_REPRESENTATION('',(#4906),#4910);
#4906 = LINE('',#4907,#4908);
#4907 = CARTESIAN_POINT('',(0.871895869836,0.));
#4908 = VECTOR('',#4909,1.);
#4909 = DIRECTION('',(0.,-1.));
#4910 = ( GEOMETRIC_REPRESENTATION_CONTEXT(2) 
PARAMETRIC_REPRESENTATION_CONTEXT() REPRESENTATION_CONTEXT('2D SPACE',''
  ) );
#4911 = ORIENTED_EDGE('',*,*,#397,.F.);
#4912 = ORIENTED_EDGE('',*,*,#4842,.F.);
#4913 = ADVANCED_FACE('',(#4914),#386,.F.);
#4914 = FACE_BOUND('',#4915,.F.);
#4915 = EDGE_LOOP('',(#4916,#4939,#4960,#4961));
#4916 = ORIENTED_EDGE('',*,*,#4917,.F.);
#4917 = EDGE_CURVE('',#4918,#4869,#4920,.T.);
#4918 = VERTEX_POINT('',#4919);
#4919 = CARTESIAN_POINT('',(38.4521484375,1.12939453125,8.7));
#4920 = SURFACE_CURVE('',#4921,(#4925,#4932),.PCURVE_S1.);
#4921 = LINE('',#4922,#4923);
#4922 = CARTESIAN_POINT('',(38.4521484375,1.12939453125,8.7));
#4923 = VECTOR('',#4924,1.);
#4924 = DIRECTION('',(0.54770194357,-0.836673521159,0.));
#4925 = PCURVE('',#386,#4926);
#4926 = DEFINITIONAL_REPRESENTATION('',(#4927),#4931);
#4927 = LINE('',#4928,#4929);
#4928 = CARTESIAN_POINT('',(0.,0.));
#4929 = VECTOR('',#4930,1.);
#4930 = DIRECTION('',(1.,0.));
#4931 = ( GEOMETRIC_REPRESENTATION_CONTEXT(2) 
PARAMETRIC_REPRESENTATION_CONTEXT() REPRESENTATION_CONTEXT('2D SPACE',''
  ) );
#4932 = PCURVE('',#4369,#4933);
#4933 = DEFINITIONAL_REPRESENTATION('',(#4934),#4938);
#4934 = LINE('',#4935,#4936);
#4935 = CARTESIAN_POINT('',(0.7880859375,3.111328125));
#4936 = VECTOR('',#4937,1.);
#4937 = DIRECTION('',(0.54770194357,-0.836673521159));
#4938 = ( GEOMETRIC_REPRESENTATION_CONTEXT(2) 
PARAMETRIC_REPRESENTATION_CONTEXT() REPRESENTATION_CONTEXT('2D SPACE',''
  ) );
#4939 = ORIENTED_EDGE('',*,*,#4940,.T.);
#4940 = EDGE_CURVE('',#4918,#346,#4941,.T.);
#4941 = SURFACE_CURVE('',#4942,(#4946,#4953),.PCURVE_S1.);
#4942 = LINE('',#4943,#4944);
#4943 = CARTESIAN_POINT('',(38.4521484375,1.12939453125,8.7));
#4944 = VECTOR('',#4945,1.);
#4945 = DIRECTION('',(0.,0.,1.));
#4946 = PCURVE('',#386,#4947);
#4947 = DEFINITIONAL_REPRESENTATION('',(#4948),#4952);
#4948 = LINE('',#4949,#4950);
#4949 = CARTESIAN_POINT('',(0.,0.));
#4950 = VECTOR('',#4951,1.);
#4951 = DIRECTION('',(0.,-1.));
#4952 = ( GEOMETRIC_REPRESENTATION_CONTEXT(2) 
PARAMETRIC_REPRESENTATION_CONTEXT() REPRESENTATION_CONTEXT('2D SPACE',''
  ) );
#4953 = PCURVE('',#360,#4954);
#4954 = DEFINITIONAL_REPRESENTATION('',(#4955),#4959);
#4955 = LINE('',#4956,#4957);
#4956 = CARTESIAN_POINT('',(0.6591796875,0.));
#4957 = VECTOR('',#4958,1.);
#4958 = DIRECTION('',(0.,-1.));
#4959 = ( GEOMETRIC_REPRESENTATION_CONTEXT(2) 
PARAMETRIC_REPRESENTATION_CONTEXT() REPRESENTATION_CONTEXT('2D SPACE',''
  ) );
#4960 = ORIENTED_EDGE('',*,*,#371,.F.);
#4961 = ORIENTED_EDGE('',*,*,#4891,.F.);
#4962 = ADVANCED_FACE('',(#4963),#360,.F.);
#4963 = FACE_BOUND('',#4964,.F.);
#4964 = EDGE_LOOP('',(#4965,#4988,#5009,#5010));
#4965 = ORIENTED_EDGE('',*,*,#4966,.F.);
#4966 = EDGE_CURVE('',#4967,#4918,#4969,.T.);
#4967 = VERTEX_POINT('',#4968);
#4968 = CARTESIAN_POINT('',(37.79296875,1.12939453125,8.7));
#4969 = SURFACE_CURVE('',#4970,(#4974,#4981),.PCURVE_S1.);
#4970 = LINE('',#4971,#4972);
#4971 = CARTESIAN_POINT('',(37.79296875,1.12939453125,8.7));
#4972 = VECTOR('',#4973,1.);
#4973 = DIRECTION('',(1.,0.,0.));
#4974 = PCURVE('',#360,#4975);
#4975 = DEFINITIONAL_REPRESENTATION('',(#4976),#4980);
#4976 = LINE('',#4977,#4978);
#4977 = CARTESIAN_POINT('',(0.,0.));
#4978 = VECTOR('',#4979,1.);
#4979 = DIRECTION('',(1.,0.));
#4980 = ( GEOMETRIC_REPRESENTATION_CONTEXT(2) 
PARAMETRIC_REPRESENTATION_CONTEXT() REPRESENTATION_CONTEXT('2D SPACE',''
  ) );
#4981 = PCURVE('',#4369,#4982);
#4982 = DEFINITIONAL_REPRESENTATION('',(#4983),#4987);
#4983 = LINE('',#4984,#4985);
#4984 = CARTESIAN_POINT('',(0.12890625,3.111328125));
#4985 = VECTOR('',#4986,1.);
#4986 = DIRECTION('',(1.,0.));
#4987 = ( GEOMETRIC_REPRESENTATION_CONTEXT(2) 
PARAMETRIC_REPRESENTATION_CONTEXT() REPRESENTATION_CONTEXT('2D SPACE',''
  ) );
#4988 = ORIENTED_EDGE('',*,*,#4989,.T.);
#4989 = EDGE_CURVE('',#4967,#320,#4990,.T.);
#4990 = SURFACE_CURVE('',#4991,(#4995,#5002),.PCURVE_S1.);
#4991 = LINE('',#4992,#4993);
#4992 = CARTESIAN_POINT('',(37.79296875,1.12939453125,8.7));
#4993 = VECTOR('',#4994,1.);
#4994 = DIRECTION('',(0.,0.,1.));
#4995 = PCURVE('',#360,#4996);
#4996 = DEFINITIONAL_REPRESENTATION('',(#4997),#5001);
#4997 = LINE('',#4998,#4999);
#4998 = CARTESIAN_POINT('',(0.,0.));
#4999 = VECTOR('',#5000,1.);
#5000 = DIRECTION('',(0.,-1.));
#5001 = ( GEOMETRIC_REPRESENTATION_CONTEXT(2) 
PARAMETRIC_REPRESENTATION_CONTEXT() REPRESENTATION_CONTEXT('2D SPACE',''
  ) );
#5002 = PCURVE('',#334,#5003);
#5003 = DEFINITIONAL_REPRESENTATION('',(#5004),#5008);
#5004 = LINE('',#5005,#5006);
#5005 = CARTESIAN_POINT('',(1.827197499842,0.));
#5006 = VECTOR('',#5007,1.);
#5007 = DIRECTION('',(0.,-1.));
#5008 = ( GEOMETRIC_REPRESENTATION_CONTEXT(2) 
PARAMETRIC_REPRESENTATION_CONTEXT() REPRESENTATION_CONTEXT('2D SPACE',''
  ) );
#5009 = ORIENTED_EDGE('',*,*,#345,.F.);
#5010 = ORIENTED_EDGE('',*,*,#4940,.F.);
#5011 = ADVANCED_FACE('',(#5012),#334,.F.);
#5012 = FACE_BOUND('',#5013,.F.);
#5013 = EDGE_LOOP('',(#5014,#5037,#5058,#5059));
#5014 = ORIENTED_EDGE('',*,*,#5015,.F.);
#5015 = EDGE_CURVE('',#5016,#4967,#5018,.T.);
#5016 = VERTEX_POINT('',#5017);
#5017 = CARTESIAN_POINT('',(38.8447265625,-0.36474609375,8.7));
#5018 = SURFACE_CURVE('',#5019,(#5023,#5030),.PCURVE_S1.);
#5019 = LINE('',#5020,#5021);
#5020 = CARTESIAN_POINT('',(38.8447265625,-0.36474609375,8.7));
#5021 = VECTOR('',#5022,1.);
#5022 = DIRECTION('',(-0.575612550143,0.817722564271,0.));
#5023 = PCURVE('',#334,#5024);
#5024 = DEFINITIONAL_REPRESENTATION('',(#5025),#5029);
#5025 = LINE('',#5026,#5027);
#5026 = CARTESIAN_POINT('',(0.,0.));
#5027 = VECTOR('',#5028,1.);
#5028 = DIRECTION('',(1.,0.));
#5029 = ( GEOMETRIC_REPRESENTATION_CONTEXT(2) 
PARAMETRIC_REPRESENTATION_CONTEXT() REPRESENTATION_CONTEXT('2D SPACE',''
  ) );
#5030 = PCURVE('',#4369,#5031);
#5031 = DEFINITIONAL_REPRESENTATION('',(#5032),#5036);
#5032 = LINE('',#5033,#5034);
#5033 = CARTESIAN_POINT('',(1.1806640625,1.6171875));
#5034 = VECTOR('',#5035,1.);
#5035 = DIRECTION('',(-0.575612550143,0.817722564271));
#5036 = ( GEOMETRIC_REPRESENTATION_CONTEXT(2) 
PARAMETRIC_REPRESENTATION_CONTEXT() REPRESENTATION_CONTEXT('2D SPACE',''
  ) );
#5037 = ORIENTED_EDGE('',*,*,#5038,.T.);
#5038 = EDGE_CURVE('',#5016,#294,#5039,.T.);
#5039 = SURFACE_CURVE('',#5040,(#5044,#5051),.PCURVE_S1.);
#5040 = LINE('',#5041,#5042);
#5041 = CARTESIAN_POINT('',(38.8447265625,-0.36474609375,8.7));
#5042 = VECTOR('',#5043,1.);
#5043 = DIRECTION('',(0.,0.,1.));
#5044 = PCURVE('',#334,#5045);
#5045 = DEFINITIONAL_REPRESENTATION('',(#5046),#5050);
#5046 = LINE('',#5047,#5048);
#5047 = CARTESIAN_POINT('',(0.,0.));
#5048 = VECTOR('',#5049,1.);
#5049 = DIRECTION('',(0.,-1.));
#5050 = ( GEOMETRIC_REPRESENTATION_CONTEXT(2) 
PARAMETRIC_REPRESENTATION_CONTEXT() REPRESENTATION_CONTEXT('2D SPACE',''
  ) );
#5051 = PCURVE('',#308,#5052);
#5052 = DEFINITIONAL_REPRESENTATION('',(#5053),#5057);
#5053 = LINE('',#5054,#5055);
#5054 = CARTESIAN_POINT('',(1.976720750829,0.));
#5055 = VECTOR('',#5056,1.);
#5056 = DIRECTION('',(0.,-1.));
#5057 = ( GEOMETRIC_REPRESENTATION_CONTEXT(2) 
PARAMETRIC_REPRESENTATION_CONTEXT() REPRESENTATION_CONTEXT('2D SPACE',''
  ) );
#5058 = ORIENTED_EDGE('',*,*,#319,.F.);
#5059 = ORIENTED_EDGE('',*,*,#4989,.F.);
#5060 = ADVANCED_FACE('',(#5061),#308,.F.);
#5061 = FACE_BOUND('',#5062,.F.);
#5062 = EDGE_LOOP('',(#5063,#5084,#5085,#5086));
#5063 = ORIENTED_EDGE('',*,*,#5064,.F.);
#5064 = EDGE_CURVE('',#4354,#5016,#5065,.T.);
#5065 = SURFACE_CURVE('',#5066,(#5070,#5077),.PCURVE_S1.);
#5066 = LINE('',#5067,#5068);
#5067 = CARTESIAN_POINT('',(37.7080078125,-1.98193359375,8.7));
#5068 = VECTOR('',#5069,1.);
#5069 = DIRECTION('',(0.575052773399,0.818116316795,0.));
#5070 = PCURVE('',#308,#5071);
#5071 = DEFINITIONAL_REPRESENTATION('',(#5072),#5076);
#5072 = LINE('',#5073,#5074);
#5073 = CARTESIAN_POINT('',(0.,0.));
#5074 = VECTOR('',#5075,1.);
#5075 = DIRECTION('',(1.,0.));
#5076 = ( GEOMETRIC_REPRESENTATION_CONTEXT(2) 
PARAMETRIC_REPRESENTATION_CONTEXT() REPRESENTATION_CONTEXT('2D SPACE',''
  ) );
#5077 = PCURVE('',#4369,#5078);
#5078 = DEFINITIONAL_REPRESENTATION('',(#5079),#5083);
#5079 = LINE('',#5080,#5081);
#5080 = CARTESIAN_POINT('',(4.39453125E-02,0.));
#5081 = VECTOR('',#5082,1.);
#5082 = DIRECTION('',(0.575052773399,0.818116316795));
#5083 = ( GEOMETRIC_REPRESENTATION_CONTEXT(2) 
PARAMETRIC_REPRESENTATION_CONTEXT() REPRESENTATION_CONTEXT('2D SPACE',''
  ) );
#5084 = ORIENTED_EDGE('',*,*,#4403,.T.);
#5085 = ORIENTED_EDGE('',*,*,#293,.F.);
#5086 = ORIENTED_EDGE('',*,*,#5038,.F.);
#5087 = ADVANCED_FACE('',(#5088),#700,.F.);
#5088 = FACE_BOUND('',#5089,.F.);
#5089 = EDGE_LOOP('',(#5090,#5120,#5141,#5142));
#5090 = ORIENTED_EDGE('',*,*,#5091,.F.);
#5091 = EDGE_CURVE('',#5092,#5094,#5096,.T.);
#5092 = VERTEX_POINT('',#5093);
#5093 = CARTESIAN_POINT('',(33.5888671875,-1.98193359375,8.7));
#5094 = VERTEX_POINT('',#5095);
#5095 = CARTESIAN_POINT('',(33.0615234375,-1.98193359375,8.7));
#5096 = SURFACE_CURVE('',#5097,(#5101,#5108),.PCURVE_S1.);
#5097 = LINE('',#5098,#5099);
#5098 = CARTESIAN_POINT('',(33.5888671875,-1.98193359375,8.7));
#5099 = VECTOR('',#5100,1.);
#5100 = DIRECTION('',(-1.,0.,0.));
#5101 = PCURVE('',#700,#5102);
#5102 = DEFINITIONAL_REPRESENTATION('',(#5103),#5107);
#5103 = LINE('',#5104,#5105);
#5104 = CARTESIAN_POINT('',(0.,-0.));
#5105 = VECTOR('',#5106,1.);
#5106 = DIRECTION('',(1.,0.));
#5107 = ( GEOMETRIC_REPRESENTATION_CONTEXT(2) 
PARAMETRIC_REPRESENTATION_CONTEXT() REPRESENTATION_CONTEXT('2D SPACE',''
  ) );
#5108 = PCURVE('',#5109,#5114);
#5109 = PLANE('',#5110);
#5110 = AXIS2_PLACEMENT_3D('',#5111,#5112,#5113);
#5111 = CARTESIAN_POINT('',(32.666015625,-1.98193359375,8.7));
#5112 = DIRECTION('',(0.,0.,1.));
#5113 = DIRECTION('',(1.,0.,0.));
#5114 = DEFINITIONAL_REPRESENTATION('',(#5115),#5119);
#5115 = LINE('',#5116,#5117);
#5116 = CARTESIAN_POINT('',(0.9228515625,0.));
#5117 = VECTOR('',#5118,1.);
#5118 = DIRECTION('',(-1.,0.));
#5119 = ( GEOMETRIC_REPRESENTATION_CONTEXT(2) 
PARAMETRIC_REPRESENTATION_CONTEXT() REPRESENTATION_CONTEXT('2D SPACE',''
  ) );
#5120 = ORIENTED_EDGE('',*,*,#5121,.T.);
#5121 = EDGE_CURVE('',#5092,#686,#5122,.T.);
#5122 = SURFACE_CURVE('',#5123,(#5127,#5134),.PCURVE_S1.);
#5123 = LINE('',#5124,#5125);
#5124 = CARTESIAN_POINT('',(33.5888671875,-1.98193359375,8.7));
#5125 = VECTOR('',#5126,1.);
#5126 = DIRECTION('',(0.,0.,1.));
#5127 = PCURVE('',#700,#5128);
#5128 = DEFINITIONAL_REPRESENTATION('',(#5129),#5133);
#5129 = LINE('',#5130,#5131);
#5130 = CARTESIAN_POINT('',(0.,-0.));
#5131 = VECTOR('',#5132,1.);
#5132 = DIRECTION('',(0.,-1.));
#5133 = ( GEOMETRIC_REPRESENTATION_CONTEXT(2) 
PARAMETRIC_REPRESENTATION_CONTEXT() REPRESENTATION_CONTEXT('2D SPACE',''
  ) );
#5134 = PCURVE('',#1813,#5135);
#5135 = DEFINITIONAL_REPRESENTATION('',(#5136),#5140);
#5136 = LINE('',#5137,#5138);
#5137 = CARTESIAN_POINT('',(1.6142578125,0.));
#5138 = VECTOR('',#5139,1.);
#5139 = DIRECTION('',(0.,-1.));
#5140 = ( GEOMETRIC_REPRESENTATION_CONTEXT(2) 
PARAMETRIC_REPRESENTATION_CONTEXT() REPRESENTATION_CONTEXT('2D SPACE',''
  ) );
#5141 = ORIENTED_EDGE('',*,*,#683,.F.);
#5142 = ORIENTED_EDGE('',*,*,#5143,.F.);
#5143 = EDGE_CURVE('',#5094,#684,#5144,.T.);
#5144 = SURFACE_CURVE('',#5145,(#5149,#5156),.PCURVE_S1.);
#5145 = LINE('',#5146,#5147);
#5146 = CARTESIAN_POINT('',(33.0615234375,-1.98193359375,8.7));
#5147 = VECTOR('',#5148,1.);
#5148 = DIRECTION('',(0.,0.,1.));
#5149 = PCURVE('',#700,#5150);
#5150 = DEFINITIONAL_REPRESENTATION('',(#5151),#5155);
#5151 = LINE('',#5152,#5153);
#5152 = CARTESIAN_POINT('',(0.52734375,0.));
#5153 = VECTOR('',#5154,1.);
#5154 = DIRECTION('',(0.,-1.));
#5155 = ( GEOMETRIC_REPRESENTATION_CONTEXT(2) 
PARAMETRIC_REPRESENTATION_CONTEXT() REPRESENTATION_CONTEXT('2D SPACE',''
  ) );
#5156 = PCURVE('',#726,#5157);
#5157 = DEFINITIONAL_REPRESENTATION('',(#5158),#5162);
#5158 = LINE('',#5159,#5160);
#5159 = CARTESIAN_POINT('',(0.,0.));
#5160 = VECTOR('',#5161,1.);
#5161 = DIRECTION('',(0.,-1.));
#5162 = ( GEOMETRIC_REPRESENTATION_CONTEXT(2) 
PARAMETRIC_REPRESENTATION_CONTEXT() REPRESENTATION_CONTEXT('2D SPACE',''
  ) );
#5163 = ADVANCED_FACE('',(#5164),#1813,.F.);
#5164 = FACE_BOUND('',#5165,.F.);
#5165 = EDGE_LOOP('',(#5166,#5189,#5210,#5211));
#5166 = ORIENTED_EDGE('',*,*,#5167,.F.);
#5167 = EDGE_CURVE('',#5168,#5092,#5170,.T.);
#5168 = VERTEX_POINT('',#5169);
#5169 = CARTESIAN_POINT('',(33.5888671875,-0.36767578125,8.7));
#5170 = SURFACE_CURVE('',#5171,(#5175,#5182),.PCURVE_S1.);
#5171 = LINE('',#5172,#5173);
#5172 = CARTESIAN_POINT('',(33.5888671875,-0.36767578125,8.7));
#5173 = VECTOR('',#5174,1.);
#5174 = DIRECTION('',(0.,-1.,0.));
#5175 = PCURVE('',#1813,#5176);
#5176 = DEFINITIONAL_REPRESENTATION('',(#5177),#5181);
#5177 = LINE('',#5178,#5179);
#5178 = CARTESIAN_POINT('',(0.,0.));
#5179 = VECTOR('',#5180,1.);
#5180 = DIRECTION('',(1.,0.));
#5181 = ( GEOMETRIC_REPRESENTATION_CONTEXT(2) 
PARAMETRIC_REPRESENTATION_CONTEXT() REPRESENTATION_CONTEXT('2D SPACE',''
  ) );
#5182 = PCURVE('',#5109,#5183);
#5183 = DEFINITIONAL_REPRESENTATION('',(#5184),#5188);
#5184 = LINE('',#5185,#5186);
#5185 = CARTESIAN_POINT('',(0.9228515625,1.6142578125));
#5186 = VECTOR('',#5187,1.);
#5187 = DIRECTION('',(0.,-1.));
#5188 = ( GEOMETRIC_REPRESENTATION_CONTEXT(2) 
PARAMETRIC_REPRESENTATION_CONTEXT() REPRESENTATION_CONTEXT('2D SPACE',''
  ) );
#5189 = ORIENTED_EDGE('',*,*,#5190,.T.);
#5190 = EDGE_CURVE('',#5168,#1759,#5191,.T.);
#5191 = SURFACE_CURVE('',#5192,(#5196,#5203),.PCURVE_S1.);
#5192 = LINE('',#5193,#5194);
#5193 = CARTESIAN_POINT('',(33.5888671875,-0.36767578125,8.7));
#5194 = VECTOR('',#5195,1.);
#5195 = DIRECTION('',(0.,0.,1.));
#5196 = PCURVE('',#1813,#5197);
#5197 = DEFINITIONAL_REPRESENTATION('',(#5198),#5202);
#5198 = LINE('',#5199,#5200);
#5199 = CARTESIAN_POINT('',(0.,0.));
#5200 = VECTOR('',#5201,1.);
#5201 = DIRECTION('',(0.,-1.));
#5202 = ( GEOMETRIC_REPRESENTATION_CONTEXT(2) 
PARAMETRIC_REPRESENTATION_CONTEXT() REPRESENTATION_CONTEXT('2D SPACE',''
  ) );
#5203 = PCURVE('',#1782,#5204);
#5204 = DEFINITIONAL_REPRESENTATION('',(#5205),#5209);
#5205 = LINE('',#5206,#5207);
#5206 = CARTESIAN_POINT('',(1.,0.));
#5207 = VECTOR('',#5208,1.);
#5208 = DIRECTION('',(0.,-1.));
#5209 = ( GEOMETRIC_REPRESENTATION_CONTEXT(2) 
PARAMETRIC_REPRESENTATION_CONTEXT() REPRESENTATION_CONTEXT('2D SPACE',''
  ) );
#5210 = ORIENTED_EDGE('',*,*,#1800,.F.);
#5211 = ORIENTED_EDGE('',*,*,#5121,.F.);
#5212 = ADVANCED_FACE('',(#5213),#1782,.F.);
#5213 = FACE_BOUND('',#5214,.F.);
#5214 = EDGE_LOOP('',(#5215,#5238,#5259,#5260));
#5215 = ORIENTED_EDGE('',*,*,#5216,.F.);
#5216 = EDGE_CURVE('',#5217,#5168,#5219,.T.);
#5217 = VERTEX_POINT('',#5218);
#5218 = CARTESIAN_POINT('',(33.673828125,0.28271484375,8.7));
#5219 = SURFACE_CURVE('',#5220,(#5224,#5231),.PCURVE_S1.);
#5220 = B_SPLINE_CURVE_WITH_KNOTS('',2,(#5221,#5222,#5223),
  .UNSPECIFIED.,.F.,.F.,(3,3),(0.,1.),.PIECEWISE_BEZIER_KNOTS.);
#5221 = CARTESIAN_POINT('',(33.673828125,0.28271484375,8.7));
#5222 = CARTESIAN_POINT('',(33.5888671875,5.712890625E-02,8.7));
#5223 = CARTESIAN_POINT('',(33.5888671875,-0.36767578125,8.7));
#5224 = PCURVE('',#1782,#5225);
#5225 = DEFINITIONAL_REPRESENTATION('',(#5226),#5230);
#5226 = LINE('',#5227,#5228);
#5227 = CARTESIAN_POINT('',(0.,0.));
#5228 = VECTOR('',#5229,1.);
#5229 = DIRECTION('',(1.,0.));
#5230 = ( GEOMETRIC_REPRESENTATION_CONTEXT(2) 
PARAMETRIC_REPRESENTATION_CONTEXT() REPRESENTATION_CONTEXT('2D SPACE',''
  ) );
#5231 = PCURVE('',#5109,#5232);
#5232 = DEFINITIONAL_REPRESENTATION('',(#5233),#5237);
#5233 = B_SPLINE_CURVE_WITH_KNOTS('',2,(#5234,#5235,#5236),
  .UNSPECIFIED.,.F.,.F.,(3,3),(0.,1.),.PIECEWISE_BEZIER_KNOTS.);
#5234 = CARTESIAN_POINT('',(1.0078125,2.2646484375));
#5235 = CARTESIAN_POINT('',(0.9228515625,2.0390625));
#5236 = CARTESIAN_POINT('',(0.9228515625,1.6142578125));
#5237 = ( GEOMETRIC_REPRESENTATION_CONTEXT(2) 
PARAMETRIC_REPRESENTATION_CONTEXT() REPRESENTATION_CONTEXT('2D SPACE',''
  ) );
#5238 = ORIENTED_EDGE('',*,*,#5239,.T.);
#5239 = EDGE_CURVE('',#5217,#1708,#5240,.T.);
#5240 = SURFACE_CURVE('',#5241,(#5245,#5252),.PCURVE_S1.);
#5241 = LINE('',#5242,#5243);
#5242 = CARTESIAN_POINT('',(33.673828125,0.28271484375,8.7));
#5243 = VECTOR('',#5244,1.);
#5244 = DIRECTION('',(0.,0.,1.));
#5245 = PCURVE('',#1782,#5246);
#5246 = DEFINITIONAL_REPRESENTATION('',(#5247),#5251);
#5247 = LINE('',#5248,#5249);
#5248 = CARTESIAN_POINT('',(0.,0.));
#5249 = VECTOR('',#5250,1.);
#5250 = DIRECTION('',(0.,-1.));
#5251 = ( GEOMETRIC_REPRESENTATION_CONTEXT(2) 
PARAMETRIC_REPRESENTATION_CONTEXT() REPRESENTATION_CONTEXT('2D SPACE',''
  ) );
#5252 = PCURVE('',#1737,#5253);
#5253 = DEFINITIONAL_REPRESENTATION('',(#5254),#5258);
#5254 = LINE('',#5255,#5256);
#5255 = CARTESIAN_POINT('',(1.,0.));
#5256 = VECTOR('',#5257,1.);
#5257 = DIRECTION('',(0.,-1.));
#5258 = ( GEOMETRIC_REPRESENTATION_CONTEXT(2) 
PARAMETRIC_REPRESENTATION_CONTEXT() REPRESENTATION_CONTEXT('2D SPACE',''
  ) );
#5259 = ORIENTED_EDGE('',*,*,#1758,.F.);
#5260 = ORIENTED_EDGE('',*,*,#5190,.F.);
#5261 = ADVANCED_FACE('',(#5262),#1737,.F.);
#5262 = FACE_BOUND('',#5263,.F.);
#5263 = EDGE_LOOP('',(#5264,#5287,#5308,#5309));
#5264 = ORIENTED_EDGE('',*,*,#5265,.F.);
#5265 = EDGE_CURVE('',#5266,#5217,#5268,.T.);
#5266 = VERTEX_POINT('',#5267);
#5267 = CARTESIAN_POINT('',(33.94775390625,0.62548828125,8.7));
#5268 = SURFACE_CURVE('',#5269,(#5273,#5280),.PCURVE_S1.);
#5269 = B_SPLINE_CURVE_WITH_KNOTS('',2,(#5270,#5271,#5272),
  .UNSPECIFIED.,.F.,.F.,(3,3),(0.,1.),.PIECEWISE_BEZIER_KNOTS.);
#5270 = CARTESIAN_POINT('',(33.94775390625,0.62548828125,8.7));
#5271 = CARTESIAN_POINT('',(33.7587890625,0.50830078125,8.7));
#5272 = CARTESIAN_POINT('',(33.673828125,0.28271484375,8.7));
#5273 = PCURVE('',#1737,#5274);
#5274 = DEFINITIONAL_REPRESENTATION('',(#5275),#5279);
#5275 = LINE('',#5276,#5277);
#5276 = CARTESIAN_POINT('',(0.,0.));
#5277 = VECTOR('',#5278,1.);
#5278 = DIRECTION('',(1.,0.));
#5279 = ( GEOMETRIC_REPRESENTATION_CONTEXT(2) 
PARAMETRIC_REPRESENTATION_CONTEXT() REPRESENTATION_CONTEXT('2D SPACE',''
  ) );
#5280 = PCURVE('',#5109,#5281);
#5281 = DEFINITIONAL_REPRESENTATION('',(#5282),#5286);
#5282 = B_SPLINE_CURVE_WITH_KNOTS('',2,(#5283,#5284,#5285),
  .UNSPECIFIED.,.F.,.F.,(3,3),(0.,1.),.PIECEWISE_BEZIER_KNOTS.);
#5283 = CARTESIAN_POINT('',(1.28173828125,2.607421875));
#5284 = CARTESIAN_POINT('',(1.0927734375,2.490234375));
#5285 = CARTESIAN_POINT('',(1.0078125,2.2646484375));
#5286 = ( GEOMETRIC_REPRESENTATION_CONTEXT(2) 
PARAMETRIC_REPRESENTATION_CONTEXT() REPRESENTATION_CONTEXT('2D SPACE',''
  ) );
#5287 = ORIENTED_EDGE('',*,*,#5288,.T.);
#5288 = EDGE_CURVE('',#5266,#1663,#5289,.T.);
#5289 = SURFACE_CURVE('',#5290,(#5294,#5301),.PCURVE_S1.);
#5290 = LINE('',#5291,#5292);
#5291 = CARTESIAN_POINT('',(33.94775390625,0.62548828125,8.7));
#5292 = VECTOR('',#5293,1.);
#5293 = DIRECTION('',(0.,0.,1.));
#5294 = PCURVE('',#1737,#5295);
#5295 = DEFINITIONAL_REPRESENTATION('',(#5296),#5300);
#5296 = LINE('',#5297,#5298);
#5297 = CARTESIAN_POINT('',(0.,0.));
#5298 = VECTOR('',#5299,1.);
#5299 = DIRECTION('',(0.,-1.));
#5300 = ( GEOMETRIC_REPRESENTATION_CONTEXT(2) 
PARAMETRIC_REPRESENTATION_CONTEXT() REPRESENTATION_CONTEXT('2D SPACE',''
  ) );
#5301 = PCURVE('',#1688,#5302);
#5302 = DEFINITIONAL_REPRESENTATION('',(#5303),#5307);
#5303 = LINE('',#5304,#5305);
#5304 = CARTESIAN_POINT('',(1.,0.));
#5305 = VECTOR('',#5306,1.);
#5306 = DIRECTION('',(0.,-1.));
#5307 = ( GEOMETRIC_REPRESENTATION_CONTEXT(2) 
PARAMETRIC_REPRESENTATION_CONTEXT() REPRESENTATION_CONTEXT('2D SPACE',''
  ) );
#5308 = ORIENTED_EDGE('',*,*,#1707,.F.);
#5309 = ORIENTED_EDGE('',*,*,#5239,.F.);
#5310 = ADVANCED_FACE('',(#5311),#1688,.F.);
#5311 = FACE_BOUND('',#5312,.F.);
#5312 = EDGE_LOOP('',(#5313,#5336,#5357,#5358));
#5313 = ORIENTED_EDGE('',*,*,#5314,.F.);
#5314 = EDGE_CURVE('',#5315,#5266,#5317,.T.);
#5315 = VERTEX_POINT('',#5316);
#5316 = CARTESIAN_POINT('',(34.359375,0.74267578125,8.7));
#5317 = SURFACE_CURVE('',#5318,(#5322,#5329),.PCURVE_S1.);
#5318 = B_SPLINE_CURVE_WITH_KNOTS('',2,(#5319,#5320,#5321),
  .UNSPECIFIED.,.F.,.F.,(3,3),(0.,1.),.PIECEWISE_BEZIER_KNOTS.);
#5319 = CARTESIAN_POINT('',(34.359375,0.74267578125,8.7));
#5320 = CARTESIAN_POINT('',(34.13671875,0.74267578125,8.7));
#5321 = CARTESIAN_POINT('',(33.94775390625,0.62548828125,8.7));
#5322 = PCURVE('',#1688,#5323);
#5323 = DEFINITIONAL_REPRESENTATION('',(#5324),#5328);
#5324 = LINE('',#5325,#5326);
#5325 = CARTESIAN_POINT('',(0.,0.));
#5326 = VECTOR('',#5327,1.);
#5327 = DIRECTION('',(1.,0.));
#5328 = ( GEOMETRIC_REPRESENTATION_CONTEXT(2) 
PARAMETRIC_REPRESENTATION_CONTEXT() REPRESENTATION_CONTEXT('2D SPACE',''
  ) );
#5329 = PCURVE('',#5109,#5330);
#5330 = DEFINITIONAL_REPRESENTATION('',(#5331),#5335);
#5331 = B_SPLINE_CURVE_WITH_KNOTS('',2,(#5332,#5333,#5334),
  .UNSPECIFIED.,.F.,.F.,(3,3),(0.,1.),.PIECEWISE_BEZIER_KNOTS.);
#5332 = CARTESIAN_POINT('',(1.693359375,2.724609375));
#5333 = CARTESIAN_POINT('',(1.470703125,2.724609375));
#5334 = CARTESIAN_POINT('',(1.28173828125,2.607421875));
#5335 = ( GEOMETRIC_REPRESENTATION_CONTEXT(2) 
PARAMETRIC_REPRESENTATION_CONTEXT() REPRESENTATION_CONTEXT('2D SPACE',''
  ) );
#5336 = ORIENTED_EDGE('',*,*,#5337,.T.);
#5337 = EDGE_CURVE('',#5315,#1606,#5338,.T.);
#5338 = SURFACE_CURVE('',#5339,(#5343,#5350),.PCURVE_S1.);
#5339 = LINE('',#5340,#5341);
#5340 = CARTESIAN_POINT('',(34.359375,0.74267578125,8.7));
#5341 = VECTOR('',#5342,1.);
#5342 = DIRECTION('',(0.,0.,1.));
#5343 = PCURVE('',#1688,#5344);
#5344 = DEFINITIONAL_REPRESENTATION('',(#5345),#5349);
#5345 = LINE('',#5346,#5347);
#5346 = CARTESIAN_POINT('',(0.,0.));
#5347 = VECTOR('',#5348,1.);
#5348 = DIRECTION('',(0.,-1.));
#5349 = ( GEOMETRIC_REPRESENTATION_CONTEXT(2) 
PARAMETRIC_REPRESENTATION_CONTEXT() REPRESENTATION_CONTEXT('2D SPACE',''
  ) );
#5350 = PCURVE('',#1639,#5351);
#5351 = DEFINITIONAL_REPRESENTATION('',(#5352),#5356);
#5352 = LINE('',#5353,#5354);
#5353 = CARTESIAN_POINT('',(1.,0.));
#5354 = VECTOR('',#5355,1.);
#5355 = DIRECTION('',(0.,-1.));
#5356 = ( GEOMETRIC_REPRESENTATION_CONTEXT(2) 
PARAMETRIC_REPRESENTATION_CONTEXT() REPRESENTATION_CONTEXT('2D SPACE',''
  ) );
#5357 = ORIENTED_EDGE('',*,*,#1662,.F.);
#5358 = ORIENTED_EDGE('',*,*,#5288,.F.);
#5359 = ADVANCED_FACE('',(#5360),#1639,.F.);
#5360 = FACE_BOUND('',#5361,.F.);
#5361 = EDGE_LOOP('',(#5362,#5385,#5406,#5407));
#5362 = ORIENTED_EDGE('',*,*,#5363,.F.);
#5363 = EDGE_CURVE('',#5364,#5315,#5366,.T.);
#5364 = VERTEX_POINT('',#5365);
#5365 = CARTESIAN_POINT('',(34.78125,0.56689453125,8.7));
#5366 = SURFACE_CURVE('',#5367,(#5371,#5378),.PCURVE_S1.);
#5367 = B_SPLINE_CURVE_WITH_KNOTS('',2,(#5368,#5369,#5370),
  .UNSPECIFIED.,.F.,.F.,(3,3),(0.,1.),.PIECEWISE_BEZIER_KNOTS.);
#5368 = CARTESIAN_POINT('',(34.78125,0.56689453125,8.7));
#5369 = CARTESIAN_POINT('',(34.65234375,0.74267578125,8.7));
#5370 = CARTESIAN_POINT('',(34.359375,0.74267578125,8.7));
#5371 = PCURVE('',#1639,#5372);
#5372 = DEFINITIONAL_REPRESENTATION('',(#5373),#5377);
#5373 = LINE('',#5374,#5375);
#5374 = CARTESIAN_POINT('',(0.,0.));
#5375 = VECTOR('',#5376,1.);
#5376 = DIRECTION('',(1.,0.));
#5377 = ( GEOMETRIC_REPRESENTATION_CONTEXT(2) 
PARAMETRIC_REPRESENTATION_CONTEXT() REPRESENTATION_CONTEXT('2D SPACE',''
  ) );
#5378 = PCURVE('',#5109,#5379);
#5379 = DEFINITIONAL_REPRESENTATION('',(#5380),#5384);
#5380 = B_SPLINE_CURVE_WITH_KNOTS('',2,(#5381,#5382,#5383),
  .UNSPECIFIED.,.F.,.F.,(3,3),(0.,1.),.PIECEWISE_BEZIER_KNOTS.);
#5381 = CARTESIAN_POINT('',(2.115234375,2.548828125));
#5382 = CARTESIAN_POINT('',(1.986328125,2.724609375));
#5383 = CARTESIAN_POINT('',(1.693359375,2.724609375));
#5384 = ( GEOMETRIC_REPRESENTATION_CONTEXT(2) 
PARAMETRIC_REPRESENTATION_CONTEXT() REPRESENTATION_CONTEXT('2D SPACE',''
  ) );
#5385 = ORIENTED_EDGE('',*,*,#5386,.T.);
#5386 = EDGE_CURVE('',#5364,#1564,#5387,.T.);
#5387 = SURFACE_CURVE('',#5388,(#5392,#5399),.PCURVE_S1.);
#5388 = LINE('',#5389,#5390);
#5389 = CARTESIAN_POINT('',(34.78125,0.56689453125,8.7));
#5390 = VECTOR('',#5391,1.);
#5391 = DIRECTION('',(0.,0.,1.));
#5392 = PCURVE('',#1639,#5393);
#5393 = DEFINITIONAL_REPRESENTATION('',(#5394),#5398);
#5394 = LINE('',#5395,#5396);
#5395 = CARTESIAN_POINT('',(0.,0.));
#5396 = VECTOR('',#5397,1.);
#5397 = DIRECTION('',(0.,-1.));
#5398 = ( GEOMETRIC_REPRESENTATION_CONTEXT(2) 
PARAMETRIC_REPRESENTATION_CONTEXT() REPRESENTATION_CONTEXT('2D SPACE',''
  ) );
#5399 = PCURVE('',#1587,#5400);
#5400 = DEFINITIONAL_REPRESENTATION('',(#5401),#5405);
#5401 = LINE('',#5402,#5403);
#5402 = CARTESIAN_POINT('',(1.,0.));
#5403 = VECTOR('',#5404,1.);
#5404 = DIRECTION('',(0.,-1.));
#5405 = ( GEOMETRIC_REPRESENTATION_CONTEXT(2) 
PARAMETRIC_REPRESENTATION_CONTEXT() REPRESENTATION_CONTEXT('2D SPACE',''
  ) );
#5406 = ORIENTED_EDGE('',*,*,#1605,.F.);
#5407 = ORIENTED_EDGE('',*,*,#5337,.F.);
#5408 = ADVANCED_FACE('',(#5409),#1587,.F.);
#5409 = FACE_BOUND('',#5410,.F.);
#5410 = EDGE_LOOP('',(#5411,#5434,#5455,#5456));
#5411 = ORIENTED_EDGE('',*,*,#5412,.F.);
#5412 = EDGE_CURVE('',#5413,#5364,#5415,.T.);
#5413 = VERTEX_POINT('',#5414);
#5414 = CARTESIAN_POINT('',(34.91015625,3.955078125E-02,8.7));
#5415 = SURFACE_CURVE('',#5416,(#5420,#5427),.PCURVE_S1.);
#5416 = B_SPLINE_CURVE_WITH_KNOTS('',2,(#5417,#5418,#5419),
  .UNSPECIFIED.,.F.,.F.,(3,3),(0.,1.),.PIECEWISE_BEZIER_KNOTS.);
#5417 = CARTESIAN_POINT('',(34.91015625,3.955078125E-02,8.7));
#5418 = CARTESIAN_POINT('',(34.91015625,0.39111328125,8.7));
#5419 = CARTESIAN_POINT('',(34.78125,0.56689453125,8.7));
#5420 = PCURVE('',#1587,#5421);
#5421 = DEFINITIONAL_REPRESENTATION('',(#5422),#5426);
#5422 = LINE('',#5423,#5424);
#5423 = CARTESIAN_POINT('',(0.,0.));
#5424 = VECTOR('',#5425,1.);
#5425 = DIRECTION('',(1.,0.));
#5426 = ( GEOMETRIC_REPRESENTATION_CONTEXT(2) 
PARAMETRIC_REPRESENTATION_CONTEXT() REPRESENTATION_CONTEXT('2D SPACE',''
  ) );
#5427 = PCURVE('',#5109,#5428);
#5428 = DEFINITIONAL_REPRESENTATION('',(#5429),#5433);
#5429 = B_SPLINE_CURVE_WITH_KNOTS('',2,(#5430,#5431,#5432),
  .UNSPECIFIED.,.F.,.F.,(3,3),(0.,1.),.PIECEWISE_BEZIER_KNOTS.);
#5430 = CARTESIAN_POINT('',(2.244140625,2.021484375));
#5431 = CARTESIAN_POINT('',(2.244140625,2.373046875));
#5432 = CARTESIAN_POINT('',(2.115234375,2.548828125));
#5433 = ( GEOMETRIC_REPRESENTATION_CONTEXT(2) 
PARAMETRIC_REPRESENTATION_CONTEXT() REPRESENTATION_CONTEXT('2D SPACE',''
  ) );
#5434 = ORIENTED_EDGE('',*,*,#5435,.T.);
#5435 = EDGE_CURVE('',#5413,#1538,#5436,.T.);
#5436 = SURFACE_CURVE('',#5437,(#5441,#5448),.PCURVE_S1.);
#5437 = LINE('',#5438,#5439);
#5438 = CARTESIAN_POINT('',(34.91015625,3.955078125E-02,8.7));
#5439 = VECTOR('',#5440,1.);
#5440 = DIRECTION('',(0.,0.,1.));
#5441 = PCURVE('',#1587,#5442);
#5442 = DEFINITIONAL_REPRESENTATION('',(#5443),#5447);
#5443 = LINE('',#5444,#5445);
#5444 = CARTESIAN_POINT('',(0.,0.));
#5445 = VECTOR('',#5446,1.);
#5446 = DIRECTION('',(0.,-1.));
#5447 = ( GEOMETRIC_REPRESENTATION_CONTEXT(2) 
PARAMETRIC_REPRESENTATION_CONTEXT() REPRESENTATION_CONTEXT('2D SPACE',''
  ) );
#5448 = PCURVE('',#1552,#5449);
#5449 = DEFINITIONAL_REPRESENTATION('',(#5450),#5454);
#5450 = LINE('',#5451,#5452);
#5451 = CARTESIAN_POINT('',(2.021484375,0.));
#5452 = VECTOR('',#5453,1.);
#5453 = DIRECTION('',(0.,-1.));
#5454 = ( GEOMETRIC_REPRESENTATION_CONTEXT(2) 
PARAMETRIC_REPRESENTATION_CONTEXT() REPRESENTATION_CONTEXT('2D SPACE',''
  ) );
#5455 = ORIENTED_EDGE('',*,*,#1563,.F.);
#5456 = ORIENTED_EDGE('',*,*,#5386,.F.);
#5457 = ADVANCED_FACE('',(#5458),#1552,.F.);
#5458 = FACE_BOUND('',#5459,.F.);
#5459 = EDGE_LOOP('',(#5460,#5483,#5504,#5505));
#5460 = ORIENTED_EDGE('',*,*,#5461,.F.);
#5461 = EDGE_CURVE('',#5462,#5413,#5464,.T.);
#5462 = VERTEX_POINT('',#5463);
#5463 = CARTESIAN_POINT('',(34.91015625,-1.98193359375,8.7));
#5464 = SURFACE_CURVE('',#5465,(#5469,#5476),.PCURVE_S1.);
#5465 = LINE('',#5466,#5467);
#5466 = CARTESIAN_POINT('',(34.91015625,-1.98193359375,8.7));
#5467 = VECTOR('',#5468,1.);
#5468 = DIRECTION('',(0.,1.,0.));
#5469 = PCURVE('',#1552,#5470);
#5470 = DEFINITIONAL_REPRESENTATION('',(#5471),#5475);
#5471 = LINE('',#5472,#5473);
#5472 = CARTESIAN_POINT('',(0.,0.));
#5473 = VECTOR('',#5474,1.);
#5474 = DIRECTION('',(1.,0.));
#5475 = ( GEOMETRIC_REPRESENTATION_CONTEXT(2) 
PARAMETRIC_REPRESENTATION_CONTEXT() REPRESENTATION_CONTEXT('2D SPACE',''
  ) );
#5476 = PCURVE('',#5109,#5477);
#5477 = DEFINITIONAL_REPRESENTATION('',(#5478),#5482);
#5478 = LINE('',#5479,#5480);
#5479 = CARTESIAN_POINT('',(2.244140625,0.));
#5480 = VECTOR('',#5481,1.);
#5481 = DIRECTION('',(0.,1.));
#5482 = ( GEOMETRIC_REPRESENTATION_CONTEXT(2) 
PARAMETRIC_REPRESENTATION_CONTEXT() REPRESENTATION_CONTEXT('2D SPACE',''
  ) );
#5483 = ORIENTED_EDGE('',*,*,#5484,.T.);
#5484 = EDGE_CURVE('',#5462,#1512,#5485,.T.);
#5485 = SURFACE_CURVE('',#5486,(#5490,#5497),.PCURVE_S1.);
#5486 = LINE('',#5487,#5488);
#5487 = CARTESIAN_POINT('',(34.91015625,-1.98193359375,8.7));
#5488 = VECTOR('',#5489,1.);
#5489 = DIRECTION('',(0.,0.,1.));
#5490 = PCURVE('',#1552,#5491);
#5491 = DEFINITIONAL_REPRESENTATION('',(#5492),#5496);
#5492 = LINE('',#5493,#5494);
#5493 = CARTESIAN_POINT('',(0.,0.));
#5494 = VECTOR('',#5495,1.);
#5495 = DIRECTION('',(0.,-1.));
#5496 = ( GEOMETRIC_REPRESENTATION_CONTEXT(2) 
PARAMETRIC_REPRESENTATION_CONTEXT() REPRESENTATION_CONTEXT('2D SPACE',''
  ) );
#5497 = PCURVE('',#1526,#5498);
#5498 = DEFINITIONAL_REPRESENTATION('',(#5499),#5503);
#5499 = LINE('',#5500,#5501);
#5500 = CARTESIAN_POINT('',(0.52734375,0.));
#5501 = VECTOR('',#5502,1.);
#5502 = DIRECTION('',(0.,-1.));
#5503 = ( GEOMETRIC_REPRESENTATION_CONTEXT(2) 
PARAMETRIC_REPRESENTATION_CONTEXT() REPRESENTATION_CONTEXT('2D SPACE',''
  ) );
#5504 = ORIENTED_EDGE('',*,*,#1537,.F.);
#5505 = ORIENTED_EDGE('',*,*,#5435,.F.);
#5506 = ADVANCED_FACE('',(#5507),#1526,.F.);
#5507 = FACE_BOUND('',#5508,.F.);
#5508 = EDGE_LOOP('',(#5509,#5532,#5553,#5554));
#5509 = ORIENTED_EDGE('',*,*,#5510,.F.);
#5510 = EDGE_CURVE('',#5511,#5462,#5513,.T.);
#5511 = VERTEX_POINT('',#5512);
#5512 = CARTESIAN_POINT('',(35.4375,-1.98193359375,8.7));
#5513 = SURFACE_CURVE('',#5514,(#5518,#5525),.PCURVE_S1.);
#5514 = LINE('',#5515,#5516);
#5515 = CARTESIAN_POINT('',(35.4375,-1.98193359375,8.7));
#5516 = VECTOR('',#5517,1.);
#5517 = DIRECTION('',(-1.,0.,0.));
#5518 = PCURVE('',#1526,#5519);
#5519 = DEFINITIONAL_REPRESENTATION('',(#5520),#5524);
#5520 = LINE('',#5521,#5522);
#5521 = CARTESIAN_POINT('',(0.,-0.));
#5522 = VECTOR('',#5523,1.);
#5523 = DIRECTION('',(1.,0.));
#5524 = ( GEOMETRIC_REPRESENTATION_CONTEXT(2) 
PARAMETRIC_REPRESENTATION_CONTEXT() REPRESENTATION_CONTEXT('2D SPACE',''
  ) );
#5525 = PCURVE('',#5109,#5526);
#5526 = DEFINITIONAL_REPRESENTATION('',(#5527),#5531);
#5527 = LINE('',#5528,#5529);
#5528 = CARTESIAN_POINT('',(2.771484375,0.));
#5529 = VECTOR('',#5530,1.);
#5530 = DIRECTION('',(-1.,0.));
#5531 = ( GEOMETRIC_REPRESENTATION_CONTEXT(2) 
PARAMETRIC_REPRESENTATION_CONTEXT() REPRESENTATION_CONTEXT('2D SPACE',''
  ) );
#5532 = ORIENTED_EDGE('',*,*,#5533,.T.);
#5533 = EDGE_CURVE('',#5511,#1486,#5534,.T.);
#5534 = SURFACE_CURVE('',#5535,(#5539,#5546),.PCURVE_S1.);
#5535 = LINE('',#5536,#5537);
#5536 = CARTESIAN_POINT('',(35.4375,-1.98193359375,8.7));
#5537 = VECTOR('',#5538,1.);
#5538 = DIRECTION('',(0.,0.,1.));
#5539 = PCURVE('',#1526,#5540);
#5540 = DEFINITIONAL_REPRESENTATION('',(#5541),#5545);
#5541 = LINE('',#5542,#5543);
#5542 = CARTESIAN_POINT('',(0.,-0.));
#5543 = VECTOR('',#5544,1.);
#5544 = DIRECTION('',(0.,-1.));
#5545 = ( GEOMETRIC_REPRESENTATION_CONTEXT(2) 
PARAMETRIC_REPRESENTATION_CONTEXT() REPRESENTATION_CONTEXT('2D SPACE',''
  ) );
#5546 = PCURVE('',#1500,#5547);
#5547 = DEFINITIONAL_REPRESENTATION('',(#5548),#5552);
#5548 = LINE('',#5549,#5550);
#5549 = CARTESIAN_POINT('',(1.8076171875,0.));
#5550 = VECTOR('',#5551,1.);
#5551 = DIRECTION('',(0.,-1.));
#5552 = ( GEOMETRIC_REPRESENTATION_CONTEXT(2) 
PARAMETRIC_REPRESENTATION_CONTEXT() REPRESENTATION_CONTEXT('2D SPACE',''
  ) );
#5553 = ORIENTED_EDGE('',*,*,#1511,.F.);
#5554 = ORIENTED_EDGE('',*,*,#5484,.F.);
#5555 = ADVANCED_FACE('',(#5556),#1500,.F.);
#5556 = FACE_BOUND('',#5557,.F.);
#5557 = EDGE_LOOP('',(#5558,#5581,#5602,#5603));
#5558 = ORIENTED_EDGE('',*,*,#5559,.F.);
#5559 = EDGE_CURVE('',#5560,#5511,#5562,.T.);
#5560 = VERTEX_POINT('',#5561);
#5561 = CARTESIAN_POINT('',(35.4375,-0.17431640625,8.7));
#5562 = SURFACE_CURVE('',#5563,(#5567,#5574),.PCURVE_S1.);
#5563 = LINE('',#5564,#5565);
#5564 = CARTESIAN_POINT('',(35.4375,-0.17431640625,8.7));
#5565 = VECTOR('',#5566,1.);
#5566 = DIRECTION('',(0.,-1.,0.));
#5567 = PCURVE('',#1500,#5568);
#5568 = DEFINITIONAL_REPRESENTATION('',(#5569),#5573);
#5569 = LINE('',#5570,#5571);
#5570 = CARTESIAN_POINT('',(0.,0.));
#5571 = VECTOR('',#5572,1.);
#5572 = DIRECTION('',(1.,0.));
#5573 = ( GEOMETRIC_REPRESENTATION_CONTEXT(2) 
PARAMETRIC_REPRESENTATION_CONTEXT() REPRESENTATION_CONTEXT('2D SPACE',''
  ) );
#5574 = PCURVE('',#5109,#5575);
#5575 = DEFINITIONAL_REPRESENTATION('',(#5576),#5580);
#5576 = LINE('',#5577,#5578);
#5577 = CARTESIAN_POINT('',(2.771484375,1.8076171875));
#5578 = VECTOR('',#5579,1.);
#5579 = DIRECTION('',(0.,-1.));
#5580 = ( GEOMETRIC_REPRESENTATION_CONTEXT(2) 
PARAMETRIC_REPRESENTATION_CONTEXT() REPRESENTATION_CONTEXT('2D SPACE',''
  ) );
#5581 = ORIENTED_EDGE('',*,*,#5582,.T.);
#5582 = EDGE_CURVE('',#5560,#1429,#5583,.T.);
#5583 = SURFACE_CURVE('',#5584,(#5588,#5595),.PCURVE_S1.);
#5584 = LINE('',#5585,#5586);
#5585 = CARTESIAN_POINT('',(35.4375,-0.17431640625,8.7));
#5586 = VECTOR('',#5587,1.);
#5587 = DIRECTION('',(0.,0.,1.));
#5588 = PCURVE('',#1500,#5589);
#5589 = DEFINITIONAL_REPRESENTATION('',(#5590),#5594);
#5590 = LINE('',#5591,#5592);
#5591 = CARTESIAN_POINT('',(0.,0.));
#5592 = VECTOR('',#5593,1.);
#5593 = DIRECTION('',(0.,-1.));
#5594 = ( GEOMETRIC_REPRESENTATION_CONTEXT(2) 
PARAMETRIC_REPRESENTATION_CONTEXT() REPRESENTATION_CONTEXT('2D SPACE',''
  ) );
#5595 = PCURVE('',#1462,#5596);
#5596 = DEFINITIONAL_REPRESENTATION('',(#5597),#5601);
#5597 = LINE('',#5598,#5599);
#5598 = CARTESIAN_POINT('',(1.,0.));
#5599 = VECTOR('',#5600,1.);
#5600 = DIRECTION('',(0.,-1.));
#5601 = ( GEOMETRIC_REPRESENTATION_CONTEXT(2) 
PARAMETRIC_REPRESENTATION_CONTEXT() REPRESENTATION_CONTEXT('2D SPACE',''
  ) );
#5602 = ORIENTED_EDGE('',*,*,#1485,.F.);
#5603 = ORIENTED_EDGE('',*,*,#5533,.F.);
#5604 = ADVANCED_FACE('',(#5605),#1462,.F.);
#5605 = FACE_BOUND('',#5606,.F.);
#5606 = EDGE_LOOP('',(#5607,#5630,#5651,#5652));
#5607 = ORIENTED_EDGE('',*,*,#5608,.F.);
#5608 = EDGE_CURVE('',#5609,#5560,#5611,.T.);
#5609 = VERTEX_POINT('',#5610);
#5610 = CARTESIAN_POINT('',(35.654296875,0.5244140625,8.7));
#5611 = SURFACE_CURVE('',#5612,(#5616,#5623),.PCURVE_S1.);
#5612 = B_SPLINE_CURVE_WITH_KNOTS('',2,(#5613,#5614,#5615),
  .UNSPECIFIED.,.F.,.F.,(3,3),(0.,1.),.PIECEWISE_BEZIER_KNOTS.);
#5613 = CARTESIAN_POINT('',(35.654296875,0.5244140625,8.7));
#5614 = CARTESIAN_POINT('',(35.4375,0.30615234375,8.7));
#5615 = CARTESIAN_POINT('',(35.4375,-0.17431640625,8.7));
#5616 = PCURVE('',#1462,#5617);
#5617 = DEFINITIONAL_REPRESENTATION('',(#5618),#5622);
#5618 = LINE('',#5619,#5620);
#5619 = CARTESIAN_POINT('',(0.,0.));
#5620 = VECTOR('',#5621,1.);
#5621 = DIRECTION('',(1.,0.));
#5622 = ( GEOMETRIC_REPRESENTATION_CONTEXT(2) 
PARAMETRIC_REPRESENTATION_CONTEXT() REPRESENTATION_CONTEXT('2D SPACE',''
  ) );
#5623 = PCURVE('',#5109,#5624);
#5624 = DEFINITIONAL_REPRESENTATION('',(#5625),#5629);
#5625 = B_SPLINE_CURVE_WITH_KNOTS('',2,(#5626,#5627,#5628),
  .UNSPECIFIED.,.F.,.F.,(3,3),(0.,1.),.PIECEWISE_BEZIER_KNOTS.);
#5626 = CARTESIAN_POINT('',(2.98828125,2.50634765625));
#5627 = CARTESIAN_POINT('',(2.771484375,2.2880859375));
#5628 = CARTESIAN_POINT('',(2.771484375,1.8076171875));
#5629 = ( GEOMETRIC_REPRESENTATION_CONTEXT(2) 
PARAMETRIC_REPRESENTATION_CONTEXT() REPRESENTATION_CONTEXT('2D SPACE',''
  ) );
#5630 = ORIENTED_EDGE('',*,*,#5631,.T.);
#5631 = EDGE_CURVE('',#5609,#1378,#5632,.T.);
#5632 = SURFACE_CURVE('',#5633,(#5637,#5644),.PCURVE_S1.);
#5633 = LINE('',#5634,#5635);
#5634 = CARTESIAN_POINT('',(35.654296875,0.5244140625,8.7));
#5635 = VECTOR('',#5636,1.);
#5636 = DIRECTION('',(0.,0.,1.));
#5637 = PCURVE('',#1462,#5638);
#5638 = DEFINITIONAL_REPRESENTATION('',(#5639),#5643);
#5639 = LINE('',#5640,#5641);
#5640 = CARTESIAN_POINT('',(0.,0.));
#5641 = VECTOR('',#5642,1.);
#5642 = DIRECTION('',(0.,-1.));
#5643 = ( GEOMETRIC_REPRESENTATION_CONTEXT(2) 
PARAMETRIC_REPRESENTATION_CONTEXT() REPRESENTATION_CONTEXT('2D SPACE',''
  ) );
#5644 = PCURVE('',#1407,#5645);
#5645 = DEFINITIONAL_REPRESENTATION('',(#5646),#5650);
#5646 = LINE('',#5647,#5648);
#5647 = CARTESIAN_POINT('',(1.,0.));
#5648 = VECTOR('',#5649,1.);
#5649 = DIRECTION('',(0.,-1.));
#5650 = ( GEOMETRIC_REPRESENTATION_CONTEXT(2) 
PARAMETRIC_REPRESENTATION_CONTEXT() REPRESENTATION_CONTEXT('2D SPACE',''
  ) );
#5651 = ORIENTED_EDGE('',*,*,#1428,.F.);
#5652 = ORIENTED_EDGE('',*,*,#5582,.F.);
#5653 = ADVANCED_FACE('',(#5654),#1407,.F.);
#5654 = FACE_BOUND('',#5655,.F.);
#5655 = EDGE_LOOP('',(#5656,#5679,#5700,#5701));
#5656 = ORIENTED_EDGE('',*,*,#5657,.F.);
#5657 = EDGE_CURVE('',#5658,#5609,#5660,.T.);
#5658 = VERTEX_POINT('',#5659);
#5659 = CARTESIAN_POINT('',(36.19921875,0.74267578125,8.7));
#5660 = SURFACE_CURVE('',#5661,(#5665,#5672),.PCURVE_S1.);
#5661 = B_SPLINE_CURVE_WITH_KNOTS('',2,(#5662,#5663,#5664),
  .UNSPECIFIED.,.F.,.F.,(3,3),(0.,1.),.PIECEWISE_BEZIER_KNOTS.);
#5662 = CARTESIAN_POINT('',(36.19921875,0.74267578125,8.7));
#5663 = CARTESIAN_POINT('',(35.87109375,0.74267578125,8.7));
#5664 = CARTESIAN_POINT('',(35.654296875,0.5244140625,8.7));
#5665 = PCURVE('',#1407,#5666);
#5666 = DEFINITIONAL_REPRESENTATION('',(#5667),#5671);
#5667 = LINE('',#5668,#5669);
#5668 = CARTESIAN_POINT('',(0.,0.));
#5669 = VECTOR('',#5670,1.);
#5670 = DIRECTION('',(1.,0.));
#5671 = ( GEOMETRIC_REPRESENTATION_CONTEXT(2) 
PARAMETRIC_REPRESENTATION_CONTEXT() REPRESENTATION_CONTEXT('2D SPACE',''
  ) );
#5672 = PCURVE('',#5109,#5673);
#5673 = DEFINITIONAL_REPRESENTATION('',(#5674),#5678);
#5674 = B_SPLINE_CURVE_WITH_KNOTS('',2,(#5675,#5676,#5677),
  .UNSPECIFIED.,.F.,.F.,(3,3),(0.,1.),.PIECEWISE_BEZIER_KNOTS.);
#5675 = CARTESIAN_POINT('',(3.533203125,2.724609375));
#5676 = CARTESIAN_POINT('',(3.205078125,2.724609375));
#5677 = CARTESIAN_POINT('',(2.98828125,2.50634765625));
#5678 = ( GEOMETRIC_REPRESENTATION_CONTEXT(2) 
PARAMETRIC_REPRESENTATION_CONTEXT() REPRESENTATION_CONTEXT('2D SPACE',''
  ) );
#5679 = ORIENTED_EDGE('',*,*,#5680,.T.);
#5680 = EDGE_CURVE('',#5658,#1327,#5681,.T.);
#5681 = SURFACE_CURVE('',#5682,(#5686,#5693),.PCURVE_S1.);
#5682 = LINE('',#5683,#5684);
#5683 = CARTESIAN_POINT('',(36.19921875,0.74267578125,8.7));
#5684 = VECTOR('',#5685,1.);
#5685 = DIRECTION('',(0.,0.,1.));
#5686 = PCURVE('',#1407,#5687);
#5687 = DEFINITIONAL_REPRESENTATION('',(#5688),#5692);
#5688 = LINE('',#5689,#5690);
#5689 = CARTESIAN_POINT('',(0.,0.));
#5690 = VECTOR('',#5691,1.);
#5691 = DIRECTION('',(0.,-1.));
#5692 = ( GEOMETRIC_REPRESENTATION_CONTEXT(2) 
PARAMETRIC_REPRESENTATION_CONTEXT() REPRESENTATION_CONTEXT('2D SPACE',''
  ) );
#5693 = PCURVE('',#1356,#5694);
#5694 = DEFINITIONAL_REPRESENTATION('',(#5695),#5699);
#5695 = LINE('',#5696,#5697);
#5696 = CARTESIAN_POINT('',(1.,0.));
#5697 = VECTOR('',#5698,1.);
#5698 = DIRECTION('',(0.,-1.));
#5699 = ( GEOMETRIC_REPRESENTATION_CONTEXT(2) 
PARAMETRIC_REPRESENTATION_CONTEXT() REPRESENTATION_CONTEXT('2D SPACE',''
  ) );
#5700 = ORIENTED_EDGE('',*,*,#1377,.F.);
#5701 = ORIENTED_EDGE('',*,*,#5631,.F.);
#5702 = ADVANCED_FACE('',(#5703),#1356,.F.);
#5703 = FACE_BOUND('',#5704,.F.);
#5704 = EDGE_LOOP('',(#5705,#5728,#5749,#5750));
#5705 = ORIENTED_EDGE('',*,*,#5706,.F.);
#5706 = EDGE_CURVE('',#5707,#5658,#5709,.T.);
#5707 = VERTEX_POINT('',#5708);
#5708 = CARTESIAN_POINT('',(36.515625,0.65771484375,8.7));
#5709 = SURFACE_CURVE('',#5710,(#5714,#5721),.PCURVE_S1.);
#5710 = B_SPLINE_CURVE_WITH_KNOTS('',2,(#5711,#5712,#5713),
  .UNSPECIFIED.,.F.,.F.,(3,3),(0.,1.),.PIECEWISE_BEZIER_KNOTS.);
#5711 = CARTESIAN_POINT('',(36.515625,0.65771484375,8.7));
#5712 = CARTESIAN_POINT('',(36.380859375,0.74267578125,8.7));
#5713 = CARTESIAN_POINT('',(36.19921875,0.74267578125,8.7));
#5714 = PCURVE('',#1356,#5715);
#5715 = DEFINITIONAL_REPRESENTATION('',(#5716),#5720);
#5716 = LINE('',#5717,#5718);
#5717 = CARTESIAN_POINT('',(0.,0.));
#5718 = VECTOR('',#5719,1.);
#5719 = DIRECTION('',(1.,0.));
#5720 = ( GEOMETRIC_REPRESENTATION_CONTEXT(2) 
PARAMETRIC_REPRESENTATION_CONTEXT() REPRESENTATION_CONTEXT('2D SPACE',''
  ) );
#5721 = PCURVE('',#5109,#5722);
#5722 = DEFINITIONAL_REPRESENTATION('',(#5723),#5727);
#5723 = B_SPLINE_CURVE_WITH_KNOTS('',2,(#5724,#5725,#5726),
  .UNSPECIFIED.,.F.,.F.,(3,3),(0.,1.),.PIECEWISE_BEZIER_KNOTS.);
#5724 = CARTESIAN_POINT('',(3.849609375,2.6396484375));
#5725 = CARTESIAN_POINT('',(3.71484375,2.724609375));
#5726 = CARTESIAN_POINT('',(3.533203125,2.724609375));
#5727 = ( GEOMETRIC_REPRESENTATION_CONTEXT(2) 
PARAMETRIC_REPRESENTATION_CONTEXT() REPRESENTATION_CONTEXT('2D SPACE',''
  ) );
#5728 = ORIENTED_EDGE('',*,*,#5729,.T.);
#5729 = EDGE_CURVE('',#5707,#1282,#5730,.T.);
#5730 = SURFACE_CURVE('',#5731,(#5735,#5742),.PCURVE_S1.);
#5731 = LINE('',#5732,#5733);
#5732 = CARTESIAN_POINT('',(36.515625,0.65771484375,8.7));
#5733 = VECTOR('',#5734,1.);
#5734 = DIRECTION('',(0.,0.,1.));
#5735 = PCURVE('',#1356,#5736);
#5736 = DEFINITIONAL_REPRESENTATION('',(#5737),#5741);
#5737 = LINE('',#5738,#5739);
#5738 = CARTESIAN_POINT('',(0.,0.));
#5739 = VECTOR('',#5740,1.);
#5740 = DIRECTION('',(0.,-1.));
#5741 = ( GEOMETRIC_REPRESENTATION_CONTEXT(2) 
PARAMETRIC_REPRESENTATION_CONTEXT() REPRESENTATION_CONTEXT('2D SPACE',''
  ) );
#5742 = PCURVE('',#1307,#5743);
#5743 = DEFINITIONAL_REPRESENTATION('',(#5744),#5748);
#5744 = LINE('',#5745,#5746);
#5745 = CARTESIAN_POINT('',(1.,0.));
#5746 = VECTOR('',#5747,1.);
#5747 = DIRECTION('',(0.,-1.));
#5748 = ( GEOMETRIC_REPRESENTATION_CONTEXT(2) 
PARAMETRIC_REPRESENTATION_CONTEXT() REPRESENTATION_CONTEXT('2D SPACE',''
  ) );
#5749 = ORIENTED_EDGE('',*,*,#1326,.F.);
#5750 = ORIENTED_EDGE('',*,*,#5680,.F.);
#5751 = ADVANCED_FACE('',(#5752),#1307,.F.);
#5752 = FACE_BOUND('',#5753,.F.);
#5753 = EDGE_LOOP('',(#5754,#5777,#5798,#5799));
#5754 = ORIENTED_EDGE('',*,*,#5755,.F.);
#5755 = EDGE_CURVE('',#5756,#5707,#5758,.T.);
#5756 = VERTEX_POINT('',#5757);
#5757 = CARTESIAN_POINT('',(36.70166015625,0.43359375,8.7));
#5758 = SURFACE_CURVE('',#5759,(#5763,#5770),.PCURVE_S1.);
#5759 = B_SPLINE_CURVE_WITH_KNOTS('',2,(#5760,#5761,#5762),
  .UNSPECIFIED.,.F.,.F.,(3,3),(0.,1.),.PIECEWISE_BEZIER_KNOTS.);
#5760 = CARTESIAN_POINT('',(36.70166015625,0.43359375,8.7));
#5761 = CARTESIAN_POINT('',(36.650390625,0.57275390625,8.7));
#5762 = CARTESIAN_POINT('',(36.515625,0.65771484375,8.7));
#5763 = PCURVE('',#1307,#5764);
#5764 = DEFINITIONAL_REPRESENTATION('',(#5765),#5769);
#5765 = LINE('',#5766,#5767);
#5766 = CARTESIAN_POINT('',(0.,0.));
#5767 = VECTOR('',#5768,1.);
#5768 = DIRECTION('',(1.,0.));
#5769 = ( GEOMETRIC_REPRESENTATION_CONTEXT(2) 
PARAMETRIC_REPRESENTATION_CONTEXT() REPRESENTATION_CONTEXT('2D SPACE',''
  ) );
#5770 = PCURVE('',#5109,#5771);
#5771 = DEFINITIONAL_REPRESENTATION('',(#5772),#5776);
#5772 = B_SPLINE_CURVE_WITH_KNOTS('',2,(#5773,#5774,#5775),
  .UNSPECIFIED.,.F.,.F.,(3,3),(0.,1.),.PIECEWISE_BEZIER_KNOTS.);
#5773 = CARTESIAN_POINT('',(4.03564453125,2.41552734375));
#5774 = CARTESIAN_POINT('',(3.984375,2.5546875));
#5775 = CARTESIAN_POINT('',(3.849609375,2.6396484375));
#5776 = ( GEOMETRIC_REPRESENTATION_CONTEXT(2) 
PARAMETRIC_REPRESENTATION_CONTEXT() REPRESENTATION_CONTEXT('2D SPACE',''
  ) );
#5777 = ORIENTED_EDGE('',*,*,#5778,.T.);
#5778 = EDGE_CURVE('',#5756,#1240,#5779,.T.);
#5779 = SURFACE_CURVE('',#5780,(#5784,#5791),.PCURVE_S1.);
#5780 = LINE('',#5781,#5782);
#5781 = CARTESIAN_POINT('',(36.70166015625,0.43359375,8.7));
#5782 = VECTOR('',#5783,1.);
#5783 = DIRECTION('',(0.,0.,1.));
#5784 = PCURVE('',#1307,#5785);
#5785 = DEFINITIONAL_REPRESENTATION('',(#5786),#5790);
#5786 = LINE('',#5787,#5788);
#5787 = CARTESIAN_POINT('',(0.,0.));
#5788 = VECTOR('',#5789,1.);
#5789 = DIRECTION('',(0.,-1.));
#5790 = ( GEOMETRIC_REPRESENTATION_CONTEXT(2) 
PARAMETRIC_REPRESENTATION_CONTEXT() REPRESENTATION_CONTEXT('2D SPACE',''
  ) );
#5791 = PCURVE('',#1263,#5792);
#5792 = DEFINITIONAL_REPRESENTATION('',(#5793),#5797);
#5793 = LINE('',#5794,#5795);
#5794 = CARTESIAN_POINT('',(1.,0.));
#5795 = VECTOR('',#5796,1.);
#5796 = DIRECTION('',(0.,-1.));
#5797 = ( GEOMETRIC_REPRESENTATION_CONTEXT(2) 
PARAMETRIC_REPRESENTATION_CONTEXT() REPRESENTATION_CONTEXT('2D SPACE',''
  ) );
#5798 = ORIENTED_EDGE('',*,*,#1281,.F.);
#5799 = ORIENTED_EDGE('',*,*,#5729,.F.);
#5800 = ADVANCED_FACE('',(#5801),#1263,.F.);
#5801 = FACE_BOUND('',#5802,.F.);
#5802 = EDGE_LOOP('',(#5803,#5826,#5847,#5848));
#5803 = ORIENTED_EDGE('',*,*,#5804,.F.);
#5804 = EDGE_CURVE('',#5805,#5756,#5807,.T.);
#5805 = VERTEX_POINT('',#5806);
#5806 = CARTESIAN_POINT('',(36.7529296875,-2.197265625E-02,8.7));
#5807 = SURFACE_CURVE('',#5808,(#5812,#5819),.PCURVE_S1.);
#5808 = B_SPLINE_CURVE_WITH_KNOTS('',2,(#5809,#5810,#5811),
  .UNSPECIFIED.,.F.,.F.,(3,3),(0.,1.),.PIECEWISE_BEZIER_KNOTS.);
#5809 = CARTESIAN_POINT('',(36.7529296875,-2.197265625E-02,8.7));
#5810 = CARTESIAN_POINT('',(36.7529296875,0.29443359375,8.7));
#5811 = CARTESIAN_POINT('',(36.70166015625,0.43359375,8.7));
#5812 = PCURVE('',#1263,#5813);
#5813 = DEFINITIONAL_REPRESENTATION('',(#5814),#5818);
#5814 = LINE('',#5815,#5816);
#5815 = CARTESIAN_POINT('',(0.,0.));
#5816 = VECTOR('',#5817,1.);
#5817 = DIRECTION('',(1.,0.));
#5818 = ( GEOMETRIC_REPRESENTATION_CONTEXT(2) 
PARAMETRIC_REPRESENTATION_CONTEXT() REPRESENTATION_CONTEXT('2D SPACE',''
  ) );
#5819 = PCURVE('',#5109,#5820);
#5820 = DEFINITIONAL_REPRESENTATION('',(#5821),#5825);
#5821 = B_SPLINE_CURVE_WITH_KNOTS('',2,(#5822,#5823,#5824),
  .UNSPECIFIED.,.F.,.F.,(3,3),(0.,1.),.PIECEWISE_BEZIER_KNOTS.);
#5822 = CARTESIAN_POINT('',(4.0869140625,1.9599609375));
#5823 = CARTESIAN_POINT('',(4.0869140625,2.2763671875));
#5824 = CARTESIAN_POINT('',(4.03564453125,2.41552734375));
#5825 = ( GEOMETRIC_REPRESENTATION_CONTEXT(2) 
PARAMETRIC_REPRESENTATION_CONTEXT() REPRESENTATION_CONTEXT('2D SPACE',''
  ) );
#5826 = ORIENTED_EDGE('',*,*,#5827,.T.);
#5827 = EDGE_CURVE('',#5805,#1214,#5828,.T.);
#5828 = SURFACE_CURVE('',#5829,(#5833,#5840),.PCURVE_S1.);
#5829 = LINE('',#5830,#5831);
#5830 = CARTESIAN_POINT('',(36.7529296875,-2.197265625E-02,8.7));
#5831 = VECTOR('',#5832,1.);
#5832 = DIRECTION('',(0.,0.,1.));
#5833 = PCURVE('',#1263,#5834);
#5834 = DEFINITIONAL_REPRESENTATION('',(#5835),#5839);
#5835 = LINE('',#5836,#5837);
#5836 = CARTESIAN_POINT('',(0.,0.));
#5837 = VECTOR('',#5838,1.);
#5838 = DIRECTION('',(0.,-1.));
#5839 = ( GEOMETRIC_REPRESENTATION_CONTEXT(2) 
PARAMETRIC_REPRESENTATION_CONTEXT() REPRESENTATION_CONTEXT('2D SPACE',''
  ) );
#5840 = PCURVE('',#1228,#5841);
#5841 = DEFINITIONAL_REPRESENTATION('',(#5842),#5846);
#5842 = LINE('',#5843,#5844);
#5843 = CARTESIAN_POINT('',(1.9599609375,0.));
#5844 = VECTOR('',#5845,1.);
#5845 = DIRECTION('',(0.,-1.));
#5846 = ( GEOMETRIC_REPRESENTATION_CONTEXT(2) 
PARAMETRIC_REPRESENTATION_CONTEXT() REPRESENTATION_CONTEXT('2D SPACE',''
  ) );
#5847 = ORIENTED_EDGE('',*,*,#1239,.F.);
#5848 = ORIENTED_EDGE('',*,*,#5778,.F.);
#5849 = ADVANCED_FACE('',(#5850),#1228,.F.);
#5850 = FACE_BOUND('',#5851,.F.);
#5851 = EDGE_LOOP('',(#5852,#5875,#5896,#5897));
#5852 = ORIENTED_EDGE('',*,*,#5853,.F.);
#5853 = EDGE_CURVE('',#5854,#5805,#5856,.T.);
#5854 = VERTEX_POINT('',#5855);
#5855 = CARTESIAN_POINT('',(36.7529296875,-1.98193359375,8.7));
#5856 = SURFACE_CURVE('',#5857,(#5861,#5868),.PCURVE_S1.);
#5857 = LINE('',#5858,#5859);
#5858 = CARTESIAN_POINT('',(36.7529296875,-1.98193359375,8.7));
#5859 = VECTOR('',#5860,1.);
#5860 = DIRECTION('',(0.,1.,0.));
#5861 = PCURVE('',#1228,#5862);
#5862 = DEFINITIONAL_REPRESENTATION('',(#5863),#5867);
#5863 = LINE('',#5864,#5865);
#5864 = CARTESIAN_POINT('',(0.,0.));
#5865 = VECTOR('',#5866,1.);
#5866 = DIRECTION('',(1.,0.));
#5867 = ( GEOMETRIC_REPRESENTATION_CONTEXT(2) 
PARAMETRIC_REPRESENTATION_CONTEXT() REPRESENTATION_CONTEXT('2D SPACE',''
  ) );
#5868 = PCURVE('',#5109,#5869);
#5869 = DEFINITIONAL_REPRESENTATION('',(#5870),#5874);
#5870 = LINE('',#5871,#5872);
#5871 = CARTESIAN_POINT('',(4.0869140625,0.));
#5872 = VECTOR('',#5873,1.);
#5873 = DIRECTION('',(0.,1.));
#5874 = ( GEOMETRIC_REPRESENTATION_CONTEXT(2) 
PARAMETRIC_REPRESENTATION_CONTEXT() REPRESENTATION_CONTEXT('2D SPACE',''
  ) );
#5875 = ORIENTED_EDGE('',*,*,#5876,.T.);
#5876 = EDGE_CURVE('',#5854,#1188,#5877,.T.);
#5877 = SURFACE_CURVE('',#5878,(#5882,#5889),.PCURVE_S1.);
#5878 = LINE('',#5879,#5880);
#5879 = CARTESIAN_POINT('',(36.7529296875,-1.98193359375,8.7));
#5880 = VECTOR('',#5881,1.);
#5881 = DIRECTION('',(0.,0.,1.));
#5882 = PCURVE('',#1228,#5883);
#5883 = DEFINITIONAL_REPRESENTATION('',(#5884),#5888);
#5884 = LINE('',#5885,#5886);
#5885 = CARTESIAN_POINT('',(0.,0.));
#5886 = VECTOR('',#5887,1.);
#5887 = DIRECTION('',(0.,-1.));
#5888 = ( GEOMETRIC_REPRESENTATION_CONTEXT(2) 
PARAMETRIC_REPRESENTATION_CONTEXT() REPRESENTATION_CONTEXT('2D SPACE',''
  ) );
#5889 = PCURVE('',#1202,#5890);
#5890 = DEFINITIONAL_REPRESENTATION('',(#5891),#5895);
#5891 = LINE('',#5892,#5893);
#5892 = CARTESIAN_POINT('',(0.5244140625,0.));
#5893 = VECTOR('',#5894,1.);
#5894 = DIRECTION('',(0.,-1.));
#5895 = ( GEOMETRIC_REPRESENTATION_CONTEXT(2) 
PARAMETRIC_REPRESENTATION_CONTEXT() REPRESENTATION_CONTEXT('2D SPACE',''
  ) );
#5896 = ORIENTED_EDGE('',*,*,#1213,.F.);
#5897 = ORIENTED_EDGE('',*,*,#5827,.F.);
#5898 = ADVANCED_FACE('',(#5899),#1202,.F.);
#5899 = FACE_BOUND('',#5900,.F.);
#5900 = EDGE_LOOP('',(#5901,#5924,#5945,#5946));
#5901 = ORIENTED_EDGE('',*,*,#5902,.F.);
#5902 = EDGE_CURVE('',#5903,#5854,#5905,.T.);
#5903 = VERTEX_POINT('',#5904);
#5904 = CARTESIAN_POINT('',(37.27734375,-1.98193359375,8.7));
#5905 = SURFACE_CURVE('',#5906,(#5910,#5917),.PCURVE_S1.);
#5906 = LINE('',#5907,#5908);
#5907 = CARTESIAN_POINT('',(37.27734375,-1.98193359375,8.7));
#5908 = VECTOR('',#5909,1.);
#5909 = DIRECTION('',(-1.,0.,0.));
#5910 = PCURVE('',#1202,#5911);
#5911 = DEFINITIONAL_REPRESENTATION('',(#5912),#5916);
#5912 = LINE('',#5913,#5914);
#5913 = CARTESIAN_POINT('',(0.,-0.));
#5914 = VECTOR('',#5915,1.);
#5915 = DIRECTION('',(1.,0.));
#5916 = ( GEOMETRIC_REPRESENTATION_CONTEXT(2) 
PARAMETRIC_REPRESENTATION_CONTEXT() REPRESENTATION_CONTEXT('2D SPACE',''
  ) );
#5917 = PCURVE('',#5109,#5918);
#5918 = DEFINITIONAL_REPRESENTATION('',(#5919),#5923);
#5919 = LINE('',#5920,#5921);
#5920 = CARTESIAN_POINT('',(4.611328125,0.));
#5921 = VECTOR('',#5922,1.);
#5922 = DIRECTION('',(-1.,0.));
#5923 = ( GEOMETRIC_REPRESENTATION_CONTEXT(2) 
PARAMETRIC_REPRESENTATION_CONTEXT() REPRESENTATION_CONTEXT('2D SPACE',''
  ) );
#5924 = ORIENTED_EDGE('',*,*,#5925,.T.);
#5925 = EDGE_CURVE('',#5903,#1162,#5926,.T.);
#5926 = SURFACE_CURVE('',#5927,(#5931,#5938),.PCURVE_S1.);
#5927 = LINE('',#5928,#5929);
#5928 = CARTESIAN_POINT('',(37.27734375,-1.98193359375,8.7));
#5929 = VECTOR('',#5930,1.);
#5930 = DIRECTION('',(0.,0.,1.));
#5931 = PCURVE('',#1202,#5932);
#5932 = DEFINITIONAL_REPRESENTATION('',(#5933),#5937);
#5933 = LINE('',#5934,#5935);
#5934 = CARTESIAN_POINT('',(0.,-0.));
#5935 = VECTOR('',#5936,1.);
#5936 = DIRECTION('',(0.,-1.));
#5937 = ( GEOMETRIC_REPRESENTATION_CONTEXT(2) 
PARAMETRIC_REPRESENTATION_CONTEXT() REPRESENTATION_CONTEXT('2D SPACE',''
  ) );
#5938 = PCURVE('',#1176,#5939);
#5939 = DEFINITIONAL_REPRESENTATION('',(#5940),#5944);
#5940 = LINE('',#5941,#5942);
#5941 = CARTESIAN_POINT('',(2.1357421875,0.));
#5942 = VECTOR('',#5943,1.);
#5943 = DIRECTION('',(0.,-1.));
#5944 = ( GEOMETRIC_REPRESENTATION_CONTEXT(2) 
PARAMETRIC_REPRESENTATION_CONTEXT() REPRESENTATION_CONTEXT('2D SPACE',''
  ) );
#5945 = ORIENTED_EDGE('',*,*,#1187,.F.);
#5946 = ORIENTED_EDGE('',*,*,#5876,.F.);
#5947 = ADVANCED_FACE('',(#5948),#1176,.F.);
#5948 = FACE_BOUND('',#5949,.F.);
#5949 = EDGE_LOOP('',(#5950,#5973,#5994,#5995));
#5950 = ORIENTED_EDGE('',*,*,#5951,.F.);
#5951 = EDGE_CURVE('',#5952,#5903,#5954,.T.);
#5952 = VERTEX_POINT('',#5953);
#5953 = CARTESIAN_POINT('',(37.27734375,0.15380859375,8.7));
#5954 = SURFACE_CURVE('',#5955,(#5959,#5966),.PCURVE_S1.);
#5955 = LINE('',#5956,#5957);
#5956 = CARTESIAN_POINT('',(37.27734375,0.15380859375,8.7));
#5957 = VECTOR('',#5958,1.);
#5958 = DIRECTION('',(0.,-1.,0.));
#5959 = PCURVE('',#1176,#5960);
#5960 = DEFINITIONAL_REPRESENTATION('',(#5961),#5965);
#5961 = LINE('',#5962,#5963);
#5962 = CARTESIAN_POINT('',(0.,0.));
#5963 = VECTOR('',#5964,1.);
#5964 = DIRECTION('',(1.,0.));
#5965 = ( GEOMETRIC_REPRESENTATION_CONTEXT(2) 
PARAMETRIC_REPRESENTATION_CONTEXT() REPRESENTATION_CONTEXT('2D SPACE',''
  ) );
#5966 = PCURVE('',#5109,#5967);
#5967 = DEFINITIONAL_REPRESENTATION('',(#5968),#5972);
#5968 = LINE('',#5969,#5970);
#5969 = CARTESIAN_POINT('',(4.611328125,2.1357421875));
#5970 = VECTOR('',#5971,1.);
#5971 = DIRECTION('',(0.,-1.));
#5972 = ( GEOMETRIC_REPRESENTATION_CONTEXT(2) 
PARAMETRIC_REPRESENTATION_CONTEXT() REPRESENTATION_CONTEXT('2D SPACE',''
  ) );
#5973 = ORIENTED_EDGE('',*,*,#5974,.T.);
#5974 = EDGE_CURVE('',#5952,#1105,#5975,.T.);
#5975 = SURFACE_CURVE('',#5976,(#5980,#5987),.PCURVE_S1.);
#5976 = LINE('',#5977,#5978);
#5977 = CARTESIAN_POINT('',(37.27734375,0.15380859375,8.7));
#5978 = VECTOR('',#5979,1.);
#5979 = DIRECTION('',(0.,0.,1.));
#5980 = PCURVE('',#1176,#5981);
#5981 = DEFINITIONAL_REPRESENTATION('',(#5982),#5986);
#5982 = LINE('',#5983,#5984);
#5983 = CARTESIAN_POINT('',(0.,0.));
#5984 = VECTOR('',#5985,1.);
#5985 = DIRECTION('',(0.,-1.));
#5986 = ( GEOMETRIC_REPRESENTATION_CONTEXT(2) 
PARAMETRIC_REPRESENTATION_CONTEXT() REPRESENTATION_CONTEXT('2D SPACE',''
  ) );
#5987 = PCURVE('',#1138,#5988);
#5988 = DEFINITIONAL_REPRESENTATION('',(#5989),#5993);
#5989 = LINE('',#5990,#5991);
#5990 = CARTESIAN_POINT('',(1.,0.));
#5991 = VECTOR('',#5992,1.);
#5992 = DIRECTION('',(0.,-1.));
#5993 = ( GEOMETRIC_REPRESENTATION_CONTEXT(2) 
PARAMETRIC_REPRESENTATION_CONTEXT() REPRESENTATION_CONTEXT('2D SPACE',''
  ) );
#5994 = ORIENTED_EDGE('',*,*,#1161,.F.);
#5995 = ORIENTED_EDGE('',*,*,#5925,.F.);
#5996 = ADVANCED_FACE('',(#5997),#1138,.F.);
#5997 = FACE_BOUND('',#5998,.F.);
#5998 = EDGE_LOOP('',(#5999,#6022,#6043,#6044));
#5999 = ORIENTED_EDGE('',*,*,#6000,.F.);
#6000 = EDGE_CURVE('',#6001,#5952,#6003,.T.);
#6001 = VERTEX_POINT('',#6002);
#6002 = CARTESIAN_POINT('',(37.0283203125,0.943359375,8.7));
#6003 = SURFACE_CURVE('',#6004,(#6008,#6015),.PCURVE_S1.);
#6004 = B_SPLINE_CURVE_WITH_KNOTS('',2,(#6005,#6006,#6007),
  .UNSPECIFIED.,.F.,.F.,(3,3),(0.,1.),.PIECEWISE_BEZIER_KNOTS.);
#6005 = CARTESIAN_POINT('',(37.0283203125,0.943359375,8.7));
#6006 = CARTESIAN_POINT('',(37.27734375,0.68701171875,8.7));
#6007 = CARTESIAN_POINT('',(37.27734375,0.15380859375,8.7));
#6008 = PCURVE('',#1138,#6009);
#6009 = DEFINITIONAL_REPRESENTATION('',(#6010),#6014);
#6010 = LINE('',#6011,#6012);
#6011 = CARTESIAN_POINT('',(0.,0.));
#6012 = VECTOR('',#6013,1.);
#6013 = DIRECTION('',(1.,0.));
#6014 = ( GEOMETRIC_REPRESENTATION_CONTEXT(2) 
PARAMETRIC_REPRESENTATION_CONTEXT() REPRESENTATION_CONTEXT('2D SPACE',''
  ) );
#6015 = PCURVE('',#5109,#6016);
#6016 = DEFINITIONAL_REPRESENTATION('',(#6017),#6021);
#6017 = B_SPLINE_CURVE_WITH_KNOTS('',2,(#6018,#6019,#6020),
  .UNSPECIFIED.,.F.,.F.,(3,3),(0.,1.),.PIECEWISE_BEZIER_KNOTS.);
#6018 = CARTESIAN_POINT('',(4.3623046875,2.92529296875));
#6019 = CARTESIAN_POINT('',(4.611328125,2.6689453125));
#6020 = CARTESIAN_POINT('',(4.611328125,2.1357421875));
#6021 = ( GEOMETRIC_REPRESENTATION_CONTEXT(2) 
PARAMETRIC_REPRESENTATION_CONTEXT() REPRESENTATION_CONTEXT('2D SPACE',''
  ) );
#6022 = ORIENTED_EDGE('',*,*,#6023,.T.);
#6023 = EDGE_CURVE('',#6001,#1048,#6024,.T.);
#6024 = SURFACE_CURVE('',#6025,(#6029,#6036),.PCURVE_S1.);
#6025 = LINE('',#6026,#6027);
#6026 = CARTESIAN_POINT('',(37.0283203125,0.943359375,8.7));
#6027 = VECTOR('',#6028,1.);
#6028 = DIRECTION('',(0.,0.,1.));
#6029 = PCURVE('',#1138,#6030);
#6030 = DEFINITIONAL_REPRESENTATION('',(#6031),#6035);
#6031 = LINE('',#6032,#6033);
#6032 = CARTESIAN_POINT('',(0.,0.));
#6033 = VECTOR('',#6034,1.);
#6034 = DIRECTION('',(0.,-1.));
#6035 = ( GEOMETRIC_REPRESENTATION_CONTEXT(2) 
PARAMETRIC_REPRESENTATION_CONTEXT() REPRESENTATION_CONTEXT('2D SPACE',''
  ) );
#6036 = PCURVE('',#1081,#6037);
#6037 = DEFINITIONAL_REPRESENTATION('',(#6038),#6042);
#6038 = LINE('',#6039,#6040);
#6039 = CARTESIAN_POINT('',(1.,0.));
#6040 = VECTOR('',#6041,1.);
#6041 = DIRECTION('',(0.,-1.));
#6042 = ( GEOMETRIC_REPRESENTATION_CONTEXT(2) 
PARAMETRIC_REPRESENTATION_CONTEXT() REPRESENTATION_CONTEXT('2D SPACE',''
  ) );
#6043 = ORIENTED_EDGE('',*,*,#1104,.F.);
#6044 = ORIENTED_EDGE('',*,*,#5974,.F.);
#6045 = ADVANCED_FACE('',(#6046),#1081,.F.);
#6046 = FACE_BOUND('',#6047,.F.);
#6047 = EDGE_LOOP('',(#6048,#6071,#6092,#6093));
#6048 = ORIENTED_EDGE('',*,*,#6049,.F.);
#6049 = EDGE_CURVE('',#6050,#6001,#6052,.T.);
#6050 = VERTEX_POINT('',#6051);
#6051 = CARTESIAN_POINT('',(36.31640625,1.19970703125,8.7));
#6052 = SURFACE_CURVE('',#6053,(#6057,#6064),.PCURVE_S1.);
#6053 = B_SPLINE_CURVE_WITH_KNOTS('',2,(#6054,#6055,#6056),
  .UNSPECIFIED.,.F.,.F.,(3,3),(0.,1.),.PIECEWISE_BEZIER_KNOTS.);
#6054 = CARTESIAN_POINT('',(36.31640625,1.19970703125,8.7));
#6055 = CARTESIAN_POINT('',(36.779296875,1.19970703125,8.7));
#6056 = CARTESIAN_POINT('',(37.0283203125,0.943359375,8.7));
#6057 = PCURVE('',#1081,#6058);
#6058 = DEFINITIONAL_REPRESENTATION('',(#6059),#6063);
#6059 = LINE('',#6060,#6061);
#6060 = CARTESIAN_POINT('',(0.,0.));
#6061 = VECTOR('',#6062,1.);
#6062 = DIRECTION('',(1.,0.));
#6063 = ( GEOMETRIC_REPRESENTATION_CONTEXT(2) 
PARAMETRIC_REPRESENTATION_CONTEXT() REPRESENTATION_CONTEXT('2D SPACE',''
  ) );
#6064 = PCURVE('',#5109,#6065);
#6065 = DEFINITIONAL_REPRESENTATION('',(#6066),#6070);
#6066 = B_SPLINE_CURVE_WITH_KNOTS('',2,(#6067,#6068,#6069),
  .UNSPECIFIED.,.F.,.F.,(3,3),(0.,1.),.PIECEWISE_BEZIER_KNOTS.);
#6067 = CARTESIAN_POINT('',(3.650390625,3.181640625));
#6068 = CARTESIAN_POINT('',(4.11328125,3.181640625));
#6069 = CARTESIAN_POINT('',(4.3623046875,2.92529296875));
#6070 = ( GEOMETRIC_REPRESENTATION_CONTEXT(2) 
PARAMETRIC_REPRESENTATION_CONTEXT() REPRESENTATION_CONTEXT('2D SPACE',''
  ) );
#6071 = ORIENTED_EDGE('',*,*,#6072,.T.);
#6072 = EDGE_CURVE('',#6050,#985,#6073,.T.);
#6073 = SURFACE_CURVE('',#6074,(#6078,#6085),.PCURVE_S1.);
#6074 = LINE('',#6075,#6076);
#6075 = CARTESIAN_POINT('',(36.31640625,1.19970703125,8.7));
#6076 = VECTOR('',#6077,1.);
#6077 = DIRECTION('',(0.,0.,1.));
#6078 = PCURVE('',#1081,#6079);
#6079 = DEFINITIONAL_REPRESENTATION('',(#6080),#6084);
#6080 = LINE('',#6081,#6082);
#6081 = CARTESIAN_POINT('',(0.,0.));
#6082 = VECTOR('',#6083,1.);
#6083 = DIRECTION('',(0.,-1.));
#6084 = ( GEOMETRIC_REPRESENTATION_CONTEXT(2) 
PARAMETRIC_REPRESENTATION_CONTEXT() REPRESENTATION_CONTEXT('2D SPACE',''
  ) );
#6085 = PCURVE('',#1022,#6086);
#6086 = DEFINITIONAL_REPRESENTATION('',(#6087),#6091);
#6087 = LINE('',#6088,#6089);
#6088 = CARTESIAN_POINT('',(1.,0.));
#6089 = VECTOR('',#6090,1.);
#6090 = DIRECTION('',(0.,-1.));
#6091 = ( GEOMETRIC_REPRESENTATION_CONTEXT(2) 
PARAMETRIC_REPRESENTATION_CONTEXT() REPRESENTATION_CONTEXT('2D SPACE',''
  ) );
#6092 = ORIENTED_EDGE('',*,*,#1047,.F.);
#6093 = ORIENTED_EDGE('',*,*,#6023,.F.);
#6094 = ADVANCED_FACE('',(#6095),#1022,.F.);
#6095 = FACE_BOUND('',#6096,.F.);
#6096 = EDGE_LOOP('',(#6097,#6120,#6141,#6142));
#6097 = ORIENTED_EDGE('',*,*,#6098,.F.);
#6098 = EDGE_CURVE('',#6099,#6050,#6101,.T.);
#6099 = VERTEX_POINT('',#6100);
#6100 = CARTESIAN_POINT('',(35.35546875,0.65478515625,8.7));
#6101 = SURFACE_CURVE('',#6102,(#6106,#6113),.PCURVE_S1.);
#6102 = B_SPLINE_CURVE_WITH_KNOTS('',2,(#6103,#6104,#6105),
  .UNSPECIFIED.,.F.,.F.,(3,3),(0.,1.),.PIECEWISE_BEZIER_KNOTS.);
#6103 = CARTESIAN_POINT('',(35.35546875,0.65478515625,8.7));
#6104 = CARTESIAN_POINT('',(35.724609375,1.19970703125,8.7));
#6105 = CARTESIAN_POINT('',(36.31640625,1.19970703125,8.7));
#6106 = PCURVE('',#1022,#6107);
#6107 = DEFINITIONAL_REPRESENTATION('',(#6108),#6112);
#6108 = LINE('',#6109,#6110);
#6109 = CARTESIAN_POINT('',(0.,0.));
#6110 = VECTOR('',#6111,1.);
#6111 = DIRECTION('',(1.,0.));
#6112 = ( GEOMETRIC_REPRESENTATION_CONTEXT(2) 
PARAMETRIC_REPRESENTATION_CONTEXT() REPRESENTATION_CONTEXT('2D SPACE',''
  ) );
#6113 = PCURVE('',#5109,#6114);
#6114 = DEFINITIONAL_REPRESENTATION('',(#6115),#6119);
#6115 = B_SPLINE_CURVE_WITH_KNOTS('',2,(#6116,#6117,#6118),
  .UNSPECIFIED.,.F.,.F.,(3,3),(0.,1.),.PIECEWISE_BEZIER_KNOTS.);
#6116 = CARTESIAN_POINT('',(2.689453125,2.63671875));
#6117 = CARTESIAN_POINT('',(3.05859375,3.181640625));
#6118 = CARTESIAN_POINT('',(3.650390625,3.181640625));
#6119 = ( GEOMETRIC_REPRESENTATION_CONTEXT(2) 
PARAMETRIC_REPRESENTATION_CONTEXT() REPRESENTATION_CONTEXT('2D SPACE',''
  ) );
#6120 = ORIENTED_EDGE('',*,*,#6121,.T.);
#6121 = EDGE_CURVE('',#6099,#934,#6122,.T.);
#6122 = SURFACE_CURVE('',#6123,(#6127,#6134),.PCURVE_S1.);
#6123 = LINE('',#6124,#6125);
#6124 = CARTESIAN_POINT('',(35.35546875,0.65478515625,8.7));
#6125 = VECTOR('',#6126,1.);
#6126 = DIRECTION('',(0.,0.,1.));
#6127 = PCURVE('',#1022,#6128);
#6128 = DEFINITIONAL_REPRESENTATION('',(#6129),#6133);
#6129 = LINE('',#6130,#6131);
#6130 = CARTESIAN_POINT('',(0.,0.));
#6131 = VECTOR('',#6132,1.);
#6132 = DIRECTION('',(0.,-1.));
#6133 = ( GEOMETRIC_REPRESENTATION_CONTEXT(2) 
PARAMETRIC_REPRESENTATION_CONTEXT() REPRESENTATION_CONTEXT('2D SPACE',''
  ) );
#6134 = PCURVE('',#963,#6135);
#6135 = DEFINITIONAL_REPRESENTATION('',(#6136),#6140);
#6136 = LINE('',#6137,#6138);
#6137 = CARTESIAN_POINT('',(1.,0.));
#6138 = VECTOR('',#6139,1.);
#6139 = DIRECTION('',(0.,-1.));
#6140 = ( GEOMETRIC_REPRESENTATION_CONTEXT(2) 
PARAMETRIC_REPRESENTATION_CONTEXT() REPRESENTATION_CONTEXT('2D SPACE',''
  ) );
#6141 = ORIENTED_EDGE('',*,*,#984,.F.);
#6142 = ORIENTED_EDGE('',*,*,#6072,.F.);
#6143 = ADVANCED_FACE('',(#6144),#963,.F.);
#6144 = FACE_BOUND('',#6145,.F.);
#6145 = EDGE_LOOP('',(#6146,#6169,#6190,#6191));
#6146 = ORIENTED_EDGE('',*,*,#6147,.F.);
#6147 = EDGE_CURVE('',#6148,#6099,#6150,.T.);
#6148 = VERTEX_POINT('',#6149);
#6149 = CARTESIAN_POINT('',(35.04345703125,1.05615234375,8.7));
#6150 = SURFACE_CURVE('',#6151,(#6155,#6162),.PCURVE_S1.);
#6151 = B_SPLINE_CURVE_WITH_KNOTS('',2,(#6152,#6153,#6154),
  .UNSPECIFIED.,.F.,.F.,(3,3),(0.,1.),.PIECEWISE_BEZIER_KNOTS.);
#6152 = CARTESIAN_POINT('',(35.04345703125,1.05615234375,8.7));
#6153 = CARTESIAN_POINT('',(35.2646484375,0.91259765625,8.7));
#6154 = CARTESIAN_POINT('',(35.35546875,0.65478515625,8.7));
#6155 = PCURVE('',#963,#6156);
#6156 = DEFINITIONAL_REPRESENTATION('',(#6157),#6161);
#6157 = LINE('',#6158,#6159);
#6158 = CARTESIAN_POINT('',(0.,0.));
#6159 = VECTOR('',#6160,1.);
#6160 = DIRECTION('',(1.,0.));
#6161 = ( GEOMETRIC_REPRESENTATION_CONTEXT(2) 
PARAMETRIC_REPRESENTATION_CONTEXT() REPRESENTATION_CONTEXT('2D SPACE',''
  ) );
#6162 = PCURVE('',#5109,#6163);
#6163 = DEFINITIONAL_REPRESENTATION('',(#6164),#6168);
#6164 = B_SPLINE_CURVE_WITH_KNOTS('',2,(#6165,#6166,#6167),
  .UNSPECIFIED.,.F.,.F.,(3,3),(0.,1.),.PIECEWISE_BEZIER_KNOTS.);
#6165 = CARTESIAN_POINT('',(2.37744140625,3.0380859375));
#6166 = CARTESIAN_POINT('',(2.5986328125,2.89453125));
#6167 = CARTESIAN_POINT('',(2.689453125,2.63671875));
#6168 = ( GEOMETRIC_REPRESENTATION_CONTEXT(2) 
PARAMETRIC_REPRESENTATION_CONTEXT() REPRESENTATION_CONTEXT('2D SPACE',''
  ) );
#6169 = ORIENTED_EDGE('',*,*,#6170,.T.);
#6170 = EDGE_CURVE('',#6148,#892,#6171,.T.);
#6171 = SURFACE_CURVE('',#6172,(#6176,#6183),.PCURVE_S1.);
#6172 = LINE('',#6173,#6174);
#6173 = CARTESIAN_POINT('',(35.04345703125,1.05615234375,8.7));
#6174 = VECTOR('',#6175,1.);
#6175 = DIRECTION('',(0.,0.,1.));
#6176 = PCURVE('',#963,#6177);
#6177 = DEFINITIONAL_REPRESENTATION('',(#6178),#6182);
#6178 = LINE('',#6179,#6180);
#6179 = CARTESIAN_POINT('',(0.,0.));
#6180 = VECTOR('',#6181,1.);
#6181 = DIRECTION('',(0.,-1.));
#6182 = ( GEOMETRIC_REPRESENTATION_CONTEXT(2) 
PARAMETRIC_REPRESENTATION_CONTEXT() REPRESENTATION_CONTEXT('2D SPACE',''
  ) );
#6183 = PCURVE('',#915,#6184);
#6184 = DEFINITIONAL_REPRESENTATION('',(#6185),#6189);
#6185 = LINE('',#6186,#6187);
#6186 = CARTESIAN_POINT('',(1.,0.));
#6187 = VECTOR('',#6188,1.);
#6188 = DIRECTION('',(0.,-1.));
#6189 = ( GEOMETRIC_REPRESENTATION_CONTEXT(2) 
PARAMETRIC_REPRESENTATION_CONTEXT() REPRESENTATION_CONTEXT('2D SPACE',''
  ) );
#6190 = ORIENTED_EDGE('',*,*,#933,.F.);
#6191 = ORIENTED_EDGE('',*,*,#6121,.F.);
#6192 = ADVANCED_FACE('',(#6193),#915,.F.);
#6193 = FACE_BOUND('',#6194,.F.);
#6194 = EDGE_LOOP('',(#6195,#6218,#6239,#6240));
#6195 = ORIENTED_EDGE('',*,*,#6196,.F.);
#6196 = EDGE_CURVE('',#6197,#6148,#6199,.T.);
#6197 = VERTEX_POINT('',#6198);
#6198 = CARTESIAN_POINT('',(34.4765625,1.19970703125,8.7));
#6199 = SURFACE_CURVE('',#6200,(#6204,#6211),.PCURVE_S1.);
#6200 = B_SPLINE_CURVE_WITH_KNOTS('',2,(#6201,#6202,#6203),
  .UNSPECIFIED.,.F.,.F.,(3,3),(0.,1.),.PIECEWISE_BEZIER_KNOTS.);
#6201 = CARTESIAN_POINT('',(34.4765625,1.19970703125,8.7));
#6202 = CARTESIAN_POINT('',(34.822265625,1.19970703125,8.7));
#6203 = CARTESIAN_POINT('',(35.04345703125,1.05615234375,8.7));
#6204 = PCURVE('',#915,#6205);
#6205 = DEFINITIONAL_REPRESENTATION('',(#6206),#6210);
#6206 = LINE('',#6207,#6208);
#6207 = CARTESIAN_POINT('',(0.,0.));
#6208 = VECTOR('',#6209,1.);
#6209 = DIRECTION('',(1.,0.));
#6210 = ( GEOMETRIC_REPRESENTATION_CONTEXT(2) 
PARAMETRIC_REPRESENTATION_CONTEXT() REPRESENTATION_CONTEXT('2D SPACE',''
  ) );
#6211 = PCURVE('',#5109,#6212);
#6212 = DEFINITIONAL_REPRESENTATION('',(#6213),#6217);
#6213 = B_SPLINE_CURVE_WITH_KNOTS('',2,(#6214,#6215,#6216),
  .UNSPECIFIED.,.F.,.F.,(3,3),(0.,1.),.PIECEWISE_BEZIER_KNOTS.);
#6214 = CARTESIAN_POINT('',(1.810546875,3.181640625));
#6215 = CARTESIAN_POINT('',(2.15625,3.181640625));
#6216 = CARTESIAN_POINT('',(2.37744140625,3.0380859375));
#6217 = ( GEOMETRIC_REPRESENTATION_CONTEXT(2) 
PARAMETRIC_REPRESENTATION_CONTEXT() REPRESENTATION_CONTEXT('2D SPACE',''
  ) );
#6218 = ORIENTED_EDGE('',*,*,#6219,.T.);
#6219 = EDGE_CURVE('',#6197,#841,#6220,.T.);
#6220 = SURFACE_CURVE('',#6221,(#6225,#6232),.PCURVE_S1.);
#6221 = LINE('',#6222,#6223);
#6222 = CARTESIAN_POINT('',(34.4765625,1.19970703125,8.7));
#6223 = VECTOR('',#6224,1.);
#6224 = DIRECTION('',(0.,0.,1.));
#6225 = PCURVE('',#915,#6226);
#6226 = DEFINITIONAL_REPRESENTATION('',(#6227),#6231);
#6227 = LINE('',#6228,#6229);
#6228 = CARTESIAN_POINT('',(0.,0.));
#6229 = VECTOR('',#6230,1.);
#6230 = DIRECTION('',(0.,-1.));
#6231 = ( GEOMETRIC_REPRESENTATION_CONTEXT(2) 
PARAMETRIC_REPRESENTATION_CONTEXT() REPRESENTATION_CONTEXT('2D SPACE',''
  ) );
#6232 = PCURVE('',#870,#6233);
#6233 = DEFINITIONAL_REPRESENTATION('',(#6234),#6238);
#6234 = LINE('',#6235,#6236);
#6235 = CARTESIAN_POINT('',(1.,0.));
#6236 = VECTOR('',#6237,1.);
#6237 = DIRECTION('',(0.,-1.));
#6238 = ( GEOMETRIC_REPRESENTATION_CONTEXT(2) 
PARAMETRIC_REPRESENTATION_CONTEXT() REPRESENTATION_CONTEXT('2D SPACE',''
  ) );
#6239 = ORIENTED_EDGE('',*,*,#891,.F.);
#6240 = ORIENTED_EDGE('',*,*,#6170,.F.);
#6241 = ADVANCED_FACE('',(#6242),#870,.F.);
#6242 = FACE_BOUND('',#6243,.F.);
#6243 = EDGE_LOOP('',(#6244,#6267,#6288,#6289));
#6244 = ORIENTED_EDGE('',*,*,#6245,.F.);
#6245 = EDGE_CURVE('',#6246,#6197,#6248,.T.);
#6246 = VERTEX_POINT('',#6247);
#6247 = CARTESIAN_POINT('',(33.9228515625,1.060546875,8.7));
#6248 = SURFACE_CURVE('',#6249,(#6253,#6260),.PCURVE_S1.);
#6249 = B_SPLINE_CURVE_WITH_KNOTS('',2,(#6250,#6251,#6252),
  .UNSPECIFIED.,.F.,.F.,(3,3),(0.,1.),.PIECEWISE_BEZIER_KNOTS.);
#6250 = CARTESIAN_POINT('',(33.9228515625,1.060546875,8.7));
#6251 = CARTESIAN_POINT('',(34.166015625,1.19970703125,8.7));
#6252 = CARTESIAN_POINT('',(34.4765625,1.19970703125,8.7));
#6253 = PCURVE('',#870,#6254);
#6254 = DEFINITIONAL_REPRESENTATION('',(#6255),#6259);
#6255 = LINE('',#6256,#6257);
#6256 = CARTESIAN_POINT('',(0.,0.));
#6257 = VECTOR('',#6258,1.);
#6258 = DIRECTION('',(1.,0.));
#6259 = ( GEOMETRIC_REPRESENTATION_CONTEXT(2) 
PARAMETRIC_REPRESENTATION_CONTEXT() REPRESENTATION_CONTEXT('2D SPACE',''
  ) );
#6260 = PCURVE('',#5109,#6261);
#6261 = DEFINITIONAL_REPRESENTATION('',(#6262),#6266);
#6262 = B_SPLINE_CURVE_WITH_KNOTS('',2,(#6263,#6264,#6265),
  .UNSPECIFIED.,.F.,.F.,(3,3),(0.,1.),.PIECEWISE_BEZIER_KNOTS.);
#6263 = CARTESIAN_POINT('',(1.2568359375,3.04248046875));
#6264 = CARTESIAN_POINT('',(1.5,3.181640625));
#6265 = CARTESIAN_POINT('',(1.810546875,3.181640625));
#6266 = ( GEOMETRIC_REPRESENTATION_CONTEXT(2) 
PARAMETRIC_REPRESENTATION_CONTEXT() REPRESENTATION_CONTEXT('2D SPACE',''
  ) );
#6267 = ORIENTED_EDGE('',*,*,#6268,.T.);
#6268 = EDGE_CURVE('',#6246,#790,#6269,.T.);
#6269 = SURFACE_CURVE('',#6270,(#6274,#6281),.PCURVE_S1.);
#6270 = LINE('',#6271,#6272);
#6271 = CARTESIAN_POINT('',(33.9228515625,1.060546875,8.7));
#6272 = VECTOR('',#6273,1.);
#6273 = DIRECTION('',(0.,0.,1.));
#6274 = PCURVE('',#870,#6275);
#6275 = DEFINITIONAL_REPRESENTATION('',(#6276),#6280);
#6276 = LINE('',#6277,#6278);
#6277 = CARTESIAN_POINT('',(0.,0.));
#6278 = VECTOR('',#6279,1.);
#6279 = DIRECTION('',(0.,-1.));
#6280 = ( GEOMETRIC_REPRESENTATION_CONTEXT(2) 
PARAMETRIC_REPRESENTATION_CONTEXT() REPRESENTATION_CONTEXT('2D SPACE',''
  ) );
#6281 = PCURVE('',#819,#6282);
#6282 = DEFINITIONAL_REPRESENTATION('',(#6283),#6287);
#6283 = LINE('',#6284,#6285);
#6284 = CARTESIAN_POINT('',(1.,0.));
#6285 = VECTOR('',#6286,1.);
#6286 = DIRECTION('',(0.,-1.));
#6287 = ( GEOMETRIC_REPRESENTATION_CONTEXT(2) 
PARAMETRIC_REPRESENTATION_CONTEXT() REPRESENTATION_CONTEXT('2D SPACE',''
  ) );
#6288 = ORIENTED_EDGE('',*,*,#840,.F.);
#6289 = ORIENTED_EDGE('',*,*,#6219,.F.);
#6290 = ADVANCED_FACE('',(#6291),#819,.F.);
#6291 = FACE_BOUND('',#6292,.F.);
#6292 = EDGE_LOOP('',(#6293,#6316,#6337,#6338));
#6293 = ORIENTED_EDGE('',*,*,#6294,.F.);
#6294 = EDGE_CURVE('',#6295,#6246,#6297,.T.);
#6295 = VERTEX_POINT('',#6296);
#6296 = CARTESIAN_POINT('',(33.533203125,0.69287109375,8.7));
#6297 = SURFACE_CURVE('',#6298,(#6302,#6309),.PCURVE_S1.);
#6298 = B_SPLINE_CURVE_WITH_KNOTS('',2,(#6299,#6300,#6301),
  .UNSPECIFIED.,.F.,.F.,(3,3),(0.,1.),.PIECEWISE_BEZIER_KNOTS.);
#6299 = CARTESIAN_POINT('',(33.533203125,0.69287109375,8.7));
#6300 = CARTESIAN_POINT('',(33.6796875,0.92138671875,8.7));
#6301 = CARTESIAN_POINT('',(33.9228515625,1.060546875,8.7));
#6302 = PCURVE('',#819,#6303);
#6303 = DEFINITIONAL_REPRESENTATION('',(#6304),#6308);
#6304 = LINE('',#6305,#6306);
#6305 = CARTESIAN_POINT('',(0.,0.));
#6306 = VECTOR('',#6307,1.);
#6307 = DIRECTION('',(1.,0.));
#6308 = ( GEOMETRIC_REPRESENTATION_CONTEXT(2) 
PARAMETRIC_REPRESENTATION_CONTEXT() REPRESENTATION_CONTEXT('2D SPACE',''
  ) );
#6309 = PCURVE('',#5109,#6310);
#6310 = DEFINITIONAL_REPRESENTATION('',(#6311),#6315);
#6311 = B_SPLINE_CURVE_WITH_KNOTS('',2,(#6312,#6313,#6314),
  .UNSPECIFIED.,.F.,.F.,(3,3),(0.,1.),.PIECEWISE_BEZIER_KNOTS.);
#6312 = CARTESIAN_POINT('',(0.8671875,2.6748046875));
#6313 = CARTESIAN_POINT('',(1.013671875,2.9033203125));
#6314 = CARTESIAN_POINT('',(1.2568359375,3.04248046875));
#6315 = ( GEOMETRIC_REPRESENTATION_CONTEXT(2) 
PARAMETRIC_REPRESENTATION_CONTEXT() REPRESENTATION_CONTEXT('2D SPACE',''
  ) );
#6316 = ORIENTED_EDGE('',*,*,#6317,.T.);
#6317 = EDGE_CURVE('',#6295,#764,#6318,.T.);
#6318 = SURFACE_CURVE('',#6319,(#6323,#6330),.PCURVE_S1.);
#6319 = LINE('',#6320,#6321);
#6320 = CARTESIAN_POINT('',(33.533203125,0.69287109375,8.7));
#6321 = VECTOR('',#6322,1.);
#6322 = DIRECTION('',(0.,0.,1.));
#6323 = PCURVE('',#819,#6324);
#6324 = DEFINITIONAL_REPRESENTATION('',(#6325),#6329);
#6325 = LINE('',#6326,#6327);
#6326 = CARTESIAN_POINT('',(0.,0.));
#6327 = VECTOR('',#6328,1.);
#6328 = DIRECTION('',(0.,-1.));
#6329 = ( GEOMETRIC_REPRESENTATION_CONTEXT(2) 
PARAMETRIC_REPRESENTATION_CONTEXT() REPRESENTATION_CONTEXT('2D SPACE',''
  ) );
#6330 = PCURVE('',#778,#6331);
#6331 = DEFINITIONAL_REPRESENTATION('',(#6332),#6336);
#6332 = LINE('',#6333,#6334);
#6333 = CARTESIAN_POINT('',(0.4365234375,0.));
#6334 = VECTOR('',#6335,1.);
#6335 = DIRECTION('',(0.,-1.));
#6336 = ( GEOMETRIC_REPRESENTATION_CONTEXT(2) 
PARAMETRIC_REPRESENTATION_CONTEXT() REPRESENTATION_CONTEXT('2D SPACE',''
  ) );
#6337 = ORIENTED_EDGE('',*,*,#789,.F.);
#6338 = ORIENTED_EDGE('',*,*,#6268,.F.);
#6339 = ADVANCED_FACE('',(#6340),#778,.F.);
#6340 = FACE_BOUND('',#6341,.F.);
#6341 = EDGE_LOOP('',(#6342,#6365,#6386,#6387));
#6342 = ORIENTED_EDGE('',*,*,#6343,.F.);
#6343 = EDGE_CURVE('',#6344,#6295,#6346,.T.);
#6344 = VERTEX_POINT('',#6345);
#6345 = CARTESIAN_POINT('',(33.533203125,1.12939453125,8.7));
#6346 = SURFACE_CURVE('',#6347,(#6351,#6358),.PCURVE_S1.);
#6347 = LINE('',#6348,#6349);
#6348 = CARTESIAN_POINT('',(33.533203125,1.12939453125,8.7));
#6349 = VECTOR('',#6350,1.);
#6350 = DIRECTION('',(0.,-1.,0.));
#6351 = PCURVE('',#778,#6352);
#6352 = DEFINITIONAL_REPRESENTATION('',(#6353),#6357);
#6353 = LINE('',#6354,#6355);
#6354 = CARTESIAN_POINT('',(0.,0.));
#6355 = VECTOR('',#6356,1.);
#6356 = DIRECTION('',(1.,0.));
#6357 = ( GEOMETRIC_REPRESENTATION_CONTEXT(2) 
PARAMETRIC_REPRESENTATION_CONTEXT() REPRESENTATION_CONTEXT('2D SPACE',''
  ) );
#6358 = PCURVE('',#5109,#6359);
#6359 = DEFINITIONAL_REPRESENTATION('',(#6360),#6364);
#6360 = LINE('',#6361,#6362);
#6361 = CARTESIAN_POINT('',(0.8671875,3.111328125));
#6362 = VECTOR('',#6363,1.);
#6363 = DIRECTION('',(0.,-1.));
#6364 = ( GEOMETRIC_REPRESENTATION_CONTEXT(2) 
PARAMETRIC_REPRESENTATION_CONTEXT() REPRESENTATION_CONTEXT('2D SPACE',''
  ) );
#6365 = ORIENTED_EDGE('',*,*,#6366,.T.);
#6366 = EDGE_CURVE('',#6344,#738,#6367,.T.);
#6367 = SURFACE_CURVE('',#6368,(#6372,#6379),.PCURVE_S1.);
#6368 = LINE('',#6369,#6370);
#6369 = CARTESIAN_POINT('',(33.533203125,1.12939453125,8.7));
#6370 = VECTOR('',#6371,1.);
#6371 = DIRECTION('',(0.,0.,1.));
#6372 = PCURVE('',#778,#6373);
#6373 = DEFINITIONAL_REPRESENTATION('',(#6374),#6378);
#6374 = LINE('',#6375,#6376);
#6375 = CARTESIAN_POINT('',(0.,0.));
#6376 = VECTOR('',#6377,1.);
#6377 = DIRECTION('',(0.,-1.));
#6378 = ( GEOMETRIC_REPRESENTATION_CONTEXT(2) 
PARAMETRIC_REPRESENTATION_CONTEXT() REPRESENTATION_CONTEXT('2D SPACE',''
  ) );
#6379 = PCURVE('',#752,#6380);
#6380 = DEFINITIONAL_REPRESENTATION('',(#6381),#6385);
#6381 = LINE('',#6382,#6383);
#6382 = CARTESIAN_POINT('',(0.4716796875,0.));
#6383 = VECTOR('',#6384,1.);
#6384 = DIRECTION('',(0.,-1.));
#6385 = ( GEOMETRIC_REPRESENTATION_CONTEXT(2) 
PARAMETRIC_REPRESENTATION_CONTEXT() REPRESENTATION_CONTEXT('2D SPACE',''
  ) );
#6386 = ORIENTED_EDGE('',*,*,#763,.F.);
#6387 = ORIENTED_EDGE('',*,*,#6317,.F.);
#6388 = ADVANCED_FACE('',(#6389),#752,.F.);
#6389 = FACE_BOUND('',#6390,.F.);
#6390 = EDGE_LOOP('',(#6391,#6414,#6435,#6436));
#6391 = ORIENTED_EDGE('',*,*,#6392,.F.);
#6392 = EDGE_CURVE('',#6393,#6344,#6395,.T.);
#6393 = VERTEX_POINT('',#6394);
#6394 = CARTESIAN_POINT('',(33.0615234375,1.12939453125,8.7));
#6395 = SURFACE_CURVE('',#6396,(#6400,#6407),.PCURVE_S1.);
#6396 = LINE('',#6397,#6398);
#6397 = CARTESIAN_POINT('',(33.0615234375,1.12939453125,8.7));
#6398 = VECTOR('',#6399,1.);
#6399 = DIRECTION('',(1.,0.,0.));
#6400 = PCURVE('',#752,#6401);
#6401 = DEFINITIONAL_REPRESENTATION('',(#6402),#6406);
#6402 = LINE('',#6403,#6404);
#6403 = CARTESIAN_POINT('',(0.,0.));
#6404 = VECTOR('',#6405,1.);
#6405 = DIRECTION('',(1.,0.));
#6406 = ( GEOMETRIC_REPRESENTATION_CONTEXT(2) 
PARAMETRIC_REPRESENTATION_CONTEXT() REPRESENTATION_CONTEXT('2D SPACE',''
  ) );
#6407 = PCURVE('',#5109,#6408);
#6408 = DEFINITIONAL_REPRESENTATION('',(#6409),#6413);
#6409 = LINE('',#6410,#6411);
#6410 = CARTESIAN_POINT('',(0.3955078125,3.111328125));
#6411 = VECTOR('',#6412,1.);
#6412 = DIRECTION('',(1.,0.));
#6413 = ( GEOMETRIC_REPRESENTATION_CONTEXT(2) 
PARAMETRIC_REPRESENTATION_CONTEXT() REPRESENTATION_CONTEXT('2D SPACE',''
  ) );
#6414 = ORIENTED_EDGE('',*,*,#6415,.T.);
#6415 = EDGE_CURVE('',#6393,#712,#6416,.T.);
#6416 = SURFACE_CURVE('',#6417,(#6421,#6428),.PCURVE_S1.);
#6417 = LINE('',#6418,#6419);
#6418 = CARTESIAN_POINT('',(33.0615234375,1.12939453125,8.7));
#6419 = VECTOR('',#6420,1.);
#6420 = DIRECTION('',(0.,0.,1.));
#6421 = PCURVE('',#752,#6422);
#6422 = DEFINITIONAL_REPRESENTATION('',(#6423),#6427);
#6423 = LINE('',#6424,#6425);
#6424 = CARTESIAN_POINT('',(0.,0.));
#6425 = VECTOR('',#6426,1.);
#6426 = DIRECTION('',(0.,-1.));
#6427 = ( GEOMETRIC_REPRESENTATION_CONTEXT(2) 
PARAMETRIC_REPRESENTATION_CONTEXT() REPRESENTATION_CONTEXT('2D SPACE',''
  ) );
#6428 = PCURVE('',#726,#6429);
#6429 = DEFINITIONAL_REPRESENTATION('',(#6430),#6434);
#6430 = LINE('',#6431,#6432);
#6431 = CARTESIAN_POINT('',(3.111328125,0.));
#6432 = VECTOR('',#6433,1.);
#6433 = DIRECTION('',(0.,-1.));
#6434 = ( GEOMETRIC_REPRESENTATION_CONTEXT(2) 
PARAMETRIC_REPRESENTATION_CONTEXT() REPRESENTATION_CONTEXT('2D SPACE',''
  ) );
#6435 = ORIENTED_EDGE('',*,*,#737,.F.);
#6436 = ORIENTED_EDGE('',*,*,#6366,.F.);
#6437 = ADVANCED_FACE('',(#6438),#726,.F.);
#6438 = FACE_BOUND('',#6439,.F.);
#6439 = EDGE_LOOP('',(#6440,#6461,#6462,#6463));
#6440 = ORIENTED_EDGE('',*,*,#6441,.F.);
#6441 = EDGE_CURVE('',#5094,#6393,#6442,.T.);
#6442 = SURFACE_CURVE('',#6443,(#6447,#6454),.PCURVE_S1.);
#6443 = LINE('',#6444,#6445);
#6444 = CARTESIAN_POINT('',(33.0615234375,-1.98193359375,8.7));
#6445 = VECTOR('',#6446,1.);
#6446 = DIRECTION('',(0.,1.,0.));
#6447 = PCURVE('',#726,#6448);
#6448 = DEFINITIONAL_REPRESENTATION('',(#6449),#6453);
#6449 = LINE('',#6450,#6451);
#6450 = CARTESIAN_POINT('',(0.,0.));
#6451 = VECTOR('',#6452,1.);
#6452 = DIRECTION('',(1.,0.));
#6453 = ( GEOMETRIC_REPRESENTATION_CONTEXT(2) 
PARAMETRIC_REPRESENTATION_CONTEXT() REPRESENTATION_CONTEXT('2D SPACE',''
  ) );
#6454 = PCURVE('',#5109,#6455);
#6455 = DEFINITIONAL_REPRESENTATION('',(#6456),#6460);
#6456 = LINE('',#6457,#6458);
#6457 = CARTESIAN_POINT('',(0.3955078125,0.));
#6458 = VECTOR('',#6459,1.);
#6459 = DIRECTION('',(0.,1.));
#6460 = ( GEOMETRIC_REPRESENTATION_CONTEXT(2) 
PARAMETRIC_REPRESENTATION_CONTEXT() REPRESENTATION_CONTEXT('2D SPACE',''
  ) );
#6461 = ORIENTED_EDGE('',*,*,#5143,.T.);
#6462 = ORIENTED_EDGE('',*,*,#711,.F.);
#6463 = ORIENTED_EDGE('',*,*,#6415,.F.);
#6464 = ADVANCED_FACE('',(#6465),#1882,.F.);
#6465 = FACE_BOUND('',#6466,.F.);
#6466 = EDGE_LOOP('',(#6467,#6497,#6518,#6519));
#6467 = ORIENTED_EDGE('',*,*,#6468,.F.);
#6468 = EDGE_CURVE('',#6469,#6471,#6473,.T.);
#6469 = VERTEX_POINT('',#6470);
#6470 = CARTESIAN_POINT('',(44.2001953125,-0.42626953125,8.7));
#6471 = VERTEX_POINT('',#6472);
#6472 = CARTESIAN_POINT('',(44.6806640625,0.85400390625,8.7));
#6473 = SURFACE_CURVE('',#6474,(#6478,#6485),.PCURVE_S1.);
#6474 = B_SPLINE_CURVE_WITH_KNOTS('',2,(#6475,#6476,#6477),
  .UNSPECIFIED.,.F.,.F.,(3,3),(0.,1.),.PIECEWISE_BEZIER_KNOTS.);
#6475 = CARTESIAN_POINT('',(44.2001953125,-0.42626953125,8.7));
#6476 = CARTESIAN_POINT('',(44.2001953125,0.43798828125,8.7));
#6477 = CARTESIAN_POINT('',(44.6806640625,0.85400390625,8.7));
#6478 = PCURVE('',#1882,#6479);
#6479 = DEFINITIONAL_REPRESENTATION('',(#6480),#6484);
#6480 = LINE('',#6481,#6482);
#6481 = CARTESIAN_POINT('',(0.,0.));
#6482 = VECTOR('',#6483,1.);
#6483 = DIRECTION('',(1.,0.));
#6484 = ( GEOMETRIC_REPRESENTATION_CONTEXT(2) 
PARAMETRIC_REPRESENTATION_CONTEXT() REPRESENTATION_CONTEXT('2D SPACE',''
  ) );
#6485 = PCURVE('',#6486,#6491);
#6486 = PLANE('',#6487);
#6487 = AXIS2_PLACEMENT_3D('',#6488,#6489,#6490);
#6488 = CARTESIAN_POINT('',(44.0009765625,-1.98193359375,8.7));
#6489 = DIRECTION('',(0.,0.,1.));
#6490 = DIRECTION('',(1.,0.,0.));
#6491 = DEFINITIONAL_REPRESENTATION('',(#6492),#6496);
#6492 = B_SPLINE_CURVE_WITH_KNOTS('',2,(#6493,#6494,#6495),
  .UNSPECIFIED.,.F.,.F.,(3,3),(0.,1.),.PIECEWISE_BEZIER_KNOTS.);
#6493 = CARTESIAN_POINT('',(0.19921875,1.5556640625));
#6494 = CARTESIAN_POINT('',(0.19921875,2.419921875));
#6495 = CARTESIAN_POINT('',(0.6796875,2.8359375));
#6496 = ( GEOMETRIC_REPRESENTATION_CONTEXT(2) 
PARAMETRIC_REPRESENTATION_CONTEXT() REPRESENTATION_CONTEXT('2D SPACE',''
  ) );
#6497 = ORIENTED_EDGE('',*,*,#6498,.T.);
#6498 = EDGE_CURVE('',#6469,#1829,#6499,.T.);
#6499 = SURFACE_CURVE('',#6500,(#6504,#6511),.PCURVE_S1.);
#6500 = LINE('',#6501,#6502);
#6501 = CARTESIAN_POINT('',(44.2001953125,-0.42626953125,8.7));
#6502 = VECTOR('',#6503,1.);
#6503 = DIRECTION('',(0.,0.,1.));
#6504 = PCURVE('',#1882,#6505);
#6505 = DEFINITIONAL_REPRESENTATION('',(#6506),#6510);
#6506 = LINE('',#6507,#6508);
#6507 = CARTESIAN_POINT('',(0.,0.));
#6508 = VECTOR('',#6509,1.);
#6509 = DIRECTION('',(0.,-1.));
#6510 = ( GEOMETRIC_REPRESENTATION_CONTEXT(2) 
PARAMETRIC_REPRESENTATION_CONTEXT() REPRESENTATION_CONTEXT('2D SPACE',''
  ) );
#6511 = PCURVE('',#2359,#6512);
#6512 = DEFINITIONAL_REPRESENTATION('',(#6513),#6517);
#6513 = LINE('',#6514,#6515);
#6514 = CARTESIAN_POINT('',(1.,0.));
#6515 = VECTOR('',#6516,1.);
#6516 = DIRECTION('',(0.,-1.));
#6517 = ( GEOMETRIC_REPRESENTATION_CONTEXT(2) 
PARAMETRIC_REPRESENTATION_CONTEXT() REPRESENTATION_CONTEXT('2D SPACE',''
  ) );
#6518 = ORIENTED_EDGE('',*,*,#1826,.F.);
#6519 = ORIENTED_EDGE('',*,*,#6520,.F.);
#6520 = EDGE_CURVE('',#6471,#1827,#6521,.T.);
#6521 = SURFACE_CURVE('',#6522,(#6526,#6533),.PCURVE_S1.);
#6522 = LINE('',#6523,#6524);
#6523 = CARTESIAN_POINT('',(44.6806640625,0.85400390625,8.7));
#6524 = VECTOR('',#6525,1.);
#6525 = DIRECTION('',(0.,0.,1.));
#6526 = PCURVE('',#1882,#6527);
#6527 = DEFINITIONAL_REPRESENTATION('',(#6528),#6532);
#6528 = LINE('',#6529,#6530);
#6529 = CARTESIAN_POINT('',(1.,0.));
#6530 = VECTOR('',#6531,1.);
#6531 = DIRECTION('',(0.,-1.));
#6532 = ( GEOMETRIC_REPRESENTATION_CONTEXT(2) 
PARAMETRIC_REPRESENTATION_CONTEXT() REPRESENTATION_CONTEXT('2D SPACE',''
  ) );
#6533 = PCURVE('',#1949,#6534);
#6534 = DEFINITIONAL_REPRESENTATION('',(#6535),#6539);
#6535 = LINE('',#6536,#6537);
#6536 = CARTESIAN_POINT('',(0.,0.));
#6537 = VECTOR('',#6538,1.);
#6538 = DIRECTION('',(0.,-1.));
#6539 = ( GEOMETRIC_REPRESENTATION_CONTEXT(2) 
PARAMETRIC_REPRESENTATION_CONTEXT() REPRESENTATION_CONTEXT('2D SPACE',''
  ) );
#6540 = ADVANCED_FACE('',(#6541),#2359,.F.);
#6541 = FACE_BOUND('',#6542,.F.);
#6542 = EDGE_LOOP('',(#6543,#6566,#6587,#6588));
#6543 = ORIENTED_EDGE('',*,*,#6544,.F.);
#6544 = EDGE_CURVE('',#6545,#6469,#6547,.T.);
#6545 = VERTEX_POINT('',#6546);
#6546 = CARTESIAN_POINT('',(44.60302734375,-1.63330078125,8.7));
#6547 = SURFACE_CURVE('',#6548,(#6552,#6559),.PCURVE_S1.);
#6548 = B_SPLINE_CURVE_WITH_KNOTS('',2,(#6549,#6550,#6551),
  .UNSPECIFIED.,.F.,.F.,(3,3),(0.,1.),.PIECEWISE_BEZIER_KNOTS.);
#6549 = CARTESIAN_POINT('',(44.60302734375,-1.63330078125,8.7));
#6550 = CARTESIAN_POINT('',(44.2001953125,-1.21435546875,8.7));
#6551 = CARTESIAN_POINT('',(44.2001953125,-0.42626953125,8.7));
#6552 = PCURVE('',#2359,#6553);
#6553 = DEFINITIONAL_REPRESENTATION('',(#6554),#6558);
#6554 = LINE('',#6555,#6556);
#6555 = CARTESIAN_POINT('',(0.,0.));
#6556 = VECTOR('',#6557,1.);
#6557 = DIRECTION('',(1.,0.));
#6558 = ( GEOMETRIC_REPRESENTATION_CONTEXT(2) 
PARAMETRIC_REPRESENTATION_CONTEXT() REPRESENTATION_CONTEXT('2D SPACE',''
  ) );
#6559 = PCURVE('',#6486,#6560);
#6560 = DEFINITIONAL_REPRESENTATION('',(#6561),#6565);
#6561 = B_SPLINE_CURVE_WITH_KNOTS('',2,(#6562,#6563,#6564),
  .UNSPECIFIED.,.F.,.F.,(3,3),(0.,1.),.PIECEWISE_BEZIER_KNOTS.);
#6562 = CARTESIAN_POINT('',(0.60205078125,0.3486328125));
#6563 = CARTESIAN_POINT('',(0.19921875,0.767578125));
#6564 = CARTESIAN_POINT('',(0.19921875,1.5556640625));
#6565 = ( GEOMETRIC_REPRESENTATION_CONTEXT(2) 
PARAMETRIC_REPRESENTATION_CONTEXT() REPRESENTATION_CONTEXT('2D SPACE',''
  ) );
#6566 = ORIENTED_EDGE('',*,*,#6567,.T.);
#6567 = EDGE_CURVE('',#6545,#2261,#6568,.T.);
#6568 = SURFACE_CURVE('',#6569,(#6573,#6580),.PCURVE_S1.);
#6569 = LINE('',#6570,#6571);
#6570 = CARTESIAN_POINT('',(44.60302734375,-1.63330078125,8.7));
#6571 = VECTOR('',#6572,1.);
#6572 = DIRECTION('',(0.,0.,1.));
#6573 = PCURVE('',#2359,#6574);
#6574 = DEFINITIONAL_REPRESENTATION('',(#6575),#6579);
#6575 = LINE('',#6576,#6577);
#6576 = CARTESIAN_POINT('',(0.,0.));
#6577 = VECTOR('',#6578,1.);
#6578 = DIRECTION('',(0.,-1.));
#6579 = ( GEOMETRIC_REPRESENTATION_CONTEXT(2) 
PARAMETRIC_REPRESENTATION_CONTEXT() REPRESENTATION_CONTEXT('2D SPACE',''
  ) );
#6580 = PCURVE('',#2298,#6581);
#6581 = DEFINITIONAL_REPRESENTATION('',(#6582),#6586);
#6582 = LINE('',#6583,#6584);
#6583 = CARTESIAN_POINT('',(1.,0.));
#6584 = VECTOR('',#6585,1.);
#6585 = DIRECTION('',(0.,-1.));
#6586 = ( GEOMETRIC_REPRESENTATION_CONTEXT(2) 
PARAMETRIC_REPRESENTATION_CONTEXT() REPRESENTATION_CONTEXT('2D SPACE',''
  ) );
#6587 = ORIENTED_EDGE('',*,*,#2323,.F.);
#6588 = ORIENTED_EDGE('',*,*,#6498,.F.);
#6589 = ADVANCED_FACE('',(#6590),#2298,.F.);
#6590 = FACE_BOUND('',#6591,.F.);
#6591 = EDGE_LOOP('',(#6592,#6615,#6636,#6637));
#6592 = ORIENTED_EDGE('',*,*,#6593,.F.);
#6593 = EDGE_CURVE('',#6594,#6545,#6596,.T.);
#6594 = VERTEX_POINT('',#6595);
#6595 = CARTESIAN_POINT('',(45.6591796875,-2.05224609375,8.7));
#6596 = SURFACE_CURVE('',#6597,(#6601,#6608),.PCURVE_S1.);
#6597 = B_SPLINE_CURVE_WITH_KNOTS('',2,(#6598,#6599,#6600),
  .UNSPECIFIED.,.F.,.F.,(3,3),(0.,1.),.PIECEWISE_BEZIER_KNOTS.);
#6598 = CARTESIAN_POINT('',(45.6591796875,-2.05224609375,8.7));
#6599 = CARTESIAN_POINT('',(45.005859375,-2.05224609375,8.7));
#6600 = CARTESIAN_POINT('',(44.60302734375,-1.63330078125,8.7));
#6601 = PCURVE('',#2298,#6602);
#6602 = DEFINITIONAL_REPRESENTATION('',(#6603),#6607);
#6603 = LINE('',#6604,#6605);
#6604 = CARTESIAN_POINT('',(0.,0.));
#6605 = VECTOR('',#6606,1.);
#6606 = DIRECTION('',(1.,0.));
#6607 = ( GEOMETRIC_REPRESENTATION_CONTEXT(2) 
PARAMETRIC_REPRESENTATION_CONTEXT() REPRESENTATION_CONTEXT('2D SPACE',''
  ) );
#6608 = PCURVE('',#6486,#6609);
#6609 = DEFINITIONAL_REPRESENTATION('',(#6610),#6614);
#6610 = B_SPLINE_CURVE_WITH_KNOTS('',2,(#6611,#6612,#6613),
  .UNSPECIFIED.,.F.,.F.,(3,3),(0.,1.),.PIECEWISE_BEZIER_KNOTS.);
#6611 = CARTESIAN_POINT('',(1.658203125,-7.03125E-02));
#6612 = CARTESIAN_POINT('',(1.0048828125,-7.03125E-02));
#6613 = CARTESIAN_POINT('',(0.60205078125,0.3486328125));
#6614 = ( GEOMETRIC_REPRESENTATION_CONTEXT(2) 
PARAMETRIC_REPRESENTATION_CONTEXT() REPRESENTATION_CONTEXT('2D SPACE',''
  ) );
#6615 = ORIENTED_EDGE('',*,*,#6616,.T.);
#6616 = EDGE_CURVE('',#6594,#2210,#6617,.T.);
#6617 = SURFACE_CURVE('',#6618,(#6622,#6629),.PCURVE_S1.);
#6618 = LINE('',#6619,#6620);
#6619 = CARTESIAN_POINT('',(45.6591796875,-2.05224609375,8.7));
#6620 = VECTOR('',#6621,1.);
#6621 = DIRECTION('',(0.,0.,1.));
#6622 = PCURVE('',#2298,#6623);
#6623 = DEFINITIONAL_REPRESENTATION('',(#6624),#6628);
#6624 = LINE('',#6625,#6626);
#6625 = CARTESIAN_POINT('',(0.,0.));
#6626 = VECTOR('',#6627,1.);
#6627 = DIRECTION('',(0.,-1.));
#6628 = ( GEOMETRIC_REPRESENTATION_CONTEXT(2) 
PARAMETRIC_REPRESENTATION_CONTEXT() REPRESENTATION_CONTEXT('2D SPACE',''
  ) );
#6629 = PCURVE('',#2239,#6630);
#6630 = DEFINITIONAL_REPRESENTATION('',(#6631),#6635);
#6631 = LINE('',#6632,#6633);
#6632 = CARTESIAN_POINT('',(1.,0.));
#6633 = VECTOR('',#6634,1.);
#6634 = DIRECTION('',(0.,-1.));
#6635 = ( GEOMETRIC_REPRESENTATION_CONTEXT(2) 
PARAMETRIC_REPRESENTATION_CONTEXT() REPRESENTATION_CONTEXT('2D SPACE',''
  ) );
#6636 = ORIENTED_EDGE('',*,*,#2260,.F.);
#6637 = ORIENTED_EDGE('',*,*,#6567,.F.);
#6638 = ADVANCED_FACE('',(#6639),#2239,.F.);
#6639 = FACE_BOUND('',#6640,.F.);
#6640 = EDGE_LOOP('',(#6641,#6664,#6685,#6686));
#6641 = ORIENTED_EDGE('',*,*,#6642,.F.);
#6642 = EDGE_CURVE('',#6643,#6594,#6645,.T.);
#6643 = VERTEX_POINT('',#6644);
#6644 = CARTESIAN_POINT('',(46.41064453125,-1.86181640625,8.7));
#6645 = SURFACE_CURVE('',#6646,(#6650,#6657),.PCURVE_S1.);
#6646 = B_SPLINE_CURVE_WITH_KNOTS('',2,(#6647,#6648,#6649),
  .UNSPECIFIED.,.F.,.F.,(3,3),(0.,1.),.PIECEWISE_BEZIER_KNOTS.);
#6647 = CARTESIAN_POINT('',(46.41064453125,-1.86181640625,8.7));
#6648 = CARTESIAN_POINT('',(46.06640625,-2.05224609375,8.7));
#6649 = CARTESIAN_POINT('',(45.6591796875,-2.05224609375,8.7));
#6650 = PCURVE('',#2239,#6651);
#6651 = DEFINITIONAL_REPRESENTATION('',(#6652),#6656);
#6652 = LINE('',#6653,#6654);
#6653 = CARTESIAN_POINT('',(0.,0.));
#6654 = VECTOR('',#6655,1.);
#6655 = DIRECTION('',(1.,0.));
#6656 = ( GEOMETRIC_REPRESENTATION_CONTEXT(2) 
PARAMETRIC_REPRESENTATION_CONTEXT() REPRESENTATION_CONTEXT('2D SPACE',''
  ) );
#6657 = PCURVE('',#6486,#6658);
#6658 = DEFINITIONAL_REPRESENTATION('',(#6659),#6663);
#6659 = B_SPLINE_CURVE_WITH_KNOTS('',2,(#6660,#6661,#6662),
  .UNSPECIFIED.,.F.,.F.,(3,3),(0.,1.),.PIECEWISE_BEZIER_KNOTS.);
#6660 = CARTESIAN_POINT('',(2.40966796875,0.1201171875));
#6661 = CARTESIAN_POINT('',(2.0654296875,-7.03125E-02));
#6662 = CARTESIAN_POINT('',(1.658203125,-7.03125E-02));
#6663 = ( GEOMETRIC_REPRESENTATION_CONTEXT(2) 
PARAMETRIC_REPRESENTATION_CONTEXT() REPRESENTATION_CONTEXT('2D SPACE',''
  ) );
#6664 = ORIENTED_EDGE('',*,*,#6665,.T.);
#6665 = EDGE_CURVE('',#6643,#2159,#6666,.T.);
#6666 = SURFACE_CURVE('',#6667,(#6671,#6678),.PCURVE_S1.);
#6667 = LINE('',#6668,#6669);
#6668 = CARTESIAN_POINT('',(46.41064453125,-1.86181640625,8.7));
#6669 = VECTOR('',#6670,1.);
#6670 = DIRECTION('',(0.,0.,1.));
#6671 = PCURVE('',#2239,#6672);
#6672 = DEFINITIONAL_REPRESENTATION('',(#6673),#6677);
#6673 = LINE('',#6674,#6675);
#6674 = CARTESIAN_POINT('',(0.,0.));
#6675 = VECTOR('',#6676,1.);
#6676 = DIRECTION('',(0.,-1.));
#6677 = ( GEOMETRIC_REPRESENTATION_CONTEXT(2) 
PARAMETRIC_REPRESENTATION_CONTEXT() REPRESENTATION_CONTEXT('2D SPACE',''
  ) );
#6678 = PCURVE('',#2188,#6679);
#6679 = DEFINITIONAL_REPRESENTATION('',(#6680),#6684);
#6680 = LINE('',#6681,#6682);
#6681 = CARTESIAN_POINT('',(1.,0.));
#6682 = VECTOR('',#6683,1.);
#6683 = DIRECTION('',(0.,-1.));
#6684 = ( GEOMETRIC_REPRESENTATION_CONTEXT(2) 
PARAMETRIC_REPRESENTATION_CONTEXT() REPRESENTATION_CONTEXT('2D SPACE',''
  ) );
#6685 = ORIENTED_EDGE('',*,*,#2209,.F.);
#6686 = ORIENTED_EDGE('',*,*,#6616,.F.);
#6687 = ADVANCED_FACE('',(#6688),#2188,.F.);
#6688 = FACE_BOUND('',#6689,.F.);
#6689 = EDGE_LOOP('',(#6690,#6713,#6734,#6735));
#6690 = ORIENTED_EDGE('',*,*,#6691,.F.);
#6691 = EDGE_CURVE('',#6692,#6643,#6694,.T.);
#6692 = VERTEX_POINT('',#6693);
#6693 = CARTESIAN_POINT('',(46.93505859375,-1.3271484375,8.7));
#6694 = SURFACE_CURVE('',#6695,(#6699,#6706),.PCURVE_S1.);
#6695 = B_SPLINE_CURVE_WITH_KNOTS('',2,(#6696,#6697,#6698),
  .UNSPECIFIED.,.F.,.F.,(3,3),(0.,1.),.PIECEWISE_BEZIER_KNOTS.);
#6696 = CARTESIAN_POINT('',(46.93505859375,-1.3271484375,8.7));
#6697 = CARTESIAN_POINT('',(46.7548828125,-1.67138671875,8.7));
#6698 = CARTESIAN_POINT('',(46.41064453125,-1.86181640625,8.7));
#6699 = PCURVE('',#2188,#6700);
#6700 = DEFINITIONAL_REPRESENTATION('',(#6701),#6705);
#6701 = LINE('',#6702,#6703);
#6702 = CARTESIAN_POINT('',(0.,0.));
#6703 = VECTOR('',#6704,1.);
#6704 = DIRECTION('',(1.,0.));
#6705 = ( GEOMETRIC_REPRESENTATION_CONTEXT(2) 
PARAMETRIC_REPRESENTATION_CONTEXT() REPRESENTATION_CONTEXT('2D SPACE',''
  ) );
#6706 = PCURVE('',#6486,#6707);
#6707 = DEFINITIONAL_REPRESENTATION('',(#6708),#6712);
#6708 = B_SPLINE_CURVE_WITH_KNOTS('',2,(#6709,#6710,#6711),
  .UNSPECIFIED.,.F.,.F.,(3,3),(0.,1.),.PIECEWISE_BEZIER_KNOTS.);
#6709 = CARTESIAN_POINT('',(2.93408203125,0.65478515625));
#6710 = CARTESIAN_POINT('',(2.75390625,0.310546875));
#6711 = CARTESIAN_POINT('',(2.40966796875,0.1201171875));
#6712 = ( GEOMETRIC_REPRESENTATION_CONTEXT(2) 
PARAMETRIC_REPRESENTATION_CONTEXT() REPRESENTATION_CONTEXT('2D SPACE',''
  ) );
#6713 = ORIENTED_EDGE('',*,*,#6714,.T.);
#6714 = EDGE_CURVE('',#6692,#2108,#6715,.T.);
#6715 = SURFACE_CURVE('',#6716,(#6720,#6727),.PCURVE_S1.);
#6716 = LINE('',#6717,#6718);
#6717 = CARTESIAN_POINT('',(46.93505859375,-1.3271484375,8.7));
#6718 = VECTOR('',#6719,1.);
#6719 = DIRECTION('',(0.,0.,1.));
#6720 = PCURVE('',#2188,#6721);
#6721 = DEFINITIONAL_REPRESENTATION('',(#6722),#6726);
#6722 = LINE('',#6723,#6724);
#6723 = CARTESIAN_POINT('',(0.,0.));
#6724 = VECTOR('',#6725,1.);
#6725 = DIRECTION('',(0.,-1.));
#6726 = ( GEOMETRIC_REPRESENTATION_CONTEXT(2) 
PARAMETRIC_REPRESENTATION_CONTEXT() REPRESENTATION_CONTEXT('2D SPACE',''
  ) );
#6727 = PCURVE('',#2137,#6728);
#6728 = DEFINITIONAL_REPRESENTATION('',(#6729),#6733);
#6729 = LINE('',#6730,#6731);
#6730 = CARTESIAN_POINT('',(1.,0.));
#6731 = VECTOR('',#6732,1.);
#6732 = DIRECTION('',(0.,-1.));
#6733 = ( GEOMETRIC_REPRESENTATION_CONTEXT(2) 
PARAMETRIC_REPRESENTATION_CONTEXT() REPRESENTATION_CONTEXT('2D SPACE',''
  ) );
#6734 = ORIENTED_EDGE('',*,*,#2158,.F.);
#6735 = ORIENTED_EDGE('',*,*,#6665,.F.);
#6736 = ADVANCED_FACE('',(#6737),#2137,.F.);
#6737 = FACE_BOUND('',#6738,.F.);
#6738 = EDGE_LOOP('',(#6739,#6762,#6783,#6784));
#6739 = ORIENTED_EDGE('',*,*,#6740,.F.);
#6740 = EDGE_CURVE('',#6741,#6692,#6743,.T.);
#6741 = VERTEX_POINT('',#6742);
#6742 = CARTESIAN_POINT('',(47.115234375,-0.38232421875,8.7));
#6743 = SURFACE_CURVE('',#6744,(#6748,#6755),.PCURVE_S1.);
#6744 = B_SPLINE_CURVE_WITH_KNOTS('',2,(#6745,#6746,#6747),
  .UNSPECIFIED.,.F.,.F.,(3,3),(0.,1.),.PIECEWISE_BEZIER_KNOTS.);
#6745 = CARTESIAN_POINT('',(47.115234375,-0.38232421875,8.7));
#6746 = CARTESIAN_POINT('',(47.115234375,-0.98291015625,8.7));
#6747 = CARTESIAN_POINT('',(46.93505859375,-1.3271484375,8.7));
#6748 = PCURVE('',#2137,#6749);
#6749 = DEFINITIONAL_REPRESENTATION('',(#6750),#6754);
#6750 = LINE('',#6751,#6752);
#6751 = CARTESIAN_POINT('',(0.,0.));
#6752 = VECTOR('',#6753,1.);
#6753 = DIRECTION('',(1.,0.));
#6754 = ( GEOMETRIC_REPRESENTATION_CONTEXT(2) 
PARAMETRIC_REPRESENTATION_CONTEXT() REPRESENTATION_CONTEXT('2D SPACE',''
  ) );
#6755 = PCURVE('',#6486,#6756);
#6756 = DEFINITIONAL_REPRESENTATION('',(#6757),#6761);
#6757 = B_SPLINE_CURVE_WITH_KNOTS('',2,(#6758,#6759,#6760),
  .UNSPECIFIED.,.F.,.F.,(3,3),(0.,1.),.PIECEWISE_BEZIER_KNOTS.);
#6758 = CARTESIAN_POINT('',(3.1142578125,1.599609375));
#6759 = CARTESIAN_POINT('',(3.1142578125,0.9990234375));
#6760 = CARTESIAN_POINT('',(2.93408203125,0.65478515625));
#6761 = ( GEOMETRIC_REPRESENTATION_CONTEXT(2) 
PARAMETRIC_REPRESENTATION_CONTEXT() REPRESENTATION_CONTEXT('2D SPACE',''
  ) );
#6762 = ORIENTED_EDGE('',*,*,#6763,.T.);
#6763 = EDGE_CURVE('',#6741,#2036,#6764,.T.);
#6764 = SURFACE_CURVE('',#6765,(#6769,#6776),.PCURVE_S1.);
#6765 = LINE('',#6766,#6767);
#6766 = CARTESIAN_POINT('',(47.115234375,-0.38232421875,8.7));
#6767 = VECTOR('',#6768,1.);
#6768 = DIRECTION('',(0.,0.,1.));
#6769 = PCURVE('',#2137,#6770);
#6770 = DEFINITIONAL_REPRESENTATION('',(#6771),#6775);
#6771 = LINE('',#6772,#6773);
#6772 = CARTESIAN_POINT('',(0.,0.));
#6773 = VECTOR('',#6774,1.);
#6774 = DIRECTION('',(0.,-1.));
#6775 = ( GEOMETRIC_REPRESENTATION_CONTEXT(2) 
PARAMETRIC_REPRESENTATION_CONTEXT() REPRESENTATION_CONTEXT('2D SPACE',''
  ) );
#6776 = PCURVE('',#2079,#6777);
#6777 = DEFINITIONAL_REPRESENTATION('',(#6778),#6782);
#6778 = LINE('',#6779,#6780);
#6779 = CARTESIAN_POINT('',(1.,0.));
#6780 = VECTOR('',#6781,1.);
#6781 = DIRECTION('',(0.,-1.));
#6782 = ( GEOMETRIC_REPRESENTATION_CONTEXT(2) 
PARAMETRIC_REPRESENTATION_CONTEXT() REPRESENTATION_CONTEXT('2D SPACE',''
  ) );
#6783 = ORIENTED_EDGE('',*,*,#2107,.F.);
#6784 = ORIENTED_EDGE('',*,*,#6714,.F.);
#6785 = ADVANCED_FACE('',(#6786),#2079,.F.);
#6786 = FACE_BOUND('',#6787,.F.);
#6787 = EDGE_LOOP('',(#6788,#6811,#6832,#6833));
#6788 = ORIENTED_EDGE('',*,*,#6789,.F.);
#6789 = EDGE_CURVE('',#6790,#6741,#6792,.T.);
#6790 = VERTEX_POINT('',#6791);
#6791 = CARTESIAN_POINT('',(46.7080078125,0.779296875,8.7));
#6792 = SURFACE_CURVE('',#6793,(#6797,#6804),.PCURVE_S1.);
#6793 = B_SPLINE_CURVE_WITH_KNOTS('',2,(#6794,#6795,#6796),
  .UNSPECIFIED.,.F.,.F.,(3,3),(0.,1.),.PIECEWISE_BEZIER_KNOTS.);
#6794 = CARTESIAN_POINT('',(46.7080078125,0.779296875,8.7));
#6795 = CARTESIAN_POINT('',(47.115234375,0.35888671875,8.7));
#6796 = CARTESIAN_POINT('',(47.115234375,-0.38232421875,8.7));
#6797 = PCURVE('',#2079,#6798);
#6798 = DEFINITIONAL_REPRESENTATION('',(#6799),#6803);
#6799 = LINE('',#6800,#6801);
#6800 = CARTESIAN_POINT('',(0.,0.));
#6801 = VECTOR('',#6802,1.);
#6802 = DIRECTION('',(1.,0.));
#6803 = ( GEOMETRIC_REPRESENTATION_CONTEXT(2) 
PARAMETRIC_REPRESENTATION_CONTEXT() REPRESENTATION_CONTEXT('2D SPACE',''
  ) );
#6804 = PCURVE('',#6486,#6805);
#6805 = DEFINITIONAL_REPRESENTATION('',(#6806),#6810);
#6806 = B_SPLINE_CURVE_WITH_KNOTS('',2,(#6807,#6808,#6809),
  .UNSPECIFIED.,.F.,.F.,(3,3),(0.,1.),.PIECEWISE_BEZIER_KNOTS.);
#6807 = CARTESIAN_POINT('',(2.70703125,2.76123046875));
#6808 = CARTESIAN_POINT('',(3.1142578125,2.3408203125));
#6809 = CARTESIAN_POINT('',(3.1142578125,1.599609375));
#6810 = ( GEOMETRIC_REPRESENTATION_CONTEXT(2) 
PARAMETRIC_REPRESENTATION_CONTEXT() REPRESENTATION_CONTEXT('2D SPACE',''
  ) );
#6811 = ORIENTED_EDGE('',*,*,#6812,.T.);
#6812 = EDGE_CURVE('',#6790,#1973,#6813,.T.);
#6813 = SURFACE_CURVE('',#6814,(#6818,#6825),.PCURVE_S1.);
#6814 = LINE('',#6815,#6816);
#6815 = CARTESIAN_POINT('',(46.7080078125,0.779296875,8.7));
#6816 = VECTOR('',#6817,1.);
#6817 = DIRECTION('',(0.,0.,1.));
#6818 = PCURVE('',#2079,#6819);
#6819 = DEFINITIONAL_REPRESENTATION('',(#6820),#6824);
#6820 = LINE('',#6821,#6822);
#6821 = CARTESIAN_POINT('',(0.,0.));
#6822 = VECTOR('',#6823,1.);
#6823 = DIRECTION('',(0.,-1.));
#6824 = ( GEOMETRIC_REPRESENTATION_CONTEXT(2) 
PARAMETRIC_REPRESENTATION_CONTEXT() REPRESENTATION_CONTEXT('2D SPACE',''
  ) );
#6825 = PCURVE('',#2010,#6826);
#6826 = DEFINITIONAL_REPRESENTATION('',(#6827),#6831);
#6827 = LINE('',#6828,#6829);
#6828 = CARTESIAN_POINT('',(1.,0.));
#6829 = VECTOR('',#6830,1.);
#6830 = DIRECTION('',(0.,-1.));
#6831 = ( GEOMETRIC_REPRESENTATION_CONTEXT(2) 
PARAMETRIC_REPRESENTATION_CONTEXT() REPRESENTATION_CONTEXT('2D SPACE',''
  ) );
#6832 = ORIENTED_EDGE('',*,*,#2035,.F.);
#6833 = ORIENTED_EDGE('',*,*,#6763,.F.);
#6834 = ADVANCED_FACE('',(#6835),#2010,.F.);
#6835 = FACE_BOUND('',#6836,.F.);
#6836 = EDGE_LOOP('',(#6837,#6860,#6881,#6882));
#6837 = ORIENTED_EDGE('',*,*,#6838,.F.);
#6838 = EDGE_CURVE('',#6839,#6790,#6841,.T.);
#6839 = VERTEX_POINT('',#6840);
#6840 = CARTESIAN_POINT('',(45.6591796875,1.19970703125,8.7));
#6841 = SURFACE_CURVE('',#6842,(#6846,#6853),.PCURVE_S1.);
#6842 = B_SPLINE_CURVE_WITH_KNOTS('',2,(#6843,#6844,#6845),
  .UNSPECIFIED.,.F.,.F.,(3,3),(0.,1.),.PIECEWISE_BEZIER_KNOTS.);
#6843 = CARTESIAN_POINT('',(45.6591796875,1.19970703125,8.7));
#6844 = CARTESIAN_POINT('',(46.30078125,1.19970703125,8.7));
#6845 = CARTESIAN_POINT('',(46.7080078125,0.779296875,8.7));
#6846 = PCURVE('',#2010,#6847);
#6847 = DEFINITIONAL_REPRESENTATION('',(#6848),#6852);
#6848 = LINE('',#6849,#6850);
#6849 = CARTESIAN_POINT('',(0.,0.));
#6850 = VECTOR('',#6851,1.);
#6851 = DIRECTION('',(1.,0.));
#6852 = ( GEOMETRIC_REPRESENTATION_CONTEXT(2) 
PARAMETRIC_REPRESENTATION_CONTEXT() REPRESENTATION_CONTEXT('2D SPACE',''
  ) );
#6853 = PCURVE('',#6486,#6854);
#6854 = DEFINITIONAL_REPRESENTATION('',(#6855),#6859);
#6855 = B_SPLINE_CURVE_WITH_KNOTS('',2,(#6856,#6857,#6858),
  .UNSPECIFIED.,.F.,.F.,(3,3),(0.,1.),.PIECEWISE_BEZIER_KNOTS.);
#6856 = CARTESIAN_POINT('',(1.658203125,3.181640625));
#6857 = CARTESIAN_POINT('',(2.2998046875,3.181640625));
#6858 = CARTESIAN_POINT('',(2.70703125,2.76123046875));
#6859 = ( GEOMETRIC_REPRESENTATION_CONTEXT(2) 
PARAMETRIC_REPRESENTATION_CONTEXT() REPRESENTATION_CONTEXT('2D SPACE',''
  ) );
#6860 = ORIENTED_EDGE('',*,*,#6861,.T.);
#6861 = EDGE_CURVE('',#6839,#1916,#6862,.T.);
#6862 = SURFACE_CURVE('',#6863,(#6867,#6874),.PCURVE_S1.);
#6863 = LINE('',#6864,#6865);
#6864 = CARTESIAN_POINT('',(45.6591796875,1.19970703125,8.7));
#6865 = VECTOR('',#6866,1.);
#6866 = DIRECTION('',(0.,0.,1.));
#6867 = PCURVE('',#2010,#6868);
#6868 = DEFINITIONAL_REPRESENTATION('',(#6869),#6873);
#6869 = LINE('',#6870,#6871);
#6870 = CARTESIAN_POINT('',(0.,0.));
#6871 = VECTOR('',#6872,1.);
#6872 = DIRECTION('',(0.,-1.));
#6873 = ( GEOMETRIC_REPRESENTATION_CONTEXT(2) 
PARAMETRIC_REPRESENTATION_CONTEXT() REPRESENTATION_CONTEXT('2D SPACE',''
  ) );
#6874 = PCURVE('',#1949,#6875);
#6875 = DEFINITIONAL_REPRESENTATION('',(#6876),#6880);
#6876 = LINE('',#6877,#6878);
#6877 = CARTESIAN_POINT('',(1.,0.));
#6878 = VECTOR('',#6879,1.);
#6879 = DIRECTION('',(0.,-1.));
#6880 = ( GEOMETRIC_REPRESENTATION_CONTEXT(2) 
PARAMETRIC_REPRESENTATION_CONTEXT() REPRESENTATION_CONTEXT('2D SPACE',''
  ) );
#6881 = ORIENTED_EDGE('',*,*,#1972,.F.);
#6882 = ORIENTED_EDGE('',*,*,#6812,.F.);
#6883 = ADVANCED_FACE('',(#6884),#1949,.F.);
#6884 = FACE_BOUND('',#6885,.F.);
#6885 = EDGE_LOOP('',(#6886,#6907,#6908,#6909));
#6886 = ORIENTED_EDGE('',*,*,#6887,.F.);
#6887 = EDGE_CURVE('',#6471,#6839,#6888,.T.);
#6888 = SURFACE_CURVE('',#6889,(#6893,#6900),.PCURVE_S1.);
#6889 = B_SPLINE_CURVE_WITH_KNOTS('',2,(#6890,#6891,#6892),
  .UNSPECIFIED.,.F.,.F.,(3,3),(0.,1.),.PIECEWISE_BEZIER_KNOTS.);
#6890 = CARTESIAN_POINT('',(44.6806640625,0.85400390625,8.7));
#6891 = CARTESIAN_POINT('',(45.08203125,1.19970703125,8.7));
#6892 = CARTESIAN_POINT('',(45.6591796875,1.19970703125,8.7));
#6893 = PCURVE('',#1949,#6894);
#6894 = DEFINITIONAL_REPRESENTATION('',(#6895),#6899);
#6895 = LINE('',#6896,#6897);
#6896 = CARTESIAN_POINT('',(0.,0.));
#6897 = VECTOR('',#6898,1.);
#6898 = DIRECTION('',(1.,0.));
#6899 = ( GEOMETRIC_REPRESENTATION_CONTEXT(2) 
PARAMETRIC_REPRESENTATION_CONTEXT() REPRESENTATION_CONTEXT('2D SPACE',''
  ) );
#6900 = PCURVE('',#6486,#6901);
#6901 = DEFINITIONAL_REPRESENTATION('',(#6902),#6906);
#6902 = B_SPLINE_CURVE_WITH_KNOTS('',2,(#6903,#6904,#6905),
  .UNSPECIFIED.,.F.,.F.,(3,3),(0.,1.),.PIECEWISE_BEZIER_KNOTS.);
#6903 = CARTESIAN_POINT('',(0.6796875,2.8359375));
#6904 = CARTESIAN_POINT('',(1.0810546875,3.181640625));
#6905 = CARTESIAN_POINT('',(1.658203125,3.181640625));
#6906 = ( GEOMETRIC_REPRESENTATION_CONTEXT(2) 
PARAMETRIC_REPRESENTATION_CONTEXT() REPRESENTATION_CONTEXT('2D SPACE',''
  ) );
#6907 = ORIENTED_EDGE('',*,*,#6520,.T.);
#6908 = ORIENTED_EDGE('',*,*,#1915,.F.);
#6909 = ORIENTED_EDGE('',*,*,#6861,.F.);
#6910 = ADVANCED_FACE('',(#6911),#2403,.F.);
#6911 = FACE_BOUND('',#6912,.F.);
#6912 = EDGE_LOOP('',(#6913,#6943,#6964,#6965));
#6913 = ORIENTED_EDGE('',*,*,#6914,.F.);
#6914 = EDGE_CURVE('',#6915,#6917,#6919,.T.);
#6915 = VERTEX_POINT('',#6916);
#6916 = CARTESIAN_POINT('',(41.5869140625,-1.98193359375,8.7));
#6917 = VERTEX_POINT('',#6918);
#6918 = CARTESIAN_POINT('',(41.0595703125,-1.98193359375,8.7));
#6919 = SURFACE_CURVE('',#6920,(#6924,#6931),.PCURVE_S1.);
#6920 = LINE('',#6921,#6922);
#6921 = CARTESIAN_POINT('',(41.5869140625,-1.98193359375,8.7));
#6922 = VECTOR('',#6923,1.);
#6923 = DIRECTION('',(-1.,0.,0.));
#6924 = PCURVE('',#2403,#6925);
#6925 = DEFINITIONAL_REPRESENTATION('',(#6926),#6930);
#6926 = LINE('',#6927,#6928);
#6927 = CARTESIAN_POINT('',(0.,-0.));
#6928 = VECTOR('',#6929,1.);
#6929 = DIRECTION('',(1.,0.));
#6930 = ( GEOMETRIC_REPRESENTATION_CONTEXT(2) 
PARAMETRIC_REPRESENTATION_CONTEXT() REPRESENTATION_CONTEXT('2D SPACE',''
  ) );
#6931 = PCURVE('',#6932,#6937);
#6932 = PLANE('',#6933);
#6933 = AXIS2_PLACEMENT_3D('',#6934,#6935,#6936);
#6934 = CARTESIAN_POINT('',(40.6640625,-1.98193359375,8.7));
#6935 = DIRECTION('',(0.,0.,1.));
#6936 = DIRECTION('',(1.,0.,0.));
#6937 = DEFINITIONAL_REPRESENTATION('',(#6938),#6942);
#6938 = LINE('',#6939,#6940);
#6939 = CARTESIAN_POINT('',(0.9228515625,0.));
#6940 = VECTOR('',#6941,1.);
#6941 = DIRECTION('',(-1.,0.));
#6942 = ( GEOMETRIC_REPRESENTATION_CONTEXT(2) 
PARAMETRIC_REPRESENTATION_CONTEXT() REPRESENTATION_CONTEXT('2D SPACE',''
  ) );
#6943 = ORIENTED_EDGE('',*,*,#6944,.T.);
#6944 = EDGE_CURVE('',#6915,#2389,#6945,.T.);
#6945 = SURFACE_CURVE('',#6946,(#6950,#6957),.PCURVE_S1.);
#6946 = LINE('',#6947,#6948);
#6947 = CARTESIAN_POINT('',(41.5869140625,-1.98193359375,8.7));
#6948 = VECTOR('',#6949,1.);
#6949 = DIRECTION('',(0.,0.,1.));
#6950 = PCURVE('',#2403,#6951);
#6951 = DEFINITIONAL_REPRESENTATION('',(#6952),#6956);
#6952 = LINE('',#6953,#6954);
#6953 = CARTESIAN_POINT('',(0.,-0.));
#6954 = VECTOR('',#6955,1.);
#6955 = DIRECTION('',(0.,-1.));
#6956 = ( GEOMETRIC_REPRESENTATION_CONTEXT(2) 
PARAMETRIC_REPRESENTATION_CONTEXT() REPRESENTATION_CONTEXT('2D SPACE',''
  ) );
#6957 = PCURVE('',#3057,#6958);
#6958 = DEFINITIONAL_REPRESENTATION('',(#6959),#6963);
#6959 = LINE('',#6960,#6961);
#6960 = CARTESIAN_POINT('',(1.69921875,0.));
#6961 = VECTOR('',#6962,1.);
#6962 = DIRECTION('',(0.,-1.));
#6963 = ( GEOMETRIC_REPRESENTATION_CONTEXT(2) 
PARAMETRIC_REPRESENTATION_CONTEXT() REPRESENTATION_CONTEXT('2D SPACE',''
  ) );
#6964 = ORIENTED_EDGE('',*,*,#2386,.F.);
#6965 = ORIENTED_EDGE('',*,*,#6966,.F.);
#6966 = EDGE_CURVE('',#6917,#2387,#6967,.T.);
#6967 = SURFACE_CURVE('',#6968,(#6972,#6979),.PCURVE_S1.);
#6968 = LINE('',#6969,#6970);
#6969 = CARTESIAN_POINT('',(41.0595703125,-1.98193359375,8.7));
#6970 = VECTOR('',#6971,1.);
#6971 = DIRECTION('',(0.,0.,1.));
#6972 = PCURVE('',#2403,#6973);
#6973 = DEFINITIONAL_REPRESENTATION('',(#6974),#6978);
#6974 = LINE('',#6975,#6976);
#6975 = CARTESIAN_POINT('',(0.52734375,0.));
#6976 = VECTOR('',#6977,1.);
#6977 = DIRECTION('',(0.,-1.));
#6978 = ( GEOMETRIC_REPRESENTATION_CONTEXT(2) 
PARAMETRIC_REPRESENTATION_CONTEXT() REPRESENTATION_CONTEXT('2D SPACE',''
  ) );
#6979 = PCURVE('',#2429,#6980);
#6980 = DEFINITIONAL_REPRESENTATION('',(#6981),#6985);
#6981 = LINE('',#6982,#6983);
#6982 = CARTESIAN_POINT('',(0.,0.));
#6983 = VECTOR('',#6984,1.);
#6984 = DIRECTION('',(0.,-1.));
#6985 = ( GEOMETRIC_REPRESENTATION_CONTEXT(2) 
PARAMETRIC_REPRESENTATION_CONTEXT() REPRESENTATION_CONTEXT('2D SPACE',''
  ) );
#6986 = ADVANCED_FACE('',(#6987),#3057,.F.);
#6987 = FACE_BOUND('',#6988,.F.);
#6988 = EDGE_LOOP('',(#6989,#7012,#7033,#7034));
#6989 = ORIENTED_EDGE('',*,*,#6990,.F.);
#6990 = EDGE_CURVE('',#6991,#6915,#6993,.T.);
#6991 = VERTEX_POINT('',#6992);
#6992 = CARTESIAN_POINT('',(41.5869140625,-0.28271484375,8.7));
#6993 = SURFACE_CURVE('',#6994,(#6998,#7005),.PCURVE_S1.);
#6994 = LINE('',#6995,#6996);
#6995 = CARTESIAN_POINT('',(41.5869140625,-0.28271484375,8.7));
#6996 = VECTOR('',#6997,1.);
#6997 = DIRECTION('',(0.,-1.,0.));
#6998 = PCURVE('',#3057,#6999);
#6999 = DEFINITIONAL_REPRESENTATION('',(#7000),#7004);
#7000 = LINE('',#7001,#7002);
#7001 = CARTESIAN_POINT('',(0.,0.));
#7002 = VECTOR('',#7003,1.);
#7003 = DIRECTION('',(1.,0.));
#7004 = ( GEOMETRIC_REPRESENTATION_CONTEXT(2) 
PARAMETRIC_REPRESENTATION_CONTEXT() REPRESENTATION_CONTEXT('2D SPACE',''
  ) );
#7005 = PCURVE('',#6932,#7006);
#7006 = DEFINITIONAL_REPRESENTATION('',(#7007),#7011);
#7007 = LINE('',#7008,#7009);
#7008 = CARTESIAN_POINT('',(0.9228515625,1.69921875));
#7009 = VECTOR('',#7010,1.);
#7010 = DIRECTION('',(0.,-1.));
#7011 = ( GEOMETRIC_REPRESENTATION_CONTEXT(2) 
PARAMETRIC_REPRESENTATION_CONTEXT() REPRESENTATION_CONTEXT('2D SPACE',''
  ) );
#7012 = ORIENTED_EDGE('',*,*,#7013,.T.);
#7013 = EDGE_CURVE('',#6991,#2988,#7014,.T.);
#7014 = SURFACE_CURVE('',#7015,(#7019,#7026),.PCURVE_S1.);
#7015 = LINE('',#7016,#7017);
#7016 = CARTESIAN_POINT('',(41.5869140625,-0.28271484375,8.7));
#7017 = VECTOR('',#7018,1.);
#7018 = DIRECTION('',(0.,0.,1.));
#7019 = PCURVE('',#3057,#7020);
#7020 = DEFINITIONAL_REPRESENTATION('',(#7021),#7025);
#7021 = LINE('',#7022,#7023);
#7022 = CARTESIAN_POINT('',(0.,0.));
#7023 = VECTOR('',#7024,1.);
#7024 = DIRECTION('',(0.,-1.));
#7025 = ( GEOMETRIC_REPRESENTATION_CONTEXT(2) 
PARAMETRIC_REPRESENTATION_CONTEXT() REPRESENTATION_CONTEXT('2D SPACE',''
  ) );
#7026 = PCURVE('',#3021,#7027);
#7027 = DEFINITIONAL_REPRESENTATION('',(#7028),#7032);
#7028 = LINE('',#7029,#7030);
#7029 = CARTESIAN_POINT('',(1.,0.));
#7030 = VECTOR('',#7031,1.);
#7031 = DIRECTION('',(0.,-1.));
#7032 = ( GEOMETRIC_REPRESENTATION_CONTEXT(2) 
PARAMETRIC_REPRESENTATION_CONTEXT() REPRESENTATION_CONTEXT('2D SPACE',''
  ) );
#7033 = ORIENTED_EDGE('',*,*,#3044,.F.);
#7034 = ORIENTED_EDGE('',*,*,#6944,.F.);
#7035 = ADVANCED_FACE('',(#7036),#3021,.F.);
#7036 = FACE_BOUND('',#7037,.F.);
#7037 = EDGE_LOOP('',(#7038,#7061,#7082,#7083));
#7038 = ORIENTED_EDGE('',*,*,#7039,.F.);
#7039 = EDGE_CURVE('',#7040,#6991,#7042,.T.);
#7040 = VERTEX_POINT('',#7041);
#7041 = CARTESIAN_POINT('',(41.83154296875,0.52880859375,8.7));
#7042 = SURFACE_CURVE('',#7043,(#7047,#7054),.PCURVE_S1.);
#7043 = B_SPLINE_CURVE_WITH_KNOTS('',2,(#7044,#7045,#7046),
  .UNSPECIFIED.,.F.,.F.,(3,3),(0.,1.),.PIECEWISE_BEZIER_KNOTS.);
#7044 = CARTESIAN_POINT('',(41.83154296875,0.52880859375,8.7));
#7045 = CARTESIAN_POINT('',(41.5869140625,0.31494140625,8.7));
#7046 = CARTESIAN_POINT('',(41.5869140625,-0.28271484375,8.7));
#7047 = PCURVE('',#3021,#7048);
#7048 = DEFINITIONAL_REPRESENTATION('',(#7049),#7053);
#7049 = LINE('',#7050,#7051);
#7050 = CARTESIAN_POINT('',(0.,0.));
#7051 = VECTOR('',#7052,1.);
#7052 = DIRECTION('',(1.,0.));
#7053 = ( GEOMETRIC_REPRESENTATION_CONTEXT(2) 
PARAMETRIC_REPRESENTATION_CONTEXT() REPRESENTATION_CONTEXT('2D SPACE',''
  ) );
#7054 = PCURVE('',#6932,#7055);
#7055 = DEFINITIONAL_REPRESENTATION('',(#7056),#7060);
#7056 = B_SPLINE_CURVE_WITH_KNOTS('',2,(#7057,#7058,#7059),
  .UNSPECIFIED.,.F.,.F.,(3,3),(0.,1.),.PIECEWISE_BEZIER_KNOTS.);
#7057 = CARTESIAN_POINT('',(1.16748046875,2.5107421875));
#7058 = CARTESIAN_POINT('',(0.9228515625,2.296875));
#7059 = CARTESIAN_POINT('',(0.9228515625,1.69921875));
#7060 = ( GEOMETRIC_REPRESENTATION_CONTEXT(2) 
PARAMETRIC_REPRESENTATION_CONTEXT() REPRESENTATION_CONTEXT('2D SPACE',''
  ) );
#7061 = ORIENTED_EDGE('',*,*,#7062,.T.);
#7062 = EDGE_CURVE('',#7040,#2937,#7063,.T.);
#7063 = SURFACE_CURVE('',#7064,(#7068,#7075),.PCURVE_S1.);
#7064 = LINE('',#7065,#7066);
#7065 = CARTESIAN_POINT('',(41.83154296875,0.52880859375,8.7));
#7066 = VECTOR('',#7067,1.);
#7067 = DIRECTION('',(0.,0.,1.));
#7068 = PCURVE('',#3021,#7069);
#7069 = DEFINITIONAL_REPRESENTATION('',(#7070),#7074);
#7070 = LINE('',#7071,#7072);
#7071 = CARTESIAN_POINT('',(0.,0.));
#7072 = VECTOR('',#7073,1.);
#7073 = DIRECTION('',(0.,-1.));
#7074 = ( GEOMETRIC_REPRESENTATION_CONTEXT(2) 
PARAMETRIC_REPRESENTATION_CONTEXT() REPRESENTATION_CONTEXT('2D SPACE',''
  ) );
#7075 = PCURVE('',#2966,#7076);
#7076 = DEFINITIONAL_REPRESENTATION('',(#7077),#7081);
#7077 = LINE('',#7078,#7079);
#7078 = CARTESIAN_POINT('',(1.,0.));
#7079 = VECTOR('',#7080,1.);
#7080 = DIRECTION('',(0.,-1.));
#7081 = ( GEOMETRIC_REPRESENTATION_CONTEXT(2) 
PARAMETRIC_REPRESENTATION_CONTEXT() REPRESENTATION_CONTEXT('2D SPACE',''
  ) );
#7082 = ORIENTED_EDGE('',*,*,#2987,.F.);
#7083 = ORIENTED_EDGE('',*,*,#7013,.F.);
#7084 = ADVANCED_FACE('',(#7085),#2966,.F.);
#7085 = FACE_BOUND('',#7086,.F.);
#7086 = EDGE_LOOP('',(#7087,#7110,#7131,#7132));
#7087 = ORIENTED_EDGE('',*,*,#7088,.F.);
#7088 = EDGE_CURVE('',#7089,#7040,#7091,.T.);
#7089 = VERTEX_POINT('',#7090);
#7090 = CARTESIAN_POINT('',(42.4130859375,0.74267578125,8.7));
#7091 = SURFACE_CURVE('',#7092,(#7096,#7103),.PCURVE_S1.);
#7092 = B_SPLINE_CURVE_WITH_KNOTS('',2,(#7093,#7094,#7095),
  .UNSPECIFIED.,.F.,.F.,(3,3),(0.,1.),.PIECEWISE_BEZIER_KNOTS.);
#7093 = CARTESIAN_POINT('',(42.4130859375,0.74267578125,8.7));
#7094 = CARTESIAN_POINT('',(42.076171875,0.74267578125,8.7));
#7095 = CARTESIAN_POINT('',(41.83154296875,0.52880859375,8.7));
#7096 = PCURVE('',#2966,#7097);
#7097 = DEFINITIONAL_REPRESENTATION('',(#7098),#7102);
#7098 = LINE('',#7099,#7100);
#7099 = CARTESIAN_POINT('',(0.,0.));
#7100 = VECTOR('',#7101,1.);
#7101 = DIRECTION('',(1.,0.));
#7102 = ( GEOMETRIC_REPRESENTATION_CONTEXT(2) 
PARAMETRIC_REPRESENTATION_CONTEXT() REPRESENTATION_CONTEXT('2D SPACE',''
  ) );
#7103 = PCURVE('',#6932,#7104);
#7104 = DEFINITIONAL_REPRESENTATION('',(#7105),#7109);
#7105 = B_SPLINE_CURVE_WITH_KNOTS('',2,(#7106,#7107,#7108),
  .UNSPECIFIED.,.F.,.F.,(3,3),(0.,1.),.PIECEWISE_BEZIER_KNOTS.);
#7106 = CARTESIAN_POINT('',(1.7490234375,2.724609375));
#7107 = CARTESIAN_POINT('',(1.412109375,2.724609375));
#7108 = CARTESIAN_POINT('',(1.16748046875,2.5107421875));
#7109 = ( GEOMETRIC_REPRESENTATION_CONTEXT(2) 
PARAMETRIC_REPRESENTATION_CONTEXT() REPRESENTATION_CONTEXT('2D SPACE',''
  ) );
#7110 = ORIENTED_EDGE('',*,*,#7111,.T.);
#7111 = EDGE_CURVE('',#7089,#2898,#7112,.T.);
#7112 = SURFACE_CURVE('',#7113,(#7117,#7124),.PCURVE_S1.);
#7113 = LINE('',#7114,#7115);
#7114 = CARTESIAN_POINT('',(42.4130859375,0.74267578125,8.7));
#7115 = VECTOR('',#7116,1.);
#7116 = DIRECTION('',(0.,0.,1.));
#7117 = PCURVE('',#2966,#7118);
#7118 = DEFINITIONAL_REPRESENTATION('',(#7119),#7123);
#7119 = LINE('',#7120,#7121);
#7120 = CARTESIAN_POINT('',(0.,0.));
#7121 = VECTOR('',#7122,1.);
#7122 = DIRECTION('',(0.,-1.));
#7123 = ( GEOMETRIC_REPRESENTATION_CONTEXT(2) 
PARAMETRIC_REPRESENTATION_CONTEXT() REPRESENTATION_CONTEXT('2D SPACE',''
  ) );
#7124 = PCURVE('',#2919,#7125);
#7125 = DEFINITIONAL_REPRESENTATION('',(#7126),#7130);
#7126 = LINE('',#7127,#7128);
#7127 = CARTESIAN_POINT('',(1.,0.));
#7128 = VECTOR('',#7129,1.);
#7129 = DIRECTION('',(0.,-1.));
#7130 = ( GEOMETRIC_REPRESENTATION_CONTEXT(2) 
PARAMETRIC_REPRESENTATION_CONTEXT() REPRESENTATION_CONTEXT('2D SPACE',''
  ) );
#7131 = ORIENTED_EDGE('',*,*,#2936,.F.);
#7132 = ORIENTED_EDGE('',*,*,#7062,.F.);
#7133 = ADVANCED_FACE('',(#7134),#2919,.F.);
#7134 = FACE_BOUND('',#7135,.F.);
#7135 = EDGE_LOOP('',(#7136,#7159,#7180,#7181));
#7136 = ORIENTED_EDGE('',*,*,#7137,.F.);
#7137 = EDGE_CURVE('',#7138,#7089,#7140,.T.);
#7138 = VERTEX_POINT('',#7139);
#7139 = CARTESIAN_POINT('',(42.78076171875,0.6474609375,8.7));
#7140 = SURFACE_CURVE('',#7141,(#7145,#7152),.PCURVE_S1.);
#7141 = B_SPLINE_CURVE_WITH_KNOTS('',2,(#7142,#7143,#7144),
  .UNSPECIFIED.,.F.,.F.,(3,3),(0.,1.),.PIECEWISE_BEZIER_KNOTS.);
#7142 = CARTESIAN_POINT('',(42.78076171875,0.6474609375,8.7));
#7143 = CARTESIAN_POINT('',(42.6240234375,0.74267578125,8.7));
#7144 = CARTESIAN_POINT('',(42.4130859375,0.74267578125,8.7));
#7145 = PCURVE('',#2919,#7146);
#7146 = DEFINITIONAL_REPRESENTATION('',(#7147),#7151);
#7147 = LINE('',#7148,#7149);
#7148 = CARTESIAN_POINT('',(0.,0.));
#7149 = VECTOR('',#7150,1.);
#7150 = DIRECTION('',(1.,0.));
#7151 = ( GEOMETRIC_REPRESENTATION_CONTEXT(2) 
PARAMETRIC_REPRESENTATION_CONTEXT() REPRESENTATION_CONTEXT('2D SPACE',''
  ) );
#7152 = PCURVE('',#6932,#7153);
#7153 = DEFINITIONAL_REPRESENTATION('',(#7154),#7158);
#7154 = B_SPLINE_CURVE_WITH_KNOTS('',2,(#7155,#7156,#7157),
  .UNSPECIFIED.,.F.,.F.,(3,3),(0.,1.),.PIECEWISE_BEZIER_KNOTS.);
#7155 = CARTESIAN_POINT('',(2.11669921875,2.62939453125));
#7156 = CARTESIAN_POINT('',(1.9599609375,2.724609375));
#7157 = CARTESIAN_POINT('',(1.7490234375,2.724609375));
#7158 = ( GEOMETRIC_REPRESENTATION_CONTEXT(2) 
PARAMETRIC_REPRESENTATION_CONTEXT() REPRESENTATION_CONTEXT('2D SPACE',''
  ) );
#7159 = ORIENTED_EDGE('',*,*,#7160,.T.);
#7160 = EDGE_CURVE('',#7138,#2847,#7161,.T.);
#7161 = SURFACE_CURVE('',#7162,(#7166,#7173),.PCURVE_S1.);
#7162 = LINE('',#7163,#7164);
#7163 = CARTESIAN_POINT('',(42.78076171875,0.6474609375,8.7));
#7164 = VECTOR('',#7165,1.);
#7165 = DIRECTION('',(0.,0.,1.));
#7166 = PCURVE('',#2919,#7167);
#7167 = DEFINITIONAL_REPRESENTATION('',(#7168),#7172);
#7168 = LINE('',#7169,#7170);
#7169 = CARTESIAN_POINT('',(0.,0.));
#7170 = VECTOR('',#7171,1.);
#7171 = DIRECTION('',(0.,-1.));
#7172 = ( GEOMETRIC_REPRESENTATION_CONTEXT(2) 
PARAMETRIC_REPRESENTATION_CONTEXT() REPRESENTATION_CONTEXT('2D SPACE',''
  ) );
#7173 = PCURVE('',#2876,#7174);
#7174 = DEFINITIONAL_REPRESENTATION('',(#7175),#7179);
#7175 = LINE('',#7176,#7177);
#7176 = CARTESIAN_POINT('',(1.,0.));
#7177 = VECTOR('',#7178,1.);
#7178 = DIRECTION('',(0.,-1.));
#7179 = ( GEOMETRIC_REPRESENTATION_CONTEXT(2) 
PARAMETRIC_REPRESENTATION_CONTEXT() REPRESENTATION_CONTEXT('2D SPACE',''
  ) );
#7180 = ORIENTED_EDGE('',*,*,#2897,.F.);
#7181 = ORIENTED_EDGE('',*,*,#7111,.F.);
#7182 = ADVANCED_FACE('',(#7183),#2876,.F.);
#7183 = FACE_BOUND('',#7184,.F.);
#7184 = EDGE_LOOP('',(#7185,#7208,#7229,#7230));
#7185 = ORIENTED_EDGE('',*,*,#7186,.F.);
#7186 = EDGE_CURVE('',#7187,#7138,#7189,.T.);
#7187 = VERTEX_POINT('',#7188);
#7188 = CARTESIAN_POINT('',(42.9990234375,0.392578125,8.7));
#7189 = SURFACE_CURVE('',#7190,(#7194,#7201),.PCURVE_S1.);
#7190 = B_SPLINE_CURVE_WITH_KNOTS('',2,(#7191,#7192,#7193),
  .UNSPECIFIED.,.F.,.F.,(3,3),(0.,1.),.PIECEWISE_BEZIER_KNOTS.);
#7191 = CARTESIAN_POINT('',(42.9990234375,0.392578125,8.7));
#7192 = CARTESIAN_POINT('',(42.9375,0.55224609375,8.7));
#7193 = CARTESIAN_POINT('',(42.78076171875,0.6474609375,8.7));
#7194 = PCURVE('',#2876,#7195);
#7195 = DEFINITIONAL_REPRESENTATION('',(#7196),#7200);
#7196 = LINE('',#7197,#7198);
#7197 = CARTESIAN_POINT('',(0.,0.));
#7198 = VECTOR('',#7199,1.);
#7199 = DIRECTION('',(1.,0.));
#7200 = ( GEOMETRIC_REPRESENTATION_CONTEXT(2) 
PARAMETRIC_REPRESENTATION_CONTEXT() REPRESENTATION_CONTEXT('2D SPACE',''
  ) );
#7201 = PCURVE('',#6932,#7202);
#7202 = DEFINITIONAL_REPRESENTATION('',(#7203),#7207);
#7203 = B_SPLINE_CURVE_WITH_KNOTS('',2,(#7204,#7205,#7206),
  .UNSPECIFIED.,.F.,.F.,(3,3),(0.,1.),.PIECEWISE_BEZIER_KNOTS.);
#7204 = CARTESIAN_POINT('',(2.3349609375,2.37451171875));
#7205 = CARTESIAN_POINT('',(2.2734375,2.5341796875));
#7206 = CARTESIAN_POINT('',(2.11669921875,2.62939453125));
#7207 = ( GEOMETRIC_REPRESENTATION_CONTEXT(2) 
PARAMETRIC_REPRESENTATION_CONTEXT() REPRESENTATION_CONTEXT('2D SPACE',''
  ) );
#7208 = ORIENTED_EDGE('',*,*,#7209,.T.);
#7209 = EDGE_CURVE('',#7187,#2805,#7210,.T.);
#7210 = SURFACE_CURVE('',#7211,(#7215,#7222),.PCURVE_S1.);
#7211 = LINE('',#7212,#7213);
#7212 = CARTESIAN_POINT('',(42.9990234375,0.392578125,8.7));
#7213 = VECTOR('',#7214,1.);
#7214 = DIRECTION('',(0.,0.,1.));
#7215 = PCURVE('',#2876,#7216);
#7216 = DEFINITIONAL_REPRESENTATION('',(#7217),#7221);
#7217 = LINE('',#7218,#7219);
#7218 = CARTESIAN_POINT('',(0.,0.));
#7219 = VECTOR('',#7220,1.);
#7220 = DIRECTION('',(0.,-1.));
#7221 = ( GEOMETRIC_REPRESENTATION_CONTEXT(2) 
PARAMETRIC_REPRESENTATION_CONTEXT() REPRESENTATION_CONTEXT('2D SPACE',''
  ) );
#7222 = PCURVE('',#2828,#7223);
#7223 = DEFINITIONAL_REPRESENTATION('',(#7224),#7228);
#7224 = LINE('',#7225,#7226);
#7225 = CARTESIAN_POINT('',(1.,0.));
#7226 = VECTOR('',#7227,1.);
#7227 = DIRECTION('',(0.,-1.));
#7228 = ( GEOMETRIC_REPRESENTATION_CONTEXT(2) 
PARAMETRIC_REPRESENTATION_CONTEXT() REPRESENTATION_CONTEXT('2D SPACE',''
  ) );
#7229 = ORIENTED_EDGE('',*,*,#2846,.F.);
#7230 = ORIENTED_EDGE('',*,*,#7160,.F.);
#7231 = ADVANCED_FACE('',(#7232),#2828,.F.);
#7232 = FACE_BOUND('',#7233,.F.);
#7233 = EDGE_LOOP('',(#7234,#7257,#7278,#7279));
#7234 = ORIENTED_EDGE('',*,*,#7235,.F.);
#7235 = EDGE_CURVE('',#7236,#7187,#7238,.T.);
#7236 = VERTEX_POINT('',#7237);
#7237 = CARTESIAN_POINT('',(43.060546875,-8.935546875E-02,8.7));
#7238 = SURFACE_CURVE('',#7239,(#7243,#7250),.PCURVE_S1.);
#7239 = B_SPLINE_CURVE_WITH_KNOTS('',2,(#7240,#7241,#7242),
  .UNSPECIFIED.,.F.,.F.,(3,3),(0.,1.),.PIECEWISE_BEZIER_KNOTS.);
#7240 = CARTESIAN_POINT('',(43.060546875,-8.935546875E-02,8.7));
#7241 = CARTESIAN_POINT('',(43.060546875,0.23291015625,8.7));
#7242 = CARTESIAN_POINT('',(42.9990234375,0.392578125,8.7));
#7243 = PCURVE('',#2828,#7244);
#7244 = DEFINITIONAL_REPRESENTATION('',(#7245),#7249);
#7245 = LINE('',#7246,#7247);
#7246 = CARTESIAN_POINT('',(0.,0.));
#7247 = VECTOR('',#7248,1.);
#7248 = DIRECTION('',(1.,0.));
#7249 = ( GEOMETRIC_REPRESENTATION_CONTEXT(2) 
PARAMETRIC_REPRESENTATION_CONTEXT() REPRESENTATION_CONTEXT('2D SPACE',''
  ) );
#7250 = PCURVE('',#6932,#7251);
#7251 = DEFINITIONAL_REPRESENTATION('',(#7252),#7256);
#7252 = B_SPLINE_CURVE_WITH_KNOTS('',2,(#7253,#7254,#7255),
  .UNSPECIFIED.,.F.,.F.,(3,3),(0.,1.),.PIECEWISE_BEZIER_KNOTS.);
#7253 = CARTESIAN_POINT('',(2.396484375,1.892578125));
#7254 = CARTESIAN_POINT('',(2.396484375,2.21484375));
#7255 = CARTESIAN_POINT('',(2.3349609375,2.37451171875));
#7256 = ( GEOMETRIC_REPRESENTATION_CONTEXT(2) 
PARAMETRIC_REPRESENTATION_CONTEXT() REPRESENTATION_CONTEXT('2D SPACE',''
  ) );
#7257 = ORIENTED_EDGE('',*,*,#7258,.T.);
#7258 = EDGE_CURVE('',#7236,#2779,#7259,.T.);
#7259 = SURFACE_CURVE('',#7260,(#7264,#7271),.PCURVE_S1.);
#7260 = LINE('',#7261,#7262);
#7261 = CARTESIAN_POINT('',(43.060546875,-8.935546875E-02,8.7));
#7262 = VECTOR('',#7263,1.);
#7263 = DIRECTION('',(0.,0.,1.));
#7264 = PCURVE('',#2828,#7265);
#7265 = DEFINITIONAL_REPRESENTATION('',(#7266),#7270);
#7266 = LINE('',#7267,#7268);
#7267 = CARTESIAN_POINT('',(0.,0.));
#7268 = VECTOR('',#7269,1.);
#7269 = DIRECTION('',(0.,-1.));
#7270 = ( GEOMETRIC_REPRESENTATION_CONTEXT(2) 
PARAMETRIC_REPRESENTATION_CONTEXT() REPRESENTATION_CONTEXT('2D SPACE',''
  ) );
#7271 = PCURVE('',#2793,#7272);
#7272 = DEFINITIONAL_REPRESENTATION('',(#7273),#7277);
#7273 = LINE('',#7274,#7275);
#7274 = CARTESIAN_POINT('',(1.892578125,0.));
#7275 = VECTOR('',#7276,1.);
#7276 = DIRECTION('',(0.,-1.));
#7277 = ( GEOMETRIC_REPRESENTATION_CONTEXT(2) 
PARAMETRIC_REPRESENTATION_CONTEXT() REPRESENTATION_CONTEXT('2D SPACE',''
  ) );
#7278 = ORIENTED_EDGE('',*,*,#2804,.F.);
#7279 = ORIENTED_EDGE('',*,*,#7209,.F.);
#7280 = ADVANCED_FACE('',(#7281),#2793,.F.);
#7281 = FACE_BOUND('',#7282,.F.);
#7282 = EDGE_LOOP('',(#7283,#7306,#7327,#7328));
#7283 = ORIENTED_EDGE('',*,*,#7284,.F.);
#7284 = EDGE_CURVE('',#7285,#7236,#7287,.T.);
#7285 = VERTEX_POINT('',#7286);
#7286 = CARTESIAN_POINT('',(43.060546875,-1.98193359375,8.7));
#7287 = SURFACE_CURVE('',#7288,(#7292,#7299),.PCURVE_S1.);
#7288 = LINE('',#7289,#7290);
#7289 = CARTESIAN_POINT('',(43.060546875,-1.98193359375,8.7));
#7290 = VECTOR('',#7291,1.);
#7291 = DIRECTION('',(0.,1.,0.));
#7292 = PCURVE('',#2793,#7293);
#7293 = DEFINITIONAL_REPRESENTATION('',(#7294),#7298);
#7294 = LINE('',#7295,#7296);
#7295 = CARTESIAN_POINT('',(0.,0.));
#7296 = VECTOR('',#7297,1.);
#7297 = DIRECTION('',(1.,0.));
#7298 = ( GEOMETRIC_REPRESENTATION_CONTEXT(2) 
PARAMETRIC_REPRESENTATION_CONTEXT() REPRESENTATION_CONTEXT('2D SPACE',''
  ) );
#7299 = PCURVE('',#6932,#7300);
#7300 = DEFINITIONAL_REPRESENTATION('',(#7301),#7305);
#7301 = LINE('',#7302,#7303);
#7302 = CARTESIAN_POINT('',(2.396484375,0.));
#7303 = VECTOR('',#7304,1.);
#7304 = DIRECTION('',(0.,1.));
#7305 = ( GEOMETRIC_REPRESENTATION_CONTEXT(2) 
PARAMETRIC_REPRESENTATION_CONTEXT() REPRESENTATION_CONTEXT('2D SPACE',''
  ) );
#7306 = ORIENTED_EDGE('',*,*,#7307,.T.);
#7307 = EDGE_CURVE('',#7285,#2753,#7308,.T.);
#7308 = SURFACE_CURVE('',#7309,(#7313,#7320),.PCURVE_S1.);
#7309 = LINE('',#7310,#7311);
#7310 = CARTESIAN_POINT('',(43.060546875,-1.98193359375,8.7));
#7311 = VECTOR('',#7312,1.);
#7312 = DIRECTION('',(0.,0.,1.));
#7313 = PCURVE('',#2793,#7314);
#7314 = DEFINITIONAL_REPRESENTATION('',(#7315),#7319);
#7315 = LINE('',#7316,#7317);
#7316 = CARTESIAN_POINT('',(0.,0.));
#7317 = VECTOR('',#7318,1.);
#7318 = DIRECTION('',(0.,-1.));
#7319 = ( GEOMETRIC_REPRESENTATION_CONTEXT(2) 
PARAMETRIC_REPRESENTATION_CONTEXT() REPRESENTATION_CONTEXT('2D SPACE',''
  ) );
#7320 = PCURVE('',#2767,#7321);
#7321 = DEFINITIONAL_REPRESENTATION('',(#7322),#7326);
#7322 = LINE('',#7323,#7324);
#7323 = CARTESIAN_POINT('',(0.52734375,0.));
#7324 = VECTOR('',#7325,1.);
#7325 = DIRECTION('',(0.,-1.));
#7326 = ( GEOMETRIC_REPRESENTATION_CONTEXT(2) 
PARAMETRIC_REPRESENTATION_CONTEXT() REPRESENTATION_CONTEXT('2D SPACE',''
  ) );
#7327 = ORIENTED_EDGE('',*,*,#2778,.F.);
#7328 = ORIENTED_EDGE('',*,*,#7258,.F.);
#7329 = ADVANCED_FACE('',(#7330),#2767,.F.);
#7330 = FACE_BOUND('',#7331,.F.);
#7331 = EDGE_LOOP('',(#7332,#7355,#7376,#7377));
#7332 = ORIENTED_EDGE('',*,*,#7333,.F.);
#7333 = EDGE_CURVE('',#7334,#7285,#7336,.T.);
#7334 = VERTEX_POINT('',#7335);
#7335 = CARTESIAN_POINT('',(43.587890625,-1.98193359375,8.7));
#7336 = SURFACE_CURVE('',#7337,(#7341,#7348),.PCURVE_S1.);
#7337 = LINE('',#7338,#7339);
#7338 = CARTESIAN_POINT('',(43.587890625,-1.98193359375,8.7));
#7339 = VECTOR('',#7340,1.);
#7340 = DIRECTION('',(-1.,0.,0.));
#7341 = PCURVE('',#2767,#7342);
#7342 = DEFINITIONAL_REPRESENTATION('',(#7343),#7347);
#7343 = LINE('',#7344,#7345);
#7344 = CARTESIAN_POINT('',(0.,-0.));
#7345 = VECTOR('',#7346,1.);
#7346 = DIRECTION('',(1.,0.));
#7347 = ( GEOMETRIC_REPRESENTATION_CONTEXT(2) 
PARAMETRIC_REPRESENTATION_CONTEXT() REPRESENTATION_CONTEXT('2D SPACE',''
  ) );
#7348 = PCURVE('',#6932,#7349);
#7349 = DEFINITIONAL_REPRESENTATION('',(#7350),#7354);
#7350 = LINE('',#7351,#7352);
#7351 = CARTESIAN_POINT('',(2.923828125,0.));
#7352 = VECTOR('',#7353,1.);
#7353 = DIRECTION('',(-1.,0.));
#7354 = ( GEOMETRIC_REPRESENTATION_CONTEXT(2) 
PARAMETRIC_REPRESENTATION_CONTEXT() REPRESENTATION_CONTEXT('2D SPACE',''
  ) );
#7355 = ORIENTED_EDGE('',*,*,#7356,.T.);
#7356 = EDGE_CURVE('',#7334,#2727,#7357,.T.);
#7357 = SURFACE_CURVE('',#7358,(#7362,#7369),.PCURVE_S1.);
#7358 = LINE('',#7359,#7360);
#7359 = CARTESIAN_POINT('',(43.587890625,-1.98193359375,8.7));
#7360 = VECTOR('',#7361,1.);
#7361 = DIRECTION('',(0.,0.,1.));
#7362 = PCURVE('',#2767,#7363);
#7363 = DEFINITIONAL_REPRESENTATION('',(#7364),#7368);
#7364 = LINE('',#7365,#7366);
#7365 = CARTESIAN_POINT('',(0.,-0.));
#7366 = VECTOR('',#7367,1.);
#7367 = DIRECTION('',(0.,-1.));
#7368 = ( GEOMETRIC_REPRESENTATION_CONTEXT(2) 
PARAMETRIC_REPRESENTATION_CONTEXT() REPRESENTATION_CONTEXT('2D SPACE',''
  ) );
#7369 = PCURVE('',#2741,#7370);
#7370 = DEFINITIONAL_REPRESENTATION('',(#7371),#7375);
#7371 = LINE('',#7372,#7373);
#7372 = CARTESIAN_POINT('',(1.9130859375,0.));
#7373 = VECTOR('',#7374,1.);
#7374 = DIRECTION('',(0.,-1.));
#7375 = ( GEOMETRIC_REPRESENTATION_CONTEXT(2) 
PARAMETRIC_REPRESENTATION_CONTEXT() REPRESENTATION_CONTEXT('2D SPACE',''
  ) );
#7376 = ORIENTED_EDGE('',*,*,#2752,.F.);
#7377 = ORIENTED_EDGE('',*,*,#7307,.F.);
#7378 = ADVANCED_FACE('',(#7379),#2741,.F.);
#7379 = FACE_BOUND('',#7380,.F.);
#7380 = EDGE_LOOP('',(#7381,#7404,#7425,#7426));
#7381 = ORIENTED_EDGE('',*,*,#7382,.F.);
#7382 = EDGE_CURVE('',#7383,#7334,#7385,.T.);
#7383 = VERTEX_POINT('',#7384);
#7384 = CARTESIAN_POINT('',(43.587890625,-6.884765625E-02,8.7));
#7385 = SURFACE_CURVE('',#7386,(#7390,#7397),.PCURVE_S1.);
#7386 = LINE('',#7387,#7388);
#7387 = CARTESIAN_POINT('',(43.587890625,-6.884765625E-02,8.7));
#7388 = VECTOR('',#7389,1.);
#7389 = DIRECTION('',(0.,-1.,0.));
#7390 = PCURVE('',#2741,#7391);
#7391 = DEFINITIONAL_REPRESENTATION('',(#7392),#7396);
#7392 = LINE('',#7393,#7394);
#7393 = CARTESIAN_POINT('',(0.,0.));
#7394 = VECTOR('',#7395,1.);
#7395 = DIRECTION('',(1.,0.));
#7396 = ( GEOMETRIC_REPRESENTATION_CONTEXT(2) 
PARAMETRIC_REPRESENTATION_CONTEXT() REPRESENTATION_CONTEXT('2D SPACE',''
  ) );
#7397 = PCURVE('',#6932,#7398);
#7398 = DEFINITIONAL_REPRESENTATION('',(#7399),#7403);
#7399 = LINE('',#7400,#7401);
#7400 = CARTESIAN_POINT('',(2.923828125,1.9130859375));
#7401 = VECTOR('',#7402,1.);
#7402 = DIRECTION('',(0.,-1.));
#7403 = ( GEOMETRIC_REPRESENTATION_CONTEXT(2) 
PARAMETRIC_REPRESENTATION_CONTEXT() REPRESENTATION_CONTEXT('2D SPACE',''
  ) );
#7404 = ORIENTED_EDGE('',*,*,#7405,.T.);
#7405 = EDGE_CURVE('',#7383,#2685,#7406,.T.);
#7406 = SURFACE_CURVE('',#7407,(#7411,#7418),.PCURVE_S1.);
#7407 = LINE('',#7408,#7409);
#7408 = CARTESIAN_POINT('',(43.587890625,-6.884765625E-02,8.7));
#7409 = VECTOR('',#7410,1.);
#7410 = DIRECTION('',(0.,0.,1.));
#7411 = PCURVE('',#2741,#7412);
#7412 = DEFINITIONAL_REPRESENTATION('',(#7413),#7417);
#7413 = LINE('',#7414,#7415);
#7414 = CARTESIAN_POINT('',(0.,0.));
#7415 = VECTOR('',#7416,1.);
#7416 = DIRECTION('',(0.,-1.));
#7417 = ( GEOMETRIC_REPRESENTATION_CONTEXT(2) 
PARAMETRIC_REPRESENTATION_CONTEXT() REPRESENTATION_CONTEXT('2D SPACE',''
  ) );
#7418 = PCURVE('',#2708,#7419);
#7419 = DEFINITIONAL_REPRESENTATION('',(#7420),#7424);
#7420 = LINE('',#7421,#7422);
#7421 = CARTESIAN_POINT('',(1.,0.));
#7422 = VECTOR('',#7423,1.);
#7423 = DIRECTION('',(0.,-1.));
#7424 = ( GEOMETRIC_REPRESENTATION_CONTEXT(2) 
PARAMETRIC_REPRESENTATION_CONTEXT() REPRESENTATION_CONTEXT('2D SPACE',''
  ) );
#7425 = ORIENTED_EDGE('',*,*,#2726,.F.);
#7426 = ORIENTED_EDGE('',*,*,#7356,.F.);
#7427 = ADVANCED_FACE('',(#7428),#2708,.F.);
#7428 = FACE_BOUND('',#7429,.F.);
#7429 = EDGE_LOOP('',(#7430,#7453,#7474,#7475));
#7430 = ORIENTED_EDGE('',*,*,#7431,.F.);
#7431 = EDGE_CURVE('',#7432,#7383,#7434,.T.);
#7432 = VERTEX_POINT('',#7433);
#7433 = CARTESIAN_POINT('',(43.55859375,0.44384765625,8.7));
#7434 = SURFACE_CURVE('',#7435,(#7439,#7446),.PCURVE_S1.);
#7435 = B_SPLINE_CURVE_WITH_KNOTS('',2,(#7436,#7437,#7438),
  .UNSPECIFIED.,.F.,.F.,(3,3),(0.,1.),.PIECEWISE_BEZIER_KNOTS.);
#7436 = CARTESIAN_POINT('',(43.55859375,0.44384765625,8.7));
#7437 = CARTESIAN_POINT('',(43.587890625,0.29736328125,8.7));
#7438 = CARTESIAN_POINT('',(43.587890625,-6.884765625E-02,8.7));
#7439 = PCURVE('',#2708,#7440);
#7440 = DEFINITIONAL_REPRESENTATION('',(#7441),#7445);
#7441 = LINE('',#7442,#7443);
#7442 = CARTESIAN_POINT('',(0.,0.));
#7443 = VECTOR('',#7444,1.);
#7444 = DIRECTION('',(1.,0.));
#7445 = ( GEOMETRIC_REPRESENTATION_CONTEXT(2) 
PARAMETRIC_REPRESENTATION_CONTEXT() REPRESENTATION_CONTEXT('2D SPACE',''
  ) );
#7446 = PCURVE('',#6932,#7447);
#7447 = DEFINITIONAL_REPRESENTATION('',(#7448),#7452);
#7448 = B_SPLINE_CURVE_WITH_KNOTS('',2,(#7449,#7450,#7451),
  .UNSPECIFIED.,.F.,.F.,(3,3),(0.,1.),.PIECEWISE_BEZIER_KNOTS.);
#7449 = CARTESIAN_POINT('',(2.89453125,2.42578125));
#7450 = CARTESIAN_POINT('',(2.923828125,2.279296875));
#7451 = CARTESIAN_POINT('',(2.923828125,1.9130859375));
#7452 = ( GEOMETRIC_REPRESENTATION_CONTEXT(2) 
PARAMETRIC_REPRESENTATION_CONTEXT() REPRESENTATION_CONTEXT('2D SPACE',''
  ) );
#7453 = ORIENTED_EDGE('',*,*,#7454,.T.);
#7454 = EDGE_CURVE('',#7432,#2646,#7455,.T.);
#7455 = SURFACE_CURVE('',#7456,(#7460,#7467),.PCURVE_S1.);
#7456 = LINE('',#7457,#7458);
#7457 = CARTESIAN_POINT('',(43.55859375,0.44384765625,8.7));
#7458 = VECTOR('',#7459,1.);
#7459 = DIRECTION('',(0.,0.,1.));
#7460 = PCURVE('',#2708,#7461);
#7461 = DEFINITIONAL_REPRESENTATION('',(#7462),#7466);
#7462 = LINE('',#7463,#7464);
#7463 = CARTESIAN_POINT('',(0.,0.));
#7464 = VECTOR('',#7465,1.);
#7465 = DIRECTION('',(0.,-1.));
#7466 = ( GEOMETRIC_REPRESENTATION_CONTEXT(2) 
PARAMETRIC_REPRESENTATION_CONTEXT() REPRESENTATION_CONTEXT('2D SPACE',''
  ) );
#7467 = PCURVE('',#2667,#7468);
#7468 = DEFINITIONAL_REPRESENTATION('',(#7469),#7473);
#7469 = LINE('',#7470,#7471);
#7470 = CARTESIAN_POINT('',(1.,0.));
#7471 = VECTOR('',#7472,1.);
#7472 = DIRECTION('',(0.,-1.));
#7473 = ( GEOMETRIC_REPRESENTATION_CONTEXT(2) 
PARAMETRIC_REPRESENTATION_CONTEXT() REPRESENTATION_CONTEXT('2D SPACE',''
  ) );
#7474 = ORIENTED_EDGE('',*,*,#2684,.F.);
#7475 = ORIENTED_EDGE('',*,*,#7405,.F.);
#7476 = ADVANCED_FACE('',(#7477),#2667,.F.);
#7477 = FACE_BOUND('',#7478,.F.);
#7478 = EDGE_LOOP('',(#7479,#7502,#7523,#7524));
#7479 = ORIENTED_EDGE('',*,*,#7480,.F.);
#7480 = EDGE_CURVE('',#7481,#7432,#7483,.T.);
#7481 = VERTEX_POINT('',#7482);
#7482 = CARTESIAN_POINT('',(43.39453125,0.83349609375,8.7));
#7483 = SURFACE_CURVE('',#7484,(#7488,#7495),.PCURVE_S1.);
#7484 = B_SPLINE_CURVE_WITH_KNOTS('',2,(#7485,#7486,#7487),
  .UNSPECIFIED.,.F.,.F.,(3,3),(0.,1.),.PIECEWISE_BEZIER_KNOTS.);
#7485 = CARTESIAN_POINT('',(43.39453125,0.83349609375,8.7));
#7486 = CARTESIAN_POINT('',(43.51171875,0.66943359375,8.7));
#7487 = CARTESIAN_POINT('',(43.55859375,0.44384765625,8.7));
#7488 = PCURVE('',#2667,#7489);
#7489 = DEFINITIONAL_REPRESENTATION('',(#7490),#7494);
#7490 = LINE('',#7491,#7492);
#7491 = CARTESIAN_POINT('',(0.,0.));
#7492 = VECTOR('',#7493,1.);
#7493 = DIRECTION('',(1.,0.));
#7494 = ( GEOMETRIC_REPRESENTATION_CONTEXT(2) 
PARAMETRIC_REPRESENTATION_CONTEXT() REPRESENTATION_CONTEXT('2D SPACE',''
  ) );
#7495 = PCURVE('',#6932,#7496);
#7496 = DEFINITIONAL_REPRESENTATION('',(#7497),#7501);
#7497 = B_SPLINE_CURVE_WITH_KNOTS('',2,(#7498,#7499,#7500),
  .UNSPECIFIED.,.F.,.F.,(3,3),(0.,1.),.PIECEWISE_BEZIER_KNOTS.);
#7498 = CARTESIAN_POINT('',(2.73046875,2.8154296875));
#7499 = CARTESIAN_POINT('',(2.84765625,2.6513671875));
#7500 = CARTESIAN_POINT('',(2.89453125,2.42578125));
#7501 = ( GEOMETRIC_REPRESENTATION_CONTEXT(2) 
PARAMETRIC_REPRESENTATION_CONTEXT() REPRESENTATION_CONTEXT('2D SPACE',''
  ) );
#7502 = ORIENTED_EDGE('',*,*,#7503,.T.);
#7503 = EDGE_CURVE('',#7481,#2607,#7504,.T.);
#7504 = SURFACE_CURVE('',#7505,(#7509,#7516),.PCURVE_S1.);
#7505 = LINE('',#7506,#7507);
#7506 = CARTESIAN_POINT('',(43.39453125,0.83349609375,8.7));
#7507 = VECTOR('',#7508,1.);
#7508 = DIRECTION('',(0.,0.,1.));
#7509 = PCURVE('',#2667,#7510);
#7510 = DEFINITIONAL_REPRESENTATION('',(#7511),#7515);
#7511 = LINE('',#7512,#7513);
#7512 = CARTESIAN_POINT('',(0.,0.));
#7513 = VECTOR('',#7514,1.);
#7514 = DIRECTION('',(0.,-1.));
#7515 = ( GEOMETRIC_REPRESENTATION_CONTEXT(2) 
PARAMETRIC_REPRESENTATION_CONTEXT() REPRESENTATION_CONTEXT('2D SPACE',''
  ) );
#7516 = PCURVE('',#2628,#7517);
#7517 = DEFINITIONAL_REPRESENTATION('',(#7518),#7522);
#7518 = LINE('',#7519,#7520);
#7519 = CARTESIAN_POINT('',(1.,0.));
#7520 = VECTOR('',#7521,1.);
#7521 = DIRECTION('',(0.,-1.));
#7522 = ( GEOMETRIC_REPRESENTATION_CONTEXT(2) 
PARAMETRIC_REPRESENTATION_CONTEXT() REPRESENTATION_CONTEXT('2D SPACE',''
  ) );
#7523 = ORIENTED_EDGE('',*,*,#2645,.F.);
#7524 = ORIENTED_EDGE('',*,*,#7454,.F.);
#7525 = ADVANCED_FACE('',(#7526),#2628,.F.);
#7526 = FACE_BOUND('',#7527,.F.);
#7527 = EDGE_LOOP('',(#7528,#7551,#7572,#7573));
#7528 = ORIENTED_EDGE('',*,*,#7529,.F.);
#7529 = EDGE_CURVE('',#7530,#7481,#7532,.T.);
#7530 = VERTEX_POINT('',#7531);
#7531 = CARTESIAN_POINT('',(43.04150390625,1.0986328125,8.7));
#7532 = SURFACE_CURVE('',#7533,(#7537,#7544),.PCURVE_S1.);
#7533 = B_SPLINE_CURVE_WITH_KNOTS('',2,(#7534,#7535,#7536),
  .UNSPECIFIED.,.F.,.F.,(3,3),(0.,1.),.PIECEWISE_BEZIER_KNOTS.);
#7534 = CARTESIAN_POINT('',(43.04150390625,1.0986328125,8.7));
#7535 = CARTESIAN_POINT('',(43.27734375,0.99755859375,8.7));
#7536 = CARTESIAN_POINT('',(43.39453125,0.83349609375,8.7));
#7537 = PCURVE('',#2628,#7538);
#7538 = DEFINITIONAL_REPRESENTATION('',(#7539),#7543);
#7539 = LINE('',#7540,#7541);
#7540 = CARTESIAN_POINT('',(0.,0.));
#7541 = VECTOR('',#7542,1.);
#7542 = DIRECTION('',(1.,0.));
#7543 = ( GEOMETRIC_REPRESENTATION_CONTEXT(2) 
PARAMETRIC_REPRESENTATION_CONTEXT() REPRESENTATION_CONTEXT('2D SPACE',''
  ) );
#7544 = PCURVE('',#6932,#7545);
#7545 = DEFINITIONAL_REPRESENTATION('',(#7546),#7550);
#7546 = B_SPLINE_CURVE_WITH_KNOTS('',2,(#7547,#7548,#7549),
  .UNSPECIFIED.,.F.,.F.,(3,3),(0.,1.),.PIECEWISE_BEZIER_KNOTS.);
#7547 = CARTESIAN_POINT('',(2.37744140625,3.08056640625));
#7548 = CARTESIAN_POINT('',(2.61328125,2.9794921875));
#7549 = CARTESIAN_POINT('',(2.73046875,2.8154296875));
#7550 = ( GEOMETRIC_REPRESENTATION_CONTEXT(2) 
PARAMETRIC_REPRESENTATION_CONTEXT() REPRESENTATION_CONTEXT('2D SPACE',''
  ) );
#7551 = ORIENTED_EDGE('',*,*,#7552,.T.);
#7552 = EDGE_CURVE('',#7530,#2568,#7553,.T.);
#7553 = SURFACE_CURVE('',#7554,(#7558,#7565),.PCURVE_S1.);
#7554 = LINE('',#7555,#7556);
#7555 = CARTESIAN_POINT('',(43.04150390625,1.0986328125,8.7));
#7556 = VECTOR('',#7557,1.);
#7557 = DIRECTION('',(0.,0.,1.));
#7558 = PCURVE('',#2628,#7559);
#7559 = DEFINITIONAL_REPRESENTATION('',(#7560),#7564);
#7560 = LINE('',#7561,#7562);
#7561 = CARTESIAN_POINT('',(0.,0.));
#7562 = VECTOR('',#7563,1.);
#7563 = DIRECTION('',(0.,-1.));
#7564 = ( GEOMETRIC_REPRESENTATION_CONTEXT(2) 
PARAMETRIC_REPRESENTATION_CONTEXT() REPRESENTATION_CONTEXT('2D SPACE',''
  ) );
#7565 = PCURVE('',#2589,#7566);
#7566 = DEFINITIONAL_REPRESENTATION('',(#7567),#7571);
#7567 = LINE('',#7568,#7569);
#7568 = CARTESIAN_POINT('',(1.,0.));
#7569 = VECTOR('',#7570,1.);
#7570 = DIRECTION('',(0.,-1.));
#7571 = ( GEOMETRIC_REPRESENTATION_CONTEXT(2) 
PARAMETRIC_REPRESENTATION_CONTEXT() REPRESENTATION_CONTEXT('2D SPACE',''
  ) );
#7572 = ORIENTED_EDGE('',*,*,#2606,.F.);
#7573 = ORIENTED_EDGE('',*,*,#7503,.F.);
#7574 = ADVANCED_FACE('',(#7575),#2589,.F.);
#7575 = FACE_BOUND('',#7576,.F.);
#7576 = EDGE_LOOP('',(#7577,#7600,#7621,#7622));
#7577 = ORIENTED_EDGE('',*,*,#7578,.F.);
#7578 = EDGE_CURVE('',#7579,#7530,#7581,.T.);
#7579 = VERTEX_POINT('',#7580);
#7580 = CARTESIAN_POINT('',(42.5244140625,1.19970703125,8.7));
#7581 = SURFACE_CURVE('',#7582,(#7586,#7593),.PCURVE_S1.);
#7582 = B_SPLINE_CURVE_WITH_KNOTS('',2,(#7583,#7584,#7585),
  .UNSPECIFIED.,.F.,.F.,(3,3),(0.,1.),.PIECEWISE_BEZIER_KNOTS.);
#7583 = CARTESIAN_POINT('',(42.5244140625,1.19970703125,8.7));
#7584 = CARTESIAN_POINT('',(42.8056640625,1.19970703125,8.7));
#7585 = CARTESIAN_POINT('',(43.04150390625,1.0986328125,8.7));
#7586 = PCURVE('',#2589,#7587);
#7587 = DEFINITIONAL_REPRESENTATION('',(#7588),#7592);
#7588 = LINE('',#7589,#7590);
#7589 = CARTESIAN_POINT('',(0.,0.));
#7590 = VECTOR('',#7591,1.);
#7591 = DIRECTION('',(1.,0.));
#7592 = ( GEOMETRIC_REPRESENTATION_CONTEXT(2) 
PARAMETRIC_REPRESENTATION_CONTEXT() REPRESENTATION_CONTEXT('2D SPACE',''
  ) );
#7593 = PCURVE('',#6932,#7594);
#7594 = DEFINITIONAL_REPRESENTATION('',(#7595),#7599);
#7595 = B_SPLINE_CURVE_WITH_KNOTS('',2,(#7596,#7597,#7598),
  .UNSPECIFIED.,.F.,.F.,(3,3),(0.,1.),.PIECEWISE_BEZIER_KNOTS.);
#7596 = CARTESIAN_POINT('',(1.8603515625,3.181640625));
#7597 = CARTESIAN_POINT('',(2.1416015625,3.181640625));
#7598 = CARTESIAN_POINT('',(2.37744140625,3.08056640625));
#7599 = ( GEOMETRIC_REPRESENTATION_CONTEXT(2) 
PARAMETRIC_REPRESENTATION_CONTEXT() REPRESENTATION_CONTEXT('2D SPACE',''
  ) );
#7600 = ORIENTED_EDGE('',*,*,#7601,.T.);
#7601 = EDGE_CURVE('',#7579,#2493,#7602,.T.);
#7602 = SURFACE_CURVE('',#7603,(#7607,#7614),.PCURVE_S1.);
#7603 = LINE('',#7604,#7605);
#7604 = CARTESIAN_POINT('',(42.5244140625,1.19970703125,8.7));
#7605 = VECTOR('',#7606,1.);
#7606 = DIRECTION('',(0.,0.,1.));
#7607 = PCURVE('',#2589,#7608);
#7608 = DEFINITIONAL_REPRESENTATION('',(#7609),#7613);
#7609 = LINE('',#7610,#7611);
#7610 = CARTESIAN_POINT('',(0.,0.));
#7611 = VECTOR('',#7612,1.);
#7612 = DIRECTION('',(0.,-1.));
#7613 = ( GEOMETRIC_REPRESENTATION_CONTEXT(2) 
PARAMETRIC_REPRESENTATION_CONTEXT() REPRESENTATION_CONTEXT('2D SPACE',''
  ) );
#7614 = PCURVE('',#2538,#7615);
#7615 = DEFINITIONAL_REPRESENTATION('',(#7616),#7620);
#7616 = LINE('',#7617,#7618);
#7617 = CARTESIAN_POINT('',(1.,0.));
#7618 = VECTOR('',#7619,1.);
#7619 = DIRECTION('',(0.,-1.));
#7620 = ( GEOMETRIC_REPRESENTATION_CONTEXT(2) 
PARAMETRIC_REPRESENTATION_CONTEXT() REPRESENTATION_CONTEXT('2D SPACE',''
  ) );
#7621 = ORIENTED_EDGE('',*,*,#2567,.F.);
#7622 = ORIENTED_EDGE('',*,*,#7552,.F.);
#7623 = ADVANCED_FACE('',(#7624),#2538,.F.);
#7624 = FACE_BOUND('',#7625,.F.);
#7625 = EDGE_LOOP('',(#7626,#7649,#7670,#7671));
#7626 = ORIENTED_EDGE('',*,*,#7627,.F.);
#7627 = EDGE_CURVE('',#7628,#7579,#7630,.T.);
#7628 = VERTEX_POINT('',#7629);
#7629 = CARTESIAN_POINT('',(41.5341796875,0.68701171875,8.7));
#7630 = SURFACE_CURVE('',#7631,(#7635,#7642),.PCURVE_S1.);
#7631 = B_SPLINE_CURVE_WITH_KNOTS('',2,(#7632,#7633,#7634),
  .UNSPECIFIED.,.F.,.F.,(3,3),(0.,1.),.PIECEWISE_BEZIER_KNOTS.);
#7632 = CARTESIAN_POINT('',(41.5341796875,0.68701171875,8.7));
#7633 = CARTESIAN_POINT('',(41.876953125,1.19970703125,8.7));
#7634 = CARTESIAN_POINT('',(42.5244140625,1.19970703125,8.7));
#7635 = PCURVE('',#2538,#7636);
#7636 = DEFINITIONAL_REPRESENTATION('',(#7637),#7641);
#7637 = LINE('',#7638,#7639);
#7638 = CARTESIAN_POINT('',(0.,0.));
#7639 = VECTOR('',#7640,1.);
#7640 = DIRECTION('',(1.,0.));
#7641 = ( GEOMETRIC_REPRESENTATION_CONTEXT(2) 
PARAMETRIC_REPRESENTATION_CONTEXT() REPRESENTATION_CONTEXT('2D SPACE',''
  ) );
#7642 = PCURVE('',#6932,#7643);
#7643 = DEFINITIONAL_REPRESENTATION('',(#7644),#7648);
#7644 = B_SPLINE_CURVE_WITH_KNOTS('',2,(#7645,#7646,#7647),
  .UNSPECIFIED.,.F.,.F.,(3,3),(0.,1.),.PIECEWISE_BEZIER_KNOTS.);
#7645 = CARTESIAN_POINT('',(0.8701171875,2.6689453125));
#7646 = CARTESIAN_POINT('',(1.212890625,3.181640625));
#7647 = CARTESIAN_POINT('',(1.8603515625,3.181640625));
#7648 = ( GEOMETRIC_REPRESENTATION_CONTEXT(2) 
PARAMETRIC_REPRESENTATION_CONTEXT() REPRESENTATION_CONTEXT('2D SPACE',''
  ) );
#7649 = ORIENTED_EDGE('',*,*,#7650,.T.);
#7650 = EDGE_CURVE('',#7628,#2467,#7651,.T.);
#7651 = SURFACE_CURVE('',#7652,(#7656,#7663),.PCURVE_S1.);
#7652 = LINE('',#7653,#7654);
#7653 = CARTESIAN_POINT('',(41.5341796875,0.68701171875,8.7));
#7654 = VECTOR('',#7655,1.);
#7655 = DIRECTION('',(0.,0.,1.));
#7656 = PCURVE('',#2538,#7657);
#7657 = DEFINITIONAL_REPRESENTATION('',(#7658),#7662);
#7658 = LINE('',#7659,#7660);
#7659 = CARTESIAN_POINT('',(0.,0.));
#7660 = VECTOR('',#7661,1.);
#7661 = DIRECTION('',(0.,-1.));
#7662 = ( GEOMETRIC_REPRESENTATION_CONTEXT(2) 
PARAMETRIC_REPRESENTATION_CONTEXT() REPRESENTATION_CONTEXT('2D SPACE',''
  ) );
#7663 = PCURVE('',#2481,#7664);
#7664 = DEFINITIONAL_REPRESENTATION('',(#7665),#7669);
#7665 = LINE('',#7666,#7667);
#7666 = CARTESIAN_POINT('',(0.4423828125,0.));
#7667 = VECTOR('',#7668,1.);
#7668 = DIRECTION('',(0.,-1.));
#7669 = ( GEOMETRIC_REPRESENTATION_CONTEXT(2) 
PARAMETRIC_REPRESENTATION_CONTEXT() REPRESENTATION_CONTEXT('2D SPACE',''
  ) );
#7670 = ORIENTED_EDGE('',*,*,#2492,.F.);
#7671 = ORIENTED_EDGE('',*,*,#7601,.F.);
#7672 = ADVANCED_FACE('',(#7673),#2481,.F.);
#7673 = FACE_BOUND('',#7674,.F.);
#7674 = EDGE_LOOP('',(#7675,#7698,#7719,#7720));
#7675 = ORIENTED_EDGE('',*,*,#7676,.F.);
#7676 = EDGE_CURVE('',#7677,#7628,#7679,.T.);
#7677 = VERTEX_POINT('',#7678);
#7678 = CARTESIAN_POINT('',(41.5341796875,1.12939453125,8.7));
#7679 = SURFACE_CURVE('',#7680,(#7684,#7691),.PCURVE_S1.);
#7680 = LINE('',#7681,#7682);
#7681 = CARTESIAN_POINT('',(41.5341796875,1.12939453125,8.7));
#7682 = VECTOR('',#7683,1.);
#7683 = DIRECTION('',(0.,-1.,0.));
#7684 = PCURVE('',#2481,#7685);
#7685 = DEFINITIONAL_REPRESENTATION('',(#7686),#7690);
#7686 = LINE('',#7687,#7688);
#7687 = CARTESIAN_POINT('',(0.,0.));
#7688 = VECTOR('',#7689,1.);
#7689 = DIRECTION('',(1.,0.));
#7690 = ( GEOMETRIC_REPRESENTATION_CONTEXT(2) 
PARAMETRIC_REPRESENTATION_CONTEXT() REPRESENTATION_CONTEXT('2D SPACE',''
  ) );
#7691 = PCURVE('',#6932,#7692);
#7692 = DEFINITIONAL_REPRESENTATION('',(#7693),#7697);
#7693 = LINE('',#7694,#7695);
#7694 = CARTESIAN_POINT('',(0.8701171875,3.111328125));
#7695 = VECTOR('',#7696,1.);
#7696 = DIRECTION('',(0.,-1.));
#7697 = ( GEOMETRIC_REPRESENTATION_CONTEXT(2) 
PARAMETRIC_REPRESENTATION_CONTEXT() REPRESENTATION_CONTEXT('2D SPACE',''
  ) );
#7698 = ORIENTED_EDGE('',*,*,#7699,.T.);
#7699 = EDGE_CURVE('',#7677,#2441,#7700,.T.);
#7700 = SURFACE_CURVE('',#7701,(#7705,#7712),.PCURVE_S1.);
#7701 = LINE('',#7702,#7703);
#7702 = CARTESIAN_POINT('',(41.5341796875,1.12939453125,8.7));
#7703 = VECTOR('',#7704,1.);
#7704 = DIRECTION('',(0.,0.,1.));
#7705 = PCURVE('',#2481,#7706);
#7706 = DEFINITIONAL_REPRESENTATION('',(#7707),#7711);
#7707 = LINE('',#7708,#7709);
#7708 = CARTESIAN_POINT('',(0.,0.));
#7709 = VECTOR('',#7710,1.);
#7710 = DIRECTION('',(0.,-1.));
#7711 = ( GEOMETRIC_REPRESENTATION_CONTEXT(2) 
PARAMETRIC_REPRESENTATION_CONTEXT() REPRESENTATION_CONTEXT('2D SPACE',''
  ) );
#7712 = PCURVE('',#2455,#7713);
#7713 = DEFINITIONAL_REPRESENTATION('',(#7714),#7718);
#7714 = LINE('',#7715,#7716);
#7715 = CARTESIAN_POINT('',(0.474609375,0.));
#7716 = VECTOR('',#7717,1.);
#7717 = DIRECTION('',(0.,-1.));
#7718 = ( GEOMETRIC_REPRESENTATION_CONTEXT(2) 
PARAMETRIC_REPRESENTATION_CONTEXT() REPRESENTATION_CONTEXT('2D SPACE',''
  ) );
#7719 = ORIENTED_EDGE('',*,*,#2466,.F.);
#7720 = ORIENTED_EDGE('',*,*,#7650,.F.);
#7721 = ADVANCED_FACE('',(#7722),#2455,.F.);
#7722 = FACE_BOUND('',#7723,.F.);
#7723 = EDGE_LOOP('',(#7724,#7747,#7768,#7769));
#7724 = ORIENTED_EDGE('',*,*,#7725,.F.);
#7725 = EDGE_CURVE('',#7726,#7677,#7728,.T.);
#7726 = VERTEX_POINT('',#7727);
#7727 = CARTESIAN_POINT('',(41.0595703125,1.12939453125,8.7));
#7728 = SURFACE_CURVE('',#7729,(#7733,#7740),.PCURVE_S1.);
#7729 = LINE('',#7730,#7731);
#7730 = CARTESIAN_POINT('',(41.0595703125,1.12939453125,8.7));
#7731 = VECTOR('',#7732,1.);
#7732 = DIRECTION('',(1.,0.,0.));
#7733 = PCURVE('',#2455,#7734);
#7734 = DEFINITIONAL_REPRESENTATION('',(#7735),#7739);
#7735 = LINE('',#7736,#7737);
#7736 = CARTESIAN_POINT('',(0.,0.));
#7737 = VECTOR('',#7738,1.);
#7738 = DIRECTION('',(1.,0.));
#7739 = ( GEOMETRIC_REPRESENTATION_CONTEXT(2) 
PARAMETRIC_REPRESENTATION_CONTEXT() REPRESENTATION_CONTEXT('2D SPACE',''
  ) );
#7740 = PCURVE('',#6932,#7741);
#7741 = DEFINITIONAL_REPRESENTATION('',(#7742),#7746);
#7742 = LINE('',#7743,#7744);
#7743 = CARTESIAN_POINT('',(0.3955078125,3.111328125));
#7744 = VECTOR('',#7745,1.);
#7745 = DIRECTION('',(1.,0.));
#7746 = ( GEOMETRIC_REPRESENTATION_CONTEXT(2) 
PARAMETRIC_REPRESENTATION_CONTEXT() REPRESENTATION_CONTEXT('2D SPACE',''
  ) );
#7747 = ORIENTED_EDGE('',*,*,#7748,.T.);
#7748 = EDGE_CURVE('',#7726,#2415,#7749,.T.);
#7749 = SURFACE_CURVE('',#7750,(#7754,#7761),.PCURVE_S1.);
#7750 = LINE('',#7751,#7752);
#7751 = CARTESIAN_POINT('',(41.0595703125,1.12939453125,8.7));
#7752 = VECTOR('',#7753,1.);
#7753 = DIRECTION('',(0.,0.,1.));
#7754 = PCURVE('',#2455,#7755);
#7755 = DEFINITIONAL_REPRESENTATION('',(#7756),#7760);
#7756 = LINE('',#7757,#7758);
#7757 = CARTESIAN_POINT('',(0.,0.));
#7758 = VECTOR('',#7759,1.);
#7759 = DIRECTION('',(0.,-1.));
#7760 = ( GEOMETRIC_REPRESENTATION_CONTEXT(2) 
PARAMETRIC_REPRESENTATION_CONTEXT() REPRESENTATION_CONTEXT('2D SPACE',''
  ) );
#7761 = PCURVE('',#2429,#7762);
#7762 = DEFINITIONAL_REPRESENTATION('',(#7763),#7767);
#7763 = LINE('',#7764,#7765);
#7764 = CARTESIAN_POINT('',(3.111328125,0.));
#7765 = VECTOR('',#7766,1.);
#7766 = DIRECTION('',(0.,-1.));
#7767 = ( GEOMETRIC_REPRESENTATION_CONTEXT(2) 
PARAMETRIC_REPRESENTATION_CONTEXT() REPRESENTATION_CONTEXT('2D SPACE',''
  ) );
#7768 = ORIENTED_EDGE('',*,*,#2440,.F.);
#7769 = ORIENTED_EDGE('',*,*,#7699,.F.);
#7770 = ADVANCED_FACE('',(#7771),#2429,.F.);
#7771 = FACE_BOUND('',#7772,.F.);
#7772 = EDGE_LOOP('',(#7773,#7794,#7795,#7796));
#7773 = ORIENTED_EDGE('',*,*,#7774,.F.);
#7774 = EDGE_CURVE('',#6917,#7726,#7775,.T.);
#7775 = SURFACE_CURVE('',#7776,(#7780,#7787),.PCURVE_S1.);
#7776 = LINE('',#7777,#7778);
#7777 = CARTESIAN_POINT('',(41.0595703125,-1.98193359375,8.7));
#7778 = VECTOR('',#7779,1.);
#7779 = DIRECTION('',(0.,1.,0.));
#7780 = PCURVE('',#2429,#7781);
#7781 = DEFINITIONAL_REPRESENTATION('',(#7782),#7786);
#7782 = LINE('',#7783,#7784);
#7783 = CARTESIAN_POINT('',(0.,0.));
#7784 = VECTOR('',#7785,1.);
#7785 = DIRECTION('',(1.,0.));
#7786 = ( GEOMETRIC_REPRESENTATION_CONTEXT(2) 
PARAMETRIC_REPRESENTATION_CONTEXT() REPRESENTATION_CONTEXT('2D SPACE',''
  ) );
#7787 = PCURVE('',#6932,#7788);
#7788 = DEFINITIONAL_REPRESENTATION('',(#7789),#7793);
#7789 = LINE('',#7790,#7791);
#7790 = CARTESIAN_POINT('',(0.3955078125,0.));
#7791 = VECTOR('',#7792,1.);
#7792 = DIRECTION('',(0.,1.));
#7793 = ( GEOMETRIC_REPRESENTATION_CONTEXT(2) 
PARAMETRIC_REPRESENTATION_CONTEXT() REPRESENTATION_CONTEXT('2D SPACE',''
  ) );
#7794 = ORIENTED_EDGE('',*,*,#6966,.T.);
#7795 = ORIENTED_EDGE('',*,*,#2414,.F.);
#7796 = ORIENTED_EDGE('',*,*,#7748,.F.);
#7797 = ADVANCED_FACE('',(#7798),#3087,.F.);
#7798 = FACE_BOUND('',#7799,.F.);
#7799 = EDGE_LOOP('',(#7800,#7830,#7851,#7852));
#7800 = ORIENTED_EDGE('',*,*,#7801,.F.);
#7801 = EDGE_CURVE('',#7802,#7804,#7806,.T.);
#7802 = VERTEX_POINT('',#7803);
#7803 = CARTESIAN_POINT('',(48.8583984375,-1.98193359375,8.7));
#7804 = VERTEX_POINT('',#7805);
#7805 = CARTESIAN_POINT('',(48.3076171875,-1.98193359375,8.7));
#7806 = SURFACE_CURVE('',#7807,(#7811,#7818),.PCURVE_S1.);
#7807 = LINE('',#7808,#7809);
#7808 = CARTESIAN_POINT('',(48.8583984375,-1.98193359375,8.7));
#7809 = VECTOR('',#7810,1.);
#7810 = DIRECTION('',(-1.,0.,0.));
#7811 = PCURVE('',#3087,#7812);
#7812 = DEFINITIONAL_REPRESENTATION('',(#7813),#7817);
#7813 = LINE('',#7814,#7815);
#7814 = CARTESIAN_POINT('',(0.,-0.));
#7815 = VECTOR('',#7816,1.);
#7816 = DIRECTION('',(1.,0.));
#7817 = ( GEOMETRIC_REPRESENTATION_CONTEXT(2) 
PARAMETRIC_REPRESENTATION_CONTEXT() REPRESENTATION_CONTEXT('2D SPACE',''
  ) );
#7818 = PCURVE('',#7819,#7824);
#7819 = PLANE('',#7820);
#7820 = AXIS2_PLACEMENT_3D('',#7821,#7822,#7823);
#7821 = CARTESIAN_POINT('',(47.337890625,-1.98193359375,8.7));
#7822 = DIRECTION('',(0.,0.,1.));
#7823 = DIRECTION('',(1.,0.,0.));
#7824 = DEFINITIONAL_REPRESENTATION('',(#7825),#7829);
#7825 = LINE('',#7826,#7827);
#7826 = CARTESIAN_POINT('',(1.5205078125,0.));
#7827 = VECTOR('',#7828,1.);
#7828 = DIRECTION('',(-1.,0.));
#7829 = ( GEOMETRIC_REPRESENTATION_CONTEXT(2) 
PARAMETRIC_REPRESENTATION_CONTEXT() REPRESENTATION_CONTEXT('2D SPACE',''
  ) );
#7830 = ORIENTED_EDGE('',*,*,#7831,.T.);
#7831 = EDGE_CURVE('',#7802,#3073,#7832,.T.);
#7832 = SURFACE_CURVE('',#7833,(#7837,#7844),.PCURVE_S1.);
#7833 = LINE('',#7834,#7835);
#7834 = CARTESIAN_POINT('',(48.8583984375,-1.98193359375,8.7));
#7835 = VECTOR('',#7836,1.);
#7836 = DIRECTION('',(0.,0.,1.));
#7837 = PCURVE('',#3087,#7838);
#7838 = DEFINITIONAL_REPRESENTATION('',(#7839),#7843);
#7839 = LINE('',#7840,#7841);
#7840 = CARTESIAN_POINT('',(0.,-0.));
#7841 = VECTOR('',#7842,1.);
#7842 = DIRECTION('',(0.,-1.));
#7843 = ( GEOMETRIC_REPRESENTATION_CONTEXT(2) 
PARAMETRIC_REPRESENTATION_CONTEXT() REPRESENTATION_CONTEXT('2D SPACE',''
  ) );
#7844 = PCURVE('',#3558,#7845);
#7845 = DEFINITIONAL_REPRESENTATION('',(#7846),#7850);
#7846 = LINE('',#7847,#7848);
#7847 = CARTESIAN_POINT('',(2.47504674694,-0.));
#7848 = VECTOR('',#7849,1.);
#7849 = DIRECTION('',(0.,-1.));
#7850 = ( GEOMETRIC_REPRESENTATION_CONTEXT(2) 
PARAMETRIC_REPRESENTATION_CONTEXT() REPRESENTATION_CONTEXT('2D SPACE',''
  ) );
#7851 = ORIENTED_EDGE('',*,*,#3070,.F.);
#7852 = ORIENTED_EDGE('',*,*,#7853,.F.);
#7853 = EDGE_CURVE('',#7804,#3071,#7854,.T.);
#7854 = SURFACE_CURVE('',#7855,(#7859,#7866),.PCURVE_S1.);
#7855 = LINE('',#7856,#7857);
#7856 = CARTESIAN_POINT('',(48.3076171875,-1.98193359375,8.7));
#7857 = VECTOR('',#7858,1.);
#7858 = DIRECTION('',(0.,0.,1.));
#7859 = PCURVE('',#3087,#7860);
#7860 = DEFINITIONAL_REPRESENTATION('',(#7861),#7865);
#7861 = LINE('',#7862,#7863);
#7862 = CARTESIAN_POINT('',(0.55078125,0.));
#7863 = VECTOR('',#7864,1.);
#7864 = DIRECTION('',(0.,-1.));
#7865 = ( GEOMETRIC_REPRESENTATION_CONTEXT(2) 
PARAMETRIC_REPRESENTATION_CONTEXT() REPRESENTATION_CONTEXT('2D SPACE',''
  ) );
#7866 = PCURVE('',#3113,#7867);
#7867 = DEFINITIONAL_REPRESENTATION('',(#7868),#7872);
#7868 = LINE('',#7869,#7870);
#7869 = CARTESIAN_POINT('',(0.,0.));
#7870 = VECTOR('',#7871,1.);
#7871 = DIRECTION('',(0.,-1.));
#7872 = ( GEOMETRIC_REPRESENTATION_CONTEXT(2) 
PARAMETRIC_REPRESENTATION_CONTEXT() REPRESENTATION_CONTEXT('2D SPACE',''
  ) );
#7873 = ADVANCED_FACE('',(#7874),#3558,.F.);
#7874 = FACE_BOUND('',#7875,.F.);
#7875 = EDGE_LOOP('',(#7876,#7899,#7920,#7921));
#7876 = ORIENTED_EDGE('',*,*,#7877,.F.);
#7877 = EDGE_CURVE('',#7878,#7802,#7880,.T.);
#7878 = VERTEX_POINT('',#7879);
#7879 = CARTESIAN_POINT('',(49.48828125,0.41162109375,8.7));
#7880 = SURFACE_CURVE('',#7881,(#7885,#7892),.PCURVE_S1.);
#7881 = LINE('',#7882,#7883);
#7882 = CARTESIAN_POINT('',(49.48828125,0.41162109375,8.7));
#7883 = VECTOR('',#7884,1.);
#7884 = DIRECTION('',(-0.25449329928,-0.967074537263,0.));
#7885 = PCURVE('',#3558,#7886);
#7886 = DEFINITIONAL_REPRESENTATION('',(#7887),#7891);
#7887 = LINE('',#7888,#7889);
#7888 = CARTESIAN_POINT('',(0.,0.));
#7889 = VECTOR('',#7890,1.);
#7890 = DIRECTION('',(1.,-0.));
#7891 = ( GEOMETRIC_REPRESENTATION_CONTEXT(2) 
PARAMETRIC_REPRESENTATION_CONTEXT() REPRESENTATION_CONTEXT('2D SPACE',''
  ) );
#7892 = PCURVE('',#7819,#7893);
#7893 = DEFINITIONAL_REPRESENTATION('',(#7894),#7898);
#7894 = LINE('',#7895,#7896);
#7895 = CARTESIAN_POINT('',(2.150390625,2.3935546875));
#7896 = VECTOR('',#7897,1.);
#7897 = DIRECTION('',(-0.25449329928,-0.967074537263));
#7898 = ( GEOMETRIC_REPRESENTATION_CONTEXT(2) 
PARAMETRIC_REPRESENTATION_CONTEXT() REPRESENTATION_CONTEXT('2D SPACE',''
  ) );
#7899 = ORIENTED_EDGE('',*,*,#7900,.T.);
#7900 = EDGE_CURVE('',#7878,#3520,#7901,.T.);
#7901 = SURFACE_CURVE('',#7902,(#7906,#7913),.PCURVE_S1.);
#7902 = LINE('',#7903,#7904);
#7903 = CARTESIAN_POINT('',(49.48828125,0.41162109375,8.7));
#7904 = VECTOR('',#7905,1.);
#7905 = DIRECTION('',(0.,0.,1.));
#7906 = PCURVE('',#3558,#7907);
#7907 = DEFINITIONAL_REPRESENTATION('',(#7908),#7912);
#7908 = LINE('',#7909,#7910);
#7909 = CARTESIAN_POINT('',(0.,0.));
#7910 = VECTOR('',#7911,1.);
#7911 = DIRECTION('',(0.,-1.));
#7912 = ( GEOMETRIC_REPRESENTATION_CONTEXT(2) 
PARAMETRIC_REPRESENTATION_CONTEXT() REPRESENTATION_CONTEXT('2D SPACE',''
  ) );
#7913 = PCURVE('',#3534,#7914);
#7914 = DEFINITIONAL_REPRESENTATION('',(#7915),#7919);
#7915 = LINE('',#7916,#7917);
#7916 = CARTESIAN_POINT('',(0.543707694677,0.));
#7917 = VECTOR('',#7918,1.);
#7918 = DIRECTION('',(0.,-1.));
#7919 = ( GEOMETRIC_REPRESENTATION_CONTEXT(2) 
PARAMETRIC_REPRESENTATION_CONTEXT() REPRESENTATION_CONTEXT('2D SPACE',''
  ) );
#7920 = ORIENTED_EDGE('',*,*,#3545,.F.);
#7921 = ORIENTED_EDGE('',*,*,#7831,.F.);
#7922 = ADVANCED_FACE('',(#7923),#3534,.F.);
#7923 = FACE_BOUND('',#7924,.F.);
#7924 = EDGE_LOOP('',(#7925,#7948,#7969,#7970));
#7925 = ORIENTED_EDGE('',*,*,#7926,.F.);
#7926 = EDGE_CURVE('',#7927,#7878,#7929,.T.);
#7927 = VERTEX_POINT('',#7928);
#7928 = CARTESIAN_POINT('',(49.6083984375,-0.11865234375,8.7));
#7929 = SURFACE_CURVE('',#7930,(#7934,#7941),.PCURVE_S1.);
#7930 = LINE('',#7931,#7932);
#7931 = CARTESIAN_POINT('',(49.6083984375,-0.11865234375,8.7));
#7932 = VECTOR('',#7933,1.);
#7933 = DIRECTION('',(-0.220922360813,0.975291397734,0.));
#7934 = PCURVE('',#3534,#7935);
#7935 = DEFINITIONAL_REPRESENTATION('',(#7936),#7940);
#7936 = LINE('',#7937,#7938);
#7937 = CARTESIAN_POINT('',(0.,0.));
#7938 = VECTOR('',#7939,1.);
#7939 = DIRECTION('',(1.,0.));
#7940 = ( GEOMETRIC_REPRESENTATION_CONTEXT(2) 
PARAMETRIC_REPRESENTATION_CONTEXT() REPRESENTATION_CONTEXT('2D SPACE',''
  ) );
#7941 = PCURVE('',#7819,#7942);
#7942 = DEFINITIONAL_REPRESENTATION('',(#7943),#7947);
#7943 = LINE('',#7944,#7945);
#7944 = CARTESIAN_POINT('',(2.2705078125,1.86328125));
#7945 = VECTOR('',#7946,1.);
#7946 = DIRECTION('',(-0.220922360813,0.975291397734));
#7947 = ( GEOMETRIC_REPRESENTATION_CONTEXT(2) 
PARAMETRIC_REPRESENTATION_CONTEXT() REPRESENTATION_CONTEXT('2D SPACE',''
  ) );
#7948 = ORIENTED_EDGE('',*,*,#7949,.T.);
#7949 = EDGE_CURVE('',#7927,#3494,#7950,.T.);
#7950 = SURFACE_CURVE('',#7951,(#7955,#7962),.PCURVE_S1.);
#7951 = LINE('',#7952,#7953);
#7952 = CARTESIAN_POINT('',(49.6083984375,-0.11865234375,8.7));
#7953 = VECTOR('',#7954,1.);
#7954 = DIRECTION('',(0.,0.,1.));
#7955 = PCURVE('',#3534,#7956);
#7956 = DEFINITIONAL_REPRESENTATION('',(#7957),#7961);
#7957 = LINE('',#7958,#7959);
#7958 = CARTESIAN_POINT('',(0.,0.));
#7959 = VECTOR('',#7960,1.);
#7960 = DIRECTION('',(0.,-1.));
#7961 = ( GEOMETRIC_REPRESENTATION_CONTEXT(2) 
PARAMETRIC_REPRESENTATION_CONTEXT() REPRESENTATION_CONTEXT('2D SPACE',''
  ) );
#7962 = PCURVE('',#3508,#7963);
#7963 = DEFINITIONAL_REPRESENTATION('',(#7964),#7968);
#7964 = LINE('',#7965,#7966);
#7965 = CARTESIAN_POINT('',(1.92794140107,0.));
#7966 = VECTOR('',#7967,1.);
#7967 = DIRECTION('',(0.,-1.));
#7968 = ( GEOMETRIC_REPRESENTATION_CONTEXT(2) 
PARAMETRIC_REPRESENTATION_CONTEXT() REPRESENTATION_CONTEXT('2D SPACE',''
  ) );
#7969 = ORIENTED_EDGE('',*,*,#3519,.F.);
#7970 = ORIENTED_EDGE('',*,*,#7900,.F.);
#7971 = ADVANCED_FACE('',(#7972),#3508,.F.);
#7972 = FACE_BOUND('',#7973,.F.);
#7973 = EDGE_LOOP('',(#7974,#7997,#8018,#8019));
#7974 = ORIENTED_EDGE('',*,*,#7975,.F.);
#7975 = EDGE_CURVE('',#7976,#7927,#7978,.T.);
#7976 = VERTEX_POINT('',#7977);
#7977 = CARTESIAN_POINT('',(50.103515625,-1.98193359375,8.7));
#7978 = SURFACE_CURVE('',#7979,(#7983,#7990),.PCURVE_S1.);
#7979 = LINE('',#7980,#7981);
#7980 = CARTESIAN_POINT('',(50.103515625,-1.98193359375,8.7));
#7981 = VECTOR('',#7982,1.);
#7982 = DIRECTION('',(-0.256811325917,0.966461557891,0.));
#7983 = PCURVE('',#3508,#7984);
#7984 = DEFINITIONAL_REPRESENTATION('',(#7985),#7989);
#7985 = LINE('',#7986,#7987);
#7986 = CARTESIAN_POINT('',(0.,0.));
#7987 = VECTOR('',#7988,1.);
#7988 = DIRECTION('',(1.,0.));
#7989 = ( GEOMETRIC_REPRESENTATION_CONTEXT(2) 
PARAMETRIC_REPRESENTATION_CONTEXT() REPRESENTATION_CONTEXT('2D SPACE',''
  ) );
#7990 = PCURVE('',#7819,#7991);
#7991 = DEFINITIONAL_REPRESENTATION('',(#7992),#7996);
#7992 = LINE('',#7993,#7994);
#7993 = CARTESIAN_POINT('',(2.765625,0.));
#7994 = VECTOR('',#7995,1.);
#7995 = DIRECTION('',(-0.256811325917,0.966461557891));
#7996 = ( GEOMETRIC_REPRESENTATION_CONTEXT(2) 
PARAMETRIC_REPRESENTATION_CONTEXT() REPRESENTATION_CONTEXT('2D SPACE',''
  ) );
#7997 = ORIENTED_EDGE('',*,*,#7998,.T.);
#7998 = EDGE_CURVE('',#7976,#3468,#7999,.T.);
#7999 = SURFACE_CURVE('',#8000,(#8004,#8011),.PCURVE_S1.);
#8000 = LINE('',#8001,#8002);
#8001 = CARTESIAN_POINT('',(50.103515625,-1.98193359375,8.7));
#8002 = VECTOR('',#8003,1.);
#8003 = DIRECTION('',(0.,0.,1.));
#8004 = PCURVE('',#3508,#8005);
#8005 = DEFINITIONAL_REPRESENTATION('',(#8006),#8010);
#8006 = LINE('',#8007,#8008);
#8007 = CARTESIAN_POINT('',(0.,0.));
#8008 = VECTOR('',#8009,1.);
#8009 = DIRECTION('',(0.,-1.));
#8010 = ( GEOMETRIC_REPRESENTATION_CONTEXT(2) 
PARAMETRIC_REPRESENTATION_CONTEXT() REPRESENTATION_CONTEXT('2D SPACE',''
  ) );
#8011 = PCURVE('',#3482,#8012);
#8012 = DEFINITIONAL_REPRESENTATION('',(#8013),#8017);
#8013 = LINE('',#8014,#8015);
#8014 = CARTESIAN_POINT('',(0.5478515625,0.));
#8015 = VECTOR('',#8016,1.);
#8016 = DIRECTION('',(0.,-1.));
#8017 = ( GEOMETRIC_REPRESENTATION_CONTEXT(2) 
PARAMETRIC_REPRESENTATION_CONTEXT() REPRESENTATION_CONTEXT('2D SPACE',''
  ) );
#8018 = ORIENTED_EDGE('',*,*,#3493,.F.);
#8019 = ORIENTED_EDGE('',*,*,#7949,.F.);
#8020 = ADVANCED_FACE('',(#8021),#3482,.F.);
#8021 = FACE_BOUND('',#8022,.F.);
#8022 = EDGE_LOOP('',(#8023,#8046,#8067,#8068));
#8023 = ORIENTED_EDGE('',*,*,#8024,.F.);
#8024 = EDGE_CURVE('',#8025,#7976,#8027,.T.);
#8025 = VERTEX_POINT('',#8026);
#8026 = CARTESIAN_POINT('',(50.6513671875,-1.98193359375,8.7));
#8027 = SURFACE_CURVE('',#8028,(#8032,#8039),.PCURVE_S1.);
#8028 = LINE('',#8029,#8030);
#8029 = CARTESIAN_POINT('',(50.6513671875,-1.98193359375,8.7));
#8030 = VECTOR('',#8031,1.);
#8031 = DIRECTION('',(-1.,0.,0.));
#8032 = PCURVE('',#3482,#8033);
#8033 = DEFINITIONAL_REPRESENTATION('',(#8034),#8038);
#8034 = LINE('',#8035,#8036);
#8035 = CARTESIAN_POINT('',(0.,-0.));
#8036 = VECTOR('',#8037,1.);
#8037 = DIRECTION('',(1.,0.));
#8038 = ( GEOMETRIC_REPRESENTATION_CONTEXT(2) 
PARAMETRIC_REPRESENTATION_CONTEXT() REPRESENTATION_CONTEXT('2D SPACE',''
  ) );
#8039 = PCURVE('',#7819,#8040);
#8040 = DEFINITIONAL_REPRESENTATION('',(#8041),#8045);
#8041 = LINE('',#8042,#8043);
#8042 = CARTESIAN_POINT('',(3.3134765625,0.));
#8043 = VECTOR('',#8044,1.);
#8044 = DIRECTION('',(-1.,0.));
#8045 = ( GEOMETRIC_REPRESENTATION_CONTEXT(2) 
PARAMETRIC_REPRESENTATION_CONTEXT() REPRESENTATION_CONTEXT('2D SPACE',''
  ) );
#8046 = ORIENTED_EDGE('',*,*,#8047,.T.);
#8047 = EDGE_CURVE('',#8025,#3442,#8048,.T.);
#8048 = SURFACE_CURVE('',#8049,(#8053,#8060),.PCURVE_S1.);
#8049 = LINE('',#8050,#8051);
#8050 = CARTESIAN_POINT('',(50.6513671875,-1.98193359375,8.7));
#8051 = VECTOR('',#8052,1.);
#8052 = DIRECTION('',(0.,0.,1.));
#8053 = PCURVE('',#3482,#8054);
#8054 = DEFINITIONAL_REPRESENTATION('',(#8055),#8059);
#8055 = LINE('',#8056,#8057);
#8056 = CARTESIAN_POINT('',(0.,-0.));
#8057 = VECTOR('',#8058,1.);
#8058 = DIRECTION('',(0.,-1.));
#8059 = ( GEOMETRIC_REPRESENTATION_CONTEXT(2) 
PARAMETRIC_REPRESENTATION_CONTEXT() REPRESENTATION_CONTEXT('2D SPACE',''
  ) );
#8060 = PCURVE('',#3456,#8061);
#8061 = DEFINITIONAL_REPRESENTATION('',(#8062),#8066);
#8062 = LINE('',#8063,#8064);
#8063 = CARTESIAN_POINT('',(3.259819455442,-0.));
#8064 = VECTOR('',#8065,1.);
#8065 = DIRECTION('',(0.,-1.));
#8066 = ( GEOMETRIC_REPRESENTATION_CONTEXT(2) 
PARAMETRIC_REPRESENTATION_CONTEXT() REPRESENTATION_CONTEXT('2D SPACE',''
  ) );
#8067 = ORIENTED_EDGE('',*,*,#3467,.F.);
#8068 = ORIENTED_EDGE('',*,*,#7998,.F.);
#8069 = ADVANCED_FACE('',(#8070),#3456,.F.);
#8070 = FACE_BOUND('',#8071,.F.);
#8071 = EDGE_LOOP('',(#8072,#8095,#8116,#8117));
#8072 = ORIENTED_EDGE('',*,*,#8073,.F.);
#8073 = EDGE_CURVE('',#8074,#8025,#8076,.T.);
#8074 = VERTEX_POINT('',#8075);
#8075 = CARTESIAN_POINT('',(51.6240234375,1.12939453125,8.7));
#8076 = SURFACE_CURVE('',#8077,(#8081,#8088),.PCURVE_S1.);
#8077 = LINE('',#8078,#8079);
#8078 = CARTESIAN_POINT('',(51.6240234375,1.12939453125,8.7));
#8079 = VECTOR('',#8080,1.);
#8080 = DIRECTION('',(-0.298377337547,-0.954447989383,0.));
#8081 = PCURVE('',#3456,#8082);
#8082 = DEFINITIONAL_REPRESENTATION('',(#8083),#8087);
#8083 = LINE('',#8084,#8085);
#8084 = CARTESIAN_POINT('',(0.,0.));
#8085 = VECTOR('',#8086,1.);
#8086 = DIRECTION('',(1.,-0.));
#8087 = ( GEOMETRIC_REPRESENTATION_CONTEXT(2) 
PARAMETRIC_REPRESENTATION_CONTEXT() REPRESENTATION_CONTEXT('2D SPACE',''
  ) );
#8088 = PCURVE('',#7819,#8089);
#8089 = DEFINITIONAL_REPRESENTATION('',(#8090),#8094);
#8090 = LINE('',#8091,#8092);
#8091 = CARTESIAN_POINT('',(4.2861328125,3.111328125));
#8092 = VECTOR('',#8093,1.);
#8093 = DIRECTION('',(-0.298377337547,-0.954447989383));
#8094 = ( GEOMETRIC_REPRESENTATION_CONTEXT(2) 
PARAMETRIC_REPRESENTATION_CONTEXT() REPRESENTATION_CONTEXT('2D SPACE',''
  ) );
#8095 = ORIENTED_EDGE('',*,*,#8096,.T.);
#8096 = EDGE_CURVE('',#8074,#3416,#8097,.T.);
#8097 = SURFACE_CURVE('',#8098,(#8102,#8109),.PCURVE_S1.);
#8098 = LINE('',#8099,#8100);
#8099 = CARTESIAN_POINT('',(51.6240234375,1.12939453125,8.7));
#8100 = VECTOR('',#8101,1.);
#8101 = DIRECTION('',(0.,0.,1.));
#8102 = PCURVE('',#3456,#8103);
#8103 = DEFINITIONAL_REPRESENTATION('',(#8104),#8108);
#8104 = LINE('',#8105,#8106);
#8105 = CARTESIAN_POINT('',(0.,0.));
#8106 = VECTOR('',#8107,1.);
#8107 = DIRECTION('',(0.,-1.));
#8108 = ( GEOMETRIC_REPRESENTATION_CONTEXT(2) 
PARAMETRIC_REPRESENTATION_CONTEXT() REPRESENTATION_CONTEXT('2D SPACE',''
  ) );
#8109 = PCURVE('',#3430,#8110);
#8110 = DEFINITIONAL_REPRESENTATION('',(#8111),#8115);
#8111 = LINE('',#8112,#8113);
#8112 = CARTESIAN_POINT('',(0.5126953125,0.));
#8113 = VECTOR('',#8114,1.);
#8114 = DIRECTION('',(0.,-1.));
#8115 = ( GEOMETRIC_REPRESENTATION_CONTEXT(2) 
PARAMETRIC_REPRESENTATION_CONTEXT() REPRESENTATION_CONTEXT('2D SPACE',''
  ) );
#8116 = ORIENTED_EDGE('',*,*,#3441,.F.);
#8117 = ORIENTED_EDGE('',*,*,#8047,.F.);
#8118 = ADVANCED_FACE('',(#8119),#3430,.F.);
#8119 = FACE_BOUND('',#8120,.F.);
#8120 = EDGE_LOOP('',(#8121,#8144,#8165,#8166));
#8121 = ORIENTED_EDGE('',*,*,#8122,.F.);
#8122 = EDGE_CURVE('',#8123,#8074,#8125,.T.);
#8123 = VERTEX_POINT('',#8124);
#8124 = CARTESIAN_POINT('',(51.111328125,1.12939453125,8.7));
#8125 = SURFACE_CURVE('',#8126,(#8130,#8137),.PCURVE_S1.);
#8126 = LINE('',#8127,#8128);
#8127 = CARTESIAN_POINT('',(51.111328125,1.12939453125,8.7));
#8128 = VECTOR('',#8129,1.);
#8129 = DIRECTION('',(1.,0.,0.));
#8130 = PCURVE('',#3430,#8131);
#8131 = DEFINITIONAL_REPRESENTATION('',(#8132),#8136);
#8132 = LINE('',#8133,#8134);
#8133 = CARTESIAN_POINT('',(0.,0.));
#8134 = VECTOR('',#8135,1.);
#8135 = DIRECTION('',(1.,0.));
#8136 = ( GEOMETRIC_REPRESENTATION_CONTEXT(2) 
PARAMETRIC_REPRESENTATION_CONTEXT() REPRESENTATION_CONTEXT('2D SPACE',''
  ) );
#8137 = PCURVE('',#7819,#8138);
#8138 = DEFINITIONAL_REPRESENTATION('',(#8139),#8143);
#8139 = LINE('',#8140,#8141);
#8140 = CARTESIAN_POINT('',(3.7734375,3.111328125));
#8141 = VECTOR('',#8142,1.);
#8142 = DIRECTION('',(1.,0.));
#8143 = ( GEOMETRIC_REPRESENTATION_CONTEXT(2) 
PARAMETRIC_REPRESENTATION_CONTEXT() REPRESENTATION_CONTEXT('2D SPACE',''
  ) );
#8144 = ORIENTED_EDGE('',*,*,#8145,.T.);
#8145 = EDGE_CURVE('',#8123,#3390,#8146,.T.);
#8146 = SURFACE_CURVE('',#8147,(#8151,#8158),.PCURVE_S1.);
#8147 = LINE('',#8148,#8149);
#8148 = CARTESIAN_POINT('',(51.111328125,1.12939453125,8.7));
#8149 = VECTOR('',#8150,1.);
#8150 = DIRECTION('',(0.,0.,1.));
#8151 = PCURVE('',#3430,#8152);
#8152 = DEFINITIONAL_REPRESENTATION('',(#8153),#8157);
#8153 = LINE('',#8154,#8155);
#8154 = CARTESIAN_POINT('',(0.,0.));
#8155 = VECTOR('',#8156,1.);
#8156 = DIRECTION('',(0.,-1.));
#8157 = ( GEOMETRIC_REPRESENTATION_CONTEXT(2) 
PARAMETRIC_REPRESENTATION_CONTEXT() REPRESENTATION_CONTEXT('2D SPACE',''
  ) );
#8158 = PCURVE('',#3404,#8159);
#8159 = DEFINITIONAL_REPRESENTATION('',(#8160),#8164);
#8160 = LINE('',#8161,#8162);
#8161 = CARTESIAN_POINT('',(1.876189808042,0.));
#8162 = VECTOR('',#8163,1.);
#8163 = DIRECTION('',(0.,-1.));
#8164 = ( GEOMETRIC_REPRESENTATION_CONTEXT(2) 
PARAMETRIC_REPRESENTATION_CONTEXT() REPRESENTATION_CONTEXT('2D SPACE',''
  ) );
#8165 = ORIENTED_EDGE('',*,*,#3415,.F.);
#8166 = ORIENTED_EDGE('',*,*,#8096,.F.);
#8167 = ADVANCED_FACE('',(#8168),#3404,.F.);
#8168 = FACE_BOUND('',#8169,.F.);
#8169 = EDGE_LOOP('',(#8170,#8193,#8214,#8215));
#8170 = ORIENTED_EDGE('',*,*,#8171,.F.);
#8171 = EDGE_CURVE('',#8172,#8123,#8174,.T.);
#8172 = VERTEX_POINT('',#8173);
#8173 = CARTESIAN_POINT('',(50.578125,-0.66943359375,8.7));
#8174 = SURFACE_CURVE('',#8175,(#8179,#8186),.PCURVE_S1.);
#8175 = LINE('',#8176,#8177);
#8176 = CARTESIAN_POINT('',(50.578125,-0.66943359375,8.7));
#8177 = VECTOR('',#8178,1.);
#8178 = DIRECTION('',(0.284194660217,0.958766600953,0.));
#8179 = PCURVE('',#3404,#8180);
#8180 = DEFINITIONAL_REPRESENTATION('',(#8181),#8185);
#8181 = LINE('',#8182,#8183);
#8182 = CARTESIAN_POINT('',(0.,0.));
#8183 = VECTOR('',#8184,1.);
#8184 = DIRECTION('',(1.,0.));
#8185 = ( GEOMETRIC_REPRESENTATION_CONTEXT(2) 
PARAMETRIC_REPRESENTATION_CONTEXT() REPRESENTATION_CONTEXT('2D SPACE',''
  ) );
#8186 = PCURVE('',#7819,#8187);
#8187 = DEFINITIONAL_REPRESENTATION('',(#8188),#8192);
#8188 = LINE('',#8189,#8190);
#8189 = CARTESIAN_POINT('',(3.240234375,1.3125));
#8190 = VECTOR('',#8191,1.);
#8191 = DIRECTION('',(0.284194660217,0.958766600953));
#8192 = ( GEOMETRIC_REPRESENTATION_CONTEXT(2) 
PARAMETRIC_REPRESENTATION_CONTEXT() REPRESENTATION_CONTEXT('2D SPACE',''
  ) );
#8193 = ORIENTED_EDGE('',*,*,#8194,.T.);
#8194 = EDGE_CURVE('',#8172,#3364,#8195,.T.);
#8195 = SURFACE_CURVE('',#8196,(#8200,#8207),.PCURVE_S1.);
#8196 = LINE('',#8197,#8198);
#8197 = CARTESIAN_POINT('',(50.578125,-0.66943359375,8.7));
#8198 = VECTOR('',#8199,1.);
#8199 = DIRECTION('',(0.,0.,1.));
#8200 = PCURVE('',#3404,#8201);
#8201 = DEFINITIONAL_REPRESENTATION('',(#8202),#8206);
#8202 = LINE('',#8203,#8204);
#8203 = CARTESIAN_POINT('',(0.,0.));
#8204 = VECTOR('',#8205,1.);
#8205 = DIRECTION('',(0.,-1.));
#8206 = ( GEOMETRIC_REPRESENTATION_CONTEXT(2) 
PARAMETRIC_REPRESENTATION_CONTEXT() REPRESENTATION_CONTEXT('2D SPACE',''
  ) );
#8207 = PCURVE('',#3378,#8208);
#8208 = DEFINITIONAL_REPRESENTATION('',(#8209),#8213);
#8209 = LINE('',#8210,#8211);
#8210 = CARTESIAN_POINT('',(0.626610778318,0.));
#8211 = VECTOR('',#8212,1.);
#8212 = DIRECTION('',(0.,-1.));
#8213 = ( GEOMETRIC_REPRESENTATION_CONTEXT(2) 
PARAMETRIC_REPRESENTATION_CONTEXT() REPRESENTATION_CONTEXT('2D SPACE',''
  ) );
#8214 = ORIENTED_EDGE('',*,*,#3389,.F.);
#8215 = ORIENTED_EDGE('',*,*,#8145,.F.);
#8216 = ADVANCED_FACE('',(#8217),#3378,.F.);
#8217 = FACE_BOUND('',#8218,.F.);
#8218 = EDGE_LOOP('',(#8219,#8242,#8263,#8264));
#8219 = ORIENTED_EDGE('',*,*,#8220,.F.);
#8220 = EDGE_CURVE('',#8221,#8172,#8223,.T.);
#8221 = VERTEX_POINT('',#8222);
#8222 = CARTESIAN_POINT('',(50.3994140625,-1.27001953125,8.7));
#8223 = SURFACE_CURVE('',#8224,(#8228,#8235),.PCURVE_S1.);
#8224 = LINE('',#8225,#8226);
#8225 = CARTESIAN_POINT('',(50.3994140625,-1.27001953125,8.7));
#8226 = VECTOR('',#8227,1.);
#8227 = DIRECTION('',(0.285202463289,0.95846729466,0.));
#8228 = PCURVE('',#3378,#8229);
#8229 = DEFINITIONAL_REPRESENTATION('',(#8230),#8234);
#8230 = LINE('',#8231,#8232);
#8231 = CARTESIAN_POINT('',(0.,0.));
#8232 = VECTOR('',#8233,1.);
#8233 = DIRECTION('',(1.,0.));
#8234 = ( GEOMETRIC_REPRESENTATION_CONTEXT(2) 
PARAMETRIC_REPRESENTATION_CONTEXT() REPRESENTATION_CONTEXT('2D SPACE',''
  ) );
#8235 = PCURVE('',#7819,#8236);
#8236 = DEFINITIONAL_REPRESENTATION('',(#8237),#8241);
#8237 = LINE('',#8238,#8239);
#8238 = CARTESIAN_POINT('',(3.0615234375,0.7119140625));
#8239 = VECTOR('',#8240,1.);
#8240 = DIRECTION('',(0.285202463289,0.95846729466));
#8241 = ( GEOMETRIC_REPRESENTATION_CONTEXT(2) 
PARAMETRIC_REPRESENTATION_CONTEXT() REPRESENTATION_CONTEXT('2D SPACE',''
  ) );
#8242 = ORIENTED_EDGE('',*,*,#8243,.T.);
#8243 = EDGE_CURVE('',#8221,#3338,#8244,.T.);
#8244 = SURFACE_CURVE('',#8245,(#8249,#8256),.PCURVE_S1.);
#8245 = LINE('',#8246,#8247);
#8246 = CARTESIAN_POINT('',(50.3994140625,-1.27001953125,8.7));
#8247 = VECTOR('',#8248,1.);
#8248 = DIRECTION('',(0.,0.,1.));
#8249 = PCURVE('',#3378,#8250);
#8250 = DEFINITIONAL_REPRESENTATION('',(#8251),#8255);
#8251 = LINE('',#8252,#8253);
#8252 = CARTESIAN_POINT('',(0.,0.));
#8253 = VECTOR('',#8254,1.);
#8254 = DIRECTION('',(0.,-1.));
#8255 = ( GEOMETRIC_REPRESENTATION_CONTEXT(2) 
PARAMETRIC_REPRESENTATION_CONTEXT() REPRESENTATION_CONTEXT('2D SPACE',''
  ) );
#8256 = PCURVE('',#3352,#8257);
#8257 = DEFINITIONAL_REPRESENTATION('',(#8258),#8262);
#8258 = LINE('',#8259,#8260);
#8259 = CARTESIAN_POINT('',(0.614662122256,0.));
#8260 = VECTOR('',#8261,1.);
#8261 = DIRECTION('',(0.,-1.));
#8262 = ( GEOMETRIC_REPRESENTATION_CONTEXT(2) 
PARAMETRIC_REPRESENTATION_CONTEXT() REPRESENTATION_CONTEXT('2D SPACE',''
  ) );
#8263 = ORIENTED_EDGE('',*,*,#3363,.F.);
#8264 = ORIENTED_EDGE('',*,*,#8194,.F.);
#8265 = ADVANCED_FACE('',(#8266),#3352,.F.);
#8266 = FACE_BOUND('',#8267,.F.);
#8267 = EDGE_LOOP('',(#8268,#8291,#8312,#8313));
#8268 = ORIENTED_EDGE('',*,*,#8269,.F.);
#8269 = EDGE_CURVE('',#8270,#8221,#8272,.T.);
#8270 = VERTEX_POINT('',#8271);
#8271 = CARTESIAN_POINT('',(50.244140625,-0.67529296875,8.7));
#8272 = SURFACE_CURVE('',#8273,(#8277,#8284),.PCURVE_S1.);
#8273 = LINE('',#8274,#8275);
#8274 = CARTESIAN_POINT('',(50.244140625,-0.67529296875,8.7));
#8275 = VECTOR('',#8276,1.);
#8276 = DIRECTION('',(0.252615919995,-0.967566636964,0.));
#8277 = PCURVE('',#3352,#8278);
#8278 = DEFINITIONAL_REPRESENTATION('',(#8279),#8283);
#8279 = LINE('',#8280,#8281);
#8280 = CARTESIAN_POINT('',(0.,0.));
#8281 = VECTOR('',#8282,1.);
#8282 = DIRECTION('',(1.,0.));
#8283 = ( GEOMETRIC_REPRESENTATION_CONTEXT(2) 
PARAMETRIC_REPRESENTATION_CONTEXT() REPRESENTATION_CONTEXT('2D SPACE',''
  ) );
#8284 = PCURVE('',#7819,#8285);
#8285 = DEFINITIONAL_REPRESENTATION('',(#8286),#8290);
#8286 = LINE('',#8287,#8288);
#8287 = CARTESIAN_POINT('',(2.90625,1.306640625));
#8288 = VECTOR('',#8289,1.);
#8289 = DIRECTION('',(0.252615919995,-0.967566636964));
#8290 = ( GEOMETRIC_REPRESENTATION_CONTEXT(2) 
PARAMETRIC_REPRESENTATION_CONTEXT() REPRESENTATION_CONTEXT('2D SPACE',''
  ) );
#8291 = ORIENTED_EDGE('',*,*,#8292,.T.);
#8292 = EDGE_CURVE('',#8270,#3312,#8293,.T.);
#8293 = SURFACE_CURVE('',#8294,(#8298,#8305),.PCURVE_S1.);
#8294 = LINE('',#8295,#8296);
#8295 = CARTESIAN_POINT('',(50.244140625,-0.67529296875,8.7));
#8296 = VECTOR('',#8297,1.);
#8297 = DIRECTION('',(0.,0.,1.));
#8298 = PCURVE('',#3352,#8299);
#8299 = DEFINITIONAL_REPRESENTATION('',(#8300),#8304);
#8300 = LINE('',#8301,#8302);
#8301 = CARTESIAN_POINT('',(0.,0.));
#8302 = VECTOR('',#8303,1.);
#8303 = DIRECTION('',(0.,-1.));
#8304 = ( GEOMETRIC_REPRESENTATION_CONTEXT(2) 
PARAMETRIC_REPRESENTATION_CONTEXT() REPRESENTATION_CONTEXT('2D SPACE',''
  ) );
#8305 = PCURVE('',#3326,#8306);
#8306 = DEFINITIONAL_REPRESENTATION('',(#8307),#8311);
#8307 = LINE('',#8308,#8309);
#8308 = CARTESIAN_POINT('',(1.863836241786,0.));
#8309 = VECTOR('',#8310,1.);
#8310 = DIRECTION('',(0.,-1.));
#8311 = ( GEOMETRIC_REPRESENTATION_CONTEXT(2) 
PARAMETRIC_REPRESENTATION_CONTEXT() REPRESENTATION_CONTEXT('2D SPACE',''
  ) );
#8312 = ORIENTED_EDGE('',*,*,#3337,.F.);
#8313 = ORIENTED_EDGE('',*,*,#8243,.F.);
#8314 = ADVANCED_FACE('',(#8315),#3326,.F.);
#8315 = FACE_BOUND('',#8316,.F.);
#8316 = EDGE_LOOP('',(#8317,#8340,#8361,#8362));
#8317 = ORIENTED_EDGE('',*,*,#8318,.F.);
#8318 = EDGE_CURVE('',#8319,#8270,#8321,.T.);
#8319 = VERTEX_POINT('',#8320);
#8320 = CARTESIAN_POINT('',(49.7783203125,1.12939453125,8.7));
#8321 = SURFACE_CURVE('',#8322,(#8326,#8333),.PCURVE_S1.);
#8322 = LINE('',#8323,#8324);
#8323 = CARTESIAN_POINT('',(49.7783203125,1.12939453125,8.7));
#8324 = VECTOR('',#8325,1.);
#8325 = DIRECTION('',(0.249925557866,-0.968265054376,0.));
#8326 = PCURVE('',#3326,#8327);
#8327 = DEFINITIONAL_REPRESENTATION('',(#8328),#8332);
#8328 = LINE('',#8329,#8330);
#8329 = CARTESIAN_POINT('',(0.,0.));
#8330 = VECTOR('',#8331,1.);
#8331 = DIRECTION('',(1.,0.));
#8332 = ( GEOMETRIC_REPRESENTATION_CONTEXT(2) 
PARAMETRIC_REPRESENTATION_CONTEXT() REPRESENTATION_CONTEXT('2D SPACE',''
  ) );
#8333 = PCURVE('',#7819,#8334);
#8334 = DEFINITIONAL_REPRESENTATION('',(#8335),#8339);
#8335 = LINE('',#8336,#8337);
#8336 = CARTESIAN_POINT('',(2.4404296875,3.111328125));
#8337 = VECTOR('',#8338,1.);
#8338 = DIRECTION('',(0.249925557866,-0.968265054376));
#8339 = ( GEOMETRIC_REPRESENTATION_CONTEXT(2) 
PARAMETRIC_REPRESENTATION_CONTEXT() REPRESENTATION_CONTEXT('2D SPACE',''
  ) );
#8340 = ORIENTED_EDGE('',*,*,#8341,.T.);
#8341 = EDGE_CURVE('',#8319,#3286,#8342,.T.);
#8342 = SURFACE_CURVE('',#8343,(#8347,#8354),.PCURVE_S1.);
#8343 = LINE('',#8344,#8345);
#8344 = CARTESIAN_POINT('',(49.7783203125,1.12939453125,8.7));
#8345 = VECTOR('',#8346,1.);
#8346 = DIRECTION('',(0.,0.,1.));
#8347 = PCURVE('',#3326,#8348);
#8348 = DEFINITIONAL_REPRESENTATION('',(#8349),#8353);
#8349 = LINE('',#8350,#8351);
#8350 = CARTESIAN_POINT('',(0.,0.));
#8351 = VECTOR('',#8352,1.);
#8352 = DIRECTION('',(0.,-1.));
#8353 = ( GEOMETRIC_REPRESENTATION_CONTEXT(2) 
PARAMETRIC_REPRESENTATION_CONTEXT() REPRESENTATION_CONTEXT('2D SPACE',''
  ) );
#8354 = PCURVE('',#3300,#8355);
#8355 = DEFINITIONAL_REPRESENTATION('',(#8356),#8360);
#8356 = LINE('',#8357,#8358);
#8357 = CARTESIAN_POINT('',(0.5419921875,0.));
#8358 = VECTOR('',#8359,1.);
#8359 = DIRECTION('',(0.,-1.));
#8360 = ( GEOMETRIC_REPRESENTATION_CONTEXT(2) 
PARAMETRIC_REPRESENTATION_CONTEXT() REPRESENTATION_CONTEXT('2D SPACE',''
  ) );
#8361 = ORIENTED_EDGE('',*,*,#3311,.F.);
#8362 = ORIENTED_EDGE('',*,*,#8292,.F.);
#8363 = ADVANCED_FACE('',(#8364),#3300,.F.);
#8364 = FACE_BOUND('',#8365,.F.);
#8365 = EDGE_LOOP('',(#8366,#8389,#8410,#8411));
#8366 = ORIENTED_EDGE('',*,*,#8367,.F.);
#8367 = EDGE_CURVE('',#8368,#8319,#8370,.T.);
#8368 = VERTEX_POINT('',#8369);
#8369 = CARTESIAN_POINT('',(49.236328125,1.12939453125,8.7));
#8370 = SURFACE_CURVE('',#8371,(#8375,#8382),.PCURVE_S1.);
#8371 = LINE('',#8372,#8373);
#8372 = CARTESIAN_POINT('',(49.236328125,1.12939453125,8.7));
#8373 = VECTOR('',#8374,1.);
#8374 = DIRECTION('',(1.,0.,0.));
#8375 = PCURVE('',#3300,#8376);
#8376 = DEFINITIONAL_REPRESENTATION('',(#8377),#8381);
#8377 = LINE('',#8378,#8379);
#8378 = CARTESIAN_POINT('',(0.,0.));
#8379 = VECTOR('',#8380,1.);
#8380 = DIRECTION('',(1.,0.));
#8381 = ( GEOMETRIC_REPRESENTATION_CONTEXT(2) 
PARAMETRIC_REPRESENTATION_CONTEXT() REPRESENTATION_CONTEXT('2D SPACE',''
  ) );
#8382 = PCURVE('',#7819,#8383);
#8383 = DEFINITIONAL_REPRESENTATION('',(#8384),#8388);
#8384 = LINE('',#8385,#8386);
#8385 = CARTESIAN_POINT('',(1.8984375,3.111328125));
#8386 = VECTOR('',#8387,1.);
#8387 = DIRECTION('',(1.,0.));
#8388 = ( GEOMETRIC_REPRESENTATION_CONTEXT(2) 
PARAMETRIC_REPRESENTATION_CONTEXT() REPRESENTATION_CONTEXT('2D SPACE',''
  ) );
#8389 = ORIENTED_EDGE('',*,*,#8390,.T.);
#8390 = EDGE_CURVE('',#8368,#3260,#8391,.T.);
#8391 = SURFACE_CURVE('',#8392,(#8396,#8403),.PCURVE_S1.);
#8392 = LINE('',#8393,#8394);
#8393 = CARTESIAN_POINT('',(49.236328125,1.12939453125,8.7));
#8394 = VECTOR('',#8395,1.);
#8395 = DIRECTION('',(0.,0.,1.));
#8396 = PCURVE('',#3300,#8397);
#8397 = DEFINITIONAL_REPRESENTATION('',(#8398),#8402);
#8398 = LINE('',#8399,#8400);
#8399 = CARTESIAN_POINT('',(0.,0.));
#8400 = VECTOR('',#8401,1.);
#8401 = DIRECTION('',(0.,-1.));
#8402 = ( GEOMETRIC_REPRESENTATION_CONTEXT(2) 
PARAMETRIC_REPRESENTATION_CONTEXT() REPRESENTATION_CONTEXT('2D SPACE',''
  ) );
#8403 = PCURVE('',#3274,#8404);
#8404 = DEFINITIONAL_REPRESENTATION('',(#8405),#8409);
#8405 = LINE('',#8406,#8407);
#8406 = CARTESIAN_POINT('',(1.888330754242,0.));
#8407 = VECTOR('',#8408,1.);
#8408 = DIRECTION('',(0.,-1.));
#8409 = ( GEOMETRIC_REPRESENTATION_CONTEXT(2) 
PARAMETRIC_REPRESENTATION_CONTEXT() REPRESENTATION_CONTEXT('2D SPACE',''
  ) );
#8410 = ORIENTED_EDGE('',*,*,#3285,.F.);
#8411 = ORIENTED_EDGE('',*,*,#8341,.F.);
#8412 = ADVANCED_FACE('',(#8413),#3274,.F.);
#8413 = FACE_BOUND('',#8414,.F.);
#8414 = EDGE_LOOP('',(#8415,#8438,#8459,#8460));
#8415 = ORIENTED_EDGE('',*,*,#8416,.F.);
#8416 = EDGE_CURVE('',#8417,#8368,#8419,.T.);
#8417 = VERTEX_POINT('',#8418);
#8418 = CARTESIAN_POINT('',(48.7412109375,-0.69287109375,8.7));
#8419 = SURFACE_CURVE('',#8420,(#8424,#8431),.PCURVE_S1.);
#8420 = LINE('',#8421,#8422);
#8421 = CARTESIAN_POINT('',(48.7412109375,-0.69287109375,8.7));
#8422 = VECTOR('',#8423,1.);
#8423 = DIRECTION('',(0.262198339135,0.965014005574,0.));
#8424 = PCURVE('',#3274,#8425);
#8425 = DEFINITIONAL_REPRESENTATION('',(#8426),#8430);
#8426 = LINE('',#8427,#8428);
#8427 = CARTESIAN_POINT('',(0.,0.));
#8428 = VECTOR('',#8429,1.);
#8429 = DIRECTION('',(1.,0.));
#8430 = ( GEOMETRIC_REPRESENTATION_CONTEXT(2) 
PARAMETRIC_REPRESENTATION_CONTEXT() REPRESENTATION_CONTEXT('2D SPACE',''
  ) );
#8431 = PCURVE('',#7819,#8432);
#8432 = DEFINITIONAL_REPRESENTATION('',(#8433),#8437);
#8433 = LINE('',#8434,#8435);
#8434 = CARTESIAN_POINT('',(1.4033203125,1.2890625));
#8435 = VECTOR('',#8436,1.);
#8436 = DIRECTION('',(0.262198339135,0.965014005574));
#8437 = ( GEOMETRIC_REPRESENTATION_CONTEXT(2) 
PARAMETRIC_REPRESENTATION_CONTEXT() REPRESENTATION_CONTEXT('2D SPACE',''
  ) );
#8438 = ORIENTED_EDGE('',*,*,#8439,.T.);
#8439 = EDGE_CURVE('',#8417,#3203,#8440,.T.);
#8440 = SURFACE_CURVE('',#8441,(#8445,#8452),.PCURVE_S1.);
#8441 = LINE('',#8442,#8443);
#8442 = CARTESIAN_POINT('',(48.7412109375,-0.69287109375,8.7));
#8443 = VECTOR('',#8444,1.);
#8444 = DIRECTION('',(0.,0.,1.));
#8445 = PCURVE('',#3274,#8446);
#8446 = DEFINITIONAL_REPRESENTATION('',(#8447),#8451);
#8447 = LINE('',#8448,#8449);
#8448 = CARTESIAN_POINT('',(0.,0.));
#8449 = VECTOR('',#8450,1.);
#8450 = DIRECTION('',(0.,-1.));
#8451 = ( GEOMETRIC_REPRESENTATION_CONTEXT(2) 
PARAMETRIC_REPRESENTATION_CONTEXT() REPRESENTATION_CONTEXT('2D SPACE',''
  ) );
#8452 = PCURVE('',#3236,#8453);
#8453 = DEFINITIONAL_REPRESENTATION('',(#8454),#8458);
#8454 = LINE('',#8455,#8456);
#8455 = CARTESIAN_POINT('',(1.,0.));
#8456 = VECTOR('',#8457,1.);
#8457 = DIRECTION('',(0.,-1.));
#8458 = ( GEOMETRIC_REPRESENTATION_CONTEXT(2) 
PARAMETRIC_REPRESENTATION_CONTEXT() REPRESENTATION_CONTEXT('2D SPACE',''
  ) );
#8459 = ORIENTED_EDGE('',*,*,#3259,.F.);
#8460 = ORIENTED_EDGE('',*,*,#8390,.F.);
#8461 = ADVANCED_FACE('',(#8462),#3236,.F.);
#8462 = FACE_BOUND('',#8463,.F.);
#8463 = EDGE_LOOP('',(#8464,#8487,#8508,#8509));
#8464 = ORIENTED_EDGE('',*,*,#8465,.F.);
#8465 = EDGE_CURVE('',#8466,#8417,#8468,.T.);
#8466 = VERTEX_POINT('',#8467);
#8467 = CARTESIAN_POINT('',(48.580078125,-1.33447265625,8.7));
#8468 = SURFACE_CURVE('',#8469,(#8473,#8480),.PCURVE_S1.);
#8469 = B_SPLINE_CURVE_WITH_KNOTS('',2,(#8470,#8471,#8472),
  .UNSPECIFIED.,.F.,.F.,(3,3),(0.,1.),.PIECEWISE_BEZIER_KNOTS.);
#8470 = CARTESIAN_POINT('',(48.580078125,-1.33447265625,8.7));
#8471 = CARTESIAN_POINT('',(48.591796875,-1.28466796875,8.7));
#8472 = CARTESIAN_POINT('',(48.7412109375,-0.69287109375,8.7));
#8473 = PCURVE('',#3236,#8474);
#8474 = DEFINITIONAL_REPRESENTATION('',(#8475),#8479);
#8475 = LINE('',#8476,#8477);
#8476 = CARTESIAN_POINT('',(0.,0.));
#8477 = VECTOR('',#8478,1.);
#8478 = DIRECTION('',(1.,0.));
#8479 = ( GEOMETRIC_REPRESENTATION_CONTEXT(2) 
PARAMETRIC_REPRESENTATION_CONTEXT() REPRESENTATION_CONTEXT('2D SPACE',''
  ) );
#8480 = PCURVE('',#7819,#8481);
#8481 = DEFINITIONAL_REPRESENTATION('',(#8482),#8486);
#8482 = B_SPLINE_CURVE_WITH_KNOTS('',2,(#8483,#8484,#8485),
  .UNSPECIFIED.,.F.,.F.,(3,3),(0.,1.),.PIECEWISE_BEZIER_KNOTS.);
#8483 = CARTESIAN_POINT('',(1.2421875,0.6474609375));
#8484 = CARTESIAN_POINT('',(1.25390625,0.697265625));
#8485 = CARTESIAN_POINT('',(1.4033203125,1.2890625));
#8486 = ( GEOMETRIC_REPRESENTATION_CONTEXT(2) 
PARAMETRIC_REPRESENTATION_CONTEXT() REPRESENTATION_CONTEXT('2D SPACE',''
  ) );
#8487 = ORIENTED_EDGE('',*,*,#8488,.T.);
#8488 = EDGE_CURVE('',#8466,#3177,#8489,.T.);
#8489 = SURFACE_CURVE('',#8490,(#8494,#8501),.PCURVE_S1.);
#8490 = LINE('',#8491,#8492);
#8491 = CARTESIAN_POINT('',(48.580078125,-1.33447265625,8.7));
#8492 = VECTOR('',#8493,1.);
#8493 = DIRECTION('',(0.,0.,1.));
#8494 = PCURVE('',#3236,#8495);
#8495 = DEFINITIONAL_REPRESENTATION('',(#8496),#8500);
#8496 = LINE('',#8497,#8498);
#8497 = CARTESIAN_POINT('',(0.,0.));
#8498 = VECTOR('',#8499,1.);
#8499 = DIRECTION('',(0.,-1.));
#8500 = ( GEOMETRIC_REPRESENTATION_CONTEXT(2) 
PARAMETRIC_REPRESENTATION_CONTEXT() REPRESENTATION_CONTEXT('2D SPACE',''
  ) );
#8501 = PCURVE('',#3191,#8502);
#8502 = DEFINITIONAL_REPRESENTATION('',(#8503),#8507);
#8503 = LINE('',#8504,#8505);
#8504 = CARTESIAN_POINT('',(0.692999604064,0.));
#8505 = VECTOR('',#8506,1.);
#8506 = DIRECTION('',(0.,-1.));
#8507 = ( GEOMETRIC_REPRESENTATION_CONTEXT(2) 
PARAMETRIC_REPRESENTATION_CONTEXT() REPRESENTATION_CONTEXT('2D SPACE',''
  ) );
#8508 = ORIENTED_EDGE('',*,*,#3202,.F.);
#8509 = ORIENTED_EDGE('',*,*,#8439,.F.);
#8510 = ADVANCED_FACE('',(#8511),#3191,.F.);
#8511 = FACE_BOUND('',#8512,.F.);
#8512 = EDGE_LOOP('',(#8513,#8536,#8557,#8558));
#8513 = ORIENTED_EDGE('',*,*,#8514,.F.);
#8514 = EDGE_CURVE('',#8515,#8466,#8517,.T.);
#8515 = VERTEX_POINT('',#8516);
#8516 = CARTESIAN_POINT('',(48.3955078125,-0.66650390625,8.7));
#8517 = SURFACE_CURVE('',#8518,(#8522,#8529),.PCURVE_S1.);
#8518 = LINE('',#8519,#8520);
#8519 = CARTESIAN_POINT('',(48.3955078125,-0.66650390625,8.7));
#8520 = VECTOR('',#8521,1.);
#8521 = DIRECTION('',(0.26633537944,-0.96388042083,0.));
#8522 = PCURVE('',#3191,#8523);
#8523 = DEFINITIONAL_REPRESENTATION('',(#8524),#8528);
#8524 = LINE('',#8525,#8526);
#8525 = CARTESIAN_POINT('',(0.,0.));
#8526 = VECTOR('',#8527,1.);
#8527 = DIRECTION('',(1.,0.));
#8528 = ( GEOMETRIC_REPRESENTATION_CONTEXT(2) 
PARAMETRIC_REPRESENTATION_CONTEXT() REPRESENTATION_CONTEXT('2D SPACE',''
  ) );
#8529 = PCURVE('',#7819,#8530);
#8530 = DEFINITIONAL_REPRESENTATION('',(#8531),#8535);
#8531 = LINE('',#8532,#8533);
#8532 = CARTESIAN_POINT('',(1.0576171875,1.3154296875));
#8533 = VECTOR('',#8534,1.);
#8534 = DIRECTION('',(0.26633537944,-0.96388042083));
#8535 = ( GEOMETRIC_REPRESENTATION_CONTEXT(2) 
PARAMETRIC_REPRESENTATION_CONTEXT() REPRESENTATION_CONTEXT('2D SPACE',''
  ) );
#8536 = ORIENTED_EDGE('',*,*,#8537,.T.);
#8537 = EDGE_CURVE('',#8515,#3151,#8538,.T.);
#8538 = SURFACE_CURVE('',#8539,(#8543,#8550),.PCURVE_S1.);
#8539 = LINE('',#8540,#8541);
#8540 = CARTESIAN_POINT('',(48.3955078125,-0.66650390625,8.7));
#8541 = VECTOR('',#8542,1.);
#8542 = DIRECTION('',(0.,0.,1.));
#8543 = PCURVE('',#3191,#8544);
#8544 = DEFINITIONAL_REPRESENTATION('',(#8545),#8549);
#8545 = LINE('',#8546,#8547);
#8546 = CARTESIAN_POINT('',(2.140244472381E-16,0.));
#8547 = VECTOR('',#8548,1.);
#8548 = DIRECTION('',(0.,-1.));
#8549 = ( GEOMETRIC_REPRESENTATION_CONTEXT(2) 
PARAMETRIC_REPRESENTATION_CONTEXT() REPRESENTATION_CONTEXT('2D SPACE',''
  ) );
#8550 = PCURVE('',#3165,#8551);
#8551 = DEFINITIONAL_REPRESENTATION('',(#8552),#8556);
#8552 = LINE('',#8553,#8554);
#8553 = CARTESIAN_POINT('',(1.862898877334,0.));
#8554 = VECTOR('',#8555,1.);
#8555 = DIRECTION('',(0.,-1.));
#8556 = ( GEOMETRIC_REPRESENTATION_CONTEXT(2) 
PARAMETRIC_REPRESENTATION_CONTEXT() REPRESENTATION_CONTEXT('2D SPACE',''
  ) );
#8557 = ORIENTED_EDGE('',*,*,#3176,.F.);
#8558 = ORIENTED_EDGE('',*,*,#8488,.F.);
#8559 = ADVANCED_FACE('',(#8560),#3165,.F.);
#8560 = FACE_BOUND('',#8561,.F.);
#8561 = EDGE_LOOP('',(#8562,#8585,#8606,#8607));
#8562 = ORIENTED_EDGE('',*,*,#8563,.F.);
#8563 = EDGE_CURVE('',#8564,#8515,#8566,.T.);
#8564 = VERTEX_POINT('',#8565);
#8565 = CARTESIAN_POINT('',(47.900390625,1.12939453125,8.7));
#8566 = SURFACE_CURVE('',#8567,(#8571,#8578),.PCURVE_S1.);
#8567 = LINE('',#8568,#8569);
#8568 = CARTESIAN_POINT('',(47.900390625,1.12939453125,8.7));
#8569 = VECTOR('',#8570,1.);
#8570 = DIRECTION('',(0.265777811949,-0.96403431198,0.));
#8571 = PCURVE('',#3165,#8572);
#8572 = DEFINITIONAL_REPRESENTATION('',(#8573),#8577);
#8573 = LINE('',#8574,#8575);
#8574 = CARTESIAN_POINT('',(0.,0.));
#8575 = VECTOR('',#8576,1.);
#8576 = DIRECTION('',(1.,0.));
#8577 = ( GEOMETRIC_REPRESENTATION_CONTEXT(2) 
PARAMETRIC_REPRESENTATION_CONTEXT() REPRESENTATION_CONTEXT('2D SPACE',''
  ) );
#8578 = PCURVE('',#7819,#8579);
#8579 = DEFINITIONAL_REPRESENTATION('',(#8580),#8584);
#8580 = LINE('',#8581,#8582);
#8581 = CARTESIAN_POINT('',(0.5625,3.111328125));
#8582 = VECTOR('',#8583,1.);
#8583 = DIRECTION('',(0.265777811949,-0.96403431198));
#8584 = ( GEOMETRIC_REPRESENTATION_CONTEXT(2) 
PARAMETRIC_REPRESENTATION_CONTEXT() REPRESENTATION_CONTEXT('2D SPACE',''
  ) );
#8585 = ORIENTED_EDGE('',*,*,#8586,.T.);
#8586 = EDGE_CURVE('',#8564,#3125,#8587,.T.);
#8587 = SURFACE_CURVE('',#8588,(#8592,#8599),.PCURVE_S1.);
#8588 = LINE('',#8589,#8590);
#8589 = CARTESIAN_POINT('',(47.900390625,1.12939453125,8.7));
#8590 = VECTOR('',#8591,1.);
#8591 = DIRECTION('',(0.,0.,1.));
#8592 = PCURVE('',#3165,#8593);
#8593 = DEFINITIONAL_REPRESENTATION('',(#8594),#8598);
#8594 = LINE('',#8595,#8596);
#8595 = CARTESIAN_POINT('',(0.,0.));
#8596 = VECTOR('',#8597,1.);
#8597 = DIRECTION('',(0.,-1.));
#8598 = ( GEOMETRIC_REPRESENTATION_CONTEXT(2) 
PARAMETRIC_REPRESENTATION_CONTEXT() REPRESENTATION_CONTEXT('2D SPACE',''
  ) );
#8599 = PCURVE('',#3139,#8600);
#8600 = DEFINITIONAL_REPRESENTATION('',(#8601),#8605);
#8601 = LINE('',#8602,#8603);
#8602 = CARTESIAN_POINT('',(0.544921875,0.));
#8603 = VECTOR('',#8604,1.);
#8604 = DIRECTION('',(0.,-1.));
#8605 = ( GEOMETRIC_REPRESENTATION_CONTEXT(2) 
PARAMETRIC_REPRESENTATION_CONTEXT() REPRESENTATION_CONTEXT('2D SPACE',''
  ) );
#8606 = ORIENTED_EDGE('',*,*,#3150,.F.);
#8607 = ORIENTED_EDGE('',*,*,#8537,.F.);
#8608 = ADVANCED_FACE('',(#8609),#3139,.F.);
#8609 = FACE_BOUND('',#8610,.F.);
#8610 = EDGE_LOOP('',(#8611,#8634,#8655,#8656));
#8611 = ORIENTED_EDGE('',*,*,#8612,.F.);
#8612 = EDGE_CURVE('',#8613,#8564,#8615,.T.);
#8613 = VERTEX_POINT('',#8614);
#8614 = CARTESIAN_POINT('',(47.35546875,1.12939453125,8.7));
#8615 = SURFACE_CURVE('',#8616,(#8620,#8627),.PCURVE_S1.);
#8616 = LINE('',#8617,#8618);
#8617 = CARTESIAN_POINT('',(47.35546875,1.12939453125,8.7));
#8618 = VECTOR('',#8619,1.);
#8619 = DIRECTION('',(1.,0.,0.));
#8620 = PCURVE('',#3139,#8621);
#8621 = DEFINITIONAL_REPRESENTATION('',(#8622),#8626);
#8622 = LINE('',#8623,#8624);
#8623 = CARTESIAN_POINT('',(0.,0.));
#8624 = VECTOR('',#8625,1.);
#8625 = DIRECTION('',(1.,0.));
#8626 = ( GEOMETRIC_REPRESENTATION_CONTEXT(2) 
PARAMETRIC_REPRESENTATION_CONTEXT() REPRESENTATION_CONTEXT('2D SPACE',''
  ) );
#8627 = PCURVE('',#7819,#8628);
#8628 = DEFINITIONAL_REPRESENTATION('',(#8629),#8633);
#8629 = LINE('',#8630,#8631);
#8630 = CARTESIAN_POINT('',(1.7578125E-02,3.111328125));
#8631 = VECTOR('',#8632,1.);
#8632 = DIRECTION('',(1.,0.));
#8633 = ( GEOMETRIC_REPRESENTATION_CONTEXT(2) 
PARAMETRIC_REPRESENTATION_CONTEXT() REPRESENTATION_CONTEXT('2D SPACE',''
  ) );
#8634 = ORIENTED_EDGE('',*,*,#8635,.T.);
#8635 = EDGE_CURVE('',#8613,#3099,#8636,.T.);
#8636 = SURFACE_CURVE('',#8637,(#8641,#8648),.PCURVE_S1.);
#8637 = LINE('',#8638,#8639);
#8638 = CARTESIAN_POINT('',(47.35546875,1.12939453125,8.7));
#8639 = VECTOR('',#8640,1.);
#8640 = DIRECTION('',(0.,0.,1.));
#8641 = PCURVE('',#3139,#8642);
#8642 = DEFINITIONAL_REPRESENTATION('',(#8643),#8647);
#8643 = LINE('',#8644,#8645);
#8644 = CARTESIAN_POINT('',(0.,0.));
#8645 = VECTOR('',#8646,1.);
#8646 = DIRECTION('',(0.,-1.));
#8647 = ( GEOMETRIC_REPRESENTATION_CONTEXT(2) 
PARAMETRIC_REPRESENTATION_CONTEXT() REPRESENTATION_CONTEXT('2D SPACE',''
  ) );
#8648 = PCURVE('',#3113,#8649);
#8649 = DEFINITIONAL_REPRESENTATION('',(#8650),#8654);
#8650 = LINE('',#8651,#8652);
#8651 = CARTESIAN_POINT('',(3.253759264059,0.));
#8652 = VECTOR('',#8653,1.);
#8653 = DIRECTION('',(0.,-1.));
#8654 = ( GEOMETRIC_REPRESENTATION_CONTEXT(2) 
PARAMETRIC_REPRESENTATION_CONTEXT() REPRESENTATION_CONTEXT('2D SPACE',''
  ) );
#8655 = ORIENTED_EDGE('',*,*,#3124,.F.);
#8656 = ORIENTED_EDGE('',*,*,#8586,.F.);
#8657 = ADVANCED_FACE('',(#8658),#3113,.F.);
#8658 = FACE_BOUND('',#8659,.F.);
#8659 = EDGE_LOOP('',(#8660,#8681,#8682,#8683));
#8660 = ORIENTED_EDGE('',*,*,#8661,.F.);
#8661 = EDGE_CURVE('',#7804,#8613,#8662,.T.);
#8662 = SURFACE_CURVE('',#8663,(#8667,#8674),.PCURVE_S1.);
#8663 = LINE('',#8664,#8665);
#8664 = CARTESIAN_POINT('',(48.3076171875,-1.98193359375,8.7));
#8665 = VECTOR('',#8666,1.);
#8666 = DIRECTION('',(-0.292630265557,0.956225667758,0.));
#8667 = PCURVE('',#3113,#8668);
#8668 = DEFINITIONAL_REPRESENTATION('',(#8669),#8673);
#8669 = LINE('',#8670,#8671);
#8670 = CARTESIAN_POINT('',(0.,0.));
#8671 = VECTOR('',#8672,1.);
#8672 = DIRECTION('',(1.,0.));
#8673 = ( GEOMETRIC_REPRESENTATION_CONTEXT(2) 
PARAMETRIC_REPRESENTATION_CONTEXT() REPRESENTATION_CONTEXT('2D SPACE',''
  ) );
#8674 = PCURVE('',#7819,#8675);
#8675 = DEFINITIONAL_REPRESENTATION('',(#8676),#8680);
#8676 = LINE('',#8677,#8678);
#8677 = CARTESIAN_POINT('',(0.9697265625,0.));
#8678 = VECTOR('',#8679,1.);
#8679 = DIRECTION('',(-0.292630265557,0.956225667758));
#8680 = ( GEOMETRIC_REPRESENTATION_CONTEXT(2) 
PARAMETRIC_REPRESENTATION_CONTEXT() REPRESENTATION_CONTEXT('2D SPACE',''
  ) );
#8681 = ORIENTED_EDGE('',*,*,#7853,.T.);
#8682 = ORIENTED_EDGE('',*,*,#3098,.F.);
#8683 = ORIENTED_EDGE('',*,*,#8635,.F.);
#8684 = ADVANCED_FACE('',(#8685),#3588,.F.);
#8685 = FACE_BOUND('',#8686,.F.);
#8686 = EDGE_LOOP('',(#8687,#8717,#8738,#8739));
#8687 = ORIENTED_EDGE('',*,*,#8688,.F.);
#8688 = EDGE_CURVE('',#8689,#8691,#8693,.T.);
#8689 = VERTEX_POINT('',#8690);
#8690 = CARTESIAN_POINT('',(32.232421875,-1.98193359375,8.7));
#8691 = VERTEX_POINT('',#8692);
#8692 = CARTESIAN_POINT('',(31.7431640625,-1.98193359375,8.7));
#8693 = SURFACE_CURVE('',#8694,(#8698,#8705),.PCURVE_S1.);
#8694 = LINE('',#8695,#8696);
#8695 = CARTESIAN_POINT('',(32.232421875,-1.98193359375,8.7));
#8696 = VECTOR('',#8697,1.);
#8697 = DIRECTION('',(-1.,0.,0.));
#8698 = PCURVE('',#3588,#8699);
#8699 = DEFINITIONAL_REPRESENTATION('',(#8700),#8704);
#8700 = LINE('',#8701,#8702);
#8701 = CARTESIAN_POINT('',(0.,-0.));
#8702 = VECTOR('',#8703,1.);
#8703 = DIRECTION('',(1.,0.));
#8704 = ( GEOMETRIC_REPRESENTATION_CONTEXT(2) 
PARAMETRIC_REPRESENTATION_CONTEXT() REPRESENTATION_CONTEXT('2D SPACE',''
  ) );
#8705 = PCURVE('',#8706,#8711);
#8706 = PLANE('',#8707);
#8707 = AXIS2_PLACEMENT_3D('',#8708,#8709,#8710);
#8708 = CARTESIAN_POINT('',(29.3291015625,-1.98193359375,8.7));
#8709 = DIRECTION('',(0.,0.,1.));
#8710 = DIRECTION('',(1.,0.,0.));
#8711 = DEFINITIONAL_REPRESENTATION('',(#8712),#8716);
#8712 = LINE('',#8713,#8714);
#8713 = CARTESIAN_POINT('',(2.9033203125,0.));
#8714 = VECTOR('',#8715,1.);
#8715 = DIRECTION('',(-1.,0.));
#8716 = ( GEOMETRIC_REPRESENTATION_CONTEXT(2) 
PARAMETRIC_REPRESENTATION_CONTEXT() REPRESENTATION_CONTEXT('2D SPACE',''
  ) );
#8717 = ORIENTED_EDGE('',*,*,#8718,.T.);
#8718 = EDGE_CURVE('',#8689,#3574,#8719,.T.);
#8719 = SURFACE_CURVE('',#8720,(#8724,#8731),.PCURVE_S1.);
#8720 = LINE('',#8721,#8722);
#8721 = CARTESIAN_POINT('',(32.232421875,-1.98193359375,8.7));
#8722 = VECTOR('',#8723,1.);
#8723 = DIRECTION('',(0.,0.,1.));
#8724 = PCURVE('',#3588,#8725);
#8725 = DEFINITIONAL_REPRESENTATION('',(#8726),#8730);
#8726 = LINE('',#8727,#8728);
#8727 = CARTESIAN_POINT('',(0.,-0.));
#8728 = VECTOR('',#8729,1.);
#8729 = DIRECTION('',(0.,-1.));
#8730 = ( GEOMETRIC_REPRESENTATION_CONTEXT(2) 
PARAMETRIC_REPRESENTATION_CONTEXT() REPRESENTATION_CONTEXT('2D SPACE',''
  ) );
#8731 = PCURVE('',#4140,#8732);
#8732 = DEFINITIONAL_REPRESENTATION('',(#8733),#8737);
#8733 = LINE('',#8734,#8735);
#8734 = CARTESIAN_POINT('',(4.294921875,0.));
#8735 = VECTOR('',#8736,1.);
#8736 = DIRECTION('',(0.,-1.));
#8737 = ( GEOMETRIC_REPRESENTATION_CONTEXT(2) 
PARAMETRIC_REPRESENTATION_CONTEXT() REPRESENTATION_CONTEXT('2D SPACE',''
  ) );
#8738 = ORIENTED_EDGE('',*,*,#3571,.F.);
#8739 = ORIENTED_EDGE('',*,*,#8740,.F.);
#8740 = EDGE_CURVE('',#8691,#3572,#8741,.T.);
#8741 = SURFACE_CURVE('',#8742,(#8746,#8753),.PCURVE_S1.);
#8742 = LINE('',#8743,#8744);
#8743 = CARTESIAN_POINT('',(31.7431640625,-1.98193359375,8.7));
#8744 = VECTOR('',#8745,1.);
#8745 = DIRECTION('',(0.,0.,1.));
#8746 = PCURVE('',#3588,#8747);
#8747 = DEFINITIONAL_REPRESENTATION('',(#8748),#8752);
#8748 = LINE('',#8749,#8750);
#8749 = CARTESIAN_POINT('',(0.4892578125,0.));
#8750 = VECTOR('',#8751,1.);
#8751 = DIRECTION('',(0.,-1.));
#8752 = ( GEOMETRIC_REPRESENTATION_CONTEXT(2) 
PARAMETRIC_REPRESENTATION_CONTEXT() REPRESENTATION_CONTEXT('2D SPACE',''
  ) );
#8753 = PCURVE('',#3614,#8754);
#8754 = DEFINITIONAL_REPRESENTATION('',(#8755),#8759);
#8755 = LINE('',#8756,#8757);
#8756 = CARTESIAN_POINT('',(0.,0.));
#8757 = VECTOR('',#8758,1.);
#8758 = DIRECTION('',(0.,-1.));
#8759 = ( GEOMETRIC_REPRESENTATION_CONTEXT(2) 
PARAMETRIC_REPRESENTATION_CONTEXT() REPRESENTATION_CONTEXT('2D SPACE',''
  ) );
#8760 = ADVANCED_FACE('',(#8761),#4140,.F.);
#8761 = FACE_BOUND('',#8762,.F.);
#8762 = EDGE_LOOP('',(#8763,#8786,#8807,#8808));
#8763 = ORIENTED_EDGE('',*,*,#8764,.F.);
#8764 = EDGE_CURVE('',#8765,#8689,#8767,.T.);
#8765 = VERTEX_POINT('',#8766);
#8766 = CARTESIAN_POINT('',(32.232421875,2.31298828125,8.7));
#8767 = SURFACE_CURVE('',#8768,(#8772,#8779),.PCURVE_S1.);
#8768 = LINE('',#8769,#8770);
#8769 = CARTESIAN_POINT('',(32.232421875,2.31298828125,8.7));
#8770 = VECTOR('',#8771,1.);
#8771 = DIRECTION('',(0.,-1.,0.));
#8772 = PCURVE('',#4140,#8773);
#8773 = DEFINITIONAL_REPRESENTATION('',(#8774),#8778);
#8774 = LINE('',#8775,#8776);
#8775 = CARTESIAN_POINT('',(0.,0.));
#8776 = VECTOR('',#8777,1.);
#8777 = DIRECTION('',(1.,0.));
#8778 = ( GEOMETRIC_REPRESENTATION_CONTEXT(2) 
PARAMETRIC_REPRESENTATION_CONTEXT() REPRESENTATION_CONTEXT('2D SPACE',''
  ) );
#8779 = PCURVE('',#8706,#8780);
#8780 = DEFINITIONAL_REPRESENTATION('',(#8781),#8785);
#8781 = LINE('',#8782,#8783);
#8782 = CARTESIAN_POINT('',(2.9033203125,4.294921875));
#8783 = VECTOR('',#8784,1.);
#8784 = DIRECTION('',(0.,-1.));
#8785 = ( GEOMETRIC_REPRESENTATION_CONTEXT(2) 
PARAMETRIC_REPRESENTATION_CONTEXT() REPRESENTATION_CONTEXT('2D SPACE',''
  ) );
#8786 = ORIENTED_EDGE('',*,*,#8787,.T.);
#8787 = EDGE_CURVE('',#8765,#4102,#8788,.T.);
#8788 = SURFACE_CURVE('',#8789,(#8793,#8800),.PCURVE_S1.);
#8789 = LINE('',#8790,#8791);
#8790 = CARTESIAN_POINT('',(32.232421875,2.31298828125,8.7));
#8791 = VECTOR('',#8792,1.);
#8792 = DIRECTION('',(0.,0.,1.));
#8793 = PCURVE('',#4140,#8794);
#8794 = DEFINITIONAL_REPRESENTATION('',(#8795),#8799);
#8795 = LINE('',#8796,#8797);
#8796 = CARTESIAN_POINT('',(0.,0.));
#8797 = VECTOR('',#8798,1.);
#8798 = DIRECTION('',(0.,-1.));
#8799 = ( GEOMETRIC_REPRESENTATION_CONTEXT(2) 
PARAMETRIC_REPRESENTATION_CONTEXT() REPRESENTATION_CONTEXT('2D SPACE',''
  ) );
#8800 = PCURVE('',#4116,#8801);
#8801 = DEFINITIONAL_REPRESENTATION('',(#8802),#8806);
#8802 = LINE('',#8803,#8804);
#8803 = CARTESIAN_POINT('',(0.5244140625,0.));
#8804 = VECTOR('',#8805,1.);
#8805 = DIRECTION('',(0.,-1.));
#8806 = ( GEOMETRIC_REPRESENTATION_CONTEXT(2) 
PARAMETRIC_REPRESENTATION_CONTEXT() REPRESENTATION_CONTEXT('2D SPACE',''
  ) );
#8807 = ORIENTED_EDGE('',*,*,#4127,.F.);
#8808 = ORIENTED_EDGE('',*,*,#8718,.F.);
#8809 = ADVANCED_FACE('',(#8810),#4116,.F.);
#8810 = FACE_BOUND('',#8811,.F.);
#8811 = EDGE_LOOP('',(#8812,#8835,#8856,#8857));
#8812 = ORIENTED_EDGE('',*,*,#8813,.F.);
#8813 = EDGE_CURVE('',#8814,#8765,#8816,.T.);
#8814 = VERTEX_POINT('',#8815);
#8815 = CARTESIAN_POINT('',(31.7080078125,2.31298828125,8.7));
#8816 = SURFACE_CURVE('',#8817,(#8821,#8828),.PCURVE_S1.);
#8817 = LINE('',#8818,#8819);
#8818 = CARTESIAN_POINT('',(31.7080078125,2.31298828125,8.7));
#8819 = VECTOR('',#8820,1.);
#8820 = DIRECTION('',(1.,0.,0.));
#8821 = PCURVE('',#4116,#8822);
#8822 = DEFINITIONAL_REPRESENTATION('',(#8823),#8827);
#8823 = LINE('',#8824,#8825);
#8824 = CARTESIAN_POINT('',(0.,0.));
#8825 = VECTOR('',#8826,1.);
#8826 = DIRECTION('',(1.,0.));
#8827 = ( GEOMETRIC_REPRESENTATION_CONTEXT(2) 
PARAMETRIC_REPRESENTATION_CONTEXT() REPRESENTATION_CONTEXT('2D SPACE',''
  ) );
#8828 = PCURVE('',#8706,#8829);
#8829 = DEFINITIONAL_REPRESENTATION('',(#8830),#8834);
#8830 = LINE('',#8831,#8832);
#8831 = CARTESIAN_POINT('',(2.37890625,4.294921875));
#8832 = VECTOR('',#8833,1.);
#8833 = DIRECTION('',(1.,0.));
#8834 = ( GEOMETRIC_REPRESENTATION_CONTEXT(2) 
PARAMETRIC_REPRESENTATION_CONTEXT() REPRESENTATION_CONTEXT('2D SPACE',''
  ) );
#8835 = ORIENTED_EDGE('',*,*,#8836,.T.);
#8836 = EDGE_CURVE('',#8814,#4076,#8837,.T.);
#8837 = SURFACE_CURVE('',#8838,(#8842,#8849),.PCURVE_S1.);
#8838 = LINE('',#8839,#8840);
#8839 = CARTESIAN_POINT('',(31.7080078125,2.31298828125,8.7));
#8840 = VECTOR('',#8841,1.);
#8841 = DIRECTION('',(0.,0.,1.));
#8842 = PCURVE('',#4116,#8843);
#8843 = DEFINITIONAL_REPRESENTATION('',(#8844),#8848);
#8844 = LINE('',#8845,#8846);
#8845 = CARTESIAN_POINT('',(0.,0.));
#8846 = VECTOR('',#8847,1.);
#8847 = DIRECTION('',(0.,-1.));
#8848 = ( GEOMETRIC_REPRESENTATION_CONTEXT(2) 
PARAMETRIC_REPRESENTATION_CONTEXT() REPRESENTATION_CONTEXT('2D SPACE',''
  ) );
#8849 = PCURVE('',#4090,#8850);
#8850 = DEFINITIONAL_REPRESENTATION('',(#8851),#8855);
#8851 = LINE('',#8852,#8853);
#8852 = CARTESIAN_POINT('',(1.541015625,0.));
#8853 = VECTOR('',#8854,1.);
#8854 = DIRECTION('',(0.,-1.));
#8855 = ( GEOMETRIC_REPRESENTATION_CONTEXT(2) 
PARAMETRIC_REPRESENTATION_CONTEXT() REPRESENTATION_CONTEXT('2D SPACE',''
  ) );
#8856 = ORIENTED_EDGE('',*,*,#4101,.F.);
#8857 = ORIENTED_EDGE('',*,*,#8787,.F.);
#8858 = ADVANCED_FACE('',(#8859),#4090,.F.);
#8859 = FACE_BOUND('',#8860,.F.);
#8860 = EDGE_LOOP('',(#8861,#8884,#8905,#8906));
#8861 = ORIENTED_EDGE('',*,*,#8862,.F.);
#8862 = EDGE_CURVE('',#8863,#8814,#8865,.T.);
#8863 = VERTEX_POINT('',#8864);
#8864 = CARTESIAN_POINT('',(31.7080078125,0.77197265625,8.7));
#8865 = SURFACE_CURVE('',#8866,(#8870,#8877),.PCURVE_S1.);
#8866 = LINE('',#8867,#8868);
#8867 = CARTESIAN_POINT('',(31.7080078125,0.77197265625,8.7));
#8868 = VECTOR('',#8869,1.);
#8869 = DIRECTION('',(0.,1.,0.));
#8870 = PCURVE('',#4090,#8871);
#8871 = DEFINITIONAL_REPRESENTATION('',(#8872),#8876);
#8872 = LINE('',#8873,#8874);
#8873 = CARTESIAN_POINT('',(0.,0.));
#8874 = VECTOR('',#8875,1.);
#8875 = DIRECTION('',(1.,0.));
#8876 = ( GEOMETRIC_REPRESENTATION_CONTEXT(2) 
PARAMETRIC_REPRESENTATION_CONTEXT() REPRESENTATION_CONTEXT('2D SPACE',''
  ) );
#8877 = PCURVE('',#8706,#8878);
#8878 = DEFINITIONAL_REPRESENTATION('',(#8879),#8883);
#8879 = LINE('',#8880,#8881);
#8880 = CARTESIAN_POINT('',(2.37890625,2.75390625));
#8881 = VECTOR('',#8882,1.);
#8882 = DIRECTION('',(0.,1.));
#8883 = ( GEOMETRIC_REPRESENTATION_CONTEXT(2) 
PARAMETRIC_REPRESENTATION_CONTEXT() REPRESENTATION_CONTEXT('2D SPACE',''
  ) );
#8884 = ORIENTED_EDGE('',*,*,#8885,.T.);
#8885 = EDGE_CURVE('',#8863,#4025,#8886,.T.);
#8886 = SURFACE_CURVE('',#8887,(#8891,#8898),.PCURVE_S1.);
#8887 = LINE('',#8888,#8889);
#8888 = CARTESIAN_POINT('',(31.7080078125,0.77197265625,8.7));
#8889 = VECTOR('',#8890,1.);
#8890 = DIRECTION('',(0.,0.,1.));
#8891 = PCURVE('',#4090,#8892);
#8892 = DEFINITIONAL_REPRESENTATION('',(#8893),#8897);
#8893 = LINE('',#8894,#8895);
#8894 = CARTESIAN_POINT('',(0.,0.));
#8895 = VECTOR('',#8896,1.);
#8896 = DIRECTION('',(0.,-1.));
#8897 = ( GEOMETRIC_REPRESENTATION_CONTEXT(2) 
PARAMETRIC_REPRESENTATION_CONTEXT() REPRESENTATION_CONTEXT('2D SPACE',''
  ) );
#8898 = PCURVE('',#4054,#8899);
#8899 = DEFINITIONAL_REPRESENTATION('',(#8900),#8904);
#8900 = LINE('',#8901,#8902);
#8901 = CARTESIAN_POINT('',(1.,0.));
#8902 = VECTOR('',#8903,1.);
#8903 = DIRECTION('',(0.,-1.));
#8904 = ( GEOMETRIC_REPRESENTATION_CONTEXT(2) 
PARAMETRIC_REPRESENTATION_CONTEXT() REPRESENTATION_CONTEXT('2D SPACE',''
  ) );
#8905 = ORIENTED_EDGE('',*,*,#4075,.F.);
#8906 = ORIENTED_EDGE('',*,*,#8836,.F.);
#8907 = ADVANCED_FACE('',(#8908),#4054,.F.);
#8908 = FACE_BOUND('',#8909,.F.);
#8909 = EDGE_LOOP('',(#8910,#8933,#8954,#8955));
#8910 = ORIENTED_EDGE('',*,*,#8911,.F.);
#8911 = EDGE_CURVE('',#8912,#8863,#8914,.T.);
#8912 = VERTEX_POINT('',#8913);
#8913 = CARTESIAN_POINT('',(31.3505859375,1.0810546875,8.7));
#8914 = SURFACE_CURVE('',#8915,(#8919,#8926),.PCURVE_S1.);
#8915 = B_SPLINE_CURVE_WITH_KNOTS('',2,(#8916,#8917,#8918),
  .UNSPECIFIED.,.F.,.F.,(3,3),(0.,1.),.PIECEWISE_BEZIER_KNOTS.);
#8916 = CARTESIAN_POINT('',(31.3505859375,1.0810546875,8.7));
#8917 = CARTESIAN_POINT('',(31.5703125,0.96240234375,8.7));
#8918 = CARTESIAN_POINT('',(31.7080078125,0.77197265625,8.7));
#8919 = PCURVE('',#4054,#8920);
#8920 = DEFINITIONAL_REPRESENTATION('',(#8921),#8925);
#8921 = LINE('',#8922,#8923);
#8922 = CARTESIAN_POINT('',(0.,0.));
#8923 = VECTOR('',#8924,1.);
#8924 = DIRECTION('',(1.,0.));
#8925 = ( GEOMETRIC_REPRESENTATION_CONTEXT(2) 
PARAMETRIC_REPRESENTATION_CONTEXT() REPRESENTATION_CONTEXT('2D SPACE',''
  ) );
#8926 = PCURVE('',#8706,#8927);
#8927 = DEFINITIONAL_REPRESENTATION('',(#8928),#8932);
#8928 = B_SPLINE_CURVE_WITH_KNOTS('',2,(#8929,#8930,#8931),
  .UNSPECIFIED.,.F.,.F.,(3,3),(0.,1.),.PIECEWISE_BEZIER_KNOTS.);
#8929 = CARTESIAN_POINT('',(2.021484375,3.06298828125));
#8930 = CARTESIAN_POINT('',(2.2412109375,2.9443359375));
#8931 = CARTESIAN_POINT('',(2.37890625,2.75390625));
#8932 = ( GEOMETRIC_REPRESENTATION_CONTEXT(2) 
PARAMETRIC_REPRESENTATION_CONTEXT() REPRESENTATION_CONTEXT('2D SPACE',''
  ) );
#8933 = ORIENTED_EDGE('',*,*,#8934,.T.);
#8934 = EDGE_CURVE('',#8912,#3986,#8935,.T.);
#8935 = SURFACE_CURVE('',#8936,(#8940,#8947),.PCURVE_S1.);
#8936 = LINE('',#8937,#8938);
#8937 = CARTESIAN_POINT('',(31.3505859375,1.0810546875,8.7));
#8938 = VECTOR('',#8939,1.);
#8939 = DIRECTION('',(0.,0.,1.));
#8940 = PCURVE('',#4054,#8941);
#8941 = DEFINITIONAL_REPRESENTATION('',(#8942),#8946);
#8942 = LINE('',#8943,#8944);
#8943 = CARTESIAN_POINT('',(0.,0.));
#8944 = VECTOR('',#8945,1.);
#8945 = DIRECTION('',(0.,-1.));
#8946 = ( GEOMETRIC_REPRESENTATION_CONTEXT(2) 
PARAMETRIC_REPRESENTATION_CONTEXT() REPRESENTATION_CONTEXT('2D SPACE',''
  ) );
#8947 = PCURVE('',#4007,#8948);
#8948 = DEFINITIONAL_REPRESENTATION('',(#8949),#8953);
#8949 = LINE('',#8950,#8951);
#8950 = CARTESIAN_POINT('',(1.,0.));
#8951 = VECTOR('',#8952,1.);
#8952 = DIRECTION('',(0.,-1.));
#8953 = ( GEOMETRIC_REPRESENTATION_CONTEXT(2) 
PARAMETRIC_REPRESENTATION_CONTEXT() REPRESENTATION_CONTEXT('2D SPACE',''
  ) );
#8954 = ORIENTED_EDGE('',*,*,#4024,.F.);
#8955 = ORIENTED_EDGE('',*,*,#8885,.F.);
#8956 = ADVANCED_FACE('',(#8957),#4007,.F.);
#8957 = FACE_BOUND('',#8958,.F.);
#8958 = EDGE_LOOP('',(#8959,#8982,#9003,#9004));
#8959 = ORIENTED_EDGE('',*,*,#8960,.F.);
#8960 = EDGE_CURVE('',#8961,#8912,#8963,.T.);
#8961 = VERTEX_POINT('',#8962);
#8962 = CARTESIAN_POINT('',(30.849609375,1.19970703125,8.7));
#8963 = SURFACE_CURVE('',#8964,(#8968,#8975),.PCURVE_S1.);
#8964 = B_SPLINE_CURVE_WITH_KNOTS('',2,(#8965,#8966,#8967),
  .UNSPECIFIED.,.F.,.F.,(3,3),(0.,1.),.PIECEWISE_BEZIER_KNOTS.);
#8965 = CARTESIAN_POINT('',(30.849609375,1.19970703125,8.7));
#8966 = CARTESIAN_POINT('',(31.130859375,1.19970703125,8.7));
#8967 = CARTESIAN_POINT('',(31.3505859375,1.0810546875,8.7));
#8968 = PCURVE('',#4007,#8969);
#8969 = DEFINITIONAL_REPRESENTATION('',(#8970),#8974);
#8970 = LINE('',#8971,#8972);
#8971 = CARTESIAN_POINT('',(0.,0.));
#8972 = VECTOR('',#8973,1.);
#8973 = DIRECTION('',(1.,0.));
#8974 = ( GEOMETRIC_REPRESENTATION_CONTEXT(2) 
PARAMETRIC_REPRESENTATION_CONTEXT() REPRESENTATION_CONTEXT('2D SPACE',''
  ) );
#8975 = PCURVE('',#8706,#8976);
#8976 = DEFINITIONAL_REPRESENTATION('',(#8977),#8981);
#8977 = B_SPLINE_CURVE_WITH_KNOTS('',2,(#8978,#8979,#8980),
  .UNSPECIFIED.,.F.,.F.,(3,3),(0.,1.),.PIECEWISE_BEZIER_KNOTS.);
#8978 = CARTESIAN_POINT('',(1.5205078125,3.181640625));
#8979 = CARTESIAN_POINT('',(1.8017578125,3.181640625));
#8980 = CARTESIAN_POINT('',(2.021484375,3.06298828125));
#8981 = ( GEOMETRIC_REPRESENTATION_CONTEXT(2) 
PARAMETRIC_REPRESENTATION_CONTEXT() REPRESENTATION_CONTEXT('2D SPACE',''
  ) );
#8982 = ORIENTED_EDGE('',*,*,#8983,.T.);
#8983 = EDGE_CURVE('',#8961,#3935,#8984,.T.);
#8984 = SURFACE_CURVE('',#8985,(#8989,#8996),.PCURVE_S1.);
#8985 = LINE('',#8986,#8987);
#8986 = CARTESIAN_POINT('',(30.849609375,1.19970703125,8.7));
#8987 = VECTOR('',#8988,1.);
#8988 = DIRECTION('',(0.,0.,1.));
#8989 = PCURVE('',#4007,#8990);
#8990 = DEFINITIONAL_REPRESENTATION('',(#8991),#8995);
#8991 = LINE('',#8992,#8993);
#8992 = CARTESIAN_POINT('',(0.,0.));
#8993 = VECTOR('',#8994,1.);
#8994 = DIRECTION('',(0.,-1.));
#8995 = ( GEOMETRIC_REPRESENTATION_CONTEXT(2) 
PARAMETRIC_REPRESENTATION_CONTEXT() REPRESENTATION_CONTEXT('2D SPACE',''
  ) );
#8996 = PCURVE('',#3964,#8997);
#8997 = DEFINITIONAL_REPRESENTATION('',(#8998),#9002);
#8998 = LINE('',#8999,#9000);
#8999 = CARTESIAN_POINT('',(1.,0.));
#9000 = VECTOR('',#9001,1.);
#9001 = DIRECTION('',(0.,-1.));
#9002 = ( GEOMETRIC_REPRESENTATION_CONTEXT(2) 
PARAMETRIC_REPRESENTATION_CONTEXT() REPRESENTATION_CONTEXT('2D SPACE',''
  ) );
#9003 = ORIENTED_EDGE('',*,*,#3985,.F.);
#9004 = ORIENTED_EDGE('',*,*,#8934,.F.);
#9005 = ADVANCED_FACE('',(#9006),#3964,.F.);
#9006 = FACE_BOUND('',#9007,.F.);
#9007 = EDGE_LOOP('',(#9008,#9031,#9052,#9053));
#9008 = ORIENTED_EDGE('',*,*,#9009,.F.);
#9009 = EDGE_CURVE('',#9010,#8961,#9012,.T.);
#9010 = VERTEX_POINT('',#9011);
#9011 = CARTESIAN_POINT('',(30.1552734375,0.99755859375,8.7));
#9012 = SURFACE_CURVE('',#9013,(#9017,#9024),.PCURVE_S1.);
#9013 = B_SPLINE_CURVE_WITH_KNOTS('',2,(#9014,#9015,#9016),
  .UNSPECIFIED.,.F.,.F.,(3,3),(0.,1.),.PIECEWISE_BEZIER_KNOTS.);
#9014 = CARTESIAN_POINT('',(30.1552734375,0.99755859375,8.7));
#9015 = CARTESIAN_POINT('',(30.4658203125,1.19970703125,8.7));
#9016 = CARTESIAN_POINT('',(30.849609375,1.19970703125,8.7));
#9017 = PCURVE('',#3964,#9018);
#9018 = DEFINITIONAL_REPRESENTATION('',(#9019),#9023);
#9019 = LINE('',#9020,#9021);
#9020 = CARTESIAN_POINT('',(0.,0.));
#9021 = VECTOR('',#9022,1.);
#9022 = DIRECTION('',(1.,0.));
#9023 = ( GEOMETRIC_REPRESENTATION_CONTEXT(2) 
PARAMETRIC_REPRESENTATION_CONTEXT() REPRESENTATION_CONTEXT('2D SPACE',''
  ) );
#9024 = PCURVE('',#8706,#9025);
#9025 = DEFINITIONAL_REPRESENTATION('',(#9026),#9030);
#9026 = B_SPLINE_CURVE_WITH_KNOTS('',2,(#9027,#9028,#9029),
  .UNSPECIFIED.,.F.,.F.,(3,3),(0.,1.),.PIECEWISE_BEZIER_KNOTS.);
#9027 = CARTESIAN_POINT('',(0.826171875,2.9794921875));
#9028 = CARTESIAN_POINT('',(1.13671875,3.181640625));
#9029 = CARTESIAN_POINT('',(1.5205078125,3.181640625));
#9030 = ( GEOMETRIC_REPRESENTATION_CONTEXT(2) 
PARAMETRIC_REPRESENTATION_CONTEXT() REPRESENTATION_CONTEXT('2D SPACE',''
  ) );
#9031 = ORIENTED_EDGE('',*,*,#9032,.T.);
#9032 = EDGE_CURVE('',#9010,#3884,#9033,.T.);
#9033 = SURFACE_CURVE('',#9034,(#9038,#9045),.PCURVE_S1.);
#9034 = LINE('',#9035,#9036);
#9035 = CARTESIAN_POINT('',(30.1552734375,0.99755859375,8.7));
#9036 = VECTOR('',#9037,1.);
#9037 = DIRECTION('',(0.,0.,1.));
#9038 = PCURVE('',#3964,#9039);
#9039 = DEFINITIONAL_REPRESENTATION('',(#9040),#9044);
#9040 = LINE('',#9041,#9042);
#9041 = CARTESIAN_POINT('',(0.,0.));
#9042 = VECTOR('',#9043,1.);
#9043 = DIRECTION('',(0.,-1.));
#9044 = ( GEOMETRIC_REPRESENTATION_CONTEXT(2) 
PARAMETRIC_REPRESENTATION_CONTEXT() REPRESENTATION_CONTEXT('2D SPACE',''
  ) );
#9045 = PCURVE('',#3913,#9046);
#9046 = DEFINITIONAL_REPRESENTATION('',(#9047),#9051);
#9047 = LINE('',#9048,#9049);
#9048 = CARTESIAN_POINT('',(1.,0.));
#9049 = VECTOR('',#9050,1.);
#9050 = DIRECTION('',(0.,-1.));
#9051 = ( GEOMETRIC_REPRESENTATION_CONTEXT(2) 
PARAMETRIC_REPRESENTATION_CONTEXT() REPRESENTATION_CONTEXT('2D SPACE',''
  ) );
#9052 = ORIENTED_EDGE('',*,*,#3934,.F.);
#9053 = ORIENTED_EDGE('',*,*,#8983,.F.);
#9054 = ADVANCED_FACE('',(#9055),#3913,.F.);
#9055 = FACE_BOUND('',#9056,.F.);
#9056 = EDGE_LOOP('',(#9057,#9080,#9101,#9102));
#9057 = ORIENTED_EDGE('',*,*,#9058,.F.);
#9058 = EDGE_CURVE('',#9059,#9010,#9061,.T.);
#9059 = VERTEX_POINT('',#9060);
#9060 = CARTESIAN_POINT('',(29.689453125,0.416015625,8.7));
#9061 = SURFACE_CURVE('',#9062,(#9066,#9073),.PCURVE_S1.);
#9062 = B_SPLINE_CURVE_WITH_KNOTS('',2,(#9063,#9064,#9065),
  .UNSPECIFIED.,.F.,.F.,(3,3),(0.,1.),.PIECEWISE_BEZIER_KNOTS.);
#9063 = CARTESIAN_POINT('',(29.689453125,0.416015625,8.7));
#9064 = CARTESIAN_POINT('',(29.8447265625,0.79541015625,8.7));
#9065 = CARTESIAN_POINT('',(30.1552734375,0.99755859375,8.7));
#9066 = PCURVE('',#3913,#9067);
#9067 = DEFINITIONAL_REPRESENTATION('',(#9068),#9072);
#9068 = LINE('',#9069,#9070);
#9069 = CARTESIAN_POINT('',(0.,0.));
#9070 = VECTOR('',#9071,1.);
#9071 = DIRECTION('',(1.,0.));
#9072 = ( GEOMETRIC_REPRESENTATION_CONTEXT(2) 
PARAMETRIC_REPRESENTATION_CONTEXT() REPRESENTATION_CONTEXT('2D SPACE',''
  ) );
#9073 = PCURVE('',#8706,#9074);
#9074 = DEFINITIONAL_REPRESENTATION('',(#9075),#9079);
#9075 = B_SPLINE_CURVE_WITH_KNOTS('',2,(#9076,#9077,#9078),
  .UNSPECIFIED.,.F.,.F.,(3,3),(0.,1.),.PIECEWISE_BEZIER_KNOTS.);
#9076 = CARTESIAN_POINT('',(0.3603515625,2.39794921875));
#9077 = CARTESIAN_POINT('',(0.515625,2.77734375));
#9078 = CARTESIAN_POINT('',(0.826171875,2.9794921875));
#9079 = ( GEOMETRIC_REPRESENTATION_CONTEXT(2) 
PARAMETRIC_REPRESENTATION_CONTEXT() REPRESENTATION_CONTEXT('2D SPACE',''
  ) );
#9080 = ORIENTED_EDGE('',*,*,#9081,.T.);
#9081 = EDGE_CURVE('',#9059,#3842,#9082,.T.);
#9082 = SURFACE_CURVE('',#9083,(#9087,#9094),.PCURVE_S1.);
#9083 = LINE('',#9084,#9085);
#9084 = CARTESIAN_POINT('',(29.689453125,0.416015625,8.7));
#9085 = VECTOR('',#9086,1.);
#9086 = DIRECTION('',(0.,0.,1.));
#9087 = PCURVE('',#3913,#9088);
#9088 = DEFINITIONAL_REPRESENTATION('',(#9089),#9093);
#9089 = LINE('',#9090,#9091);
#9090 = CARTESIAN_POINT('',(0.,0.));
#9091 = VECTOR('',#9092,1.);
#9092 = DIRECTION('',(0.,-1.));
#9093 = ( GEOMETRIC_REPRESENTATION_CONTEXT(2) 
PARAMETRIC_REPRESENTATION_CONTEXT() REPRESENTATION_CONTEXT('2D SPACE',''
  ) );
#9094 = PCURVE('',#3865,#9095);
#9095 = DEFINITIONAL_REPRESENTATION('',(#9096),#9100);
#9096 = LINE('',#9097,#9098);
#9097 = CARTESIAN_POINT('',(1.,0.));
#9098 = VECTOR('',#9099,1.);
#9099 = DIRECTION('',(0.,-1.));
#9100 = ( GEOMETRIC_REPRESENTATION_CONTEXT(2) 
PARAMETRIC_REPRESENTATION_CONTEXT() REPRESENTATION_CONTEXT('2D SPACE',''
  ) );
#9101 = ORIENTED_EDGE('',*,*,#3883,.F.);
#9102 = ORIENTED_EDGE('',*,*,#9032,.F.);
#9103 = ADVANCED_FACE('',(#9104),#3865,.F.);
#9104 = FACE_BOUND('',#9105,.F.);
#9105 = EDGE_LOOP('',(#9106,#9129,#9150,#9151));
#9106 = ORIENTED_EDGE('',*,*,#9107,.F.);
#9107 = EDGE_CURVE('',#9108,#9059,#9110,.T.);
#9108 = VERTEX_POINT('',#9109);
#9109 = CARTESIAN_POINT('',(29.5341796875,-0.42919921875,8.7));
#9110 = SURFACE_CURVE('',#9111,(#9115,#9122),.PCURVE_S1.);
#9111 = B_SPLINE_CURVE_WITH_KNOTS('',2,(#9112,#9113,#9114),
  .UNSPECIFIED.,.F.,.F.,(3,3),(0.,1.),.PIECEWISE_BEZIER_KNOTS.);
#9112 = CARTESIAN_POINT('',(29.5341796875,-0.42919921875,8.7));
#9113 = CARTESIAN_POINT('',(29.5341796875,3.662109375E-02,8.7));
#9114 = CARTESIAN_POINT('',(29.689453125,0.416015625,8.7));
#9115 = PCURVE('',#3865,#9116);
#9116 = DEFINITIONAL_REPRESENTATION('',(#9117),#9121);
#9117 = LINE('',#9118,#9119);
#9118 = CARTESIAN_POINT('',(0.,0.));
#9119 = VECTOR('',#9120,1.);
#9120 = DIRECTION('',(1.,0.));
#9121 = ( GEOMETRIC_REPRESENTATION_CONTEXT(2) 
PARAMETRIC_REPRESENTATION_CONTEXT() REPRESENTATION_CONTEXT('2D SPACE',''
  ) );
#9122 = PCURVE('',#8706,#9123);
#9123 = DEFINITIONAL_REPRESENTATION('',(#9124),#9128);
#9124 = B_SPLINE_CURVE_WITH_KNOTS('',2,(#9125,#9126,#9127),
  .UNSPECIFIED.,.F.,.F.,(3,3),(0.,1.),.PIECEWISE_BEZIER_KNOTS.);
#9125 = CARTESIAN_POINT('',(0.205078125,1.552734375));
#9126 = CARTESIAN_POINT('',(0.205078125,2.0185546875));
#9127 = CARTESIAN_POINT('',(0.3603515625,2.39794921875));
#9128 = ( GEOMETRIC_REPRESENTATION_CONTEXT(2) 
PARAMETRIC_REPRESENTATION_CONTEXT() REPRESENTATION_CONTEXT('2D SPACE',''
  ) );
#9129 = ORIENTED_EDGE('',*,*,#9130,.T.);
#9130 = EDGE_CURVE('',#9108,#3791,#9131,.T.);
#9131 = SURFACE_CURVE('',#9132,(#9136,#9143),.PCURVE_S1.);
#9132 = LINE('',#9133,#9134);
#9133 = CARTESIAN_POINT('',(29.5341796875,-0.42919921875,8.7));
#9134 = VECTOR('',#9135,1.);
#9135 = DIRECTION('',(0.,0.,1.));
#9136 = PCURVE('',#3865,#9137);
#9137 = DEFINITIONAL_REPRESENTATION('',(#9138),#9142);
#9138 = LINE('',#9139,#9140);
#9139 = CARTESIAN_POINT('',(0.,0.));
#9140 = VECTOR('',#9141,1.);
#9141 = DIRECTION('',(0.,-1.));
#9142 = ( GEOMETRIC_REPRESENTATION_CONTEXT(2) 
PARAMETRIC_REPRESENTATION_CONTEXT() REPRESENTATION_CONTEXT('2D SPACE',''
  ) );
#9143 = PCURVE('',#3820,#9144);
#9144 = DEFINITIONAL_REPRESENTATION('',(#9145),#9149);
#9145 = LINE('',#9146,#9147);
#9146 = CARTESIAN_POINT('',(1.,0.));
#9147 = VECTOR('',#9148,1.);
#9148 = DIRECTION('',(0.,-1.));
#9149 = ( GEOMETRIC_REPRESENTATION_CONTEXT(2) 
PARAMETRIC_REPRESENTATION_CONTEXT() REPRESENTATION_CONTEXT('2D SPACE',''
  ) );
#9150 = ORIENTED_EDGE('',*,*,#3841,.F.);
#9151 = ORIENTED_EDGE('',*,*,#9081,.F.);
#9152 = ADVANCED_FACE('',(#9153),#3820,.F.);
#9153 = FACE_BOUND('',#9154,.F.);
#9154 = EDGE_LOOP('',(#9155,#9178,#9199,#9200));
#9155 = ORIENTED_EDGE('',*,*,#9156,.F.);
#9156 = EDGE_CURVE('',#9157,#9108,#9159,.T.);
#9157 = VERTEX_POINT('',#9158);
#9158 = CARTESIAN_POINT('',(29.70556640625,-1.2744140625,8.7));
#9159 = SURFACE_CURVE('',#9160,(#9164,#9171),.PCURVE_S1.);
#9160 = B_SPLINE_CURVE_WITH_KNOTS('',2,(#9161,#9162,#9163),
  .UNSPECIFIED.,.F.,.F.,(3,3),(0.,1.),.PIECEWISE_BEZIER_KNOTS.);
#9161 = CARTESIAN_POINT('',(29.70556640625,-1.2744140625,8.7));
#9162 = CARTESIAN_POINT('',(29.5341796875,-0.90673828125,8.7));
#9163 = CARTESIAN_POINT('',(29.5341796875,-0.42919921875,8.7));
#9164 = PCURVE('',#3820,#9165);
#9165 = DEFINITIONAL_REPRESENTATION('',(#9166),#9170);
#9166 = LINE('',#9167,#9168);
#9167 = CARTESIAN_POINT('',(0.,0.));
#9168 = VECTOR('',#9169,1.);
#9169 = DIRECTION('',(1.,0.));
#9170 = ( GEOMETRIC_REPRESENTATION_CONTEXT(2) 
PARAMETRIC_REPRESENTATION_CONTEXT() REPRESENTATION_CONTEXT('2D SPACE',''
  ) );
#9171 = PCURVE('',#8706,#9172);
#9172 = DEFINITIONAL_REPRESENTATION('',(#9173),#9177);
#9173 = B_SPLINE_CURVE_WITH_KNOTS('',2,(#9174,#9175,#9176),
  .UNSPECIFIED.,.F.,.F.,(3,3),(0.,1.),.PIECEWISE_BEZIER_KNOTS.);
#9174 = CARTESIAN_POINT('',(0.37646484375,0.70751953125));
#9175 = CARTESIAN_POINT('',(0.205078125,1.0751953125));
#9176 = CARTESIAN_POINT('',(0.205078125,1.552734375));
#9177 = ( GEOMETRIC_REPRESENTATION_CONTEXT(2) 
PARAMETRIC_REPRESENTATION_CONTEXT() REPRESENTATION_CONTEXT('2D SPACE',''
  ) );
#9178 = ORIENTED_EDGE('',*,*,#9179,.T.);
#9179 = EDGE_CURVE('',#9157,#3740,#9180,.T.);
#9180 = SURFACE_CURVE('',#9181,(#9185,#9192),.PCURVE_S1.);
#9181 = LINE('',#9182,#9183);
#9182 = CARTESIAN_POINT('',(29.70556640625,-1.2744140625,8.7));
#9183 = VECTOR('',#9184,1.);
#9184 = DIRECTION('',(0.,0.,1.));
#9185 = PCURVE('',#3820,#9186);
#9186 = DEFINITIONAL_REPRESENTATION('',(#9187),#9191);
#9187 = LINE('',#9188,#9189);
#9188 = CARTESIAN_POINT('',(0.,0.));
#9189 = VECTOR('',#9190,1.);
#9190 = DIRECTION('',(0.,-1.));
#9191 = ( GEOMETRIC_REPRESENTATION_CONTEXT(2) 
PARAMETRIC_REPRESENTATION_CONTEXT() REPRESENTATION_CONTEXT('2D SPACE',''
  ) );
#9192 = PCURVE('',#3769,#9193);
#9193 = DEFINITIONAL_REPRESENTATION('',(#9194),#9198);
#9194 = LINE('',#9195,#9196);
#9195 = CARTESIAN_POINT('',(1.,0.));
#9196 = VECTOR('',#9197,1.);
#9197 = DIRECTION('',(0.,-1.));
#9198 = ( GEOMETRIC_REPRESENTATION_CONTEXT(2) 
PARAMETRIC_REPRESENTATION_CONTEXT() REPRESENTATION_CONTEXT('2D SPACE',''
  ) );
#9199 = ORIENTED_EDGE('',*,*,#3790,.F.);
#9200 = ORIENTED_EDGE('',*,*,#9130,.F.);
#9201 = ADVANCED_FACE('',(#9202),#3769,.F.);
#9202 = FACE_BOUND('',#9203,.F.);
#9203 = EDGE_LOOP('',(#9204,#9227,#9248,#9249));
#9204 = ORIENTED_EDGE('',*,*,#9205,.F.);
#9205 = EDGE_CURVE('',#9206,#9157,#9208,.T.);
#9206 = VERTEX_POINT('',#9207);
#9207 = CARTESIAN_POINT('',(30.18896484375,-1.84716796875,8.7));
#9208 = SURFACE_CURVE('',#9209,(#9213,#9220),.PCURVE_S1.);
#9209 = B_SPLINE_CURVE_WITH_KNOTS('',2,(#9210,#9211,#9212),
  .UNSPECIFIED.,.F.,.F.,(3,3),(0.,1.),.PIECEWISE_BEZIER_KNOTS.);
#9210 = CARTESIAN_POINT('',(30.18896484375,-1.84716796875,8.7));
#9211 = CARTESIAN_POINT('',(29.876953125,-1.64208984375,8.7));
#9212 = CARTESIAN_POINT('',(29.70556640625,-1.2744140625,8.7));
#9213 = PCURVE('',#3769,#9214);
#9214 = DEFINITIONAL_REPRESENTATION('',(#9215),#9219);
#9215 = LINE('',#9216,#9217);
#9216 = CARTESIAN_POINT('',(0.,0.));
#9217 = VECTOR('',#9218,1.);
#9218 = DIRECTION('',(1.,0.));
#9219 = ( GEOMETRIC_REPRESENTATION_CONTEXT(2) 
PARAMETRIC_REPRESENTATION_CONTEXT() REPRESENTATION_CONTEXT('2D SPACE',''
  ) );
#9220 = PCURVE('',#8706,#9221);
#9221 = DEFINITIONAL_REPRESENTATION('',(#9222),#9226);
#9222 = B_SPLINE_CURVE_WITH_KNOTS('',2,(#9223,#9224,#9225),
  .UNSPECIFIED.,.F.,.F.,(3,3),(0.,1.),.PIECEWISE_BEZIER_KNOTS.);
#9223 = CARTESIAN_POINT('',(0.85986328125,0.134765625));
#9224 = CARTESIAN_POINT('',(0.5478515625,0.33984375));
#9225 = CARTESIAN_POINT('',(0.37646484375,0.70751953125));
#9226 = ( GEOMETRIC_REPRESENTATION_CONTEXT(2) 
PARAMETRIC_REPRESENTATION_CONTEXT() REPRESENTATION_CONTEXT('2D SPACE',''
  ) );
#9227 = ORIENTED_EDGE('',*,*,#9228,.T.);
#9228 = EDGE_CURVE('',#9206,#3689,#9229,.T.);
#9229 = SURFACE_CURVE('',#9230,(#9234,#9241),.PCURVE_S1.);
#9230 = LINE('',#9231,#9232);
#9231 = CARTESIAN_POINT('',(30.18896484375,-1.84716796875,8.7));
#9232 = VECTOR('',#9233,1.);
#9233 = DIRECTION('',(0.,0.,1.));
#9234 = PCURVE('',#3769,#9235);
#9235 = DEFINITIONAL_REPRESENTATION('',(#9236),#9240);
#9236 = LINE('',#9237,#9238);
#9237 = CARTESIAN_POINT('',(0.,0.));
#9238 = VECTOR('',#9239,1.);
#9239 = DIRECTION('',(0.,-1.));
#9240 = ( GEOMETRIC_REPRESENTATION_CONTEXT(2) 
PARAMETRIC_REPRESENTATION_CONTEXT() REPRESENTATION_CONTEXT('2D SPACE',''
  ) );
#9241 = PCURVE('',#3718,#9242);
#9242 = DEFINITIONAL_REPRESENTATION('',(#9243),#9247);
#9243 = LINE('',#9244,#9245);
#9244 = CARTESIAN_POINT('',(1.,0.));
#9245 = VECTOR('',#9246,1.);
#9246 = DIRECTION('',(0.,-1.));
#9247 = ( GEOMETRIC_REPRESENTATION_CONTEXT(2) 
PARAMETRIC_REPRESENTATION_CONTEXT() REPRESENTATION_CONTEXT('2D SPACE',''
  ) );
#9248 = ORIENTED_EDGE('',*,*,#3739,.F.);
#9249 = ORIENTED_EDGE('',*,*,#9179,.F.);
#9250 = ADVANCED_FACE('',(#9251),#3718,.F.);
#9251 = FACE_BOUND('',#9252,.F.);
#9252 = EDGE_LOOP('',(#9253,#9276,#9297,#9298));
#9253 = ORIENTED_EDGE('',*,*,#9254,.F.);
#9254 = EDGE_CURVE('',#9255,#9206,#9257,.T.);
#9255 = VERTEX_POINT('',#9256);
#9256 = CARTESIAN_POINT('',(30.873046875,-2.05224609375,8.7));
#9257 = SURFACE_CURVE('',#9258,(#9262,#9269),.PCURVE_S1.);
#9258 = B_SPLINE_CURVE_WITH_KNOTS('',2,(#9259,#9260,#9261),
  .UNSPECIFIED.,.F.,.F.,(3,3),(0.,1.),.PIECEWISE_BEZIER_KNOTS.);
#9259 = CARTESIAN_POINT('',(30.873046875,-2.05224609375,8.7));
#9260 = CARTESIAN_POINT('',(30.5009765625,-2.05224609375,8.7));
#9261 = CARTESIAN_POINT('',(30.18896484375,-1.84716796875,8.7));
#9262 = PCURVE('',#3718,#9263);
#9263 = DEFINITIONAL_REPRESENTATION('',(#9264),#9268);
#9264 = LINE('',#9265,#9266);
#9265 = CARTESIAN_POINT('',(0.,0.));
#9266 = VECTOR('',#9267,1.);
#9267 = DIRECTION('',(1.,0.));
#9268 = ( GEOMETRIC_REPRESENTATION_CONTEXT(2) 
PARAMETRIC_REPRESENTATION_CONTEXT() REPRESENTATION_CONTEXT('2D SPACE',''
  ) );
#9269 = PCURVE('',#8706,#9270);
#9270 = DEFINITIONAL_REPRESENTATION('',(#9271),#9275);
#9271 = B_SPLINE_CURVE_WITH_KNOTS('',2,(#9272,#9273,#9274),
  .UNSPECIFIED.,.F.,.F.,(3,3),(0.,1.),.PIECEWISE_BEZIER_KNOTS.);
#9272 = CARTESIAN_POINT('',(1.5439453125,-7.03125E-02));
#9273 = CARTESIAN_POINT('',(1.171875,-7.03125E-02));
#9274 = CARTESIAN_POINT('',(0.85986328125,0.134765625));
#9275 = ( GEOMETRIC_REPRESENTATION_CONTEXT(2) 
PARAMETRIC_REPRESENTATION_CONTEXT() REPRESENTATION_CONTEXT('2D SPACE',''
  ) );
#9276 = ORIENTED_EDGE('',*,*,#9277,.T.);
#9277 = EDGE_CURVE('',#9255,#3626,#9278,.T.);
#9278 = SURFACE_CURVE('',#9279,(#9283,#9290),.PCURVE_S1.);
#9279 = LINE('',#9280,#9281);
#9280 = CARTESIAN_POINT('',(30.873046875,-2.05224609375,8.7));
#9281 = VECTOR('',#9282,1.);
#9282 = DIRECTION('',(0.,0.,1.));
#9283 = PCURVE('',#3718,#9284);
#9284 = DEFINITIONAL_REPRESENTATION('',(#9285),#9289);
#9285 = LINE('',#9286,#9287);
#9286 = CARTESIAN_POINT('',(0.,0.));
#9287 = VECTOR('',#9288,1.);
#9288 = DIRECTION('',(0.,-1.));
#9289 = ( GEOMETRIC_REPRESENTATION_CONTEXT(2) 
PARAMETRIC_REPRESENTATION_CONTEXT() REPRESENTATION_CONTEXT('2D SPACE',''
  ) );
#9290 = PCURVE('',#3663,#9291);
#9291 = DEFINITIONAL_REPRESENTATION('',(#9292),#9296);
#9292 = LINE('',#9293,#9294);
#9293 = CARTESIAN_POINT('',(1.,0.));
#9294 = VECTOR('',#9295,1.);
#9295 = DIRECTION('',(0.,-1.));
#9296 = ( GEOMETRIC_REPRESENTATION_CONTEXT(2) 
PARAMETRIC_REPRESENTATION_CONTEXT() REPRESENTATION_CONTEXT('2D SPACE',''
  ) );
#9297 = ORIENTED_EDGE('',*,*,#3688,.F.);
#9298 = ORIENTED_EDGE('',*,*,#9228,.F.);
#9299 = ADVANCED_FACE('',(#9300),#3663,.F.);
#9300 = FACE_BOUND('',#9301,.F.);
#9301 = EDGE_LOOP('',(#9302,#9325,#9346,#9347));
#9302 = ORIENTED_EDGE('',*,*,#9303,.F.);
#9303 = EDGE_CURVE('',#9304,#9255,#9306,.T.);
#9304 = VERTEX_POINT('',#9305);
#9305 = CARTESIAN_POINT('',(31.7431640625,-1.58935546875,8.7));
#9306 = SURFACE_CURVE('',#9307,(#9311,#9318),.PCURVE_S1.);
#9307 = B_SPLINE_CURVE_WITH_KNOTS('',2,(#9308,#9309,#9310),
  .UNSPECIFIED.,.F.,.F.,(3,3),(0.,1.),.PIECEWISE_BEZIER_KNOTS.);
#9308 = CARTESIAN_POINT('',(31.7431640625,-1.58935546875,8.7));
#9309 = CARTESIAN_POINT('',(31.447265625,-2.05224609375,8.7));
#9310 = CARTESIAN_POINT('',(30.873046875,-2.05224609375,8.7));
#9311 = PCURVE('',#3663,#9312);
#9312 = DEFINITIONAL_REPRESENTATION('',(#9313),#9317);
#9313 = LINE('',#9314,#9315);
#9314 = CARTESIAN_POINT('',(0.,0.));
#9315 = VECTOR('',#9316,1.);
#9316 = DIRECTION('',(1.,0.));
#9317 = ( GEOMETRIC_REPRESENTATION_CONTEXT(2) 
PARAMETRIC_REPRESENTATION_CONTEXT() REPRESENTATION_CONTEXT('2D SPACE',''
  ) );
#9318 = PCURVE('',#8706,#9319);
#9319 = DEFINITIONAL_REPRESENTATION('',(#9320),#9324);
#9320 = B_SPLINE_CURVE_WITH_KNOTS('',2,(#9321,#9322,#9323),
  .UNSPECIFIED.,.F.,.F.,(3,3),(0.,1.),.PIECEWISE_BEZIER_KNOTS.);
#9321 = CARTESIAN_POINT('',(2.4140625,0.392578125));
#9322 = CARTESIAN_POINT('',(2.1181640625,-7.03125E-02));
#9323 = CARTESIAN_POINT('',(1.5439453125,-7.03125E-02));
#9324 = ( GEOMETRIC_REPRESENTATION_CONTEXT(2) 
PARAMETRIC_REPRESENTATION_CONTEXT() REPRESENTATION_CONTEXT('2D SPACE',''
  ) );
#9325 = ORIENTED_EDGE('',*,*,#9326,.T.);
#9326 = EDGE_CURVE('',#9304,#3600,#9327,.T.);
#9327 = SURFACE_CURVE('',#9328,(#9332,#9339),.PCURVE_S1.);
#9328 = LINE('',#9329,#9330);
#9329 = CARTESIAN_POINT('',(31.7431640625,-1.58935546875,8.7));
#9330 = VECTOR('',#9331,1.);
#9331 = DIRECTION('',(0.,0.,1.));
#9332 = PCURVE('',#3663,#9333);
#9333 = DEFINITIONAL_REPRESENTATION('',(#9334),#9338);
#9334 = LINE('',#9335,#9336);
#9335 = CARTESIAN_POINT('',(0.,0.));
#9336 = VECTOR('',#9337,1.);
#9337 = DIRECTION('',(0.,-1.));
#9338 = ( GEOMETRIC_REPRESENTATION_CONTEXT(2) 
PARAMETRIC_REPRESENTATION_CONTEXT() REPRESENTATION_CONTEXT('2D SPACE',''
  ) );
#9339 = PCURVE('',#3614,#9340);
#9340 = DEFINITIONAL_REPRESENTATION('',(#9341),#9345);
#9341 = LINE('',#9342,#9343);
#9342 = CARTESIAN_POINT('',(0.392578125,0.));
#9343 = VECTOR('',#9344,1.);
#9344 = DIRECTION('',(0.,-1.));
#9345 = ( GEOMETRIC_REPRESENTATION_CONTEXT(2) 
PARAMETRIC_REPRESENTATION_CONTEXT() REPRESENTATION_CONTEXT('2D SPACE',''
  ) );
#9346 = ORIENTED_EDGE('',*,*,#3625,.F.);
#9347 = ORIENTED_EDGE('',*,*,#9277,.F.);
#9348 = ADVANCED_FACE('',(#9349),#3614,.F.);
#9349 = FACE_BOUND('',#9350,.F.);
#9350 = EDGE_LOOP('',(#9351,#9372,#9373,#9374));
#9351 = ORIENTED_EDGE('',*,*,#9352,.F.);
#9352 = EDGE_CURVE('',#8691,#9304,#9353,.T.);
#9353 = SURFACE_CURVE('',#9354,(#9358,#9365),.PCURVE_S1.);
#9354 = LINE('',#9355,#9356);
#9355 = CARTESIAN_POINT('',(31.7431640625,-1.98193359375,8.7));
#9356 = VECTOR('',#9357,1.);
#9357 = DIRECTION('',(0.,1.,0.));
#9358 = PCURVE('',#3614,#9359);
#9359 = DEFINITIONAL_REPRESENTATION('',(#9360),#9364);
#9360 = LINE('',#9361,#9362);
#9361 = CARTESIAN_POINT('',(0.,0.));
#9362 = VECTOR('',#9363,1.);
#9363 = DIRECTION('',(1.,0.));
#9364 = ( GEOMETRIC_REPRESENTATION_CONTEXT(2) 
PARAMETRIC_REPRESENTATION_CONTEXT() REPRESENTATION_CONTEXT('2D SPACE',''
  ) );
#9365 = PCURVE('',#8706,#9366);
#9366 = DEFINITIONAL_REPRESENTATION('',(#9367),#9371);
#9367 = LINE('',#9368,#9369);
#9368 = CARTESIAN_POINT('',(2.4140625,0.));
#9369 = VECTOR('',#9370,1.);
#9370 = DIRECTION('',(0.,1.));
#9371 = ( GEOMETRIC_REPRESENTATION_CONTEXT(2) 
PARAMETRIC_REPRESENTATION_CONTEXT() REPRESENTATION_CONTEXT('2D SPACE',''
  ) );
#9372 = ORIENTED_EDGE('',*,*,#8740,.T.);
#9373 = ORIENTED_EDGE('',*,*,#3599,.F.);
#9374 = ORIENTED_EDGE('',*,*,#9326,.F.);
#9375 = ADVANCED_FACE('',(#9376),#4247,.F.);
#9376 = FACE_BOUND('',#9377,.F.);
#9377 = EDGE_LOOP('',(#9378,#9401,#9429,#9450));
#9378 = ORIENTED_EDGE('',*,*,#9379,.F.);
#9379 = EDGE_CURVE('',#9380,#4230,#9382,.T.);
#9380 = VERTEX_POINT('',#9381);
#9381 = CARTESIAN_POINT('',(0.2,-10.6,6.));
#9382 = SURFACE_CURVE('',#9383,(#9387,#9394),.PCURVE_S1.);
#9383 = LINE('',#9384,#9385);
#9384 = CARTESIAN_POINT('',(0.2,-10.6,6.));
#9385 = VECTOR('',#9386,1.);
#9386 = DIRECTION('',(0.,0.,1.));
#9387 = PCURVE('',#4247,#9388);
#9388 = DEFINITIONAL_REPRESENTATION('',(#9389),#9393);
#9389 = LINE('',#9390,#9391);
#9390 = CARTESIAN_POINT('',(0.,0.));
#9391 = VECTOR('',#9392,1.);
#9392 = DIRECTION('',(1.,0.));
#9393 = ( GEOMETRIC_REPRESENTATION_CONTEXT(2) 
PARAMETRIC_REPRESENTATION_CONTEXT() REPRESENTATION_CONTEXT('2D SPACE',''
  ) );
#9394 = PCURVE('',#4329,#9395);
#9395 = DEFINITIONAL_REPRESENTATION('',(#9396),#9400);
#9396 = LINE('',#9397,#9398);
#9397 = CARTESIAN_POINT('',(0.,0.));
#9398 = VECTOR('',#9399,1.);
#9399 = DIRECTION('',(1.,0.));
#9400 = ( GEOMETRIC_REPRESENTATION_CONTEXT(2) 
PARAMETRIC_REPRESENTATION_CONTEXT() REPRESENTATION_CONTEXT('2D SPACE',''
  ) );
#9401 = ORIENTED_EDGE('',*,*,#9402,.T.);
#9402 = EDGE_CURVE('',#9380,#9403,#9405,.T.);
#9403 = VERTEX_POINT('',#9404);
#9404 = CARTESIAN_POINT('',(0.2,10.6,6.));
#9405 = SURFACE_CURVE('',#9406,(#9410,#9417),.PCURVE_S1.);
#9406 = LINE('',#9407,#9408);
#9407 = CARTESIAN_POINT('',(0.2,-10.6,6.));
#9408 = VECTOR('',#9409,1.);
#9409 = DIRECTION('',(0.,1.,0.));
#9410 = PCURVE('',#4247,#9411);
#9411 = DEFINITIONAL_REPRESENTATION('',(#9412),#9416);
#9412 = LINE('',#9413,#9414);
#9413 = CARTESIAN_POINT('',(0.,0.));
#9414 = VECTOR('',#9415,1.);
#9415 = DIRECTION('',(0.,-1.));
#9416 = ( GEOMETRIC_REPRESENTATION_CONTEXT(2) 
PARAMETRIC_REPRESENTATION_CONTEXT() REPRESENTATION_CONTEXT('2D SPACE',''
  ) );
#9417 = PCURVE('',#9418,#9423);
#9418 = PLANE('',#9419);
#9419 = AXIS2_PLACEMENT_3D('',#9420,#9421,#9422);
#9420 = CARTESIAN_POINT('',(0.2,-10.6,6.));
#9421 = DIRECTION('',(0.,0.,1.));
#9422 = DIRECTION('',(1.,0.,0.));
#9423 = DEFINITIONAL_REPRESENTATION('',(#9424),#9428);
#9424 = LINE('',#9425,#9426);
#9425 = CARTESIAN_POINT('',(0.,0.));
#9426 = VECTOR('',#9427,1.);
#9427 = DIRECTION('',(0.,1.));
#9428 = ( GEOMETRIC_REPRESENTATION_CONTEXT(2) 
PARAMETRIC_REPRESENTATION_CONTEXT() REPRESENTATION_CONTEXT('2D SPACE',''
  ) );
#9429 = ORIENTED_EDGE('',*,*,#9430,.T.);
#9430 = EDGE_CURVE('',#9403,#4232,#9431,.T.);
#9431 = SURFACE_CURVE('',#9432,(#9436,#9443),.PCURVE_S1.);
#9432 = LINE('',#9433,#9434);
#9433 = CARTESIAN_POINT('',(0.2,10.6,6.));
#9434 = VECTOR('',#9435,1.);
#9435 = DIRECTION('',(0.,0.,1.));
#9436 = PCURVE('',#4247,#9437);
#9437 = DEFINITIONAL_REPRESENTATION('',(#9438),#9442);
#9438 = LINE('',#9439,#9440);
#9439 = CARTESIAN_POINT('',(0.,-21.2));
#9440 = VECTOR('',#9441,1.);
#9441 = DIRECTION('',(1.,0.));
#9442 = ( GEOMETRIC_REPRESENTATION_CONTEXT(2) 
PARAMETRIC_REPRESENTATION_CONTEXT() REPRESENTATION_CONTEXT('2D SPACE',''
  ) );
#9443 = PCURVE('',#4275,#9444);
#9444 = DEFINITIONAL_REPRESENTATION('',(#9445),#9449);
#9445 = LINE('',#9446,#9447);
#9446 = CARTESIAN_POINT('',(0.,0.));
#9447 = VECTOR('',#9448,1.);
#9448 = DIRECTION('',(1.,0.));
#9449 = ( GEOMETRIC_REPRESENTATION_CONTEXT(2) 
PARAMETRIC_REPRESENTATION_CONTEXT() REPRESENTATION_CONTEXT('2D SPACE',''
  ) );
#9450 = ORIENTED_EDGE('',*,*,#4229,.F.);
#9451 = ADVANCED_FACE('',(#9452,#9500),#4329,.F.);
#9452 = FACE_BOUND('',#9453,.F.);
#9453 = EDGE_LOOP('',(#9454,#9477,#9478,#9479));
#9454 = ORIENTED_EDGE('',*,*,#9455,.F.);
#9455 = EDGE_CURVE('',#9380,#9456,#9458,.T.);
#9456 = VERTEX_POINT('',#9457);
#9457 = CARTESIAN_POINT('',(68.8,-10.6,6.));
#9458 = SURFACE_CURVE('',#9459,(#9463,#9470),.PCURVE_S1.);
#9459 = LINE('',#9460,#9461);
#9460 = CARTESIAN_POINT('',(0.2,-10.6,6.));
#9461 = VECTOR('',#9462,1.);
#9462 = DIRECTION('',(1.,0.,0.));
#9463 = PCURVE('',#4329,#9464);
#9464 = DEFINITIONAL_REPRESENTATION('',(#9465),#9469);
#9465 = LINE('',#9466,#9467);
#9466 = CARTESIAN_POINT('',(0.,0.));
#9467 = VECTOR('',#9468,1.);
#9468 = DIRECTION('',(0.,1.));
#9469 = ( GEOMETRIC_REPRESENTATION_CONTEXT(2) 
PARAMETRIC_REPRESENTATION_CONTEXT() REPRESENTATION_CONTEXT('2D SPACE',''
  ) );
#9470 = PCURVE('',#9418,#9471);
#9471 = DEFINITIONAL_REPRESENTATION('',(#9472),#9476);
#9472 = LINE('',#9473,#9474);
#9473 = CARTESIAN_POINT('',(0.,0.));
#9474 = VECTOR('',#9475,1.);
#9475 = DIRECTION('',(1.,0.));
#9476 = ( GEOMETRIC_REPRESENTATION_CONTEXT(2) 
PARAMETRIC_REPRESENTATION_CONTEXT() REPRESENTATION_CONTEXT('2D SPACE',''
  ) );
#9477 = ORIENTED_EDGE('',*,*,#9379,.T.);
#9478 = ORIENTED_EDGE('',*,*,#4315,.T.);
#9479 = ORIENTED_EDGE('',*,*,#9480,.F.);
#9480 = EDGE_CURVE('',#9456,#4288,#9481,.T.);
#9481 = SURFACE_CURVE('',#9482,(#9486,#9493),.PCURVE_S1.);
#9482 = LINE('',#9483,#9484);
#9483 = CARTESIAN_POINT('',(68.8,-10.6,6.));
#9484 = VECTOR('',#9485,1.);
#9485 = DIRECTION('',(0.,0.,1.));
#9486 = PCURVE('',#4329,#9487);
#9487 = DEFINITIONAL_REPRESENTATION('',(#9488),#9492);
#9488 = LINE('',#9489,#9490);
#9489 = CARTESIAN_POINT('',(0.,68.6));
#9490 = VECTOR('',#9491,1.);
#9491 = DIRECTION('',(1.,0.));
#9492 = ( GEOMETRIC_REPRESENTATION_CONTEXT(2) 
PARAMETRIC_REPRESENTATION_CONTEXT() REPRESENTATION_CONTEXT('2D SPACE',''
  ) );
#9493 = PCURVE('',#4303,#9494);
#9494 = DEFINITIONAL_REPRESENTATION('',(#9495),#9499);
#9495 = LINE('',#9496,#9497);
#9496 = CARTESIAN_POINT('',(0.,0.));
#9497 = VECTOR('',#9498,1.);
#9498 = DIRECTION('',(1.,0.));
#9499 = ( GEOMETRIC_REPRESENTATION_CONTEXT(2) 
PARAMETRIC_REPRESENTATION_CONTEXT() REPRESENTATION_CONTEXT('2D SPACE',''
  ) );
#9500 = FACE_BOUND('',#9501,.F.);
#9501 = EDGE_LOOP('',(#9502,#9532,#9560,#9588));
#9502 = ORIENTED_EDGE('',*,*,#9503,.F.);
#9503 = EDGE_CURVE('',#9504,#9506,#9508,.T.);
#9504 = VERTEX_POINT('',#9505);
#9505 = CARTESIAN_POINT('',(7.5,-10.6,7.2));
#9506 = VERTEX_POINT('',#9507);
#9507 = CARTESIAN_POINT('',(61.5,-10.6,7.2));
#9508 = SURFACE_CURVE('',#9509,(#9513,#9520),.PCURVE_S1.);
#9509 = LINE('',#9510,#9511);
#9510 = CARTESIAN_POINT('',(7.5,-10.6,7.2));
#9511 = VECTOR('',#9512,1.);
#9512 = DIRECTION('',(1.,0.,0.));
#9513 = PCURVE('',#4329,#9514);
#9514 = DEFINITIONAL_REPRESENTATION('',(#9515),#9519);
#9515 = LINE('',#9516,#9517);
#9516 = CARTESIAN_POINT('',(1.2,7.3));
#9517 = VECTOR('',#9518,1.);
#9518 = DIRECTION('',(0.,1.));
#9519 = ( GEOMETRIC_REPRESENTATION_CONTEXT(2) 
PARAMETRIC_REPRESENTATION_CONTEXT() REPRESENTATION_CONTEXT('2D SPACE',''
  ) );
#9520 = PCURVE('',#9521,#9526);
#9521 = PLANE('',#9522);
#9522 = AXIS2_PLACEMENT_3D('',#9523,#9524,#9525);
#9523 = CARTESIAN_POINT('',(7.5,-10.6,7.2));
#9524 = DIRECTION('',(0.,0.,1.));
#9525 = DIRECTION('',(1.,0.,0.));
#9526 = DEFINITIONAL_REPRESENTATION('',(#9527),#9531);
#9527 = LINE('',#9528,#9529);
#9528 = CARTESIAN_POINT('',(0.,0.));
#9529 = VECTOR('',#9530,1.);
#9530 = DIRECTION('',(1.,0.));
#9531 = ( GEOMETRIC_REPRESENTATION_CONTEXT(2) 
PARAMETRIC_REPRESENTATION_CONTEXT() REPRESENTATION_CONTEXT('2D SPACE',''
  ) );
#9532 = ORIENTED_EDGE('',*,*,#9533,.F.);
#9533 = EDGE_CURVE('',#9534,#9504,#9536,.T.);
#9534 = VERTEX_POINT('',#9535);
#9535 = CARTESIAN_POINT('',(7.5,-10.6,6.4));
#9536 = SURFACE_CURVE('',#9537,(#9541,#9548),.PCURVE_S1.);
#9537 = LINE('',#9538,#9539);
#9538 = CARTESIAN_POINT('',(7.5,-10.6,6.4));
#9539 = VECTOR('',#9540,1.);
#9540 = DIRECTION('',(0.,0.,1.));
#9541 = PCURVE('',#4329,#9542);
#9542 = DEFINITIONAL_REPRESENTATION('',(#9543),#9547);
#9543 = LINE('',#9544,#9545);
#9544 = CARTESIAN_POINT('',(0.4,7.3));
#9545 = VECTOR('',#9546,1.);
#9546 = DIRECTION('',(1.,0.));
#9547 = ( GEOMETRIC_REPRESENTATION_CONTEXT(2) 
PARAMETRIC_REPRESENTATION_CONTEXT() REPRESENTATION_CONTEXT('2D SPACE',''
  ) );
#9548 = PCURVE('',#9549,#9554);
#9549 = PLANE('',#9550);
#9550 = AXIS2_PLACEMENT_3D('',#9551,#9552,#9553);
#9551 = CARTESIAN_POINT('',(7.5,-10.6,6.4));
#9552 = DIRECTION('',(1.,0.,0.));
#9553 = DIRECTION('',(0.,0.,1.));
#9554 = DEFINITIONAL_REPRESENTATION('',(#9555),#9559);
#9555 = LINE('',#9556,#9557);
#9556 = CARTESIAN_POINT('',(0.,0.));
#9557 = VECTOR('',#9558,1.);
#9558 = DIRECTION('',(1.,0.));
#9559 = ( GEOMETRIC_REPRESENTATION_CONTEXT(2) 
PARAMETRIC_REPRESENTATION_CONTEXT() REPRESENTATION_CONTEXT('2D SPACE',''
  ) );
#9560 = ORIENTED_EDGE('',*,*,#9561,.T.);
#9561 = EDGE_CURVE('',#9534,#9562,#9564,.T.);
#9562 = VERTEX_POINT('',#9563);
#9563 = CARTESIAN_POINT('',(61.5,-10.6,6.4));
#9564 = SURFACE_CURVE('',#9565,(#9569,#9576),.PCURVE_S1.);
#9565 = LINE('',#9566,#9567);
#9566 = CARTESIAN_POINT('',(7.5,-10.6,6.4));
#9567 = VECTOR('',#9568,1.);
#9568 = DIRECTION('',(1.,0.,0.));
#9569 = PCURVE('',#4329,#9570);
#9570 = DEFINITIONAL_REPRESENTATION('',(#9571),#9575);
#9571 = LINE('',#9572,#9573);
#9572 = CARTESIAN_POINT('',(0.4,7.3));
#9573 = VECTOR('',#9574,1.);
#9574 = DIRECTION('',(0.,1.));
#9575 = ( GEOMETRIC_REPRESENTATION_CONTEXT(2) 
PARAMETRIC_REPRESENTATION_CONTEXT() REPRESENTATION_CONTEXT('2D SPACE',''
  ) );
#9576 = PCURVE('',#9577,#9582);
#9577 = PLANE('',#9578);
#9578 = AXIS2_PLACEMENT_3D('',#9579,#9580,#9581);
#9579 = CARTESIAN_POINT('',(7.5,-10.6,6.4));
#9580 = DIRECTION('',(0.,0.,1.));
#9581 = DIRECTION('',(1.,0.,0.));
#9582 = DEFINITIONAL_REPRESENTATION('',(#9583),#9587);
#9583 = LINE('',#9584,#9585);
#9584 = CARTESIAN_POINT('',(0.,0.));
#9585 = VECTOR('',#9586,1.);
#9586 = DIRECTION('',(1.,0.));
#9587 = ( GEOMETRIC_REPRESENTATION_CONTEXT(2) 
PARAMETRIC_REPRESENTATION_CONTEXT() REPRESENTATION_CONTEXT('2D SPACE',''
  ) );
#9588 = ORIENTED_EDGE('',*,*,#9589,.T.);
#9589 = EDGE_CURVE('',#9562,#9506,#9590,.T.);
#9590 = SURFACE_CURVE('',#9591,(#9595,#9602),.PCURVE_S1.);
#9591 = LINE('',#9592,#9593);
#9592 = CARTESIAN_POINT('',(61.5,-10.6,6.4));
#9593 = VECTOR('',#9594,1.);
#9594 = DIRECTION('',(0.,0.,1.));
#9595 = PCURVE('',#4329,#9596);
#9596 = DEFINITIONAL_REPRESENTATION('',(#9597),#9601);
#9597 = LINE('',#9598,#9599);
#9598 = CARTESIAN_POINT('',(0.4,61.3));
#9599 = VECTOR('',#9600,1.);
#9600 = DIRECTION('',(1.,0.));
#9601 = ( GEOMETRIC_REPRESENTATION_CONTEXT(2) 
PARAMETRIC_REPRESENTATION_CONTEXT() REPRESENTATION_CONTEXT('2D SPACE',''
  ) );
#9602 = PCURVE('',#9603,#9608);
#9603 = PLANE('',#9604);
#9604 = AXIS2_PLACEMENT_3D('',#9605,#9606,#9607);
#9605 = CARTESIAN_POINT('',(61.5,-10.6,6.4));
#9606 = DIRECTION('',(1.,0.,0.));
#9607 = DIRECTION('',(0.,0.,1.));
#9608 = DEFINITIONAL_REPRESENTATION('',(#9609),#9613);
#9609 = LINE('',#9610,#9611);
#9610 = CARTESIAN_POINT('',(0.,0.));
#9611 = VECTOR('',#9612,1.);
#9612 = DIRECTION('',(1.,0.));
#9613 = ( GEOMETRIC_REPRESENTATION_CONTEXT(2) 
PARAMETRIC_REPRESENTATION_CONTEXT() REPRESENTATION_CONTEXT('2D SPACE',''
  ) );
#9614 = ADVANCED_FACE('',(#9615),#4303,.T.);
#9615 = FACE_BOUND('',#9616,.T.);
#9616 = EDGE_LOOP('',(#9617,#9618,#9641,#9662));
#9617 = ORIENTED_EDGE('',*,*,#9480,.F.);
#9618 = ORIENTED_EDGE('',*,*,#9619,.T.);
#9619 = EDGE_CURVE('',#9456,#9620,#9622,.T.);
#9620 = VERTEX_POINT('',#9621);
#9621 = CARTESIAN_POINT('',(68.8,10.6,6.));
#9622 = SURFACE_CURVE('',#9623,(#9627,#9634),.PCURVE_S1.);
#9623 = LINE('',#9624,#9625);
#9624 = CARTESIAN_POINT('',(68.8,-10.6,6.));
#9625 = VECTOR('',#9626,1.);
#9626 = DIRECTION('',(0.,1.,0.));
#9627 = PCURVE('',#4303,#9628);
#9628 = DEFINITIONAL_REPRESENTATION('',(#9629),#9633);
#9629 = LINE('',#9630,#9631);
#9630 = CARTESIAN_POINT('',(0.,0.));
#9631 = VECTOR('',#9632,1.);
#9632 = DIRECTION('',(0.,-1.));
#9633 = ( GEOMETRIC_REPRESENTATION_CONTEXT(2) 
PARAMETRIC_REPRESENTATION_CONTEXT() REPRESENTATION_CONTEXT('2D SPACE',''
  ) );
#9634 = PCURVE('',#9418,#9635);
#9635 = DEFINITIONAL_REPRESENTATION('',(#9636),#9640);
#9636 = LINE('',#9637,#9638);
#9637 = CARTESIAN_POINT('',(68.6,0.));
#9638 = VECTOR('',#9639,1.);
#9639 = DIRECTION('',(0.,1.));
#9640 = ( GEOMETRIC_REPRESENTATION_CONTEXT(2) 
PARAMETRIC_REPRESENTATION_CONTEXT() REPRESENTATION_CONTEXT('2D SPACE',''
  ) );
#9641 = ORIENTED_EDGE('',*,*,#9642,.T.);
#9642 = EDGE_CURVE('',#9620,#4260,#9643,.T.);
#9643 = SURFACE_CURVE('',#9644,(#9648,#9655),.PCURVE_S1.);
#9644 = LINE('',#9645,#9646);
#9645 = CARTESIAN_POINT('',(68.8,10.6,6.));
#9646 = VECTOR('',#9647,1.);
#9647 = DIRECTION('',(0.,0.,1.));
#9648 = PCURVE('',#4303,#9649);
#9649 = DEFINITIONAL_REPRESENTATION('',(#9650),#9654);
#9650 = LINE('',#9651,#9652);
#9651 = CARTESIAN_POINT('',(0.,-21.2));
#9652 = VECTOR('',#9653,1.);
#9653 = DIRECTION('',(1.,0.));
#9654 = ( GEOMETRIC_REPRESENTATION_CONTEXT(2) 
PARAMETRIC_REPRESENTATION_CONTEXT() REPRESENTATION_CONTEXT('2D SPACE',''
  ) );
#9655 = PCURVE('',#4275,#9656);
#9656 = DEFINITIONAL_REPRESENTATION('',(#9657),#9661);
#9657 = LINE('',#9658,#9659);
#9658 = CARTESIAN_POINT('',(0.,68.6));
#9659 = VECTOR('',#9660,1.);
#9660 = DIRECTION('',(1.,0.));
#9661 = ( GEOMETRIC_REPRESENTATION_CONTEXT(2) 
PARAMETRIC_REPRESENTATION_CONTEXT() REPRESENTATION_CONTEXT('2D SPACE',''
  ) );
#9662 = ORIENTED_EDGE('',*,*,#4287,.F.);
#9663 = ADVANCED_FACE('',(#9664,#9690),#4275,.T.);
#9664 = FACE_BOUND('',#9665,.T.);
#9665 = EDGE_LOOP('',(#9666,#9687,#9688,#9689));
#9666 = ORIENTED_EDGE('',*,*,#9667,.F.);
#9667 = EDGE_CURVE('',#9403,#9620,#9668,.T.);
#9668 = SURFACE_CURVE('',#9669,(#9673,#9680),.PCURVE_S1.);
#9669 = LINE('',#9670,#9671);
#9670 = CARTESIAN_POINT('',(0.2,10.6,6.));
#9671 = VECTOR('',#9672,1.);
#9672 = DIRECTION('',(1.,0.,0.));
#9673 = PCURVE('',#4275,#9674);
#9674 = DEFINITIONAL_REPRESENTATION('',(#9675),#9679);
#9675 = LINE('',#9676,#9677);
#9676 = CARTESIAN_POINT('',(0.,0.));
#9677 = VECTOR('',#9678,1.);
#9678 = DIRECTION('',(0.,1.));
#9679 = ( GEOMETRIC_REPRESENTATION_CONTEXT(2) 
PARAMETRIC_REPRESENTATION_CONTEXT() REPRESENTATION_CONTEXT('2D SPACE',''
  ) );
#9680 = PCURVE('',#9418,#9681);
#9681 = DEFINITIONAL_REPRESENTATION('',(#9682),#9686);
#9682 = LINE('',#9683,#9684);
#9683 = CARTESIAN_POINT('',(0.,21.2));
#9684 = VECTOR('',#9685,1.);
#9685 = DIRECTION('',(1.,0.));
#9686 = ( GEOMETRIC_REPRESENTATION_CONTEXT(2) 
PARAMETRIC_REPRESENTATION_CONTEXT() REPRESENTATION_CONTEXT('2D SPACE',''
  ) );
#9687 = ORIENTED_EDGE('',*,*,#9430,.T.);
#9688 = ORIENTED_EDGE('',*,*,#4259,.T.);
#9689 = ORIENTED_EDGE('',*,*,#9642,.F.);
#9690 = FACE_BOUND('',#9691,.T.);
#9691 = EDGE_LOOP('',(#9692,#9722,#9750,#9778));
#9692 = ORIENTED_EDGE('',*,*,#9693,.F.);
#9693 = EDGE_CURVE('',#9694,#9696,#9698,.T.);
#9694 = VERTEX_POINT('',#9695);
#9695 = CARTESIAN_POINT('',(7.5,10.6,7.2));
#9696 = VERTEX_POINT('',#9697);
#9697 = CARTESIAN_POINT('',(61.5,10.6,7.2));
#9698 = SURFACE_CURVE('',#9699,(#9703,#9710),.PCURVE_S1.);
#9699 = LINE('',#9700,#9701);
#9700 = CARTESIAN_POINT('',(7.5,10.6,7.2));
#9701 = VECTOR('',#9702,1.);
#9702 = DIRECTION('',(1.,0.,0.));
#9703 = PCURVE('',#4275,#9704);
#9704 = DEFINITIONAL_REPRESENTATION('',(#9705),#9709);
#9705 = LINE('',#9706,#9707);
#9706 = CARTESIAN_POINT('',(1.2,7.3));
#9707 = VECTOR('',#9708,1.);
#9708 = DIRECTION('',(0.,1.));
#9709 = ( GEOMETRIC_REPRESENTATION_CONTEXT(2) 
PARAMETRIC_REPRESENTATION_CONTEXT() REPRESENTATION_CONTEXT('2D SPACE',''
  ) );
#9710 = PCURVE('',#9711,#9716);
#9711 = PLANE('',#9712);
#9712 = AXIS2_PLACEMENT_3D('',#9713,#9714,#9715);
#9713 = CARTESIAN_POINT('',(7.5,10.1,7.2));
#9714 = DIRECTION('',(0.,0.,1.));
#9715 = DIRECTION('',(1.,0.,0.));
#9716 = DEFINITIONAL_REPRESENTATION('',(#9717),#9721);
#9717 = LINE('',#9718,#9719);
#9718 = CARTESIAN_POINT('',(0.,0.5));
#9719 = VECTOR('',#9720,1.);
#9720 = DIRECTION('',(1.,0.));
#9721 = ( GEOMETRIC_REPRESENTATION_CONTEXT(2) 
PARAMETRIC_REPRESENTATION_CONTEXT() REPRESENTATION_CONTEXT('2D SPACE',''
  ) );
#9722 = ORIENTED_EDGE('',*,*,#9723,.F.);
#9723 = EDGE_CURVE('',#9724,#9694,#9726,.T.);
#9724 = VERTEX_POINT('',#9725);
#9725 = CARTESIAN_POINT('',(7.5,10.6,6.4));
#9726 = SURFACE_CURVE('',#9727,(#9731,#9738),.PCURVE_S1.);
#9727 = LINE('',#9728,#9729);
#9728 = CARTESIAN_POINT('',(7.5,10.6,6.4));
#9729 = VECTOR('',#9730,1.);
#9730 = DIRECTION('',(0.,0.,1.));
#9731 = PCURVE('',#4275,#9732);
#9732 = DEFINITIONAL_REPRESENTATION('',(#9733),#9737);
#9733 = LINE('',#9734,#9735);
#9734 = CARTESIAN_POINT('',(0.4,7.3));
#9735 = VECTOR('',#9736,1.);
#9736 = DIRECTION('',(1.,0.));
#9737 = ( GEOMETRIC_REPRESENTATION_CONTEXT(2) 
PARAMETRIC_REPRESENTATION_CONTEXT() REPRESENTATION_CONTEXT('2D SPACE',''
  ) );
#9738 = PCURVE('',#9739,#9744);
#9739 = PLANE('',#9740);
#9740 = AXIS2_PLACEMENT_3D('',#9741,#9742,#9743);
#9741 = CARTESIAN_POINT('',(7.5,10.1,6.4));
#9742 = DIRECTION('',(1.,0.,0.));
#9743 = DIRECTION('',(0.,0.,1.));
#9744 = DEFINITIONAL_REPRESENTATION('',(#9745),#9749);
#9745 = LINE('',#9746,#9747);
#9746 = CARTESIAN_POINT('',(0.,-0.5));
#9747 = VECTOR('',#9748,1.);
#9748 = DIRECTION('',(1.,0.));
#9749 = ( GEOMETRIC_REPRESENTATION_CONTEXT(2) 
PARAMETRIC_REPRESENTATION_CONTEXT() REPRESENTATION_CONTEXT('2D SPACE',''
  ) );
#9750 = ORIENTED_EDGE('',*,*,#9751,.T.);
#9751 = EDGE_CURVE('',#9724,#9752,#9754,.T.);
#9752 = VERTEX_POINT('',#9753);
#9753 = CARTESIAN_POINT('',(61.5,10.6,6.4));
#9754 = SURFACE_CURVE('',#9755,(#9759,#9766),.PCURVE_S1.);
#9755 = LINE('',#9756,#9757);
#9756 = CARTESIAN_POINT('',(7.5,10.6,6.4));
#9757 = VECTOR('',#9758,1.);
#9758 = DIRECTION('',(1.,0.,0.));
#9759 = PCURVE('',#4275,#9760);
#9760 = DEFINITIONAL_REPRESENTATION('',(#9761),#9765);
#9761 = LINE('',#9762,#9763);
#9762 = CARTESIAN_POINT('',(0.4,7.3));
#9763 = VECTOR('',#9764,1.);
#9764 = DIRECTION('',(0.,1.));
#9765 = ( GEOMETRIC_REPRESENTATION_CONTEXT(2) 
PARAMETRIC_REPRESENTATION_CONTEXT() REPRESENTATION_CONTEXT('2D SPACE',''
  ) );
#9766 = PCURVE('',#9767,#9772);
#9767 = PLANE('',#9768);
#9768 = AXIS2_PLACEMENT_3D('',#9769,#9770,#9771);
#9769 = CARTESIAN_POINT('',(7.5,10.1,6.4));
#9770 = DIRECTION('',(0.,0.,1.));
#9771 = DIRECTION('',(1.,0.,0.));
#9772 = DEFINITIONAL_REPRESENTATION('',(#9773),#9777);
#9773 = LINE('',#9774,#9775);
#9774 = CARTESIAN_POINT('',(0.,0.5));
#9775 = VECTOR('',#9776,1.);
#9776 = DIRECTION('',(1.,0.));
#9777 = ( GEOMETRIC_REPRESENTATION_CONTEXT(2) 
PARAMETRIC_REPRESENTATION_CONTEXT() REPRESENTATION_CONTEXT('2D SPACE',''
  ) );
#9778 = ORIENTED_EDGE('',*,*,#9779,.T.);
#9779 = EDGE_CURVE('',#9752,#9696,#9780,.T.);
#9780 = SURFACE_CURVE('',#9781,(#9785,#9792),.PCURVE_S1.);
#9781 = LINE('',#9782,#9783);
#9782 = CARTESIAN_POINT('',(61.5,10.6,6.4));
#9783 = VECTOR('',#9784,1.);
#9784 = DIRECTION('',(0.,0.,1.));
#9785 = PCURVE('',#4275,#9786);
#9786 = DEFINITIONAL_REPRESENTATION('',(#9787),#9791);
#9787 = LINE('',#9788,#9789);
#9788 = CARTESIAN_POINT('',(0.4,61.3));
#9789 = VECTOR('',#9790,1.);
#9790 = DIRECTION('',(1.,0.));
#9791 = ( GEOMETRIC_REPRESENTATION_CONTEXT(2) 
PARAMETRIC_REPRESENTATION_CONTEXT() REPRESENTATION_CONTEXT('2D SPACE',''
  ) );
#9792 = PCURVE('',#9793,#9798);
#9793 = PLANE('',#9794);
#9794 = AXIS2_PLACEMENT_3D('',#9795,#9796,#9797);
#9795 = CARTESIAN_POINT('',(61.5,10.1,6.4));
#9796 = DIRECTION('',(1.,0.,0.));
#9797 = DIRECTION('',(0.,0.,1.));
#9798 = DEFINITIONAL_REPRESENTATION('',(#9799),#9803);
#9799 = LINE('',#9800,#9801);
#9800 = CARTESIAN_POINT('',(0.,-0.5));
#9801 = VECTOR('',#9802,1.);
#9802 = DIRECTION('',(1.,0.));
#9803 = ( GEOMETRIC_REPRESENTATION_CONTEXT(2) 
PARAMETRIC_REPRESENTATION_CONTEXT() REPRESENTATION_CONTEXT('2D SPACE',''
  ) );
#9804 = ADVANCED_FACE('',(#9805),#4369,.T.);
#9805 = FACE_BOUND('',#9806,.F.);
#9806 = EDGE_LOOP('',(#9807,#9808,#9809,#9810,#9811,#9812,#9813,#9814,
    #9815,#9816,#9817,#9818,#9819,#9820,#9821));
#9807 = ORIENTED_EDGE('',*,*,#4351,.T.);
#9808 = ORIENTED_EDGE('',*,*,#5064,.T.);
#9809 = ORIENTED_EDGE('',*,*,#5015,.T.);
#9810 = ORIENTED_EDGE('',*,*,#4966,.T.);
#9811 = ORIENTED_EDGE('',*,*,#4917,.T.);
#9812 = ORIENTED_EDGE('',*,*,#4868,.T.);
#9813 = ORIENTED_EDGE('',*,*,#4819,.T.);
#9814 = ORIENTED_EDGE('',*,*,#4770,.T.);
#9815 = ORIENTED_EDGE('',*,*,#4721,.T.);
#9816 = ORIENTED_EDGE('',*,*,#4672,.T.);
#9817 = ORIENTED_EDGE('',*,*,#4623,.T.);
#9818 = ORIENTED_EDGE('',*,*,#4574,.T.);
#9819 = ORIENTED_EDGE('',*,*,#4525,.T.);
#9820 = ORIENTED_EDGE('',*,*,#4476,.T.);
#9821 = ORIENTED_EDGE('',*,*,#4427,.T.);
#9822 = ADVANCED_FACE('',(#9823),#5109,.T.);
#9823 = FACE_BOUND('',#9824,.F.);
#9824 = EDGE_LOOP('',(#9825,#9826,#9827,#9828,#9829,#9830,#9831,#9832,
    #9833,#9834,#9835,#9836,#9837,#9838,#9839,#9840,#9841,#9842,#9843,
    #9844,#9845,#9846,#9847,#9848,#9849,#9850,#9851,#9852));
#9825 = ORIENTED_EDGE('',*,*,#5091,.T.);
#9826 = ORIENTED_EDGE('',*,*,#6441,.T.);
#9827 = ORIENTED_EDGE('',*,*,#6392,.T.);
#9828 = ORIENTED_EDGE('',*,*,#6343,.T.);
#9829 = ORIENTED_EDGE('',*,*,#6294,.T.);
#9830 = ORIENTED_EDGE('',*,*,#6245,.T.);
#9831 = ORIENTED_EDGE('',*,*,#6196,.T.);
#9832 = ORIENTED_EDGE('',*,*,#6147,.T.);
#9833 = ORIENTED_EDGE('',*,*,#6098,.T.);
#9834 = ORIENTED_EDGE('',*,*,#6049,.T.);
#9835 = ORIENTED_EDGE('',*,*,#6000,.T.);
#9836 = ORIENTED_EDGE('',*,*,#5951,.T.);
#9837 = ORIENTED_EDGE('',*,*,#5902,.T.);
#9838 = ORIENTED_EDGE('',*,*,#5853,.T.);
#9839 = ORIENTED_EDGE('',*,*,#5804,.T.);
#9840 = ORIENTED_EDGE('',*,*,#5755,.T.);
#9841 = ORIENTED_EDGE('',*,*,#5706,.T.);
#9842 = ORIENTED_EDGE('',*,*,#5657,.T.);
#9843 = ORIENTED_EDGE('',*,*,#5608,.T.);
#9844 = ORIENTED_EDGE('',*,*,#5559,.T.);
#9845 = ORIENTED_EDGE('',*,*,#5510,.T.);
#9846 = ORIENTED_EDGE('',*,*,#5461,.T.);
#9847 = ORIENTED_EDGE('',*,*,#5412,.T.);
#9848 = ORIENTED_EDGE('',*,*,#5363,.T.);
#9849 = ORIENTED_EDGE('',*,*,#5314,.T.);
#9850 = ORIENTED_EDGE('',*,*,#5265,.T.);
#9851 = ORIENTED_EDGE('',*,*,#5216,.T.);
#9852 = ORIENTED_EDGE('',*,*,#5167,.T.);
#9853 = ADVANCED_FACE('',(#9854,#9865),#6486,.T.);
#9854 = FACE_BOUND('',#9855,.F.);
#9855 = EDGE_LOOP('',(#9856,#9857,#9858,#9859,#9860,#9861,#9862,#9863,
    #9864));
#9856 = ORIENTED_EDGE('',*,*,#6468,.T.);
#9857 = ORIENTED_EDGE('',*,*,#6887,.T.);
#9858 = ORIENTED_EDGE('',*,*,#6838,.T.);
#9859 = ORIENTED_EDGE('',*,*,#6789,.T.);
#9860 = ORIENTED_EDGE('',*,*,#6740,.T.);
#9861 = ORIENTED_EDGE('',*,*,#6691,.T.);
#9862 = ORIENTED_EDGE('',*,*,#6642,.T.);
#9863 = ORIENTED_EDGE('',*,*,#6593,.T.);
#9864 = ORIENTED_EDGE('',*,*,#6544,.T.);
#9865 = FACE_BOUND('',#9866,.F.);
#9866 = EDGE_LOOP('',(#9867,#9899,#9929,#9959,#9989,#10019,#10049,#10079
    ));
#9867 = ORIENTED_EDGE('',*,*,#9868,.T.);
#9868 = EDGE_CURVE('',#9869,#9871,#9873,.T.);
#9869 = VERTEX_POINT('',#9870);
#9870 = CARTESIAN_POINT('',(44.7421875,-0.42626953125,8.7));
#9871 = VERTEX_POINT('',#9872);
#9872 = CARTESIAN_POINT('',(45.0029296875,-1.3212890625,8.7));
#9873 = SURFACE_CURVE('',#9874,(#9878,#9885),.PCURVE_S1.);
#9874 = B_SPLINE_CURVE_WITH_KNOTS('',2,(#9875,#9876,#9877),
  .UNSPECIFIED.,.F.,.F.,(3,3),(0.,1.),.PIECEWISE_BEZIER_KNOTS.);
#9875 = CARTESIAN_POINT('',(44.7421875,-0.42626953125,8.7));
#9876 = CARTESIAN_POINT('',(44.7421875,-1.02392578125,8.7));
#9877 = CARTESIAN_POINT('',(45.0029296875,-1.3212890625,8.7));
#9878 = PCURVE('',#6486,#9879);
#9879 = DEFINITIONAL_REPRESENTATION('',(#9880),#9884);
#9880 = B_SPLINE_CURVE_WITH_KNOTS('',2,(#9881,#9882,#9883),
  .UNSPECIFIED.,.F.,.F.,(3,3),(0.,1.),.PIECEWISE_BEZIER_KNOTS.);
#9881 = CARTESIAN_POINT('',(0.7412109375,1.5556640625));
#9882 = CARTESIAN_POINT('',(0.7412109375,0.9580078125));
#9883 = CARTESIAN_POINT('',(1.001953125,0.66064453125));
#9884 = ( GEOMETRIC_REPRESENTATION_CONTEXT(2) 
PARAMETRIC_REPRESENTATION_CONTEXT() REPRESENTATION_CONTEXT('2D SPACE',''
  ) );
#9885 = PCURVE('',#9886,#9893);
#9886 = SURFACE_OF_LINEAR_EXTRUSION('',#9887,#9891);
#9887 = B_SPLINE_CURVE_WITH_KNOTS('',2,(#9888,#9889,#9890),
  .UNSPECIFIED.,.F.,.F.,(3,3),(0.,1.),.PIECEWISE_BEZIER_KNOTS.);
#9888 = CARTESIAN_POINT('',(44.7421875,-0.42626953125,8.7));
#9889 = CARTESIAN_POINT('',(44.7421875,-1.02392578125,8.7));
#9890 = CARTESIAN_POINT('',(45.0029296875,-1.3212890625,8.7));
#9891 = VECTOR('',#9892,1.);
#9892 = DIRECTION('',(-0.,-0.,-1.));
#9893 = DEFINITIONAL_REPRESENTATION('',(#9894),#9898);
#9894 = LINE('',#9895,#9896);
#9895 = CARTESIAN_POINT('',(0.,0.));
#9896 = VECTOR('',#9897,1.);
#9897 = DIRECTION('',(1.,0.));
#9898 = ( GEOMETRIC_REPRESENTATION_CONTEXT(2) 
PARAMETRIC_REPRESENTATION_CONTEXT() REPRESENTATION_CONTEXT('2D SPACE',''
  ) );
#9899 = ORIENTED_EDGE('',*,*,#9900,.T.);
#9900 = EDGE_CURVE('',#9871,#9901,#9903,.T.);
#9901 = VERTEX_POINT('',#9902);
#9902 = CARTESIAN_POINT('',(45.6591796875,-1.61865234375,8.7));
#9903 = SURFACE_CURVE('',#9904,(#9908,#9915),.PCURVE_S1.);
#9904 = B_SPLINE_CURVE_WITH_KNOTS('',2,(#9905,#9906,#9907),
  .UNSPECIFIED.,.F.,.F.,(3,3),(0.,1.),.PIECEWISE_BEZIER_KNOTS.);
#9905 = CARTESIAN_POINT('',(45.0029296875,-1.3212890625,8.7));
#9906 = CARTESIAN_POINT('',(45.263671875,-1.61865234375,8.7));
#9907 = CARTESIAN_POINT('',(45.6591796875,-1.61865234375,8.7));
#9908 = PCURVE('',#6486,#9909);
#9909 = DEFINITIONAL_REPRESENTATION('',(#9910),#9914);
#9910 = B_SPLINE_CURVE_WITH_KNOTS('',2,(#9911,#9912,#9913),
  .UNSPECIFIED.,.F.,.F.,(3,3),(0.,1.),.PIECEWISE_BEZIER_KNOTS.);
#9911 = CARTESIAN_POINT('',(1.001953125,0.66064453125));
#9912 = CARTESIAN_POINT('',(1.2626953125,0.36328125));
#9913 = CARTESIAN_POINT('',(1.658203125,0.36328125));
#9914 = ( GEOMETRIC_REPRESENTATION_CONTEXT(2) 
PARAMETRIC_REPRESENTATION_CONTEXT() REPRESENTATION_CONTEXT('2D SPACE',''
  ) );
#9915 = PCURVE('',#9916,#9923);
#9916 = SURFACE_OF_LINEAR_EXTRUSION('',#9917,#9921);
#9917 = B_SPLINE_CURVE_WITH_KNOTS('',2,(#9918,#9919,#9920),
  .UNSPECIFIED.,.F.,.F.,(3,3),(0.,1.),.PIECEWISE_BEZIER_KNOTS.);
#9918 = CARTESIAN_POINT('',(45.0029296875,-1.3212890625,8.7));
#9919 = CARTESIAN_POINT('',(45.263671875,-1.61865234375,8.7));
#9920 = CARTESIAN_POINT('',(45.6591796875,-1.61865234375,8.7));
#9921 = VECTOR('',#9922,1.);
#9922 = DIRECTION('',(-0.,-0.,-1.));
#9923 = DEFINITIONAL_REPRESENTATION('',(#9924),#9928);
#9924 = LINE('',#9925,#9926);
#9925 = CARTESIAN_POINT('',(0.,0.));
#9926 = VECTOR('',#9927,1.);
#9927 = DIRECTION('',(1.,0.));
#9928 = ( GEOMETRIC_REPRESENTATION_CONTEXT(2) 
PARAMETRIC_REPRESENTATION_CONTEXT() REPRESENTATION_CONTEXT('2D SPACE',''
  ) );
#9929 = ORIENTED_EDGE('',*,*,#9930,.T.);
#9930 = EDGE_CURVE('',#9901,#9931,#9933,.T.);
#9931 = VERTEX_POINT('',#9932);
#9932 = CARTESIAN_POINT('',(46.3125,-1.31982421875,8.7));
#9933 = SURFACE_CURVE('',#9934,(#9938,#9945),.PCURVE_S1.);
#9934 = B_SPLINE_CURVE_WITH_KNOTS('',2,(#9935,#9936,#9937),
  .UNSPECIFIED.,.F.,.F.,(3,3),(0.,1.),.PIECEWISE_BEZIER_KNOTS.);
#9935 = CARTESIAN_POINT('',(45.6591796875,-1.61865234375,8.7));
#9936 = CARTESIAN_POINT('',(46.0517578125,-1.61865234375,8.7));
#9937 = CARTESIAN_POINT('',(46.3125,-1.31982421875,8.7));
#9938 = PCURVE('',#6486,#9939);
#9939 = DEFINITIONAL_REPRESENTATION('',(#9940),#9944);
#9940 = B_SPLINE_CURVE_WITH_KNOTS('',2,(#9941,#9942,#9943),
  .UNSPECIFIED.,.F.,.F.,(3,3),(0.,1.),.PIECEWISE_BEZIER_KNOTS.);
#9941 = CARTESIAN_POINT('',(1.658203125,0.36328125));
#9942 = CARTESIAN_POINT('',(2.05078125,0.36328125));
#9943 = CARTESIAN_POINT('',(2.3115234375,0.662109375));
#9944 = ( GEOMETRIC_REPRESENTATION_CONTEXT(2) 
PARAMETRIC_REPRESENTATION_CONTEXT() REPRESENTATION_CONTEXT('2D SPACE',''
  ) );
#9945 = PCURVE('',#9946,#9953);
#9946 = SURFACE_OF_LINEAR_EXTRUSION('',#9947,#9951);
#9947 = B_SPLINE_CURVE_WITH_KNOTS('',2,(#9948,#9949,#9950),
  .UNSPECIFIED.,.F.,.F.,(3,3),(0.,1.),.PIECEWISE_BEZIER_KNOTS.);
#9948 = CARTESIAN_POINT('',(45.6591796875,-1.61865234375,8.7));
#9949 = CARTESIAN_POINT('',(46.0517578125,-1.61865234375,8.7));
#9950 = CARTESIAN_POINT('',(46.3125,-1.31982421875,8.7));
#9951 = VECTOR('',#9952,1.);
#9952 = DIRECTION('',(-0.,-0.,-1.));
#9953 = DEFINITIONAL_REPRESENTATION('',(#9954),#9958);
#9954 = LINE('',#9955,#9956);
#9955 = CARTESIAN_POINT('',(0.,0.));
#9956 = VECTOR('',#9957,1.);
#9957 = DIRECTION('',(1.,0.));
#9958 = ( GEOMETRIC_REPRESENTATION_CONTEXT(2) 
PARAMETRIC_REPRESENTATION_CONTEXT() REPRESENTATION_CONTEXT('2D SPACE',''
  ) );
#9959 = ORIENTED_EDGE('',*,*,#9960,.T.);
#9960 = EDGE_CURVE('',#9931,#9961,#9963,.T.);
#9961 = VERTEX_POINT('',#9962);
#9962 = CARTESIAN_POINT('',(46.5732421875,-0.40869140625,8.7));
#9963 = SURFACE_CURVE('',#9964,(#9968,#9975),.PCURVE_S1.);
#9964 = B_SPLINE_CURVE_WITH_KNOTS('',2,(#9965,#9966,#9967),
  .UNSPECIFIED.,.F.,.F.,(3,3),(0.,1.),.PIECEWISE_BEZIER_KNOTS.);
#9965 = CARTESIAN_POINT('',(46.3125,-1.31982421875,8.7));
#9966 = CARTESIAN_POINT('',(46.5732421875,-1.02099609375,8.7));
#9967 = CARTESIAN_POINT('',(46.5732421875,-0.40869140625,8.7));
#9968 = PCURVE('',#6486,#9969);
#9969 = DEFINITIONAL_REPRESENTATION('',(#9970),#9974);
#9970 = B_SPLINE_CURVE_WITH_KNOTS('',2,(#9971,#9972,#9973),
  .UNSPECIFIED.,.F.,.F.,(3,3),(0.,1.),.PIECEWISE_BEZIER_KNOTS.);
#9971 = CARTESIAN_POINT('',(2.3115234375,0.662109375));
#9972 = CARTESIAN_POINT('',(2.572265625,0.9609375));
#9973 = CARTESIAN_POINT('',(2.572265625,1.5732421875));
#9974 = ( GEOMETRIC_REPRESENTATION_CONTEXT(2) 
PARAMETRIC_REPRESENTATION_CONTEXT() REPRESENTATION_CONTEXT('2D SPACE',''
  ) );
#9975 = PCURVE('',#9976,#9983);
#9976 = SURFACE_OF_LINEAR_EXTRUSION('',#9977,#9981);
#9977 = B_SPLINE_CURVE_WITH_KNOTS('',2,(#9978,#9979,#9980),
  .UNSPECIFIED.,.F.,.F.,(3,3),(0.,1.),.PIECEWISE_BEZIER_KNOTS.);
#9978 = CARTESIAN_POINT('',(46.3125,-1.31982421875,8.7));
#9979 = CARTESIAN_POINT('',(46.5732421875,-1.02099609375,8.7));
#9980 = CARTESIAN_POINT('',(46.5732421875,-0.40869140625,8.7));
#9981 = VECTOR('',#9982,1.);
#9982 = DIRECTION('',(-0.,-0.,-1.));
#9983 = DEFINITIONAL_REPRESENTATION('',(#9984),#9988);
#9984 = LINE('',#9985,#9986);
#9985 = CARTESIAN_POINT('',(0.,0.));
#9986 = VECTOR('',#9987,1.);
#9987 = DIRECTION('',(1.,0.));
#9988 = ( GEOMETRIC_REPRESENTATION_CONTEXT(2) 
PARAMETRIC_REPRESENTATION_CONTEXT() REPRESENTATION_CONTEXT('2D SPACE',''
  ) );
#9989 = ORIENTED_EDGE('',*,*,#9990,.T.);
#9990 = EDGE_CURVE('',#9961,#9991,#9993,.T.);
#9991 = VERTEX_POINT('',#9992);
#9992 = CARTESIAN_POINT('',(46.31103515625,0.4658203125,8.7));
#9993 = SURFACE_CURVE('',#9994,(#9998,#10005),.PCURVE_S1.);
#9994 = B_SPLINE_CURVE_WITH_KNOTS('',2,(#9995,#9996,#9997),
  .UNSPECIFIED.,.F.,.F.,(3,3),(0.,1.),.PIECEWISE_BEZIER_KNOTS.);
#9995 = CARTESIAN_POINT('',(46.5732421875,-0.40869140625,8.7));
#9996 = CARTESIAN_POINT('',(46.5732421875,0.16845703125,8.7));
#9997 = CARTESIAN_POINT('',(46.31103515625,0.4658203125,8.7));
#9998 = PCURVE('',#6486,#9999);
#9999 = DEFINITIONAL_REPRESENTATION('',(#10000),#10004);
#10000 = B_SPLINE_CURVE_WITH_KNOTS('',2,(#10001,#10002,#10003),
  .UNSPECIFIED.,.F.,.F.,(3,3),(0.,1.),.PIECEWISE_BEZIER_KNOTS.);
#10001 = CARTESIAN_POINT('',(2.572265625,1.5732421875));
#10002 = CARTESIAN_POINT('',(2.572265625,2.150390625));
#10003 = CARTESIAN_POINT('',(2.31005859375,2.44775390625));
#10004 = ( GEOMETRIC_REPRESENTATION_CONTEXT(2) 
PARAMETRIC_REPRESENTATION_CONTEXT() REPRESENTATION_CONTEXT('2D SPACE',''
  ) );
#10005 = PCURVE('',#10006,#10013);
#10006 = SURFACE_OF_LINEAR_EXTRUSION('',#10007,#10011);
#10007 = B_SPLINE_CURVE_WITH_KNOTS('',2,(#10008,#10009,#10010),
  .UNSPECIFIED.,.F.,.F.,(3,3),(0.,1.),.PIECEWISE_BEZIER_KNOTS.);
#10008 = CARTESIAN_POINT('',(46.5732421875,-0.40869140625,8.7));
#10009 = CARTESIAN_POINT('',(46.5732421875,0.16845703125,8.7));
#10010 = CARTESIAN_POINT('',(46.31103515625,0.4658203125,8.7));
#10011 = VECTOR('',#10012,1.);
#10012 = DIRECTION('',(-0.,-0.,-1.));
#10013 = DEFINITIONAL_REPRESENTATION('',(#10014),#10018);
#10014 = LINE('',#10015,#10016);
#10015 = CARTESIAN_POINT('',(0.,0.));
#10016 = VECTOR('',#10017,1.);
#10017 = DIRECTION('',(1.,0.));
#10018 = ( GEOMETRIC_REPRESENTATION_CONTEXT(2) 
PARAMETRIC_REPRESENTATION_CONTEXT() REPRESENTATION_CONTEXT('2D SPACE',''
  ) );
#10019 = ORIENTED_EDGE('',*,*,#10020,.T.);
#10020 = EDGE_CURVE('',#9991,#10021,#10023,.T.);
#10021 = VERTEX_POINT('',#10022);
#10022 = CARTESIAN_POINT('',(45.6591796875,0.76318359375,8.7));
#10023 = SURFACE_CURVE('',#10024,(#10028,#10035),.PCURVE_S1.);
#10024 = B_SPLINE_CURVE_WITH_KNOTS('',2,(#10025,#10026,#10027),
  .UNSPECIFIED.,.F.,.F.,(3,3),(0.,1.),.PIECEWISE_BEZIER_KNOTS.);
#10025 = CARTESIAN_POINT('',(46.31103515625,0.4658203125,8.7));
#10026 = CARTESIAN_POINT('',(46.048828125,0.76318359375,8.7));
#10027 = CARTESIAN_POINT('',(45.6591796875,0.76318359375,8.7));
#10028 = PCURVE('',#6486,#10029);
#10029 = DEFINITIONAL_REPRESENTATION('',(#10030),#10034);
#10030 = B_SPLINE_CURVE_WITH_KNOTS('',2,(#10031,#10032,#10033),
  .UNSPECIFIED.,.F.,.F.,(3,3),(0.,1.),.PIECEWISE_BEZIER_KNOTS.);
#10031 = CARTESIAN_POINT('',(2.31005859375,2.44775390625));
#10032 = CARTESIAN_POINT('',(2.0478515625,2.7451171875));
#10033 = CARTESIAN_POINT('',(1.658203125,2.7451171875));
#10034 = ( GEOMETRIC_REPRESENTATION_CONTEXT(2) 
PARAMETRIC_REPRESENTATION_CONTEXT() REPRESENTATION_CONTEXT('2D SPACE',''
  ) );
#10035 = PCURVE('',#10036,#10043);
#10036 = SURFACE_OF_LINEAR_EXTRUSION('',#10037,#10041);
#10037 = B_SPLINE_CURVE_WITH_KNOTS('',2,(#10038,#10039,#10040),
  .UNSPECIFIED.,.F.,.F.,(3,3),(0.,1.),.PIECEWISE_BEZIER_KNOTS.);
#10038 = CARTESIAN_POINT('',(46.31103515625,0.4658203125,8.7));
#10039 = CARTESIAN_POINT('',(46.048828125,0.76318359375,8.7));
#10040 = CARTESIAN_POINT('',(45.6591796875,0.76318359375,8.7));
#10041 = VECTOR('',#10042,1.);
#10042 = DIRECTION('',(-0.,-0.,-1.));
#10043 = DEFINITIONAL_REPRESENTATION('',(#10044),#10048);
#10044 = LINE('',#10045,#10046);
#10045 = CARTESIAN_POINT('',(0.,0.));
#10046 = VECTOR('',#10047,1.);
#10047 = DIRECTION('',(1.,0.));
#10048 = ( GEOMETRIC_REPRESENTATION_CONTEXT(2) 
PARAMETRIC_REPRESENTATION_CONTEXT() REPRESENTATION_CONTEXT('2D SPACE',''
  ) );
#10049 = ORIENTED_EDGE('',*,*,#10050,.T.);
#10050 = EDGE_CURVE('',#10021,#10051,#10053,.T.);
#10051 = VERTEX_POINT('',#10052);
#10052 = CARTESIAN_POINT('',(45.0029296875,0.46728515625,8.7));
#10053 = SURFACE_CURVE('',#10054,(#10058,#10065),.PCURVE_S1.);
#10054 = B_SPLINE_CURVE_WITH_KNOTS('',2,(#10055,#10056,#10057),
  .UNSPECIFIED.,.F.,.F.,(3,3),(0.,1.),.PIECEWISE_BEZIER_KNOTS.);
#10055 = CARTESIAN_POINT('',(45.6591796875,0.76318359375,8.7));
#10056 = CARTESIAN_POINT('',(45.263671875,0.76318359375,8.7));
#10057 = CARTESIAN_POINT('',(45.0029296875,0.46728515625,8.7));
#10058 = PCURVE('',#6486,#10059);
#10059 = DEFINITIONAL_REPRESENTATION('',(#10060),#10064);
#10060 = B_SPLINE_CURVE_WITH_KNOTS('',2,(#10061,#10062,#10063),
  .UNSPECIFIED.,.F.,.F.,(3,3),(0.,1.),.PIECEWISE_BEZIER_KNOTS.);
#10061 = CARTESIAN_POINT('',(1.658203125,2.7451171875));
#10062 = CARTESIAN_POINT('',(1.2626953125,2.7451171875));
#10063 = CARTESIAN_POINT('',(1.001953125,2.44921875));
#10064 = ( GEOMETRIC_REPRESENTATION_CONTEXT(2) 
PARAMETRIC_REPRESENTATION_CONTEXT() REPRESENTATION_CONTEXT('2D SPACE',''
  ) );
#10065 = PCURVE('',#10066,#10073);
#10066 = SURFACE_OF_LINEAR_EXTRUSION('',#10067,#10071);
#10067 = B_SPLINE_CURVE_WITH_KNOTS('',2,(#10068,#10069,#10070),
  .UNSPECIFIED.,.F.,.F.,(3,3),(0.,1.),.PIECEWISE_BEZIER_KNOTS.);
#10068 = CARTESIAN_POINT('',(45.6591796875,0.76318359375,8.7));
#10069 = CARTESIAN_POINT('',(45.263671875,0.76318359375,8.7));
#10070 = CARTESIAN_POINT('',(45.0029296875,0.46728515625,8.7));
#10071 = VECTOR('',#10072,1.);
#10072 = DIRECTION('',(-0.,-0.,-1.));
#10073 = DEFINITIONAL_REPRESENTATION('',(#10074),#10078);
#10074 = LINE('',#10075,#10076);
#10075 = CARTESIAN_POINT('',(0.,0.));
#10076 = VECTOR('',#10077,1.);
#10077 = DIRECTION('',(1.,0.));
#10078 = ( GEOMETRIC_REPRESENTATION_CONTEXT(2) 
PARAMETRIC_REPRESENTATION_CONTEXT() REPRESENTATION_CONTEXT('2D SPACE',''
  ) );
#10079 = ORIENTED_EDGE('',*,*,#10080,.T.);
#10080 = EDGE_CURVE('',#10051,#9869,#10081,.T.);
#10081 = SURFACE_CURVE('',#10082,(#10086,#10093),.PCURVE_S1.);
#10082 = B_SPLINE_CURVE_WITH_KNOTS('',2,(#10083,#10084,#10085),
  .UNSPECIFIED.,.F.,.F.,(3,3),(0.,1.),.PIECEWISE_BEZIER_KNOTS.);
#10083 = CARTESIAN_POINT('',(45.0029296875,0.46728515625,8.7));
#10084 = CARTESIAN_POINT('',(44.7421875,0.17138671875,8.7));
#10085 = CARTESIAN_POINT('',(44.7421875,-0.42626953125,8.7));
#10086 = PCURVE('',#6486,#10087);
#10087 = DEFINITIONAL_REPRESENTATION('',(#10088),#10092);
#10088 = B_SPLINE_CURVE_WITH_KNOTS('',2,(#10089,#10090,#10091),
  .UNSPECIFIED.,.F.,.F.,(3,3),(0.,1.),.PIECEWISE_BEZIER_KNOTS.);
#10089 = CARTESIAN_POINT('',(1.001953125,2.44921875));
#10090 = CARTESIAN_POINT('',(0.7412109375,2.1533203125));
#10091 = CARTESIAN_POINT('',(0.7412109375,1.5556640625));
#10092 = ( GEOMETRIC_REPRESENTATION_CONTEXT(2) 
PARAMETRIC_REPRESENTATION_CONTEXT() REPRESENTATION_CONTEXT('2D SPACE',''
  ) );
#10093 = PCURVE('',#10094,#10101);
#10094 = SURFACE_OF_LINEAR_EXTRUSION('',#10095,#10099);
#10095 = B_SPLINE_CURVE_WITH_KNOTS('',2,(#10096,#10097,#10098),
  .UNSPECIFIED.,.F.,.F.,(3,3),(0.,1.),.PIECEWISE_BEZIER_KNOTS.);
#10096 = CARTESIAN_POINT('',(45.0029296875,0.46728515625,8.7));
#10097 = CARTESIAN_POINT('',(44.7421875,0.17138671875,8.7));
#10098 = CARTESIAN_POINT('',(44.7421875,-0.42626953125,8.7));
#10099 = VECTOR('',#10100,1.);
#10100 = DIRECTION('',(-0.,-0.,-1.));
#10101 = DEFINITIONAL_REPRESENTATION('',(#10102),#10106);
#10102 = LINE('',#10103,#10104);
#10103 = CARTESIAN_POINT('',(0.,0.));
#10104 = VECTOR('',#10105,1.);
#10105 = DIRECTION('',(1.,0.));
#10106 = ( GEOMETRIC_REPRESENTATION_CONTEXT(2) 
PARAMETRIC_REPRESENTATION_CONTEXT() REPRESENTATION_CONTEXT('2D SPACE',''
  ) );
#10107 = ADVANCED_FACE('',(#10108),#6932,.T.);
#10108 = FACE_BOUND('',#10109,.F.);
#10109 = EDGE_LOOP('',(#10110,#10111,#10112,#10113,#10114,#10115,#10116,
    #10117,#10118,#10119,#10120,#10121,#10122,#10123,#10124,#10125,
    #10126,#10127));
#10110 = ORIENTED_EDGE('',*,*,#6914,.T.);
#10111 = ORIENTED_EDGE('',*,*,#7774,.T.);
#10112 = ORIENTED_EDGE('',*,*,#7725,.T.);
#10113 = ORIENTED_EDGE('',*,*,#7676,.T.);
#10114 = ORIENTED_EDGE('',*,*,#7627,.T.);
#10115 = ORIENTED_EDGE('',*,*,#7578,.T.);
#10116 = ORIENTED_EDGE('',*,*,#7529,.T.);
#10117 = ORIENTED_EDGE('',*,*,#7480,.T.);
#10118 = ORIENTED_EDGE('',*,*,#7431,.T.);
#10119 = ORIENTED_EDGE('',*,*,#7382,.T.);
#10120 = ORIENTED_EDGE('',*,*,#7333,.T.);
#10121 = ORIENTED_EDGE('',*,*,#7284,.T.);
#10122 = ORIENTED_EDGE('',*,*,#7235,.T.);
#10123 = ORIENTED_EDGE('',*,*,#7186,.T.);
#10124 = ORIENTED_EDGE('',*,*,#7137,.T.);
#10125 = ORIENTED_EDGE('',*,*,#7088,.T.);
#10126 = ORIENTED_EDGE('',*,*,#7039,.T.);
#10127 = ORIENTED_EDGE('',*,*,#6990,.T.);
#10128 = ADVANCED_FACE('',(#10129),#7819,.T.);
#10129 = FACE_BOUND('',#10130,.F.);
#10130 = EDGE_LOOP('',(#10131,#10132,#10133,#10134,#10135,#10136,#10137,
    #10138,#10139,#10140,#10141,#10142,#10143,#10144,#10145,#10146,
    #10147,#10148));
#10131 = ORIENTED_EDGE('',*,*,#7801,.T.);
#10132 = ORIENTED_EDGE('',*,*,#8661,.T.);
#10133 = ORIENTED_EDGE('',*,*,#8612,.T.);
#10134 = ORIENTED_EDGE('',*,*,#8563,.T.);
#10135 = ORIENTED_EDGE('',*,*,#8514,.T.);
#10136 = ORIENTED_EDGE('',*,*,#8465,.T.);
#10137 = ORIENTED_EDGE('',*,*,#8416,.T.);
#10138 = ORIENTED_EDGE('',*,*,#8367,.T.);
#10139 = ORIENTED_EDGE('',*,*,#8318,.T.);
#10140 = ORIENTED_EDGE('',*,*,#8269,.T.);
#10141 = ORIENTED_EDGE('',*,*,#8220,.T.);
#10142 = ORIENTED_EDGE('',*,*,#8171,.T.);
#10143 = ORIENTED_EDGE('',*,*,#8122,.T.);
#10144 = ORIENTED_EDGE('',*,*,#8073,.T.);
#10145 = ORIENTED_EDGE('',*,*,#8024,.T.);
#10146 = ORIENTED_EDGE('',*,*,#7975,.T.);
#10147 = ORIENTED_EDGE('',*,*,#7926,.T.);
#10148 = ORIENTED_EDGE('',*,*,#7877,.T.);
#10149 = ADVANCED_FACE('',(#10150,#10166),#8706,.T.);
#10150 = FACE_BOUND('',#10151,.F.);
#10151 = EDGE_LOOP('',(#10152,#10153,#10154,#10155,#10156,#10157,#10158,
    #10159,#10160,#10161,#10162,#10163,#10164,#10165));
#10152 = ORIENTED_EDGE('',*,*,#8688,.T.);
#10153 = ORIENTED_EDGE('',*,*,#9352,.T.);
#10154 = ORIENTED_EDGE('',*,*,#9303,.T.);
#10155 = ORIENTED_EDGE('',*,*,#9254,.T.);
#10156 = ORIENTED_EDGE('',*,*,#9205,.T.);
#10157 = ORIENTED_EDGE('',*,*,#9156,.T.);
#10158 = ORIENTED_EDGE('',*,*,#9107,.T.);
#10159 = ORIENTED_EDGE('',*,*,#9058,.T.);
#10160 = ORIENTED_EDGE('',*,*,#9009,.T.);
#10161 = ORIENTED_EDGE('',*,*,#8960,.T.);
#10162 = ORIENTED_EDGE('',*,*,#8911,.T.);
#10163 = ORIENTED_EDGE('',*,*,#8862,.T.);
#10164 = ORIENTED_EDGE('',*,*,#8813,.T.);
#10165 = ORIENTED_EDGE('',*,*,#8764,.T.);
#10166 = FACE_BOUND('',#10167,.F.);
#10167 = EDGE_LOOP('',(#10168,#10200,#10230,#10260,#10290,#10320,#10350,
    #10380));
#10168 = ORIENTED_EDGE('',*,*,#10169,.T.);
#10169 = EDGE_CURVE('',#10170,#10172,#10174,.T.);
#10170 = VERTEX_POINT('',#10171);
#10171 = CARTESIAN_POINT('',(30.076171875,-0.42919921875,8.7));
#10172 = VERTEX_POINT('',#10173);
#10173 = CARTESIAN_POINT('',(30.328125,-1.32275390625,8.7));
#10174 = SURFACE_CURVE('',#10175,(#10179,#10186),.PCURVE_S1.);
#10175 = B_SPLINE_CURVE_WITH_KNOTS('',2,(#10176,#10177,#10178),
  .UNSPECIFIED.,.F.,.F.,(3,3),(0.,1.),.PIECEWISE_BEZIER_KNOTS.);
#10176 = CARTESIAN_POINT('',(30.076171875,-0.42919921875,8.7));
#10177 = CARTESIAN_POINT('',(30.076171875,-1.02685546875,8.7));
#10178 = CARTESIAN_POINT('',(30.328125,-1.32275390625,8.7));
#10179 = PCURVE('',#8706,#10180);
#10180 = DEFINITIONAL_REPRESENTATION('',(#10181),#10185);
#10181 = B_SPLINE_CURVE_WITH_KNOTS('',2,(#10182,#10183,#10184),
  .UNSPECIFIED.,.F.,.F.,(3,3),(0.,1.),.PIECEWISE_BEZIER_KNOTS.);
#10182 = CARTESIAN_POINT('',(0.7470703125,1.552734375));
#10183 = CARTESIAN_POINT('',(0.7470703125,0.955078125));
#10184 = CARTESIAN_POINT('',(0.9990234375,0.6591796875));
#10185 = ( GEOMETRIC_REPRESENTATION_CONTEXT(2) 
PARAMETRIC_REPRESENTATION_CONTEXT() REPRESENTATION_CONTEXT('2D SPACE',''
  ) );
#10186 = PCURVE('',#10187,#10194);
#10187 = SURFACE_OF_LINEAR_EXTRUSION('',#10188,#10192);
#10188 = B_SPLINE_CURVE_WITH_KNOTS('',2,(#10189,#10190,#10191),
  .UNSPECIFIED.,.F.,.F.,(3,3),(0.,1.),.PIECEWISE_BEZIER_KNOTS.);
#10189 = CARTESIAN_POINT('',(30.076171875,-0.42919921875,8.7));
#10190 = CARTESIAN_POINT('',(30.076171875,-1.02685546875,8.7));
#10191 = CARTESIAN_POINT('',(30.328125,-1.32275390625,8.7));
#10192 = VECTOR('',#10193,1.);
#10193 = DIRECTION('',(-0.,-0.,-1.));
#10194 = DEFINITIONAL_REPRESENTATION('',(#10195),#10199);
#10195 = LINE('',#10196,#10197);
#10196 = CARTESIAN_POINT('',(0.,0.));
#10197 = VECTOR('',#10198,1.);
#10198 = DIRECTION('',(1.,0.));
#10199 = ( GEOMETRIC_REPRESENTATION_CONTEXT(2) 
PARAMETRIC_REPRESENTATION_CONTEXT() REPRESENTATION_CONTEXT('2D SPACE',''
  ) );
#10200 = ORIENTED_EDGE('',*,*,#10201,.T.);
#10201 = EDGE_CURVE('',#10172,#10202,#10204,.T.);
#10202 = VERTEX_POINT('',#10203);
#10203 = CARTESIAN_POINT('',(30.9228515625,-1.61865234375,8.7));
#10204 = SURFACE_CURVE('',#10205,(#10209,#10216),.PCURVE_S1.);
#10205 = B_SPLINE_CURVE_WITH_KNOTS('',2,(#10206,#10207,#10208),
  .UNSPECIFIED.,.F.,.F.,(3,3),(0.,1.),.PIECEWISE_BEZIER_KNOTS.);
#10206 = CARTESIAN_POINT('',(30.328125,-1.32275390625,8.7));
#10207 = CARTESIAN_POINT('',(30.580078125,-1.61865234375,8.7));
#10208 = CARTESIAN_POINT('',(30.9228515625,-1.61865234375,8.7));
#10209 = PCURVE('',#8706,#10210);
#10210 = DEFINITIONAL_REPRESENTATION('',(#10211),#10215);
#10211 = B_SPLINE_CURVE_WITH_KNOTS('',2,(#10212,#10213,#10214),
  .UNSPECIFIED.,.F.,.F.,(3,3),(0.,1.),.PIECEWISE_BEZIER_KNOTS.);
#10212 = CARTESIAN_POINT('',(0.9990234375,0.6591796875));
#10213 = CARTESIAN_POINT('',(1.2509765625,0.36328125));
#10214 = CARTESIAN_POINT('',(1.59375,0.36328125));
#10215 = ( GEOMETRIC_REPRESENTATION_CONTEXT(2) 
PARAMETRIC_REPRESENTATION_CONTEXT() REPRESENTATION_CONTEXT('2D SPACE',''
  ) );
#10216 = PCURVE('',#10217,#10224);
#10217 = SURFACE_OF_LINEAR_EXTRUSION('',#10218,#10222);
#10218 = B_SPLINE_CURVE_WITH_KNOTS('',2,(#10219,#10220,#10221),
  .UNSPECIFIED.,.F.,.F.,(3,3),(0.,1.),.PIECEWISE_BEZIER_KNOTS.);
#10219 = CARTESIAN_POINT('',(30.328125,-1.32275390625,8.7));
#10220 = CARTESIAN_POINT('',(30.580078125,-1.61865234375,8.7));
#10221 = CARTESIAN_POINT('',(30.9228515625,-1.61865234375,8.7));
#10222 = VECTOR('',#10223,1.);
#10223 = DIRECTION('',(-0.,-0.,-1.));
#10224 = DEFINITIONAL_REPRESENTATION('',(#10225),#10229);
#10225 = LINE('',#10226,#10227);
#10226 = CARTESIAN_POINT('',(0.,0.));
#10227 = VECTOR('',#10228,1.);
#10228 = DIRECTION('',(1.,0.));
#10229 = ( GEOMETRIC_REPRESENTATION_CONTEXT(2) 
PARAMETRIC_REPRESENTATION_CONTEXT() REPRESENTATION_CONTEXT('2D SPACE',''
  ) );
#10230 = ORIENTED_EDGE('',*,*,#10231,.T.);
#10231 = EDGE_CURVE('',#10202,#10232,#10234,.T.);
#10232 = VERTEX_POINT('',#10233);
#10233 = CARTESIAN_POINT('',(31.51025390625,-1.3359375,8.7));
#10234 = SURFACE_CURVE('',#10235,(#10239,#10246),.PCURVE_S1.);
#10235 = B_SPLINE_CURVE_WITH_KNOTS('',2,(#10236,#10237,#10238),
  .UNSPECIFIED.,.F.,.F.,(3,3),(0.,1.),.PIECEWISE_BEZIER_KNOTS.);
#10236 = CARTESIAN_POINT('',(30.9228515625,-1.61865234375,8.7));
#10237 = CARTESIAN_POINT('',(31.2685546875,-1.61865234375,8.7));
#10238 = CARTESIAN_POINT('',(31.51025390625,-1.3359375,8.7));
#10239 = PCURVE('',#8706,#10240);
#10240 = DEFINITIONAL_REPRESENTATION('',(#10241),#10245);
#10241 = B_SPLINE_CURVE_WITH_KNOTS('',2,(#10242,#10243,#10244),
  .UNSPECIFIED.,.F.,.F.,(3,3),(0.,1.),.PIECEWISE_BEZIER_KNOTS.);
#10242 = CARTESIAN_POINT('',(1.59375,0.36328125));
#10243 = CARTESIAN_POINT('',(1.939453125,0.36328125));
#10244 = CARTESIAN_POINT('',(2.18115234375,0.64599609375));
#10245 = ( GEOMETRIC_REPRESENTATION_CONTEXT(2) 
PARAMETRIC_REPRESENTATION_CONTEXT() REPRESENTATION_CONTEXT('2D SPACE',''
  ) );
#10246 = PCURVE('',#10247,#10254);
#10247 = SURFACE_OF_LINEAR_EXTRUSION('',#10248,#10252);
#10248 = B_SPLINE_CURVE_WITH_KNOTS('',2,(#10249,#10250,#10251),
  .UNSPECIFIED.,.F.,.F.,(3,3),(0.,1.),.PIECEWISE_BEZIER_KNOTS.);
#10249 = CARTESIAN_POINT('',(30.9228515625,-1.61865234375,8.7));
#10250 = CARTESIAN_POINT('',(31.2685546875,-1.61865234375,8.7));
#10251 = CARTESIAN_POINT('',(31.51025390625,-1.3359375,8.7));
#10252 = VECTOR('',#10253,1.);
#10253 = DIRECTION('',(-0.,-0.,-1.));
#10254 = DEFINITIONAL_REPRESENTATION('',(#10255),#10259);
#10255 = LINE('',#10256,#10257);
#10256 = CARTESIAN_POINT('',(0.,0.));
#10257 = VECTOR('',#10258,1.);
#10258 = DIRECTION('',(1.,0.));
#10259 = ( GEOMETRIC_REPRESENTATION_CONTEXT(2) 
PARAMETRIC_REPRESENTATION_CONTEXT() REPRESENTATION_CONTEXT('2D SPACE',''
  ) );
#10260 = ORIENTED_EDGE('',*,*,#10261,.T.);
#10261 = EDGE_CURVE('',#10232,#10262,#10264,.T.);
#10262 = VERTEX_POINT('',#10263);
#10263 = CARTESIAN_POINT('',(31.751953125,-0.47314453125,8.7));
#10264 = SURFACE_CURVE('',#10265,(#10269,#10276),.PCURVE_S1.);
#10265 = B_SPLINE_CURVE_WITH_KNOTS('',2,(#10266,#10267,#10268),
  .UNSPECIFIED.,.F.,.F.,(3,3),(0.,1.),.PIECEWISE_BEZIER_KNOTS.);
#10266 = CARTESIAN_POINT('',(31.51025390625,-1.3359375,8.7));
#10267 = CARTESIAN_POINT('',(31.751953125,-1.05322265625,8.7));
#10268 = CARTESIAN_POINT('',(31.751953125,-0.47314453125,8.7));
#10269 = PCURVE('',#8706,#10270);
#10270 = DEFINITIONAL_REPRESENTATION('',(#10271),#10275);
#10271 = B_SPLINE_CURVE_WITH_KNOTS('',2,(#10272,#10273,#10274),
  .UNSPECIFIED.,.F.,.F.,(3,3),(0.,1.),.PIECEWISE_BEZIER_KNOTS.);
#10272 = CARTESIAN_POINT('',(2.18115234375,0.64599609375));
#10273 = CARTESIAN_POINT('',(2.4228515625,0.9287109375));
#10274 = CARTESIAN_POINT('',(2.4228515625,1.5087890625));
#10275 = ( GEOMETRIC_REPRESENTATION_CONTEXT(2) 
PARAMETRIC_REPRESENTATION_CONTEXT() REPRESENTATION_CONTEXT('2D SPACE',''
  ) );
#10276 = PCURVE('',#10277,#10284);
#10277 = SURFACE_OF_LINEAR_EXTRUSION('',#10278,#10282);
#10278 = B_SPLINE_CURVE_WITH_KNOTS('',2,(#10279,#10280,#10281),
  .UNSPECIFIED.,.F.,.F.,(3,3),(0.,1.),.PIECEWISE_BEZIER_KNOTS.);
#10279 = CARTESIAN_POINT('',(31.51025390625,-1.3359375,8.7));
#10280 = CARTESIAN_POINT('',(31.751953125,-1.05322265625,8.7));
#10281 = CARTESIAN_POINT('',(31.751953125,-0.47314453125,8.7));
#10282 = VECTOR('',#10283,1.);
#10283 = DIRECTION('',(-0.,-0.,-1.));
#10284 = DEFINITIONAL_REPRESENTATION('',(#10285),#10289);
#10285 = LINE('',#10286,#10287);
#10286 = CARTESIAN_POINT('',(0.,0.));
#10287 = VECTOR('',#10288,1.);
#10288 = DIRECTION('',(1.,0.));
#10289 = ( GEOMETRIC_REPRESENTATION_CONTEXT(2) 
PARAMETRIC_REPRESENTATION_CONTEXT() REPRESENTATION_CONTEXT('2D SPACE',''
  ) );
#10290 = ORIENTED_EDGE('',*,*,#10291,.T.);
#10291 = EDGE_CURVE('',#10262,#10292,#10294,.T.);
#10292 = VERTEX_POINT('',#10293);
#10293 = CARTESIAN_POINT('',(31.505859375,0.46435546875,8.7));
#10294 = SURFACE_CURVE('',#10295,(#10299,#10306),.PCURVE_S1.);
#10295 = B_SPLINE_CURVE_WITH_KNOTS('',2,(#10296,#10297,#10298),
  .UNSPECIFIED.,.F.,.F.,(3,3),(0.,1.),.PIECEWISE_BEZIER_KNOTS.);
#10296 = CARTESIAN_POINT('',(31.751953125,-0.47314453125,8.7));
#10297 = CARTESIAN_POINT('',(31.751953125,0.16552734375,8.7));
#10298 = CARTESIAN_POINT('',(31.505859375,0.46435546875,8.7));
#10299 = PCURVE('',#8706,#10300);
#10300 = DEFINITIONAL_REPRESENTATION('',(#10301),#10305);
#10301 = B_SPLINE_CURVE_WITH_KNOTS('',2,(#10302,#10303,#10304),
  .UNSPECIFIED.,.F.,.F.,(3,3),(0.,1.),.PIECEWISE_BEZIER_KNOTS.);
#10302 = CARTESIAN_POINT('',(2.4228515625,1.5087890625));
#10303 = CARTESIAN_POINT('',(2.4228515625,2.1474609375));
#10304 = CARTESIAN_POINT('',(2.1767578125,2.4462890625));
#10305 = ( GEOMETRIC_REPRESENTATION_CONTEXT(2) 
PARAMETRIC_REPRESENTATION_CONTEXT() REPRESENTATION_CONTEXT('2D SPACE',''
  ) );
#10306 = PCURVE('',#10307,#10314);
#10307 = SURFACE_OF_LINEAR_EXTRUSION('',#10308,#10312);
#10308 = B_SPLINE_CURVE_WITH_KNOTS('',2,(#10309,#10310,#10311),
  .UNSPECIFIED.,.F.,.F.,(3,3),(0.,1.),.PIECEWISE_BEZIER_KNOTS.);
#10309 = CARTESIAN_POINT('',(31.751953125,-0.47314453125,8.7));
#10310 = CARTESIAN_POINT('',(31.751953125,0.16552734375,8.7));
#10311 = CARTESIAN_POINT('',(31.505859375,0.46435546875,8.7));
#10312 = VECTOR('',#10313,1.);
#10313 = DIRECTION('',(-0.,-0.,-1.));
#10314 = DEFINITIONAL_REPRESENTATION('',(#10315),#10319);
#10315 = LINE('',#10316,#10317);
#10316 = CARTESIAN_POINT('',(0.,0.));
#10317 = VECTOR('',#10318,1.);
#10318 = DIRECTION('',(1.,0.));
#10319 = ( GEOMETRIC_REPRESENTATION_CONTEXT(2) 
PARAMETRIC_REPRESENTATION_CONTEXT() REPRESENTATION_CONTEXT('2D SPACE',''
  ) );
#10320 = ORIENTED_EDGE('',*,*,#10321,.T.);
#10321 = EDGE_CURVE('',#10292,#10322,#10324,.T.);
#10322 = VERTEX_POINT('',#10323);
#10323 = CARTESIAN_POINT('',(30.8994140625,0.76318359375,8.7));
#10324 = SURFACE_CURVE('',#10325,(#10329,#10336),.PCURVE_S1.);
#10325 = B_SPLINE_CURVE_WITH_KNOTS('',2,(#10326,#10327,#10328),
  .UNSPECIFIED.,.F.,.F.,(3,3),(0.,1.),.PIECEWISE_BEZIER_KNOTS.);
#10326 = CARTESIAN_POINT('',(31.505859375,0.46435546875,8.7));
#10327 = CARTESIAN_POINT('',(31.259765625,0.76318359375,8.7));
#10328 = CARTESIAN_POINT('',(30.8994140625,0.76318359375,8.7));
#10329 = PCURVE('',#8706,#10330);
#10330 = DEFINITIONAL_REPRESENTATION('',(#10331),#10335);
#10331 = B_SPLINE_CURVE_WITH_KNOTS('',2,(#10332,#10333,#10334),
  .UNSPECIFIED.,.F.,.F.,(3,3),(0.,1.),.PIECEWISE_BEZIER_KNOTS.);
#10332 = CARTESIAN_POINT('',(2.1767578125,2.4462890625));
#10333 = CARTESIAN_POINT('',(1.9306640625,2.7451171875));
#10334 = CARTESIAN_POINT('',(1.5703125,2.7451171875));
#10335 = ( GEOMETRIC_REPRESENTATION_CONTEXT(2) 
PARAMETRIC_REPRESENTATION_CONTEXT() REPRESENTATION_CONTEXT('2D SPACE',''
  ) );
#10336 = PCURVE('',#10337,#10344);
#10337 = SURFACE_OF_LINEAR_EXTRUSION('',#10338,#10342);
#10338 = B_SPLINE_CURVE_WITH_KNOTS('',2,(#10339,#10340,#10341),
  .UNSPECIFIED.,.F.,.F.,(3,3),(0.,1.),.PIECEWISE_BEZIER_KNOTS.);
#10339 = CARTESIAN_POINT('',(31.505859375,0.46435546875,8.7));
#10340 = CARTESIAN_POINT('',(31.259765625,0.76318359375,8.7));
#10341 = CARTESIAN_POINT('',(30.8994140625,0.76318359375,8.7));
#10342 = VECTOR('',#10343,1.);
#10343 = DIRECTION('',(-0.,-0.,-1.));
#10344 = DEFINITIONAL_REPRESENTATION('',(#10345),#10349);
#10345 = LINE('',#10346,#10347);
#10346 = CARTESIAN_POINT('',(0.,0.));
#10347 = VECTOR('',#10348,1.);
#10348 = DIRECTION('',(1.,0.));
#10349 = ( GEOMETRIC_REPRESENTATION_CONTEXT(2) 
PARAMETRIC_REPRESENTATION_CONTEXT() REPRESENTATION_CONTEXT('2D SPACE',''
  ) );
#10350 = ORIENTED_EDGE('',*,*,#10351,.T.);
#10351 = EDGE_CURVE('',#10322,#10352,#10354,.T.);
#10352 = VERTEX_POINT('',#10353);
#10353 = CARTESIAN_POINT('',(30.31201171875,0.47607421875,8.7));
#10354 = SURFACE_CURVE('',#10355,(#10359,#10366),.PCURVE_S1.);
#10355 = B_SPLINE_CURVE_WITH_KNOTS('',2,(#10356,#10357,#10358),
  .UNSPECIFIED.,.F.,.F.,(3,3),(0.,1.),.PIECEWISE_BEZIER_KNOTS.);
#10356 = CARTESIAN_POINT('',(30.8994140625,0.76318359375,8.7));
#10357 = CARTESIAN_POINT('',(30.5478515625,0.76318359375,8.7));
#10358 = CARTESIAN_POINT('',(30.31201171875,0.47607421875,8.7));
#10359 = PCURVE('',#8706,#10360);
#10360 = DEFINITIONAL_REPRESENTATION('',(#10361),#10365);
#10361 = B_SPLINE_CURVE_WITH_KNOTS('',2,(#10362,#10363,#10364),
  .UNSPECIFIED.,.F.,.F.,(3,3),(0.,1.),.PIECEWISE_BEZIER_KNOTS.);
#10362 = CARTESIAN_POINT('',(1.5703125,2.7451171875));
#10363 = CARTESIAN_POINT('',(1.21875,2.7451171875));
#10364 = CARTESIAN_POINT('',(0.98291015625,2.4580078125));
#10365 = ( GEOMETRIC_REPRESENTATION_CONTEXT(2) 
PARAMETRIC_REPRESENTATION_CONTEXT() REPRESENTATION_CONTEXT('2D SPACE',''
  ) );
#10366 = PCURVE('',#10367,#10374);
#10367 = SURFACE_OF_LINEAR_EXTRUSION('',#10368,#10372);
#10368 = B_SPLINE_CURVE_WITH_KNOTS('',2,(#10369,#10370,#10371),
  .UNSPECIFIED.,.F.,.F.,(3,3),(0.,1.),.PIECEWISE_BEZIER_KNOTS.);
#10369 = CARTESIAN_POINT('',(30.8994140625,0.76318359375,8.7));
#10370 = CARTESIAN_POINT('',(30.5478515625,0.76318359375,8.7));
#10371 = CARTESIAN_POINT('',(30.31201171875,0.47607421875,8.7));
#10372 = VECTOR('',#10373,1.);
#10373 = DIRECTION('',(-0.,-0.,-1.));
#10374 = DEFINITIONAL_REPRESENTATION('',(#10375),#10379);
#10375 = LINE('',#10376,#10377);
#10376 = CARTESIAN_POINT('',(0.,0.));
#10377 = VECTOR('',#10378,1.);
#10378 = DIRECTION('',(1.,0.));
#10379 = ( GEOMETRIC_REPRESENTATION_CONTEXT(2) 
PARAMETRIC_REPRESENTATION_CONTEXT() REPRESENTATION_CONTEXT('2D SPACE',''
  ) );
#10380 = ORIENTED_EDGE('',*,*,#10381,.T.);
#10381 = EDGE_CURVE('',#10352,#10170,#10382,.T.);
#10382 = SURFACE_CURVE('',#10383,(#10387,#10394),.PCURVE_S1.);
#10383 = B_SPLINE_CURVE_WITH_KNOTS('',2,(#10384,#10385,#10386),
  .UNSPECIFIED.,.F.,.F.,(3,3),(0.,1.),.PIECEWISE_BEZIER_KNOTS.);
#10384 = CARTESIAN_POINT('',(30.31201171875,0.47607421875,8.7));
#10385 = CARTESIAN_POINT('',(30.076171875,0.18896484375,8.7));
#10386 = CARTESIAN_POINT('',(30.076171875,-0.42919921875,8.7));
#10387 = PCURVE('',#8706,#10388);
#10388 = DEFINITIONAL_REPRESENTATION('',(#10389),#10393);
#10389 = B_SPLINE_CURVE_WITH_KNOTS('',2,(#10390,#10391,#10392),
  .UNSPECIFIED.,.F.,.F.,(3,3),(0.,1.),.PIECEWISE_BEZIER_KNOTS.);
#10390 = CARTESIAN_POINT('',(0.98291015625,2.4580078125));
#10391 = CARTESIAN_POINT('',(0.7470703125,2.1708984375));
#10392 = CARTESIAN_POINT('',(0.7470703125,1.552734375));
#10393 = ( GEOMETRIC_REPRESENTATION_CONTEXT(2) 
PARAMETRIC_REPRESENTATION_CONTEXT() REPRESENTATION_CONTEXT('2D SPACE',''
  ) );
#10394 = PCURVE('',#10395,#10402);
#10395 = SURFACE_OF_LINEAR_EXTRUSION('',#10396,#10400);
#10396 = B_SPLINE_CURVE_WITH_KNOTS('',2,(#10397,#10398,#10399),
  .UNSPECIFIED.,.F.,.F.,(3,3),(0.,1.),.PIECEWISE_BEZIER_KNOTS.);
#10397 = CARTESIAN_POINT('',(30.31201171875,0.47607421875,8.7));
#10398 = CARTESIAN_POINT('',(30.076171875,0.18896484375,8.7));
#10399 = CARTESIAN_POINT('',(30.076171875,-0.42919921875,8.7));
#10400 = VECTOR('',#10401,1.);
#10401 = DIRECTION('',(-0.,-0.,-1.));
#10402 = DEFINITIONAL_REPRESENTATION('',(#10403),#10407);
#10403 = LINE('',#10404,#10405);
#10404 = CARTESIAN_POINT('',(0.,0.));
#10405 = VECTOR('',#10406,1.);
#10406 = DIRECTION('',(1.,0.));
#10407 = ( GEOMETRIC_REPRESENTATION_CONTEXT(2) 
PARAMETRIC_REPRESENTATION_CONTEXT() REPRESENTATION_CONTEXT('2D SPACE',''
  ) );
#10408 = ADVANCED_FACE('',(#10409,#10415),#9418,.F.);
#10409 = FACE_BOUND('',#10410,.F.);
#10410 = EDGE_LOOP('',(#10411,#10412,#10413,#10414));
#10411 = ORIENTED_EDGE('',*,*,#9402,.F.);
#10412 = ORIENTED_EDGE('',*,*,#9455,.T.);
#10413 = ORIENTED_EDGE('',*,*,#9619,.T.);
#10414 = ORIENTED_EDGE('',*,*,#9667,.F.);
#10415 = FACE_BOUND('',#10416,.F.);
#10416 = EDGE_LOOP('',(#10417,#10445,#10471,#10497));
#10417 = ORIENTED_EDGE('',*,*,#10418,.T.);
#10418 = EDGE_CURVE('',#10419,#10421,#10423,.T.);
#10419 = VERTEX_POINT('',#10420);
#10420 = CARTESIAN_POINT('',(67.6,-9.4,6.));
#10421 = VERTEX_POINT('',#10422);
#10422 = CARTESIAN_POINT('',(1.4,-9.4,6.));
#10423 = SURFACE_CURVE('',#10424,(#10428,#10434),.PCURVE_S1.);
#10424 = LINE('',#10425,#10426);
#10425 = CARTESIAN_POINT('',(0.8,-9.4,6.));
#10426 = VECTOR('',#10427,1.);
#10427 = DIRECTION('',(-1.,0.,0.));
#10428 = PCURVE('',#9418,#10429);
#10429 = DEFINITIONAL_REPRESENTATION('',(#10430),#10433);
#10430 = B_SPLINE_CURVE_WITH_KNOTS('',1,(#10431,#10432),.UNSPECIFIED.,
  .F.,.F.,(2,2),(-66.8,-0.6),.PIECEWISE_BEZIER_KNOTS.);
#10431 = CARTESIAN_POINT('',(67.4,1.2));
#10432 = CARTESIAN_POINT('',(1.2,1.2));
#10433 = ( GEOMETRIC_REPRESENTATION_CONTEXT(2) 
PARAMETRIC_REPRESENTATION_CONTEXT() REPRESENTATION_CONTEXT('2D SPACE',''
  ) );
#10434 = PCURVE('',#10435,#10440);
#10435 = PLANE('',#10436);
#10436 = AXIS2_PLACEMENT_3D('',#10437,#10438,#10439);
#10437 = CARTESIAN_POINT('',(1.4,-9.4,5.));
#10438 = DIRECTION('',(0.,1.,0.));
#10439 = DIRECTION('',(0.,0.,1.));
#10440 = DEFINITIONAL_REPRESENTATION('',(#10441),#10444);
#10441 = B_SPLINE_CURVE_WITH_KNOTS('',1,(#10442,#10443),.UNSPECIFIED.,
  .F.,.F.,(2,2),(-66.8,-0.6),.PIECEWISE_BEZIER_KNOTS.);
#10442 = CARTESIAN_POINT('',(1.,66.2));
#10443 = CARTESIAN_POINT('',(1.,0.));
#10444 = ( GEOMETRIC_REPRESENTATION_CONTEXT(2) 
PARAMETRIC_REPRESENTATION_CONTEXT() REPRESENTATION_CONTEXT('2D SPACE',''
  ) );
#10445 = ORIENTED_EDGE('',*,*,#10446,.T.);
#10446 = EDGE_CURVE('',#10421,#10447,#10449,.T.);
#10447 = VERTEX_POINT('',#10448);
#10448 = CARTESIAN_POINT('',(1.4,9.4,6.));
#10449 = SURFACE_CURVE('',#10450,(#10454,#10460),.PCURVE_S1.);
#10450 = LINE('',#10451,#10452);
#10451 = CARTESIAN_POINT('',(1.4,-10.,6.));
#10452 = VECTOR('',#10453,1.);
#10453 = DIRECTION('',(0.,1.,0.));
#10454 = PCURVE('',#9418,#10455);
#10455 = DEFINITIONAL_REPRESENTATION('',(#10456),#10459);
#10456 = B_SPLINE_CURVE_WITH_KNOTS('',1,(#10457,#10458),.UNSPECIFIED.,
  .F.,.F.,(2,2),(0.6,19.4),.PIECEWISE_BEZIER_KNOTS.);
#10457 = CARTESIAN_POINT('',(1.2,1.2));
#10458 = CARTESIAN_POINT('',(1.2,20.));
#10459 = ( GEOMETRIC_REPRESENTATION_CONTEXT(2) 
PARAMETRIC_REPRESENTATION_CONTEXT() REPRESENTATION_CONTEXT('2D SPACE',''
  ) );
#10460 = PCURVE('',#10461,#10466);
#10461 = PLANE('',#10462);
#10462 = AXIS2_PLACEMENT_3D('',#10463,#10464,#10465);
#10463 = CARTESIAN_POINT('',(1.4,-9.4,5.));
#10464 = DIRECTION('',(1.,0.,0.));
#10465 = DIRECTION('',(0.,0.,1.));
#10466 = DEFINITIONAL_REPRESENTATION('',(#10467),#10470);
#10467 = B_SPLINE_CURVE_WITH_KNOTS('',1,(#10468,#10469),.UNSPECIFIED.,
  .F.,.F.,(2,2),(0.6,19.4),.PIECEWISE_BEZIER_KNOTS.);
#10468 = CARTESIAN_POINT('',(1.,0.));
#10469 = CARTESIAN_POINT('',(1.,-18.8));
#10470 = ( GEOMETRIC_REPRESENTATION_CONTEXT(2) 
PARAMETRIC_REPRESENTATION_CONTEXT() REPRESENTATION_CONTEXT('2D SPACE',''
  ) );
#10471 = ORIENTED_EDGE('',*,*,#10472,.F.);
#10472 = EDGE_CURVE('',#10473,#10447,#10475,.T.);
#10473 = VERTEX_POINT('',#10474);
#10474 = CARTESIAN_POINT('',(67.6,9.4,6.));
#10475 = SURFACE_CURVE('',#10476,(#10480,#10486),.PCURVE_S1.);
#10476 = LINE('',#10477,#10478);
#10477 = CARTESIAN_POINT('',(0.8,9.4,6.));
#10478 = VECTOR('',#10479,1.);
#10479 = DIRECTION('',(-1.,0.,0.));
#10480 = PCURVE('',#9418,#10481);
#10481 = DEFINITIONAL_REPRESENTATION('',(#10482),#10485);
#10482 = B_SPLINE_CURVE_WITH_KNOTS('',1,(#10483,#10484),.UNSPECIFIED.,
  .F.,.F.,(2,2),(-66.8,-0.6),.PIECEWISE_BEZIER_KNOTS.);
#10483 = CARTESIAN_POINT('',(67.4,20.));
#10484 = CARTESIAN_POINT('',(1.2,20.));
#10485 = ( GEOMETRIC_REPRESENTATION_CONTEXT(2) 
PARAMETRIC_REPRESENTATION_CONTEXT() REPRESENTATION_CONTEXT('2D SPACE',''
  ) );
#10486 = PCURVE('',#10487,#10492);
#10487 = PLANE('',#10488);
#10488 = AXIS2_PLACEMENT_3D('',#10489,#10490,#10491);
#10489 = CARTESIAN_POINT('',(1.4,9.4,5.));
#10490 = DIRECTION('',(0.,1.,0.));
#10491 = DIRECTION('',(0.,0.,1.));
#10492 = DEFINITIONAL_REPRESENTATION('',(#10493),#10496);
#10493 = B_SPLINE_CURVE_WITH_KNOTS('',1,(#10494,#10495),.UNSPECIFIED.,
  .F.,.F.,(2,2),(-66.8,-0.6),.PIECEWISE_BEZIER_KNOTS.);
#10494 = CARTESIAN_POINT('',(1.,66.2));
#10495 = CARTESIAN_POINT('',(1.,0.));
#10496 = ( GEOMETRIC_REPRESENTATION_CONTEXT(2) 
PARAMETRIC_REPRESENTATION_CONTEXT() REPRESENTATION_CONTEXT('2D SPACE',''
  ) );
#10497 = ORIENTED_EDGE('',*,*,#10498,.F.);
#10498 = EDGE_CURVE('',#10419,#10473,#10499,.T.);
#10499 = SURFACE_CURVE('',#10500,(#10504,#10510),.PCURVE_S1.);
#10500 = LINE('',#10501,#10502);
#10501 = CARTESIAN_POINT('',(67.6,-10.,6.));
#10502 = VECTOR('',#10503,1.);
#10503 = DIRECTION('',(0.,1.,0.));
#10504 = PCURVE('',#9418,#10505);
#10505 = DEFINITIONAL_REPRESENTATION('',(#10506),#10509);
#10506 = B_SPLINE_CURVE_WITH_KNOTS('',1,(#10507,#10508),.UNSPECIFIED.,
  .F.,.F.,(2,2),(0.6,19.4),.PIECEWISE_BEZIER_KNOTS.);
#10507 = CARTESIAN_POINT('',(67.4,1.2));
#10508 = CARTESIAN_POINT('',(67.4,20.));
#10509 = ( GEOMETRIC_REPRESENTATION_CONTEXT(2) 
PARAMETRIC_REPRESENTATION_CONTEXT() REPRESENTATION_CONTEXT('2D SPACE',''
  ) );
#10510 = PCURVE('',#10511,#10516);
#10511 = PLANE('',#10512);
#10512 = AXIS2_PLACEMENT_3D('',#10513,#10514,#10515);
#10513 = CARTESIAN_POINT('',(67.6,-9.4,5.));
#10514 = DIRECTION('',(1.,0.,0.));
#10515 = DIRECTION('',(0.,0.,1.));
#10516 = DEFINITIONAL_REPRESENTATION('',(#10517),#10520);
#10517 = B_SPLINE_CURVE_WITH_KNOTS('',1,(#10518,#10519),.UNSPECIFIED.,
  .F.,.F.,(2,2),(0.6,19.4),.PIECEWISE_BEZIER_KNOTS.);
#10518 = CARTESIAN_POINT('',(1.,0.));
#10519 = CARTESIAN_POINT('',(1.,-18.8));
#10520 = ( GEOMETRIC_REPRESENTATION_CONTEXT(2) 
PARAMETRIC_REPRESENTATION_CONTEXT() REPRESENTATION_CONTEXT('2D SPACE',''
  ) );
#10521 = ADVANCED_FACE('',(#10522),#9521,.F.);
#10522 = FACE_BOUND('',#10523,.F.);
#10523 = EDGE_LOOP('',(#10524,#10547,#10548,#10571));
#10524 = ORIENTED_EDGE('',*,*,#10525,.F.);
#10525 = EDGE_CURVE('',#9504,#10526,#10528,.T.);
#10526 = VERTEX_POINT('',#10527);
#10527 = CARTESIAN_POINT('',(7.5,-10.1,7.2));
#10528 = SURFACE_CURVE('',#10529,(#10533,#10540),.PCURVE_S1.);
#10529 = LINE('',#10530,#10531);
#10530 = CARTESIAN_POINT('',(7.5,-10.6,7.2));
#10531 = VECTOR('',#10532,1.);
#10532 = DIRECTION('',(0.,1.,0.));
#10533 = PCURVE('',#9521,#10534);
#10534 = DEFINITIONAL_REPRESENTATION('',(#10535),#10539);
#10535 = LINE('',#10536,#10537);
#10536 = CARTESIAN_POINT('',(0.,0.));
#10537 = VECTOR('',#10538,1.);
#10538 = DIRECTION('',(0.,1.));
#10539 = ( GEOMETRIC_REPRESENTATION_CONTEXT(2) 
PARAMETRIC_REPRESENTATION_CONTEXT() REPRESENTATION_CONTEXT('2D SPACE',''
  ) );
#10540 = PCURVE('',#9549,#10541);
#10541 = DEFINITIONAL_REPRESENTATION('',(#10542),#10546);
#10542 = LINE('',#10543,#10544);
#10543 = CARTESIAN_POINT('',(0.8,0.));
#10544 = VECTOR('',#10545,1.);
#10545 = DIRECTION('',(0.,-1.));
#10546 = ( GEOMETRIC_REPRESENTATION_CONTEXT(2) 
PARAMETRIC_REPRESENTATION_CONTEXT() REPRESENTATION_CONTEXT('2D SPACE',''
  ) );
#10547 = ORIENTED_EDGE('',*,*,#9503,.T.);
#10548 = ORIENTED_EDGE('',*,*,#10549,.T.);
#10549 = EDGE_CURVE('',#9506,#10550,#10552,.T.);
#10550 = VERTEX_POINT('',#10551);
#10551 = CARTESIAN_POINT('',(61.5,-10.1,7.2));
#10552 = SURFACE_CURVE('',#10553,(#10557,#10564),.PCURVE_S1.);
#10553 = LINE('',#10554,#10555);
#10554 = CARTESIAN_POINT('',(61.5,-10.6,7.2));
#10555 = VECTOR('',#10556,1.);
#10556 = DIRECTION('',(0.,1.,0.));
#10557 = PCURVE('',#9521,#10558);
#10558 = DEFINITIONAL_REPRESENTATION('',(#10559),#10563);
#10559 = LINE('',#10560,#10561);
#10560 = CARTESIAN_POINT('',(54.,0.));
#10561 = VECTOR('',#10562,1.);
#10562 = DIRECTION('',(0.,1.));
#10563 = ( GEOMETRIC_REPRESENTATION_CONTEXT(2) 
PARAMETRIC_REPRESENTATION_CONTEXT() REPRESENTATION_CONTEXT('2D SPACE',''
  ) );
#10564 = PCURVE('',#9603,#10565);
#10565 = DEFINITIONAL_REPRESENTATION('',(#10566),#10570);
#10566 = LINE('',#10567,#10568);
#10567 = CARTESIAN_POINT('',(0.8,0.));
#10568 = VECTOR('',#10569,1.);
#10569 = DIRECTION('',(0.,-1.));
#10570 = ( GEOMETRIC_REPRESENTATION_CONTEXT(2) 
PARAMETRIC_REPRESENTATION_CONTEXT() REPRESENTATION_CONTEXT('2D SPACE',''
  ) );
#10571 = ORIENTED_EDGE('',*,*,#10572,.F.);
#10572 = EDGE_CURVE('',#10526,#10550,#10573,.T.);
#10573 = SURFACE_CURVE('',#10574,(#10578,#10585),.PCURVE_S1.);
#10574 = LINE('',#10575,#10576);
#10575 = CARTESIAN_POINT('',(7.5,-10.1,7.2));
#10576 = VECTOR('',#10577,1.);
#10577 = DIRECTION('',(1.,0.,0.));
#10578 = PCURVE('',#9521,#10579);
#10579 = DEFINITIONAL_REPRESENTATION('',(#10580),#10584);
#10580 = LINE('',#10581,#10582);
#10581 = CARTESIAN_POINT('',(0.,0.5));
#10582 = VECTOR('',#10583,1.);
#10583 = DIRECTION('',(1.,0.));
#10584 = ( GEOMETRIC_REPRESENTATION_CONTEXT(2) 
PARAMETRIC_REPRESENTATION_CONTEXT() REPRESENTATION_CONTEXT('2D SPACE',''
  ) );
#10585 = PCURVE('',#10586,#10591);
#10586 = PLANE('',#10587);
#10587 = AXIS2_PLACEMENT_3D('',#10588,#10589,#10590);
#10588 = CARTESIAN_POINT('',(7.5,-10.1,6.4));
#10589 = DIRECTION('',(0.,1.,0.));
#10590 = DIRECTION('',(0.,0.,1.));
#10591 = DEFINITIONAL_REPRESENTATION('',(#10592),#10596);
#10592 = LINE('',#10593,#10594);
#10593 = CARTESIAN_POINT('',(0.8,0.));
#10594 = VECTOR('',#10595,1.);
#10595 = DIRECTION('',(0.,1.));
#10596 = ( GEOMETRIC_REPRESENTATION_CONTEXT(2) 
PARAMETRIC_REPRESENTATION_CONTEXT() REPRESENTATION_CONTEXT('2D SPACE',''
  ) );
#10597 = ADVANCED_FACE('',(#10598),#9603,.F.);
#10598 = FACE_BOUND('',#10599,.F.);
#10599 = EDGE_LOOP('',(#10600,#10601,#10624,#10645));
#10600 = ORIENTED_EDGE('',*,*,#9589,.F.);
#10601 = ORIENTED_EDGE('',*,*,#10602,.T.);
#10602 = EDGE_CURVE('',#9562,#10603,#10605,.T.);
#10603 = VERTEX_POINT('',#10604);
#10604 = CARTESIAN_POINT('',(61.5,-10.1,6.4));
#10605 = SURFACE_CURVE('',#10606,(#10610,#10617),.PCURVE_S1.);
#10606 = LINE('',#10607,#10608);
#10607 = CARTESIAN_POINT('',(61.5,-10.6,6.4));
#10608 = VECTOR('',#10609,1.);
#10609 = DIRECTION('',(0.,1.,0.));
#10610 = PCURVE('',#9603,#10611);
#10611 = DEFINITIONAL_REPRESENTATION('',(#10612),#10616);
#10612 = LINE('',#10613,#10614);
#10613 = CARTESIAN_POINT('',(0.,0.));
#10614 = VECTOR('',#10615,1.);
#10615 = DIRECTION('',(0.,-1.));
#10616 = ( GEOMETRIC_REPRESENTATION_CONTEXT(2) 
PARAMETRIC_REPRESENTATION_CONTEXT() REPRESENTATION_CONTEXT('2D SPACE',''
  ) );
#10617 = PCURVE('',#9577,#10618);
#10618 = DEFINITIONAL_REPRESENTATION('',(#10619),#10623);
#10619 = LINE('',#10620,#10621);
#10620 = CARTESIAN_POINT('',(54.,0.));
#10621 = VECTOR('',#10622,1.);
#10622 = DIRECTION('',(0.,1.));
#10623 = ( GEOMETRIC_REPRESENTATION_CONTEXT(2) 
PARAMETRIC_REPRESENTATION_CONTEXT() REPRESENTATION_CONTEXT('2D SPACE',''
  ) );
#10624 = ORIENTED_EDGE('',*,*,#10625,.T.);
#10625 = EDGE_CURVE('',#10603,#10550,#10626,.T.);
#10626 = SURFACE_CURVE('',#10627,(#10631,#10638),.PCURVE_S1.);
#10627 = LINE('',#10628,#10629);
#10628 = CARTESIAN_POINT('',(61.5,-10.1,6.4));
#10629 = VECTOR('',#10630,1.);
#10630 = DIRECTION('',(0.,0.,1.));
#10631 = PCURVE('',#9603,#10632);
#10632 = DEFINITIONAL_REPRESENTATION('',(#10633),#10637);
#10633 = LINE('',#10634,#10635);
#10634 = CARTESIAN_POINT('',(0.,-0.5));
#10635 = VECTOR('',#10636,1.);
#10636 = DIRECTION('',(1.,0.));
#10637 = ( GEOMETRIC_REPRESENTATION_CONTEXT(2) 
PARAMETRIC_REPRESENTATION_CONTEXT() REPRESENTATION_CONTEXT('2D SPACE',''
  ) );
#10638 = PCURVE('',#10586,#10639);
#10639 = DEFINITIONAL_REPRESENTATION('',(#10640),#10644);
#10640 = LINE('',#10641,#10642);
#10641 = CARTESIAN_POINT('',(0.,54.));
#10642 = VECTOR('',#10643,1.);
#10643 = DIRECTION('',(1.,0.));
#10644 = ( GEOMETRIC_REPRESENTATION_CONTEXT(2) 
PARAMETRIC_REPRESENTATION_CONTEXT() REPRESENTATION_CONTEXT('2D SPACE',''
  ) );
#10645 = ORIENTED_EDGE('',*,*,#10549,.F.);
#10646 = ADVANCED_FACE('',(#10647),#9577,.T.);
#10647 = FACE_BOUND('',#10648,.T.);
#10648 = EDGE_LOOP('',(#10649,#10672,#10673,#10674));
#10649 = ORIENTED_EDGE('',*,*,#10650,.F.);
#10650 = EDGE_CURVE('',#9534,#10651,#10653,.T.);
#10651 = VERTEX_POINT('',#10652);
#10652 = CARTESIAN_POINT('',(7.5,-10.1,6.4));
#10653 = SURFACE_CURVE('',#10654,(#10658,#10665),.PCURVE_S1.);
#10654 = LINE('',#10655,#10656);
#10655 = CARTESIAN_POINT('',(7.5,-10.6,6.4));
#10656 = VECTOR('',#10657,1.);
#10657 = DIRECTION('',(0.,1.,0.));
#10658 = PCURVE('',#9577,#10659);
#10659 = DEFINITIONAL_REPRESENTATION('',(#10660),#10664);
#10660 = LINE('',#10661,#10662);
#10661 = CARTESIAN_POINT('',(0.,0.));
#10662 = VECTOR('',#10663,1.);
#10663 = DIRECTION('',(0.,1.));
#10664 = ( GEOMETRIC_REPRESENTATION_CONTEXT(2) 
PARAMETRIC_REPRESENTATION_CONTEXT() REPRESENTATION_CONTEXT('2D SPACE',''
  ) );
#10665 = PCURVE('',#9549,#10666);
#10666 = DEFINITIONAL_REPRESENTATION('',(#10667),#10671);
#10667 = LINE('',#10668,#10669);
#10668 = CARTESIAN_POINT('',(0.,0.));
#10669 = VECTOR('',#10670,1.);
#10670 = DIRECTION('',(0.,-1.));
#10671 = ( GEOMETRIC_REPRESENTATION_CONTEXT(2) 
PARAMETRIC_REPRESENTATION_CONTEXT() REPRESENTATION_CONTEXT('2D SPACE',''
  ) );
#10672 = ORIENTED_EDGE('',*,*,#9561,.T.);
#10673 = ORIENTED_EDGE('',*,*,#10602,.T.);
#10674 = ORIENTED_EDGE('',*,*,#10675,.F.);
#10675 = EDGE_CURVE('',#10651,#10603,#10676,.T.);
#10676 = SURFACE_CURVE('',#10677,(#10681,#10688),.PCURVE_S1.);
#10677 = LINE('',#10678,#10679);
#10678 = CARTESIAN_POINT('',(7.5,-10.1,6.4));
#10679 = VECTOR('',#10680,1.);
#10680 = DIRECTION('',(1.,0.,0.));
#10681 = PCURVE('',#9577,#10682);
#10682 = DEFINITIONAL_REPRESENTATION('',(#10683),#10687);
#10683 = LINE('',#10684,#10685);
#10684 = CARTESIAN_POINT('',(0.,0.5));
#10685 = VECTOR('',#10686,1.);
#10686 = DIRECTION('',(1.,0.));
#10687 = ( GEOMETRIC_REPRESENTATION_CONTEXT(2) 
PARAMETRIC_REPRESENTATION_CONTEXT() REPRESENTATION_CONTEXT('2D SPACE',''
  ) );
#10688 = PCURVE('',#10586,#10689);
#10689 = DEFINITIONAL_REPRESENTATION('',(#10690),#10694);
#10690 = LINE('',#10691,#10692);
#10691 = CARTESIAN_POINT('',(0.,0.));
#10692 = VECTOR('',#10693,1.);
#10693 = DIRECTION('',(0.,1.));
#10694 = ( GEOMETRIC_REPRESENTATION_CONTEXT(2) 
PARAMETRIC_REPRESENTATION_CONTEXT() REPRESENTATION_CONTEXT('2D SPACE',''
  ) );
#10695 = ADVANCED_FACE('',(#10696),#9549,.T.);
#10696 = FACE_BOUND('',#10697,.T.);
#10697 = EDGE_LOOP('',(#10698,#10699,#10700,#10721));
#10698 = ORIENTED_EDGE('',*,*,#9533,.F.);
#10699 = ORIENTED_EDGE('',*,*,#10650,.T.);
#10700 = ORIENTED_EDGE('',*,*,#10701,.T.);
#10701 = EDGE_CURVE('',#10651,#10526,#10702,.T.);
#10702 = SURFACE_CURVE('',#10703,(#10707,#10714),.PCURVE_S1.);
#10703 = LINE('',#10704,#10705);
#10704 = CARTESIAN_POINT('',(7.5,-10.1,6.4));
#10705 = VECTOR('',#10706,1.);
#10706 = DIRECTION('',(0.,0.,1.));
#10707 = PCURVE('',#9549,#10708);
#10708 = DEFINITIONAL_REPRESENTATION('',(#10709),#10713);
#10709 = LINE('',#10710,#10711);
#10710 = CARTESIAN_POINT('',(0.,-0.5));
#10711 = VECTOR('',#10712,1.);
#10712 = DIRECTION('',(1.,0.));
#10713 = ( GEOMETRIC_REPRESENTATION_CONTEXT(2) 
PARAMETRIC_REPRESENTATION_CONTEXT() REPRESENTATION_CONTEXT('2D SPACE',''
  ) );
#10714 = PCURVE('',#10586,#10715);
#10715 = DEFINITIONAL_REPRESENTATION('',(#10716),#10720);
#10716 = LINE('',#10717,#10718);
#10717 = CARTESIAN_POINT('',(0.,0.));
#10718 = VECTOR('',#10719,1.);
#10719 = DIRECTION('',(1.,0.));
#10720 = ( GEOMETRIC_REPRESENTATION_CONTEXT(2) 
PARAMETRIC_REPRESENTATION_CONTEXT() REPRESENTATION_CONTEXT('2D SPACE',''
  ) );
#10721 = ORIENTED_EDGE('',*,*,#10525,.F.);
#10722 = ADVANCED_FACE('',(#10723),#9711,.F.);
#10723 = FACE_BOUND('',#10724,.F.);
#10724 = EDGE_LOOP('',(#10725,#10748,#10776,#10797));
#10725 = ORIENTED_EDGE('',*,*,#10726,.F.);
#10726 = EDGE_CURVE('',#10727,#9694,#10729,.T.);
#10727 = VERTEX_POINT('',#10728);
#10728 = CARTESIAN_POINT('',(7.5,10.1,7.2));
#10729 = SURFACE_CURVE('',#10730,(#10734,#10741),.PCURVE_S1.);
#10730 = LINE('',#10731,#10732);
#10731 = CARTESIAN_POINT('',(7.5,10.1,7.2));
#10732 = VECTOR('',#10733,1.);
#10733 = DIRECTION('',(0.,1.,0.));
#10734 = PCURVE('',#9711,#10735);
#10735 = DEFINITIONAL_REPRESENTATION('',(#10736),#10740);
#10736 = LINE('',#10737,#10738);
#10737 = CARTESIAN_POINT('',(0.,0.));
#10738 = VECTOR('',#10739,1.);
#10739 = DIRECTION('',(0.,1.));
#10740 = ( GEOMETRIC_REPRESENTATION_CONTEXT(2) 
PARAMETRIC_REPRESENTATION_CONTEXT() REPRESENTATION_CONTEXT('2D SPACE',''
  ) );
#10741 = PCURVE('',#9739,#10742);
#10742 = DEFINITIONAL_REPRESENTATION('',(#10743),#10747);
#10743 = LINE('',#10744,#10745);
#10744 = CARTESIAN_POINT('',(0.8,0.));
#10745 = VECTOR('',#10746,1.);
#10746 = DIRECTION('',(0.,-1.));
#10747 = ( GEOMETRIC_REPRESENTATION_CONTEXT(2) 
PARAMETRIC_REPRESENTATION_CONTEXT() REPRESENTATION_CONTEXT('2D SPACE',''
  ) );
#10748 = ORIENTED_EDGE('',*,*,#10749,.T.);
#10749 = EDGE_CURVE('',#10727,#10750,#10752,.T.);
#10750 = VERTEX_POINT('',#10751);
#10751 = CARTESIAN_POINT('',(61.5,10.1,7.2));
#10752 = SURFACE_CURVE('',#10753,(#10757,#10764),.PCURVE_S1.);
#10753 = LINE('',#10754,#10755);
#10754 = CARTESIAN_POINT('',(7.5,10.1,7.2));
#10755 = VECTOR('',#10756,1.);
#10756 = DIRECTION('',(1.,0.,0.));
#10757 = PCURVE('',#9711,#10758);
#10758 = DEFINITIONAL_REPRESENTATION('',(#10759),#10763);
#10759 = LINE('',#10760,#10761);
#10760 = CARTESIAN_POINT('',(0.,0.));
#10761 = VECTOR('',#10762,1.);
#10762 = DIRECTION('',(1.,0.));
#10763 = ( GEOMETRIC_REPRESENTATION_CONTEXT(2) 
PARAMETRIC_REPRESENTATION_CONTEXT() REPRESENTATION_CONTEXT('2D SPACE',''
  ) );
#10764 = PCURVE('',#10765,#10770);
#10765 = PLANE('',#10766);
#10766 = AXIS2_PLACEMENT_3D('',#10767,#10768,#10769);
#10767 = CARTESIAN_POINT('',(7.5,10.1,6.4));
#10768 = DIRECTION('',(0.,1.,0.));
#10769 = DIRECTION('',(0.,0.,1.));
#10770 = DEFINITIONAL_REPRESENTATION('',(#10771),#10775);
#10771 = LINE('',#10772,#10773);
#10772 = CARTESIAN_POINT('',(0.8,0.));
#10773 = VECTOR('',#10774,1.);
#10774 = DIRECTION('',(0.,1.));
#10775 = ( GEOMETRIC_REPRESENTATION_CONTEXT(2) 
PARAMETRIC_REPRESENTATION_CONTEXT() REPRESENTATION_CONTEXT('2D SPACE',''
  ) );
#10776 = ORIENTED_EDGE('',*,*,#10777,.T.);
#10777 = EDGE_CURVE('',#10750,#9696,#10778,.T.);
#10778 = SURFACE_CURVE('',#10779,(#10783,#10790),.PCURVE_S1.);
#10779 = LINE('',#10780,#10781);
#10780 = CARTESIAN_POINT('',(61.5,10.1,7.2));
#10781 = VECTOR('',#10782,1.);
#10782 = DIRECTION('',(0.,1.,0.));
#10783 = PCURVE('',#9711,#10784);
#10784 = DEFINITIONAL_REPRESENTATION('',(#10785),#10789);
#10785 = LINE('',#10786,#10787);
#10786 = CARTESIAN_POINT('',(54.,0.));
#10787 = VECTOR('',#10788,1.);
#10788 = DIRECTION('',(0.,1.));
#10789 = ( GEOMETRIC_REPRESENTATION_CONTEXT(2) 
PARAMETRIC_REPRESENTATION_CONTEXT() REPRESENTATION_CONTEXT('2D SPACE',''
  ) );
#10790 = PCURVE('',#9793,#10791);
#10791 = DEFINITIONAL_REPRESENTATION('',(#10792),#10796);
#10792 = LINE('',#10793,#10794);
#10793 = CARTESIAN_POINT('',(0.8,0.));
#10794 = VECTOR('',#10795,1.);
#10795 = DIRECTION('',(0.,-1.));
#10796 = ( GEOMETRIC_REPRESENTATION_CONTEXT(2) 
PARAMETRIC_REPRESENTATION_CONTEXT() REPRESENTATION_CONTEXT('2D SPACE',''
  ) );
#10797 = ORIENTED_EDGE('',*,*,#9693,.F.);
#10798 = ADVANCED_FACE('',(#10799),#9793,.F.);
#10799 = FACE_BOUND('',#10800,.F.);
#10800 = EDGE_LOOP('',(#10801,#10824,#10845,#10846));
#10801 = ORIENTED_EDGE('',*,*,#10802,.F.);
#10802 = EDGE_CURVE('',#10803,#10750,#10805,.T.);
#10803 = VERTEX_POINT('',#10804);
#10804 = CARTESIAN_POINT('',(61.5,10.1,6.4));
#10805 = SURFACE_CURVE('',#10806,(#10810,#10817),.PCURVE_S1.);
#10806 = LINE('',#10807,#10808);
#10807 = CARTESIAN_POINT('',(61.5,10.1,6.4));
#10808 = VECTOR('',#10809,1.);
#10809 = DIRECTION('',(0.,0.,1.));
#10810 = PCURVE('',#9793,#10811);
#10811 = DEFINITIONAL_REPRESENTATION('',(#10812),#10816);
#10812 = LINE('',#10813,#10814);
#10813 = CARTESIAN_POINT('',(0.,0.));
#10814 = VECTOR('',#10815,1.);
#10815 = DIRECTION('',(1.,0.));
#10816 = ( GEOMETRIC_REPRESENTATION_CONTEXT(2) 
PARAMETRIC_REPRESENTATION_CONTEXT() REPRESENTATION_CONTEXT('2D SPACE',''
  ) );
#10817 = PCURVE('',#10765,#10818);
#10818 = DEFINITIONAL_REPRESENTATION('',(#10819),#10823);
#10819 = LINE('',#10820,#10821);
#10820 = CARTESIAN_POINT('',(0.,54.));
#10821 = VECTOR('',#10822,1.);
#10822 = DIRECTION('',(1.,0.));
#10823 = ( GEOMETRIC_REPRESENTATION_CONTEXT(2) 
PARAMETRIC_REPRESENTATION_CONTEXT() REPRESENTATION_CONTEXT('2D SPACE',''
  ) );
#10824 = ORIENTED_EDGE('',*,*,#10825,.T.);
#10825 = EDGE_CURVE('',#10803,#9752,#10826,.T.);
#10826 = SURFACE_CURVE('',#10827,(#10831,#10838),.PCURVE_S1.);
#10827 = LINE('',#10828,#10829);
#10828 = CARTESIAN_POINT('',(61.5,10.1,6.4));
#10829 = VECTOR('',#10830,1.);
#10830 = DIRECTION('',(0.,1.,0.));
#10831 = PCURVE('',#9793,#10832);
#10832 = DEFINITIONAL_REPRESENTATION('',(#10833),#10837);
#10833 = LINE('',#10834,#10835);
#10834 = CARTESIAN_POINT('',(0.,0.));
#10835 = VECTOR('',#10836,1.);
#10836 = DIRECTION('',(0.,-1.));
#10837 = ( GEOMETRIC_REPRESENTATION_CONTEXT(2) 
PARAMETRIC_REPRESENTATION_CONTEXT() REPRESENTATION_CONTEXT('2D SPACE',''
  ) );
#10838 = PCURVE('',#9767,#10839);
#10839 = DEFINITIONAL_REPRESENTATION('',(#10840),#10844);
#10840 = LINE('',#10841,#10842);
#10841 = CARTESIAN_POINT('',(54.,0.));
#10842 = VECTOR('',#10843,1.);
#10843 = DIRECTION('',(0.,1.));
#10844 = ( GEOMETRIC_REPRESENTATION_CONTEXT(2) 
PARAMETRIC_REPRESENTATION_CONTEXT() REPRESENTATION_CONTEXT('2D SPACE',''
  ) );
#10845 = ORIENTED_EDGE('',*,*,#9779,.T.);
#10846 = ORIENTED_EDGE('',*,*,#10777,.F.);
#10847 = ADVANCED_FACE('',(#10848),#9767,.T.);
#10848 = FACE_BOUND('',#10849,.T.);
#10849 = EDGE_LOOP('',(#10850,#10873,#10894,#10895));
#10850 = ORIENTED_EDGE('',*,*,#10851,.F.);
#10851 = EDGE_CURVE('',#10852,#9724,#10854,.T.);
#10852 = VERTEX_POINT('',#10853);
#10853 = CARTESIAN_POINT('',(7.5,10.1,6.4));
#10854 = SURFACE_CURVE('',#10855,(#10859,#10866),.PCURVE_S1.);
#10855 = LINE('',#10856,#10857);
#10856 = CARTESIAN_POINT('',(7.5,10.1,6.4));
#10857 = VECTOR('',#10858,1.);
#10858 = DIRECTION('',(0.,1.,0.));
#10859 = PCURVE('',#9767,#10860);
#10860 = DEFINITIONAL_REPRESENTATION('',(#10861),#10865);
#10861 = LINE('',#10862,#10863);
#10862 = CARTESIAN_POINT('',(0.,0.));
#10863 = VECTOR('',#10864,1.);
#10864 = DIRECTION('',(0.,1.));
#10865 = ( GEOMETRIC_REPRESENTATION_CONTEXT(2) 
PARAMETRIC_REPRESENTATION_CONTEXT() REPRESENTATION_CONTEXT('2D SPACE',''
  ) );
#10866 = PCURVE('',#9739,#10867);
#10867 = DEFINITIONAL_REPRESENTATION('',(#10868),#10872);
#10868 = LINE('',#10869,#10870);
#10869 = CARTESIAN_POINT('',(0.,0.));
#10870 = VECTOR('',#10871,1.);
#10871 = DIRECTION('',(0.,-1.));
#10872 = ( GEOMETRIC_REPRESENTATION_CONTEXT(2) 
PARAMETRIC_REPRESENTATION_CONTEXT() REPRESENTATION_CONTEXT('2D SPACE',''
  ) );
#10873 = ORIENTED_EDGE('',*,*,#10874,.T.);
#10874 = EDGE_CURVE('',#10852,#10803,#10875,.T.);
#10875 = SURFACE_CURVE('',#10876,(#10880,#10887),.PCURVE_S1.);
#10876 = LINE('',#10877,#10878);
#10877 = CARTESIAN_POINT('',(7.5,10.1,6.4));
#10878 = VECTOR('',#10879,1.);
#10879 = DIRECTION('',(1.,0.,0.));
#10880 = PCURVE('',#9767,#10881);
#10881 = DEFINITIONAL_REPRESENTATION('',(#10882),#10886);
#10882 = LINE('',#10883,#10884);
#10883 = CARTESIAN_POINT('',(0.,0.));
#10884 = VECTOR('',#10885,1.);
#10885 = DIRECTION('',(1.,0.));
#10886 = ( GEOMETRIC_REPRESENTATION_CONTEXT(2) 
PARAMETRIC_REPRESENTATION_CONTEXT() REPRESENTATION_CONTEXT('2D SPACE',''
  ) );
#10887 = PCURVE('',#10765,#10888);
#10888 = DEFINITIONAL_REPRESENTATION('',(#10889),#10893);
#10889 = LINE('',#10890,#10891);
#10890 = CARTESIAN_POINT('',(0.,0.));
#10891 = VECTOR('',#10892,1.);
#10892 = DIRECTION('',(0.,1.));
#10893 = ( GEOMETRIC_REPRESENTATION_CONTEXT(2) 
PARAMETRIC_REPRESENTATION_CONTEXT() REPRESENTATION_CONTEXT('2D SPACE',''
  ) );
#10894 = ORIENTED_EDGE('',*,*,#10825,.T.);
#10895 = ORIENTED_EDGE('',*,*,#9751,.F.);
#10896 = ADVANCED_FACE('',(#10897),#9739,.T.);
#10897 = FACE_BOUND('',#10898,.T.);
#10898 = EDGE_LOOP('',(#10899,#10920,#10921,#10922));
#10899 = ORIENTED_EDGE('',*,*,#10900,.F.);
#10900 = EDGE_CURVE('',#10852,#10727,#10901,.T.);
#10901 = SURFACE_CURVE('',#10902,(#10906,#10913),.PCURVE_S1.);
#10902 = LINE('',#10903,#10904);
#10903 = CARTESIAN_POINT('',(7.5,10.1,6.4));
#10904 = VECTOR('',#10905,1.);
#10905 = DIRECTION('',(0.,0.,1.));
#10906 = PCURVE('',#9739,#10907);
#10907 = DEFINITIONAL_REPRESENTATION('',(#10908),#10912);
#10908 = LINE('',#10909,#10910);
#10909 = CARTESIAN_POINT('',(0.,0.));
#10910 = VECTOR('',#10911,1.);
#10911 = DIRECTION('',(1.,0.));
#10912 = ( GEOMETRIC_REPRESENTATION_CONTEXT(2) 
PARAMETRIC_REPRESENTATION_CONTEXT() REPRESENTATION_CONTEXT('2D SPACE',''
  ) );
#10913 = PCURVE('',#10765,#10914);
#10914 = DEFINITIONAL_REPRESENTATION('',(#10915),#10919);
#10915 = LINE('',#10916,#10917);
#10916 = CARTESIAN_POINT('',(0.,0.));
#10917 = VECTOR('',#10918,1.);
#10918 = DIRECTION('',(1.,0.));
#10919 = ( GEOMETRIC_REPRESENTATION_CONTEXT(2) 
PARAMETRIC_REPRESENTATION_CONTEXT() REPRESENTATION_CONTEXT('2D SPACE',''
  ) );
#10920 = ORIENTED_EDGE('',*,*,#10851,.T.);
#10921 = ORIENTED_EDGE('',*,*,#9723,.T.);
#10922 = ORIENTED_EDGE('',*,*,#10726,.F.);
#10923 = ADVANCED_FACE('',(#10924),#9886,.F.);
#10924 = FACE_BOUND('',#10925,.F.);
#10925 = EDGE_LOOP('',(#10926,#10927,#10950,#11005));
#10926 = ORIENTED_EDGE('',*,*,#9868,.F.);
#10927 = ORIENTED_EDGE('',*,*,#10928,.T.);
#10928 = EDGE_CURVE('',#9869,#10929,#10931,.T.);
#10929 = VERTEX_POINT('',#10930);
#10930 = CARTESIAN_POINT('',(44.7421875,-0.42626953125,9.2));
#10931 = SURFACE_CURVE('',#10932,(#10936,#10943),.PCURVE_S1.);
#10932 = LINE('',#10933,#10934);
#10933 = CARTESIAN_POINT('',(44.7421875,-0.42626953125,8.7));
#10934 = VECTOR('',#10935,1.);
#10935 = DIRECTION('',(0.,0.,1.));
#10936 = PCURVE('',#9886,#10937);
#10937 = DEFINITIONAL_REPRESENTATION('',(#10938),#10942);
#10938 = LINE('',#10939,#10940);
#10939 = CARTESIAN_POINT('',(0.,0.));
#10940 = VECTOR('',#10941,1.);
#10941 = DIRECTION('',(0.,-1.));
#10942 = ( GEOMETRIC_REPRESENTATION_CONTEXT(2) 
PARAMETRIC_REPRESENTATION_CONTEXT() REPRESENTATION_CONTEXT('2D SPACE',''
  ) );
#10943 = PCURVE('',#10094,#10944);
#10944 = DEFINITIONAL_REPRESENTATION('',(#10945),#10949);
#10945 = LINE('',#10946,#10947);
#10946 = CARTESIAN_POINT('',(1.,0.));
#10947 = VECTOR('',#10948,1.);
#10948 = DIRECTION('',(0.,-1.));
#10949 = ( GEOMETRIC_REPRESENTATION_CONTEXT(2) 
PARAMETRIC_REPRESENTATION_CONTEXT() REPRESENTATION_CONTEXT('2D SPACE',''
  ) );
#10950 = ORIENTED_EDGE('',*,*,#10951,.F.);
#10951 = EDGE_CURVE('',#10952,#10929,#10954,.T.);
#10952 = VERTEX_POINT('',#10953);
#10953 = CARTESIAN_POINT('',(45.0029296875,-1.3212890625,9.2));
#10954 = SURFACE_CURVE('',#10955,(#10968,#10984),.PCURVE_S1.);
#10955 = B_SPLINE_CURVE_WITH_KNOTS('',6,(#10956,#10957,#10958,#10959,
    #10960,#10961,#10962,#10963,#10964,#10965,#10966,#10967),
  .UNSPECIFIED.,.F.,.F.,(7,5,7),(0.,0.475882759149,1.),.UNSPECIFIED.);
#10956 = CARTESIAN_POINT('',(45.0029296875,-1.3212890625,9.2));
#10957 = CARTESIAN_POINT('',(44.958040015029,-1.270094660749,9.2));
#10958 = CARTESIAN_POINT('',(44.918025791419,-1.213831956618,9.2));
#10959 = CARTESIAN_POINT('',(44.883037235555,-1.152883883999,9.2));
#10960 = CARTESIAN_POINT('',(44.852994799706,-1.087753066301,9.2));
#10961 = CARTESIAN_POINT('',(44.827690978321,-1.018974419166,9.2));
#10962 = CARTESIAN_POINT('',(44.783902098704,-0.867859214937,9.2));
#10963 = CARTESIAN_POINT('',(44.766366289602,-0.784848398429,9.2));
#10964 = CARTESIAN_POINT('',(44.75386681881,-0.698663631331,9.2));
#10965 = CARTESIAN_POINT('',(44.74595136731,-0.609882986136,9.2));
#10966 = CARTESIAN_POINT('',(44.7421875,-0.518972028259,9.2));
#10967 = CARTESIAN_POINT('',(44.7421875,-0.42626953125,9.2));
#10968 = PCURVE('',#9886,#10969);
#10969 = DEFINITIONAL_REPRESENTATION('',(#10970),#10983);
#10970 = B_SPLINE_CURVE_WITH_KNOTS('',6,(#10971,#10972,#10973,#10974,
    #10975,#10976,#10977,#10978,#10979,#10980,#10981,#10982),
  .UNSPECIFIED.,.F.,.F.,(7,5,7),(0.,0.475882759149,1.),.UNSPECIFIED.);
#10971 = CARTESIAN_POINT('',(1.,-0.5));
#10972 = CARTESIAN_POINT('',(0.913919429569,-0.5));
#10973 = CARTESIAN_POINT('',(0.828296213058,-0.5));
#10974 = CARTESIAN_POINT('',(0.743595449585,-0.5));
#10975 = CARTESIAN_POINT('',(0.660160990192,-0.5));
#10976 = CARTESIAN_POINT('',(0.578240414093,-0.5));
#10977 = CARTESIAN_POINT('',(0.409626585265,-0.5));
#10978 = CARTESIAN_POINT('',(0.323283849194,-0.5));
#10979 = CARTESIAN_POINT('',(0.239138301454,-0.5));
#10980 = CARTESIAN_POINT('',(0.157237748194,-0.5));
#10981 = CARTESIAN_POINT('',(7.755503017705E-02,-0.5));
#10982 = CARTESIAN_POINT('',(0.,-0.5));
#10983 = ( GEOMETRIC_REPRESENTATION_CONTEXT(2) 
PARAMETRIC_REPRESENTATION_CONTEXT() REPRESENTATION_CONTEXT('2D SPACE',''
  ) );
#10984 = PCURVE('',#10985,#10990);
#10985 = PLANE('',#10986);
#10986 = AXIS2_PLACEMENT_3D('',#10987,#10988,#10989);
#10987 = CARTESIAN_POINT('',(-1.6,-12.4,9.2));
#10988 = DIRECTION('',(0.,0.,1.));
#10989 = DIRECTION('',(1.,0.,0.));
#10990 = DEFINITIONAL_REPRESENTATION('',(#10991),#11004);
#10991 = B_SPLINE_CURVE_WITH_KNOTS('',6,(#10992,#10993,#10994,#10995,
    #10996,#10997,#10998,#10999,#11000,#11001,#11002,#11003),
  .UNSPECIFIED.,.F.,.F.,(7,5,7),(0.,0.475882759149,1.),.UNSPECIFIED.);
#10992 = CARTESIAN_POINT('',(46.6029296875,11.0787109375));
#10993 = CARTESIAN_POINT('',(46.558040015029,11.129905339251));
#10994 = CARTESIAN_POINT('',(46.518025791419,11.186168043382));
#10995 = CARTESIAN_POINT('',(46.483037235555,11.247116116001));
#10996 = CARTESIAN_POINT('',(46.452994799706,11.312246933699));
#10997 = CARTESIAN_POINT('',(46.427690978321,11.381025580834));
#10998 = CARTESIAN_POINT('',(46.383902098704,11.532140785063));
#10999 = CARTESIAN_POINT('',(46.366366289602,11.615151601571));
#11000 = CARTESIAN_POINT('',(46.35386681881,11.701336368669));
#11001 = CARTESIAN_POINT('',(46.34595136731,11.790117013864));
#11002 = CARTESIAN_POINT('',(46.3421875,11.881027971741));
#11003 = CARTESIAN_POINT('',(46.3421875,11.97373046875));
#11004 = ( GEOMETRIC_REPRESENTATION_CONTEXT(2) 
PARAMETRIC_REPRESENTATION_CONTEXT() REPRESENTATION_CONTEXT('2D SPACE',''
  ) );
#11005 = ORIENTED_EDGE('',*,*,#11006,.F.);
#11006 = EDGE_CURVE('',#9871,#10952,#11007,.T.);
#11007 = SURFACE_CURVE('',#11008,(#11012,#11019),.PCURVE_S1.);
#11008 = LINE('',#11009,#11010);
#11009 = CARTESIAN_POINT('',(45.0029296875,-1.3212890625,8.7));
#11010 = VECTOR('',#11011,1.);
#11011 = DIRECTION('',(0.,0.,1.));
#11012 = PCURVE('',#9886,#11013);
#11013 = DEFINITIONAL_REPRESENTATION('',(#11014),#11018);
#11014 = LINE('',#11015,#11016);
#11015 = CARTESIAN_POINT('',(1.,0.));
#11016 = VECTOR('',#11017,1.);
#11017 = DIRECTION('',(0.,-1.));
#11018 = ( GEOMETRIC_REPRESENTATION_CONTEXT(2) 
PARAMETRIC_REPRESENTATION_CONTEXT() REPRESENTATION_CONTEXT('2D SPACE',''
  ) );
#11019 = PCURVE('',#9916,#11020);
#11020 = DEFINITIONAL_REPRESENTATION('',(#11021),#11025);
#11021 = LINE('',#11022,#11023);
#11022 = CARTESIAN_POINT('',(0.,0.));
#11023 = VECTOR('',#11024,1.);
#11024 = DIRECTION('',(0.,-1.));
#11025 = ( GEOMETRIC_REPRESENTATION_CONTEXT(2) 
PARAMETRIC_REPRESENTATION_CONTEXT() REPRESENTATION_CONTEXT('2D SPACE',''
  ) );
#11026 = ADVANCED_FACE('',(#11027),#9916,.F.);
#11027 = FACE_BOUND('',#11028,.F.);
#11028 = EDGE_LOOP('',(#11029,#11030,#11031,#11075));
#11029 = ORIENTED_EDGE('',*,*,#9900,.F.);
#11030 = ORIENTED_EDGE('',*,*,#11006,.T.);
#11031 = ORIENTED_EDGE('',*,*,#11032,.F.);
#11032 = EDGE_CURVE('',#11033,#10952,#11035,.T.);
#11033 = VERTEX_POINT('',#11034);
#11034 = CARTESIAN_POINT('',(45.6591796875,-1.61865234375,9.2));
#11035 = SURFACE_CURVE('',#11036,(#11047,#11061),.PCURVE_S1.);
#11036 = B_SPLINE_CURVE_WITH_KNOTS('',5,(#11037,#11038,#11039,#11040,
    #11041,#11042,#11043,#11044,#11045,#11046),.UNSPECIFIED.,.F.,.F.,(6,
    4,6),(0.,0.500002405433,1.),.UNSPECIFIED.);
#11037 = CARTESIAN_POINT('',(45.6591796875,-1.61865234375,9.2));
#11038 = CARTESIAN_POINT('',(45.581834109747,-1.61865234375,9.2));
#11039 = CARTESIAN_POINT('',(45.506455945801,-1.611544608942,9.2));
#11040 = CARTESIAN_POINT('',(45.433586322453,-1.596868615235,9.2));
#11041 = CARTESIAN_POINT('',(45.363746405019,-1.574391376395,9.2));
#11042 = CARTESIAN_POINT('',(45.230980796199,-1.514231959899,9.2));
#11043 = CARTESIAN_POINT('',(45.168035996968,-1.476541300741,9.2));
#11044 = CARTESIAN_POINT('',(45.108959876714,-1.431429545947,9.2));
#11045 = CARTESIAN_POINT('',(45.053920927883,-1.379441993948,9.2));
#11046 = CARTESIAN_POINT('',(45.0029296875,-1.3212890625,9.2));
#11047 = PCURVE('',#9916,#11048);
#11048 = DEFINITIONAL_REPRESENTATION('',(#11049),#11060);
#11049 = B_SPLINE_CURVE_WITH_KNOTS('',5,(#11050,#11051,#11052,#11053,
    #11054,#11055,#11056,#11057,#11058,#11059),.UNSPECIFIED.,.F.,.F.,(6,
    4,6),(0.,0.500002405433,1.),.UNSPECIFIED.);
#11050 = CARTESIAN_POINT('',(1.,-0.5));
#11051 = CARTESIAN_POINT('',(0.902219911582,-0.5));
#11052 = CARTESIAN_POINT('',(0.802854739918,-0.5));
#11053 = CARTESIAN_POINT('',(0.702324724959,-0.5));
#11054 = CARTESIAN_POINT('',(0.601155236219,-0.5));
#11055 = CARTESIAN_POINT('',(0.398845737065,-0.5));
#11056 = CARTESIAN_POINT('',(0.297676711196,-0.5));
#11057 = CARTESIAN_POINT('',(0.197146640861,-0.5));
#11058 = CARTESIAN_POINT('',(9.778095534092E-02,-0.5));
#11059 = CARTESIAN_POINT('',(0.,-0.5));
#11060 = ( GEOMETRIC_REPRESENTATION_CONTEXT(2) 
PARAMETRIC_REPRESENTATION_CONTEXT() REPRESENTATION_CONTEXT('2D SPACE',''
  ) );
#11061 = PCURVE('',#10985,#11062);
#11062 = DEFINITIONAL_REPRESENTATION('',(#11063),#11074);
#11063 = B_SPLINE_CURVE_WITH_KNOTS('',5,(#11064,#11065,#11066,#11067,
    #11068,#11069,#11070,#11071,#11072,#11073),.UNSPECIFIED.,.F.,.F.,(6,
    4,6),(0.,0.500002405433,1.),.UNSPECIFIED.);
#11064 = CARTESIAN_POINT('',(47.2591796875,10.78134765625));
#11065 = CARTESIAN_POINT('',(47.181834109747,10.78134765625));
#11066 = CARTESIAN_POINT('',(47.106455945801,10.788455391058));
#11067 = CARTESIAN_POINT('',(47.033586322453,10.803131384765));
#11068 = CARTESIAN_POINT('',(46.963746405019,10.825608623605));
#11069 = CARTESIAN_POINT('',(46.830980796199,10.885768040101));
#11070 = CARTESIAN_POINT('',(46.768035996968,10.923458699259));
#11071 = CARTESIAN_POINT('',(46.708959876714,10.968570454053));
#11072 = CARTESIAN_POINT('',(46.653920927883,11.020558006052));
#11073 = CARTESIAN_POINT('',(46.6029296875,11.0787109375));
#11074 = ( GEOMETRIC_REPRESENTATION_CONTEXT(2) 
PARAMETRIC_REPRESENTATION_CONTEXT() REPRESENTATION_CONTEXT('2D SPACE',''
  ) );
#11075 = ORIENTED_EDGE('',*,*,#11076,.F.);
#11076 = EDGE_CURVE('',#9901,#11033,#11077,.T.);
#11077 = SURFACE_CURVE('',#11078,(#11082,#11089),.PCURVE_S1.);
#11078 = LINE('',#11079,#11080);
#11079 = CARTESIAN_POINT('',(45.6591796875,-1.61865234375,8.7));
#11080 = VECTOR('',#11081,1.);
#11081 = DIRECTION('',(0.,0.,1.));
#11082 = PCURVE('',#9916,#11083);
#11083 = DEFINITIONAL_REPRESENTATION('',(#11084),#11088);
#11084 = LINE('',#11085,#11086);
#11085 = CARTESIAN_POINT('',(1.,0.));
#11086 = VECTOR('',#11087,1.);
#11087 = DIRECTION('',(0.,-1.));
#11088 = ( GEOMETRIC_REPRESENTATION_CONTEXT(2) 
PARAMETRIC_REPRESENTATION_CONTEXT() REPRESENTATION_CONTEXT('2D SPACE',''
  ) );
#11089 = PCURVE('',#9946,#11090);
#11090 = DEFINITIONAL_REPRESENTATION('',(#11091),#11095);
#11091 = LINE('',#11092,#11093);
#11092 = CARTESIAN_POINT('',(0.,0.));
#11093 = VECTOR('',#11094,1.);
#11094 = DIRECTION('',(0.,-1.));
#11095 = ( GEOMETRIC_REPRESENTATION_CONTEXT(2) 
PARAMETRIC_REPRESENTATION_CONTEXT() REPRESENTATION_CONTEXT('2D SPACE',''
  ) );
#11096 = ADVANCED_FACE('',(#11097),#9946,.F.);
#11097 = FACE_BOUND('',#11098,.F.);
#11098 = EDGE_LOOP('',(#11099,#11100,#11101,#11145));
#11099 = ORIENTED_EDGE('',*,*,#9930,.F.);
#11100 = ORIENTED_EDGE('',*,*,#11076,.T.);
#11101 = ORIENTED_EDGE('',*,*,#11102,.F.);
#11102 = EDGE_CURVE('',#11103,#11033,#11105,.T.);
#11103 = VERTEX_POINT('',#11104);
#11104 = CARTESIAN_POINT('',(46.3125,-1.31982421875,9.2));
#11105 = SURFACE_CURVE('',#11106,(#11117,#11131),.PCURVE_S1.);
#11106 = B_SPLINE_CURVE_WITH_KNOTS('',5,(#11107,#11108,#11109,#11110,
    #11111,#11112,#11113,#11114,#11115,#11116),.UNSPECIFIED.,.F.,.F.,(6,
    4,6),(0.,0.514345599507,1.),.UNSPECIFIED.);
#11107 = CARTESIAN_POINT('',(46.3125,-1.31982421875,9.2));
#11108 = CARTESIAN_POINT('',(46.260151465615,-1.37981916827,9.2));
#11109 = CARTESIAN_POINT('',(46.203585268295,-1.433313218956,9.2));
#11110 = CARTESIAN_POINT('',(46.142807758722,-1.479523565494,9.2));
#11111 = CARTESIAN_POINT('',(46.077997413189,-1.517843967303,9.2));
#11112 = CARTESIAN_POINT('',(45.945069457067,-1.576610618876,9.2));
#11113 = CARTESIAN_POINT('',(45.87731993302,-1.597942704724,9.2));
#11114 = CARTESIAN_POINT('',(45.806769484248,-1.611887926094,9.2));
#11115 = CARTESIAN_POINT('',(45.733891554271,-1.61865234375,9.2));
#11116 = CARTESIAN_POINT('',(45.6591796875,-1.61865234375,9.2));
#11117 = PCURVE('',#9946,#11118);
#11118 = DEFINITIONAL_REPRESENTATION('',(#11119),#11130);
#11119 = B_SPLINE_CURVE_WITH_KNOTS('',5,(#11120,#11121,#11122,#11123,
    #11124,#11125,#11126,#11127,#11128,#11129),.UNSPECIFIED.,.F.,.F.,(6,
    4,6),(0.,0.514345599507,1.),.UNSPECIFIED.);
#11120 = CARTESIAN_POINT('',(1.,-0.5));
#11121 = CARTESIAN_POINT('',(0.899616293614,-0.5));
#11122 = CARTESIAN_POINT('',(0.797513669073,-0.5));
#11123 = CARTESIAN_POINT('',(0.694140070299,-0.5));
#11124 = CARTESIAN_POINT('',(0.590063454778,-0.5));
#11125 = CARTESIAN_POINT('',(0.38774140735,-0.5));
#11126 = CARTESIAN_POINT('',(0.289467034074,-0.5));
#11127 = CARTESIAN_POINT('',(0.191775966447,-0.5));
#11128 = CARTESIAN_POINT('',(9.515541240452E-02,-0.5));
#11129 = CARTESIAN_POINT('',(0.,-0.5));
#11130 = ( GEOMETRIC_REPRESENTATION_CONTEXT(2) 
PARAMETRIC_REPRESENTATION_CONTEXT() REPRESENTATION_CONTEXT('2D SPACE',''
  ) );
#11131 = PCURVE('',#10985,#11132);
#11132 = DEFINITIONAL_REPRESENTATION('',(#11133),#11144);
#11133 = B_SPLINE_CURVE_WITH_KNOTS('',5,(#11134,#11135,#11136,#11137,
    #11138,#11139,#11140,#11141,#11142,#11143),.UNSPECIFIED.,.F.,.F.,(6,
    4,6),(0.,0.514345599507,1.),.UNSPECIFIED.);
#11134 = CARTESIAN_POINT('',(47.9125,11.08017578125));
#11135 = CARTESIAN_POINT('',(47.860151465615,11.02018083173));
#11136 = CARTESIAN_POINT('',(47.803585268295,10.966686781044));
#11137 = CARTESIAN_POINT('',(47.742807758722,10.920476434506));
#11138 = CARTESIAN_POINT('',(47.677997413189,10.882156032697));
#11139 = CARTESIAN_POINT('',(47.545069457067,10.823389381124));
#11140 = CARTESIAN_POINT('',(47.47731993302,10.802057295276));
#11141 = CARTESIAN_POINT('',(47.406769484248,10.788112073906));
#11142 = CARTESIAN_POINT('',(47.333891554271,10.78134765625));
#11143 = CARTESIAN_POINT('',(47.2591796875,10.78134765625));
#11144 = ( GEOMETRIC_REPRESENTATION_CONTEXT(2) 
PARAMETRIC_REPRESENTATION_CONTEXT() REPRESENTATION_CONTEXT('2D SPACE',''
  ) );
#11145 = ORIENTED_EDGE('',*,*,#11146,.F.);
#11146 = EDGE_CURVE('',#9931,#11103,#11147,.T.);
#11147 = SURFACE_CURVE('',#11148,(#11152,#11159),.PCURVE_S1.);
#11148 = LINE('',#11149,#11150);
#11149 = CARTESIAN_POINT('',(46.3125,-1.31982421875,8.7));
#11150 = VECTOR('',#11151,1.);
#11151 = DIRECTION('',(0.,0.,1.));
#11152 = PCURVE('',#9946,#11153);
#11153 = DEFINITIONAL_REPRESENTATION('',(#11154),#11158);
#11154 = LINE('',#11155,#11156);
#11155 = CARTESIAN_POINT('',(1.,0.));
#11156 = VECTOR('',#11157,1.);
#11157 = DIRECTION('',(0.,-1.));
#11158 = ( GEOMETRIC_REPRESENTATION_CONTEXT(2) 
PARAMETRIC_REPRESENTATION_CONTEXT() REPRESENTATION_CONTEXT('2D SPACE',''
  ) );
#11159 = PCURVE('',#9976,#11160);
#11160 = DEFINITIONAL_REPRESENTATION('',(#11161),#11165);
#11161 = LINE('',#11162,#11163);
#11162 = CARTESIAN_POINT('',(0.,0.));
#11163 = VECTOR('',#11164,1.);
#11164 = DIRECTION('',(0.,-1.));
#11165 = ( GEOMETRIC_REPRESENTATION_CONTEXT(2) 
PARAMETRIC_REPRESENTATION_CONTEXT() REPRESENTATION_CONTEXT('2D SPACE',''
  ) );
#11166 = ADVANCED_FACE('',(#11167),#9976,.F.);
#11167 = FACE_BOUND('',#11168,.F.);
#11168 = EDGE_LOOP('',(#11169,#11170,#11171,#11221));
#11169 = ORIENTED_EDGE('',*,*,#9960,.F.);
#11170 = ORIENTED_EDGE('',*,*,#11146,.T.);
#11171 = ORIENTED_EDGE('',*,*,#11172,.F.);
#11172 = EDGE_CURVE('',#11173,#11103,#11175,.T.);
#11173 = VERTEX_POINT('',#11174);
#11174 = CARTESIAN_POINT('',(46.5732421875,-0.40869140625,9.2));
#11175 = SURFACE_CURVE('',#11176,(#11189,#11205),.PCURVE_S1.);
#11176 = B_SPLINE_CURVE_WITH_KNOTS('',6,(#11177,#11178,#11179,#11180,
    #11181,#11182,#11183,#11184,#11185,#11186,#11187,#11188),
  .UNSPECIFIED.,.F.,.F.,(7,5,7),(0.,0.52783418952,1.),.UNSPECIFIED.);
#11177 = CARTESIAN_POINT('',(46.5732421875,-0.40869140625,9.2));
#11178 = CARTESIAN_POINT('',(46.5732421875,-0.503726857513,9.2));
#11179 = CARTESIAN_POINT('',(46.569473506893,-0.596940671135,9.2));
#11180 = CARTESIAN_POINT('',(46.561532697014,-0.68798551236,9.2));
#11181 = CARTESIAN_POINT('',(46.548963212262,-0.776372026843,9.2));
#11182 = CARTESIAN_POINT('',(46.531278169935,-0.861482058571,9.2));
#11183 = CARTESIAN_POINT('',(46.487284185137,-1.015213848146,9.2));
#11184 = CARTESIAN_POINT('',(46.462080435189,-1.084631818576,9.2));
#11185 = CARTESIAN_POINT('',(46.43215500781,-1.150347796844,9.2));
#11186 = CARTESIAN_POINT('',(46.397278337013,-1.211794089772,9.2));
#11187 = CARTESIAN_POINT('',(46.357347233433,-1.268426265827,9.2));
#11188 = CARTESIAN_POINT('',(46.3125,-1.31982421875,9.2));
#11189 = PCURVE('',#9976,#11190);
#11190 = DEFINITIONAL_REPRESENTATION('',(#11191),#11204);
#11191 = B_SPLINE_CURVE_WITH_KNOTS('',6,(#11192,#11193,#11194,#11195,
    #11196,#11197,#11198,#11199,#11200,#11201,#11202,#11203),
  .UNSPECIFIED.,.F.,.F.,(7,5,7),(0.,0.52783418952,1.),.UNSPECIFIED.);
#11192 = CARTESIAN_POINT('',(1.,-0.5));
#11193 = CARTESIAN_POINT('',(0.922395293386,-0.5));
#11194 = CARTESIAN_POINT('',(0.842578250261,-0.5));
#11195 = CARTESIAN_POINT('',(0.760436418222,-0.5));
#11196 = CARTESIAN_POINT('',(0.67592118885,-0.5));
#11197 = CARTESIAN_POINT('',(0.589059348363,-0.5));
#11198 = CARTESIAN_POINT('',(0.420333354232,-0.5));
#11199 = CARTESIAN_POINT('',(0.338904034774,-0.5));
#11200 = CARTESIAN_POINT('',(0.255862257249,-0.5));
#11201 = CARTESIAN_POINT('',(0.171446218522,-0.5));
#11202 = CARTESIAN_POINT('',(8.599918920469E-02,-0.5));
#11203 = CARTESIAN_POINT('',(0.,-0.5));
#11204 = ( GEOMETRIC_REPRESENTATION_CONTEXT(2) 
PARAMETRIC_REPRESENTATION_CONTEXT() REPRESENTATION_CONTEXT('2D SPACE',''
  ) );
#11205 = PCURVE('',#10985,#11206);
#11206 = DEFINITIONAL_REPRESENTATION('',(#11207),#11220);
#11207 = B_SPLINE_CURVE_WITH_KNOTS('',6,(#11208,#11209,#11210,#11211,
    #11212,#11213,#11214,#11215,#11216,#11217,#11218,#11219),
  .UNSPECIFIED.,.F.,.F.,(7,5,7),(0.,0.52783418952,1.),.UNSPECIFIED.);
#11208 = CARTESIAN_POINT('',(48.1732421875,11.99130859375));
#11209 = CARTESIAN_POINT('',(48.1732421875,11.896273142487));
#11210 = CARTESIAN_POINT('',(48.169473506893,11.803059328865));
#11211 = CARTESIAN_POINT('',(48.161532697014,11.71201448764));
#11212 = CARTESIAN_POINT('',(48.148963212262,11.623627973157));
#11213 = CARTESIAN_POINT('',(48.131278169935,11.538517941429));
#11214 = CARTESIAN_POINT('',(48.087284185137,11.384786151854));
#11215 = CARTESIAN_POINT('',(48.062080435189,11.315368181424));
#11216 = CARTESIAN_POINT('',(48.03215500781,11.249652203156));
#11217 = CARTESIAN_POINT('',(47.997278337013,11.188205910228));
#11218 = CARTESIAN_POINT('',(47.957347233433,11.131573734173));
#11219 = CARTESIAN_POINT('',(47.9125,11.08017578125));
#11220 = ( GEOMETRIC_REPRESENTATION_CONTEXT(2) 
PARAMETRIC_REPRESENTATION_CONTEXT() REPRESENTATION_CONTEXT('2D SPACE',''
  ) );
#11221 = ORIENTED_EDGE('',*,*,#11222,.F.);
#11222 = EDGE_CURVE('',#9961,#11173,#11223,.T.);
#11223 = SURFACE_CURVE('',#11224,(#11228,#11235),.PCURVE_S1.);
#11224 = LINE('',#11225,#11226);
#11225 = CARTESIAN_POINT('',(46.5732421875,-0.40869140625,8.7));
#11226 = VECTOR('',#11227,1.);
#11227 = DIRECTION('',(0.,0.,1.));
#11228 = PCURVE('',#9976,#11229);
#11229 = DEFINITIONAL_REPRESENTATION('',(#11230),#11234);
#11230 = LINE('',#11231,#11232);
#11231 = CARTESIAN_POINT('',(1.,0.));
#11232 = VECTOR('',#11233,1.);
#11233 = DIRECTION('',(0.,-1.));
#11234 = ( GEOMETRIC_REPRESENTATION_CONTEXT(2) 
PARAMETRIC_REPRESENTATION_CONTEXT() REPRESENTATION_CONTEXT('2D SPACE',''
  ) );
#11235 = PCURVE('',#10006,#11236);
#11236 = DEFINITIONAL_REPRESENTATION('',(#11237),#11241);
#11237 = LINE('',#11238,#11239);
#11238 = CARTESIAN_POINT('',(0.,0.));
#11239 = VECTOR('',#11240,1.);
#11240 = DIRECTION('',(0.,-1.));
#11241 = ( GEOMETRIC_REPRESENTATION_CONTEXT(2) 
PARAMETRIC_REPRESENTATION_CONTEXT() REPRESENTATION_CONTEXT('2D SPACE',''
  ) );
#11242 = ADVANCED_FACE('',(#11243),#10006,.F.);
#11243 = FACE_BOUND('',#11244,.F.);
#11244 = EDGE_LOOP('',(#11245,#11246,#11247,#11297));
#11245 = ORIENTED_EDGE('',*,*,#9990,.F.);
#11246 = ORIENTED_EDGE('',*,*,#11222,.T.);
#11247 = ORIENTED_EDGE('',*,*,#11248,.F.);
#11248 = EDGE_CURVE('',#11249,#11173,#11251,.T.);
#11249 = VERTEX_POINT('',#11250);
#11250 = CARTESIAN_POINT('',(46.31103515625,0.4658203125,9.2));
#11251 = SURFACE_CURVE('',#11252,(#11265,#11281),.PCURVE_S1.);
#11252 = B_SPLINE_CURVE_WITH_KNOTS('',6,(#11253,#11254,#11255,#11256,
    #11257,#11258,#11259,#11260,#11261,#11262,#11263,#11264),
  .UNSPECIFIED.,.F.,.F.,(7,5,7),(0.,0.478651126342,1.),.UNSPECIFIED.);
#11253 = CARTESIAN_POINT('',(46.31103515625,0.4658203125,9.2));
#11254 = CARTESIAN_POINT('',(46.355947038859,0.41488672496,9.2));
#11255 = CARTESIAN_POINT('',(46.39608451422,0.359207523119,9.2));
#11256 = CARTESIAN_POINT('',(46.431282917307,0.299106958851,9.2));
#11257 = CARTESIAN_POINT('',(46.461578804675,0.235014354517,9.2));
#11258 = CARTESIAN_POINT('',(46.487143025882,0.167408258312,9.2));
#11259 = CARTESIAN_POINT('',(46.531164167545,1.981086468977E-02,9.2));
#11260 = CARTESIAN_POINT('',(46.548786501483,-6.07552241183E-02,9.2));
#11261 = CARTESIAN_POINT('',(46.561401958204,-0.144369933094,9.2));
#11262 = CARTESIAN_POINT('',(46.569419153743,-0.230504453787,9.2));
#11263 = CARTESIAN_POINT('',(46.5732421875,-0.318721537821,9.2));
#11264 = CARTESIAN_POINT('',(46.5732421875,-0.40869140625,9.2));
#11265 = PCURVE('',#10006,#11266);
#11266 = DEFINITIONAL_REPRESENTATION('',(#11267),#11280);
#11267 = B_SPLINE_CURVE_WITH_KNOTS('',6,(#11268,#11269,#11270,#11271,
    #11272,#11273,#11274,#11275,#11276,#11277,#11278,#11279),
  .UNSPECIFIED.,.F.,.F.,(7,5,7),(0.,0.478651126342,1.),.UNSPECIFIED.);
#11268 = CARTESIAN_POINT('',(1.,-0.5));
#11269 = CARTESIAN_POINT('',(0.914357974318,-0.5));
#11270 = CARTESIAN_POINT('',(0.82901818019,-0.5));
#11271 = CARTESIAN_POINT('',(0.744413743541,-0.5));
#11272 = CARTESIAN_POINT('',(0.660882805358,-0.5));
#11273 = CARTESIAN_POINT('',(0.578682011085,-0.5));
#11274 = CARTESIAN_POINT('',(0.410120805136,-0.5));
#11275 = CARTESIAN_POINT('',(0.324033932328,-0.5));
#11276 = CARTESIAN_POINT('',(0.239934341709,-0.5));
#11277 = CARTESIAN_POINT('',(0.157902427818,-0.5));
#11278 = CARTESIAN_POINT('',(7.794343931619E-02,-0.5));
#11279 = CARTESIAN_POINT('',(0.,-0.5));
#11280 = ( GEOMETRIC_REPRESENTATION_CONTEXT(2) 
PARAMETRIC_REPRESENTATION_CONTEXT() REPRESENTATION_CONTEXT('2D SPACE',''
  ) );
#11281 = PCURVE('',#10985,#11282);
#11282 = DEFINITIONAL_REPRESENTATION('',(#11283),#11296);
#11283 = B_SPLINE_CURVE_WITH_KNOTS('',6,(#11284,#11285,#11286,#11287,
    #11288,#11289,#11290,#11291,#11292,#11293,#11294,#11295),
  .UNSPECIFIED.,.F.,.F.,(7,5,7),(0.,0.478651126342,1.),.UNSPECIFIED.);
#11284 = CARTESIAN_POINT('',(47.91103515625,12.8658203125));
#11285 = CARTESIAN_POINT('',(47.955947038859,12.81488672496));
#11286 = CARTESIAN_POINT('',(47.99608451422,12.759207523119));
#11287 = CARTESIAN_POINT('',(48.031282917307,12.699106958851));
#11288 = CARTESIAN_POINT('',(48.061578804675,12.635014354517));
#11289 = CARTESIAN_POINT('',(48.087143025882,12.567408258312));
#11290 = CARTESIAN_POINT('',(48.131164167545,12.41981086469));
#11291 = CARTESIAN_POINT('',(48.148786501483,12.339244775882));
#11292 = CARTESIAN_POINT('',(48.161401958204,12.255630066906));
#11293 = CARTESIAN_POINT('',(48.169419153743,12.169495546213));
#11294 = CARTESIAN_POINT('',(48.1732421875,12.081278462179));
#11295 = CARTESIAN_POINT('',(48.1732421875,11.99130859375));
#11296 = ( GEOMETRIC_REPRESENTATION_CONTEXT(2) 
PARAMETRIC_REPRESENTATION_CONTEXT() REPRESENTATION_CONTEXT('2D SPACE',''
  ) );
#11297 = ORIENTED_EDGE('',*,*,#11298,.F.);
#11298 = EDGE_CURVE('',#9991,#11249,#11299,.T.);
#11299 = SURFACE_CURVE('',#11300,(#11304,#11311),.PCURVE_S1.);
#11300 = LINE('',#11301,#11302);
#11301 = CARTESIAN_POINT('',(46.31103515625,0.4658203125,8.7));
#11302 = VECTOR('',#11303,1.);
#11303 = DIRECTION('',(0.,0.,1.));
#11304 = PCURVE('',#10006,#11305);
#11305 = DEFINITIONAL_REPRESENTATION('',(#11306),#11310);
#11306 = LINE('',#11307,#11308);
#11307 = CARTESIAN_POINT('',(1.,0.));
#11308 = VECTOR('',#11309,1.);
#11309 = DIRECTION('',(0.,-1.));
#11310 = ( GEOMETRIC_REPRESENTATION_CONTEXT(2) 
PARAMETRIC_REPRESENTATION_CONTEXT() REPRESENTATION_CONTEXT('2D SPACE',''
  ) );
#11311 = PCURVE('',#10036,#11312);
#11312 = DEFINITIONAL_REPRESENTATION('',(#11313),#11317);
#11313 = LINE('',#11314,#11315);
#11314 = CARTESIAN_POINT('',(0.,0.));
#11315 = VECTOR('',#11316,1.);
#11316 = DIRECTION('',(0.,-1.));
#11317 = ( GEOMETRIC_REPRESENTATION_CONTEXT(2) 
PARAMETRIC_REPRESENTATION_CONTEXT() REPRESENTATION_CONTEXT('2D SPACE',''
  ) );
#11318 = ADVANCED_FACE('',(#11319),#10036,.F.);
#11319 = FACE_BOUND('',#11320,.F.);
#11320 = EDGE_LOOP('',(#11321,#11322,#11323,#11367));
#11321 = ORIENTED_EDGE('',*,*,#10020,.F.);
#11322 = ORIENTED_EDGE('',*,*,#11298,.T.);
#11323 = ORIENTED_EDGE('',*,*,#11324,.F.);
#11324 = EDGE_CURVE('',#11325,#11249,#11327,.T.);
#11325 = VERTEX_POINT('',#11326);
#11326 = CARTESIAN_POINT('',(45.6591796875,0.76318359375,9.2));
#11327 = SURFACE_CURVE('',#11328,(#11339,#11353),.PCURVE_S1.);
#11328 = B_SPLINE_CURVE_WITH_KNOTS('',5,(#11329,#11330,#11331,#11332,
    #11333,#11334,#11335,#11336,#11337,#11338),.UNSPECIFIED.,.F.,.F.,(6,
    4,6),(0.,0.473437241449,1.),.UNSPECIFIED.);
#11329 = CARTESIAN_POINT('',(45.6591796875,0.76318359375,9.2));
#11330 = CARTESIAN_POINT('',(45.731593906527,0.76318359375,9.2));
#11331 = CARTESIAN_POINT('',(45.802306987637,0.756764550595,9.2));
#11332 = CARTESIAN_POINT('',(45.870873691423,0.743554338345,9.2));
#11333 = CARTESIAN_POINT('',(45.936867988531,0.723371885027,9.2));
#11334 = CARTESIAN_POINT('',(46.070075490618,0.66634493089,9.2));
#11335 = CARTESIAN_POINT('',(46.136615215303,0.627875943448,9.2));
#11336 = CARTESIAN_POINT('',(46.199051843504,0.581173595065,9.2));
#11337 = CARTESIAN_POINT('',(46.257195132928,0.526879109899,9.2));
#11338 = CARTESIAN_POINT('',(46.31103515625,0.4658203125,9.2));
#11339 = PCURVE('',#10036,#11340);
#11340 = DEFINITIONAL_REPRESENTATION('',(#11341),#11352);
#11341 = B_SPLINE_CURVE_WITH_KNOTS('',5,(#11342,#11343,#11344,#11345,
    #11346,#11347,#11348,#11349,#11350,#11351),.UNSPECIFIED.,.F.,.F.,(6,
    4,6),(0.,0.473437241449,1.),.UNSPECIFIED.);
#11342 = CARTESIAN_POINT('',(1.,-0.5));
#11343 = CARTESIAN_POINT('',(0.907077493379,-0.5));
#11344 = CARTESIAN_POINT('',(0.81280777158,-0.5));
#11345 = CARTESIAN_POINT('',(0.7175575201,-0.5));
#11346 = CARTESIAN_POINT('',(0.62177384336,-0.5));
#11347 = CARTESIAN_POINT('',(0.419479146249,-0.5));
#11348 = CARTESIAN_POINT('',(0.312938960791,-0.5));
#11349 = CARTESIAN_POINT('',(0.20713599531,-0.5));
#11350 = CARTESIAN_POINT('',(0.102667009092,-0.5));
#11351 = CARTESIAN_POINT('',(0.,-0.5));
#11352 = ( GEOMETRIC_REPRESENTATION_CONTEXT(2) 
PARAMETRIC_REPRESENTATION_CONTEXT() REPRESENTATION_CONTEXT('2D SPACE',''
  ) );
#11353 = PCURVE('',#10985,#11354);
#11354 = DEFINITIONAL_REPRESENTATION('',(#11355),#11366);
#11355 = B_SPLINE_CURVE_WITH_KNOTS('',5,(#11356,#11357,#11358,#11359,
    #11360,#11361,#11362,#11363,#11364,#11365),.UNSPECIFIED.,.F.,.F.,(6,
    4,6),(0.,0.473437241449,1.),.UNSPECIFIED.);
#11356 = CARTESIAN_POINT('',(47.2591796875,13.16318359375));
#11357 = CARTESIAN_POINT('',(47.331593906527,13.16318359375));
#11358 = CARTESIAN_POINT('',(47.402306987637,13.156764550595));
#11359 = CARTESIAN_POINT('',(47.470873691423,13.143554338345));
#11360 = CARTESIAN_POINT('',(47.536867988531,13.123371885027));
#11361 = CARTESIAN_POINT('',(47.670075490618,13.06634493089));
#11362 = CARTESIAN_POINT('',(47.736615215303,13.027875943448));
#11363 = CARTESIAN_POINT('',(47.799051843504,12.981173595065));
#11364 = CARTESIAN_POINT('',(47.857195132928,12.926879109899));
#11365 = CARTESIAN_POINT('',(47.91103515625,12.8658203125));
#11366 = ( GEOMETRIC_REPRESENTATION_CONTEXT(2) 
PARAMETRIC_REPRESENTATION_CONTEXT() REPRESENTATION_CONTEXT('2D SPACE',''
  ) );
#11367 = ORIENTED_EDGE('',*,*,#11368,.F.);
#11368 = EDGE_CURVE('',#10021,#11325,#11369,.T.);
#11369 = SURFACE_CURVE('',#11370,(#11374,#11381),.PCURVE_S1.);
#11370 = LINE('',#11371,#11372);
#11371 = CARTESIAN_POINT('',(45.6591796875,0.76318359375,8.7));
#11372 = VECTOR('',#11373,1.);
#11373 = DIRECTION('',(0.,0.,1.));
#11374 = PCURVE('',#10036,#11375);
#11375 = DEFINITIONAL_REPRESENTATION('',(#11376),#11380);
#11376 = LINE('',#11377,#11378);
#11377 = CARTESIAN_POINT('',(1.,0.));
#11378 = VECTOR('',#11379,1.);
#11379 = DIRECTION('',(0.,-1.));
#11380 = ( GEOMETRIC_REPRESENTATION_CONTEXT(2) 
PARAMETRIC_REPRESENTATION_CONTEXT() REPRESENTATION_CONTEXT('2D SPACE',''
  ) );
#11381 = PCURVE('',#10066,#11382);
#11382 = DEFINITIONAL_REPRESENTATION('',(#11383),#11387);
#11383 = LINE('',#11384,#11385);
#11384 = CARTESIAN_POINT('',(0.,0.));
#11385 = VECTOR('',#11386,1.);
#11386 = DIRECTION('',(0.,-1.));
#11387 = ( GEOMETRIC_REPRESENTATION_CONTEXT(2) 
PARAMETRIC_REPRESENTATION_CONTEXT() REPRESENTATION_CONTEXT('2D SPACE',''
  ) );
#11388 = ADVANCED_FACE('',(#11389),#10066,.F.);
#11389 = FACE_BOUND('',#11390,.F.);
#11390 = EDGE_LOOP('',(#11391,#11392,#11393,#11437));
#11391 = ORIENTED_EDGE('',*,*,#10050,.F.);
#11392 = ORIENTED_EDGE('',*,*,#11368,.T.);
#11393 = ORIENTED_EDGE('',*,*,#11394,.F.);
#11394 = EDGE_CURVE('',#11395,#11325,#11397,.T.);
#11395 = VERTEX_POINT('',#11396);
#11396 = CARTESIAN_POINT('',(45.0029296875,0.46728515625,9.2));
#11397 = SURFACE_CURVE('',#11398,(#11409,#11423),.PCURVE_S1.);
#11398 = B_SPLINE_CURVE_WITH_KNOTS('',5,(#11399,#11400,#11401,#11402,
    #11403,#11404,#11405,#11406,#11407,#11408),.UNSPECIFIED.,.F.,.F.,(6,
    4,6),(0.,0.495904216057,1.),.UNSPECIFIED.);
#11399 = CARTESIAN_POINT('',(45.0029296875,0.46728515625,9.2));
#11400 = CARTESIAN_POINT('',(45.053538874812,0.524718054211,9.2));
#11401 = CARTESIAN_POINT('',(45.108123575281,0.576094190348,9.2));
#11402 = CARTESIAN_POINT('',(45.166670769233,0.620729087198,9.2));
#11403 = CARTESIAN_POINT('',(45.229015049843,0.658099311064,9.2));
#11404 = CARTESIAN_POINT('',(45.361551506539,0.718436255613,9.2));
#11405 = CARTESIAN_POINT('',(45.431875391257,0.741163534683,9.2));
#11406 = CARTESIAN_POINT('',(45.505278330792,0.755999941525,9.2));
#11407 = CARTESIAN_POINT('',(45.58122992934,0.76318359375,9.2));
#11408 = CARTESIAN_POINT('',(45.6591796875,0.76318359375,9.2));
#11409 = PCURVE('',#10066,#11410);
#11410 = DEFINITIONAL_REPRESENTATION('',(#11411),#11422);
#11411 = B_SPLINE_CURVE_WITH_KNOTS('',5,(#11412,#11413,#11414,#11415,
    #11416,#11417,#11418,#11419,#11420,#11421),.UNSPECIFIED.,.F.,.F.,(6,
    4,6),(0.,0.495904216057,1.),.UNSPECIFIED.);
#11412 = CARTESIAN_POINT('',(1.,-0.5));
#11413 = CARTESIAN_POINT('',(0.902951670773,-0.5));
#11414 = CARTESIAN_POINT('',(0.804364828359,-0.5));
#11415 = CARTESIAN_POINT('',(0.70465003593,-0.5));
#11416 = CARTESIAN_POINT('',(0.604317779448,-0.5));
#11417 = CARTESIAN_POINT('',(0.402025126553,-0.5));
#11418 = CARTESIAN_POINT('',(0.30003608846,-0.5));
#11419 = CARTESIAN_POINT('',(0.198697869094,-0.5));
#11420 = CARTESIAN_POINT('',(9.854389179675E-02,-0.5));
#11421 = CARTESIAN_POINT('',(0.,-0.5));
#11422 = ( GEOMETRIC_REPRESENTATION_CONTEXT(2) 
PARAMETRIC_REPRESENTATION_CONTEXT() REPRESENTATION_CONTEXT('2D SPACE',''
  ) );
#11423 = PCURVE('',#10985,#11424);
#11424 = DEFINITIONAL_REPRESENTATION('',(#11425),#11436);
#11425 = B_SPLINE_CURVE_WITH_KNOTS('',5,(#11426,#11427,#11428,#11429,
    #11430,#11431,#11432,#11433,#11434,#11435),.UNSPECIFIED.,.F.,.F.,(6,
    4,6),(0.,0.495904216057,1.),.UNSPECIFIED.);
#11426 = CARTESIAN_POINT('',(46.6029296875,12.86728515625));
#11427 = CARTESIAN_POINT('',(46.653538874812,12.924718054211));
#11428 = CARTESIAN_POINT('',(46.708123575281,12.976094190348));
#11429 = CARTESIAN_POINT('',(46.766670769233,13.020729087198));
#11430 = CARTESIAN_POINT('',(46.829015049843,13.058099311064));
#11431 = CARTESIAN_POINT('',(46.961551506539,13.118436255613));
#11432 = CARTESIAN_POINT('',(47.031875391257,13.141163534683));
#11433 = CARTESIAN_POINT('',(47.105278330792,13.155999941525));
#11434 = CARTESIAN_POINT('',(47.18122992934,13.16318359375));
#11435 = CARTESIAN_POINT('',(47.2591796875,13.16318359375));
#11436 = ( GEOMETRIC_REPRESENTATION_CONTEXT(2) 
PARAMETRIC_REPRESENTATION_CONTEXT() REPRESENTATION_CONTEXT('2D SPACE',''
  ) );
#11437 = ORIENTED_EDGE('',*,*,#11438,.F.);
#11438 = EDGE_CURVE('',#10051,#11395,#11439,.T.);
#11439 = SURFACE_CURVE('',#11440,(#11444,#11451),.PCURVE_S1.);
#11440 = LINE('',#11441,#11442);
#11441 = CARTESIAN_POINT('',(45.0029296875,0.46728515625,8.7));
#11442 = VECTOR('',#11443,1.);
#11443 = DIRECTION('',(0.,0.,1.));
#11444 = PCURVE('',#10066,#11445);
#11445 = DEFINITIONAL_REPRESENTATION('',(#11446),#11450);
#11446 = LINE('',#11447,#11448);
#11447 = CARTESIAN_POINT('',(1.,0.));
#11448 = VECTOR('',#11449,1.);
#11449 = DIRECTION('',(0.,-1.));
#11450 = ( GEOMETRIC_REPRESENTATION_CONTEXT(2) 
PARAMETRIC_REPRESENTATION_CONTEXT() REPRESENTATION_CONTEXT('2D SPACE',''
  ) );
#11451 = PCURVE('',#10094,#11452);
#11452 = DEFINITIONAL_REPRESENTATION('',(#11453),#11457);
#11453 = LINE('',#11454,#11455);
#11454 = CARTESIAN_POINT('',(0.,0.));
#11455 = VECTOR('',#11456,1.);
#11456 = DIRECTION('',(0.,-1.));
#11457 = ( GEOMETRIC_REPRESENTATION_CONTEXT(2) 
PARAMETRIC_REPRESENTATION_CONTEXT() REPRESENTATION_CONTEXT('2D SPACE',''
  ) );
#11458 = ADVANCED_FACE('',(#11459),#10094,.F.);
#11459 = FACE_BOUND('',#11460,.F.);
#11460 = EDGE_LOOP('',(#11461,#11462,#11463,#11511));
#11461 = ORIENTED_EDGE('',*,*,#10080,.F.);
#11462 = ORIENTED_EDGE('',*,*,#11438,.T.);
#11463 = ORIENTED_EDGE('',*,*,#11464,.F.);
#11464 = EDGE_CURVE('',#10929,#11395,#11465,.T.);
#11465 = SURFACE_CURVE('',#11466,(#11479,#11495),.PCURVE_S1.);
#11466 = B_SPLINE_CURVE_WITH_KNOTS('',6,(#11467,#11468,#11469,#11470,
    #11471,#11472,#11473,#11474,#11475,#11476,#11477,#11478),
  .UNSPECIFIED.,.F.,.F.,(7,5,7),(0.,0.526238777455,1.),.UNSPECIFIED.);
#11467 = CARTESIAN_POINT('',(44.7421875,-0.42626953125,9.2));
#11468 = CARTESIAN_POINT('',(44.7421875,-0.333250056394,9.2));
#11469 = CARTESIAN_POINT('',(44.745977148075,-0.242043372204,9.2));
#11470 = CARTESIAN_POINT('',(44.753950049942,-0.152993642436,9.2));
#11471 = CARTESIAN_POINT('',(44.766545923897,-6.65754129431E-02,9.2));
#11472 = CARTESIAN_POINT('',(44.784225373252,1.6620968379E-02,9.2));
#11473 = CARTESIAN_POINT('',(44.82821238944,0.167362990146,9.2));
#11474 = CARTESIAN_POINT('',(44.853485178689,0.235647215296,9.2));
#11475 = CARTESIAN_POINT('',(44.883461875438,0.30028876572,9.2));
#11476 = CARTESIAN_POINT('',(44.918347581187,0.360755385839,9.2));
#11477 = CARTESIAN_POINT('',(44.958220235347,0.416547463357,9.2));
#11478 = CARTESIAN_POINT('',(45.0029296875,0.46728515625,9.2));
#11479 = PCURVE('',#10094,#11480);
#11480 = DEFINITIONAL_REPRESENTATION('',(#11481),#11494);
#11481 = B_SPLINE_CURVE_WITH_KNOTS('',6,(#11482,#11483,#11484,#11485,
    #11486,#11487,#11488,#11489,#11490,#11491,#11492,#11493),
  .UNSPECIFIED.,.F.,.F.,(7,5,7),(0.,0.526238777455,1.),.UNSPECIFIED.);
#11482 = CARTESIAN_POINT('',(1.,-0.5));
#11483 = CARTESIAN_POINT('',(0.922179785742,-0.5));
#11484 = CARTESIAN_POINT('',(0.842207011524,-0.5));
#11485 = CARTESIAN_POINT('',(0.759988515547,-0.5));
#11486 = CARTESIAN_POINT('',(0.675495567569,-0.5));
#11487 = CARTESIAN_POINT('',(0.58877609659,-0.5));
#11488 = CARTESIAN_POINT('',(0.420076828514,-0.5));
#11489 = CARTESIAN_POINT('',(0.338481003709,-0.5));
#11490 = CARTESIAN_POINT('',(0.255378314985,-0.5));
#11491 = CARTESIAN_POINT('',(0.171015468469,-0.5));
#11492 = CARTESIAN_POINT('',(8.573497941041E-02,-0.5));
#11493 = CARTESIAN_POINT('',(0.,-0.5));
#11494 = ( GEOMETRIC_REPRESENTATION_CONTEXT(2) 
PARAMETRIC_REPRESENTATION_CONTEXT() REPRESENTATION_CONTEXT('2D SPACE',''
  ) );
#11495 = PCURVE('',#10985,#11496);
#11496 = DEFINITIONAL_REPRESENTATION('',(#11497),#11510);
#11497 = B_SPLINE_CURVE_WITH_KNOTS('',6,(#11498,#11499,#11500,#11501,
    #11502,#11503,#11504,#11505,#11506,#11507,#11508,#11509),
  .UNSPECIFIED.,.F.,.F.,(7,5,7),(0.,0.526238777455,1.),.UNSPECIFIED.);
#11498 = CARTESIAN_POINT('',(46.3421875,11.97373046875));
#11499 = CARTESIAN_POINT('',(46.3421875,12.066749943606));
#11500 = CARTESIAN_POINT('',(46.345977148075,12.157956627796));
#11501 = CARTESIAN_POINT('',(46.353950049942,12.247006357564));
#11502 = CARTESIAN_POINT('',(46.366545923897,12.333424587057));
#11503 = CARTESIAN_POINT('',(46.384225373252,12.416620968379));
#11504 = CARTESIAN_POINT('',(46.42821238944,12.567362990146));
#11505 = CARTESIAN_POINT('',(46.453485178689,12.635647215296));
#11506 = CARTESIAN_POINT('',(46.483461875438,12.70028876572));
#11507 = CARTESIAN_POINT('',(46.518347581187,12.760755385839));
#11508 = CARTESIAN_POINT('',(46.558220235347,12.816547463357));
#11509 = CARTESIAN_POINT('',(46.6029296875,12.86728515625));
#11510 = ( GEOMETRIC_REPRESENTATION_CONTEXT(2) 
PARAMETRIC_REPRESENTATION_CONTEXT() REPRESENTATION_CONTEXT('2D SPACE',''
  ) );
#11511 = ORIENTED_EDGE('',*,*,#10928,.F.);
#11512 = ADVANCED_FACE('',(#11513),#10187,.F.);
#11513 = FACE_BOUND('',#11514,.F.);
#11514 = EDGE_LOOP('',(#11515,#11516,#11539,#11594));
#11515 = ORIENTED_EDGE('',*,*,#10169,.F.);
#11516 = ORIENTED_EDGE('',*,*,#11517,.T.);
#11517 = EDGE_CURVE('',#10170,#11518,#11520,.T.);
#11518 = VERTEX_POINT('',#11519);
#11519 = CARTESIAN_POINT('',(30.076171875,-0.42919921875,9.2));
#11520 = SURFACE_CURVE('',#11521,(#11525,#11532),.PCURVE_S1.);
#11521 = LINE('',#11522,#11523);
#11522 = CARTESIAN_POINT('',(30.076171875,-0.42919921875,8.7));
#11523 = VECTOR('',#11524,1.);
#11524 = DIRECTION('',(0.,0.,1.));
#11525 = PCURVE('',#10187,#11526);
#11526 = DEFINITIONAL_REPRESENTATION('',(#11527),#11531);
#11527 = LINE('',#11528,#11529);
#11528 = CARTESIAN_POINT('',(0.,0.));
#11529 = VECTOR('',#11530,1.);
#11530 = DIRECTION('',(0.,-1.));
#11531 = ( GEOMETRIC_REPRESENTATION_CONTEXT(2) 
PARAMETRIC_REPRESENTATION_CONTEXT() REPRESENTATION_CONTEXT('2D SPACE',''
  ) );
#11532 = PCURVE('',#10395,#11533);
#11533 = DEFINITIONAL_REPRESENTATION('',(#11534),#11538);
#11534 = LINE('',#11535,#11536);
#11535 = CARTESIAN_POINT('',(1.,0.));
#11536 = VECTOR('',#11537,1.);
#11537 = DIRECTION('',(0.,-1.));
#11538 = ( GEOMETRIC_REPRESENTATION_CONTEXT(2) 
PARAMETRIC_REPRESENTATION_CONTEXT() REPRESENTATION_CONTEXT('2D SPACE',''
  ) );
#11539 = ORIENTED_EDGE('',*,*,#11540,.F.);
#11540 = EDGE_CURVE('',#11541,#11518,#11543,.T.);
#11541 = VERTEX_POINT('',#11542);
#11542 = CARTESIAN_POINT('',(30.328125,-1.32275390625,9.2));
#11543 = SURFACE_CURVE('',#11544,(#11557,#11573),.PCURVE_S1.);
#11544 = B_SPLINE_CURVE_WITH_KNOTS('',6,(#11545,#11546,#11547,#11548,
    #11549,#11550,#11551,#11552,#11553,#11554,#11555,#11556),
  .UNSPECIFIED.,.F.,.F.,(7,5,7),(0.,0.475059989863,1.),.UNSPECIFIED.);
#11545 = CARTESIAN_POINT('',(30.328125,-1.32275390625,9.2));
#11546 = CARTESIAN_POINT('',(30.284633593736,-1.271676789592,9.2));
#11547 = CARTESIAN_POINT('',(30.245933005678,-1.215541214183,9.2));
#11548 = CARTESIAN_POINT('',(30.212140561335,-1.154748772382,9.2));
#11549 = CARTESIAN_POINT('',(30.183153006161,-1.089813790908,9.2));
#11550 = CARTESIAN_POINT('',(30.158750651323,-1.02127199149,9.2));
#11551 = CARTESIAN_POINT('',(30.116454112066,-0.870460949095,9.2));
#11552 = CARTESIAN_POINT('',(30.099511097978,-0.787501430802,9.2));
#11553 = CARTESIAN_POINT('',(30.087442926787,-0.701381971864,9.2));
#11554 = CARTESIAN_POINT('',(30.079803707873,-0.612674084419,9.2));
#11555 = CARTESIAN_POINT('',(30.076171875,-0.521835879366,9.2));
#11556 = CARTESIAN_POINT('',(30.076171875,-0.42919921875,9.2));
#11557 = PCURVE('',#10187,#11558);
#11558 = DEFINITIONAL_REPRESENTATION('',(#11559),#11572);
#11559 = B_SPLINE_CURVE_WITH_KNOTS('',6,(#11560,#11561,#11562,#11563,
    #11564,#11565,#11566,#11567,#11568,#11569,#11570,#11571),
  .UNSPECIFIED.,.F.,.F.,(7,5,7),(0.,0.475059989863,1.),.UNSPECIFIED.);
#11560 = CARTESIAN_POINT('',(1.,-0.5));
#11561 = CARTESIAN_POINT('',(0.913691472841,-0.5));
#11562 = CARTESIAN_POINT('',(0.827951317266,-0.5));
#11563 = CARTESIAN_POINT('',(0.743233063309,-0.5));
#11564 = CARTESIAN_POINT('',(0.659863538801,-0.5));
#11565 = CARTESIAN_POINT('',(0.578070806305,-0.5));
#11566 = CARTESIAN_POINT('',(0.40952197455,-0.5));
#11567 = CARTESIAN_POINT('',(0.323141439885,-0.5));
#11568 = CARTESIAN_POINT('',(0.239001770257,-0.5));
#11569 = CARTESIAN_POINT('',(0.157134321772,-0.5));
#11570 = CARTESIAN_POINT('',(7.749995136502E-02,-0.5));
#11571 = CARTESIAN_POINT('',(0.,-0.5));
#11572 = ( GEOMETRIC_REPRESENTATION_CONTEXT(2) 
PARAMETRIC_REPRESENTATION_CONTEXT() REPRESENTATION_CONTEXT('2D SPACE',''
  ) );
#11573 = PCURVE('',#11574,#11579);
#11574 = PLANE('',#11575);
#11575 = AXIS2_PLACEMENT_3D('',#11576,#11577,#11578);
#11576 = CARTESIAN_POINT('',(-1.6,-12.4,9.2));
#11577 = DIRECTION('',(0.,0.,1.));
#11578 = DIRECTION('',(1.,0.,0.));
#11579 = DEFINITIONAL_REPRESENTATION('',(#11580),#11593);
#11580 = B_SPLINE_CURVE_WITH_KNOTS('',6,(#11581,#11582,#11583,#11584,
    #11585,#11586,#11587,#11588,#11589,#11590,#11591,#11592),
  .UNSPECIFIED.,.F.,.F.,(7,5,7),(0.,0.475059989863,1.),.UNSPECIFIED.);
#11581 = CARTESIAN_POINT('',(31.928125,11.07724609375));
#11582 = CARTESIAN_POINT('',(31.884633593736,11.128323210408));
#11583 = CARTESIAN_POINT('',(31.845933005678,11.184458785817));
#11584 = CARTESIAN_POINT('',(31.812140561335,11.245251227618));
#11585 = CARTESIAN_POINT('',(31.783153006161,11.310186209092));
#11586 = CARTESIAN_POINT('',(31.758750651323,11.37872800851));
#11587 = CARTESIAN_POINT('',(31.716454112066,11.529539050905));
#11588 = CARTESIAN_POINT('',(31.699511097978,11.612498569198));
#11589 = CARTESIAN_POINT('',(31.687442926787,11.698618028136));
#11590 = CARTESIAN_POINT('',(31.679803707873,11.787325915581));
#11591 = CARTESIAN_POINT('',(31.676171875,11.878164120634));
#11592 = CARTESIAN_POINT('',(31.676171875,11.97080078125));
#11593 = ( GEOMETRIC_REPRESENTATION_CONTEXT(2) 
PARAMETRIC_REPRESENTATION_CONTEXT() REPRESENTATION_CONTEXT('2D SPACE',''
  ) );
#11594 = ORIENTED_EDGE('',*,*,#11595,.F.);
#11595 = EDGE_CURVE('',#10172,#11541,#11596,.T.);
#11596 = SURFACE_CURVE('',#11597,(#11601,#11608),.PCURVE_S1.);
#11597 = LINE('',#11598,#11599);
#11598 = CARTESIAN_POINT('',(30.328125,-1.32275390625,8.7));
#11599 = VECTOR('',#11600,1.);
#11600 = DIRECTION('',(0.,0.,1.));
#11601 = PCURVE('',#10187,#11602);
#11602 = DEFINITIONAL_REPRESENTATION('',(#11603),#11607);
#11603 = LINE('',#11604,#11605);
#11604 = CARTESIAN_POINT('',(1.,0.));
#11605 = VECTOR('',#11606,1.);
#11606 = DIRECTION('',(0.,-1.));
#11607 = ( GEOMETRIC_REPRESENTATION_CONTEXT(2) 
PARAMETRIC_REPRESENTATION_CONTEXT() REPRESENTATION_CONTEXT('2D SPACE',''
  ) );
#11608 = PCURVE('',#10217,#11609);
#11609 = DEFINITIONAL_REPRESENTATION('',(#11610),#11614);
#11610 = LINE('',#11611,#11612);
#11611 = CARTESIAN_POINT('',(0.,0.));
#11612 = VECTOR('',#11613,1.);
#11613 = DIRECTION('',(0.,-1.));
#11614 = ( GEOMETRIC_REPRESENTATION_CONTEXT(2) 
PARAMETRIC_REPRESENTATION_CONTEXT() REPRESENTATION_CONTEXT('2D SPACE',''
  ) );
#11615 = ADVANCED_FACE('',(#11616),#10217,.F.);
#11616 = FACE_BOUND('',#11617,.F.);
#11617 = EDGE_LOOP('',(#11618,#11619,#11620,#11670));
#11618 = ORIENTED_EDGE('',*,*,#10201,.F.);
#11619 = ORIENTED_EDGE('',*,*,#11595,.T.);
#11620 = ORIENTED_EDGE('',*,*,#11621,.F.);
#11621 = EDGE_CURVE('',#11622,#11541,#11624,.T.);
#11622 = VERTEX_POINT('',#11623);
#11623 = CARTESIAN_POINT('',(30.9228515625,-1.61865234375,9.2));
#11624 = SURFACE_CURVE('',#11625,(#11638,#11654),.PCURVE_S1.);
#11625 = B_SPLINE_CURVE_WITH_KNOTS('',6,(#11626,#11627,#11628,#11629,
    #11630,#11631,#11632,#11633,#11634,#11635,#11636,#11637),
  .UNSPECIFIED.,.F.,.F.,(7,5,7),(0.,0.320715642683,1.),.UNSPECIFIED.);
#11626 = CARTESIAN_POINT('',(30.9228515625,-1.61865234375,9.2));
#11627 = CARTESIAN_POINT('',(30.886173362004,-1.61865234375,9.2));
#11628 = CARTESIAN_POINT('',(30.849918699787,-1.61661954377,9.2));
#11629 = CARTESIAN_POINT('',(30.814146048881,-1.612512274031,9.2));
#11630 = CARTESIAN_POINT('',(30.778911695438,-1.606305425083,9.2));
#11631 = CARTESIAN_POINT('',(30.744269111561,-1.597992907134,9.2));
#11632 = CARTESIAN_POINT('',(30.638253754307,-1.565556703922,9.2));
#11633 = CARTESIAN_POINT('',(30.569095504054,-1.53413929322,9.2));
#11634 = CARTESIAN_POINT('',(30.503311289789,-1.493484048811,9.2));
#11635 = CARTESIAN_POINT('',(30.441173089839,-1.444152915399,9.2));
#11636 = CARTESIAN_POINT('',(30.382782037077,-1.386944147468,9.2));
#11637 = CARTESIAN_POINT('',(30.328125,-1.32275390625,9.2));
#11638 = PCURVE('',#10217,#11639);
#11639 = DEFINITIONAL_REPRESENTATION('',(#11640),#11653);
#11640 = B_SPLINE_CURVE_WITH_KNOTS('',6,(#11641,#11642,#11643,#11644,
    #11645,#11646,#11647,#11648,#11649,#11650,#11651,#11652),
  .UNSPECIFIED.,.F.,.F.,(7,5,7),(0.,0.320715642683,1.),.UNSPECIFIED.);
#11641 = CARTESIAN_POINT('',(1.,-0.5));
#11642 = CARTESIAN_POINT('',(0.946497895572,-0.5));
#11643 = CARTESIAN_POINT('',(0.892703483742,-0.5));
#11644 = CARTESIAN_POINT('',(0.838683402249,-0.5));
#11645 = CARTESIAN_POINT('',(0.784508513198,-0.5));
#11646 = CARTESIAN_POINT('',(0.730254089281,-0.5));
#11647 = CARTESIAN_POINT('',(0.561088379661,-0.5));
#11648 = CARTESIAN_POINT('',(0.446141873788,-0.5));
#11649 = CARTESIAN_POINT('',(0.331981107452,-0.5));
#11650 = CARTESIAN_POINT('',(0.219254404529,-0.5));
#11651 = CARTESIAN_POINT('',(0.10846667823,-0.5));
#11652 = CARTESIAN_POINT('',(0.,-0.5));
#11653 = ( GEOMETRIC_REPRESENTATION_CONTEXT(2) 
PARAMETRIC_REPRESENTATION_CONTEXT() REPRESENTATION_CONTEXT('2D SPACE',''
  ) );
#11654 = PCURVE('',#11574,#11655);
#11655 = DEFINITIONAL_REPRESENTATION('',(#11656),#11669);
#11656 = B_SPLINE_CURVE_WITH_KNOTS('',6,(#11657,#11658,#11659,#11660,
    #11661,#11662,#11663,#11664,#11665,#11666,#11667,#11668),
  .UNSPECIFIED.,.F.,.F.,(7,5,7),(0.,0.320715642683,1.),.UNSPECIFIED.);
#11657 = CARTESIAN_POINT('',(32.5228515625,10.78134765625));
#11658 = CARTESIAN_POINT('',(32.486173362004,10.78134765625));
#11659 = CARTESIAN_POINT('',(32.449918699787,10.78338045623));
#11660 = CARTESIAN_POINT('',(32.414146048881,10.787487725969));
#11661 = CARTESIAN_POINT('',(32.378911695438,10.793694574917));
#11662 = CARTESIAN_POINT('',(32.344269111561,10.802007092866));
#11663 = CARTESIAN_POINT('',(32.238253754307,10.834443296078));
#11664 = CARTESIAN_POINT('',(32.169095504054,10.86586070678));
#11665 = CARTESIAN_POINT('',(32.103311289789,10.906515951189));
#11666 = CARTESIAN_POINT('',(32.041173089839,10.955847084601));
#11667 = CARTESIAN_POINT('',(31.982782037077,11.013055852532));
#11668 = CARTESIAN_POINT('',(31.928125,11.07724609375));
#11669 = ( GEOMETRIC_REPRESENTATION_CONTEXT(2) 
PARAMETRIC_REPRESENTATION_CONTEXT() REPRESENTATION_CONTEXT('2D SPACE',''
  ) );
#11670 = ORIENTED_EDGE('',*,*,#11671,.F.);
#11671 = EDGE_CURVE('',#10202,#11622,#11672,.T.);
#11672 = SURFACE_CURVE('',#11673,(#11677,#11684),.PCURVE_S1.);
#11673 = LINE('',#11674,#11675);
#11674 = CARTESIAN_POINT('',(30.9228515625,-1.61865234375,8.7));
#11675 = VECTOR('',#11676,1.);
#11676 = DIRECTION('',(0.,0.,1.));
#11677 = PCURVE('',#10217,#11678);
#11678 = DEFINITIONAL_REPRESENTATION('',(#11679),#11683);
#11679 = LINE('',#11680,#11681);
#11680 = CARTESIAN_POINT('',(1.,0.));
#11681 = VECTOR('',#11682,1.);
#11682 = DIRECTION('',(0.,-1.));
#11683 = ( GEOMETRIC_REPRESENTATION_CONTEXT(2) 
PARAMETRIC_REPRESENTATION_CONTEXT() REPRESENTATION_CONTEXT('2D SPACE',''
  ) );
#11684 = PCURVE('',#10247,#11685);
#11685 = DEFINITIONAL_REPRESENTATION('',(#11686),#11690);
#11686 = LINE('',#11687,#11688);
#11687 = CARTESIAN_POINT('',(0.,0.));
#11688 = VECTOR('',#11689,1.);
#11689 = DIRECTION('',(0.,-1.));
#11690 = ( GEOMETRIC_REPRESENTATION_CONTEXT(2) 
PARAMETRIC_REPRESENTATION_CONTEXT() REPRESENTATION_CONTEXT('2D SPACE',''
  ) );
#11691 = ADVANCED_FACE('',(#11692),#10247,.F.);
#11692 = FACE_BOUND('',#11693,.F.);
#11693 = EDGE_LOOP('',(#11694,#11695,#11696,#11740));
#11694 = ORIENTED_EDGE('',*,*,#10231,.F.);
#11695 = ORIENTED_EDGE('',*,*,#11671,.T.);
#11696 = ORIENTED_EDGE('',*,*,#11697,.F.);
#11697 = EDGE_CURVE('',#11698,#11622,#11700,.T.);
#11698 = VERTEX_POINT('',#11699);
#11699 = CARTESIAN_POINT('',(31.51025390625,-1.3359375,9.2));
#11700 = SURFACE_CURVE('',#11701,(#11712,#11726),.PCURVE_S1.);
#11701 = B_SPLINE_CURVE_WITH_KNOTS('',5,(#11702,#11703,#11704,#11705,
    #11706,#11707,#11708,#11709,#11710,#11711),.UNSPECIFIED.,.F.,.F.,(6,
    4,6),(0.,0.606039970636,1.),.UNSPECIFIED.);
#11702 = CARTESIAN_POINT('',(31.51025390625,-1.3359375,9.2));
#11703 = CARTESIAN_POINT('',(31.453551722852,-1.402261872096,9.2));
#11704 = CARTESIAN_POINT('',(31.392081463972,-1.460253714483,9.2));
#11705 = CARTESIAN_POINT('',(31.325834537487,-1.508757801542,9.2));
#11706 = CARTESIAN_POINT('',(31.255033557694,-1.546856862869,9.2));
#11707 = CARTESIAN_POINT('',(31.131783276565,-1.592169501101,9.2));
#11708 = CARTESIAN_POINT('',(31.081572569643,-1.605529294797,9.2));
#11709 = CARTESIAN_POINT('',(31.029878946696,-1.614333128999,9.2));
#11710 = CARTESIAN_POINT('',(30.976901096085,-1.61865234375,9.2));
#11711 = CARTESIAN_POINT('',(30.9228515625,-1.61865234375,9.2));
#11712 = PCURVE('',#10247,#11713);
#11713 = DEFINITIONAL_REPRESENTATION('',(#11714),#11725);
#11714 = B_SPLINE_CURVE_WITH_KNOTS('',5,(#11715,#11716,#11717,#11718,
    #11719,#11720,#11721,#11722,#11723,#11724),.UNSPECIFIED.,.F.,.F.,(6,
    4,6),(0.,0.606039970636,1.),.UNSPECIFIED.);
#11715 = CARTESIAN_POINT('',(1.,-0.5));
#11716 = CARTESIAN_POINT('',(0.882700937778,-0.5));
#11717 = CARTESIAN_POINT('',(0.762939154517,-0.5));
#11718 = CARTESIAN_POINT('',(0.641316882624,-0.5));
#11719 = CARTESIAN_POINT('',(0.51864414622,-0.5));
#11720 = CARTESIAN_POINT('',(0.316274414581,-0.5));
#11721 = CARTESIAN_POINT('',(0.236544950636,-0.5));
#11722 = CARTESIAN_POINT('',(0.157094787789,-0.5));
#11723 = CARTESIAN_POINT('',(7.817333671083E-02,-0.5));
#11724 = CARTESIAN_POINT('',(0.,-0.5));
#11725 = ( GEOMETRIC_REPRESENTATION_CONTEXT(2) 
PARAMETRIC_REPRESENTATION_CONTEXT() REPRESENTATION_CONTEXT('2D SPACE',''
  ) );
#11726 = PCURVE('',#11574,#11727);
#11727 = DEFINITIONAL_REPRESENTATION('',(#11728),#11739);
#11728 = B_SPLINE_CURVE_WITH_KNOTS('',5,(#11729,#11730,#11731,#11732,
    #11733,#11734,#11735,#11736,#11737,#11738),.UNSPECIFIED.,.F.,.F.,(6,
    4,6),(0.,0.606039970636,1.),.UNSPECIFIED.);
#11729 = CARTESIAN_POINT('',(33.11025390625,11.0640625));
#11730 = CARTESIAN_POINT('',(33.053551722852,10.997738127904));
#11731 = CARTESIAN_POINT('',(32.992081463972,10.939746285517));
#11732 = CARTESIAN_POINT('',(32.925834537487,10.891242198458));
#11733 = CARTESIAN_POINT('',(32.855033557694,10.853143137131));
#11734 = CARTESIAN_POINT('',(32.731783276565,10.807830498899));
#11735 = CARTESIAN_POINT('',(32.681572569643,10.794470705203));
#11736 = CARTESIAN_POINT('',(32.629878946696,10.785666871001));
#11737 = CARTESIAN_POINT('',(32.576901096085,10.78134765625));
#11738 = CARTESIAN_POINT('',(32.5228515625,10.78134765625));
#11739 = ( GEOMETRIC_REPRESENTATION_CONTEXT(2) 
PARAMETRIC_REPRESENTATION_CONTEXT() REPRESENTATION_CONTEXT('2D SPACE',''
  ) );
#11740 = ORIENTED_EDGE('',*,*,#11741,.F.);
#11741 = EDGE_CURVE('',#10232,#11698,#11742,.T.);
#11742 = SURFACE_CURVE('',#11743,(#11747,#11754),.PCURVE_S1.);
#11743 = LINE('',#11744,#11745);
#11744 = CARTESIAN_POINT('',(31.51025390625,-1.3359375,8.7));
#11745 = VECTOR('',#11746,1.);
#11746 = DIRECTION('',(0.,0.,1.));
#11747 = PCURVE('',#10247,#11748);
#11748 = DEFINITIONAL_REPRESENTATION('',(#11749),#11753);
#11749 = LINE('',#11750,#11751);
#11750 = CARTESIAN_POINT('',(1.,0.));
#11751 = VECTOR('',#11752,1.);
#11752 = DIRECTION('',(0.,-1.));
#11753 = ( GEOMETRIC_REPRESENTATION_CONTEXT(2) 
PARAMETRIC_REPRESENTATION_CONTEXT() REPRESENTATION_CONTEXT('2D SPACE',''
  ) );
#11754 = PCURVE('',#10277,#11755);
#11755 = DEFINITIONAL_REPRESENTATION('',(#11756),#11760);
#11756 = LINE('',#11757,#11758);
#11757 = CARTESIAN_POINT('',(0.,0.));
#11758 = VECTOR('',#11759,1.);
#11759 = DIRECTION('',(0.,-1.));
#11760 = ( GEOMETRIC_REPRESENTATION_CONTEXT(2) 
PARAMETRIC_REPRESENTATION_CONTEXT() REPRESENTATION_CONTEXT('2D SPACE',''
  ) );
#11761 = ADVANCED_FACE('',(#11762),#10277,.F.);
#11762 = FACE_BOUND('',#11763,.F.);
#11763 = EDGE_LOOP('',(#11764,#11765,#11766,#11816));
#11764 = ORIENTED_EDGE('',*,*,#10261,.F.);
#11765 = ORIENTED_EDGE('',*,*,#11741,.T.);
#11766 = ORIENTED_EDGE('',*,*,#11767,.F.);
#11767 = EDGE_CURVE('',#11768,#11698,#11770,.T.);
#11768 = VERTEX_POINT('',#11769);
#11769 = CARTESIAN_POINT('',(31.751953125,-0.47314453125,9.2));
#11770 = SURFACE_CURVE('',#11771,(#11784,#11800),.PCURVE_S1.);
#11771 = B_SPLINE_CURVE_WITH_KNOTS('',6,(#11772,#11773,#11774,#11775,
    #11776,#11777,#11778,#11779,#11780,#11781,#11782,#11783),
  .UNSPECIFIED.,.F.,.F.,(7,5,7),(0.,0.52673267495,1.),.UNSPECIFIED.);
#11772 = CARTESIAN_POINT('',(31.751953125,-0.47314453125,9.2));
#11773 = CARTESIAN_POINT('',(31.751953125,-0.56345376916,9.2));
#11774 = CARTESIAN_POINT('',(31.748438248475,-0.651912519488,9.2));
#11775 = CARTESIAN_POINT('',(31.741046991574,-0.738188725995,9.2));
#11776 = CARTESIAN_POINT('',(31.729374037133,-0.821827853584,9.2));
#11777 = CARTESIAN_POINT('',(31.712991176211,-0.902265944276,9.2));
#11778 = CARTESIAN_POINT('',(31.672244025105,-1.047720926101,9.2));
#11779 = CARTESIAN_POINT('',(31.648857880961,-1.113477442686,9.2));
#11780 = CARTESIAN_POINT('',(31.621110010135,-1.175668727853,9.2));
#11781 = CARTESIAN_POINT('',(31.588792901989,-1.233783800055,9.2));
#11782 = CARTESIAN_POINT('',(31.551806506425,-1.287333549492,9.2));
#11783 = CARTESIAN_POINT('',(31.51025390625,-1.3359375,9.2));
#11784 = PCURVE('',#10277,#11785);
#11785 = DEFINITIONAL_REPRESENTATION('',(#11786),#11799);
#11786 = B_SPLINE_CURVE_WITH_KNOTS('',6,(#11787,#11788,#11789,#11790,
    #11791,#11792,#11793,#11794,#11795,#11796,#11797,#11798),
  .UNSPECIFIED.,.F.,.F.,(7,5,7),(0.,0.52673267495,1.),.UNSPECIFIED.);
#11787 = CARTESIAN_POINT('',(1.,-0.5));
#11788 = CARTESIAN_POINT('',(0.922157693923,-0.5));
#11789 = CARTESIAN_POINT('',(0.842183023642,-0.5));
#11790 = CARTESIAN_POINT('',(0.759978844446,-0.5));
#11791 = CARTESIAN_POINT('',(0.675507120219,-0.5));
#11792 = CARTESIAN_POINT('',(0.588799856323,-0.5));
#11793 = CARTESIAN_POINT('',(0.420213663466,-0.5));
#11794 = CARTESIAN_POINT('',(0.338734500127,-0.5));
#11795 = CARTESIAN_POINT('',(0.255702947499,-0.5));
#11796 = CARTESIAN_POINT('',(0.17133939019,-0.5));
#11797 = CARTESIAN_POINT('',(8.595931834232E-02,-0.5));
#11798 = CARTESIAN_POINT('',(0.,-0.5));
#11799 = ( GEOMETRIC_REPRESENTATION_CONTEXT(2) 
PARAMETRIC_REPRESENTATION_CONTEXT() REPRESENTATION_CONTEXT('2D SPACE',''
  ) );
#11800 = PCURVE('',#11574,#11801);
#11801 = DEFINITIONAL_REPRESENTATION('',(#11802),#11815);
#11802 = B_SPLINE_CURVE_WITH_KNOTS('',6,(#11803,#11804,#11805,#11806,
    #11807,#11808,#11809,#11810,#11811,#11812,#11813,#11814),
  .UNSPECIFIED.,.F.,.F.,(7,5,7),(0.,0.52673267495,1.),.UNSPECIFIED.);
#11803 = CARTESIAN_POINT('',(33.351953125,11.92685546875));
#11804 = CARTESIAN_POINT('',(33.351953125,11.83654623084));
#11805 = CARTESIAN_POINT('',(33.348438248475,11.748087480512));
#11806 = CARTESIAN_POINT('',(33.341046991574,11.661811274005));
#11807 = CARTESIAN_POINT('',(33.329374037133,11.578172146416));
#11808 = CARTESIAN_POINT('',(33.312991176211,11.497734055724));
#11809 = CARTESIAN_POINT('',(33.272244025105,11.352279073899));
#11810 = CARTESIAN_POINT('',(33.248857880961,11.286522557314));
#11811 = CARTESIAN_POINT('',(33.221110010135,11.224331272147));
#11812 = CARTESIAN_POINT('',(33.188792901989,11.166216199945));
#11813 = CARTESIAN_POINT('',(33.151806506425,11.112666450508));
#11814 = CARTESIAN_POINT('',(33.11025390625,11.0640625));
#11815 = ( GEOMETRIC_REPRESENTATION_CONTEXT(2) 
PARAMETRIC_REPRESENTATION_CONTEXT() REPRESENTATION_CONTEXT('2D SPACE',''
  ) );
#11816 = ORIENTED_EDGE('',*,*,#11817,.F.);
#11817 = EDGE_CURVE('',#10262,#11768,#11818,.T.);
#11818 = SURFACE_CURVE('',#11819,(#11823,#11830),.PCURVE_S1.);
#11819 = LINE('',#11820,#11821);
#11820 = CARTESIAN_POINT('',(31.751953125,-0.47314453125,8.7));
#11821 = VECTOR('',#11822,1.);
#11822 = DIRECTION('',(0.,0.,1.));
#11823 = PCURVE('',#10277,#11824);
#11824 = DEFINITIONAL_REPRESENTATION('',(#11825),#11829);
#11825 = LINE('',#11826,#11827);
#11826 = CARTESIAN_POINT('',(1.,0.));
#11827 = VECTOR('',#11828,1.);
#11828 = DIRECTION('',(0.,-1.));
#11829 = ( GEOMETRIC_REPRESENTATION_CONTEXT(2) 
PARAMETRIC_REPRESENTATION_CONTEXT() REPRESENTATION_CONTEXT('2D SPACE',''
  ) );
#11830 = PCURVE('',#10307,#11831);
#11831 = DEFINITIONAL_REPRESENTATION('',(#11832),#11836);
#11832 = LINE('',#11833,#11834);
#11833 = CARTESIAN_POINT('',(0.,0.));
#11834 = VECTOR('',#11835,1.);
#11835 = DIRECTION('',(0.,-1.));
#11836 = ( GEOMETRIC_REPRESENTATION_CONTEXT(2) 
PARAMETRIC_REPRESENTATION_CONTEXT() REPRESENTATION_CONTEXT('2D SPACE',''
  ) );
#11837 = ADVANCED_FACE('',(#11838),#10307,.F.);
#11838 = FACE_BOUND('',#11839,.F.);
#11839 = EDGE_LOOP('',(#11840,#11841,#11842,#11892));
#11840 = ORIENTED_EDGE('',*,*,#10291,.F.);
#11841 = ORIENTED_EDGE('',*,*,#11817,.T.);
#11842 = ORIENTED_EDGE('',*,*,#11843,.F.);
#11843 = EDGE_CURVE('',#11844,#11768,#11846,.T.);
#11844 = VERTEX_POINT('',#11845);
#11845 = CARTESIAN_POINT('',(31.505859375,0.46435546875,9.2));
#11846 = SURFACE_CURVE('',#11847,(#11860,#11876),.PCURVE_S1.);
#11847 = B_SPLINE_CURVE_WITH_KNOTS('',6,(#11848,#11849,#11850,#11851,
    #11852,#11853,#11854,#11855,#11856,#11857,#11858,#11859),
  .UNSPECIFIED.,.F.,.F.,(7,5,7),(0.,0.469666918516,1.),.UNSPECIFIED.);
#11848 = CARTESIAN_POINT('',(31.505859375,0.46435546875,9.2));
#11849 = CARTESIAN_POINT('',(31.548805195548,0.41220697237,9.2));
#11850 = CARTESIAN_POINT('',(31.586793775012,0.354407952127,9.2));
#11851 = CARTESIAN_POINT('',(31.619762456422,0.291504189032,9.2));
#11852 = CARTESIAN_POINT('',(31.647902862961,0.224164009862,9.2));
#11853 = CARTESIAN_POINT('',(31.671511075737,0.153036801971,9.2));
#11854 = CARTESIAN_POINT('',(31.712837841841,-5.259965727062E-03,9.2));
#11855 = CARTESIAN_POINT('',(31.729400963357,-9.331257301836E-02,9.2));
#11856 = CARTESIAN_POINT('',(31.741106156045,-0.184705625364,9.2));
#11857 = CARTESIAN_POINT('',(31.748469408211,-0.278782918879,9.2));
#11858 = CARTESIAN_POINT('',(31.751953125,-0.375042477805,9.2));
#11859 = CARTESIAN_POINT('',(31.751953125,-0.47314453125,9.2));
#11860 = PCURVE('',#10307,#11861);
#11861 = DEFINITIONAL_REPRESENTATION('',(#11862),#11875);
#11862 = B_SPLINE_CURVE_WITH_KNOTS('',6,(#11863,#11864,#11865,#11866,
    #11867,#11868,#11869,#11870,#11871,#11872,#11873,#11874),
  .UNSPECIFIED.,.F.,.F.,(7,5,7),(0.,0.469666918516,1.),.UNSPECIFIED.);
#11863 = CARTESIAN_POINT('',(1.,-0.5));
#11864 = CARTESIAN_POINT('',(0.912744999521,-0.5));
#11865 = CARTESIAN_POINT('',(0.826425682969,-0.5));
#11866 = CARTESIAN_POINT('',(0.741537067681,-0.5));
#11867 = CARTESIAN_POINT('',(0.658395203494,-0.5));
#11868 = CARTESIAN_POINT('',(0.577188382281,-0.5));
#11869 = CARTESIAN_POINT('',(0.408582974578,-0.5));
#11870 = CARTESIAN_POINT('',(0.321742224478,-0.5));
#11871 = CARTESIAN_POINT('',(0.237538292641,-0.5));
#11872 = CARTESIAN_POINT('',(0.155927062989,-0.5));
#11873 = CARTESIAN_POINT('',(7.680160759E-02,-0.5));
#11874 = CARTESIAN_POINT('',(0.,-0.5));
#11875 = ( GEOMETRIC_REPRESENTATION_CONTEXT(2) 
PARAMETRIC_REPRESENTATION_CONTEXT() REPRESENTATION_CONTEXT('2D SPACE',''
  ) );
#11876 = PCURVE('',#11574,#11877);
#11877 = DEFINITIONAL_REPRESENTATION('',(#11878),#11891);
#11878 = B_SPLINE_CURVE_WITH_KNOTS('',6,(#11879,#11880,#11881,#11882,
    #11883,#11884,#11885,#11886,#11887,#11888,#11889,#11890),
  .UNSPECIFIED.,.F.,.F.,(7,5,7),(0.,0.469666918516,1.),.UNSPECIFIED.);
#11879 = CARTESIAN_POINT('',(33.105859375,12.86435546875));
#11880 = CARTESIAN_POINT('',(33.148805195548,12.81220697237));
#11881 = CARTESIAN_POINT('',(33.186793775012,12.754407952127));
#11882 = CARTESIAN_POINT('',(33.219762456422,12.691504189032));
#11883 = CARTESIAN_POINT('',(33.247902862961,12.624164009862));
#11884 = CARTESIAN_POINT('',(33.271511075737,12.553036801971));
#11885 = CARTESIAN_POINT('',(33.312837841841,12.394740034273));
#11886 = CARTESIAN_POINT('',(33.329400963357,12.306687426982));
#11887 = CARTESIAN_POINT('',(33.341106156045,12.215294374636));
#11888 = CARTESIAN_POINT('',(33.348469408211,12.121217081121));
#11889 = CARTESIAN_POINT('',(33.351953125,12.024957522195));
#11890 = CARTESIAN_POINT('',(33.351953125,11.92685546875));
#11891 = ( GEOMETRIC_REPRESENTATION_CONTEXT(2) 
PARAMETRIC_REPRESENTATION_CONTEXT() REPRESENTATION_CONTEXT('2D SPACE',''
  ) );
#11892 = ORIENTED_EDGE('',*,*,#11893,.F.);
#11893 = EDGE_CURVE('',#10292,#11844,#11894,.T.);
#11894 = SURFACE_CURVE('',#11895,(#11899,#11906),.PCURVE_S1.);
#11895 = LINE('',#11896,#11897);
#11896 = CARTESIAN_POINT('',(31.505859375,0.46435546875,8.7));
#11897 = VECTOR('',#11898,1.);
#11898 = DIRECTION('',(0.,0.,1.));
#11899 = PCURVE('',#10307,#11900);
#11900 = DEFINITIONAL_REPRESENTATION('',(#11901),#11905);
#11901 = LINE('',#11902,#11903);
#11902 = CARTESIAN_POINT('',(1.,0.));
#11903 = VECTOR('',#11904,1.);
#11904 = DIRECTION('',(0.,-1.));
#11905 = ( GEOMETRIC_REPRESENTATION_CONTEXT(2) 
PARAMETRIC_REPRESENTATION_CONTEXT() REPRESENTATION_CONTEXT('2D SPACE',''
  ) );
#11906 = PCURVE('',#10337,#11907);
#11907 = DEFINITIONAL_REPRESENTATION('',(#11908),#11912);
#11908 = LINE('',#11909,#11910);
#11909 = CARTESIAN_POINT('',(0.,0.));
#11910 = VECTOR('',#11911,1.);
#11911 = DIRECTION('',(0.,-1.));
#11912 = ( GEOMETRIC_REPRESENTATION_CONTEXT(2) 
PARAMETRIC_REPRESENTATION_CONTEXT() REPRESENTATION_CONTEXT('2D SPACE',''
  ) );
#11913 = ADVANCED_FACE('',(#11914),#10337,.F.);
#11914 = FACE_BOUND('',#11915,.F.);
#11915 = EDGE_LOOP('',(#11916,#11917,#11918,#11962));
#11916 = ORIENTED_EDGE('',*,*,#10321,.F.);
#11917 = ORIENTED_EDGE('',*,*,#11893,.T.);
#11918 = ORIENTED_EDGE('',*,*,#11919,.F.);
#11919 = EDGE_CURVE('',#11920,#11844,#11922,.T.);
#11920 = VERTEX_POINT('',#11921);
#11921 = CARTESIAN_POINT('',(30.8994140625,0.76318359375,9.2));
#11922 = SURFACE_CURVE('',#11923,(#11934,#11948),.PCURVE_S1.);
#11923 = B_SPLINE_CURVE_WITH_KNOTS('',5,(#11924,#11925,#11926,#11927,
    #11928,#11929,#11930,#11931,#11932,#11933),.UNSPECIFIED.,.F.,.F.,(6,
    4,6),(0.,0.399876969768,1.),.UNSPECIFIED.);
#11924 = CARTESIAN_POINT('',(30.8994140625,0.76318359375,9.2));
#11925 = CARTESIAN_POINT('',(30.956508120259,0.76318359375,9.2));
#11926 = CARTESIAN_POINT('',(31.012426877618,0.75849514078,9.2));
#11927 = CARTESIAN_POINT('',(31.066914997511,0.748915399159,9.2));
#11928 = CARTESIAN_POINT('',(31.119732337287,0.734354121313,9.2));
#11929 = CARTESIAN_POINT('',(31.247121173812,0.685683281663,9.2));
#11930 = CARTESIAN_POINT('',(31.319368465651,0.645425393135,9.2));
#11931 = CARTESIAN_POINT('',(31.386677588686,0.594388036262,9.2));
#11932 = CARTESIAN_POINT('',(31.448828267694,0.533607527622,9.2));
#11933 = CARTESIAN_POINT('',(31.505859375,0.46435546875,9.2));
#11934 = PCURVE('',#10337,#11935);
#11935 = DEFINITIONAL_REPRESENTATION('',(#11936),#11947);
#11936 = B_SPLINE_CURVE_WITH_KNOTS('',5,(#11937,#11938,#11939,#11940,
    #11941,#11942,#11943,#11944,#11945,#11946),.UNSPECIFIED.,.F.,.F.,(6,
    4,6),(0.,0.399876969768,1.),.UNSPECIFIED.);
#11937 = CARTESIAN_POINT('',(1.,-0.5));
#11938 = CARTESIAN_POINT('',(0.920780060779,-0.5));
#11939 = CARTESIAN_POINT('',(0.840703536701,-0.5));
#11940 = CARTESIAN_POINT('',(0.760017106658,-0.5));
#11941 = CARTESIAN_POINT('',(0.679006097877,-0.5));
#11942 = CARTESIAN_POINT('',(0.476428545276,-0.5));
#11943 = CARTESIAN_POINT('',(0.354825057122,-0.5));
#11944 = CARTESIAN_POINT('',(0.234354639369,-0.5));
#11945 = CARTESIAN_POINT('',(0.115872725956,-0.5));
#11946 = CARTESIAN_POINT('',(0.,-0.5));
#11947 = ( GEOMETRIC_REPRESENTATION_CONTEXT(2) 
PARAMETRIC_REPRESENTATION_CONTEXT() REPRESENTATION_CONTEXT('2D SPACE',''
  ) );
#11948 = PCURVE('',#11574,#11949);
#11949 = DEFINITIONAL_REPRESENTATION('',(#11950),#11961);
#11950 = B_SPLINE_CURVE_WITH_KNOTS('',5,(#11951,#11952,#11953,#11954,
    #11955,#11956,#11957,#11958,#11959,#11960),.UNSPECIFIED.,.F.,.F.,(6,
    4,6),(0.,0.399876969768,1.),.UNSPECIFIED.);
#11951 = CARTESIAN_POINT('',(32.4994140625,13.16318359375));
#11952 = CARTESIAN_POINT('',(32.556508120259,13.16318359375));
#11953 = CARTESIAN_POINT('',(32.612426877618,13.15849514078));
#11954 = CARTESIAN_POINT('',(32.666914997511,13.148915399159));
#11955 = CARTESIAN_POINT('',(32.719732337287,13.134354121313));
#11956 = CARTESIAN_POINT('',(32.847121173812,13.085683281663));
#11957 = CARTESIAN_POINT('',(32.919368465651,13.045425393135));
#11958 = CARTESIAN_POINT('',(32.986677588686,12.994388036262));
#11959 = CARTESIAN_POINT('',(33.048828267694,12.933607527622));
#11960 = CARTESIAN_POINT('',(33.105859375,12.86435546875));
#11961 = ( GEOMETRIC_REPRESENTATION_CONTEXT(2) 
PARAMETRIC_REPRESENTATION_CONTEXT() REPRESENTATION_CONTEXT('2D SPACE',''
  ) );
#11962 = ORIENTED_EDGE('',*,*,#11963,.F.);
#11963 = EDGE_CURVE('',#10322,#11920,#11964,.T.);
#11964 = SURFACE_CURVE('',#11965,(#11969,#11976),.PCURVE_S1.);
#11965 = LINE('',#11966,#11967);
#11966 = CARTESIAN_POINT('',(30.8994140625,0.76318359375,8.7));
#11967 = VECTOR('',#11968,1.);
#11968 = DIRECTION('',(0.,0.,1.));
#11969 = PCURVE('',#10337,#11970);
#11970 = DEFINITIONAL_REPRESENTATION('',(#11971),#11975);
#11971 = LINE('',#11972,#11973);
#11972 = CARTESIAN_POINT('',(1.,0.));
#11973 = VECTOR('',#11974,1.);
#11974 = DIRECTION('',(0.,-1.));
#11975 = ( GEOMETRIC_REPRESENTATION_CONTEXT(2) 
PARAMETRIC_REPRESENTATION_CONTEXT() REPRESENTATION_CONTEXT('2D SPACE',''
  ) );
#11976 = PCURVE('',#10367,#11977);
#11977 = DEFINITIONAL_REPRESENTATION('',(#11978),#11982);
#11978 = LINE('',#11979,#11980);
#11979 = CARTESIAN_POINT('',(0.,0.));
#11980 = VECTOR('',#11981,1.);
#11981 = DIRECTION('',(0.,-1.));
#11982 = ( GEOMETRIC_REPRESENTATION_CONTEXT(2) 
PARAMETRIC_REPRESENTATION_CONTEXT() REPRESENTATION_CONTEXT('2D SPACE',''
  ) );
#11983 = ADVANCED_FACE('',(#11984),#10367,.F.);
#11984 = FACE_BOUND('',#11985,.F.);
#11985 = EDGE_LOOP('',(#11986,#11987,#11988,#12032));
#11986 = ORIENTED_EDGE('',*,*,#10351,.F.);
#11987 = ORIENTED_EDGE('',*,*,#11963,.T.);
#11988 = ORIENTED_EDGE('',*,*,#11989,.F.);
#11989 = EDGE_CURVE('',#11990,#11920,#11992,.T.);
#11990 = VERTEX_POINT('',#11991);
#11991 = CARTESIAN_POINT('',(30.31201171875,0.47607421875,9.2));
#11992 = SURFACE_CURVE('',#11993,(#12004,#12018),.PCURVE_S1.);
#11993 = B_SPLINE_CURVE_WITH_KNOTS('',5,(#11994,#11995,#11996,#11997,
    #11998,#11999,#12000,#12001,#12002,#12003),.UNSPECIFIED.,.F.,.F.,(6,
    4,6),(0.,0.577588406841,1.),.UNSPECIFIED.);
#11994 = CARTESIAN_POINT('',(30.31201171875,0.47607421875,9.2));
#11995 = CARTESIAN_POINT('',(30.364838459598,0.540385033695,9.2));
#11996 = CARTESIAN_POINT('',(30.422360077988,0.596989985012,9.2));
#11997 = CARTESIAN_POINT('',(30.484604106276,0.644841638359,9.2));
#11998 = CARTESIAN_POINT('',(30.55138071179,0.683111180734,9.2));
#11999 = CARTESIAN_POINT('',(30.673807869473,0.732379894716,9.2));
#12000 = CARTESIAN_POINT('',(30.727639493655,0.747948191418,9.2));
#12001 = CARTESIAN_POINT('',(30.783364449895,0.758181521811,9.2));
#12002 = CARTESIAN_POINT('',(30.840717295589,0.76318359375,9.2));
#12003 = CARTESIAN_POINT('',(30.8994140625,0.76318359375,9.2));
#12004 = PCURVE('',#10367,#12005);
#12005 = DEFINITIONAL_REPRESENTATION('',(#12006),#12017);
#12006 = B_SPLINE_CURVE_WITH_KNOTS('',5,(#12007,#12008,#12009,#12010,
    #12011,#12012,#12013,#12014,#12015,#12016),.UNSPECIFIED.,.F.,.F.,(6,
    4,6),(0.,0.577588406841,1.),.UNSPECIFIED.);
#12007 = CARTESIAN_POINT('',(1.,-0.5));
#12008 = CARTESIAN_POINT('',(0.888002934517,-0.5));
#12009 = CARTESIAN_POINT('',(0.773746039398,-0.5));
#12010 = CARTESIAN_POINT('',(0.657790591534,-0.5));
#12011 = CARTESIAN_POINT('',(0.540881686113,-0.5));
#12012 = CARTESIAN_POINT('',(0.338520134654,-0.5));
#12013 = CARTESIAN_POINT('',(0.253035191132,-0.5));
#12014 = CARTESIAN_POINT('',(0.167915738803,-0.5));
#12015 = CARTESIAN_POINT('',(8.347984627282E-02,-0.5));
#12016 = CARTESIAN_POINT('',(0.,-0.5));
#12017 = ( GEOMETRIC_REPRESENTATION_CONTEXT(2) 
PARAMETRIC_REPRESENTATION_CONTEXT() REPRESENTATION_CONTEXT('2D SPACE',''
  ) );
#12018 = PCURVE('',#11574,#12019);
#12019 = DEFINITIONAL_REPRESENTATION('',(#12020),#12031);
#12020 = B_SPLINE_CURVE_WITH_KNOTS('',5,(#12021,#12022,#12023,#12024,
    #12025,#12026,#12027,#12028,#12029,#12030),.UNSPECIFIED.,.F.,.F.,(6,
    4,6),(0.,0.577588406841,1.),.UNSPECIFIED.);
#12021 = CARTESIAN_POINT('',(31.91201171875,12.87607421875));
#12022 = CARTESIAN_POINT('',(31.964838459598,12.940385033695));
#12023 = CARTESIAN_POINT('',(32.022360077988,12.996989985012));
#12024 = CARTESIAN_POINT('',(32.084604106276,13.044841638359));
#12025 = CARTESIAN_POINT('',(32.15138071179,13.083111180734));
#12026 = CARTESIAN_POINT('',(32.273807869473,13.132379894716));
#12027 = CARTESIAN_POINT('',(32.327639493655,13.147948191418));
#12028 = CARTESIAN_POINT('',(32.383364449895,13.158181521811));
#12029 = CARTESIAN_POINT('',(32.440717295589,13.16318359375));
#12030 = CARTESIAN_POINT('',(32.4994140625,13.16318359375));
#12031 = ( GEOMETRIC_REPRESENTATION_CONTEXT(2) 
PARAMETRIC_REPRESENTATION_CONTEXT() REPRESENTATION_CONTEXT('2D SPACE',''
  ) );
#12032 = ORIENTED_EDGE('',*,*,#12033,.F.);
#12033 = EDGE_CURVE('',#10352,#11990,#12034,.T.);
#12034 = SURFACE_CURVE('',#12035,(#12039,#12046),.PCURVE_S1.);
#12035 = LINE('',#12036,#12037);
#12036 = CARTESIAN_POINT('',(30.31201171875,0.47607421875,8.7));
#12037 = VECTOR('',#12038,1.);
#12038 = DIRECTION('',(0.,0.,1.));
#12039 = PCURVE('',#10367,#12040);
#12040 = DEFINITIONAL_REPRESENTATION('',(#12041),#12045);
#12041 = LINE('',#12042,#12043);
#12042 = CARTESIAN_POINT('',(1.,0.));
#12043 = VECTOR('',#12044,1.);
#12044 = DIRECTION('',(0.,-1.));
#12045 = ( GEOMETRIC_REPRESENTATION_CONTEXT(2) 
PARAMETRIC_REPRESENTATION_CONTEXT() REPRESENTATION_CONTEXT('2D SPACE',''
  ) );
#12046 = PCURVE('',#10395,#12047);
#12047 = DEFINITIONAL_REPRESENTATION('',(#12048),#12052);
#12048 = LINE('',#12049,#12050);
#12049 = CARTESIAN_POINT('',(0.,0.));
#12050 = VECTOR('',#12051,1.);
#12051 = DIRECTION('',(0.,-1.));
#12052 = ( GEOMETRIC_REPRESENTATION_CONTEXT(2) 
PARAMETRIC_REPRESENTATION_CONTEXT() REPRESENTATION_CONTEXT('2D SPACE',''
  ) );
#12053 = ADVANCED_FACE('',(#12054),#10395,.F.);
#12054 = FACE_BOUND('',#12055,.F.);
#12055 = EDGE_LOOP('',(#12056,#12057,#12058,#12106));
#12056 = ORIENTED_EDGE('',*,*,#10381,.F.);
#12057 = ORIENTED_EDGE('',*,*,#12033,.T.);
#12058 = ORIENTED_EDGE('',*,*,#12059,.F.);
#12059 = EDGE_CURVE('',#11518,#11990,#12060,.T.);
#12060 = SURFACE_CURVE('',#12061,(#12074,#12090),.PCURVE_S1.);
#12061 = B_SPLINE_CURVE_WITH_KNOTS('',6,(#12062,#12063,#12064,#12065,
    #12066,#12067,#12068,#12069,#12070,#12071,#12072,#12073),
  .UNSPECIFIED.,.F.,.F.,(7,5,7),(0.,0.531632457958,1.),.UNSPECIFIED.);
#12062 = CARTESIAN_POINT('',(30.076171875,-0.42919921875,9.2));
#12063 = CARTESIAN_POINT('',(30.076171875,-0.333747350351,9.2));
#12064 = CARTESIAN_POINT('',(30.079545684307,-0.240181613814,9.2));
#12065 = CARTESIAN_POINT('',(30.086671526908,-0.148841714402,9.2));
#12066 = CARTESIAN_POINT('',(30.097989318496,-6.022176187213E-02,9.2));
#12067 = CARTESIAN_POINT('',(30.113987455383,2.503827011782E-02,9.2));
#12068 = CARTESIAN_POINT('',(30.153760009218,0.177705588567,9.2));
#12069 = CARTESIAN_POINT('',(30.176381895242,0.246028139269,9.2));
#12070 = CARTESIAN_POINT('',(30.203306437679,0.310630408452,9.2));
#12071 = CARTESIAN_POINT('',(30.234806725684,0.370901971626,9.2));
#12072 = CARTESIAN_POINT('',(30.271059381243,0.426219199177,9.2));
#12073 = CARTESIAN_POINT('',(30.31201171875,0.47607421875,9.2));
#12074 = PCURVE('',#10395,#12075);
#12075 = DEFINITIONAL_REPRESENTATION('',(#12076),#12089);
#12076 = B_SPLINE_CURVE_WITH_KNOTS('',6,(#12077,#12078,#12079,#12080,
    #12081,#12082,#12083,#12084,#12085,#12086,#12087,#12088),
  .UNSPECIFIED.,.F.,.F.,(7,5,7),(0.,0.531632457958,1.),.UNSPECIFIED.);
#12077 = CARTESIAN_POINT('',(1.,-0.5));
#12078 = CARTESIAN_POINT('',(0.922794065371,-0.5));
#12079 = CARTESIAN_POINT('',(0.843283099971,-0.5));
#12080 = CARTESIAN_POINT('',(0.761312437864,-0.5));
#12081 = CARTESIAN_POINT('',(0.676782257934,-0.5));
#12082 = CARTESIAN_POINT('',(0.589655675727,-0.5));
#12083 = CARTESIAN_POINT('',(0.421013459878,-0.5));
#12084 = CARTESIAN_POINT('',(0.340066101102,-0.5));
#12085 = CARTESIAN_POINT('',(0.257242644743,-0.5));
#12086 = CARTESIAN_POINT('',(0.172726765305,-0.5));
#12087 = CARTESIAN_POINT('',(8.682234701195E-02,-0.5));
#12088 = CARTESIAN_POINT('',(0.,-0.5));
#12089 = ( GEOMETRIC_REPRESENTATION_CONTEXT(2) 
PARAMETRIC_REPRESENTATION_CONTEXT() REPRESENTATION_CONTEXT('2D SPACE',''
  ) );
#12090 = PCURVE('',#11574,#12091);
#12091 = DEFINITIONAL_REPRESENTATION('',(#12092),#12105);
#12092 = B_SPLINE_CURVE_WITH_KNOTS('',6,(#12093,#12094,#12095,#12096,
    #12097,#12098,#12099,#12100,#12101,#12102,#12103,#12104),
  .UNSPECIFIED.,.F.,.F.,(7,5,7),(0.,0.531632457958,1.),.UNSPECIFIED.);
#12093 = CARTESIAN_POINT('',(31.676171875,11.97080078125));
#12094 = CARTESIAN_POINT('',(31.676171875,12.066252649649));
#12095 = CARTESIAN_POINT('',(31.679545684307,12.159818386186));
#12096 = CARTESIAN_POINT('',(31.686671526908,12.251158285598));
#12097 = CARTESIAN_POINT('',(31.697989318496,12.339778238128));
#12098 = CARTESIAN_POINT('',(31.713987455383,12.425038270118));
#12099 = CARTESIAN_POINT('',(31.753760009218,12.577705588567));
#12100 = CARTESIAN_POINT('',(31.776381895242,12.646028139269));
#12101 = CARTESIAN_POINT('',(31.803306437679,12.710630408452));
#12102 = CARTESIAN_POINT('',(31.834806725684,12.770901971626));
#12103 = CARTESIAN_POINT('',(31.871059381243,12.826219199177));
#12104 = CARTESIAN_POINT('',(31.91201171875,12.87607421875));
#12105 = ( GEOMETRIC_REPRESENTATION_CONTEXT(2) 
PARAMETRIC_REPRESENTATION_CONTEXT() REPRESENTATION_CONTEXT('2D SPACE',''
  ) );
#12106 = ORIENTED_EDGE('',*,*,#11517,.F.);
#12107 = ADVANCED_FACE('',(#12108),#10435,.T.);
#12108 = FACE_BOUND('',#12109,.T.);
#12109 = EDGE_LOOP('',(#12110,#12133,#12134,#12157));
#12110 = ORIENTED_EDGE('',*,*,#12111,.F.);
#12111 = EDGE_CURVE('',#10419,#12112,#12114,.T.);
#12112 = VERTEX_POINT('',#12113);
#12113 = CARTESIAN_POINT('',(67.6,-9.4,7.8));
#12114 = SURFACE_CURVE('',#12115,(#12119,#12126),.PCURVE_S1.);
#12115 = LINE('',#12116,#12117);
#12116 = CARTESIAN_POINT('',(67.6,-9.4,5.));
#12117 = VECTOR('',#12118,1.);
#12118 = DIRECTION('',(0.,0.,1.));
#12119 = PCURVE('',#10435,#12120);
#12120 = DEFINITIONAL_REPRESENTATION('',(#12121),#12125);
#12121 = LINE('',#12122,#12123);
#12122 = CARTESIAN_POINT('',(0.,66.2));
#12123 = VECTOR('',#12124,1.);
#12124 = DIRECTION('',(1.,0.));
#12125 = ( GEOMETRIC_REPRESENTATION_CONTEXT(2) 
PARAMETRIC_REPRESENTATION_CONTEXT() REPRESENTATION_CONTEXT('2D SPACE',''
  ) );
#12126 = PCURVE('',#10511,#12127);
#12127 = DEFINITIONAL_REPRESENTATION('',(#12128),#12132);
#12128 = LINE('',#12129,#12130);
#12129 = CARTESIAN_POINT('',(0.,0.));
#12130 = VECTOR('',#12131,1.);
#12131 = DIRECTION('',(1.,0.));
#12132 = ( GEOMETRIC_REPRESENTATION_CONTEXT(2) 
PARAMETRIC_REPRESENTATION_CONTEXT() REPRESENTATION_CONTEXT('2D SPACE',''
  ) );
#12133 = ORIENTED_EDGE('',*,*,#10418,.T.);
#12134 = ORIENTED_EDGE('',*,*,#12135,.T.);
#12135 = EDGE_CURVE('',#10421,#12136,#12138,.T.);
#12136 = VERTEX_POINT('',#12137);
#12137 = CARTESIAN_POINT('',(1.4,-9.4,7.8));
#12138 = SURFACE_CURVE('',#12139,(#12143,#12150),.PCURVE_S1.);
#12139 = LINE('',#12140,#12141);
#12140 = CARTESIAN_POINT('',(1.4,-9.4,5.));
#12141 = VECTOR('',#12142,1.);
#12142 = DIRECTION('',(0.,0.,1.));
#12143 = PCURVE('',#10435,#12144);
#12144 = DEFINITIONAL_REPRESENTATION('',(#12145),#12149);
#12145 = LINE('',#12146,#12147);
#12146 = CARTESIAN_POINT('',(0.,0.));
#12147 = VECTOR('',#12148,1.);
#12148 = DIRECTION('',(1.,0.));
#12149 = ( GEOMETRIC_REPRESENTATION_CONTEXT(2) 
PARAMETRIC_REPRESENTATION_CONTEXT() REPRESENTATION_CONTEXT('2D SPACE',''
  ) );
#12150 = PCURVE('',#10461,#12151);
#12151 = DEFINITIONAL_REPRESENTATION('',(#12152),#12156);
#12152 = LINE('',#12153,#12154);
#12153 = CARTESIAN_POINT('',(0.,0.));
#12154 = VECTOR('',#12155,1.);
#12155 = DIRECTION('',(1.,0.));
#12156 = ( GEOMETRIC_REPRESENTATION_CONTEXT(2) 
PARAMETRIC_REPRESENTATION_CONTEXT() REPRESENTATION_CONTEXT('2D SPACE',''
  ) );
#12157 = ORIENTED_EDGE('',*,*,#12158,.F.);
#12158 = EDGE_CURVE('',#12112,#12136,#12159,.T.);
#12159 = SURFACE_CURVE('',#12160,(#12164,#12170),.PCURVE_S1.);
#12160 = LINE('',#12161,#12162);
#12161 = CARTESIAN_POINT('',(0.8,-9.4,7.8));
#12162 = VECTOR('',#12163,1.);
#12163 = DIRECTION('',(-1.,0.,0.));
#12164 = PCURVE('',#10435,#12165);
#12165 = DEFINITIONAL_REPRESENTATION('',(#12166),#12169);
#12166 = B_SPLINE_CURVE_WITH_KNOTS('',1,(#12167,#12168),.UNSPECIFIED.,
  .F.,.F.,(2,2),(-66.8,-0.6),.PIECEWISE_BEZIER_KNOTS.);
#12167 = CARTESIAN_POINT('',(2.8,66.2));
#12168 = CARTESIAN_POINT('',(2.8,0.));
#12169 = ( GEOMETRIC_REPRESENTATION_CONTEXT(2) 
PARAMETRIC_REPRESENTATION_CONTEXT() REPRESENTATION_CONTEXT('2D SPACE',''
  ) );
#12170 = PCURVE('',#12171,#12176);
#12171 = PLANE('',#12172);
#12172 = AXIS2_PLACEMENT_3D('',#12173,#12174,#12175);
#12173 = CARTESIAN_POINT('',(-1.6,-12.4,7.8));
#12174 = DIRECTION('',(0.,0.,1.));
#12175 = DIRECTION('',(1.,0.,0.));
#12176 = DEFINITIONAL_REPRESENTATION('',(#12177),#12181);
#12177 = LINE('',#12178,#12179);
#12178 = CARTESIAN_POINT('',(2.4,3.));
#12179 = VECTOR('',#12180,1.);
#12180 = DIRECTION('',(-1.,0.));
#12181 = ( GEOMETRIC_REPRESENTATION_CONTEXT(2) 
PARAMETRIC_REPRESENTATION_CONTEXT() REPRESENTATION_CONTEXT('2D SPACE',''
  ) );
#12182 = ADVANCED_FACE('',(#12183),#10511,.F.);
#12183 = FACE_BOUND('',#12184,.F.);
#12184 = EDGE_LOOP('',(#12185,#12186,#12187,#12210));
#12185 = ORIENTED_EDGE('',*,*,#12111,.F.);
#12186 = ORIENTED_EDGE('',*,*,#10498,.T.);
#12187 = ORIENTED_EDGE('',*,*,#12188,.T.);
#12188 = EDGE_CURVE('',#10473,#12189,#12191,.T.);
#12189 = VERTEX_POINT('',#12190);
#12190 = CARTESIAN_POINT('',(67.6,9.4,7.8));
#12191 = SURFACE_CURVE('',#12192,(#12196,#12203),.PCURVE_S1.);
#12192 = LINE('',#12193,#12194);
#12193 = CARTESIAN_POINT('',(67.6,9.4,5.));
#12194 = VECTOR('',#12195,1.);
#12195 = DIRECTION('',(0.,0.,1.));
#12196 = PCURVE('',#10511,#12197);
#12197 = DEFINITIONAL_REPRESENTATION('',(#12198),#12202);
#12198 = LINE('',#12199,#12200);
#12199 = CARTESIAN_POINT('',(0.,-18.8));
#12200 = VECTOR('',#12201,1.);
#12201 = DIRECTION('',(1.,0.));
#12202 = ( GEOMETRIC_REPRESENTATION_CONTEXT(2) 
PARAMETRIC_REPRESENTATION_CONTEXT() REPRESENTATION_CONTEXT('2D SPACE',''
  ) );
#12203 = PCURVE('',#10487,#12204);
#12204 = DEFINITIONAL_REPRESENTATION('',(#12205),#12209);
#12205 = LINE('',#12206,#12207);
#12206 = CARTESIAN_POINT('',(0.,66.2));
#12207 = VECTOR('',#12208,1.);
#12208 = DIRECTION('',(1.,0.));
#12209 = ( GEOMETRIC_REPRESENTATION_CONTEXT(2) 
PARAMETRIC_REPRESENTATION_CONTEXT() REPRESENTATION_CONTEXT('2D SPACE',''
  ) );
#12210 = ORIENTED_EDGE('',*,*,#12211,.F.);
#12211 = EDGE_CURVE('',#12112,#12189,#12212,.T.);
#12212 = SURFACE_CURVE('',#12213,(#12217,#12223),.PCURVE_S1.);
#12213 = LINE('',#12214,#12215);
#12214 = CARTESIAN_POINT('',(67.6,-10.,7.8));
#12215 = VECTOR('',#12216,1.);
#12216 = DIRECTION('',(0.,1.,0.));
#12217 = PCURVE('',#10511,#12218);
#12218 = DEFINITIONAL_REPRESENTATION('',(#12219),#12222);
#12219 = B_SPLINE_CURVE_WITH_KNOTS('',1,(#12220,#12221),.UNSPECIFIED.,
  .F.,.F.,(2,2),(0.6,19.4),.PIECEWISE_BEZIER_KNOTS.);
#12220 = CARTESIAN_POINT('',(2.8,0.));
#12221 = CARTESIAN_POINT('',(2.8,-18.8));
#12222 = ( GEOMETRIC_REPRESENTATION_CONTEXT(2) 
PARAMETRIC_REPRESENTATION_CONTEXT() REPRESENTATION_CONTEXT('2D SPACE',''
  ) );
#12223 = PCURVE('',#12171,#12224);
#12224 = DEFINITIONAL_REPRESENTATION('',(#12225),#12229);
#12225 = LINE('',#12226,#12227);
#12226 = CARTESIAN_POINT('',(69.2,2.4));
#12227 = VECTOR('',#12228,1.);
#12228 = DIRECTION('',(0.,1.));
#12229 = ( GEOMETRIC_REPRESENTATION_CONTEXT(2) 
PARAMETRIC_REPRESENTATION_CONTEXT() REPRESENTATION_CONTEXT('2D SPACE',''
  ) );
#12230 = ADVANCED_FACE('',(#12231),#10487,.F.);
#12231 = FACE_BOUND('',#12232,.F.);
#12232 = EDGE_LOOP('',(#12233,#12234,#12235,#12258));
#12233 = ORIENTED_EDGE('',*,*,#12188,.F.);
#12234 = ORIENTED_EDGE('',*,*,#10472,.T.);
#12235 = ORIENTED_EDGE('',*,*,#12236,.T.);
#12236 = EDGE_CURVE('',#10447,#12237,#12239,.T.);
#12237 = VERTEX_POINT('',#12238);
#12238 = CARTESIAN_POINT('',(1.4,9.4,7.8));
#12239 = SURFACE_CURVE('',#12240,(#12244,#12251),.PCURVE_S1.);
#12240 = LINE('',#12241,#12242);
#12241 = CARTESIAN_POINT('',(1.4,9.4,5.));
#12242 = VECTOR('',#12243,1.);
#12243 = DIRECTION('',(0.,0.,1.));
#12244 = PCURVE('',#10487,#12245);
#12245 = DEFINITIONAL_REPRESENTATION('',(#12246),#12250);
#12246 = LINE('',#12247,#12248);
#12247 = CARTESIAN_POINT('',(0.,0.));
#12248 = VECTOR('',#12249,1.);
#12249 = DIRECTION('',(1.,0.));
#12250 = ( GEOMETRIC_REPRESENTATION_CONTEXT(2) 
PARAMETRIC_REPRESENTATION_CONTEXT() REPRESENTATION_CONTEXT('2D SPACE',''
  ) );
#12251 = PCURVE('',#10461,#12252);
#12252 = DEFINITIONAL_REPRESENTATION('',(#12253),#12257);
#12253 = LINE('',#12254,#12255);
#12254 = CARTESIAN_POINT('',(0.,-18.8));
#12255 = VECTOR('',#12256,1.);
#12256 = DIRECTION('',(1.,0.));
#12257 = ( GEOMETRIC_REPRESENTATION_CONTEXT(2) 
PARAMETRIC_REPRESENTATION_CONTEXT() REPRESENTATION_CONTEXT('2D SPACE',''
  ) );
#12258 = ORIENTED_EDGE('',*,*,#12259,.F.);
#12259 = EDGE_CURVE('',#12189,#12237,#12260,.T.);
#12260 = SURFACE_CURVE('',#12261,(#12265,#12271),.PCURVE_S1.);
#12261 = LINE('',#12262,#12263);
#12262 = CARTESIAN_POINT('',(0.8,9.4,7.8));
#12263 = VECTOR('',#12264,1.);
#12264 = DIRECTION('',(-1.,0.,0.));
#12265 = PCURVE('',#10487,#12266);
#12266 = DEFINITIONAL_REPRESENTATION('',(#12267),#12270);
#12267 = B_SPLINE_CURVE_WITH_KNOTS('',1,(#12268,#12269),.UNSPECIFIED.,
  .F.,.F.,(2,2),(-66.8,-0.6),.PIECEWISE_BEZIER_KNOTS.);
#12268 = CARTESIAN_POINT('',(2.8,66.2));
#12269 = CARTESIAN_POINT('',(2.8,0.));
#12270 = ( GEOMETRIC_REPRESENTATION_CONTEXT(2) 
PARAMETRIC_REPRESENTATION_CONTEXT() REPRESENTATION_CONTEXT('2D SPACE',''
  ) );
#12271 = PCURVE('',#12171,#12272);
#12272 = DEFINITIONAL_REPRESENTATION('',(#12273),#12277);
#12273 = LINE('',#12274,#12275);
#12274 = CARTESIAN_POINT('',(2.4,21.8));
#12275 = VECTOR('',#12276,1.);
#12276 = DIRECTION('',(-1.,0.));
#12277 = ( GEOMETRIC_REPRESENTATION_CONTEXT(2) 
PARAMETRIC_REPRESENTATION_CONTEXT() REPRESENTATION_CONTEXT('2D SPACE',''
  ) );
#12278 = ADVANCED_FACE('',(#12279),#10461,.T.);
#12279 = FACE_BOUND('',#12280,.T.);
#12280 = EDGE_LOOP('',(#12281,#12282,#12283,#12284));
#12281 = ORIENTED_EDGE('',*,*,#12135,.F.);
#12282 = ORIENTED_EDGE('',*,*,#10446,.T.);
#12283 = ORIENTED_EDGE('',*,*,#12236,.T.);
#12284 = ORIENTED_EDGE('',*,*,#12285,.F.);
#12285 = EDGE_CURVE('',#12136,#12237,#12286,.T.);
#12286 = SURFACE_CURVE('',#12287,(#12291,#12297),.PCURVE_S1.);
#12287 = LINE('',#12288,#12289);
#12288 = CARTESIAN_POINT('',(1.4,-10.,7.8));
#12289 = VECTOR('',#12290,1.);
#12290 = DIRECTION('',(0.,1.,0.));
#12291 = PCURVE('',#10461,#12292);
#12292 = DEFINITIONAL_REPRESENTATION('',(#12293),#12296);
#12293 = B_SPLINE_CURVE_WITH_KNOTS('',1,(#12294,#12295),.UNSPECIFIED.,
  .F.,.F.,(2,2),(0.6,19.4),.PIECEWISE_BEZIER_KNOTS.);
#12294 = CARTESIAN_POINT('',(2.8,0.));
#12295 = CARTESIAN_POINT('',(2.8,-18.8));
#12296 = ( GEOMETRIC_REPRESENTATION_CONTEXT(2) 
PARAMETRIC_REPRESENTATION_CONTEXT() REPRESENTATION_CONTEXT('2D SPACE',''
  ) );
#12297 = PCURVE('',#12171,#12298);
#12298 = DEFINITIONAL_REPRESENTATION('',(#12299),#12303);
#12299 = LINE('',#12300,#12301);
#12300 = CARTESIAN_POINT('',(3.,2.4));
#12301 = VECTOR('',#12302,1.);
#12302 = DIRECTION('',(0.,1.));
#12303 = ( GEOMETRIC_REPRESENTATION_CONTEXT(2) 
PARAMETRIC_REPRESENTATION_CONTEXT() REPRESENTATION_CONTEXT('2D SPACE',''
  ) );
#12304 = ADVANCED_FACE('',(#12305),#10586,.F.);
#12305 = FACE_BOUND('',#12306,.F.);
#12306 = EDGE_LOOP('',(#12307,#12308,#12309,#12310));
#12307 = ORIENTED_EDGE('',*,*,#10675,.F.);
#12308 = ORIENTED_EDGE('',*,*,#10701,.T.);
#12309 = ORIENTED_EDGE('',*,*,#10572,.T.);
#12310 = ORIENTED_EDGE('',*,*,#10625,.F.);
#12311 = ADVANCED_FACE('',(#12312),#10765,.T.);
#12312 = FACE_BOUND('',#12313,.T.);
#12313 = EDGE_LOOP('',(#12314,#12315,#12316,#12317));
#12314 = ORIENTED_EDGE('',*,*,#10874,.F.);
#12315 = ORIENTED_EDGE('',*,*,#10900,.T.);
#12316 = ORIENTED_EDGE('',*,*,#10749,.T.);
#12317 = ORIENTED_EDGE('',*,*,#10802,.F.);
#12318 = ADVANCED_FACE('',(#12319),#10985,.T.);
#12319 = FACE_BOUND('',#12320,.T.);
#12320 = EDGE_LOOP('',(#12321,#12322,#12323,#12324,#12325,#12326,#12327,
    #12328));
#12321 = ORIENTED_EDGE('',*,*,#10951,.F.);
#12322 = ORIENTED_EDGE('',*,*,#11032,.F.);
#12323 = ORIENTED_EDGE('',*,*,#11102,.F.);
#12324 = ORIENTED_EDGE('',*,*,#11172,.F.);
#12325 = ORIENTED_EDGE('',*,*,#11248,.F.);
#12326 = ORIENTED_EDGE('',*,*,#11324,.F.);
#12327 = ORIENTED_EDGE('',*,*,#11394,.F.);
#12328 = ORIENTED_EDGE('',*,*,#11464,.F.);
#12329 = ADVANCED_FACE('',(#12330),#11574,.T.);
#12330 = FACE_BOUND('',#12331,.T.);
#12331 = EDGE_LOOP('',(#12332,#12333,#12334,#12335,#12336,#12337,#12338,
    #12339));
#12332 = ORIENTED_EDGE('',*,*,#11540,.F.);
#12333 = ORIENTED_EDGE('',*,*,#11621,.F.);
#12334 = ORIENTED_EDGE('',*,*,#11697,.F.);
#12335 = ORIENTED_EDGE('',*,*,#11767,.F.);
#12336 = ORIENTED_EDGE('',*,*,#11843,.F.);
#12337 = ORIENTED_EDGE('',*,*,#11919,.F.);
#12338 = ORIENTED_EDGE('',*,*,#11989,.F.);
#12339 = ORIENTED_EDGE('',*,*,#12059,.F.);
#12340 = ADVANCED_FACE('',(#12341,#12347,#12461),#12171,.F.);
#12341 = FACE_BOUND('',#12342,.F.);
#12342 = EDGE_LOOP('',(#12343,#12344,#12345,#12346));
#12343 = ORIENTED_EDGE('',*,*,#12158,.F.);
#12344 = ORIENTED_EDGE('',*,*,#12211,.T.);
#12345 = ORIENTED_EDGE('',*,*,#12259,.T.);
#12346 = ORIENTED_EDGE('',*,*,#12285,.F.);
#12347 = FACE_BOUND('',#12348,.F.);
#12348 = EDGE_LOOP('',(#12349,#12379,#12407,#12435));
#12349 = ORIENTED_EDGE('',*,*,#12350,.T.);
#12350 = EDGE_CURVE('',#12351,#12353,#12355,.T.);
#12351 = VERTEX_POINT('',#12352);
#12352 = CARTESIAN_POINT('',(4.,-8.9,7.8));
#12353 = VERTEX_POINT('',#12354);
#12354 = CARTESIAN_POINT('',(4.,-8.1,7.8));
#12355 = SURFACE_CURVE('',#12356,(#12360,#12367),.PCURVE_S1.);
#12356 = LINE('',#12357,#12358);
#12357 = CARTESIAN_POINT('',(4.,-8.9,7.8));
#12358 = VECTOR('',#12359,1.);
#12359 = DIRECTION('',(0.,1.,0.));
#12360 = PCURVE('',#12171,#12361);
#12361 = DEFINITIONAL_REPRESENTATION('',(#12362),#12366);
#12362 = LINE('',#12363,#12364);
#12363 = CARTESIAN_POINT('',(5.6,3.5));
#12364 = VECTOR('',#12365,1.);
#12365 = DIRECTION('',(0.,1.));
#12366 = ( GEOMETRIC_REPRESENTATION_CONTEXT(2) 
PARAMETRIC_REPRESENTATION_CONTEXT() REPRESENTATION_CONTEXT('2D SPACE',''
  ) );
#12367 = PCURVE('',#12368,#12373);
#12368 = PLANE('',#12369);
#12369 = AXIS2_PLACEMENT_3D('',#12370,#12371,#12372);
#12370 = CARTESIAN_POINT('',(4.,-8.9,2.75));
#12371 = DIRECTION('',(1.,0.,0.));
#12372 = DIRECTION('',(0.,0.,1.));
#12373 = DEFINITIONAL_REPRESENTATION('',(#12374),#12378);
#12374 = LINE('',#12375,#12376);
#12375 = CARTESIAN_POINT('',(5.05,0.));
#12376 = VECTOR('',#12377,1.);
#12377 = DIRECTION('',(0.,-1.));
#12378 = ( GEOMETRIC_REPRESENTATION_CONTEXT(2) 
PARAMETRIC_REPRESENTATION_CONTEXT() REPRESENTATION_CONTEXT('2D SPACE',''
  ) );
#12379 = ORIENTED_EDGE('',*,*,#12380,.T.);
#12380 = EDGE_CURVE('',#12353,#12381,#12383,.T.);
#12381 = VERTEX_POINT('',#12382);
#12382 = CARTESIAN_POINT('',(17.,-8.1,7.8));
#12383 = SURFACE_CURVE('',#12384,(#12388,#12395),.PCURVE_S1.);
#12384 = LINE('',#12385,#12386);
#12385 = CARTESIAN_POINT('',(4.,-8.1,7.8));
#12386 = VECTOR('',#12387,1.);
#12387 = DIRECTION('',(1.,0.,0.));
#12388 = PCURVE('',#12171,#12389);
#12389 = DEFINITIONAL_REPRESENTATION('',(#12390),#12394);
#12390 = LINE('',#12391,#12392);
#12391 = CARTESIAN_POINT('',(5.6,4.3));
#12392 = VECTOR('',#12393,1.);
#12393 = DIRECTION('',(1.,0.));
#12394 = ( GEOMETRIC_REPRESENTATION_CONTEXT(2) 
PARAMETRIC_REPRESENTATION_CONTEXT() REPRESENTATION_CONTEXT('2D SPACE',''
  ) );
#12395 = PCURVE('',#12396,#12401);
#12396 = PLANE('',#12397);
#12397 = AXIS2_PLACEMENT_3D('',#12398,#12399,#12400);
#12398 = CARTESIAN_POINT('',(4.,-8.1,2.75));
#12399 = DIRECTION('',(0.,1.,0.));
#12400 = DIRECTION('',(0.,0.,1.));
#12401 = DEFINITIONAL_REPRESENTATION('',(#12402),#12406);
#12402 = LINE('',#12403,#12404);
#12403 = CARTESIAN_POINT('',(5.05,0.));
#12404 = VECTOR('',#12405,1.);
#12405 = DIRECTION('',(0.,1.));
#12406 = ( GEOMETRIC_REPRESENTATION_CONTEXT(2) 
PARAMETRIC_REPRESENTATION_CONTEXT() REPRESENTATION_CONTEXT('2D SPACE',''
  ) );
#12407 = ORIENTED_EDGE('',*,*,#12408,.F.);
#12408 = EDGE_CURVE('',#12409,#12381,#12411,.T.);
#12409 = VERTEX_POINT('',#12410);
#12410 = CARTESIAN_POINT('',(17.,-8.9,7.8));
#12411 = SURFACE_CURVE('',#12412,(#12416,#12423),.PCURVE_S1.);
#12412 = LINE('',#12413,#12414);
#12413 = CARTESIAN_POINT('',(17.,-8.9,7.8));
#12414 = VECTOR('',#12415,1.);
#12415 = DIRECTION('',(0.,1.,0.));
#12416 = PCURVE('',#12171,#12417);
#12417 = DEFINITIONAL_REPRESENTATION('',(#12418),#12422);
#12418 = LINE('',#12419,#12420);
#12419 = CARTESIAN_POINT('',(18.6,3.5));
#12420 = VECTOR('',#12421,1.);
#12421 = DIRECTION('',(0.,1.));
#12422 = ( GEOMETRIC_REPRESENTATION_CONTEXT(2) 
PARAMETRIC_REPRESENTATION_CONTEXT() REPRESENTATION_CONTEXT('2D SPACE',''
  ) );
#12423 = PCURVE('',#12424,#12429);
#12424 = PLANE('',#12425);
#12425 = AXIS2_PLACEMENT_3D('',#12426,#12427,#12428);
#12426 = CARTESIAN_POINT('',(17.,-8.9,2.75));
#12427 = DIRECTION('',(1.,0.,0.));
#12428 = DIRECTION('',(0.,0.,1.));
#12429 = DEFINITIONAL_REPRESENTATION('',(#12430),#12434);
#12430 = LINE('',#12431,#12432);
#12431 = CARTESIAN_POINT('',(5.05,0.));
#12432 = VECTOR('',#12433,1.);
#12433 = DIRECTION('',(0.,-1.));
#12434 = ( GEOMETRIC_REPRESENTATION_CONTEXT(2) 
PARAMETRIC_REPRESENTATION_CONTEXT() REPRESENTATION_CONTEXT('2D SPACE',''
  ) );
#12435 = ORIENTED_EDGE('',*,*,#12436,.F.);
#12436 = EDGE_CURVE('',#12351,#12409,#12437,.T.);
#12437 = SURFACE_CURVE('',#12438,(#12442,#12449),.PCURVE_S1.);
#12438 = LINE('',#12439,#12440);
#12439 = CARTESIAN_POINT('',(4.,-8.9,7.8));
#12440 = VECTOR('',#12441,1.);
#12441 = DIRECTION('',(1.,0.,0.));
#12442 = PCURVE('',#12171,#12443);
#12443 = DEFINITIONAL_REPRESENTATION('',(#12444),#12448);
#12444 = LINE('',#12445,#12446);
#12445 = CARTESIAN_POINT('',(5.6,3.5));
#12446 = VECTOR('',#12447,1.);
#12447 = DIRECTION('',(1.,0.));
#12448 = ( GEOMETRIC_REPRESENTATION_CONTEXT(2) 
PARAMETRIC_REPRESENTATION_CONTEXT() REPRESENTATION_CONTEXT('2D SPACE',''
  ) );
#12449 = PCURVE('',#12450,#12455);
#12450 = PLANE('',#12451);
#12451 = AXIS2_PLACEMENT_3D('',#12452,#12453,#12454);
#12452 = CARTESIAN_POINT('',(4.,-8.9,2.75));
#12453 = DIRECTION('',(0.,1.,0.));
#12454 = DIRECTION('',(0.,0.,1.));
#12455 = DEFINITIONAL_REPRESENTATION('',(#12456),#12460);
#12456 = LINE('',#12457,#12458);
#12457 = CARTESIAN_POINT('',(5.05,0.));
#12458 = VECTOR('',#12459,1.);
#12459 = DIRECTION('',(0.,1.));
#12460 = ( GEOMETRIC_REPRESENTATION_CONTEXT(2) 
PARAMETRIC_REPRESENTATION_CONTEXT() REPRESENTATION_CONTEXT('2D SPACE',''
  ) );
#12461 = FACE_BOUND('',#12462,.F.);
#12462 = EDGE_LOOP('',(#12463,#12493,#12521,#12549));
#12463 = ORIENTED_EDGE('',*,*,#12464,.T.);
#12464 = EDGE_CURVE('',#12465,#12467,#12469,.T.);
#12465 = VERTEX_POINT('',#12466);
#12466 = CARTESIAN_POINT('',(4.,8.1,7.8));
#12467 = VERTEX_POINT('',#12468);
#12468 = CARTESIAN_POINT('',(4.,8.9,7.8));
#12469 = SURFACE_CURVE('',#12470,(#12474,#12481),.PCURVE_S1.);
#12470 = LINE('',#12471,#12472);
#12471 = CARTESIAN_POINT('',(4.,8.1,7.8));
#12472 = VECTOR('',#12473,1.);
#12473 = DIRECTION('',(0.,1.,0.));
#12474 = PCURVE('',#12171,#12475);
#12475 = DEFINITIONAL_REPRESENTATION('',(#12476),#12480);
#12476 = LINE('',#12477,#12478);
#12477 = CARTESIAN_POINT('',(5.6,20.5));
#12478 = VECTOR('',#12479,1.);
#12479 = DIRECTION('',(0.,1.));
#12480 = ( GEOMETRIC_REPRESENTATION_CONTEXT(2) 
PARAMETRIC_REPRESENTATION_CONTEXT() REPRESENTATION_CONTEXT('2D SPACE',''
  ) );
#12481 = PCURVE('',#12482,#12487);
#12482 = PLANE('',#12483);
#12483 = AXIS2_PLACEMENT_3D('',#12484,#12485,#12486);
#12484 = CARTESIAN_POINT('',(4.,8.1,2.75));
#12485 = DIRECTION('',(1.,0.,0.));
#12486 = DIRECTION('',(0.,0.,1.));
#12487 = DEFINITIONAL_REPRESENTATION('',(#12488),#12492);
#12488 = LINE('',#12489,#12490);
#12489 = CARTESIAN_POINT('',(5.05,0.));
#12490 = VECTOR('',#12491,1.);
#12491 = DIRECTION('',(0.,-1.));
#12492 = ( GEOMETRIC_REPRESENTATION_CONTEXT(2) 
PARAMETRIC_REPRESENTATION_CONTEXT() REPRESENTATION_CONTEXT('2D SPACE',''
  ) );
#12493 = ORIENTED_EDGE('',*,*,#12494,.T.);
#12494 = EDGE_CURVE('',#12467,#12495,#12497,.T.);
#12495 = VERTEX_POINT('',#12496);
#12496 = CARTESIAN_POINT('',(17.,8.9,7.8));
#12497 = SURFACE_CURVE('',#12498,(#12502,#12509),.PCURVE_S1.);
#12498 = LINE('',#12499,#12500);
#12499 = CARTESIAN_POINT('',(4.,8.9,7.8));
#12500 = VECTOR('',#12501,1.);
#12501 = DIRECTION('',(1.,0.,0.));
#12502 = PCURVE('',#12171,#12503);
#12503 = DEFINITIONAL_REPRESENTATION('',(#12504),#12508);
#12504 = LINE('',#12505,#12506);
#12505 = CARTESIAN_POINT('',(5.6,21.3));
#12506 = VECTOR('',#12507,1.);
#12507 = DIRECTION('',(1.,0.));
#12508 = ( GEOMETRIC_REPRESENTATION_CONTEXT(2) 
PARAMETRIC_REPRESENTATION_CONTEXT() REPRESENTATION_CONTEXT('2D SPACE',''
  ) );
#12509 = PCURVE('',#12510,#12515);
#12510 = PLANE('',#12511);
#12511 = AXIS2_PLACEMENT_3D('',#12512,#12513,#12514);
#12512 = CARTESIAN_POINT('',(4.,8.9,2.75));
#12513 = DIRECTION('',(0.,1.,0.));
#12514 = DIRECTION('',(0.,0.,1.));
#12515 = DEFINITIONAL_REPRESENTATION('',(#12516),#12520);
#12516 = LINE('',#12517,#12518);
#12517 = CARTESIAN_POINT('',(5.05,0.));
#12518 = VECTOR('',#12519,1.);
#12519 = DIRECTION('',(0.,1.));
#12520 = ( GEOMETRIC_REPRESENTATION_CONTEXT(2) 
PARAMETRIC_REPRESENTATION_CONTEXT() REPRESENTATION_CONTEXT('2D SPACE',''
  ) );
#12521 = ORIENTED_EDGE('',*,*,#12522,.F.);
#12522 = EDGE_CURVE('',#12523,#12495,#12525,.T.);
#12523 = VERTEX_POINT('',#12524);
#12524 = CARTESIAN_POINT('',(17.,8.1,7.8));
#12525 = SURFACE_CURVE('',#12526,(#12530,#12537),.PCURVE_S1.);
#12526 = LINE('',#12527,#12528);
#12527 = CARTESIAN_POINT('',(17.,8.1,7.8));
#12528 = VECTOR('',#12529,1.);
#12529 = DIRECTION('',(0.,1.,0.));
#12530 = PCURVE('',#12171,#12531);
#12531 = DEFINITIONAL_REPRESENTATION('',(#12532),#12536);
#12532 = LINE('',#12533,#12534);
#12533 = CARTESIAN_POINT('',(18.6,20.5));
#12534 = VECTOR('',#12535,1.);
#12535 = DIRECTION('',(0.,1.));
#12536 = ( GEOMETRIC_REPRESENTATION_CONTEXT(2) 
PARAMETRIC_REPRESENTATION_CONTEXT() REPRESENTATION_CONTEXT('2D SPACE',''
  ) );
#12537 = PCURVE('',#12538,#12543);
#12538 = PLANE('',#12539);
#12539 = AXIS2_PLACEMENT_3D('',#12540,#12541,#12542);
#12540 = CARTESIAN_POINT('',(17.,8.1,2.75));
#12541 = DIRECTION('',(1.,0.,0.));
#12542 = DIRECTION('',(0.,0.,1.));
#12543 = DEFINITIONAL_REPRESENTATION('',(#12544),#12548);
#12544 = LINE('',#12545,#12546);
#12545 = CARTESIAN_POINT('',(5.05,0.));
#12546 = VECTOR('',#12547,1.);
#12547 = DIRECTION('',(0.,-1.));
#12548 = ( GEOMETRIC_REPRESENTATION_CONTEXT(2) 
PARAMETRIC_REPRESENTATION_CONTEXT() REPRESENTATION_CONTEXT('2D SPACE',''
  ) );
#12549 = ORIENTED_EDGE('',*,*,#12550,.F.);
#12550 = EDGE_CURVE('',#12465,#12523,#12551,.T.);
#12551 = SURFACE_CURVE('',#12552,(#12556,#12563),.PCURVE_S1.);
#12552 = LINE('',#12553,#12554);
#12553 = CARTESIAN_POINT('',(4.,8.1,7.8));
#12554 = VECTOR('',#12555,1.);
#12555 = DIRECTION('',(1.,0.,0.));
#12556 = PCURVE('',#12171,#12557);
#12557 = DEFINITIONAL_REPRESENTATION('',(#12558),#12562);
#12558 = LINE('',#12559,#12560);
#12559 = CARTESIAN_POINT('',(5.6,20.5));
#12560 = VECTOR('',#12561,1.);
#12561 = DIRECTION('',(1.,0.));
#12562 = ( GEOMETRIC_REPRESENTATION_CONTEXT(2) 
PARAMETRIC_REPRESENTATION_CONTEXT() REPRESENTATION_CONTEXT('2D SPACE',''
  ) );
#12563 = PCURVE('',#12564,#12569);
#12564 = PLANE('',#12565);
#12565 = AXIS2_PLACEMENT_3D('',#12566,#12567,#12568);
#12566 = CARTESIAN_POINT('',(4.,8.1,2.75));
#12567 = DIRECTION('',(0.,1.,0.));
#12568 = DIRECTION('',(0.,0.,1.));
#12569 = DEFINITIONAL_REPRESENTATION('',(#12570),#12574);
#12570 = LINE('',#12571,#12572);
#12571 = CARTESIAN_POINT('',(5.05,0.));
#12572 = VECTOR('',#12573,1.);
#12573 = DIRECTION('',(0.,1.));
#12574 = ( GEOMETRIC_REPRESENTATION_CONTEXT(2) 
PARAMETRIC_REPRESENTATION_CONTEXT() REPRESENTATION_CONTEXT('2D SPACE',''
  ) );
#12575 = ADVANCED_FACE('',(#12576),#12368,.F.);
#12576 = FACE_BOUND('',#12577,.F.);
#12577 = EDGE_LOOP('',(#12578,#12601,#12629,#12650));
#12578 = ORIENTED_EDGE('',*,*,#12579,.F.);
#12579 = EDGE_CURVE('',#12580,#12351,#12582,.T.);
#12580 = VERTEX_POINT('',#12581);
#12581 = CARTESIAN_POINT('',(4.,-8.9,2.75));
#12582 = SURFACE_CURVE('',#12583,(#12587,#12594),.PCURVE_S1.);
#12583 = LINE('',#12584,#12585);
#12584 = CARTESIAN_POINT('',(4.,-8.9,2.75));
#12585 = VECTOR('',#12586,1.);
#12586 = DIRECTION('',(0.,0.,1.));
#12587 = PCURVE('',#12368,#12588);
#12588 = DEFINITIONAL_REPRESENTATION('',(#12589),#12593);
#12589 = LINE('',#12590,#12591);
#12590 = CARTESIAN_POINT('',(0.,0.));
#12591 = VECTOR('',#12592,1.);
#12592 = DIRECTION('',(1.,0.));
#12593 = ( GEOMETRIC_REPRESENTATION_CONTEXT(2) 
PARAMETRIC_REPRESENTATION_CONTEXT() REPRESENTATION_CONTEXT('2D SPACE',''
  ) );
#12594 = PCURVE('',#12450,#12595);
#12595 = DEFINITIONAL_REPRESENTATION('',(#12596),#12600);
#12596 = LINE('',#12597,#12598);
#12597 = CARTESIAN_POINT('',(0.,0.));
#12598 = VECTOR('',#12599,1.);
#12599 = DIRECTION('',(1.,0.));
#12600 = ( GEOMETRIC_REPRESENTATION_CONTEXT(2) 
PARAMETRIC_REPRESENTATION_CONTEXT() REPRESENTATION_CONTEXT('2D SPACE',''
  ) );
#12601 = ORIENTED_EDGE('',*,*,#12602,.T.);
#12602 = EDGE_CURVE('',#12580,#12603,#12605,.T.);
#12603 = VERTEX_POINT('',#12604);
#12604 = CARTESIAN_POINT('',(4.,-8.1,2.75));
#12605 = SURFACE_CURVE('',#12606,(#12610,#12617),.PCURVE_S1.);
#12606 = LINE('',#12607,#12608);
#12607 = CARTESIAN_POINT('',(4.,-8.9,2.75));
#12608 = VECTOR('',#12609,1.);
#12609 = DIRECTION('',(0.,1.,0.));
#12610 = PCURVE('',#12368,#12611);
#12611 = DEFINITIONAL_REPRESENTATION('',(#12612),#12616);
#12612 = LINE('',#12613,#12614);
#12613 = CARTESIAN_POINT('',(0.,0.));
#12614 = VECTOR('',#12615,1.);
#12615 = DIRECTION('',(0.,-1.));
#12616 = ( GEOMETRIC_REPRESENTATION_CONTEXT(2) 
PARAMETRIC_REPRESENTATION_CONTEXT() REPRESENTATION_CONTEXT('2D SPACE',''
  ) );
#12617 = PCURVE('',#12618,#12623);
#12618 = PLANE('',#12619);
#12619 = AXIS2_PLACEMENT_3D('',#12620,#12621,#12622);
#12620 = CARTESIAN_POINT('',(4.,-8.9,2.75));
#12621 = DIRECTION('',(0.,0.,1.));
#12622 = DIRECTION('',(1.,0.,0.));
#12623 = DEFINITIONAL_REPRESENTATION('',(#12624),#12628);
#12624 = LINE('',#12625,#12626);
#12625 = CARTESIAN_POINT('',(0.,0.));
#12626 = VECTOR('',#12627,1.);
#12627 = DIRECTION('',(0.,1.));
#12628 = ( GEOMETRIC_REPRESENTATION_CONTEXT(2) 
PARAMETRIC_REPRESENTATION_CONTEXT() REPRESENTATION_CONTEXT('2D SPACE',''
  ) );
#12629 = ORIENTED_EDGE('',*,*,#12630,.T.);
#12630 = EDGE_CURVE('',#12603,#12353,#12631,.T.);
#12631 = SURFACE_CURVE('',#12632,(#12636,#12643),.PCURVE_S1.);
#12632 = LINE('',#12633,#12634);
#12633 = CARTESIAN_POINT('',(4.,-8.1,2.75));
#12634 = VECTOR('',#12635,1.);
#12635 = DIRECTION('',(0.,0.,1.));
#12636 = PCURVE('',#12368,#12637);
#12637 = DEFINITIONAL_REPRESENTATION('',(#12638),#12642);
#12638 = LINE('',#12639,#12640);
#12639 = CARTESIAN_POINT('',(0.,-0.8));
#12640 = VECTOR('',#12641,1.);
#12641 = DIRECTION('',(1.,0.));
#12642 = ( GEOMETRIC_REPRESENTATION_CONTEXT(2) 
PARAMETRIC_REPRESENTATION_CONTEXT() REPRESENTATION_CONTEXT('2D SPACE',''
  ) );
#12643 = PCURVE('',#12396,#12644);
#12644 = DEFINITIONAL_REPRESENTATION('',(#12645),#12649);
#12645 = LINE('',#12646,#12647);
#12646 = CARTESIAN_POINT('',(0.,0.));
#12647 = VECTOR('',#12648,1.);
#12648 = DIRECTION('',(1.,0.));
#12649 = ( GEOMETRIC_REPRESENTATION_CONTEXT(2) 
PARAMETRIC_REPRESENTATION_CONTEXT() REPRESENTATION_CONTEXT('2D SPACE',''
  ) );
#12650 = ORIENTED_EDGE('',*,*,#12350,.F.);
#12651 = ADVANCED_FACE('',(#12652),#12396,.T.);
#12652 = FACE_BOUND('',#12653,.T.);
#12653 = EDGE_LOOP('',(#12654,#12677,#12678,#12679));
#12654 = ORIENTED_EDGE('',*,*,#12655,.F.);
#12655 = EDGE_CURVE('',#12603,#12656,#12658,.T.);
#12656 = VERTEX_POINT('',#12657);
#12657 = CARTESIAN_POINT('',(17.,-8.1,2.75));
#12658 = SURFACE_CURVE('',#12659,(#12663,#12670),.PCURVE_S1.);
#12659 = LINE('',#12660,#12661);
#12660 = CARTESIAN_POINT('',(4.,-8.1,2.75));
#12661 = VECTOR('',#12662,1.);
#12662 = DIRECTION('',(1.,0.,0.));
#12663 = PCURVE('',#12396,#12664);
#12664 = DEFINITIONAL_REPRESENTATION('',(#12665),#12669);
#12665 = LINE('',#12666,#12667);
#12666 = CARTESIAN_POINT('',(0.,0.));
#12667 = VECTOR('',#12668,1.);
#12668 = DIRECTION('',(0.,1.));
#12669 = ( GEOMETRIC_REPRESENTATION_CONTEXT(2) 
PARAMETRIC_REPRESENTATION_CONTEXT() REPRESENTATION_CONTEXT('2D SPACE',''
  ) );
#12670 = PCURVE('',#12618,#12671);
#12671 = DEFINITIONAL_REPRESENTATION('',(#12672),#12676);
#12672 = LINE('',#12673,#12674);
#12673 = CARTESIAN_POINT('',(0.,0.8));
#12674 = VECTOR('',#12675,1.);
#12675 = DIRECTION('',(1.,0.));
#12676 = ( GEOMETRIC_REPRESENTATION_CONTEXT(2) 
PARAMETRIC_REPRESENTATION_CONTEXT() REPRESENTATION_CONTEXT('2D SPACE',''
  ) );
#12677 = ORIENTED_EDGE('',*,*,#12630,.T.);
#12678 = ORIENTED_EDGE('',*,*,#12380,.T.);
#12679 = ORIENTED_EDGE('',*,*,#12680,.F.);
#12680 = EDGE_CURVE('',#12656,#12381,#12681,.T.);
#12681 = SURFACE_CURVE('',#12682,(#12686,#12693),.PCURVE_S1.);
#12682 = LINE('',#12683,#12684);
#12683 = CARTESIAN_POINT('',(17.,-8.1,2.75));
#12684 = VECTOR('',#12685,1.);
#12685 = DIRECTION('',(0.,0.,1.));
#12686 = PCURVE('',#12396,#12687);
#12687 = DEFINITIONAL_REPRESENTATION('',(#12688),#12692);
#12688 = LINE('',#12689,#12690);
#12689 = CARTESIAN_POINT('',(0.,13.));
#12690 = VECTOR('',#12691,1.);
#12691 = DIRECTION('',(1.,0.));
#12692 = ( GEOMETRIC_REPRESENTATION_CONTEXT(2) 
PARAMETRIC_REPRESENTATION_CONTEXT() REPRESENTATION_CONTEXT('2D SPACE',''
  ) );
#12693 = PCURVE('',#12424,#12694);
#12694 = DEFINITIONAL_REPRESENTATION('',(#12695),#12699);
#12695 = LINE('',#12696,#12697);
#12696 = CARTESIAN_POINT('',(0.,-0.8));
#12697 = VECTOR('',#12698,1.);
#12698 = DIRECTION('',(1.,0.));
#12699 = ( GEOMETRIC_REPRESENTATION_CONTEXT(2) 
PARAMETRIC_REPRESENTATION_CONTEXT() REPRESENTATION_CONTEXT('2D SPACE',''
  ) );
#12700 = ADVANCED_FACE('',(#12701),#12450,.F.);
#12701 = FACE_BOUND('',#12702,.F.);
#12702 = EDGE_LOOP('',(#12703,#12726,#12727,#12728));
#12703 = ORIENTED_EDGE('',*,*,#12704,.F.);
#12704 = EDGE_CURVE('',#12580,#12705,#12707,.T.);
#12705 = VERTEX_POINT('',#12706);
#12706 = CARTESIAN_POINT('',(17.,-8.9,2.75));
#12707 = SURFACE_CURVE('',#12708,(#12712,#12719),.PCURVE_S1.);
#12708 = LINE('',#12709,#12710);
#12709 = CARTESIAN_POINT('',(4.,-8.9,2.75));
#12710 = VECTOR('',#12711,1.);
#12711 = DIRECTION('',(1.,0.,0.));
#12712 = PCURVE('',#12450,#12713);
#12713 = DEFINITIONAL_REPRESENTATION('',(#12714),#12718);
#12714 = LINE('',#12715,#12716);
#12715 = CARTESIAN_POINT('',(0.,0.));
#12716 = VECTOR('',#12717,1.);
#12717 = DIRECTION('',(0.,1.));
#12718 = ( GEOMETRIC_REPRESENTATION_CONTEXT(2) 
PARAMETRIC_REPRESENTATION_CONTEXT() REPRESENTATION_CONTEXT('2D SPACE',''
  ) );
#12719 = PCURVE('',#12618,#12720);
#12720 = DEFINITIONAL_REPRESENTATION('',(#12721),#12725);
#12721 = LINE('',#12722,#12723);
#12722 = CARTESIAN_POINT('',(0.,0.));
#12723 = VECTOR('',#12724,1.);
#12724 = DIRECTION('',(1.,0.));
#12725 = ( GEOMETRIC_REPRESENTATION_CONTEXT(2) 
PARAMETRIC_REPRESENTATION_CONTEXT() REPRESENTATION_CONTEXT('2D SPACE',''
  ) );
#12726 = ORIENTED_EDGE('',*,*,#12579,.T.);
#12727 = ORIENTED_EDGE('',*,*,#12436,.T.);
#12728 = ORIENTED_EDGE('',*,*,#12729,.F.);
#12729 = EDGE_CURVE('',#12705,#12409,#12730,.T.);
#12730 = SURFACE_CURVE('',#12731,(#12735,#12742),.PCURVE_S1.);
#12731 = LINE('',#12732,#12733);
#12732 = CARTESIAN_POINT('',(17.,-8.9,2.75));
#12733 = VECTOR('',#12734,1.);
#12734 = DIRECTION('',(0.,0.,1.));
#12735 = PCURVE('',#12450,#12736);
#12736 = DEFINITIONAL_REPRESENTATION('',(#12737),#12741);
#12737 = LINE('',#12738,#12739);
#12738 = CARTESIAN_POINT('',(0.,13.));
#12739 = VECTOR('',#12740,1.);
#12740 = DIRECTION('',(1.,0.));
#12741 = ( GEOMETRIC_REPRESENTATION_CONTEXT(2) 
PARAMETRIC_REPRESENTATION_CONTEXT() REPRESENTATION_CONTEXT('2D SPACE',''
  ) );
#12742 = PCURVE('',#12424,#12743);
#12743 = DEFINITIONAL_REPRESENTATION('',(#12744),#12748);
#12744 = LINE('',#12745,#12746);
#12745 = CARTESIAN_POINT('',(0.,0.));
#12746 = VECTOR('',#12747,1.);
#12747 = DIRECTION('',(1.,0.));
#12748 = ( GEOMETRIC_REPRESENTATION_CONTEXT(2) 
PARAMETRIC_REPRESENTATION_CONTEXT() REPRESENTATION_CONTEXT('2D SPACE',''
  ) );
#12749 = ADVANCED_FACE('',(#12750),#12424,.T.);
#12750 = FACE_BOUND('',#12751,.T.);
#12751 = EDGE_LOOP('',(#12752,#12753,#12774,#12775));
#12752 = ORIENTED_EDGE('',*,*,#12729,.F.);
#12753 = ORIENTED_EDGE('',*,*,#12754,.T.);
#12754 = EDGE_CURVE('',#12705,#12656,#12755,.T.);
#12755 = SURFACE_CURVE('',#12756,(#12760,#12767),.PCURVE_S1.);
#12756 = LINE('',#12757,#12758);
#12757 = CARTESIAN_POINT('',(17.,-8.9,2.75));
#12758 = VECTOR('',#12759,1.);
#12759 = DIRECTION('',(0.,1.,0.));
#12760 = PCURVE('',#12424,#12761);
#12761 = DEFINITIONAL_REPRESENTATION('',(#12762),#12766);
#12762 = LINE('',#12763,#12764);
#12763 = CARTESIAN_POINT('',(0.,0.));
#12764 = VECTOR('',#12765,1.);
#12765 = DIRECTION('',(0.,-1.));
#12766 = ( GEOMETRIC_REPRESENTATION_CONTEXT(2) 
PARAMETRIC_REPRESENTATION_CONTEXT() REPRESENTATION_CONTEXT('2D SPACE',''
  ) );
#12767 = PCURVE('',#12618,#12768);
#12768 = DEFINITIONAL_REPRESENTATION('',(#12769),#12773);
#12769 = LINE('',#12770,#12771);
#12770 = CARTESIAN_POINT('',(13.,0.));
#12771 = VECTOR('',#12772,1.);
#12772 = DIRECTION('',(0.,1.));
#12773 = ( GEOMETRIC_REPRESENTATION_CONTEXT(2) 
PARAMETRIC_REPRESENTATION_CONTEXT() REPRESENTATION_CONTEXT('2D SPACE',''
  ) );
#12774 = ORIENTED_EDGE('',*,*,#12680,.T.);
#12775 = ORIENTED_EDGE('',*,*,#12408,.F.);
#12776 = ADVANCED_FACE('',(#12777),#12482,.F.);
#12777 = FACE_BOUND('',#12778,.F.);
#12778 = EDGE_LOOP('',(#12779,#12802,#12830,#12851));
#12779 = ORIENTED_EDGE('',*,*,#12780,.F.);
#12780 = EDGE_CURVE('',#12781,#12465,#12783,.T.);
#12781 = VERTEX_POINT('',#12782);
#12782 = CARTESIAN_POINT('',(4.,8.1,2.75));
#12783 = SURFACE_CURVE('',#12784,(#12788,#12795),.PCURVE_S1.);
#12784 = LINE('',#12785,#12786);
#12785 = CARTESIAN_POINT('',(4.,8.1,2.75));
#12786 = VECTOR('',#12787,1.);
#12787 = DIRECTION('',(0.,0.,1.));
#12788 = PCURVE('',#12482,#12789);
#12789 = DEFINITIONAL_REPRESENTATION('',(#12790),#12794);
#12790 = LINE('',#12791,#12792);
#12791 = CARTESIAN_POINT('',(0.,0.));
#12792 = VECTOR('',#12793,1.);
#12793 = DIRECTION('',(1.,0.));
#12794 = ( GEOMETRIC_REPRESENTATION_CONTEXT(2) 
PARAMETRIC_REPRESENTATION_CONTEXT() REPRESENTATION_CONTEXT('2D SPACE',''
  ) );
#12795 = PCURVE('',#12564,#12796);
#12796 = DEFINITIONAL_REPRESENTATION('',(#12797),#12801);
#12797 = LINE('',#12798,#12799);
#12798 = CARTESIAN_POINT('',(0.,0.));
#12799 = VECTOR('',#12800,1.);
#12800 = DIRECTION('',(1.,0.));
#12801 = ( GEOMETRIC_REPRESENTATION_CONTEXT(2) 
PARAMETRIC_REPRESENTATION_CONTEXT() REPRESENTATION_CONTEXT('2D SPACE',''
  ) );
#12802 = ORIENTED_EDGE('',*,*,#12803,.T.);
#12803 = EDGE_CURVE('',#12781,#12804,#12806,.T.);
#12804 = VERTEX_POINT('',#12805);
#12805 = CARTESIAN_POINT('',(4.,8.9,2.75));
#12806 = SURFACE_CURVE('',#12807,(#12811,#12818),.PCURVE_S1.);
#12807 = LINE('',#12808,#12809);
#12808 = CARTESIAN_POINT('',(4.,8.1,2.75));
#12809 = VECTOR('',#12810,1.);
#12810 = DIRECTION('',(0.,1.,0.));
#12811 = PCURVE('',#12482,#12812);
#12812 = DEFINITIONAL_REPRESENTATION('',(#12813),#12817);
#12813 = LINE('',#12814,#12815);
#12814 = CARTESIAN_POINT('',(0.,0.));
#12815 = VECTOR('',#12816,1.);
#12816 = DIRECTION('',(0.,-1.));
#12817 = ( GEOMETRIC_REPRESENTATION_CONTEXT(2) 
PARAMETRIC_REPRESENTATION_CONTEXT() REPRESENTATION_CONTEXT('2D SPACE',''
  ) );
#12818 = PCURVE('',#12819,#12824);
#12819 = PLANE('',#12820);
#12820 = AXIS2_PLACEMENT_3D('',#12821,#12822,#12823);
#12821 = CARTESIAN_POINT('',(4.,8.1,2.75));
#12822 = DIRECTION('',(0.,0.,1.));
#12823 = DIRECTION('',(1.,0.,0.));
#12824 = DEFINITIONAL_REPRESENTATION('',(#12825),#12829);
#12825 = LINE('',#12826,#12827);
#12826 = CARTESIAN_POINT('',(0.,0.));
#12827 = VECTOR('',#12828,1.);
#12828 = DIRECTION('',(0.,1.));
#12829 = ( GEOMETRIC_REPRESENTATION_CONTEXT(2) 
PARAMETRIC_REPRESENTATION_CONTEXT() REPRESENTATION_CONTEXT('2D SPACE',''
  ) );
#12830 = ORIENTED_EDGE('',*,*,#12831,.T.);
#12831 = EDGE_CURVE('',#12804,#12467,#12832,.T.);
#12832 = SURFACE_CURVE('',#12833,(#12837,#12844),.PCURVE_S1.);
#12833 = LINE('',#12834,#12835);
#12834 = CARTESIAN_POINT('',(4.,8.9,2.75));
#12835 = VECTOR('',#12836,1.);
#12836 = DIRECTION('',(0.,0.,1.));
#12837 = PCURVE('',#12482,#12838);
#12838 = DEFINITIONAL_REPRESENTATION('',(#12839),#12843);
#12839 = LINE('',#12840,#12841);
#12840 = CARTESIAN_POINT('',(0.,-0.8));
#12841 = VECTOR('',#12842,1.);
#12842 = DIRECTION('',(1.,0.));
#12843 = ( GEOMETRIC_REPRESENTATION_CONTEXT(2) 
PARAMETRIC_REPRESENTATION_CONTEXT() REPRESENTATION_CONTEXT('2D SPACE',''
  ) );
#12844 = PCURVE('',#12510,#12845);
#12845 = DEFINITIONAL_REPRESENTATION('',(#12846),#12850);
#12846 = LINE('',#12847,#12848);
#12847 = CARTESIAN_POINT('',(0.,0.));
#12848 = VECTOR('',#12849,1.);
#12849 = DIRECTION('',(1.,0.));
#12850 = ( GEOMETRIC_REPRESENTATION_CONTEXT(2) 
PARAMETRIC_REPRESENTATION_CONTEXT() REPRESENTATION_CONTEXT('2D SPACE',''
  ) );
#12851 = ORIENTED_EDGE('',*,*,#12464,.F.);
#12852 = ADVANCED_FACE('',(#12853),#12564,.F.);
#12853 = FACE_BOUND('',#12854,.F.);
#12854 = EDGE_LOOP('',(#12855,#12878,#12879,#12880));
#12855 = ORIENTED_EDGE('',*,*,#12856,.F.);
#12856 = EDGE_CURVE('',#12781,#12857,#12859,.T.);
#12857 = VERTEX_POINT('',#12858);
#12858 = CARTESIAN_POINT('',(17.,8.1,2.75));
#12859 = SURFACE_CURVE('',#12860,(#12864,#12871),.PCURVE_S1.);
#12860 = LINE('',#12861,#12862);
#12861 = CARTESIAN_POINT('',(4.,8.1,2.75));
#12862 = VECTOR('',#12863,1.);
#12863 = DIRECTION('',(1.,0.,0.));
#12864 = PCURVE('',#12564,#12865);
#12865 = DEFINITIONAL_REPRESENTATION('',(#12866),#12870);
#12866 = LINE('',#12867,#12868);
#12867 = CARTESIAN_POINT('',(0.,0.));
#12868 = VECTOR('',#12869,1.);
#12869 = DIRECTION('',(0.,1.));
#12870 = ( GEOMETRIC_REPRESENTATION_CONTEXT(2) 
PARAMETRIC_REPRESENTATION_CONTEXT() REPRESENTATION_CONTEXT('2D SPACE',''
  ) );
#12871 = PCURVE('',#12819,#12872);
#12872 = DEFINITIONAL_REPRESENTATION('',(#12873),#12877);
#12873 = LINE('',#12874,#12875);
#12874 = CARTESIAN_POINT('',(0.,0.));
#12875 = VECTOR('',#12876,1.);
#12876 = DIRECTION('',(1.,0.));
#12877 = ( GEOMETRIC_REPRESENTATION_CONTEXT(2) 
PARAMETRIC_REPRESENTATION_CONTEXT() REPRESENTATION_CONTEXT('2D SPACE',''
  ) );
#12878 = ORIENTED_EDGE('',*,*,#12780,.T.);
#12879 = ORIENTED_EDGE('',*,*,#12550,.T.);
#12880 = ORIENTED_EDGE('',*,*,#12881,.F.);
#12881 = EDGE_CURVE('',#12857,#12523,#12882,.T.);
#12882 = SURFACE_CURVE('',#12883,(#12887,#12894),.PCURVE_S1.);
#12883 = LINE('',#12884,#12885);
#12884 = CARTESIAN_POINT('',(17.,8.1,2.75));
#12885 = VECTOR('',#12886,1.);
#12886 = DIRECTION('',(0.,0.,1.));
#12887 = PCURVE('',#12564,#12888);
#12888 = DEFINITIONAL_REPRESENTATION('',(#12889),#12893);
#12889 = LINE('',#12890,#12891);
#12890 = CARTESIAN_POINT('',(0.,13.));
#12891 = VECTOR('',#12892,1.);
#12892 = DIRECTION('',(1.,0.));
#12893 = ( GEOMETRIC_REPRESENTATION_CONTEXT(2) 
PARAMETRIC_REPRESENTATION_CONTEXT() REPRESENTATION_CONTEXT('2D SPACE',''
  ) );
#12894 = PCURVE('',#12538,#12895);
#12895 = DEFINITIONAL_REPRESENTATION('',(#12896),#12900);
#12896 = LINE('',#12897,#12898);
#12897 = CARTESIAN_POINT('',(0.,0.));
#12898 = VECTOR('',#12899,1.);
#12899 = DIRECTION('',(1.,0.));
#12900 = ( GEOMETRIC_REPRESENTATION_CONTEXT(2) 
PARAMETRIC_REPRESENTATION_CONTEXT() REPRESENTATION_CONTEXT('2D SPACE',''
  ) );
#12901 = ADVANCED_FACE('',(#12902),#12538,.T.);
#12902 = FACE_BOUND('',#12903,.T.);
#12903 = EDGE_LOOP('',(#12904,#12905,#12928,#12949));
#12904 = ORIENTED_EDGE('',*,*,#12881,.F.);
#12905 = ORIENTED_EDGE('',*,*,#12906,.T.);
#12906 = EDGE_CURVE('',#12857,#12907,#12909,.T.);
#12907 = VERTEX_POINT('',#12908);
#12908 = CARTESIAN_POINT('',(17.,8.9,2.75));
#12909 = SURFACE_CURVE('',#12910,(#12914,#12921),.PCURVE_S1.);
#12910 = LINE('',#12911,#12912);
#12911 = CARTESIAN_POINT('',(17.,8.1,2.75));
#12912 = VECTOR('',#12913,1.);
#12913 = DIRECTION('',(0.,1.,0.));
#12914 = PCURVE('',#12538,#12915);
#12915 = DEFINITIONAL_REPRESENTATION('',(#12916),#12920);
#12916 = LINE('',#12917,#12918);
#12917 = CARTESIAN_POINT('',(0.,0.));
#12918 = VECTOR('',#12919,1.);
#12919 = DIRECTION('',(0.,-1.));
#12920 = ( GEOMETRIC_REPRESENTATION_CONTEXT(2) 
PARAMETRIC_REPRESENTATION_CONTEXT() REPRESENTATION_CONTEXT('2D SPACE',''
  ) );
#12921 = PCURVE('',#12819,#12922);
#12922 = DEFINITIONAL_REPRESENTATION('',(#12923),#12927);
#12923 = LINE('',#12924,#12925);
#12924 = CARTESIAN_POINT('',(13.,0.));
#12925 = VECTOR('',#12926,1.);
#12926 = DIRECTION('',(0.,1.));
#12927 = ( GEOMETRIC_REPRESENTATION_CONTEXT(2) 
PARAMETRIC_REPRESENTATION_CONTEXT() REPRESENTATION_CONTEXT('2D SPACE',''
  ) );
#12928 = ORIENTED_EDGE('',*,*,#12929,.T.);
#12929 = EDGE_CURVE('',#12907,#12495,#12930,.T.);
#12930 = SURFACE_CURVE('',#12931,(#12935,#12942),.PCURVE_S1.);
#12931 = LINE('',#12932,#12933);
#12932 = CARTESIAN_POINT('',(17.,8.9,2.75));
#12933 = VECTOR('',#12934,1.);
#12934 = DIRECTION('',(0.,0.,1.));
#12935 = PCURVE('',#12538,#12936);
#12936 = DEFINITIONAL_REPRESENTATION('',(#12937),#12941);
#12937 = LINE('',#12938,#12939);
#12938 = CARTESIAN_POINT('',(0.,-0.8));
#12939 = VECTOR('',#12940,1.);
#12940 = DIRECTION('',(1.,0.));
#12941 = ( GEOMETRIC_REPRESENTATION_CONTEXT(2) 
PARAMETRIC_REPRESENTATION_CONTEXT() REPRESENTATION_CONTEXT('2D SPACE',''
  ) );
#12942 = PCURVE('',#12510,#12943);
#12943 = DEFINITIONAL_REPRESENTATION('',(#12944),#12948);
#12944 = LINE('',#12945,#12946);
#12945 = CARTESIAN_POINT('',(0.,13.));
#12946 = VECTOR('',#12947,1.);
#12947 = DIRECTION('',(1.,0.));
#12948 = ( GEOMETRIC_REPRESENTATION_CONTEXT(2) 
PARAMETRIC_REPRESENTATION_CONTEXT() REPRESENTATION_CONTEXT('2D SPACE',''
  ) );
#12949 = ORIENTED_EDGE('',*,*,#12522,.F.);
#12950 = ADVANCED_FACE('',(#12951),#12510,.T.);
#12951 = FACE_BOUND('',#12952,.T.);
#12952 = EDGE_LOOP('',(#12953,#12974,#12975,#12976));
#12953 = ORIENTED_EDGE('',*,*,#12954,.F.);
#12954 = EDGE_CURVE('',#12804,#12907,#12955,.T.);
#12955 = SURFACE_CURVE('',#12956,(#12960,#12967),.PCURVE_S1.);
#12956 = LINE('',#12957,#12958);
#12957 = CARTESIAN_POINT('',(4.,8.9,2.75));
#12958 = VECTOR('',#12959,1.);
#12959 = DIRECTION('',(1.,0.,0.));
#12960 = PCURVE('',#12510,#12961);
#12961 = DEFINITIONAL_REPRESENTATION('',(#12962),#12966);
#12962 = LINE('',#12963,#12964);
#12963 = CARTESIAN_POINT('',(0.,0.));
#12964 = VECTOR('',#12965,1.);
#12965 = DIRECTION('',(0.,1.));
#12966 = ( GEOMETRIC_REPRESENTATION_CONTEXT(2) 
PARAMETRIC_REPRESENTATION_CONTEXT() REPRESENTATION_CONTEXT('2D SPACE',''
  ) );
#12967 = PCURVE('',#12819,#12968);
#12968 = DEFINITIONAL_REPRESENTATION('',(#12969),#12973);
#12969 = LINE('',#12970,#12971);
#12970 = CARTESIAN_POINT('',(0.,0.8));
#12971 = VECTOR('',#12972,1.);
#12972 = DIRECTION('',(1.,0.));
#12973 = ( GEOMETRIC_REPRESENTATION_CONTEXT(2) 
PARAMETRIC_REPRESENTATION_CONTEXT() REPRESENTATION_CONTEXT('2D SPACE',''
  ) );
#12974 = ORIENTED_EDGE('',*,*,#12831,.T.);
#12975 = ORIENTED_EDGE('',*,*,#12494,.T.);
#12976 = ORIENTED_EDGE('',*,*,#12929,.F.);
#12977 = ADVANCED_FACE('',(#12978),#12618,.F.);
#12978 = FACE_BOUND('',#12979,.F.);
#12979 = EDGE_LOOP('',(#12980,#12981,#12982,#12983));
#12980 = ORIENTED_EDGE('',*,*,#12602,.F.);
#12981 = ORIENTED_EDGE('',*,*,#12704,.T.);
#12982 = ORIENTED_EDGE('',*,*,#12754,.T.);
#12983 = ORIENTED_EDGE('',*,*,#12655,.F.);
#12984 = ADVANCED_FACE('',(#12985),#12819,.F.);
#12985 = FACE_BOUND('',#12986,.F.);
#12986 = EDGE_LOOP('',(#12987,#12988,#12989,#12990));
#12987 = ORIENTED_EDGE('',*,*,#12803,.F.);
#12988 = ORIENTED_EDGE('',*,*,#12856,.T.);
#12989 = ORIENTED_EDGE('',*,*,#12906,.T.);
#12990 = ORIENTED_EDGE('',*,*,#12954,.F.);
#12991 = ( GEOMETRIC_REPRESENTATION_CONTEXT(3) 
GLOBAL_UNCERTAINTY_ASSIGNED_CONTEXT((#12995)) 
GLOBAL_UNIT_ASSIGNED_CONTEXT((#12992,#12993,#12994)) 
REPRESENTATION_CONTEXT('Context #1',
  '3D Context with UNIT and UNCERTAINTY') );
#12992 = ( LENGTH_UNIT() NAMED_UNIT(*) SI_UNIT(.MILLI.,.METRE.) );
#12993 = ( NAMED_UNIT(*) PLANE_ANGLE_UNIT() SI_UNIT($,.RADIAN.) );
#12994 = ( NAMED_UNIT(*) SI_UNIT($,.STERADIAN.) SOLID_ANGLE_UNIT() );
#12995 = UNCERTAINTY_MEASURE_WITH_UNIT(LENGTH_MEASURE(1.E-06),#12992,
  'distance_accuracy_value','confusion accuracy');
#12996 = PRODUCT_RELATED_PRODUCT_CATEGORY('part',$,(#7));
ENDSEC;
END-ISO-10303-21;
