ISO-10303-21;
HEADER;
FILE_DESCRIPTION(('Open CASCADE Model'),'2;1');
FILE_NAME('Open CASCADE Shape Model','2026-09-26T22:26:40',('Author'),(
    'Open CASCADE'),'Open CASCADE STEP processor 7.9','Open CASCADE 7.9'
  ,'Unknown');
FILE_SCHEMA(('AUTOMOTIVE_DESIGN { 1 0 10303 214 1 1 1 1 }'));
ENDSEC;
DATA;
#1 = APPLICATION_PROTOCOL_DEFINITION('international standard',
  'automotive_design',2000,#2);
#2 = APPLICATION_CONTEXT(
  'core data for automotive mechanical design processes');
#3 = SHAPE_DEFINITION_REPRESENTATION(#4,#10);
#4 = PRODUCT_DEFINITION_SHAPE('','',#5);
#5 = PRODUCT_DEFINITION('design','',#6,#9);
#6 = PRODUCT_DEFINITION_FORMATION('','',#7);
#7 = PRODUCT('Open CASCADE STEP translator 7.9 10',
  'Open CASCADE STEP translator 7.9 10','',(#8));
#8 = PRODUCT_CONTEXT('',#2,'mechanical');
#9 = PRODUCT_DEFINITION_CONTEXT('part definition',#2,'design');
#10 = ADVANCED_BREP_SHAPE_REPRESENTATION('',(#11,#15),#15876);
#11 = AXIS2_PLACEMENT_3D('',#12,#13,#14);
#12 = CARTESIAN_POINT('',(0.,0.,0.));
#13 = DIRECTION('',(0.,0.,1.));
#14 = DIRECTION('',(1.,0.,-0.));
#15 = MANIFOLD_SOLID_BREP('',#16);
#16 = CLOSED_SHELL('',(#17,#347,#419,#530,#577,#1056,#1105,#1221,#1269,
    #1378,#1405,#1432,#1511,#1581,#1607,#1614,#1661,#1709,#1758,#1805,
    #1853,#1902,#1929,#1988,#2047,#2106,#2165,#2172,#2227,#2282,#6915,
    #6945,#6975,#7005,#7035,#7074,#7113,#7140,#7216,#7265,#7314,#7363,
    #7412,#7461,#7510,#7559,#7608,#7657,#7706,#7733,#7809,#7858,#7907,
    #7956,#8005,#8054,#8103,#8152,#8201,#8250,#8299,#8348,#8397,#8446,
    #8495,#8544,#8593,#8642,#8691,#8740,#8789,#8838,#8887,#8936,#8985,
    #9012,#9088,#9137,#9186,#9235,#9284,#9333,#9382,#9431,#9480,#9529,
    #9578,#9605,#9681,#9730,#9779,#9828,#9877,#9926,#9975,#10024,#10073,
    #10122,#10171,#10220,#10269,#10318,#10367,#10394,#10421,#10497,
    #10546,#10595,#10644,#10693,#10742,#10791,#10818,#10894,#10943,
    #10992,#11041,#11090,#11139,#11188,#11237,#11286,#11335,#11384,
    #11433,#11460,#11487,#11563,#11612,#11661,#11710,#11759,#11808,
    #11857,#11906,#11955,#12004,#12053,#12102,#12129,#12205,#12254,
    #12303,#12352,#12401,#12450,#12499,#12526,#12602,#12651,#12700,
    #12727,#12786,#12862,#12911,#12960,#13009,#13058,#13107,#13156,
    #13205,#13254,#13281,#13357,#13406,#13455,#13504,#13553,#13602,
    #13651,#13678,#13705,#13755,#13810,#14067,#14096,#14111,#14130,
    #14383,#14399,#14415,#14512,#14519,#14526,#14539,#14550,#14554,
    #14651,#14721,#14791,#14861,#14931,#15001,#15071,#15119,#15216,
    #15292,#15368,#15438,#15508,#15578,#15654,#15702,#15776,#15823,
    #15848,#15859,#15870));
#17 = ADVANCED_FACE('',(#18),#32,.F.);
#18 = FACE_BOUND('',#19,.F.);
#19 = EDGE_LOOP('',(#20,#55,#83,#111,#139,#166,#194,#221,#244,#272,#295,
    #323));
#20 = ORIENTED_EDGE('',*,*,#21,.F.);
#21 = EDGE_CURVE('',#22,#24,#26,.T.);
#22 = VERTEX_POINT('',#23);
#23 = CARTESIAN_POINT('',(51.5,-57.,31.));
#24 = VERTEX_POINT('',#25);
#25 = CARTESIAN_POINT('',(51.5,-57.,32.25));
#26 = SURFACE_CURVE('',#27,(#31,#43),.PCURVE_S1.);
#27 = LINE('',#28,#29);
#28 = CARTESIAN_POINT('',(51.5,-57.,31.));
#29 = VECTOR('',#30,1.);
#30 = DIRECTION('',(0.,0.,1.));
#31 = PCURVE('',#32,#37);
#32 = PLANE('',#33);
#33 = AXIS2_PLACEMENT_3D('',#34,#35,#36);
#34 = CARTESIAN_POINT('',(51.5,-57.,31.));
#35 = DIRECTION('',(1.,0.,0.));
#36 = DIRECTION('',(0.,0.,1.));
#37 = DEFINITIONAL_REPRESENTATION('',(#38),#42);
#38 = LINE('',#39,#40);
#39 = CARTESIAN_POINT('',(0.,0.));
#40 = VECTOR('',#41,1.);
#41 = DIRECTION('',(1.,0.));
#42 = ( GEOMETRIC_REPRESENTATION_CONTEXT(2) 
PARAMETRIC_REPRESENTATION_CONTEXT() REPRESENTATION_CONTEXT('2D SPACE',''
  ) );
#43 = PCURVE('',#44,#49);
#44 = PLANE('',#45);
#45 = AXIS2_PLACEMENT_3D('',#46,#47,#48);
#46 = CARTESIAN_POINT('',(51.5,-57.,31.));
#47 = DIRECTION('',(0.,1.,0.));
#48 = DIRECTION('',(0.,0.,1.));
#49 = DEFINITIONAL_REPRESENTATION('',(#50),#54);
#50 = LINE('',#51,#52);
#51 = CARTESIAN_POINT('',(0.,0.));
#52 = VECTOR('',#53,1.);
#53 = DIRECTION('',(1.,0.));
#54 = ( GEOMETRIC_REPRESENTATION_CONTEXT(2) 
PARAMETRIC_REPRESENTATION_CONTEXT() REPRESENTATION_CONTEXT('2D SPACE',''
  ) );
#55 = ORIENTED_EDGE('',*,*,#56,.T.);
#56 = EDGE_CURVE('',#22,#57,#59,.T.);
#57 = VERTEX_POINT('',#58);
#58 = CARTESIAN_POINT('',(51.5,-54.2,31.));
#59 = SURFACE_CURVE('',#60,(#64,#71),.PCURVE_S1.);
#60 = LINE('',#61,#62);
#61 = CARTESIAN_POINT('',(51.5,-57.,31.));
#62 = VECTOR('',#63,1.);
#63 = DIRECTION('',(0.,1.,0.));
#64 = PCURVE('',#32,#65);
#65 = DEFINITIONAL_REPRESENTATION('',(#66),#70);
#66 = LINE('',#67,#68);
#67 = CARTESIAN_POINT('',(0.,0.));
#68 = VECTOR('',#69,1.);
#69 = DIRECTION('',(0.,-1.));
#70 = ( GEOMETRIC_REPRESENTATION_CONTEXT(2) 
PARAMETRIC_REPRESENTATION_CONTEXT() REPRESENTATION_CONTEXT('2D SPACE',''
  ) );
#71 = PCURVE('',#72,#77);
#72 = PLANE('',#73);
#73 = AXIS2_PLACEMENT_3D('',#74,#75,#76);
#74 = CARTESIAN_POINT('',(51.5,-57.,31.));
#75 = DIRECTION('',(0.,0.,1.));
#76 = DIRECTION('',(1.,0.,0.));
#77 = DEFINITIONAL_REPRESENTATION('',(#78),#82);
#78 = LINE('',#79,#80);
#79 = CARTESIAN_POINT('',(0.,0.));
#80 = VECTOR('',#81,1.);
#81 = DIRECTION('',(0.,1.));
#82 = ( GEOMETRIC_REPRESENTATION_CONTEXT(2) 
PARAMETRIC_REPRESENTATION_CONTEXT() REPRESENTATION_CONTEXT('2D SPACE',''
  ) );
#83 = ORIENTED_EDGE('',*,*,#84,.F.);
#84 = EDGE_CURVE('',#85,#57,#87,.T.);
#85 = VERTEX_POINT('',#86);
#86 = CARTESIAN_POINT('',(51.5,-54.2,30.));
#87 = SURFACE_CURVE('',#88,(#92,#99),.PCURVE_S1.);
#88 = LINE('',#89,#90);
#89 = CARTESIAN_POINT('',(51.5,-54.2,30.));
#90 = VECTOR('',#91,1.);
#91 = DIRECTION('',(0.,0.,1.));
#92 = PCURVE('',#32,#93);
#93 = DEFINITIONAL_REPRESENTATION('',(#94),#98);
#94 = LINE('',#95,#96);
#95 = CARTESIAN_POINT('',(-1.,-2.8));
#96 = VECTOR('',#97,1.);
#97 = DIRECTION('',(1.,0.));
#98 = ( GEOMETRIC_REPRESENTATION_CONTEXT(2) 
PARAMETRIC_REPRESENTATION_CONTEXT() REPRESENTATION_CONTEXT('2D SPACE',''
  ) );
#99 = PCURVE('',#100,#105);
#100 = PLANE('',#101);
#101 = AXIS2_PLACEMENT_3D('',#102,#103,#104);
#102 = CARTESIAN_POINT('',(51.5,-54.2,30.));
#103 = DIRECTION('',(0.,1.,0.));
#104 = DIRECTION('',(0.,0.,1.));
#105 = DEFINITIONAL_REPRESENTATION('',(#106),#110);
#106 = LINE('',#107,#108);
#107 = CARTESIAN_POINT('',(0.,0.));
#108 = VECTOR('',#109,1.);
#109 = DIRECTION('',(1.,0.));
#110 = ( GEOMETRIC_REPRESENTATION_CONTEXT(2) 
PARAMETRIC_REPRESENTATION_CONTEXT() REPRESENTATION_CONTEXT('2D SPACE',''
  ) );
#111 = ORIENTED_EDGE('',*,*,#112,.T.);
#112 = EDGE_CURVE('',#85,#113,#115,.T.);
#113 = VERTEX_POINT('',#114);
#114 = CARTESIAN_POINT('',(51.5,-53.,30.));
#115 = SURFACE_CURVE('',#116,(#120,#127),.PCURVE_S1.);
#116 = LINE('',#117,#118);
#117 = CARTESIAN_POINT('',(51.5,-54.2,30.));
#118 = VECTOR('',#119,1.);
#119 = DIRECTION('',(0.,1.,0.));
#120 = PCURVE('',#32,#121);
#121 = DEFINITIONAL_REPRESENTATION('',(#122),#126);
#122 = LINE('',#123,#124);
#123 = CARTESIAN_POINT('',(-1.,-2.8));
#124 = VECTOR('',#125,1.);
#125 = DIRECTION('',(0.,-1.));
#126 = ( GEOMETRIC_REPRESENTATION_CONTEXT(2) 
PARAMETRIC_REPRESENTATION_CONTEXT() REPRESENTATION_CONTEXT('2D SPACE',''
  ) );
#127 = PCURVE('',#128,#133);
#128 = PLANE('',#129);
#129 = AXIS2_PLACEMENT_3D('',#130,#131,#132);
#130 = CARTESIAN_POINT('',(51.5,-54.2,30.));
#131 = DIRECTION('',(0.,0.,1.));
#132 = DIRECTION('',(1.,0.,0.));
#133 = DEFINITIONAL_REPRESENTATION('',(#134),#138);
#134 = LINE('',#135,#136);
#135 = CARTESIAN_POINT('',(0.,0.));
#136 = VECTOR('',#137,1.);
#137 = DIRECTION('',(0.,1.));
#138 = ( GEOMETRIC_REPRESENTATION_CONTEXT(2) 
PARAMETRIC_REPRESENTATION_CONTEXT() REPRESENTATION_CONTEXT('2D SPACE',''
  ) );
#139 = ORIENTED_EDGE('',*,*,#140,.T.);
#140 = EDGE_CURVE('',#113,#141,#143,.T.);
#141 = VERTEX_POINT('',#142);
#142 = CARTESIAN_POINT('',(51.5,-53.,31.));
#143 = SURFACE_CURVE('',#144,(#148,#155),.PCURVE_S1.);
#144 = LINE('',#145,#146);
#145 = CARTESIAN_POINT('',(51.5,-53.,29.));
#146 = VECTOR('',#147,1.);
#147 = DIRECTION('',(0.,0.,1.));
#148 = PCURVE('',#32,#149);
#149 = DEFINITIONAL_REPRESENTATION('',(#150),#154);
#150 = LINE('',#151,#152);
#151 = CARTESIAN_POINT('',(-2.,-4.));
#152 = VECTOR('',#153,1.);
#153 = DIRECTION('',(1.,0.));
#154 = ( GEOMETRIC_REPRESENTATION_CONTEXT(2) 
PARAMETRIC_REPRESENTATION_CONTEXT() REPRESENTATION_CONTEXT('2D SPACE',''
  ) );
#155 = PCURVE('',#156,#161);
#156 = PLANE('',#157);
#157 = AXIS2_PLACEMENT_3D('',#158,#159,#160);
#158 = CARTESIAN_POINT('',(50.5,-53.,28.));
#159 = DIRECTION('',(0.,1.,0.));
#160 = DIRECTION('',(0.,0.,1.));
#161 = DEFINITIONAL_REPRESENTATION('',(#162),#165);
#162 = B_SPLINE_CURVE_WITH_KNOTS('',1,(#163,#164),.UNSPECIFIED.,.F.,.F.,
  (2,2),(1.,2.),.PIECEWISE_BEZIER_KNOTS.);
#163 = CARTESIAN_POINT('',(2.,1.));
#164 = CARTESIAN_POINT('',(3.,1.));
#165 = ( GEOMETRIC_REPRESENTATION_CONTEXT(2) 
PARAMETRIC_REPRESENTATION_CONTEXT() REPRESENTATION_CONTEXT('2D SPACE',''
  ) );
#166 = ORIENTED_EDGE('',*,*,#167,.T.);
#167 = EDGE_CURVE('',#141,#168,#170,.T.);
#168 = VERTEX_POINT('',#169);
#169 = CARTESIAN_POINT('',(51.5,10.5,31.));
#170 = SURFACE_CURVE('',#171,(#175,#182),.PCURVE_S1.);
#171 = LINE('',#172,#173);
#172 = CARTESIAN_POINT('',(51.5,-57.,31.));
#173 = VECTOR('',#174,1.);
#174 = DIRECTION('',(0.,1.,0.));
#175 = PCURVE('',#32,#176);
#176 = DEFINITIONAL_REPRESENTATION('',(#177),#181);
#177 = LINE('',#178,#179);
#178 = CARTESIAN_POINT('',(0.,0.));
#179 = VECTOR('',#180,1.);
#180 = DIRECTION('',(0.,-1.));
#181 = ( GEOMETRIC_REPRESENTATION_CONTEXT(2) 
PARAMETRIC_REPRESENTATION_CONTEXT() REPRESENTATION_CONTEXT('2D SPACE',''
  ) );
#182 = PCURVE('',#183,#188);
#183 = PLANE('',#184);
#184 = AXIS2_PLACEMENT_3D('',#185,#186,#187);
#185 = CARTESIAN_POINT('',(51.5,-57.,31.));
#186 = DIRECTION('',(0.,0.,1.));
#187 = DIRECTION('',(1.,0.,0.));
#188 = DEFINITIONAL_REPRESENTATION('',(#189),#193);
#189 = LINE('',#190,#191);
#190 = CARTESIAN_POINT('',(0.,0.));
#191 = VECTOR('',#192,1.);
#192 = DIRECTION('',(0.,1.));
#193 = ( GEOMETRIC_REPRESENTATION_CONTEXT(2) 
PARAMETRIC_REPRESENTATION_CONTEXT() REPRESENTATION_CONTEXT('2D SPACE',''
  ) );
#194 = ORIENTED_EDGE('',*,*,#195,.F.);
#195 = EDGE_CURVE('',#196,#168,#198,.T.);
#196 = VERTEX_POINT('',#197);
#197 = CARTESIAN_POINT('',(51.5,10.5,30.));
#198 = SURFACE_CURVE('',#199,(#203,#210),.PCURVE_S1.);
#199 = LINE('',#200,#201);
#200 = CARTESIAN_POINT('',(51.5,10.5,29.));
#201 = VECTOR('',#202,1.);
#202 = DIRECTION('',(0.,0.,1.));
#203 = PCURVE('',#32,#204);
#204 = DEFINITIONAL_REPRESENTATION('',(#205),#209);
#205 = LINE('',#206,#207);
#206 = CARTESIAN_POINT('',(-2.,-67.5));
#207 = VECTOR('',#208,1.);
#208 = DIRECTION('',(1.,0.));
#209 = ( GEOMETRIC_REPRESENTATION_CONTEXT(2) 
PARAMETRIC_REPRESENTATION_CONTEXT() REPRESENTATION_CONTEXT('2D SPACE',''
  ) );
#210 = PCURVE('',#211,#216);
#211 = PLANE('',#212);
#212 = AXIS2_PLACEMENT_3D('',#213,#214,#215);
#213 = CARTESIAN_POINT('',(50.5,10.5,28.));
#214 = DIRECTION('',(0.,1.,0.));
#215 = DIRECTION('',(0.,0.,1.));
#216 = DEFINITIONAL_REPRESENTATION('',(#217),#220);
#217 = B_SPLINE_CURVE_WITH_KNOTS('',1,(#218,#219),.UNSPECIFIED.,.F.,.F.,
  (2,2),(1.,2.),.PIECEWISE_BEZIER_KNOTS.);
#218 = CARTESIAN_POINT('',(2.,1.));
#219 = CARTESIAN_POINT('',(3.,1.));
#220 = ( GEOMETRIC_REPRESENTATION_CONTEXT(2) 
PARAMETRIC_REPRESENTATION_CONTEXT() REPRESENTATION_CONTEXT('2D SPACE',''
  ) );
#221 = ORIENTED_EDGE('',*,*,#222,.T.);
#222 = EDGE_CURVE('',#196,#223,#225,.T.);
#223 = VERTEX_POINT('',#224);
#224 = CARTESIAN_POINT('',(51.5,11.7,30.));
#225 = SURFACE_CURVE('',#226,(#230,#237),.PCURVE_S1.);
#226 = LINE('',#227,#228);
#227 = CARTESIAN_POINT('',(51.5,-54.2,30.));
#228 = VECTOR('',#229,1.);
#229 = DIRECTION('',(0.,1.,0.));
#230 = PCURVE('',#32,#231);
#231 = DEFINITIONAL_REPRESENTATION('',(#232),#236);
#232 = LINE('',#233,#234);
#233 = CARTESIAN_POINT('',(-1.,-2.8));
#234 = VECTOR('',#235,1.);
#235 = DIRECTION('',(0.,-1.));
#236 = ( GEOMETRIC_REPRESENTATION_CONTEXT(2) 
PARAMETRIC_REPRESENTATION_CONTEXT() REPRESENTATION_CONTEXT('2D SPACE',''
  ) );
#237 = PCURVE('',#128,#238);
#238 = DEFINITIONAL_REPRESENTATION('',(#239),#243);
#239 = LINE('',#240,#241);
#240 = CARTESIAN_POINT('',(0.,0.));
#241 = VECTOR('',#242,1.);
#242 = DIRECTION('',(0.,1.));
#243 = ( GEOMETRIC_REPRESENTATION_CONTEXT(2) 
PARAMETRIC_REPRESENTATION_CONTEXT() REPRESENTATION_CONTEXT('2D SPACE',''
  ) );
#244 = ORIENTED_EDGE('',*,*,#245,.T.);
#245 = EDGE_CURVE('',#223,#246,#248,.T.);
#246 = VERTEX_POINT('',#247);
#247 = CARTESIAN_POINT('',(51.5,11.7,31.));
#248 = SURFACE_CURVE('',#249,(#253,#260),.PCURVE_S1.);
#249 = LINE('',#250,#251);
#250 = CARTESIAN_POINT('',(51.5,11.7,30.));
#251 = VECTOR('',#252,1.);
#252 = DIRECTION('',(0.,0.,1.));
#253 = PCURVE('',#32,#254);
#254 = DEFINITIONAL_REPRESENTATION('',(#255),#259);
#255 = LINE('',#256,#257);
#256 = CARTESIAN_POINT('',(-1.,-68.7));
#257 = VECTOR('',#258,1.);
#258 = DIRECTION('',(1.,0.));
#259 = ( GEOMETRIC_REPRESENTATION_CONTEXT(2) 
PARAMETRIC_REPRESENTATION_CONTEXT() REPRESENTATION_CONTEXT('2D SPACE',''
  ) );
#260 = PCURVE('',#261,#266);
#261 = PLANE('',#262);
#262 = AXIS2_PLACEMENT_3D('',#263,#264,#265);
#263 = CARTESIAN_POINT('',(51.5,11.7,30.));
#264 = DIRECTION('',(0.,1.,0.));
#265 = DIRECTION('',(0.,0.,1.));
#266 = DEFINITIONAL_REPRESENTATION('',(#267),#271);
#267 = LINE('',#268,#269);
#268 = CARTESIAN_POINT('',(0.,0.));
#269 = VECTOR('',#270,1.);
#270 = DIRECTION('',(1.,0.));
#271 = ( GEOMETRIC_REPRESENTATION_CONTEXT(2) 
PARAMETRIC_REPRESENTATION_CONTEXT() REPRESENTATION_CONTEXT('2D SPACE',''
  ) );
#272 = ORIENTED_EDGE('',*,*,#273,.T.);
#273 = EDGE_CURVE('',#246,#274,#276,.T.);
#274 = VERTEX_POINT('',#275);
#275 = CARTESIAN_POINT('',(51.5,14.5,31.));
#276 = SURFACE_CURVE('',#277,(#281,#288),.PCURVE_S1.);
#277 = LINE('',#278,#279);
#278 = CARTESIAN_POINT('',(51.5,-57.,31.));
#279 = VECTOR('',#280,1.);
#280 = DIRECTION('',(0.,1.,0.));
#281 = PCURVE('',#32,#282);
#282 = DEFINITIONAL_REPRESENTATION('',(#283),#287);
#283 = LINE('',#284,#285);
#284 = CARTESIAN_POINT('',(0.,0.));
#285 = VECTOR('',#286,1.);
#286 = DIRECTION('',(0.,-1.));
#287 = ( GEOMETRIC_REPRESENTATION_CONTEXT(2) 
PARAMETRIC_REPRESENTATION_CONTEXT() REPRESENTATION_CONTEXT('2D SPACE',''
  ) );
#288 = PCURVE('',#72,#289);
#289 = DEFINITIONAL_REPRESENTATION('',(#290),#294);
#290 = LINE('',#291,#292);
#291 = CARTESIAN_POINT('',(0.,0.));
#292 = VECTOR('',#293,1.);
#293 = DIRECTION('',(0.,1.));
#294 = ( GEOMETRIC_REPRESENTATION_CONTEXT(2) 
PARAMETRIC_REPRESENTATION_CONTEXT() REPRESENTATION_CONTEXT('2D SPACE',''
  ) );
#295 = ORIENTED_EDGE('',*,*,#296,.T.);
#296 = EDGE_CURVE('',#274,#297,#299,.T.);
#297 = VERTEX_POINT('',#298);
#298 = CARTESIAN_POINT('',(51.5,14.5,32.25));
#299 = SURFACE_CURVE('',#300,(#304,#311),.PCURVE_S1.);
#300 = LINE('',#301,#302);
#301 = CARTESIAN_POINT('',(51.5,14.5,31.));
#302 = VECTOR('',#303,1.);
#303 = DIRECTION('',(0.,0.,1.));
#304 = PCURVE('',#32,#305);
#305 = DEFINITIONAL_REPRESENTATION('',(#306),#310);
#306 = LINE('',#307,#308);
#307 = CARTESIAN_POINT('',(0.,-71.5));
#308 = VECTOR('',#309,1.);
#309 = DIRECTION('',(1.,0.));
#310 = ( GEOMETRIC_REPRESENTATION_CONTEXT(2) 
PARAMETRIC_REPRESENTATION_CONTEXT() REPRESENTATION_CONTEXT('2D SPACE',''
  ) );
#311 = PCURVE('',#312,#317);
#312 = PLANE('',#313);
#313 = AXIS2_PLACEMENT_3D('',#314,#315,#316);
#314 = CARTESIAN_POINT('',(51.5,14.5,31.));
#315 = DIRECTION('',(0.,1.,0.));
#316 = DIRECTION('',(0.,0.,1.));
#317 = DEFINITIONAL_REPRESENTATION('',(#318),#322);
#318 = LINE('',#319,#320);
#319 = CARTESIAN_POINT('',(0.,0.));
#320 = VECTOR('',#321,1.);
#321 = DIRECTION('',(1.,0.));
#322 = ( GEOMETRIC_REPRESENTATION_CONTEXT(2) 
PARAMETRIC_REPRESENTATION_CONTEXT() REPRESENTATION_CONTEXT('2D SPACE',''
  ) );
#323 = ORIENTED_EDGE('',*,*,#324,.T.);
#324 = EDGE_CURVE('',#297,#24,#325,.T.);
#325 = SURFACE_CURVE('',#326,(#330,#336),.PCURVE_S1.);
#326 = LINE('',#327,#328);
#327 = CARTESIAN_POINT('',(51.5,-57.5,32.25));
#328 = VECTOR('',#329,1.);
#329 = DIRECTION('',(0.,-1.,0.));
#330 = PCURVE('',#32,#331);
#331 = DEFINITIONAL_REPRESENTATION('',(#332),#335);
#332 = B_SPLINE_CURVE_WITH_KNOTS('',1,(#333,#334),.UNSPECIFIED.,.F.,.F.,
  (2,2),(-72.,-0.5),.PIECEWISE_BEZIER_KNOTS.);
#333 = CARTESIAN_POINT('',(1.25,-71.5));
#334 = CARTESIAN_POINT('',(1.25,0.));
#335 = ( GEOMETRIC_REPRESENTATION_CONTEXT(2) 
PARAMETRIC_REPRESENTATION_CONTEXT() REPRESENTATION_CONTEXT('2D SPACE',''
  ) );
#336 = PCURVE('',#337,#342);
#337 = PLANE('',#338);
#338 = AXIS2_PLACEMENT_3D('',#339,#340,#341);
#339 = CARTESIAN_POINT('',(50.5,-58.,32.25));
#340 = DIRECTION('',(0.,0.,1.));
#341 = DIRECTION('',(1.,0.,0.));
#342 = DEFINITIONAL_REPRESENTATION('',(#343),#346);
#343 = B_SPLINE_CURVE_WITH_KNOTS('',1,(#344,#345),.UNSPECIFIED.,.F.,.F.,
  (2,2),(-72.,-0.5),.PIECEWISE_BEZIER_KNOTS.);
#344 = CARTESIAN_POINT('',(1.,72.5));
#345 = CARTESIAN_POINT('',(1.,1.));
#346 = ( GEOMETRIC_REPRESENTATION_CONTEXT(2) 
PARAMETRIC_REPRESENTATION_CONTEXT() REPRESENTATION_CONTEXT('2D SPACE',''
  ) );
#347 = ADVANCED_FACE('',(#348),#44,.F.);
#348 = FACE_BOUND('',#349,.F.);
#349 = EDGE_LOOP('',(#350,#378,#399,#400));
#350 = ORIENTED_EDGE('',*,*,#351,.T.);
#351 = EDGE_CURVE('',#352,#354,#356,.T.);
#352 = VERTEX_POINT('',#353);
#353 = CARTESIAN_POINT('',(54.291900756452,-57.,32.25));
#354 = VERTEX_POINT('',#355);
#355 = CARTESIAN_POINT('',(54.291900756452,-57.,31.));
#356 = SURFACE_CURVE('',#357,(#361,#367),.PCURVE_S1.);
#357 = LINE('',#358,#359);
#358 = CARTESIAN_POINT('',(54.291900756452,-57.,31.));
#359 = VECTOR('',#360,1.);
#360 = DIRECTION('',(-0.,-0.,-1.));
#361 = PCURVE('',#44,#362);
#362 = DEFINITIONAL_REPRESENTATION('',(#363),#366);
#363 = B_SPLINE_CURVE_WITH_KNOTS('',1,(#364,#365),.UNSPECIFIED.,.F.,.F.,
  (2,2),(-2.5000006,5.999999999062E-07),.PIECEWISE_BEZIER_KNOTS.);
#364 = CARTESIAN_POINT('',(2.5000006,2.791900756452));
#365 = CARTESIAN_POINT('',(-5.999999999062E-07,2.791900756452));
#366 = ( GEOMETRIC_REPRESENTATION_CONTEXT(2) 
PARAMETRIC_REPRESENTATION_CONTEXT() REPRESENTATION_CONTEXT('2D SPACE',''
  ) );
#367 = PCURVE('',#368,#373);
#368 = CYLINDRICAL_SURFACE('',#369,4.);
#369 = AXIS2_PLACEMENT_3D('',#370,#371,#372);
#370 = CARTESIAN_POINT('',(58.,-58.5,31.));
#371 = DIRECTION('',(-0.,-0.,-1.));
#372 = DIRECTION('',(1.,0.,0.));
#373 = DEFINITIONAL_REPRESENTATION('',(#374),#377);
#374 = B_SPLINE_CURVE_WITH_KNOTS('',1,(#375,#376),.UNSPECIFIED.,.F.,.F.,
  (2,2),(-1.25,-0.),.PIECEWISE_BEZIER_KNOTS.);
#375 = CARTESIAN_POINT('',(-2.757195879094,-1.25));
#376 = CARTESIAN_POINT('',(-2.757195879094,0.));
#377 = ( GEOMETRIC_REPRESENTATION_CONTEXT(2) 
PARAMETRIC_REPRESENTATION_CONTEXT() REPRESENTATION_CONTEXT('2D SPACE',''
  ) );
#378 = ORIENTED_EDGE('',*,*,#379,.F.);
#379 = EDGE_CURVE('',#22,#354,#380,.T.);
#380 = SURFACE_CURVE('',#381,(#385,#392),.PCURVE_S1.);
#381 = LINE('',#382,#383);
#382 = CARTESIAN_POINT('',(51.5,-57.,31.));
#383 = VECTOR('',#384,1.);
#384 = DIRECTION('',(1.,0.,0.));
#385 = PCURVE('',#44,#386);
#386 = DEFINITIONAL_REPRESENTATION('',(#387),#391);
#387 = LINE('',#388,#389);
#388 = CARTESIAN_POINT('',(0.,0.));
#389 = VECTOR('',#390,1.);
#390 = DIRECTION('',(0.,1.));
#391 = ( GEOMETRIC_REPRESENTATION_CONTEXT(2) 
PARAMETRIC_REPRESENTATION_CONTEXT() REPRESENTATION_CONTEXT('2D SPACE',''
  ) );
#392 = PCURVE('',#72,#393);
#393 = DEFINITIONAL_REPRESENTATION('',(#394),#398);
#394 = LINE('',#395,#396);
#395 = CARTESIAN_POINT('',(0.,0.));
#396 = VECTOR('',#397,1.);
#397 = DIRECTION('',(1.,0.));
#398 = ( GEOMETRIC_REPRESENTATION_CONTEXT(2) 
PARAMETRIC_REPRESENTATION_CONTEXT() REPRESENTATION_CONTEXT('2D SPACE',''
  ) );
#399 = ORIENTED_EDGE('',*,*,#21,.T.);
#400 = ORIENTED_EDGE('',*,*,#401,.T.);
#401 = EDGE_CURVE('',#24,#352,#402,.T.);
#402 = SURFACE_CURVE('',#403,(#407,#413),.PCURVE_S1.);
#403 = LINE('',#404,#405);
#404 = CARTESIAN_POINT('',(51.,-57.,32.25));
#405 = VECTOR('',#406,1.);
#406 = DIRECTION('',(1.,0.,0.));
#407 = PCURVE('',#44,#408);
#408 = DEFINITIONAL_REPRESENTATION('',(#409),#412);
#409 = B_SPLINE_CURVE_WITH_KNOTS('',1,(#410,#411),.UNSPECIFIED.,.F.,.F.,
  (2,2),(0.5,3.5),.PIECEWISE_BEZIER_KNOTS.);
#410 = CARTESIAN_POINT('',(1.25,0.));
#411 = CARTESIAN_POINT('',(1.25,3.));
#412 = ( GEOMETRIC_REPRESENTATION_CONTEXT(2) 
PARAMETRIC_REPRESENTATION_CONTEXT() REPRESENTATION_CONTEXT('2D SPACE',''
  ) );
#413 = PCURVE('',#337,#414);
#414 = DEFINITIONAL_REPRESENTATION('',(#415),#418);
#415 = B_SPLINE_CURVE_WITH_KNOTS('',1,(#416,#417),.UNSPECIFIED.,.F.,.F.,
  (2,2),(0.5,3.5),.PIECEWISE_BEZIER_KNOTS.);
#416 = CARTESIAN_POINT('',(1.,1.));
#417 = CARTESIAN_POINT('',(4.,1.));
#418 = ( GEOMETRIC_REPRESENTATION_CONTEXT(2) 
PARAMETRIC_REPRESENTATION_CONTEXT() REPRESENTATION_CONTEXT('2D SPACE',''
  ) );
#419 = ADVANCED_FACE('',(#420),#337,.T.);
#420 = FACE_BOUND('',#421,.T.);
#421 = EDGE_LOOP('',(#422,#423,#424,#451,#479,#511));
#422 = ORIENTED_EDGE('',*,*,#324,.T.);
#423 = ORIENTED_EDGE('',*,*,#401,.T.);
#424 = ORIENTED_EDGE('',*,*,#425,.T.);
#425 = EDGE_CURVE('',#352,#426,#428,.T.);
#426 = VERTEX_POINT('',#427);
#427 = CARTESIAN_POINT('',(54.5,-56.56350832689,32.25));
#428 = SURFACE_CURVE('',#429,(#434,#445),.PCURVE_S1.);
#429 = CIRCLE('',#430,4.);
#430 = AXIS2_PLACEMENT_3D('',#431,#432,#433);
#431 = CARTESIAN_POINT('',(58.,-58.5,32.25));
#432 = DIRECTION('',(0.,0.,-1.));
#433 = DIRECTION('',(1.,0.,0.));
#434 = PCURVE('',#337,#435);
#435 = DEFINITIONAL_REPRESENTATION('',(#436),#444);
#436 = ( BOUNDED_CURVE() B_SPLINE_CURVE(2,(#437,#438,#439,#440,#441,#442
,#443),.UNSPECIFIED.,.T.,.F.) B_SPLINE_CURVE_WITH_KNOTS((1,2,2,2,2,1),(
    -2.094395102393,0.,2.094395102393,4.188790204786,6.28318530718,
8.377580409573),.UNSPECIFIED.) CURVE() GEOMETRIC_REPRESENTATION_ITEM() 
RATIONAL_B_SPLINE_CURVE((1.,0.5,1.,0.5,1.,0.5,1.)) REPRESENTATION_ITEM(
  '') );
#437 = CARTESIAN_POINT('',(11.5,-0.5));
#438 = CARTESIAN_POINT('',(11.5,-7.428203230276));
#439 = CARTESIAN_POINT('',(5.5,-3.964101615138));
#440 = CARTESIAN_POINT('',(-0.5,-0.5));
#441 = CARTESIAN_POINT('',(5.5,2.964101615138));
#442 = CARTESIAN_POINT('',(11.5,6.428203230276));
#443 = CARTESIAN_POINT('',(11.5,-0.5));
#444 = ( GEOMETRIC_REPRESENTATION_CONTEXT(2) 
PARAMETRIC_REPRESENTATION_CONTEXT() REPRESENTATION_CONTEXT('2D SPACE',''
  ) );
#445 = PCURVE('',#368,#446);
#446 = DEFINITIONAL_REPRESENTATION('',(#447),#450);
#447 = B_SPLINE_CURVE_WITH_KNOTS('',1,(#448,#449),.UNSPECIFIED.,.F.,.F.,
  (2,2),(3.525989428085,3.646953163874),.PIECEWISE_BEZIER_KNOTS.);
#448 = CARTESIAN_POINT('',(-2.757195879094,-1.25));
#449 = CARTESIAN_POINT('',(-2.636232143306,-1.25));
#450 = ( GEOMETRIC_REPRESENTATION_CONTEXT(2) 
PARAMETRIC_REPRESENTATION_CONTEXT() REPRESENTATION_CONTEXT('2D SPACE',''
  ) );
#451 = ORIENTED_EDGE('',*,*,#452,.T.);
#452 = EDGE_CURVE('',#426,#453,#455,.T.);
#453 = VERTEX_POINT('',#454);
#454 = CARTESIAN_POINT('',(54.5,14.063508326896,32.25));
#455 = SURFACE_CURVE('',#456,(#460,#467),.PCURVE_S1.);
#456 = LINE('',#457,#458);
#457 = CARTESIAN_POINT('',(54.5,-58.,32.25));
#458 = VECTOR('',#459,1.);
#459 = DIRECTION('',(0.,1.,0.));
#460 = PCURVE('',#337,#461);
#461 = DEFINITIONAL_REPRESENTATION('',(#462),#466);
#462 = LINE('',#463,#464);
#463 = CARTESIAN_POINT('',(4.,0.));
#464 = VECTOR('',#465,1.);
#465 = DIRECTION('',(0.,1.));
#466 = ( GEOMETRIC_REPRESENTATION_CONTEXT(2) 
PARAMETRIC_REPRESENTATION_CONTEXT() REPRESENTATION_CONTEXT('2D SPACE',''
  ) );
#467 = PCURVE('',#468,#473);
#468 = PLANE('',#469);
#469 = AXIS2_PLACEMENT_3D('',#470,#471,#472);
#470 = CARTESIAN_POINT('',(54.5,-58.,32.25));
#471 = DIRECTION('',(1.,0.,0.));
#472 = DIRECTION('',(0.,0.,1.));
#473 = DEFINITIONAL_REPRESENTATION('',(#474),#478);
#474 = LINE('',#475,#476);
#475 = CARTESIAN_POINT('',(0.,0.));
#476 = VECTOR('',#477,1.);
#477 = DIRECTION('',(0.,-1.));
#478 = ( GEOMETRIC_REPRESENTATION_CONTEXT(2) 
PARAMETRIC_REPRESENTATION_CONTEXT() REPRESENTATION_CONTEXT('2D SPACE',''
  ) );
#479 = ORIENTED_EDGE('',*,*,#480,.T.);
#480 = EDGE_CURVE('',#453,#481,#483,.T.);
#481 = VERTEX_POINT('',#482);
#482 = CARTESIAN_POINT('',(54.291900756452,14.5,32.25));
#483 = SURFACE_CURVE('',#484,(#489,#500),.PCURVE_S1.);
#484 = CIRCLE('',#485,4.);
#485 = AXIS2_PLACEMENT_3D('',#486,#487,#488);
#486 = CARTESIAN_POINT('',(58.,16.,32.25));
#487 = DIRECTION('',(0.,0.,-1.));
#488 = DIRECTION('',(1.,0.,0.));
#489 = PCURVE('',#337,#490);
#490 = DEFINITIONAL_REPRESENTATION('',(#491),#499);
#491 = ( BOUNDED_CURVE() B_SPLINE_CURVE(2,(#492,#493,#494,#495,#496,#497
,#498),.UNSPECIFIED.,.T.,.F.) B_SPLINE_CURVE_WITH_KNOTS((1,2,2,2,2,1),(
    -2.094395102393,0.,2.094395102393,4.188790204786,6.28318530718,
8.377580409573),.UNSPECIFIED.) CURVE() GEOMETRIC_REPRESENTATION_ITEM() 
RATIONAL_B_SPLINE_CURVE((1.,0.5,1.,0.5,1.,0.5,1.)) REPRESENTATION_ITEM(
  '') );
#492 = CARTESIAN_POINT('',(11.5,74.));
#493 = CARTESIAN_POINT('',(11.5,67.071796769725));
#494 = CARTESIAN_POINT('',(5.5,70.535898384862));
#495 = CARTESIAN_POINT('',(-0.5,74.));
#496 = CARTESIAN_POINT('',(5.5,77.464101615138));
#497 = CARTESIAN_POINT('',(11.5,80.928203230276));
#498 = CARTESIAN_POINT('',(11.5,74.));
#499 = ( GEOMETRIC_REPRESENTATION_CONTEXT(2) 
PARAMETRIC_REPRESENTATION_CONTEXT() REPRESENTATION_CONTEXT('2D SPACE',''
  ) );
#500 = PCURVE('',#501,#506);
#501 = CYLINDRICAL_SURFACE('',#502,4.);
#502 = AXIS2_PLACEMENT_3D('',#503,#504,#505);
#503 = CARTESIAN_POINT('',(58.,16.,31.));
#504 = DIRECTION('',(-0.,-0.,-1.));
#505 = DIRECTION('',(1.,0.,0.));
#506 = DEFINITIONAL_REPRESENTATION('',(#507),#510);
#507 = B_SPLINE_CURVE_WITH_KNOTS('',1,(#508,#509),.UNSPECIFIED.,.F.,.F.,
  (2,2),(2.636232143306,2.757195879094),.PIECEWISE_BEZIER_KNOTS.);
#508 = CARTESIAN_POINT('',(-9.930138471054,-1.25));
#509 = CARTESIAN_POINT('',(-9.809174735265,-1.25));
#510 = ( GEOMETRIC_REPRESENTATION_CONTEXT(2) 
PARAMETRIC_REPRESENTATION_CONTEXT() REPRESENTATION_CONTEXT('2D SPACE',''
  ) );
#511 = ORIENTED_EDGE('',*,*,#512,.F.);
#512 = EDGE_CURVE('',#297,#481,#513,.T.);
#513 = SURFACE_CURVE('',#514,(#518,#524),.PCURVE_S1.);
#514 = LINE('',#515,#516);
#515 = CARTESIAN_POINT('',(51.,14.5,32.25));
#516 = VECTOR('',#517,1.);
#517 = DIRECTION('',(1.,0.,0.));
#518 = PCURVE('',#337,#519);
#519 = DEFINITIONAL_REPRESENTATION('',(#520),#523);
#520 = B_SPLINE_CURVE_WITH_KNOTS('',1,(#521,#522),.UNSPECIFIED.,.F.,.F.,
  (2,2),(0.5,3.5),.PIECEWISE_BEZIER_KNOTS.);
#521 = CARTESIAN_POINT('',(1.,72.5));
#522 = CARTESIAN_POINT('',(4.,72.5));
#523 = ( GEOMETRIC_REPRESENTATION_CONTEXT(2) 
PARAMETRIC_REPRESENTATION_CONTEXT() REPRESENTATION_CONTEXT('2D SPACE',''
  ) );
#524 = PCURVE('',#312,#525);
#525 = DEFINITIONAL_REPRESENTATION('',(#526),#529);
#526 = B_SPLINE_CURVE_WITH_KNOTS('',1,(#527,#528),.UNSPECIFIED.,.F.,.F.,
  (2,2),(0.5,3.5),.PIECEWISE_BEZIER_KNOTS.);
#527 = CARTESIAN_POINT('',(1.25,0.));
#528 = CARTESIAN_POINT('',(1.25,3.));
#529 = ( GEOMETRIC_REPRESENTATION_CONTEXT(2) 
PARAMETRIC_REPRESENTATION_CONTEXT() REPRESENTATION_CONTEXT('2D SPACE',''
  ) );
#530 = ADVANCED_FACE('',(#531),#312,.T.);
#531 = FACE_BOUND('',#532,.T.);
#532 = EDGE_LOOP('',(#533,#554,#575,#576));
#533 = ORIENTED_EDGE('',*,*,#534,.T.);
#534 = EDGE_CURVE('',#481,#535,#537,.T.);
#535 = VERTEX_POINT('',#536);
#536 = CARTESIAN_POINT('',(54.291900756452,14.5,31.));
#537 = SURFACE_CURVE('',#538,(#542,#548),.PCURVE_S1.);
#538 = LINE('',#539,#540);
#539 = CARTESIAN_POINT('',(54.291900756452,14.5,31.));
#540 = VECTOR('',#541,1.);
#541 = DIRECTION('',(-0.,-0.,-1.));
#542 = PCURVE('',#312,#543);
#543 = DEFINITIONAL_REPRESENTATION('',(#544),#547);
#544 = B_SPLINE_CURVE_WITH_KNOTS('',1,(#545,#546),.UNSPECIFIED.,.F.,.F.,
  (2,2),(-2.5000006,5.999999999062E-07),.PIECEWISE_BEZIER_KNOTS.);
#545 = CARTESIAN_POINT('',(2.5000006,2.791900756452));
#546 = CARTESIAN_POINT('',(-5.999999999062E-07,2.791900756452));
#547 = ( GEOMETRIC_REPRESENTATION_CONTEXT(2) 
PARAMETRIC_REPRESENTATION_CONTEXT() REPRESENTATION_CONTEXT('2D SPACE',''
  ) );
#548 = PCURVE('',#501,#549);
#549 = DEFINITIONAL_REPRESENTATION('',(#550),#553);
#550 = B_SPLINE_CURVE_WITH_KNOTS('',1,(#551,#552),.UNSPECIFIED.,.F.,.F.,
  (2,2),(-1.25,0.),.PIECEWISE_BEZIER_KNOTS.);
#551 = CARTESIAN_POINT('',(-9.809174735265,-1.25));
#552 = CARTESIAN_POINT('',(-9.809174735265,0.));
#553 = ( GEOMETRIC_REPRESENTATION_CONTEXT(2) 
PARAMETRIC_REPRESENTATION_CONTEXT() REPRESENTATION_CONTEXT('2D SPACE',''
  ) );
#554 = ORIENTED_EDGE('',*,*,#555,.F.);
#555 = EDGE_CURVE('',#274,#535,#556,.T.);
#556 = SURFACE_CURVE('',#557,(#561,#568),.PCURVE_S1.);
#557 = LINE('',#558,#559);
#558 = CARTESIAN_POINT('',(51.5,14.5,31.));
#559 = VECTOR('',#560,1.);
#560 = DIRECTION('',(1.,0.,0.));
#561 = PCURVE('',#312,#562);
#562 = DEFINITIONAL_REPRESENTATION('',(#563),#567);
#563 = LINE('',#564,#565);
#564 = CARTESIAN_POINT('',(0.,0.));
#565 = VECTOR('',#566,1.);
#566 = DIRECTION('',(0.,1.));
#567 = ( GEOMETRIC_REPRESENTATION_CONTEXT(2) 
PARAMETRIC_REPRESENTATION_CONTEXT() REPRESENTATION_CONTEXT('2D SPACE',''
  ) );
#568 = PCURVE('',#72,#569);
#569 = DEFINITIONAL_REPRESENTATION('',(#570),#574);
#570 = LINE('',#571,#572);
#571 = CARTESIAN_POINT('',(0.,71.5));
#572 = VECTOR('',#573,1.);
#573 = DIRECTION('',(1.,0.));
#574 = ( GEOMETRIC_REPRESENTATION_CONTEXT(2) 
PARAMETRIC_REPRESENTATION_CONTEXT() REPRESENTATION_CONTEXT('2D SPACE',''
  ) );
#575 = ORIENTED_EDGE('',*,*,#296,.T.);
#576 = ORIENTED_EDGE('',*,*,#512,.T.);
#577 = ADVANCED_FACE('',(#578,#916,#951,#986,#1021),#72,.F.);
#578 = FACE_BOUND('',#579,.F.);
#579 = EDGE_LOOP('',(#580,#581,#582,#610,#638,#671,#699,#727,#760,#788,
    #816,#842,#843,#844,#867,#895));
#580 = ORIENTED_EDGE('',*,*,#56,.F.);
#581 = ORIENTED_EDGE('',*,*,#379,.T.);
#582 = ORIENTED_EDGE('',*,*,#583,.F.);
#583 = EDGE_CURVE('',#584,#354,#586,.T.);
#584 = VERTEX_POINT('',#585);
#585 = CARTESIAN_POINT('',(61.708099243548,-57.,31.));
#586 = SURFACE_CURVE('',#587,(#592,#603),.PCURVE_S1.);
#587 = CIRCLE('',#588,4.);
#588 = AXIS2_PLACEMENT_3D('',#589,#590,#591);
#589 = CARTESIAN_POINT('',(58.,-58.5,31.));
#590 = DIRECTION('',(0.,0.,-1.));
#591 = DIRECTION('',(0.927024810887,0.375,0.));
#592 = PCURVE('',#72,#593);
#593 = DEFINITIONAL_REPRESENTATION('',(#594),#602);
#594 = ( BOUNDED_CURVE() B_SPLINE_CURVE(2,(#595,#596,#597,#598,#599,#600
,#601),.UNSPECIFIED.,.T.,.F.) B_SPLINE_CURVE_WITH_KNOTS((1,2,2,2,2,1),(
    -2.094395102393,0.,2.094395102393,4.188790204786,6.28318530718,
8.377580409573),.UNSPECIFIED.) CURVE() GEOMETRIC_REPRESENTATION_ITEM() 
RATIONAL_B_SPLINE_CURVE((1.,0.5,1.,0.5,1.,0.5,1.)) REPRESENTATION_ITEM(
  '') );
#595 = CARTESIAN_POINT('',(10.208099243548,-3.907985046681E-14));
#596 = CARTESIAN_POINT('',(12.806175454901,-6.422616289333));
#597 = CARTESIAN_POINT('',(5.944988483903,-5.461308144666));
#598 = CARTESIAN_POINT('',(-0.916198487096,-4.5));
#599 = CARTESIAN_POINT('',(3.346912272549,0.961308144666));
#600 = CARTESIAN_POINT('',(7.610023032195,6.422616289333));
#601 = CARTESIAN_POINT('',(10.208099243548,-3.907985046681E-14));
#602 = ( GEOMETRIC_REPRESENTATION_CONTEXT(2) 
PARAMETRIC_REPRESENTATION_CONTEXT() REPRESENTATION_CONTEXT('2D SPACE',''
  ) );
#603 = PCURVE('',#368,#604);
#604 = DEFINITIONAL_REPRESENTATION('',(#605),#609);
#605 = LINE('',#606,#607);
#606 = CARTESIAN_POINT('',(-6.667582081675,0.));
#607 = VECTOR('',#608,1.);
#608 = DIRECTION('',(1.,-0.));
#609 = ( GEOMETRIC_REPRESENTATION_CONTEXT(2) 
PARAMETRIC_REPRESENTATION_CONTEXT() REPRESENTATION_CONTEXT('2D SPACE',''
  ) );
#610 = ORIENTED_EDGE('',*,*,#611,.T.);
#611 = EDGE_CURVE('',#584,#612,#614,.T.);
#612 = VERTEX_POINT('',#613);
#613 = CARTESIAN_POINT('',(90.291900756452,-57.,31.));
#614 = SURFACE_CURVE('',#615,(#619,#626),.PCURVE_S1.);
#615 = LINE('',#616,#617);
#616 = CARTESIAN_POINT('',(51.5,-57.,31.));
#617 = VECTOR('',#618,1.);
#618 = DIRECTION('',(1.,0.,0.));
#619 = PCURVE('',#72,#620);
#620 = DEFINITIONAL_REPRESENTATION('',(#621),#625);
#621 = LINE('',#622,#623);
#622 = CARTESIAN_POINT('',(0.,0.));
#623 = VECTOR('',#624,1.);
#624 = DIRECTION('',(1.,0.));
#625 = ( GEOMETRIC_REPRESENTATION_CONTEXT(2) 
PARAMETRIC_REPRESENTATION_CONTEXT() REPRESENTATION_CONTEXT('2D SPACE',''
  ) );
#626 = PCURVE('',#627,#632);
#627 = PLANE('',#628);
#628 = AXIS2_PLACEMENT_3D('',#629,#630,#631);
#629 = CARTESIAN_POINT('',(51.5,-57.,31.));
#630 = DIRECTION('',(0.,1.,0.));
#631 = DIRECTION('',(0.,0.,1.));
#632 = DEFINITIONAL_REPRESENTATION('',(#633),#637);
#633 = LINE('',#634,#635);
#634 = CARTESIAN_POINT('',(0.,0.));
#635 = VECTOR('',#636,1.);
#636 = DIRECTION('',(0.,1.));
#637 = ( GEOMETRIC_REPRESENTATION_CONTEXT(2) 
PARAMETRIC_REPRESENTATION_CONTEXT() REPRESENTATION_CONTEXT('2D SPACE',''
  ) );
#638 = ORIENTED_EDGE('',*,*,#639,.F.);
#639 = EDGE_CURVE('',#640,#612,#642,.T.);
#640 = VERTEX_POINT('',#641);
#641 = CARTESIAN_POINT('',(97.708099243548,-57.,31.));
#642 = SURFACE_CURVE('',#643,(#648,#659),.PCURVE_S1.);
#643 = CIRCLE('',#644,4.);
#644 = AXIS2_PLACEMENT_3D('',#645,#646,#647);
#645 = CARTESIAN_POINT('',(94.,-58.5,31.));
#646 = DIRECTION('',(0.,0.,-1.));
#647 = DIRECTION('',(0.927024810887,0.375,0.));
#648 = PCURVE('',#72,#649);
#649 = DEFINITIONAL_REPRESENTATION('',(#650),#658);
#650 = ( BOUNDED_CURVE() B_SPLINE_CURVE(2,(#651,#652,#653,#654,#655,#656
,#657),.UNSPECIFIED.,.T.,.F.) B_SPLINE_CURVE_WITH_KNOTS((1,2,2,2,2,1),(
    -2.094395102393,0.,2.094395102393,4.188790204786,6.28318530718,
8.377580409573),.UNSPECIFIED.) CURVE() GEOMETRIC_REPRESENTATION_ITEM() 
RATIONAL_B_SPLINE_CURVE((1.,0.5,1.,0.5,1.,0.5,1.)) REPRESENTATION_ITEM(
  '') );
#651 = CARTESIAN_POINT('',(46.208099243548,-4.152234112098E-14));
#652 = CARTESIAN_POINT('',(48.806175454901,-6.422616289333));
#653 = CARTESIAN_POINT('',(41.944988483903,-5.461308144666));
#654 = CARTESIAN_POINT('',(35.083801512904,-4.5));
#655 = CARTESIAN_POINT('',(39.346912272549,0.961308144666));
#656 = CARTESIAN_POINT('',(43.610023032195,6.422616289333));
#657 = CARTESIAN_POINT('',(46.208099243548,-4.152234112098E-14));
#658 = ( GEOMETRIC_REPRESENTATION_CONTEXT(2) 
PARAMETRIC_REPRESENTATION_CONTEXT() REPRESENTATION_CONTEXT('2D SPACE',''
  ) );
#659 = PCURVE('',#660,#665);
#660 = CYLINDRICAL_SURFACE('',#661,4.);
#661 = AXIS2_PLACEMENT_3D('',#662,#663,#664);
#662 = CARTESIAN_POINT('',(94.,-58.5,31.));
#663 = DIRECTION('',(-0.,-0.,-1.));
#664 = DIRECTION('',(1.,0.,0.));
#665 = DEFINITIONAL_REPRESENTATION('',(#666),#670);
#666 = LINE('',#667,#668);
#667 = CARTESIAN_POINT('',(-6.667582081675,0.));
#668 = VECTOR('',#669,1.);
#669 = DIRECTION('',(1.,-0.));
#670 = ( GEOMETRIC_REPRESENTATION_CONTEXT(2) 
PARAMETRIC_REPRESENTATION_CONTEXT() REPRESENTATION_CONTEXT('2D SPACE',''
  ) );
#671 = ORIENTED_EDGE('',*,*,#672,.T.);
#672 = EDGE_CURVE('',#640,#673,#675,.T.);
#673 = VERTEX_POINT('',#674);
#674 = CARTESIAN_POINT('',(103.05,-57.,31.));
#675 = SURFACE_CURVE('',#676,(#680,#687),.PCURVE_S1.);
#676 = LINE('',#677,#678);
#677 = CARTESIAN_POINT('',(51.5,-57.,31.));
#678 = VECTOR('',#679,1.);
#679 = DIRECTION('',(1.,0.,0.));
#680 = PCURVE('',#72,#681);
#681 = DEFINITIONAL_REPRESENTATION('',(#682),#686);
#682 = LINE('',#683,#684);
#683 = CARTESIAN_POINT('',(0.,0.));
#684 = VECTOR('',#685,1.);
#685 = DIRECTION('',(1.,0.));
#686 = ( GEOMETRIC_REPRESENTATION_CONTEXT(2) 
PARAMETRIC_REPRESENTATION_CONTEXT() REPRESENTATION_CONTEXT('2D SPACE',''
  ) );
#687 = PCURVE('',#688,#693);
#688 = PLANE('',#689);
#689 = AXIS2_PLACEMENT_3D('',#690,#691,#692);
#690 = CARTESIAN_POINT('',(51.5,-57.,31.));
#691 = DIRECTION('',(0.,1.,0.));
#692 = DIRECTION('',(0.,0.,1.));
#693 = DEFINITIONAL_REPRESENTATION('',(#694),#698);
#694 = LINE('',#695,#696);
#695 = CARTESIAN_POINT('',(0.,0.));
#696 = VECTOR('',#697,1.);
#697 = DIRECTION('',(0.,1.));
#698 = ( GEOMETRIC_REPRESENTATION_CONTEXT(2) 
PARAMETRIC_REPRESENTATION_CONTEXT() REPRESENTATION_CONTEXT('2D SPACE',''
  ) );
#699 = ORIENTED_EDGE('',*,*,#700,.T.);
#700 = EDGE_CURVE('',#673,#701,#703,.T.);
#701 = VERTEX_POINT('',#702);
#702 = CARTESIAN_POINT('',(103.05,-48.70809924354,31.));
#703 = SURFACE_CURVE('',#704,(#708,#715),.PCURVE_S1.);
#704 = LINE('',#705,#706);
#705 = CARTESIAN_POINT('',(103.05,-57.,31.));
#706 = VECTOR('',#707,1.);
#707 = DIRECTION('',(0.,1.,0.));
#708 = PCURVE('',#72,#709);
#709 = DEFINITIONAL_REPRESENTATION('',(#710),#714);
#710 = LINE('',#711,#712);
#711 = CARTESIAN_POINT('',(51.55,0.));
#712 = VECTOR('',#713,1.);
#713 = DIRECTION('',(0.,1.));
#714 = ( GEOMETRIC_REPRESENTATION_CONTEXT(2) 
PARAMETRIC_REPRESENTATION_CONTEXT() REPRESENTATION_CONTEXT('2D SPACE',''
  ) );
#715 = PCURVE('',#716,#721);
#716 = PLANE('',#717);
#717 = AXIS2_PLACEMENT_3D('',#718,#719,#720);
#718 = CARTESIAN_POINT('',(103.05,-57.,31.));
#719 = DIRECTION('',(1.,0.,0.));
#720 = DIRECTION('',(0.,0.,1.));
#721 = DEFINITIONAL_REPRESENTATION('',(#722),#726);
#722 = LINE('',#723,#724);
#723 = CARTESIAN_POINT('',(0.,0.));
#724 = VECTOR('',#725,1.);
#725 = DIRECTION('',(0.,-1.));
#726 = ( GEOMETRIC_REPRESENTATION_CONTEXT(2) 
PARAMETRIC_REPRESENTATION_CONTEXT() REPRESENTATION_CONTEXT('2D SPACE',''
  ) );
#727 = ORIENTED_EDGE('',*,*,#728,.F.);
#728 = EDGE_CURVE('',#729,#701,#731,.T.);
#729 = VERTEX_POINT('',#730);
#730 = CARTESIAN_POINT('',(103.05,-41.29190075645,31.));
#731 = SURFACE_CURVE('',#732,(#737,#748),.PCURVE_S1.);
#732 = CIRCLE('',#733,4.);
#733 = AXIS2_PLACEMENT_3D('',#734,#735,#736);
#734 = CARTESIAN_POINT('',(104.55,-45.,31.));
#735 = DIRECTION('',(0.,0.,-1.));
#736 = DIRECTION('',(-0.375,0.927024810887,0.));
#737 = PCURVE('',#72,#738);
#738 = DEFINITIONAL_REPRESENTATION('',(#739),#747);
#739 = ( BOUNDED_CURVE() B_SPLINE_CURVE(2,(#740,#741,#742,#743,#744,#745
,#746),.UNSPECIFIED.,.T.,.F.) B_SPLINE_CURVE_WITH_KNOTS((1,2,2,2,2,1),(
    -2.094395102393,0.,2.094395102393,4.188790204786,6.28318530718,
8.377580409573),.UNSPECIFIED.) CURVE() GEOMETRIC_REPRESENTATION_ITEM() 
RATIONAL_B_SPLINE_CURVE((1.,0.5,1.,0.5,1.,0.5,1.)) REPRESENTATION_ITEM(
  '') );
#740 = CARTESIAN_POINT('',(51.55,15.708099243548));
#741 = CARTESIAN_POINT('',(57.972616289333,18.306175454901));
#742 = CARTESIAN_POINT('',(57.011308144666,11.444988483903));
#743 = CARTESIAN_POINT('',(56.05,4.583801512904));
#744 = CARTESIAN_POINT('',(50.588691855334,8.846912272549));
#745 = CARTESIAN_POINT('',(45.127383710667,13.110023032194));
#746 = CARTESIAN_POINT('',(51.55,15.708099243548));
#747 = ( GEOMETRIC_REPRESENTATION_CONTEXT(2) 
PARAMETRIC_REPRESENTATION_CONTEXT() REPRESENTATION_CONTEXT('2D SPACE',''
  ) );
#748 = PCURVE('',#749,#754);
#749 = CYLINDRICAL_SURFACE('',#750,4.);
#750 = AXIS2_PLACEMENT_3D('',#751,#752,#753);
#751 = CARTESIAN_POINT('',(104.55,-45.,31.));
#752 = DIRECTION('',(-0.,-0.,-1.));
#753 = DIRECTION('',(1.,0.,0.));
#754 = DEFINITIONAL_REPRESENTATION('',(#755),#759);
#755 = LINE('',#756,#757);
#756 = CARTESIAN_POINT('',(-8.23837840847,0.));
#757 = VECTOR('',#758,1.);
#758 = DIRECTION('',(1.,-0.));
#759 = ( GEOMETRIC_REPRESENTATION_CONTEXT(2) 
PARAMETRIC_REPRESENTATION_CONTEXT() REPRESENTATION_CONTEXT('2D SPACE',''
  ) );
#760 = ORIENTED_EDGE('',*,*,#761,.T.);
#761 = EDGE_CURVE('',#729,#762,#764,.T.);
#762 = VERTEX_POINT('',#763);
#763 = CARTESIAN_POINT('',(103.05,14.5,31.));
#764 = SURFACE_CURVE('',#765,(#769,#776),.PCURVE_S1.);
#765 = LINE('',#766,#767);
#766 = CARTESIAN_POINT('',(103.05,-57.,31.));
#767 = VECTOR('',#768,1.);
#768 = DIRECTION('',(0.,1.,0.));
#769 = PCURVE('',#72,#770);
#770 = DEFINITIONAL_REPRESENTATION('',(#771),#775);
#771 = LINE('',#772,#773);
#772 = CARTESIAN_POINT('',(51.55,0.));
#773 = VECTOR('',#774,1.);
#774 = DIRECTION('',(0.,1.));
#775 = ( GEOMETRIC_REPRESENTATION_CONTEXT(2) 
PARAMETRIC_REPRESENTATION_CONTEXT() REPRESENTATION_CONTEXT('2D SPACE',''
  ) );
#776 = PCURVE('',#777,#782);
#777 = PLANE('',#778);
#778 = AXIS2_PLACEMENT_3D('',#779,#780,#781);
#779 = CARTESIAN_POINT('',(103.05,-57.,31.));
#780 = DIRECTION('',(1.,0.,0.));
#781 = DIRECTION('',(0.,0.,1.));
#782 = DEFINITIONAL_REPRESENTATION('',(#783),#787);
#783 = LINE('',#784,#785);
#784 = CARTESIAN_POINT('',(0.,0.));
#785 = VECTOR('',#786,1.);
#786 = DIRECTION('',(0.,-1.));
#787 = ( GEOMETRIC_REPRESENTATION_CONTEXT(2) 
PARAMETRIC_REPRESENTATION_CONTEXT() REPRESENTATION_CONTEXT('2D SPACE',''
  ) );
#788 = ORIENTED_EDGE('',*,*,#789,.F.);
#789 = EDGE_CURVE('',#790,#762,#792,.T.);
#790 = VERTEX_POINT('',#791);
#791 = CARTESIAN_POINT('',(61.708099243548,14.5,31.));
#792 = SURFACE_CURVE('',#793,(#797,#804),.PCURVE_S1.);
#793 = LINE('',#794,#795);
#794 = CARTESIAN_POINT('',(51.5,14.5,31.));
#795 = VECTOR('',#796,1.);
#796 = DIRECTION('',(1.,0.,0.));
#797 = PCURVE('',#72,#798);
#798 = DEFINITIONAL_REPRESENTATION('',(#799),#803);
#799 = LINE('',#800,#801);
#800 = CARTESIAN_POINT('',(0.,71.5));
#801 = VECTOR('',#802,1.);
#802 = DIRECTION('',(1.,0.));
#803 = ( GEOMETRIC_REPRESENTATION_CONTEXT(2) 
PARAMETRIC_REPRESENTATION_CONTEXT() REPRESENTATION_CONTEXT('2D SPACE',''
  ) );
#804 = PCURVE('',#805,#810);
#805 = PLANE('',#806);
#806 = AXIS2_PLACEMENT_3D('',#807,#808,#809);
#807 = CARTESIAN_POINT('',(51.5,14.5,31.));
#808 = DIRECTION('',(0.,1.,0.));
#809 = DIRECTION('',(0.,0.,1.));
#810 = DEFINITIONAL_REPRESENTATION('',(#811),#815);
#811 = LINE('',#812,#813);
#812 = CARTESIAN_POINT('',(0.,0.));
#813 = VECTOR('',#814,1.);
#814 = DIRECTION('',(0.,1.));
#815 = ( GEOMETRIC_REPRESENTATION_CONTEXT(2) 
PARAMETRIC_REPRESENTATION_CONTEXT() REPRESENTATION_CONTEXT('2D SPACE',''
  ) );
#816 = ORIENTED_EDGE('',*,*,#817,.F.);
#817 = EDGE_CURVE('',#535,#790,#818,.T.);
#818 = SURFACE_CURVE('',#819,(#824,#835),.PCURVE_S1.);
#819 = CIRCLE('',#820,4.);
#820 = AXIS2_PLACEMENT_3D('',#821,#822,#823);
#821 = CARTESIAN_POINT('',(58.,16.,31.));
#822 = DIRECTION('',(-0.,0.,-1.));
#823 = DIRECTION('',(-0.927024810887,-0.375,0.));
#824 = PCURVE('',#72,#825);
#825 = DEFINITIONAL_REPRESENTATION('',(#826),#834);
#826 = ( BOUNDED_CURVE() B_SPLINE_CURVE(2,(#827,#828,#829,#830,#831,#832
,#833),.UNSPECIFIED.,.T.,.F.) B_SPLINE_CURVE_WITH_KNOTS((1,2,2,2,2,1),(
    -2.094395102393,0.,2.094395102393,4.188790204786,6.28318530718,
8.377580409573),.UNSPECIFIED.) CURVE() GEOMETRIC_REPRESENTATION_ITEM() 
RATIONAL_B_SPLINE_CURVE((1.,0.5,1.,0.5,1.,0.5,1.)) REPRESENTATION_ITEM(
  '') );
#827 = CARTESIAN_POINT('',(2.791900756452,71.5));
#828 = CARTESIAN_POINT('',(0.193824545099,77.922616289332));
#829 = CARTESIAN_POINT('',(7.055011516097,76.961308144666));
#830 = CARTESIAN_POINT('',(13.916198487096,76.));
#831 = CARTESIAN_POINT('',(9.653087727451,70.538691855334));
#832 = CARTESIAN_POINT('',(5.389976967806,65.077383710667));
#833 = CARTESIAN_POINT('',(2.791900756452,71.5));
#834 = ( GEOMETRIC_REPRESENTATION_CONTEXT(2) 
PARAMETRIC_REPRESENTATION_CONTEXT() REPRESENTATION_CONTEXT('2D SPACE',''
  ) );
#835 = PCURVE('',#501,#836);
#836 = DEFINITIONAL_REPRESENTATION('',(#837),#841);
#837 = LINE('',#838,#839);
#838 = CARTESIAN_POINT('',(-9.809174735265,0.));
#839 = VECTOR('',#840,1.);
#840 = DIRECTION('',(1.,-0.));
#841 = ( GEOMETRIC_REPRESENTATION_CONTEXT(2) 
PARAMETRIC_REPRESENTATION_CONTEXT() REPRESENTATION_CONTEXT('2D SPACE',''
  ) );
#842 = ORIENTED_EDGE('',*,*,#555,.F.);
#843 = ORIENTED_EDGE('',*,*,#273,.F.);
#844 = ORIENTED_EDGE('',*,*,#845,.T.);
#845 = EDGE_CURVE('',#246,#846,#848,.T.);
#846 = VERTEX_POINT('',#847);
#847 = CARTESIAN_POINT('',(100.25,11.7,31.));
#848 = SURFACE_CURVE('',#849,(#853,#860),.PCURVE_S1.);
#849 = LINE('',#850,#851);
#850 = CARTESIAN_POINT('',(51.5,11.7,31.));
#851 = VECTOR('',#852,1.);
#852 = DIRECTION('',(1.,0.,0.));
#853 = PCURVE('',#72,#854);
#854 = DEFINITIONAL_REPRESENTATION('',(#855),#859);
#855 = LINE('',#856,#857);
#856 = CARTESIAN_POINT('',(0.,68.7));
#857 = VECTOR('',#858,1.);
#858 = DIRECTION('',(1.,0.));
#859 = ( GEOMETRIC_REPRESENTATION_CONTEXT(2) 
PARAMETRIC_REPRESENTATION_CONTEXT() REPRESENTATION_CONTEXT('2D SPACE',''
  ) );
#860 = PCURVE('',#261,#861);
#861 = DEFINITIONAL_REPRESENTATION('',(#862),#866);
#862 = LINE('',#863,#864);
#863 = CARTESIAN_POINT('',(1.,0.));
#864 = VECTOR('',#865,1.);
#865 = DIRECTION('',(0.,1.));
#866 = ( GEOMETRIC_REPRESENTATION_CONTEXT(2) 
PARAMETRIC_REPRESENTATION_CONTEXT() REPRESENTATION_CONTEXT('2D SPACE',''
  ) );
#867 = ORIENTED_EDGE('',*,*,#868,.F.);
#868 = EDGE_CURVE('',#869,#846,#871,.T.);
#869 = VERTEX_POINT('',#870);
#870 = CARTESIAN_POINT('',(100.25,-54.2,31.));
#871 = SURFACE_CURVE('',#872,(#876,#883),.PCURVE_S1.);
#872 = LINE('',#873,#874);
#873 = CARTESIAN_POINT('',(100.25,-54.2,31.));
#874 = VECTOR('',#875,1.);
#875 = DIRECTION('',(0.,1.,0.));
#876 = PCURVE('',#72,#877);
#877 = DEFINITIONAL_REPRESENTATION('',(#878),#882);
#878 = LINE('',#879,#880);
#879 = CARTESIAN_POINT('',(48.75,2.8));
#880 = VECTOR('',#881,1.);
#881 = DIRECTION('',(0.,1.));
#882 = ( GEOMETRIC_REPRESENTATION_CONTEXT(2) 
PARAMETRIC_REPRESENTATION_CONTEXT() REPRESENTATION_CONTEXT('2D SPACE',''
  ) );
#883 = PCURVE('',#884,#889);
#884 = PLANE('',#885);
#885 = AXIS2_PLACEMENT_3D('',#886,#887,#888);
#886 = CARTESIAN_POINT('',(100.25,-54.2,30.));
#887 = DIRECTION('',(1.,0.,0.));
#888 = DIRECTION('',(0.,0.,1.));
#889 = DEFINITIONAL_REPRESENTATION('',(#890),#894);
#890 = LINE('',#891,#892);
#891 = CARTESIAN_POINT('',(1.,0.));
#892 = VECTOR('',#893,1.);
#893 = DIRECTION('',(0.,-1.));
#894 = ( GEOMETRIC_REPRESENTATION_CONTEXT(2) 
PARAMETRIC_REPRESENTATION_CONTEXT() REPRESENTATION_CONTEXT('2D SPACE',''
  ) );
#895 = ORIENTED_EDGE('',*,*,#896,.F.);
#896 = EDGE_CURVE('',#57,#869,#897,.T.);
#897 = SURFACE_CURVE('',#898,(#902,#909),.PCURVE_S1.);
#898 = LINE('',#899,#900);
#899 = CARTESIAN_POINT('',(51.5,-54.2,31.));
#900 = VECTOR('',#901,1.);
#901 = DIRECTION('',(1.,0.,0.));
#902 = PCURVE('',#72,#903);
#903 = DEFINITIONAL_REPRESENTATION('',(#904),#908);
#904 = LINE('',#905,#906);
#905 = CARTESIAN_POINT('',(0.,2.8));
#906 = VECTOR('',#907,1.);
#907 = DIRECTION('',(1.,0.));
#908 = ( GEOMETRIC_REPRESENTATION_CONTEXT(2) 
PARAMETRIC_REPRESENTATION_CONTEXT() REPRESENTATION_CONTEXT('2D SPACE',''
  ) );
#909 = PCURVE('',#100,#910);
#910 = DEFINITIONAL_REPRESENTATION('',(#911),#915);
#911 = LINE('',#912,#913);
#912 = CARTESIAN_POINT('',(1.,0.));
#913 = VECTOR('',#914,1.);
#914 = DIRECTION('',(0.,1.));
#915 = ( GEOMETRIC_REPRESENTATION_CONTEXT(2) 
PARAMETRIC_REPRESENTATION_CONTEXT() REPRESENTATION_CONTEXT('2D SPACE',''
  ) );
#916 = FACE_BOUND('',#917,.F.);
#917 = EDGE_LOOP('',(#918));
#918 = ORIENTED_EDGE('',*,*,#919,.T.);
#919 = EDGE_CURVE('',#920,#920,#922,.T.);
#920 = VERTEX_POINT('',#921);
#921 = CARTESIAN_POINT('',(59.7,-58.5,31.));
#922 = SURFACE_CURVE('',#923,(#928,#939),.PCURVE_S1.);
#923 = CIRCLE('',#924,1.7);
#924 = AXIS2_PLACEMENT_3D('',#925,#926,#927);
#925 = CARTESIAN_POINT('',(58.,-58.5,31.));
#926 = DIRECTION('',(0.,0.,-1.));
#927 = DIRECTION('',(1.,0.,0.));
#928 = PCURVE('',#72,#929);
#929 = DEFINITIONAL_REPRESENTATION('',(#930),#938);
#930 = ( BOUNDED_CURVE() B_SPLINE_CURVE(2,(#931,#932,#933,#934,#935,#936
,#937),.UNSPECIFIED.,.T.,.F.) B_SPLINE_CURVE_WITH_KNOTS((1,2,2,2,2,1),(
    -2.094395102393,0.,2.094395102393,4.188790204786,6.28318530718,
8.377580409573),.UNSPECIFIED.) CURVE() GEOMETRIC_REPRESENTATION_ITEM() 
RATIONAL_B_SPLINE_CURVE((1.,0.5,1.,0.5,1.,0.5,1.)) REPRESENTATION_ITEM(
  '') );
#931 = CARTESIAN_POINT('',(8.2,-1.5));
#932 = CARTESIAN_POINT('',(8.2,-4.444486372867));
#933 = CARTESIAN_POINT('',(5.65,-2.972243186434));
#934 = CARTESIAN_POINT('',(3.1,-1.5));
#935 = CARTESIAN_POINT('',(5.65,-2.775681356645E-02));
#936 = CARTESIAN_POINT('',(8.2,1.444486372867));
#937 = CARTESIAN_POINT('',(8.2,-1.5));
#938 = ( GEOMETRIC_REPRESENTATION_CONTEXT(2) 
PARAMETRIC_REPRESENTATION_CONTEXT() REPRESENTATION_CONTEXT('2D SPACE',''
  ) );
#939 = PCURVE('',#940,#945);
#940 = CYLINDRICAL_SURFACE('',#941,1.7);
#941 = AXIS2_PLACEMENT_3D('',#942,#943,#944);
#942 = CARTESIAN_POINT('',(58.,-58.5,30.));
#943 = DIRECTION('',(-0.,-0.,-1.));
#944 = DIRECTION('',(1.,0.,0.));
#945 = DEFINITIONAL_REPRESENTATION('',(#946),#950);
#946 = LINE('',#947,#948);
#947 = CARTESIAN_POINT('',(-6.28318530718,-1.));
#948 = VECTOR('',#949,1.);
#949 = DIRECTION('',(1.,-0.));
#950 = ( GEOMETRIC_REPRESENTATION_CONTEXT(2) 
PARAMETRIC_REPRESENTATION_CONTEXT() REPRESENTATION_CONTEXT('2D SPACE',''
  ) );
#951 = FACE_BOUND('',#952,.F.);
#952 = EDGE_LOOP('',(#953));
#953 = ORIENTED_EDGE('',*,*,#954,.T.);
#954 = EDGE_CURVE('',#955,#955,#957,.T.);
#955 = VERTEX_POINT('',#956);
#956 = CARTESIAN_POINT('',(95.7,-58.5,31.));
#957 = SURFACE_CURVE('',#958,(#963,#974),.PCURVE_S1.);
#958 = CIRCLE('',#959,1.7);
#959 = AXIS2_PLACEMENT_3D('',#960,#961,#962);
#960 = CARTESIAN_POINT('',(94.,-58.5,31.));
#961 = DIRECTION('',(0.,0.,-1.));
#962 = DIRECTION('',(1.,0.,0.));
#963 = PCURVE('',#72,#964);
#964 = DEFINITIONAL_REPRESENTATION('',(#965),#973);
#965 = ( BOUNDED_CURVE() B_SPLINE_CURVE(2,(#966,#967,#968,#969,#970,#971
,#972),.UNSPECIFIED.,.T.,.F.) B_SPLINE_CURVE_WITH_KNOTS((1,2,2,2,2,1),(
    -2.094395102393,0.,2.094395102393,4.188790204786,6.28318530718,
8.377580409573),.UNSPECIFIED.) CURVE() GEOMETRIC_REPRESENTATION_ITEM() 
RATIONAL_B_SPLINE_CURVE((1.,0.5,1.,0.5,1.,0.5,1.)) REPRESENTATION_ITEM(
  '') );
#966 = CARTESIAN_POINT('',(44.2,-1.5));
#967 = CARTESIAN_POINT('',(44.2,-4.444486372867));
#968 = CARTESIAN_POINT('',(41.65,-2.972243186434));
#969 = CARTESIAN_POINT('',(39.1,-1.5));
#970 = CARTESIAN_POINT('',(41.65,-2.775681356645E-02));
#971 = CARTESIAN_POINT('',(44.2,1.444486372867));
#972 = CARTESIAN_POINT('',(44.2,-1.5));
#973 = ( GEOMETRIC_REPRESENTATION_CONTEXT(2) 
PARAMETRIC_REPRESENTATION_CONTEXT() REPRESENTATION_CONTEXT('2D SPACE',''
  ) );
#974 = PCURVE('',#975,#980);
#975 = CYLINDRICAL_SURFACE('',#976,1.7);
#976 = AXIS2_PLACEMENT_3D('',#977,#978,#979);
#977 = CARTESIAN_POINT('',(94.,-58.5,30.));
#978 = DIRECTION('',(-0.,-0.,-1.));
#979 = DIRECTION('',(1.,0.,0.));
#980 = DEFINITIONAL_REPRESENTATION('',(#981),#985);
#981 = LINE('',#982,#983);
#982 = CARTESIAN_POINT('',(-6.28318530718,-1.));
#983 = VECTOR('',#984,1.);
#984 = DIRECTION('',(1.,-0.));
#985 = ( GEOMETRIC_REPRESENTATION_CONTEXT(2) 
PARAMETRIC_REPRESENTATION_CONTEXT() REPRESENTATION_CONTEXT('2D SPACE',''
  ) );
#986 = FACE_BOUND('',#987,.F.);
#987 = EDGE_LOOP('',(#988));
#988 = ORIENTED_EDGE('',*,*,#989,.T.);
#989 = EDGE_CURVE('',#990,#990,#992,.T.);
#990 = VERTEX_POINT('',#991);
#991 = CARTESIAN_POINT('',(106.25,-45.,31.));
#992 = SURFACE_CURVE('',#993,(#998,#1009),.PCURVE_S1.);
#993 = CIRCLE('',#994,1.7);
#994 = AXIS2_PLACEMENT_3D('',#995,#996,#997);
#995 = CARTESIAN_POINT('',(104.55,-45.,31.));
#996 = DIRECTION('',(0.,0.,-1.));
#997 = DIRECTION('',(1.,0.,0.));
#998 = PCURVE('',#72,#999);
#999 = DEFINITIONAL_REPRESENTATION('',(#1000),#1008);
#1000 = ( BOUNDED_CURVE() B_SPLINE_CURVE(2,(#1001,#1002,#1003,#1004,
#1005,#1006,#1007),.UNSPECIFIED.,.T.,.F.) B_SPLINE_CURVE_WITH_KNOTS((1,2
    ,2,2,2,1),(-2.094395102393,0.,2.094395102393,4.188790204786,
6.28318530718,8.377580409573),.UNSPECIFIED.) CURVE() 
GEOMETRIC_REPRESENTATION_ITEM() RATIONAL_B_SPLINE_CURVE((1.,0.5,1.,0.5,
1.,0.5,1.)) REPRESENTATION_ITEM('') );
#1001 = CARTESIAN_POINT('',(54.75,12.));
#1002 = CARTESIAN_POINT('',(54.75,9.055513627133));
#1003 = CARTESIAN_POINT('',(52.2,10.527756813566));
#1004 = CARTESIAN_POINT('',(49.65,12.));
#1005 = CARTESIAN_POINT('',(52.2,13.472243186434));
#1006 = CARTESIAN_POINT('',(54.75,14.944486372867));
#1007 = CARTESIAN_POINT('',(54.75,12.));
#1008 = ( GEOMETRIC_REPRESENTATION_CONTEXT(2) 
PARAMETRIC_REPRESENTATION_CONTEXT() REPRESENTATION_CONTEXT('2D SPACE',''
  ) );
#1009 = PCURVE('',#1010,#1015);
#1010 = CYLINDRICAL_SURFACE('',#1011,1.7);
#1011 = AXIS2_PLACEMENT_3D('',#1012,#1013,#1014);
#1012 = CARTESIAN_POINT('',(104.55,-45.,30.));
#1013 = DIRECTION('',(-0.,-0.,-1.));
#1014 = DIRECTION('',(1.,0.,0.));
#1015 = DEFINITIONAL_REPRESENTATION('',(#1016),#1020);
#1016 = LINE('',#1017,#1018);
#1017 = CARTESIAN_POINT('',(-6.28318530718,-1.));
#1018 = VECTOR('',#1019,1.);
#1019 = DIRECTION('',(1.,-0.));
#1020 = ( GEOMETRIC_REPRESENTATION_CONTEXT(2) 
PARAMETRIC_REPRESENTATION_CONTEXT() REPRESENTATION_CONTEXT('2D SPACE',''
  ) );
#1021 = FACE_BOUND('',#1022,.F.);
#1022 = EDGE_LOOP('',(#1023));
#1023 = ORIENTED_EDGE('',*,*,#1024,.T.);
#1024 = EDGE_CURVE('',#1025,#1025,#1027,.T.);
#1025 = VERTEX_POINT('',#1026);
#1026 = CARTESIAN_POINT('',(59.7,16.,31.));
#1027 = SURFACE_CURVE('',#1028,(#1033,#1044),.PCURVE_S1.);
#1028 = CIRCLE('',#1029,1.7);
#1029 = AXIS2_PLACEMENT_3D('',#1030,#1031,#1032);
#1030 = CARTESIAN_POINT('',(58.,16.,31.));
#1031 = DIRECTION('',(0.,0.,-1.));
#1032 = DIRECTION('',(1.,0.,0.));
#1033 = PCURVE('',#72,#1034);
#1034 = DEFINITIONAL_REPRESENTATION('',(#1035),#1043);
#1035 = ( BOUNDED_CURVE() B_SPLINE_CURVE(2,(#1036,#1037,#1038,#1039,
#1040,#1041,#1042),.UNSPECIFIED.,.T.,.F.) B_SPLINE_CURVE_WITH_KNOTS((1,2
    ,2,2,2,1),(-2.094395102393,0.,2.094395102393,4.188790204786,
6.28318530718,8.377580409573),.UNSPECIFIED.) CURVE() 
GEOMETRIC_REPRESENTATION_ITEM() RATIONAL_B_SPLINE_CURVE((1.,0.5,1.,0.5,
1.,0.5,1.)) REPRESENTATION_ITEM('') );
#1036 = CARTESIAN_POINT('',(8.2,73.));
#1037 = CARTESIAN_POINT('',(8.2,70.055513627133));
#1038 = CARTESIAN_POINT('',(5.65,71.527756813566));
#1039 = CARTESIAN_POINT('',(3.1,73.));
#1040 = CARTESIAN_POINT('',(5.65,74.472243186434));
#1041 = CARTESIAN_POINT('',(8.2,75.944486372867));
#1042 = CARTESIAN_POINT('',(8.2,73.));
#1043 = ( GEOMETRIC_REPRESENTATION_CONTEXT(2) 
PARAMETRIC_REPRESENTATION_CONTEXT() REPRESENTATION_CONTEXT('2D SPACE',''
  ) );
#1044 = PCURVE('',#1045,#1050);
#1045 = CYLINDRICAL_SURFACE('',#1046,1.7);
#1046 = AXIS2_PLACEMENT_3D('',#1047,#1048,#1049);
#1047 = CARTESIAN_POINT('',(58.,16.,30.));
#1048 = DIRECTION('',(-0.,-0.,-1.));
#1049 = DIRECTION('',(1.,0.,0.));
#1050 = DEFINITIONAL_REPRESENTATION('',(#1051),#1055);
#1051 = LINE('',#1052,#1053);
#1052 = CARTESIAN_POINT('',(-6.28318530718,-1.));
#1053 = VECTOR('',#1054,1.);
#1054 = DIRECTION('',(1.,-0.));
#1055 = ( GEOMETRIC_REPRESENTATION_CONTEXT(2) 
PARAMETRIC_REPRESENTATION_CONTEXT() REPRESENTATION_CONTEXT('2D SPACE',''
  ) );
#1056 = ADVANCED_FACE('',(#1057),#261,.T.);
#1057 = FACE_BOUND('',#1058,.T.);
#1058 = EDGE_LOOP('',(#1059,#1082,#1083,#1084));
#1059 = ORIENTED_EDGE('',*,*,#1060,.F.);
#1060 = EDGE_CURVE('',#223,#1061,#1063,.T.);
#1061 = VERTEX_POINT('',#1062);
#1062 = CARTESIAN_POINT('',(100.25,11.7,30.));
#1063 = SURFACE_CURVE('',#1064,(#1068,#1075),.PCURVE_S1.);
#1064 = LINE('',#1065,#1066);
#1065 = CARTESIAN_POINT('',(51.5,11.7,30.));
#1066 = VECTOR('',#1067,1.);
#1067 = DIRECTION('',(1.,0.,0.));
#1068 = PCURVE('',#261,#1069);
#1069 = DEFINITIONAL_REPRESENTATION('',(#1070),#1074);
#1070 = LINE('',#1071,#1072);
#1071 = CARTESIAN_POINT('',(0.,0.));
#1072 = VECTOR('',#1073,1.);
#1073 = DIRECTION('',(0.,1.));
#1074 = ( GEOMETRIC_REPRESENTATION_CONTEXT(2) 
PARAMETRIC_REPRESENTATION_CONTEXT() REPRESENTATION_CONTEXT('2D SPACE',''
  ) );
#1075 = PCURVE('',#128,#1076);
#1076 = DEFINITIONAL_REPRESENTATION('',(#1077),#1081);
#1077 = LINE('',#1078,#1079);
#1078 = CARTESIAN_POINT('',(0.,65.9));
#1079 = VECTOR('',#1080,1.);
#1080 = DIRECTION('',(1.,0.));
#1081 = ( GEOMETRIC_REPRESENTATION_CONTEXT(2) 
PARAMETRIC_REPRESENTATION_CONTEXT() REPRESENTATION_CONTEXT('2D SPACE',''
  ) );
#1082 = ORIENTED_EDGE('',*,*,#245,.T.);
#1083 = ORIENTED_EDGE('',*,*,#845,.T.);
#1084 = ORIENTED_EDGE('',*,*,#1085,.F.);
#1085 = EDGE_CURVE('',#1061,#846,#1086,.T.);
#1086 = SURFACE_CURVE('',#1087,(#1091,#1098),.PCURVE_S1.);
#1087 = LINE('',#1088,#1089);
#1088 = CARTESIAN_POINT('',(100.25,11.7,30.));
#1089 = VECTOR('',#1090,1.);
#1090 = DIRECTION('',(0.,0.,1.));
#1091 = PCURVE('',#261,#1092);
#1092 = DEFINITIONAL_REPRESENTATION('',(#1093),#1097);
#1093 = LINE('',#1094,#1095);
#1094 = CARTESIAN_POINT('',(0.,48.75));
#1095 = VECTOR('',#1096,1.);
#1096 = DIRECTION('',(1.,0.));
#1097 = ( GEOMETRIC_REPRESENTATION_CONTEXT(2) 
PARAMETRIC_REPRESENTATION_CONTEXT() REPRESENTATION_CONTEXT('2D SPACE',''
  ) );
#1098 = PCURVE('',#884,#1099);
#1099 = DEFINITIONAL_REPRESENTATION('',(#1100),#1104);
#1100 = LINE('',#1101,#1102);
#1101 = CARTESIAN_POINT('',(0.,-65.9));
#1102 = VECTOR('',#1103,1.);
#1103 = DIRECTION('',(1.,0.));
#1104 = ( GEOMETRIC_REPRESENTATION_CONTEXT(2) 
PARAMETRIC_REPRESENTATION_CONTEXT() REPRESENTATION_CONTEXT('2D SPACE',''
  ) );
#1105 = ADVANCED_FACE('',(#1106),#128,.F.);
#1106 = FACE_BOUND('',#1107,.F.);
#1107 = EDGE_LOOP('',(#1108,#1109,#1132,#1153,#1154,#1155,#1176,#1202));
#1108 = ORIENTED_EDGE('',*,*,#112,.F.);
#1109 = ORIENTED_EDGE('',*,*,#1110,.T.);
#1110 = EDGE_CURVE('',#85,#1111,#1113,.T.);
#1111 = VERTEX_POINT('',#1112);
#1112 = CARTESIAN_POINT('',(100.25,-54.2,30.));
#1113 = SURFACE_CURVE('',#1114,(#1118,#1125),.PCURVE_S1.);
#1114 = LINE('',#1115,#1116);
#1115 = CARTESIAN_POINT('',(51.5,-54.2,30.));
#1116 = VECTOR('',#1117,1.);
#1117 = DIRECTION('',(1.,0.,0.));
#1118 = PCURVE('',#128,#1119);
#1119 = DEFINITIONAL_REPRESENTATION('',(#1120),#1124);
#1120 = LINE('',#1121,#1122);
#1121 = CARTESIAN_POINT('',(0.,0.));
#1122 = VECTOR('',#1123,1.);
#1123 = DIRECTION('',(1.,0.));
#1124 = ( GEOMETRIC_REPRESENTATION_CONTEXT(2) 
PARAMETRIC_REPRESENTATION_CONTEXT() REPRESENTATION_CONTEXT('2D SPACE',''
  ) );
#1125 = PCURVE('',#100,#1126);
#1126 = DEFINITIONAL_REPRESENTATION('',(#1127),#1131);
#1127 = LINE('',#1128,#1129);
#1128 = CARTESIAN_POINT('',(0.,0.));
#1129 = VECTOR('',#1130,1.);
#1130 = DIRECTION('',(0.,1.));
#1131 = ( GEOMETRIC_REPRESENTATION_CONTEXT(2) 
PARAMETRIC_REPRESENTATION_CONTEXT() REPRESENTATION_CONTEXT('2D SPACE',''
  ) );
#1132 = ORIENTED_EDGE('',*,*,#1133,.T.);
#1133 = EDGE_CURVE('',#1111,#1061,#1134,.T.);
#1134 = SURFACE_CURVE('',#1135,(#1139,#1146),.PCURVE_S1.);
#1135 = LINE('',#1136,#1137);
#1136 = CARTESIAN_POINT('',(100.25,-54.2,30.));
#1137 = VECTOR('',#1138,1.);
#1138 = DIRECTION('',(0.,1.,0.));
#1139 = PCURVE('',#128,#1140);
#1140 = DEFINITIONAL_REPRESENTATION('',(#1141),#1145);
#1141 = LINE('',#1142,#1143);
#1142 = CARTESIAN_POINT('',(48.75,0.));
#1143 = VECTOR('',#1144,1.);
#1144 = DIRECTION('',(0.,1.));
#1145 = ( GEOMETRIC_REPRESENTATION_CONTEXT(2) 
PARAMETRIC_REPRESENTATION_CONTEXT() REPRESENTATION_CONTEXT('2D SPACE',''
  ) );
#1146 = PCURVE('',#884,#1147);
#1147 = DEFINITIONAL_REPRESENTATION('',(#1148),#1152);
#1148 = LINE('',#1149,#1150);
#1149 = CARTESIAN_POINT('',(0.,0.));
#1150 = VECTOR('',#1151,1.);
#1151 = DIRECTION('',(0.,-1.));
#1152 = ( GEOMETRIC_REPRESENTATION_CONTEXT(2) 
PARAMETRIC_REPRESENTATION_CONTEXT() REPRESENTATION_CONTEXT('2D SPACE',''
  ) );
#1153 = ORIENTED_EDGE('',*,*,#1060,.F.);
#1154 = ORIENTED_EDGE('',*,*,#222,.F.);
#1155 = ORIENTED_EDGE('',*,*,#1156,.F.);
#1156 = EDGE_CURVE('',#1157,#196,#1159,.T.);
#1157 = VERTEX_POINT('',#1158);
#1158 = CARTESIAN_POINT('',(99.05,10.5,30.));
#1159 = SURFACE_CURVE('',#1160,(#1164,#1170),.PCURVE_S1.);
#1160 = LINE('',#1161,#1162);
#1161 = CARTESIAN_POINT('',(51.,10.5,30.));
#1162 = VECTOR('',#1163,1.);
#1163 = DIRECTION('',(-1.,0.,0.));
#1164 = PCURVE('',#128,#1165);
#1165 = DEFINITIONAL_REPRESENTATION('',(#1166),#1169);
#1166 = B_SPLINE_CURVE_WITH_KNOTS('',1,(#1167,#1168),.UNSPECIFIED.,.F.,
  .F.,(2,2),(-48.05,-0.5),.PIECEWISE_BEZIER_KNOTS.);
#1167 = CARTESIAN_POINT('',(47.55,64.7));
#1168 = CARTESIAN_POINT('',(0.,64.7));
#1169 = ( GEOMETRIC_REPRESENTATION_CONTEXT(2) 
PARAMETRIC_REPRESENTATION_CONTEXT() REPRESENTATION_CONTEXT('2D SPACE',''
  ) );
#1170 = PCURVE('',#211,#1171);
#1171 = DEFINITIONAL_REPRESENTATION('',(#1172),#1175);
#1172 = B_SPLINE_CURVE_WITH_KNOTS('',1,(#1173,#1174),.UNSPECIFIED.,.F.,
  .F.,(2,2),(-48.05,-0.5),.PIECEWISE_BEZIER_KNOTS.);
#1173 = CARTESIAN_POINT('',(2.,48.55));
#1174 = CARTESIAN_POINT('',(2.,1.));
#1175 = ( GEOMETRIC_REPRESENTATION_CONTEXT(2) 
PARAMETRIC_REPRESENTATION_CONTEXT() REPRESENTATION_CONTEXT('2D SPACE',''
  ) );
#1176 = ORIENTED_EDGE('',*,*,#1177,.F.);
#1177 = EDGE_CURVE('',#1178,#1157,#1180,.T.);
#1178 = VERTEX_POINT('',#1179);
#1179 = CARTESIAN_POINT('',(99.05,-53.,30.));
#1180 = SURFACE_CURVE('',#1181,(#1185,#1191),.PCURVE_S1.);
#1181 = LINE('',#1182,#1183);
#1182 = CARTESIAN_POINT('',(99.05,-53.6,30.));
#1183 = VECTOR('',#1184,1.);
#1184 = DIRECTION('',(0.,1.,0.));
#1185 = PCURVE('',#128,#1186);
#1186 = DEFINITIONAL_REPRESENTATION('',(#1187),#1190);
#1187 = B_SPLINE_CURVE_WITH_KNOTS('',1,(#1188,#1189),.UNSPECIFIED.,.F.,
  .F.,(2,2),(0.6,64.1),.PIECEWISE_BEZIER_KNOTS.);
#1188 = CARTESIAN_POINT('',(47.55,1.2));
#1189 = CARTESIAN_POINT('',(47.55,64.7));
#1190 = ( GEOMETRIC_REPRESENTATION_CONTEXT(2) 
PARAMETRIC_REPRESENTATION_CONTEXT() REPRESENTATION_CONTEXT('2D SPACE',''
  ) );
#1191 = PCURVE('',#1192,#1197);
#1192 = PLANE('',#1193);
#1193 = AXIS2_PLACEMENT_3D('',#1194,#1195,#1196);
#1194 = CARTESIAN_POINT('',(99.05,-53.,28.));
#1195 = DIRECTION('',(1.,0.,0.));
#1196 = DIRECTION('',(0.,0.,1.));
#1197 = DEFINITIONAL_REPRESENTATION('',(#1198),#1201);
#1198 = B_SPLINE_CURVE_WITH_KNOTS('',1,(#1199,#1200),.UNSPECIFIED.,.F.,
  .F.,(2,2),(0.6,64.1),.PIECEWISE_BEZIER_KNOTS.);
#1199 = CARTESIAN_POINT('',(2.,0.));
#1200 = CARTESIAN_POINT('',(2.,-63.5));
#1201 = ( GEOMETRIC_REPRESENTATION_CONTEXT(2) 
PARAMETRIC_REPRESENTATION_CONTEXT() REPRESENTATION_CONTEXT('2D SPACE',''
  ) );
#1202 = ORIENTED_EDGE('',*,*,#1203,.T.);
#1203 = EDGE_CURVE('',#1178,#113,#1204,.T.);
#1204 = SURFACE_CURVE('',#1205,(#1209,#1215),.PCURVE_S1.);
#1205 = LINE('',#1206,#1207);
#1206 = CARTESIAN_POINT('',(51.,-53.,30.));
#1207 = VECTOR('',#1208,1.);
#1208 = DIRECTION('',(-1.,0.,0.));
#1209 = PCURVE('',#128,#1210);
#1210 = DEFINITIONAL_REPRESENTATION('',(#1211),#1214);
#1211 = B_SPLINE_CURVE_WITH_KNOTS('',1,(#1212,#1213),.UNSPECIFIED.,.F.,
  .F.,(2,2),(-48.05,-0.5),.PIECEWISE_BEZIER_KNOTS.);
#1212 = CARTESIAN_POINT('',(47.55,1.2));
#1213 = CARTESIAN_POINT('',(0.,1.2));
#1214 = ( GEOMETRIC_REPRESENTATION_CONTEXT(2) 
PARAMETRIC_REPRESENTATION_CONTEXT() REPRESENTATION_CONTEXT('2D SPACE',''
  ) );
#1215 = PCURVE('',#156,#1216);
#1216 = DEFINITIONAL_REPRESENTATION('',(#1217),#1220);
#1217 = B_SPLINE_CURVE_WITH_KNOTS('',1,(#1218,#1219),.UNSPECIFIED.,.F.,
  .F.,(2,2),(-48.05,-0.5),.PIECEWISE_BEZIER_KNOTS.);
#1218 = CARTESIAN_POINT('',(2.,48.55));
#1219 = CARTESIAN_POINT('',(2.,1.));
#1220 = ( GEOMETRIC_REPRESENTATION_CONTEXT(2) 
PARAMETRIC_REPRESENTATION_CONTEXT() REPRESENTATION_CONTEXT('2D SPACE',''
  ) );
#1221 = ADVANCED_FACE('',(#1222),#211,.F.);
#1222 = FACE_BOUND('',#1223,.F.);
#1223 = EDGE_LOOP('',(#1224,#1247,#1248,#1249));
#1224 = ORIENTED_EDGE('',*,*,#1225,.F.);
#1225 = EDGE_CURVE('',#1157,#1226,#1228,.T.);
#1226 = VERTEX_POINT('',#1227);
#1227 = CARTESIAN_POINT('',(99.05,10.5,31.));
#1228 = SURFACE_CURVE('',#1229,(#1233,#1240),.PCURVE_S1.);
#1229 = LINE('',#1230,#1231);
#1230 = CARTESIAN_POINT('',(99.05,10.5,28.));
#1231 = VECTOR('',#1232,1.);
#1232 = DIRECTION('',(0.,0.,1.));
#1233 = PCURVE('',#211,#1234);
#1234 = DEFINITIONAL_REPRESENTATION('',(#1235),#1239);
#1235 = LINE('',#1236,#1237);
#1236 = CARTESIAN_POINT('',(0.,48.55));
#1237 = VECTOR('',#1238,1.);
#1238 = DIRECTION('',(1.,0.));
#1239 = ( GEOMETRIC_REPRESENTATION_CONTEXT(2) 
PARAMETRIC_REPRESENTATION_CONTEXT() REPRESENTATION_CONTEXT('2D SPACE',''
  ) );
#1240 = PCURVE('',#1192,#1241);
#1241 = DEFINITIONAL_REPRESENTATION('',(#1242),#1246);
#1242 = LINE('',#1243,#1244);
#1243 = CARTESIAN_POINT('',(0.,-63.5));
#1244 = VECTOR('',#1245,1.);
#1245 = DIRECTION('',(1.,0.));
#1246 = ( GEOMETRIC_REPRESENTATION_CONTEXT(2) 
PARAMETRIC_REPRESENTATION_CONTEXT() REPRESENTATION_CONTEXT('2D SPACE',''
  ) );
#1247 = ORIENTED_EDGE('',*,*,#1156,.T.);
#1248 = ORIENTED_EDGE('',*,*,#195,.T.);
#1249 = ORIENTED_EDGE('',*,*,#1250,.F.);
#1250 = EDGE_CURVE('',#1226,#168,#1251,.T.);
#1251 = SURFACE_CURVE('',#1252,(#1256,#1262),.PCURVE_S1.);
#1252 = LINE('',#1253,#1254);
#1253 = CARTESIAN_POINT('',(51.,10.5,31.));
#1254 = VECTOR('',#1255,1.);
#1255 = DIRECTION('',(-1.,0.,0.));
#1256 = PCURVE('',#211,#1257);
#1257 = DEFINITIONAL_REPRESENTATION('',(#1258),#1261);
#1258 = B_SPLINE_CURVE_WITH_KNOTS('',1,(#1259,#1260),.UNSPECIFIED.,.F.,
  .F.,(2,2),(-48.05,-0.5),.PIECEWISE_BEZIER_KNOTS.);
#1259 = CARTESIAN_POINT('',(3.,48.55));
#1260 = CARTESIAN_POINT('',(3.,1.));
#1261 = ( GEOMETRIC_REPRESENTATION_CONTEXT(2) 
PARAMETRIC_REPRESENTATION_CONTEXT() REPRESENTATION_CONTEXT('2D SPACE',''
  ) );
#1262 = PCURVE('',#183,#1263);
#1263 = DEFINITIONAL_REPRESENTATION('',(#1264),#1268);
#1264 = LINE('',#1265,#1266);
#1265 = CARTESIAN_POINT('',(-0.5,67.5));
#1266 = VECTOR('',#1267,1.);
#1267 = DIRECTION('',(-1.,0.));
#1268 = ( GEOMETRIC_REPRESENTATION_CONTEXT(2) 
PARAMETRIC_REPRESENTATION_CONTEXT() REPRESENTATION_CONTEXT('2D SPACE',''
  ) );
#1269 = ADVANCED_FACE('',(#1270,#1316,#1347),#183,.F.);
#1270 = FACE_BOUND('',#1271,.F.);
#1271 = EDGE_LOOP('',(#1272,#1273,#1295,#1315));
#1272 = ORIENTED_EDGE('',*,*,#167,.F.);
#1273 = ORIENTED_EDGE('',*,*,#1274,.F.);
#1274 = EDGE_CURVE('',#1275,#141,#1277,.T.);
#1275 = VERTEX_POINT('',#1276);
#1276 = CARTESIAN_POINT('',(99.05,-53.,31.));
#1277 = SURFACE_CURVE('',#1278,(#1282,#1289),.PCURVE_S1.);
#1278 = LINE('',#1279,#1280);
#1279 = CARTESIAN_POINT('',(51.,-53.,31.));
#1280 = VECTOR('',#1281,1.);
#1281 = DIRECTION('',(-1.,0.,0.));
#1282 = PCURVE('',#183,#1283);
#1283 = DEFINITIONAL_REPRESENTATION('',(#1284),#1288);
#1284 = LINE('',#1285,#1286);
#1285 = CARTESIAN_POINT('',(-0.5,4.));
#1286 = VECTOR('',#1287,1.);
#1287 = DIRECTION('',(-1.,0.));
#1288 = ( GEOMETRIC_REPRESENTATION_CONTEXT(2) 
PARAMETRIC_REPRESENTATION_CONTEXT() REPRESENTATION_CONTEXT('2D SPACE',''
  ) );
#1289 = PCURVE('',#156,#1290);
#1290 = DEFINITIONAL_REPRESENTATION('',(#1291),#1294);
#1291 = B_SPLINE_CURVE_WITH_KNOTS('',1,(#1292,#1293),.UNSPECIFIED.,.F.,
  .F.,(2,2),(-48.05,-0.5),.PIECEWISE_BEZIER_KNOTS.);
#1292 = CARTESIAN_POINT('',(3.,48.55));
#1293 = CARTESIAN_POINT('',(3.,1.));
#1294 = ( GEOMETRIC_REPRESENTATION_CONTEXT(2) 
PARAMETRIC_REPRESENTATION_CONTEXT() REPRESENTATION_CONTEXT('2D SPACE',''
  ) );
#1295 = ORIENTED_EDGE('',*,*,#1296,.T.);
#1296 = EDGE_CURVE('',#1275,#1226,#1297,.T.);
#1297 = SURFACE_CURVE('',#1298,(#1302,#1309),.PCURVE_S1.);
#1298 = LINE('',#1299,#1300);
#1299 = CARTESIAN_POINT('',(99.05,-53.6,31.));
#1300 = VECTOR('',#1301,1.);
#1301 = DIRECTION('',(0.,1.,0.));
#1302 = PCURVE('',#183,#1303);
#1303 = DEFINITIONAL_REPRESENTATION('',(#1304),#1308);
#1304 = LINE('',#1305,#1306);
#1305 = CARTESIAN_POINT('',(47.55,3.4));
#1306 = VECTOR('',#1307,1.);
#1307 = DIRECTION('',(0.,1.));
#1308 = ( GEOMETRIC_REPRESENTATION_CONTEXT(2) 
PARAMETRIC_REPRESENTATION_CONTEXT() REPRESENTATION_CONTEXT('2D SPACE',''
  ) );
#1309 = PCURVE('',#1192,#1310);
#1310 = DEFINITIONAL_REPRESENTATION('',(#1311),#1314);
#1311 = B_SPLINE_CURVE_WITH_KNOTS('',1,(#1312,#1313),.UNSPECIFIED.,.F.,
  .F.,(2,2),(0.6,64.1),.PIECEWISE_BEZIER_KNOTS.);
#1312 = CARTESIAN_POINT('',(3.,0.));
#1313 = CARTESIAN_POINT('',(3.,-63.5));
#1314 = ( GEOMETRIC_REPRESENTATION_CONTEXT(2) 
PARAMETRIC_REPRESENTATION_CONTEXT() REPRESENTATION_CONTEXT('2D SPACE',''
  ) );
#1315 = ORIENTED_EDGE('',*,*,#1250,.T.);
#1316 = FACE_BOUND('',#1317,.F.);
#1317 = EDGE_LOOP('',(#1318));
#1318 = ORIENTED_EDGE('',*,*,#1319,.F.);
#1319 = EDGE_CURVE('',#1320,#1320,#1322,.T.);
#1320 = VERTEX_POINT('',#1321);
#1321 = CARTESIAN_POINT('',(90.7,-24.5,31.));
#1322 = SURFACE_CURVE('',#1323,(#1328,#1335),.PCURVE_S1.);
#1323 = CIRCLE('',#1324,3.2);
#1324 = AXIS2_PLACEMENT_3D('',#1325,#1326,#1327);
#1325 = CARTESIAN_POINT('',(87.5,-24.5,31.));
#1326 = DIRECTION('',(0.,0.,1.));
#1327 = DIRECTION('',(1.,0.,0.));
#1328 = PCURVE('',#183,#1329);
#1329 = DEFINITIONAL_REPRESENTATION('',(#1330),#1334);
#1330 = CIRCLE('',#1331,3.2);
#1331 = AXIS2_PLACEMENT_2D('',#1332,#1333);
#1332 = CARTESIAN_POINT('',(36.,32.5));
#1333 = DIRECTION('',(1.,0.));
#1334 = ( GEOMETRIC_REPRESENTATION_CONTEXT(2) 
PARAMETRIC_REPRESENTATION_CONTEXT() REPRESENTATION_CONTEXT('2D SPACE',''
  ) );
#1335 = PCURVE('',#1336,#1341);
#1336 = CYLINDRICAL_SURFACE('',#1337,3.2);
#1337 = AXIS2_PLACEMENT_3D('',#1338,#1339,#1340);
#1338 = CARTESIAN_POINT('',(87.5,-24.5,22.));
#1339 = DIRECTION('',(-0.,-0.,-1.));
#1340 = DIRECTION('',(1.,0.,0.));
#1341 = DEFINITIONAL_REPRESENTATION('',(#1342),#1346);
#1342 = LINE('',#1343,#1344);
#1343 = CARTESIAN_POINT('',(-0.,-9.));
#1344 = VECTOR('',#1345,1.);
#1345 = DIRECTION('',(-1.,0.));
#1346 = ( GEOMETRIC_REPRESENTATION_CONTEXT(2) 
PARAMETRIC_REPRESENTATION_CONTEXT() REPRESENTATION_CONTEXT('2D SPACE',''
  ) );
#1347 = FACE_BOUND('',#1348,.F.);
#1348 = EDGE_LOOP('',(#1349));
#1349 = ORIENTED_EDGE('',*,*,#1350,.F.);
#1350 = EDGE_CURVE('',#1351,#1351,#1353,.T.);
#1351 = VERTEX_POINT('',#1352);
#1352 = CARTESIAN_POINT('',(69.25,-4.5,31.));
#1353 = SURFACE_CURVE('',#1354,(#1359,#1366),.PCURVE_S1.);
#1354 = CIRCLE('',#1355,3.25);
#1355 = AXIS2_PLACEMENT_3D('',#1356,#1357,#1358);
#1356 = CARTESIAN_POINT('',(66.,-4.5,31.));
#1357 = DIRECTION('',(0.,0.,1.));
#1358 = DIRECTION('',(1.,0.,0.));
#1359 = PCURVE('',#183,#1360);
#1360 = DEFINITIONAL_REPRESENTATION('',(#1361),#1365);
#1361 = CIRCLE('',#1362,3.25);
#1362 = AXIS2_PLACEMENT_2D('',#1363,#1364);
#1363 = CARTESIAN_POINT('',(14.5,52.5));
#1364 = DIRECTION('',(1.,0.));
#1365 = ( GEOMETRIC_REPRESENTATION_CONTEXT(2) 
PARAMETRIC_REPRESENTATION_CONTEXT() REPRESENTATION_CONTEXT('2D SPACE',''
  ) );
#1366 = PCURVE('',#1367,#1372);
#1367 = CYLINDRICAL_SURFACE('',#1368,3.25);
#1368 = AXIS2_PLACEMENT_3D('',#1369,#1370,#1371);
#1369 = CARTESIAN_POINT('',(66.,-4.5,8.8));
#1370 = DIRECTION('',(-0.,-0.,-1.));
#1371 = DIRECTION('',(1.,0.,0.));
#1372 = DEFINITIONAL_REPRESENTATION('',(#1373),#1377);
#1373 = LINE('',#1374,#1375);
#1374 = CARTESIAN_POINT('',(-0.,-22.2));
#1375 = VECTOR('',#1376,1.);
#1376 = DIRECTION('',(-1.,0.));
#1377 = ( GEOMETRIC_REPRESENTATION_CONTEXT(2) 
PARAMETRIC_REPRESENTATION_CONTEXT() REPRESENTATION_CONTEXT('2D SPACE',''
  ) );
#1378 = ADVANCED_FACE('',(#1379),#156,.T.);
#1379 = FACE_BOUND('',#1380,.T.);
#1380 = EDGE_LOOP('',(#1381,#1402,#1403,#1404));
#1381 = ORIENTED_EDGE('',*,*,#1382,.F.);
#1382 = EDGE_CURVE('',#1178,#1275,#1383,.T.);
#1383 = SURFACE_CURVE('',#1384,(#1388,#1395),.PCURVE_S1.);
#1384 = LINE('',#1385,#1386);
#1385 = CARTESIAN_POINT('',(99.05,-53.,28.));
#1386 = VECTOR('',#1387,1.);
#1387 = DIRECTION('',(0.,0.,1.));
#1388 = PCURVE('',#156,#1389);
#1389 = DEFINITIONAL_REPRESENTATION('',(#1390),#1394);
#1390 = LINE('',#1391,#1392);
#1391 = CARTESIAN_POINT('',(0.,48.55));
#1392 = VECTOR('',#1393,1.);
#1393 = DIRECTION('',(1.,0.));
#1394 = ( GEOMETRIC_REPRESENTATION_CONTEXT(2) 
PARAMETRIC_REPRESENTATION_CONTEXT() REPRESENTATION_CONTEXT('2D SPACE',''
  ) );
#1395 = PCURVE('',#1192,#1396);
#1396 = DEFINITIONAL_REPRESENTATION('',(#1397),#1401);
#1397 = LINE('',#1398,#1399);
#1398 = CARTESIAN_POINT('',(0.,0.));
#1399 = VECTOR('',#1400,1.);
#1400 = DIRECTION('',(1.,0.));
#1401 = ( GEOMETRIC_REPRESENTATION_CONTEXT(2) 
PARAMETRIC_REPRESENTATION_CONTEXT() REPRESENTATION_CONTEXT('2D SPACE',''
  ) );
#1402 = ORIENTED_EDGE('',*,*,#1203,.T.);
#1403 = ORIENTED_EDGE('',*,*,#140,.T.);
#1404 = ORIENTED_EDGE('',*,*,#1274,.F.);
#1405 = ADVANCED_FACE('',(#1406),#100,.F.);
#1406 = FACE_BOUND('',#1407,.F.);
#1407 = EDGE_LOOP('',(#1408,#1409,#1410,#1411));
#1408 = ORIENTED_EDGE('',*,*,#1110,.F.);
#1409 = ORIENTED_EDGE('',*,*,#84,.T.);
#1410 = ORIENTED_EDGE('',*,*,#896,.T.);
#1411 = ORIENTED_EDGE('',*,*,#1412,.F.);
#1412 = EDGE_CURVE('',#1111,#869,#1413,.T.);
#1413 = SURFACE_CURVE('',#1414,(#1418,#1425),.PCURVE_S1.);
#1414 = LINE('',#1415,#1416);
#1415 = CARTESIAN_POINT('',(100.25,-54.2,30.));
#1416 = VECTOR('',#1417,1.);
#1417 = DIRECTION('',(0.,0.,1.));
#1418 = PCURVE('',#100,#1419);
#1419 = DEFINITIONAL_REPRESENTATION('',(#1420),#1424);
#1420 = LINE('',#1421,#1422);
#1421 = CARTESIAN_POINT('',(0.,48.75));
#1422 = VECTOR('',#1423,1.);
#1423 = DIRECTION('',(1.,0.));
#1424 = ( GEOMETRIC_REPRESENTATION_CONTEXT(2) 
PARAMETRIC_REPRESENTATION_CONTEXT() REPRESENTATION_CONTEXT('2D SPACE',''
  ) );
#1425 = PCURVE('',#884,#1426);
#1426 = DEFINITIONAL_REPRESENTATION('',(#1427),#1431);
#1427 = LINE('',#1428,#1429);
#1428 = CARTESIAN_POINT('',(0.,0.));
#1429 = VECTOR('',#1430,1.);
#1430 = DIRECTION('',(1.,0.));
#1431 = ( GEOMETRIC_REPRESENTATION_CONTEXT(2) 
PARAMETRIC_REPRESENTATION_CONTEXT() REPRESENTATION_CONTEXT('2D SPACE',''
  ) );
#1432 = ADVANCED_FACE('',(#1433),#368,.T.);
#1433 = FACE_BOUND('',#1434,.F.);
#1434 = EDGE_LOOP('',(#1435,#1470,#1489,#1490,#1491,#1492));
#1435 = ORIENTED_EDGE('',*,*,#1436,.F.);
#1436 = EDGE_CURVE('',#1437,#1439,#1441,.T.);
#1437 = VERTEX_POINT('',#1438);
#1438 = CARTESIAN_POINT('',(61.708099243548,-57.,33.5));
#1439 = VERTEX_POINT('',#1440);
#1440 = CARTESIAN_POINT('',(54.5,-56.56350832689,33.5));
#1441 = SURFACE_CURVE('',#1442,(#1447,#1454),.PCURVE_S1.);
#1442 = CIRCLE('',#1443,4.);
#1443 = AXIS2_PLACEMENT_3D('',#1444,#1445,#1446);
#1444 = CARTESIAN_POINT('',(58.,-58.5,33.5));
#1445 = DIRECTION('',(0.,0.,-1.));
#1446 = DIRECTION('',(0.927024810887,0.375,0.));
#1447 = PCURVE('',#368,#1448);
#1448 = DEFINITIONAL_REPRESENTATION('',(#1449),#1453);
#1449 = LINE('',#1450,#1451);
#1450 = CARTESIAN_POINT('',(-6.667582081675,-2.5));
#1451 = VECTOR('',#1452,1.);
#1452 = DIRECTION('',(1.,-0.));
#1453 = ( GEOMETRIC_REPRESENTATION_CONTEXT(2) 
PARAMETRIC_REPRESENTATION_CONTEXT() REPRESENTATION_CONTEXT('2D SPACE',''
  ) );
#1454 = PCURVE('',#1455,#1460);
#1455 = PLANE('',#1456);
#1456 = AXIS2_PLACEMENT_3D('',#1457,#1458,#1459);
#1457 = CARTESIAN_POINT('',(58.,-58.5,33.5));
#1458 = DIRECTION('',(0.,0.,1.));
#1459 = DIRECTION('',(1.,0.,-0.));
#1460 = DEFINITIONAL_REPRESENTATION('',(#1461),#1469);
#1461 = ( BOUNDED_CURVE() B_SPLINE_CURVE(2,(#1462,#1463,#1464,#1465,
#1466,#1467,#1468),.UNSPECIFIED.,.T.,.F.) B_SPLINE_CURVE_WITH_KNOTS((1,2
    ,2,2,2,1),(-2.094395102393,0.,2.094395102393,4.188790204786,
6.28318530718,8.377580409573),.UNSPECIFIED.) CURVE() 
GEOMETRIC_REPRESENTATION_ITEM() RATIONAL_B_SPLINE_CURVE((1.,0.5,1.,0.5,
1.,0.5,1.)) REPRESENTATION_ITEM('') );
#1462 = CARTESIAN_POINT('',(3.708099243548,1.5));
#1463 = CARTESIAN_POINT('',(6.306175454901,-4.922616289332));
#1464 = CARTESIAN_POINT('',(-0.555011516097,-3.961308144666));
#1465 = CARTESIAN_POINT('',(-7.416198487096,-3.));
#1466 = CARTESIAN_POINT('',(-3.153087727451,2.461308144666));
#1467 = CARTESIAN_POINT('',(1.110023032194,7.922616289333));
#1468 = CARTESIAN_POINT('',(3.708099243548,1.5));
#1469 = ( GEOMETRIC_REPRESENTATION_CONTEXT(2) 
PARAMETRIC_REPRESENTATION_CONTEXT() REPRESENTATION_CONTEXT('2D SPACE',''
  ) );
#1470 = ORIENTED_EDGE('',*,*,#1471,.T.);
#1471 = EDGE_CURVE('',#1437,#584,#1472,.T.);
#1472 = SURFACE_CURVE('',#1473,(#1477,#1483),.PCURVE_S1.);
#1473 = LINE('',#1474,#1475);
#1474 = CARTESIAN_POINT('',(61.708099243548,-57.,31.));
#1475 = VECTOR('',#1476,1.);
#1476 = DIRECTION('',(-0.,-0.,-1.));
#1477 = PCURVE('',#368,#1478);
#1478 = DEFINITIONAL_REPRESENTATION('',(#1479),#1482);
#1479 = B_SPLINE_CURVE_WITH_KNOTS('',1,(#1480,#1481),.UNSPECIFIED.,.F.,
  .F.,(2,2),(-2.5,0.),.PIECEWISE_BEZIER_KNOTS.);
#1480 = CARTESIAN_POINT('',(-6.667582081675,-2.5));
#1481 = CARTESIAN_POINT('',(-6.667582081675,0.));
#1482 = ( GEOMETRIC_REPRESENTATION_CONTEXT(2) 
PARAMETRIC_REPRESENTATION_CONTEXT() REPRESENTATION_CONTEXT('2D SPACE',''
  ) );
#1483 = PCURVE('',#627,#1484);
#1484 = DEFINITIONAL_REPRESENTATION('',(#1485),#1488);
#1485 = B_SPLINE_CURVE_WITH_KNOTS('',1,(#1486,#1487),.UNSPECIFIED.,.F.,
  .F.,(2,2),(-2.5000006,5.999999999062E-07),.PIECEWISE_BEZIER_KNOTS.);
#1486 = CARTESIAN_POINT('',(2.5000006,10.208099243548));
#1487 = CARTESIAN_POINT('',(-5.999999999062E-07,10.208099243548));
#1488 = ( GEOMETRIC_REPRESENTATION_CONTEXT(2) 
PARAMETRIC_REPRESENTATION_CONTEXT() REPRESENTATION_CONTEXT('2D SPACE',''
  ) );
#1489 = ORIENTED_EDGE('',*,*,#583,.T.);
#1490 = ORIENTED_EDGE('',*,*,#351,.F.);
#1491 = ORIENTED_EDGE('',*,*,#425,.T.);
#1492 = ORIENTED_EDGE('',*,*,#1493,.F.);
#1493 = EDGE_CURVE('',#1439,#426,#1494,.T.);
#1494 = SURFACE_CURVE('',#1495,(#1499,#1505),.PCURVE_S1.);
#1495 = LINE('',#1496,#1497);
#1496 = CARTESIAN_POINT('',(54.5,-56.56350832689,31.));
#1497 = VECTOR('',#1498,1.);
#1498 = DIRECTION('',(-0.,-0.,-1.));
#1499 = PCURVE('',#368,#1500);
#1500 = DEFINITIONAL_REPRESENTATION('',(#1501),#1504);
#1501 = B_SPLINE_CURVE_WITH_KNOTS('',1,(#1502,#1503),.UNSPECIFIED.,.F.,
  .F.,(2,2),(-2.5,-1.25),.PIECEWISE_BEZIER_KNOTS.);
#1502 = CARTESIAN_POINT('',(-2.636232143306,-2.5));
#1503 = CARTESIAN_POINT('',(-2.636232143306,-1.25));
#1504 = ( GEOMETRIC_REPRESENTATION_CONTEXT(2) 
PARAMETRIC_REPRESENTATION_CONTEXT() REPRESENTATION_CONTEXT('2D SPACE',''
  ) );
#1505 = PCURVE('',#468,#1506);
#1506 = DEFINITIONAL_REPRESENTATION('',(#1507),#1510);
#1507 = B_SPLINE_CURVE_WITH_KNOTS('',1,(#1508,#1509),.UNSPECIFIED.,.F.,
  .F.,(2,2),(-2.5000006,-1.125),.PIECEWISE_BEZIER_KNOTS.);
#1508 = CARTESIAN_POINT('',(1.2500006,-1.436491673104));
#1509 = CARTESIAN_POINT('',(-0.125,-1.436491673104));
#1510 = ( GEOMETRIC_REPRESENTATION_CONTEXT(2) 
PARAMETRIC_REPRESENTATION_CONTEXT() REPRESENTATION_CONTEXT('2D SPACE',''
  ) );
#1511 = ADVANCED_FACE('',(#1512),#501,.T.);
#1512 = FACE_BOUND('',#1513,.F.);
#1513 = EDGE_LOOP('',(#1514,#1515,#1536,#1560,#1579,#1580));
#1514 = ORIENTED_EDGE('',*,*,#817,.T.);
#1515 = ORIENTED_EDGE('',*,*,#1516,.F.);
#1516 = EDGE_CURVE('',#1517,#790,#1519,.T.);
#1517 = VERTEX_POINT('',#1518);
#1518 = CARTESIAN_POINT('',(61.708099243548,14.5,33.5));
#1519 = SURFACE_CURVE('',#1520,(#1524,#1530),.PCURVE_S1.);
#1520 = LINE('',#1521,#1522);
#1521 = CARTESIAN_POINT('',(61.708099243548,14.5,31.));
#1522 = VECTOR('',#1523,1.);
#1523 = DIRECTION('',(-0.,-0.,-1.));
#1524 = PCURVE('',#501,#1525);
#1525 = DEFINITIONAL_REPRESENTATION('',(#1526),#1529);
#1526 = B_SPLINE_CURVE_WITH_KNOTS('',1,(#1527,#1528),.UNSPECIFIED.,.F.,
  .F.,(2,2),(-2.5,-0.),.PIECEWISE_BEZIER_KNOTS.);
#1527 = CARTESIAN_POINT('',(-5.898788532684,-2.5));
#1528 = CARTESIAN_POINT('',(-5.898788532684,0.));
#1529 = ( GEOMETRIC_REPRESENTATION_CONTEXT(2) 
PARAMETRIC_REPRESENTATION_CONTEXT() REPRESENTATION_CONTEXT('2D SPACE',''
  ) );
#1530 = PCURVE('',#805,#1531);
#1531 = DEFINITIONAL_REPRESENTATION('',(#1532),#1535);
#1532 = B_SPLINE_CURVE_WITH_KNOTS('',1,(#1533,#1534),.UNSPECIFIED.,.F.,
  .F.,(2,2),(-2.5000006,5.999999999062E-07),.PIECEWISE_BEZIER_KNOTS.);
#1533 = CARTESIAN_POINT('',(2.5000006,10.208099243548));
#1534 = CARTESIAN_POINT('',(-5.999999999062E-07,10.208099243548));
#1535 = ( GEOMETRIC_REPRESENTATION_CONTEXT(2) 
PARAMETRIC_REPRESENTATION_CONTEXT() REPRESENTATION_CONTEXT('2D SPACE',''
  ) );
#1536 = ORIENTED_EDGE('',*,*,#1537,.T.);
#1537 = EDGE_CURVE('',#1517,#1538,#1540,.T.);
#1538 = VERTEX_POINT('',#1539);
#1539 = CARTESIAN_POINT('',(54.5,14.063508326897,33.5));
#1540 = SURFACE_CURVE('',#1541,(#1546,#1553),.PCURVE_S1.);
#1541 = CIRCLE('',#1542,4.);
#1542 = AXIS2_PLACEMENT_3D('',#1543,#1544,#1545);
#1543 = CARTESIAN_POINT('',(58.,16.,33.5));
#1544 = DIRECTION('',(0.,0.,1.));
#1545 = DIRECTION('',(0.927024810887,-0.375,0.));
#1546 = PCURVE('',#501,#1547);
#1547 = DEFINITIONAL_REPRESENTATION('',(#1548),#1552);
#1548 = LINE('',#1549,#1550);
#1549 = CARTESIAN_POINT('',(-5.898788532684,-2.5));
#1550 = VECTOR('',#1551,1.);
#1551 = DIRECTION('',(-1.,0.));
#1552 = ( GEOMETRIC_REPRESENTATION_CONTEXT(2) 
PARAMETRIC_REPRESENTATION_CONTEXT() REPRESENTATION_CONTEXT('2D SPACE',''
  ) );
#1553 = PCURVE('',#1455,#1554);
#1554 = DEFINITIONAL_REPRESENTATION('',(#1555),#1559);
#1555 = CIRCLE('',#1556,4.);
#1556 = AXIS2_PLACEMENT_2D('',#1557,#1558);
#1557 = CARTESIAN_POINT('',(0.,74.5));
#1558 = DIRECTION('',(0.927024810887,-0.375));
#1559 = ( GEOMETRIC_REPRESENTATION_CONTEXT(2) 
PARAMETRIC_REPRESENTATION_CONTEXT() REPRESENTATION_CONTEXT('2D SPACE',''
  ) );
#1560 = ORIENTED_EDGE('',*,*,#1561,.T.);
#1561 = EDGE_CURVE('',#1538,#453,#1562,.T.);
#1562 = SURFACE_CURVE('',#1563,(#1567,#1573),.PCURVE_S1.);
#1563 = LINE('',#1564,#1565);
#1564 = CARTESIAN_POINT('',(54.5,14.063508326896,31.));
#1565 = VECTOR('',#1566,1.);
#1566 = DIRECTION('',(-0.,-0.,-1.));
#1567 = PCURVE('',#501,#1568);
#1568 = DEFINITIONAL_REPRESENTATION('',(#1569),#1572);
#1569 = B_SPLINE_CURVE_WITH_KNOTS('',1,(#1570,#1571),.UNSPECIFIED.,.F.,
  .F.,(2,2),(-2.5,-1.25),.PIECEWISE_BEZIER_KNOTS.);
#1570 = CARTESIAN_POINT('',(-9.930138471054,-2.5));
#1571 = CARTESIAN_POINT('',(-9.930138471054,-1.25));
#1572 = ( GEOMETRIC_REPRESENTATION_CONTEXT(2) 
PARAMETRIC_REPRESENTATION_CONTEXT() REPRESENTATION_CONTEXT('2D SPACE',''
  ) );
#1573 = PCURVE('',#468,#1574);
#1574 = DEFINITIONAL_REPRESENTATION('',(#1575),#1578);
#1575 = B_SPLINE_CURVE_WITH_KNOTS('',1,(#1576,#1577),.UNSPECIFIED.,.F.,
  .F.,(2,2),(-2.5000006,-1.125),.PIECEWISE_BEZIER_KNOTS.);
#1576 = CARTESIAN_POINT('',(1.2500006,-72.06350832689));
#1577 = CARTESIAN_POINT('',(-0.125,-72.06350832689));
#1578 = ( GEOMETRIC_REPRESENTATION_CONTEXT(2) 
PARAMETRIC_REPRESENTATION_CONTEXT() REPRESENTATION_CONTEXT('2D SPACE',''
  ) );
#1579 = ORIENTED_EDGE('',*,*,#480,.T.);
#1580 = ORIENTED_EDGE('',*,*,#534,.T.);
#1581 = ADVANCED_FACE('',(#1582),#468,.F.);
#1582 = FACE_BOUND('',#1583,.F.);
#1583 = EDGE_LOOP('',(#1584,#1604,#1605,#1606));
#1584 = ORIENTED_EDGE('',*,*,#1585,.F.);
#1585 = EDGE_CURVE('',#1439,#1538,#1586,.T.);
#1586 = SURFACE_CURVE('',#1587,(#1591,#1597),.PCURVE_S1.);
#1587 = LINE('',#1588,#1589);
#1588 = CARTESIAN_POINT('',(54.5,-57.5,33.5));
#1589 = VECTOR('',#1590,1.);
#1590 = DIRECTION('',(0.,1.,0.));
#1591 = PCURVE('',#468,#1592);
#1592 = DEFINITIONAL_REPRESENTATION('',(#1593),#1596);
#1593 = B_SPLINE_CURVE_WITH_KNOTS('',1,(#1594,#1595),.UNSPECIFIED.,.F.,
  .F.,(2,2),(0.5,72.),.PIECEWISE_BEZIER_KNOTS.);
#1594 = CARTESIAN_POINT('',(1.25,-1.));
#1595 = CARTESIAN_POINT('',(1.25,-72.5));
#1596 = ( GEOMETRIC_REPRESENTATION_CONTEXT(2) 
PARAMETRIC_REPRESENTATION_CONTEXT() REPRESENTATION_CONTEXT('2D SPACE',''
  ) );
#1597 = PCURVE('',#1455,#1598);
#1598 = DEFINITIONAL_REPRESENTATION('',(#1599),#1603);
#1599 = LINE('',#1600,#1601);
#1600 = CARTESIAN_POINT('',(-3.5,1.));
#1601 = VECTOR('',#1602,1.);
#1602 = DIRECTION('',(0.,1.));
#1603 = ( GEOMETRIC_REPRESENTATION_CONTEXT(2) 
PARAMETRIC_REPRESENTATION_CONTEXT() REPRESENTATION_CONTEXT('2D SPACE',''
  ) );
#1604 = ORIENTED_EDGE('',*,*,#1493,.T.);
#1605 = ORIENTED_EDGE('',*,*,#452,.T.);
#1606 = ORIENTED_EDGE('',*,*,#1561,.F.);
#1607 = ADVANCED_FACE('',(#1608),#884,.T.);
#1608 = FACE_BOUND('',#1609,.T.);
#1609 = EDGE_LOOP('',(#1610,#1611,#1612,#1613));
#1610 = ORIENTED_EDGE('',*,*,#1412,.F.);
#1611 = ORIENTED_EDGE('',*,*,#1133,.T.);
#1612 = ORIENTED_EDGE('',*,*,#1085,.T.);
#1613 = ORIENTED_EDGE('',*,*,#868,.F.);
#1614 = ADVANCED_FACE('',(#1615),#627,.F.);
#1615 = FACE_BOUND('',#1616,.F.);
#1616 = EDGE_LOOP('',(#1617,#1618,#1641,#1660));
#1617 = ORIENTED_EDGE('',*,*,#1471,.F.);
#1618 = ORIENTED_EDGE('',*,*,#1619,.T.);
#1619 = EDGE_CURVE('',#1437,#1620,#1622,.T.);
#1620 = VERTEX_POINT('',#1621);
#1621 = CARTESIAN_POINT('',(90.291900756452,-57.,33.5));
#1622 = SURFACE_CURVE('',#1623,(#1627,#1634),.PCURVE_S1.);
#1623 = LINE('',#1624,#1625);
#1624 = CARTESIAN_POINT('',(51.5,-57.,33.5));
#1625 = VECTOR('',#1626,1.);
#1626 = DIRECTION('',(1.,0.,0.));
#1627 = PCURVE('',#627,#1628);
#1628 = DEFINITIONAL_REPRESENTATION('',(#1629),#1633);
#1629 = LINE('',#1630,#1631);
#1630 = CARTESIAN_POINT('',(2.5,0.));
#1631 = VECTOR('',#1632,1.);
#1632 = DIRECTION('',(0.,1.));
#1633 = ( GEOMETRIC_REPRESENTATION_CONTEXT(2) 
PARAMETRIC_REPRESENTATION_CONTEXT() REPRESENTATION_CONTEXT('2D SPACE',''
  ) );
#1634 = PCURVE('',#1455,#1635);
#1635 = DEFINITIONAL_REPRESENTATION('',(#1636),#1640);
#1636 = LINE('',#1637,#1638);
#1637 = CARTESIAN_POINT('',(-6.5,1.5));
#1638 = VECTOR('',#1639,1.);
#1639 = DIRECTION('',(1.,0.));
#1640 = ( GEOMETRIC_REPRESENTATION_CONTEXT(2) 
PARAMETRIC_REPRESENTATION_CONTEXT() REPRESENTATION_CONTEXT('2D SPACE',''
  ) );
#1641 = ORIENTED_EDGE('',*,*,#1642,.T.);
#1642 = EDGE_CURVE('',#1620,#612,#1643,.T.);
#1643 = SURFACE_CURVE('',#1644,(#1648,#1654),.PCURVE_S1.);
#1644 = LINE('',#1645,#1646);
#1645 = CARTESIAN_POINT('',(90.291900756452,-57.,31.));
#1646 = VECTOR('',#1647,1.);
#1647 = DIRECTION('',(-0.,-0.,-1.));
#1648 = PCURVE('',#627,#1649);
#1649 = DEFINITIONAL_REPRESENTATION('',(#1650),#1653);
#1650 = B_SPLINE_CURVE_WITH_KNOTS('',1,(#1651,#1652),.UNSPECIFIED.,.F.,
  .F.,(2,2),(-2.5000006,5.999999999062E-07),.PIECEWISE_BEZIER_KNOTS.);
#1651 = CARTESIAN_POINT('',(2.5000006,38.791900756452));
#1652 = CARTESIAN_POINT('',(-5.999999999062E-07,38.791900756452));
#1653 = ( GEOMETRIC_REPRESENTATION_CONTEXT(2) 
PARAMETRIC_REPRESENTATION_CONTEXT() REPRESENTATION_CONTEXT('2D SPACE',''
  ) );
#1654 = PCURVE('',#660,#1655);
#1655 = DEFINITIONAL_REPRESENTATION('',(#1656),#1659);
#1656 = B_SPLINE_CURVE_WITH_KNOTS('',1,(#1657,#1658),.UNSPECIFIED.,.F.,
  .F.,(2,2),(-2.5,-0.),.PIECEWISE_BEZIER_KNOTS.);
#1657 = CARTESIAN_POINT('',(-2.757195879094,-2.5));
#1658 = CARTESIAN_POINT('',(-2.757195879094,0.));
#1659 = ( GEOMETRIC_REPRESENTATION_CONTEXT(2) 
PARAMETRIC_REPRESENTATION_CONTEXT() REPRESENTATION_CONTEXT('2D SPACE',''
  ) );
#1660 = ORIENTED_EDGE('',*,*,#611,.F.);
#1661 = ADVANCED_FACE('',(#1662),#660,.T.);
#1662 = FACE_BOUND('',#1663,.F.);
#1663 = EDGE_LOOP('',(#1664,#1665,#1666,#1690));
#1664 = ORIENTED_EDGE('',*,*,#639,.T.);
#1665 = ORIENTED_EDGE('',*,*,#1642,.F.);
#1666 = ORIENTED_EDGE('',*,*,#1667,.T.);
#1667 = EDGE_CURVE('',#1620,#1668,#1670,.T.);
#1668 = VERTEX_POINT('',#1669);
#1669 = CARTESIAN_POINT('',(97.708099243548,-57.,33.5));
#1670 = SURFACE_CURVE('',#1671,(#1676,#1683),.PCURVE_S1.);
#1671 = CIRCLE('',#1672,4.);
#1672 = AXIS2_PLACEMENT_3D('',#1673,#1674,#1675);
#1673 = CARTESIAN_POINT('',(94.,-58.5,33.5));
#1674 = DIRECTION('',(0.,0.,1.));
#1675 = DIRECTION('',(-0.927024810887,0.375,0.));
#1676 = PCURVE('',#660,#1677);
#1677 = DEFINITIONAL_REPRESENTATION('',(#1678),#1682);
#1678 = LINE('',#1679,#1680);
#1679 = CARTESIAN_POINT('',(-2.757195879094,-2.5));
#1680 = VECTOR('',#1681,1.);
#1681 = DIRECTION('',(-1.,0.));
#1682 = ( GEOMETRIC_REPRESENTATION_CONTEXT(2) 
PARAMETRIC_REPRESENTATION_CONTEXT() REPRESENTATION_CONTEXT('2D SPACE',''
  ) );
#1683 = PCURVE('',#1455,#1684);
#1684 = DEFINITIONAL_REPRESENTATION('',(#1685),#1689);
#1685 = CIRCLE('',#1686,4.);
#1686 = AXIS2_PLACEMENT_2D('',#1687,#1688);
#1687 = CARTESIAN_POINT('',(36.,0.));
#1688 = DIRECTION('',(-0.927024810887,0.375));
#1689 = ( GEOMETRIC_REPRESENTATION_CONTEXT(2) 
PARAMETRIC_REPRESENTATION_CONTEXT() REPRESENTATION_CONTEXT('2D SPACE',''
  ) );
#1690 = ORIENTED_EDGE('',*,*,#1691,.T.);
#1691 = EDGE_CURVE('',#1668,#640,#1692,.T.);
#1692 = SURFACE_CURVE('',#1693,(#1697,#1703),.PCURVE_S1.);
#1693 = LINE('',#1694,#1695);
#1694 = CARTESIAN_POINT('',(97.708099243548,-57.,31.));
#1695 = VECTOR('',#1696,1.);
#1696 = DIRECTION('',(-0.,-0.,-1.));
#1697 = PCURVE('',#660,#1698);
#1698 = DEFINITIONAL_REPRESENTATION('',(#1699),#1702);
#1699 = B_SPLINE_CURVE_WITH_KNOTS('',1,(#1700,#1701),.UNSPECIFIED.,.F.,
  .F.,(2,2),(-2.5,0.),.PIECEWISE_BEZIER_KNOTS.);
#1700 = CARTESIAN_POINT('',(-6.667582081675,-2.5));
#1701 = CARTESIAN_POINT('',(-6.667582081675,0.));
#1702 = ( GEOMETRIC_REPRESENTATION_CONTEXT(2) 
PARAMETRIC_REPRESENTATION_CONTEXT() REPRESENTATION_CONTEXT('2D SPACE',''
  ) );
#1703 = PCURVE('',#688,#1704);
#1704 = DEFINITIONAL_REPRESENTATION('',(#1705),#1708);
#1705 = B_SPLINE_CURVE_WITH_KNOTS('',1,(#1706,#1707),.UNSPECIFIED.,.F.,
  .F.,(2,2),(-2.5000006,5.999999999062E-07),.PIECEWISE_BEZIER_KNOTS.);
#1706 = CARTESIAN_POINT('',(2.5000006,46.208099243548));
#1707 = CARTESIAN_POINT('',(-5.999999999062E-07,46.208099243548));
#1708 = ( GEOMETRIC_REPRESENTATION_CONTEXT(2) 
PARAMETRIC_REPRESENTATION_CONTEXT() REPRESENTATION_CONTEXT('2D SPACE',''
  ) );
#1709 = ADVANCED_FACE('',(#1710),#688,.F.);
#1710 = FACE_BOUND('',#1711,.F.);
#1711 = EDGE_LOOP('',(#1712,#1713,#1736,#1757));
#1712 = ORIENTED_EDGE('',*,*,#1691,.F.);
#1713 = ORIENTED_EDGE('',*,*,#1714,.T.);
#1714 = EDGE_CURVE('',#1668,#1715,#1717,.T.);
#1715 = VERTEX_POINT('',#1716);
#1716 = CARTESIAN_POINT('',(103.05,-57.,33.5));
#1717 = SURFACE_CURVE('',#1718,(#1722,#1729),.PCURVE_S1.);
#1718 = LINE('',#1719,#1720);
#1719 = CARTESIAN_POINT('',(51.5,-57.,33.5));
#1720 = VECTOR('',#1721,1.);
#1721 = DIRECTION('',(1.,0.,0.));
#1722 = PCURVE('',#688,#1723);
#1723 = DEFINITIONAL_REPRESENTATION('',(#1724),#1728);
#1724 = LINE('',#1725,#1726);
#1725 = CARTESIAN_POINT('',(2.5,0.));
#1726 = VECTOR('',#1727,1.);
#1727 = DIRECTION('',(0.,1.));
#1728 = ( GEOMETRIC_REPRESENTATION_CONTEXT(2) 
PARAMETRIC_REPRESENTATION_CONTEXT() REPRESENTATION_CONTEXT('2D SPACE',''
  ) );
#1729 = PCURVE('',#1455,#1730);
#1730 = DEFINITIONAL_REPRESENTATION('',(#1731),#1735);
#1731 = LINE('',#1732,#1733);
#1732 = CARTESIAN_POINT('',(-6.5,1.5));
#1733 = VECTOR('',#1734,1.);
#1734 = DIRECTION('',(1.,0.));
#1735 = ( GEOMETRIC_REPRESENTATION_CONTEXT(2) 
PARAMETRIC_REPRESENTATION_CONTEXT() REPRESENTATION_CONTEXT('2D SPACE',''
  ) );
#1736 = ORIENTED_EDGE('',*,*,#1737,.F.);
#1737 = EDGE_CURVE('',#673,#1715,#1738,.T.);
#1738 = SURFACE_CURVE('',#1739,(#1743,#1750),.PCURVE_S1.);
#1739 = LINE('',#1740,#1741);
#1740 = CARTESIAN_POINT('',(103.05,-57.,31.));
#1741 = VECTOR('',#1742,1.);
#1742 = DIRECTION('',(0.,0.,1.));
#1743 = PCURVE('',#688,#1744);
#1744 = DEFINITIONAL_REPRESENTATION('',(#1745),#1749);
#1745 = LINE('',#1746,#1747);
#1746 = CARTESIAN_POINT('',(0.,51.55));
#1747 = VECTOR('',#1748,1.);
#1748 = DIRECTION('',(1.,0.));
#1749 = ( GEOMETRIC_REPRESENTATION_CONTEXT(2) 
PARAMETRIC_REPRESENTATION_CONTEXT() REPRESENTATION_CONTEXT('2D SPACE',''
  ) );
#1750 = PCURVE('',#716,#1751);
#1751 = DEFINITIONAL_REPRESENTATION('',(#1752),#1756);
#1752 = LINE('',#1753,#1754);
#1753 = CARTESIAN_POINT('',(0.,0.));
#1754 = VECTOR('',#1755,1.);
#1755 = DIRECTION('',(1.,0.));
#1756 = ( GEOMETRIC_REPRESENTATION_CONTEXT(2) 
PARAMETRIC_REPRESENTATION_CONTEXT() REPRESENTATION_CONTEXT('2D SPACE',''
  ) );
#1757 = ORIENTED_EDGE('',*,*,#672,.F.);
#1758 = ADVANCED_FACE('',(#1759),#716,.T.);
#1759 = FACE_BOUND('',#1760,.T.);
#1760 = EDGE_LOOP('',(#1761,#1784,#1785,#1786));
#1761 = ORIENTED_EDGE('',*,*,#1762,.F.);
#1762 = EDGE_CURVE('',#1715,#1763,#1765,.T.);
#1763 = VERTEX_POINT('',#1764);
#1764 = CARTESIAN_POINT('',(103.05,-48.70809924354,33.5));
#1765 = SURFACE_CURVE('',#1766,(#1770,#1777),.PCURVE_S1.);
#1766 = LINE('',#1767,#1768);
#1767 = CARTESIAN_POINT('',(103.05,-57.,33.5));
#1768 = VECTOR('',#1769,1.);
#1769 = DIRECTION('',(0.,1.,0.));
#1770 = PCURVE('',#716,#1771);
#1771 = DEFINITIONAL_REPRESENTATION('',(#1772),#1776);
#1772 = LINE('',#1773,#1774);
#1773 = CARTESIAN_POINT('',(2.5,0.));
#1774 = VECTOR('',#1775,1.);
#1775 = DIRECTION('',(0.,-1.));
#1776 = ( GEOMETRIC_REPRESENTATION_CONTEXT(2) 
PARAMETRIC_REPRESENTATION_CONTEXT() REPRESENTATION_CONTEXT('2D SPACE',''
  ) );
#1777 = PCURVE('',#1455,#1778);
#1778 = DEFINITIONAL_REPRESENTATION('',(#1779),#1783);
#1779 = LINE('',#1780,#1781);
#1780 = CARTESIAN_POINT('',(45.05,1.5));
#1781 = VECTOR('',#1782,1.);
#1782 = DIRECTION('',(0.,1.));
#1783 = ( GEOMETRIC_REPRESENTATION_CONTEXT(2) 
PARAMETRIC_REPRESENTATION_CONTEXT() REPRESENTATION_CONTEXT('2D SPACE',''
  ) );
#1784 = ORIENTED_EDGE('',*,*,#1737,.F.);
#1785 = ORIENTED_EDGE('',*,*,#700,.T.);
#1786 = ORIENTED_EDGE('',*,*,#1787,.F.);
#1787 = EDGE_CURVE('',#1763,#701,#1788,.T.);
#1788 = SURFACE_CURVE('',#1789,(#1793,#1799),.PCURVE_S1.);
#1789 = LINE('',#1790,#1791);
#1790 = CARTESIAN_POINT('',(103.05,-48.70809924354,31.));
#1791 = VECTOR('',#1792,1.);
#1792 = DIRECTION('',(-0.,-0.,-1.));
#1793 = PCURVE('',#716,#1794);
#1794 = DEFINITIONAL_REPRESENTATION('',(#1795),#1798);
#1795 = B_SPLINE_CURVE_WITH_KNOTS('',1,(#1796,#1797),.UNSPECIFIED.,.F.,
  .F.,(2,2),(-2.5000006,5.999999999062E-07),.PIECEWISE_BEZIER_KNOTS.);
#1796 = CARTESIAN_POINT('',(2.5000006,-8.291900756452));
#1797 = CARTESIAN_POINT('',(-5.999999999062E-07,-8.291900756452));
#1798 = ( GEOMETRIC_REPRESENTATION_CONTEXT(2) 
PARAMETRIC_REPRESENTATION_CONTEXT() REPRESENTATION_CONTEXT('2D SPACE',''
  ) );
#1799 = PCURVE('',#749,#1800);
#1800 = DEFINITIONAL_REPRESENTATION('',(#1801),#1804);
#1801 = B_SPLINE_CURVE_WITH_KNOTS('',1,(#1802,#1803),.UNSPECIFIED.,.F.,
  .F.,(2,2),(-2.5,0.),.PIECEWISE_BEZIER_KNOTS.);
#1802 = CARTESIAN_POINT('',(-4.327992205889,-2.5));
#1803 = CARTESIAN_POINT('',(-4.327992205889,0.));
#1804 = ( GEOMETRIC_REPRESENTATION_CONTEXT(2) 
PARAMETRIC_REPRESENTATION_CONTEXT() REPRESENTATION_CONTEXT('2D SPACE',''
  ) );
#1805 = ADVANCED_FACE('',(#1806),#749,.T.);
#1806 = FACE_BOUND('',#1807,.F.);
#1807 = EDGE_LOOP('',(#1808,#1809,#1810,#1834));
#1808 = ORIENTED_EDGE('',*,*,#728,.T.);
#1809 = ORIENTED_EDGE('',*,*,#1787,.F.);
#1810 = ORIENTED_EDGE('',*,*,#1811,.T.);
#1811 = EDGE_CURVE('',#1763,#1812,#1814,.T.);
#1812 = VERTEX_POINT('',#1813);
#1813 = CARTESIAN_POINT('',(103.05,-41.29190075645,33.5));
#1814 = SURFACE_CURVE('',#1815,(#1820,#1827),.PCURVE_S1.);
#1815 = CIRCLE('',#1816,4.);
#1816 = AXIS2_PLACEMENT_3D('',#1817,#1818,#1819);
#1817 = CARTESIAN_POINT('',(104.55,-45.,33.5));
#1818 = DIRECTION('',(0.,0.,1.));
#1819 = DIRECTION('',(-0.375,-0.927024810887,0.));
#1820 = PCURVE('',#749,#1821);
#1821 = DEFINITIONAL_REPRESENTATION('',(#1822),#1826);
#1822 = LINE('',#1823,#1824);
#1823 = CARTESIAN_POINT('',(-4.327992205889,-2.5));
#1824 = VECTOR('',#1825,1.);
#1825 = DIRECTION('',(-1.,0.));
#1826 = ( GEOMETRIC_REPRESENTATION_CONTEXT(2) 
PARAMETRIC_REPRESENTATION_CONTEXT() REPRESENTATION_CONTEXT('2D SPACE',''
  ) );
#1827 = PCURVE('',#1455,#1828);
#1828 = DEFINITIONAL_REPRESENTATION('',(#1829),#1833);
#1829 = CIRCLE('',#1830,4.);
#1830 = AXIS2_PLACEMENT_2D('',#1831,#1832);
#1831 = CARTESIAN_POINT('',(46.55,13.5));
#1832 = DIRECTION('',(-0.375,-0.927024810887));
#1833 = ( GEOMETRIC_REPRESENTATION_CONTEXT(2) 
PARAMETRIC_REPRESENTATION_CONTEXT() REPRESENTATION_CONTEXT('2D SPACE',''
  ) );
#1834 = ORIENTED_EDGE('',*,*,#1835,.T.);
#1835 = EDGE_CURVE('',#1812,#729,#1836,.T.);
#1836 = SURFACE_CURVE('',#1837,(#1841,#1847),.PCURVE_S1.);
#1837 = LINE('',#1838,#1839);
#1838 = CARTESIAN_POINT('',(103.05,-41.29190075645,31.));
#1839 = VECTOR('',#1840,1.);
#1840 = DIRECTION('',(-0.,-0.,-1.));
#1841 = PCURVE('',#749,#1842);
#1842 = DEFINITIONAL_REPRESENTATION('',(#1843),#1846);
#1843 = B_SPLINE_CURVE_WITH_KNOTS('',1,(#1844,#1845),.UNSPECIFIED.,.F.,
  .F.,(2,2),(-2.5,0.),.PIECEWISE_BEZIER_KNOTS.);
#1844 = CARTESIAN_POINT('',(-8.23837840847,-2.5));
#1845 = CARTESIAN_POINT('',(-8.23837840847,0.));
#1846 = ( GEOMETRIC_REPRESENTATION_CONTEXT(2) 
PARAMETRIC_REPRESENTATION_CONTEXT() REPRESENTATION_CONTEXT('2D SPACE',''
  ) );
#1847 = PCURVE('',#777,#1848);
#1848 = DEFINITIONAL_REPRESENTATION('',(#1849),#1852);
#1849 = B_SPLINE_CURVE_WITH_KNOTS('',1,(#1850,#1851),.UNSPECIFIED.,.F.,
  .F.,(2,2),(-2.5000006,5.999999999062E-07),.PIECEWISE_BEZIER_KNOTS.);
#1850 = CARTESIAN_POINT('',(2.5000006,-15.70809924354));
#1851 = CARTESIAN_POINT('',(-5.999999999062E-07,-15.70809924354));
#1852 = ( GEOMETRIC_REPRESENTATION_CONTEXT(2) 
PARAMETRIC_REPRESENTATION_CONTEXT() REPRESENTATION_CONTEXT('2D SPACE',''
  ) );
#1853 = ADVANCED_FACE('',(#1854),#805,.T.);
#1854 = FACE_BOUND('',#1855,.T.);
#1855 = EDGE_LOOP('',(#1856,#1879,#1900,#1901));
#1856 = ORIENTED_EDGE('',*,*,#1857,.T.);
#1857 = EDGE_CURVE('',#1517,#1858,#1860,.T.);
#1858 = VERTEX_POINT('',#1859);
#1859 = CARTESIAN_POINT('',(103.05,14.5,33.5));
#1860 = SURFACE_CURVE('',#1861,(#1865,#1872),.PCURVE_S1.);
#1861 = LINE('',#1862,#1863);
#1862 = CARTESIAN_POINT('',(51.5,14.5,33.5));
#1863 = VECTOR('',#1864,1.);
#1864 = DIRECTION('',(1.,0.,0.));
#1865 = PCURVE('',#805,#1866);
#1866 = DEFINITIONAL_REPRESENTATION('',(#1867),#1871);
#1867 = LINE('',#1868,#1869);
#1868 = CARTESIAN_POINT('',(2.5,0.));
#1869 = VECTOR('',#1870,1.);
#1870 = DIRECTION('',(0.,1.));
#1871 = ( GEOMETRIC_REPRESENTATION_CONTEXT(2) 
PARAMETRIC_REPRESENTATION_CONTEXT() REPRESENTATION_CONTEXT('2D SPACE',''
  ) );
#1872 = PCURVE('',#1455,#1873);
#1873 = DEFINITIONAL_REPRESENTATION('',(#1874),#1878);
#1874 = LINE('',#1875,#1876);
#1875 = CARTESIAN_POINT('',(-6.5,73.));
#1876 = VECTOR('',#1877,1.);
#1877 = DIRECTION('',(1.,0.));
#1878 = ( GEOMETRIC_REPRESENTATION_CONTEXT(2) 
PARAMETRIC_REPRESENTATION_CONTEXT() REPRESENTATION_CONTEXT('2D SPACE',''
  ) );
#1879 = ORIENTED_EDGE('',*,*,#1880,.F.);
#1880 = EDGE_CURVE('',#762,#1858,#1881,.T.);
#1881 = SURFACE_CURVE('',#1882,(#1886,#1893),.PCURVE_S1.);
#1882 = LINE('',#1883,#1884);
#1883 = CARTESIAN_POINT('',(103.05,14.5,31.));
#1884 = VECTOR('',#1885,1.);
#1885 = DIRECTION('',(0.,0.,1.));
#1886 = PCURVE('',#805,#1887);
#1887 = DEFINITIONAL_REPRESENTATION('',(#1888),#1892);
#1888 = LINE('',#1889,#1890);
#1889 = CARTESIAN_POINT('',(0.,51.55));
#1890 = VECTOR('',#1891,1.);
#1891 = DIRECTION('',(1.,0.));
#1892 = ( GEOMETRIC_REPRESENTATION_CONTEXT(2) 
PARAMETRIC_REPRESENTATION_CONTEXT() REPRESENTATION_CONTEXT('2D SPACE',''
  ) );
#1893 = PCURVE('',#777,#1894);
#1894 = DEFINITIONAL_REPRESENTATION('',(#1895),#1899);
#1895 = LINE('',#1896,#1897);
#1896 = CARTESIAN_POINT('',(0.,-71.5));
#1897 = VECTOR('',#1898,1.);
#1898 = DIRECTION('',(1.,0.));
#1899 = ( GEOMETRIC_REPRESENTATION_CONTEXT(2) 
PARAMETRIC_REPRESENTATION_CONTEXT() REPRESENTATION_CONTEXT('2D SPACE',''
  ) );
#1900 = ORIENTED_EDGE('',*,*,#789,.F.);
#1901 = ORIENTED_EDGE('',*,*,#1516,.F.);
#1902 = ADVANCED_FACE('',(#1903),#777,.T.);
#1903 = FACE_BOUND('',#1904,.T.);
#1904 = EDGE_LOOP('',(#1905,#1926,#1927,#1928));
#1905 = ORIENTED_EDGE('',*,*,#1906,.F.);
#1906 = EDGE_CURVE('',#1812,#1858,#1907,.T.);
#1907 = SURFACE_CURVE('',#1908,(#1912,#1919),.PCURVE_S1.);
#1908 = LINE('',#1909,#1910);
#1909 = CARTESIAN_POINT('',(103.05,-57.,33.5));
#1910 = VECTOR('',#1911,1.);
#1911 = DIRECTION('',(0.,1.,0.));
#1912 = PCURVE('',#777,#1913);
#1913 = DEFINITIONAL_REPRESENTATION('',(#1914),#1918);
#1914 = LINE('',#1915,#1916);
#1915 = CARTESIAN_POINT('',(2.5,0.));
#1916 = VECTOR('',#1917,1.);
#1917 = DIRECTION('',(0.,-1.));
#1918 = ( GEOMETRIC_REPRESENTATION_CONTEXT(2) 
PARAMETRIC_REPRESENTATION_CONTEXT() REPRESENTATION_CONTEXT('2D SPACE',''
  ) );
#1919 = PCURVE('',#1455,#1920);
#1920 = DEFINITIONAL_REPRESENTATION('',(#1921),#1925);
#1921 = LINE('',#1922,#1923);
#1922 = CARTESIAN_POINT('',(45.05,1.5));
#1923 = VECTOR('',#1924,1.);
#1924 = DIRECTION('',(0.,1.));
#1925 = ( GEOMETRIC_REPRESENTATION_CONTEXT(2) 
PARAMETRIC_REPRESENTATION_CONTEXT() REPRESENTATION_CONTEXT('2D SPACE',''
  ) );
#1926 = ORIENTED_EDGE('',*,*,#1835,.T.);
#1927 = ORIENTED_EDGE('',*,*,#761,.T.);
#1928 = ORIENTED_EDGE('',*,*,#1880,.T.);
#1929 = ADVANCED_FACE('',(#1930),#940,.F.);
#1930 = FACE_BOUND('',#1931,.T.);
#1931 = EDGE_LOOP('',(#1932,#1955,#1956,#1957));
#1932 = ORIENTED_EDGE('',*,*,#1933,.F.);
#1933 = EDGE_CURVE('',#920,#1934,#1936,.T.);
#1934 = VERTEX_POINT('',#1935);
#1935 = CARTESIAN_POINT('',(59.7,-58.5,32.3));
#1936 = SEAM_CURVE('',#1937,(#1941,#1948),.PCURVE_S1.);
#1937 = LINE('',#1938,#1939);
#1938 = CARTESIAN_POINT('',(59.7,-58.5,30.));
#1939 = VECTOR('',#1940,1.);
#1940 = DIRECTION('',(0.,0.,1.));
#1941 = PCURVE('',#940,#1942);
#1942 = DEFINITIONAL_REPRESENTATION('',(#1943),#1947);
#1943 = LINE('',#1944,#1945);
#1944 = CARTESIAN_POINT('',(-6.28318530718,0.));
#1945 = VECTOR('',#1946,1.);
#1946 = DIRECTION('',(-0.,-1.));
#1947 = ( GEOMETRIC_REPRESENTATION_CONTEXT(2) 
PARAMETRIC_REPRESENTATION_CONTEXT() REPRESENTATION_CONTEXT('2D SPACE',''
  ) );
#1948 = PCURVE('',#940,#1949);
#1949 = DEFINITIONAL_REPRESENTATION('',(#1950),#1954);
#1950 = LINE('',#1951,#1952);
#1951 = CARTESIAN_POINT('',(-0.,0.));
#1952 = VECTOR('',#1953,1.);
#1953 = DIRECTION('',(-0.,-1.));
#1954 = ( GEOMETRIC_REPRESENTATION_CONTEXT(2) 
PARAMETRIC_REPRESENTATION_CONTEXT() REPRESENTATION_CONTEXT('2D SPACE',''
  ) );
#1955 = ORIENTED_EDGE('',*,*,#919,.T.);
#1956 = ORIENTED_EDGE('',*,*,#1933,.T.);
#1957 = ORIENTED_EDGE('',*,*,#1958,.F.);
#1958 = EDGE_CURVE('',#1934,#1934,#1959,.T.);
#1959 = SURFACE_CURVE('',#1960,(#1965,#1972),.PCURVE_S1.);
#1960 = CIRCLE('',#1961,1.7);
#1961 = AXIS2_PLACEMENT_3D('',#1962,#1963,#1964);
#1962 = CARTESIAN_POINT('',(58.,-58.5,32.3));
#1963 = DIRECTION('',(0.,0.,-1.));
#1964 = DIRECTION('',(1.,0.,0.));
#1965 = PCURVE('',#940,#1966);
#1966 = DEFINITIONAL_REPRESENTATION('',(#1967),#1971);
#1967 = LINE('',#1968,#1969);
#1968 = CARTESIAN_POINT('',(-6.28318530718,-2.3));
#1969 = VECTOR('',#1970,1.);
#1970 = DIRECTION('',(1.,-0.));
#1971 = ( GEOMETRIC_REPRESENTATION_CONTEXT(2) 
PARAMETRIC_REPRESENTATION_CONTEXT() REPRESENTATION_CONTEXT('2D SPACE',''
  ) );
#1972 = PCURVE('',#1973,#1978);
#1973 = PLANE('',#1974);
#1974 = AXIS2_PLACEMENT_3D('',#1975,#1976,#1977);
#1975 = CARTESIAN_POINT('',(58.,-58.5,32.3));
#1976 = DIRECTION('',(0.,0.,1.));
#1977 = DIRECTION('',(1.,0.,-0.));
#1978 = DEFINITIONAL_REPRESENTATION('',(#1979),#1987);
#1979 = ( BOUNDED_CURVE() B_SPLINE_CURVE(2,(#1980,#1981,#1982,#1983,
#1984,#1985,#1986),.UNSPECIFIED.,.T.,.F.) B_SPLINE_CURVE_WITH_KNOTS((1,2
    ,2,2,2,1),(-2.094395102393,0.,2.094395102393,4.188790204786,
6.28318530718,8.377580409573),.UNSPECIFIED.) CURVE() 
GEOMETRIC_REPRESENTATION_ITEM() RATIONAL_B_SPLINE_CURVE((1.,0.5,1.,0.5,
1.,0.5,1.)) REPRESENTATION_ITEM('') );
#1980 = CARTESIAN_POINT('',(1.7,0.));
#1981 = CARTESIAN_POINT('',(1.7,-2.944486372867));
#1982 = CARTESIAN_POINT('',(-0.85,-1.472243186434));
#1983 = CARTESIAN_POINT('',(-3.4,-4.163799117101E-16));
#1984 = CARTESIAN_POINT('',(-0.85,1.472243186434));
#1985 = CARTESIAN_POINT('',(1.7,2.944486372867));
#1986 = CARTESIAN_POINT('',(1.7,0.));
#1987 = ( GEOMETRIC_REPRESENTATION_CONTEXT(2) 
PARAMETRIC_REPRESENTATION_CONTEXT() REPRESENTATION_CONTEXT('2D SPACE',''
  ) );
#1988 = ADVANCED_FACE('',(#1989),#975,.F.);
#1989 = FACE_BOUND('',#1990,.T.);
#1990 = EDGE_LOOP('',(#1991,#2014,#2015,#2016));
#1991 = ORIENTED_EDGE('',*,*,#1992,.F.);
#1992 = EDGE_CURVE('',#955,#1993,#1995,.T.);
#1993 = VERTEX_POINT('',#1994);
#1994 = CARTESIAN_POINT('',(95.7,-58.5,32.3));
#1995 = SEAM_CURVE('',#1996,(#2000,#2007),.PCURVE_S1.);
#1996 = LINE('',#1997,#1998);
#1997 = CARTESIAN_POINT('',(95.7,-58.5,30.));
#1998 = VECTOR('',#1999,1.);
#1999 = DIRECTION('',(0.,0.,1.));
#2000 = PCURVE('',#975,#2001);
#2001 = DEFINITIONAL_REPRESENTATION('',(#2002),#2006);
#2002 = LINE('',#2003,#2004);
#2003 = CARTESIAN_POINT('',(-6.28318530718,0.));
#2004 = VECTOR('',#2005,1.);
#2005 = DIRECTION('',(-0.,-1.));
#2006 = ( GEOMETRIC_REPRESENTATION_CONTEXT(2) 
PARAMETRIC_REPRESENTATION_CONTEXT() REPRESENTATION_CONTEXT('2D SPACE',''
  ) );
#2007 = PCURVE('',#975,#2008);
#2008 = DEFINITIONAL_REPRESENTATION('',(#2009),#2013);
#2009 = LINE('',#2010,#2011);
#2010 = CARTESIAN_POINT('',(-0.,0.));
#2011 = VECTOR('',#2012,1.);
#2012 = DIRECTION('',(-0.,-1.));
#2013 = ( GEOMETRIC_REPRESENTATION_CONTEXT(2) 
PARAMETRIC_REPRESENTATION_CONTEXT() REPRESENTATION_CONTEXT('2D SPACE',''
  ) );
#2014 = ORIENTED_EDGE('',*,*,#954,.T.);
#2015 = ORIENTED_EDGE('',*,*,#1992,.T.);
#2016 = ORIENTED_EDGE('',*,*,#2017,.F.);
#2017 = EDGE_CURVE('',#1993,#1993,#2018,.T.);
#2018 = SURFACE_CURVE('',#2019,(#2024,#2031),.PCURVE_S1.);
#2019 = CIRCLE('',#2020,1.7);
#2020 = AXIS2_PLACEMENT_3D('',#2021,#2022,#2023);
#2021 = CARTESIAN_POINT('',(94.,-58.5,32.3));
#2022 = DIRECTION('',(0.,0.,-1.));
#2023 = DIRECTION('',(1.,0.,0.));
#2024 = PCURVE('',#975,#2025);
#2025 = DEFINITIONAL_REPRESENTATION('',(#2026),#2030);
#2026 = LINE('',#2027,#2028);
#2027 = CARTESIAN_POINT('',(-6.28318530718,-2.3));
#2028 = VECTOR('',#2029,1.);
#2029 = DIRECTION('',(1.,-0.));
#2030 = ( GEOMETRIC_REPRESENTATION_CONTEXT(2) 
PARAMETRIC_REPRESENTATION_CONTEXT() REPRESENTATION_CONTEXT('2D SPACE',''
  ) );
#2031 = PCURVE('',#2032,#2037);
#2032 = PLANE('',#2033);
#2033 = AXIS2_PLACEMENT_3D('',#2034,#2035,#2036);
#2034 = CARTESIAN_POINT('',(94.,-58.5,32.3));
#2035 = DIRECTION('',(0.,0.,1.));
#2036 = DIRECTION('',(1.,0.,-0.));
#2037 = DEFINITIONAL_REPRESENTATION('',(#2038),#2046);
#2038 = ( BOUNDED_CURVE() B_SPLINE_CURVE(2,(#2039,#2040,#2041,#2042,
#2043,#2044,#2045),.UNSPECIFIED.,.T.,.F.) B_SPLINE_CURVE_WITH_KNOTS((1,2
    ,2,2,2,1),(-2.094395102393,0.,2.094395102393,4.188790204786,
6.28318530718,8.377580409573),.UNSPECIFIED.) CURVE() 
GEOMETRIC_REPRESENTATION_ITEM() RATIONAL_B_SPLINE_CURVE((1.,0.5,1.,0.5,
1.,0.5,1.)) REPRESENTATION_ITEM('') );
#2039 = CARTESIAN_POINT('',(1.7,0.));
#2040 = CARTESIAN_POINT('',(1.7,-2.944486372867));
#2041 = CARTESIAN_POINT('',(-0.85,-1.472243186434));
#2042 = CARTESIAN_POINT('',(-3.4,-4.163799117101E-16));
#2043 = CARTESIAN_POINT('',(-0.85,1.472243186434));
#2044 = CARTESIAN_POINT('',(1.7,2.944486372867));
#2045 = CARTESIAN_POINT('',(1.7,0.));
#2046 = ( GEOMETRIC_REPRESENTATION_CONTEXT(2) 
PARAMETRIC_REPRESENTATION_CONTEXT() REPRESENTATION_CONTEXT('2D SPACE',''
  ) );
#2047 = ADVANCED_FACE('',(#2048),#1010,.F.);
#2048 = FACE_BOUND('',#2049,.T.);
#2049 = EDGE_LOOP('',(#2050,#2073,#2074,#2075));
#2050 = ORIENTED_EDGE('',*,*,#2051,.F.);
#2051 = EDGE_CURVE('',#990,#2052,#2054,.T.);
#2052 = VERTEX_POINT('',#2053);
#2053 = CARTESIAN_POINT('',(106.25,-45.,32.3));
#2054 = SEAM_CURVE('',#2055,(#2059,#2066),.PCURVE_S1.);
#2055 = LINE('',#2056,#2057);
#2056 = CARTESIAN_POINT('',(106.25,-45.,30.));
#2057 = VECTOR('',#2058,1.);
#2058 = DIRECTION('',(0.,0.,1.));
#2059 = PCURVE('',#1010,#2060);
#2060 = DEFINITIONAL_REPRESENTATION('',(#2061),#2065);
#2061 = LINE('',#2062,#2063);
#2062 = CARTESIAN_POINT('',(-6.28318530718,0.));
#2063 = VECTOR('',#2064,1.);
#2064 = DIRECTION('',(-0.,-1.));
#2065 = ( GEOMETRIC_REPRESENTATION_CONTEXT(2) 
PARAMETRIC_REPRESENTATION_CONTEXT() REPRESENTATION_CONTEXT('2D SPACE',''
  ) );
#2066 = PCURVE('',#1010,#2067);
#2067 = DEFINITIONAL_REPRESENTATION('',(#2068),#2072);
#2068 = LINE('',#2069,#2070);
#2069 = CARTESIAN_POINT('',(-0.,0.));
#2070 = VECTOR('',#2071,1.);
#2071 = DIRECTION('',(-0.,-1.));
#2072 = ( GEOMETRIC_REPRESENTATION_CONTEXT(2) 
PARAMETRIC_REPRESENTATION_CONTEXT() REPRESENTATION_CONTEXT('2D SPACE',''
  ) );
#2073 = ORIENTED_EDGE('',*,*,#989,.T.);
#2074 = ORIENTED_EDGE('',*,*,#2051,.T.);
#2075 = ORIENTED_EDGE('',*,*,#2076,.F.);
#2076 = EDGE_CURVE('',#2052,#2052,#2077,.T.);
#2077 = SURFACE_CURVE('',#2078,(#2083,#2090),.PCURVE_S1.);
#2078 = CIRCLE('',#2079,1.7);
#2079 = AXIS2_PLACEMENT_3D('',#2080,#2081,#2082);
#2080 = CARTESIAN_POINT('',(104.55,-45.,32.3));
#2081 = DIRECTION('',(0.,0.,-1.));
#2082 = DIRECTION('',(1.,0.,0.));
#2083 = PCURVE('',#1010,#2084);
#2084 = DEFINITIONAL_REPRESENTATION('',(#2085),#2089);
#2085 = LINE('',#2086,#2087);
#2086 = CARTESIAN_POINT('',(-6.28318530718,-2.3));
#2087 = VECTOR('',#2088,1.);
#2088 = DIRECTION('',(1.,-0.));
#2089 = ( GEOMETRIC_REPRESENTATION_CONTEXT(2) 
PARAMETRIC_REPRESENTATION_CONTEXT() REPRESENTATION_CONTEXT('2D SPACE',''
  ) );
#2090 = PCURVE('',#2091,#2096);
#2091 = PLANE('',#2092);
#2092 = AXIS2_PLACEMENT_3D('',#2093,#2094,#2095);
#2093 = CARTESIAN_POINT('',(104.55,-45.,32.3));
#2094 = DIRECTION('',(0.,0.,1.));
#2095 = DIRECTION('',(1.,0.,-0.));
#2096 = DEFINITIONAL_REPRESENTATION('',(#2097),#2105);
#2097 = ( BOUNDED_CURVE() B_SPLINE_CURVE(2,(#2098,#2099,#2100,#2101,
#2102,#2103,#2104),.UNSPECIFIED.,.T.,.F.) B_SPLINE_CURVE_WITH_KNOTS((1,2
    ,2,2,2,1),(-2.094395102393,0.,2.094395102393,4.188790204786,
6.28318530718,8.377580409573),.UNSPECIFIED.) CURVE() 
GEOMETRIC_REPRESENTATION_ITEM() RATIONAL_B_SPLINE_CURVE((1.,0.5,1.,0.5,
1.,0.5,1.)) REPRESENTATION_ITEM('') );
#2098 = CARTESIAN_POINT('',(1.7,0.));
#2099 = CARTESIAN_POINT('',(1.7,-2.944486372867));
#2100 = CARTESIAN_POINT('',(-0.85,-1.472243186434));
#2101 = CARTESIAN_POINT('',(-3.4,-4.163799117101E-16));
#2102 = CARTESIAN_POINT('',(-0.85,1.472243186434));
#2103 = CARTESIAN_POINT('',(1.7,2.944486372867));
#2104 = CARTESIAN_POINT('',(1.7,0.));
#2105 = ( GEOMETRIC_REPRESENTATION_CONTEXT(2) 
PARAMETRIC_REPRESENTATION_CONTEXT() REPRESENTATION_CONTEXT('2D SPACE',''
  ) );
#2106 = ADVANCED_FACE('',(#2107),#1045,.F.);
#2107 = FACE_BOUND('',#2108,.T.);
#2108 = EDGE_LOOP('',(#2109,#2132,#2133,#2134));
#2109 = ORIENTED_EDGE('',*,*,#2110,.F.);
#2110 = EDGE_CURVE('',#1025,#2111,#2113,.T.);
#2111 = VERTEX_POINT('',#2112);
#2112 = CARTESIAN_POINT('',(59.7,16.,32.3));
#2113 = SEAM_CURVE('',#2114,(#2118,#2125),.PCURVE_S1.);
#2114 = LINE('',#2115,#2116);
#2115 = CARTESIAN_POINT('',(59.7,16.,30.));
#2116 = VECTOR('',#2117,1.);
#2117 = DIRECTION('',(0.,0.,1.));
#2118 = PCURVE('',#1045,#2119);
#2119 = DEFINITIONAL_REPRESENTATION('',(#2120),#2124);
#2120 = LINE('',#2121,#2122);
#2121 = CARTESIAN_POINT('',(-6.28318530718,0.));
#2122 = VECTOR('',#2123,1.);
#2123 = DIRECTION('',(-0.,-1.));
#2124 = ( GEOMETRIC_REPRESENTATION_CONTEXT(2) 
PARAMETRIC_REPRESENTATION_CONTEXT() REPRESENTATION_CONTEXT('2D SPACE',''
  ) );
#2125 = PCURVE('',#1045,#2126);
#2126 = DEFINITIONAL_REPRESENTATION('',(#2127),#2131);
#2127 = LINE('',#2128,#2129);
#2128 = CARTESIAN_POINT('',(-0.,0.));
#2129 = VECTOR('',#2130,1.);
#2130 = DIRECTION('',(-0.,-1.));
#2131 = ( GEOMETRIC_REPRESENTATION_CONTEXT(2) 
PARAMETRIC_REPRESENTATION_CONTEXT() REPRESENTATION_CONTEXT('2D SPACE',''
  ) );
#2132 = ORIENTED_EDGE('',*,*,#1024,.T.);
#2133 = ORIENTED_EDGE('',*,*,#2110,.T.);
#2134 = ORIENTED_EDGE('',*,*,#2135,.F.);
#2135 = EDGE_CURVE('',#2111,#2111,#2136,.T.);
#2136 = SURFACE_CURVE('',#2137,(#2142,#2149),.PCURVE_S1.);
#2137 = CIRCLE('',#2138,1.7);
#2138 = AXIS2_PLACEMENT_3D('',#2139,#2140,#2141);
#2139 = CARTESIAN_POINT('',(58.,16.,32.3));
#2140 = DIRECTION('',(0.,0.,-1.));
#2141 = DIRECTION('',(1.,0.,0.));
#2142 = PCURVE('',#1045,#2143);
#2143 = DEFINITIONAL_REPRESENTATION('',(#2144),#2148);
#2144 = LINE('',#2145,#2146);
#2145 = CARTESIAN_POINT('',(-6.28318530718,-2.3));
#2146 = VECTOR('',#2147,1.);
#2147 = DIRECTION('',(1.,-0.));
#2148 = ( GEOMETRIC_REPRESENTATION_CONTEXT(2) 
PARAMETRIC_REPRESENTATION_CONTEXT() REPRESENTATION_CONTEXT('2D SPACE',''
  ) );
#2149 = PCURVE('',#2150,#2155);
#2150 = PLANE('',#2151);
#2151 = AXIS2_PLACEMENT_3D('',#2152,#2153,#2154);
#2152 = CARTESIAN_POINT('',(58.,16.,32.3));
#2153 = DIRECTION('',(0.,0.,1.));
#2154 = DIRECTION('',(1.,0.,-0.));
#2155 = DEFINITIONAL_REPRESENTATION('',(#2156),#2164);
#2156 = ( BOUNDED_CURVE() B_SPLINE_CURVE(2,(#2157,#2158,#2159,#2160,
#2161,#2162,#2163),.UNSPECIFIED.,.T.,.F.) B_SPLINE_CURVE_WITH_KNOTS((1,2
    ,2,2,2,1),(-2.094395102393,0.,2.094395102393,4.188790204786,
6.28318530718,8.377580409573),.UNSPECIFIED.) CURVE() 
GEOMETRIC_REPRESENTATION_ITEM() RATIONAL_B_SPLINE_CURVE((1.,0.5,1.,0.5,
1.,0.5,1.)) REPRESENTATION_ITEM('') );
#2157 = CARTESIAN_POINT('',(1.7,0.));
#2158 = CARTESIAN_POINT('',(1.7,-2.944486372867));
#2159 = CARTESIAN_POINT('',(-0.85,-1.472243186434));
#2160 = CARTESIAN_POINT('',(-3.4,-4.163799117101E-16));
#2161 = CARTESIAN_POINT('',(-0.85,1.472243186434));
#2162 = CARTESIAN_POINT('',(1.7,2.944486372867));
#2163 = CARTESIAN_POINT('',(1.7,0.));
#2164 = ( GEOMETRIC_REPRESENTATION_CONTEXT(2) 
PARAMETRIC_REPRESENTATION_CONTEXT() REPRESENTATION_CONTEXT('2D SPACE',''
  ) );
#2165 = ADVANCED_FACE('',(#2166),#1192,.F.);
#2166 = FACE_BOUND('',#2167,.F.);
#2167 = EDGE_LOOP('',(#2168,#2169,#2170,#2171));
#2168 = ORIENTED_EDGE('',*,*,#1382,.F.);
#2169 = ORIENTED_EDGE('',*,*,#1177,.T.);
#2170 = ORIENTED_EDGE('',*,*,#1225,.T.);
#2171 = ORIENTED_EDGE('',*,*,#1296,.F.);
#2172 = ADVANCED_FACE('',(#2173),#1336,.T.);
#2173 = FACE_BOUND('',#2174,.F.);
#2174 = EDGE_LOOP('',(#2175,#2198,#2199,#2200));
#2175 = ORIENTED_EDGE('',*,*,#2176,.T.);
#2176 = EDGE_CURVE('',#2177,#1320,#2179,.T.);
#2177 = VERTEX_POINT('',#2178);
#2178 = CARTESIAN_POINT('',(90.7,-24.5,22.));
#2179 = SEAM_CURVE('',#2180,(#2184,#2191),.PCURVE_S1.);
#2180 = LINE('',#2181,#2182);
#2181 = CARTESIAN_POINT('',(90.7,-24.5,22.));
#2182 = VECTOR('',#2183,1.);
#2183 = DIRECTION('',(0.,0.,1.));
#2184 = PCURVE('',#1336,#2185);
#2185 = DEFINITIONAL_REPRESENTATION('',(#2186),#2190);
#2186 = LINE('',#2187,#2188);
#2187 = CARTESIAN_POINT('',(-0.,0.));
#2188 = VECTOR('',#2189,1.);
#2189 = DIRECTION('',(-0.,-1.));
#2190 = ( GEOMETRIC_REPRESENTATION_CONTEXT(2) 
PARAMETRIC_REPRESENTATION_CONTEXT() REPRESENTATION_CONTEXT('2D SPACE',''
  ) );
#2191 = PCURVE('',#1336,#2192);
#2192 = DEFINITIONAL_REPRESENTATION('',(#2193),#2197);
#2193 = LINE('',#2194,#2195);
#2194 = CARTESIAN_POINT('',(-6.28318530718,0.));
#2195 = VECTOR('',#2196,1.);
#2196 = DIRECTION('',(-0.,-1.));
#2197 = ( GEOMETRIC_REPRESENTATION_CONTEXT(2) 
PARAMETRIC_REPRESENTATION_CONTEXT() REPRESENTATION_CONTEXT('2D SPACE',''
  ) );
#2198 = ORIENTED_EDGE('',*,*,#1319,.T.);
#2199 = ORIENTED_EDGE('',*,*,#2176,.F.);
#2200 = ORIENTED_EDGE('',*,*,#2201,.F.);
#2201 = EDGE_CURVE('',#2177,#2177,#2202,.T.);
#2202 = SURFACE_CURVE('',#2203,(#2208,#2215),.PCURVE_S1.);
#2203 = CIRCLE('',#2204,3.2);
#2204 = AXIS2_PLACEMENT_3D('',#2205,#2206,#2207);
#2205 = CARTESIAN_POINT('',(87.5,-24.5,22.));
#2206 = DIRECTION('',(0.,0.,1.));
#2207 = DIRECTION('',(1.,0.,0.));
#2208 = PCURVE('',#1336,#2209);
#2209 = DEFINITIONAL_REPRESENTATION('',(#2210),#2214);
#2210 = LINE('',#2211,#2212);
#2211 = CARTESIAN_POINT('',(-0.,0.));
#2212 = VECTOR('',#2213,1.);
#2213 = DIRECTION('',(-1.,0.));
#2214 = ( GEOMETRIC_REPRESENTATION_CONTEXT(2) 
PARAMETRIC_REPRESENTATION_CONTEXT() REPRESENTATION_CONTEXT('2D SPACE',''
  ) );
#2215 = PCURVE('',#2216,#2221);
#2216 = PLANE('',#2217);
#2217 = AXIS2_PLACEMENT_3D('',#2218,#2219,#2220);
#2218 = CARTESIAN_POINT('',(87.5,-24.5,22.));
#2219 = DIRECTION('',(0.,0.,1.));
#2220 = DIRECTION('',(1.,0.,-0.));
#2221 = DEFINITIONAL_REPRESENTATION('',(#2222),#2226);
#2222 = CIRCLE('',#2223,3.2);
#2223 = AXIS2_PLACEMENT_2D('',#2224,#2225);
#2224 = CARTESIAN_POINT('',(0.,0.));
#2225 = DIRECTION('',(1.,0.));
#2226 = ( GEOMETRIC_REPRESENTATION_CONTEXT(2) 
PARAMETRIC_REPRESENTATION_CONTEXT() REPRESENTATION_CONTEXT('2D SPACE',''
  ) );
#2227 = ADVANCED_FACE('',(#2228),#1367,.T.);
#2228 = FACE_BOUND('',#2229,.F.);
#2229 = EDGE_LOOP('',(#2230,#2253,#2254,#2255));
#2230 = ORIENTED_EDGE('',*,*,#2231,.T.);
#2231 = EDGE_CURVE('',#2232,#1351,#2234,.T.);
#2232 = VERTEX_POINT('',#2233);
#2233 = CARTESIAN_POINT('',(69.25,-4.5,8.8));
#2234 = SEAM_CURVE('',#2235,(#2239,#2246),.PCURVE_S1.);
#2235 = LINE('',#2236,#2237);
#2236 = CARTESIAN_POINT('',(69.25,-4.5,8.8));
#2237 = VECTOR('',#2238,1.);
#2238 = DIRECTION('',(0.,0.,1.));
#2239 = PCURVE('',#1367,#2240);
#2240 = DEFINITIONAL_REPRESENTATION('',(#2241),#2245);
#2241 = LINE('',#2242,#2243);
#2242 = CARTESIAN_POINT('',(-0.,0.));
#2243 = VECTOR('',#2244,1.);
#2244 = DIRECTION('',(-0.,-1.));
#2245 = ( GEOMETRIC_REPRESENTATION_CONTEXT(2) 
PARAMETRIC_REPRESENTATION_CONTEXT() REPRESENTATION_CONTEXT('2D SPACE',''
  ) );
#2246 = PCURVE('',#1367,#2247);
#2247 = DEFINITIONAL_REPRESENTATION('',(#2248),#2252);
#2248 = LINE('',#2249,#2250);
#2249 = CARTESIAN_POINT('',(-6.28318530718,0.));
#2250 = VECTOR('',#2251,1.);
#2251 = DIRECTION('',(-0.,-1.));
#2252 = ( GEOMETRIC_REPRESENTATION_CONTEXT(2) 
PARAMETRIC_REPRESENTATION_CONTEXT() REPRESENTATION_CONTEXT('2D SPACE',''
  ) );
#2253 = ORIENTED_EDGE('',*,*,#1350,.T.);
#2254 = ORIENTED_EDGE('',*,*,#2231,.F.);
#2255 = ORIENTED_EDGE('',*,*,#2256,.F.);
#2256 = EDGE_CURVE('',#2232,#2232,#2257,.T.);
#2257 = SURFACE_CURVE('',#2258,(#2263,#2270),.PCURVE_S1.);
#2258 = CIRCLE('',#2259,3.25);
#2259 = AXIS2_PLACEMENT_3D('',#2260,#2261,#2262);
#2260 = CARTESIAN_POINT('',(66.,-4.5,8.8));
#2261 = DIRECTION('',(0.,0.,1.));
#2262 = DIRECTION('',(1.,0.,0.));
#2263 = PCURVE('',#1367,#2264);
#2264 = DEFINITIONAL_REPRESENTATION('',(#2265),#2269);
#2265 = LINE('',#2266,#2267);
#2266 = CARTESIAN_POINT('',(-0.,0.));
#2267 = VECTOR('',#2268,1.);
#2268 = DIRECTION('',(-1.,0.));
#2269 = ( GEOMETRIC_REPRESENTATION_CONTEXT(2) 
PARAMETRIC_REPRESENTATION_CONTEXT() REPRESENTATION_CONTEXT('2D SPACE',''
  ) );
#2270 = PCURVE('',#2271,#2276);
#2271 = PLANE('',#2272);
#2272 = AXIS2_PLACEMENT_3D('',#2273,#2274,#2275);
#2273 = CARTESIAN_POINT('',(66.,-4.5,8.8));
#2274 = DIRECTION('',(0.,0.,1.));
#2275 = DIRECTION('',(1.,0.,-0.));
#2276 = DEFINITIONAL_REPRESENTATION('',(#2277),#2281);
#2277 = CIRCLE('',#2278,3.25);
#2278 = AXIS2_PLACEMENT_2D('',#2279,#2280);
#2279 = CARTESIAN_POINT('',(0.,0.));
#2280 = DIRECTION('',(1.,0.));
#2281 = ( GEOMETRIC_REPRESENTATION_CONTEXT(2) 
PARAMETRIC_REPRESENTATION_CONTEXT() REPRESENTATION_CONTEXT('2D SPACE',''
  ) );
#2282 = ADVANCED_FACE('',(#2283,#2295,#2330,#2846,#3899,#4213,#4825,
    #4860,#5342,#5682,#5717,#6057,#6267,#6373,#6408,#6670,#6880),#1455,
  .T.);
#2283 = FACE_BOUND('',#2284,.T.);
#2284 = EDGE_LOOP('',(#2285,#2286,#2287,#2288,#2289,#2290,#2291,#2292,
    #2293,#2294));
#2285 = ORIENTED_EDGE('',*,*,#1436,.F.);
#2286 = ORIENTED_EDGE('',*,*,#1619,.T.);
#2287 = ORIENTED_EDGE('',*,*,#1667,.T.);
#2288 = ORIENTED_EDGE('',*,*,#1714,.T.);
#2289 = ORIENTED_EDGE('',*,*,#1762,.T.);
#2290 = ORIENTED_EDGE('',*,*,#1811,.T.);
#2291 = ORIENTED_EDGE('',*,*,#1906,.T.);
#2292 = ORIENTED_EDGE('',*,*,#1857,.F.);
#2293 = ORIENTED_EDGE('',*,*,#1537,.T.);
#2294 = ORIENTED_EDGE('',*,*,#1585,.F.);
#2295 = FACE_BOUND('',#2296,.T.);
#2296 = EDGE_LOOP('',(#2297));
#2297 = ORIENTED_EDGE('',*,*,#2298,.T.);
#2298 = EDGE_CURVE('',#2299,#2299,#2301,.T.);
#2299 = VERTEX_POINT('',#2300);
#2300 = CARTESIAN_POINT('',(61.1,-58.5,33.5));
#2301 = SURFACE_CURVE('',#2302,(#2307,#2318),.PCURVE_S1.);
#2302 = CIRCLE('',#2303,3.1);
#2303 = AXIS2_PLACEMENT_3D('',#2304,#2305,#2306);
#2304 = CARTESIAN_POINT('',(58.,-58.5,33.5));
#2305 = DIRECTION('',(0.,0.,-1.));
#2306 = DIRECTION('',(1.,0.,0.));
#2307 = PCURVE('',#1455,#2308);
#2308 = DEFINITIONAL_REPRESENTATION('',(#2309),#2317);
#2309 = ( BOUNDED_CURVE() B_SPLINE_CURVE(2,(#2310,#2311,#2312,#2313,
#2314,#2315,#2316),.UNSPECIFIED.,.T.,.F.) B_SPLINE_CURVE_WITH_KNOTS((1,2
    ,2,2,2,1),(-2.094395102393,0.,2.094395102393,4.188790204786,
6.28318530718,8.377580409573),.UNSPECIFIED.) CURVE() 
GEOMETRIC_REPRESENTATION_ITEM() RATIONAL_B_SPLINE_CURVE((1.,0.5,1.,0.5,
1.,0.5,1.)) REPRESENTATION_ITEM('') );
#2310 = CARTESIAN_POINT('',(3.1,0.));
#2311 = CARTESIAN_POINT('',(3.1,-5.369357503464));
#2312 = CARTESIAN_POINT('',(-1.55,-2.684678751732));
#2313 = CARTESIAN_POINT('',(-6.2,-7.592810154714E-16));
#2314 = CARTESIAN_POINT('',(-1.55,2.684678751732));
#2315 = CARTESIAN_POINT('',(3.1,5.369357503464));
#2316 = CARTESIAN_POINT('',(3.1,0.));
#2317 = ( GEOMETRIC_REPRESENTATION_CONTEXT(2) 
PARAMETRIC_REPRESENTATION_CONTEXT() REPRESENTATION_CONTEXT('2D SPACE',''
  ) );
#2318 = PCURVE('',#2319,#2324);
#2319 = CYLINDRICAL_SURFACE('',#2320,3.1);
#2320 = AXIS2_PLACEMENT_3D('',#2321,#2322,#2323);
#2321 = CARTESIAN_POINT('',(58.,-58.5,32.3));
#2322 = DIRECTION('',(-0.,-0.,-1.));
#2323 = DIRECTION('',(1.,0.,0.));
#2324 = DEFINITIONAL_REPRESENTATION('',(#2325),#2329);
#2325 = LINE('',#2326,#2327);
#2326 = CARTESIAN_POINT('',(-6.28318530718,-1.2));
#2327 = VECTOR('',#2328,1.);
#2328 = DIRECTION('',(1.,-0.));
#2329 = ( GEOMETRIC_REPRESENTATION_CONTEXT(2) 
PARAMETRIC_REPRESENTATION_CONTEXT() REPRESENTATION_CONTEXT('2D SPACE',''
  ) );
#2330 = FACE_BOUND('',#2331,.T.);
#2331 = EDGE_LOOP('',(#2332,#2360,#2386,#2412,#2438,#2480,#2519,#2582,
    #2639,#2696,#2759,#2822));
#2332 = ORIENTED_EDGE('',*,*,#2333,.F.);
#2333 = EDGE_CURVE('',#2334,#2336,#2338,.T.);
#2334 = VERTEX_POINT('',#2335);
#2335 = CARTESIAN_POINT('',(69.719013671875,-41.12599639892,33.5));
#2336 = VERTEX_POINT('',#2337);
#2337 = CARTESIAN_POINT('',(69.221005859375,-41.12599639892,33.5));
#2338 = SURFACE_CURVE('',#2339,(#2343,#2349),.PCURVE_S1.);
#2339 = LINE('',#2340,#2341);
#2340 = CARTESIAN_POINT('',(63.610502929687,-41.12599639892,33.5));
#2341 = VECTOR('',#2342,1.);
#2342 = DIRECTION('',(-1.,0.,0.));
#2343 = PCURVE('',#1455,#2344);
#2344 = DEFINITIONAL_REPRESENTATION('',(#2345),#2348);
#2345 = B_SPLINE_CURVE_WITH_KNOTS('',1,(#2346,#2347),.UNSPECIFIED.,.F.,
  .F.,(2,2),(-6.108510742188,-5.610502929687),.PIECEWISE_BEZIER_KNOTS.);
#2346 = CARTESIAN_POINT('',(11.719013671875,17.374003601074));
#2347 = CARTESIAN_POINT('',(11.221005859375,17.374003601074));
#2348 = ( GEOMETRIC_REPRESENTATION_CONTEXT(2) 
PARAMETRIC_REPRESENTATION_CONTEXT() REPRESENTATION_CONTEXT('2D SPACE',''
  ) );
#2349 = PCURVE('',#2350,#2355);
#2350 = PLANE('',#2351);
#2351 = AXIS2_PLACEMENT_3D('',#2352,#2353,#2354);
#2352 = CARTESIAN_POINT('',(69.221005859375,-41.12599639892,32.9));
#2353 = DIRECTION('',(0.,1.,0.));
#2354 = DIRECTION('',(1.,0.,0.));
#2355 = DEFINITIONAL_REPRESENTATION('',(#2356),#2359);
#2356 = B_SPLINE_CURVE_WITH_KNOTS('',1,(#2357,#2358),.UNSPECIFIED.,.F.,
  .F.,(2,2),(-6.108510742188,-5.610502929687),.PIECEWISE_BEZIER_KNOTS.);
#2357 = CARTESIAN_POINT('',(0.4980078125,-0.6));
#2358 = CARTESIAN_POINT('',(0.,-0.6));
#2359 = ( GEOMETRIC_REPRESENTATION_CONTEXT(2) 
PARAMETRIC_REPRESENTATION_CONTEXT() REPRESENTATION_CONTEXT('2D SPACE',''
  ) );
#2360 = ORIENTED_EDGE('',*,*,#2361,.F.);
#2361 = EDGE_CURVE('',#2362,#2334,#2364,.T.);
#2362 = VERTEX_POINT('',#2363);
#2363 = CARTESIAN_POINT('',(69.719013671875,-45.50000030517,33.5));
#2364 = SURFACE_CURVE('',#2365,(#2369,#2375),.PCURVE_S1.);
#2365 = LINE('',#2366,#2367);
#2366 = CARTESIAN_POINT('',(69.719013671875,-49.81299819946,33.5));
#2367 = VECTOR('',#2368,1.);
#2368 = DIRECTION('',(0.,1.,0.));
#2369 = PCURVE('',#1455,#2370);
#2370 = DEFINITIONAL_REPRESENTATION('',(#2371),#2374);
#2371 = B_SPLINE_CURVE_WITH_KNOTS('',1,(#2372,#2373),.UNSPECIFIED.,.F.,
  .F.,(2,2),(4.312997894287,8.687001800537),.PIECEWISE_BEZIER_KNOTS.);
#2372 = CARTESIAN_POINT('',(11.719013671875,12.999999694824));
#2373 = CARTESIAN_POINT('',(11.719013671875,17.374003601074));
#2374 = ( GEOMETRIC_REPRESENTATION_CONTEXT(2) 
PARAMETRIC_REPRESENTATION_CONTEXT() REPRESENTATION_CONTEXT('2D SPACE',''
  ) );
#2375 = PCURVE('',#2376,#2381);
#2376 = PLANE('',#2377);
#2377 = AXIS2_PLACEMENT_3D('',#2378,#2379,#2380);
#2378 = CARTESIAN_POINT('',(69.719013671875,-41.12599639892,32.9));
#2379 = DIRECTION('',(1.,0.,0.));
#2380 = DIRECTION('',(0.,-1.,0.));
#2381 = DEFINITIONAL_REPRESENTATION('',(#2382),#2385);
#2382 = B_SPLINE_CURVE_WITH_KNOTS('',1,(#2383,#2384),.UNSPECIFIED.,.F.,
  .F.,(2,2),(4.312997894287,8.687001800537),.PIECEWISE_BEZIER_KNOTS.);
#2383 = CARTESIAN_POINT('',(4.37400390625,-0.6));
#2384 = CARTESIAN_POINT('',(0.,-0.6));
#2385 = ( GEOMETRIC_REPRESENTATION_CONTEXT(2) 
PARAMETRIC_REPRESENTATION_CONTEXT() REPRESENTATION_CONTEXT('2D SPACE',''
  ) );
#2386 = ORIENTED_EDGE('',*,*,#2387,.F.);
#2387 = EDGE_CURVE('',#2388,#2362,#2390,.T.);
#2388 = VERTEX_POINT('',#2389);
#2389 = CARTESIAN_POINT('',(69.275009765625,-45.50000030517,33.5));
#2390 = SURFACE_CURVE('',#2391,(#2395,#2401),.PCURVE_S1.);
#2391 = LINE('',#2392,#2393);
#2392 = CARTESIAN_POINT('',(63.859506835938,-45.50000030517,33.5));
#2393 = VECTOR('',#2394,1.);
#2394 = DIRECTION('',(1.,0.,-0.));
#2395 = PCURVE('',#1455,#2396);
#2396 = DEFINITIONAL_REPRESENTATION('',(#2397),#2400);
#2397 = B_SPLINE_CURVE_WITH_KNOTS('',1,(#2398,#2399),.UNSPECIFIED.,.F.,
  .F.,(2,2),(5.415502929687,5.859506835938),.PIECEWISE_BEZIER_KNOTS.);
#2398 = CARTESIAN_POINT('',(11.275009765625,12.999999694824));
#2399 = CARTESIAN_POINT('',(11.719013671875,12.999999694824));
#2400 = ( GEOMETRIC_REPRESENTATION_CONTEXT(2) 
PARAMETRIC_REPRESENTATION_CONTEXT() REPRESENTATION_CONTEXT('2D SPACE',''
  ) );
#2401 = PCURVE('',#2402,#2407);
#2402 = PLANE('',#2403);
#2403 = AXIS2_PLACEMENT_3D('',#2404,#2405,#2406);
#2404 = CARTESIAN_POINT('',(69.719013671875,-45.50000030517,32.9));
#2405 = DIRECTION('',(0.,-1.,0.));
#2406 = DIRECTION('',(-1.,0.,0.));
#2407 = DEFINITIONAL_REPRESENTATION('',(#2408),#2411);
#2408 = B_SPLINE_CURVE_WITH_KNOTS('',1,(#2409,#2410),.UNSPECIFIED.,.F.,
  .F.,(2,2),(5.415502929687,5.859506835938),.PIECEWISE_BEZIER_KNOTS.);
#2409 = CARTESIAN_POINT('',(0.44400390625,-0.6));
#2410 = CARTESIAN_POINT('',(0.,-0.6));
#2411 = ( GEOMETRIC_REPRESENTATION_CONTEXT(2) 
PARAMETRIC_REPRESENTATION_CONTEXT() REPRESENTATION_CONTEXT('2D SPACE',''
  ) );
#2412 = ORIENTED_EDGE('',*,*,#2413,.F.);
#2413 = EDGE_CURVE('',#2414,#2388,#2416,.T.);
#2414 = VERTEX_POINT('',#2415);
#2415 = CARTESIAN_POINT('',(69.275009765625,-45.08599639892,33.5));
#2416 = SURFACE_CURVE('',#2417,(#2421,#2427),.PCURVE_S1.);
#2417 = LINE('',#2418,#2419);
#2418 = CARTESIAN_POINT('',(69.275009765625,-52.00000015258,33.5));
#2419 = VECTOR('',#2420,1.);
#2420 = DIRECTION('',(0.,-1.,0.));
#2421 = PCURVE('',#1455,#2422);
#2422 = DEFINITIONAL_REPRESENTATION('',(#2423),#2426);
#2423 = B_SPLINE_CURVE_WITH_KNOTS('',1,(#2424,#2425),.UNSPECIFIED.,.F.,
  .F.,(2,2),(-6.914003753662,-6.499999847412),.PIECEWISE_BEZIER_KNOTS.);
#2424 = CARTESIAN_POINT('',(11.275009765625,13.414003601074));
#2425 = CARTESIAN_POINT('',(11.275009765625,12.999999694824));
#2426 = ( GEOMETRIC_REPRESENTATION_CONTEXT(2) 
PARAMETRIC_REPRESENTATION_CONTEXT() REPRESENTATION_CONTEXT('2D SPACE',''
  ) );
#2427 = PCURVE('',#2428,#2433);
#2428 = PLANE('',#2429);
#2429 = AXIS2_PLACEMENT_3D('',#2430,#2431,#2432);
#2430 = CARTESIAN_POINT('',(69.275009765625,-45.50000030517,32.9));
#2431 = DIRECTION('',(-1.,0.,0.));
#2432 = DIRECTION('',(0.,1.,0.));
#2433 = DEFINITIONAL_REPRESENTATION('',(#2434),#2437);
#2434 = B_SPLINE_CURVE_WITH_KNOTS('',1,(#2435,#2436),.UNSPECIFIED.,.F.,
  .F.,(2,2),(-6.914003753662,-6.499999847412),.PIECEWISE_BEZIER_KNOTS.);
#2435 = CARTESIAN_POINT('',(0.41400390625,-0.6));
#2436 = CARTESIAN_POINT('',(0.,-0.6));
#2437 = ( GEOMETRIC_REPRESENTATION_CONTEXT(2) 
PARAMETRIC_REPRESENTATION_CONTEXT() REPRESENTATION_CONTEXT('2D SPACE',''
  ) );
#2438 = ORIENTED_EDGE('',*,*,#2439,.F.);
#2439 = EDGE_CURVE('',#2440,#2414,#2442,.T.);
#2440 = VERTEX_POINT('',#2441);
#2441 = CARTESIAN_POINT('',(68.83400390625,-45.50900421142,33.5));
#2442 = SURFACE_CURVE('',#2443,(#2451,#2462),.PCURVE_S1.);
#2443 = B_SPLINE_CURVE_WITH_KNOTS('',6,(#2444,#2445,#2446,#2447,#2448,
    #2449,#2450),.UNSPECIFIED.,.F.,.F.,(7,7),(0.,1.),
  .PIECEWISE_BEZIER_KNOTS.);
#2444 = CARTESIAN_POINT('',(68.83400390625,-45.50900421142,33.5));
#2445 = CARTESIAN_POINT('',(68.915737379835,-45.46451539087,33.5));
#2446 = CARTESIAN_POINT('',(68.994413944901,-45.40863458217,33.5));
#2447 = CARTESIAN_POINT('',(69.069740286343,-45.34194216776,33.5));
#2448 = CARTESIAN_POINT('',(69.141603710497,-45.26530702575,33.5));
#2449 = CARTESIAN_POINT('',(69.21000272457,-45.17968246776,33.5));
#2450 = CARTESIAN_POINT('',(69.275009765625,-45.08599639892,33.5));
#2451 = PCURVE('',#1455,#2452);
#2452 = DEFINITIONAL_REPRESENTATION('',(#2453),#2461);
#2453 = B_SPLINE_CURVE_WITH_KNOTS('',6,(#2454,#2455,#2456,#2457,#2458,
    #2459,#2460),.UNSPECIFIED.,.F.,.F.,(7,7),(0.,1.),
  .PIECEWISE_BEZIER_KNOTS.);
#2454 = CARTESIAN_POINT('',(10.83400390625,12.990995788574));
#2455 = CARTESIAN_POINT('',(10.915737379835,13.035484609129));
#2456 = CARTESIAN_POINT('',(10.994413944901,13.091365417825));
#2457 = CARTESIAN_POINT('',(11.069740286343,13.15805783224));
#2458 = CARTESIAN_POINT('',(11.141603710497,13.234692974245));
#2459 = CARTESIAN_POINT('',(11.21000272457,13.320317532237));
#2460 = CARTESIAN_POINT('',(11.275009765625,13.414003601074));
#2461 = ( GEOMETRIC_REPRESENTATION_CONTEXT(2) 
PARAMETRIC_REPRESENTATION_CONTEXT() REPRESENTATION_CONTEXT('2D SPACE',''
  ) );
#2462 = PCURVE('',#2463,#2470);
#2463 = SURFACE_OF_LINEAR_EXTRUSION('',#2464,#2468);
#2464 = B_SPLINE_CURVE_WITH_KNOTS('',2,(#2465,#2466,#2467),
  .UNSPECIFIED.,.F.,.F.,(3,3),(0.,1.),.PIECEWISE_BEZIER_KNOTS.);
#2465 = CARTESIAN_POINT('',(69.275009765625,-45.08599639892,32.9));
#2466 = CARTESIAN_POINT('',(69.071005859375,-45.38000030517,32.9));
#2467 = CARTESIAN_POINT('',(68.83400390625,-45.50900421142,32.9));
#2468 = VECTOR('',#2469,1.);
#2469 = DIRECTION('',(-0.,-0.,-1.));
#2470 = DEFINITIONAL_REPRESENTATION('',(#2471),#2479);
#2471 = B_SPLINE_CURVE_WITH_KNOTS('',6,(#2472,#2473,#2474,#2475,#2476,
    #2477,#2478),.UNSPECIFIED.,.F.,.F.,(7,7),(0.,1.),
  .PIECEWISE_BEZIER_KNOTS.);
#2472 = CARTESIAN_POINT('',(1.,-0.6));
#2473 = CARTESIAN_POINT('',(0.827567932443,-0.6));
#2474 = CARTESIAN_POINT('',(0.656617299744,-0.6));
#2475 = CARTESIAN_POINT('',(0.487926988585,-0.6));
#2476 = CARTESIAN_POINT('',(0.322042009787,-0.6));
#2477 = CARTESIAN_POINT('',(0.159327932123,-0.6));
#2478 = CARTESIAN_POINT('',(0.,-0.6));
#2479 = ( GEOMETRIC_REPRESENTATION_CONTEXT(2) 
PARAMETRIC_REPRESENTATION_CONTEXT() REPRESENTATION_CONTEXT('2D SPACE',''
  ) );
#2480 = ORIENTED_EDGE('',*,*,#2481,.F.);
#2481 = EDGE_CURVE('',#2482,#2440,#2484,.T.);
#2482 = VERTEX_POINT('',#2483);
#2483 = CARTESIAN_POINT('',(68.273017578125,-45.63800811767,33.5));
#2484 = SURFACE_CURVE('',#2485,(#2492,#2502),.PCURVE_S1.);
#2485 = B_SPLINE_CURVE_WITH_KNOTS('',5,(#2486,#2487,#2488,#2489,#2490,
    #2491),.UNSPECIFIED.,.F.,.F.,(6,6),(0.,1.),
  .PIECEWISE_BEZIER_KNOTS.);
#2486 = CARTESIAN_POINT('',(68.273017578125,-45.63800811767,33.5));
#2487 = CARTESIAN_POINT('',(68.398867936639,-45.63800811767,33.5));
#2488 = CARTESIAN_POINT('',(68.518963685327,-45.62584176142,33.5));
#2489 = CARTESIAN_POINT('',(68.632190679444,-45.60056530046,33.5));
#2490 = CARTESIAN_POINT('',(68.737462523231,-45.56155321095,33.5));
#2491 = CARTESIAN_POINT('',(68.83400390625,-45.50900421142,33.5));
#2492 = PCURVE('',#1455,#2493);
#2493 = DEFINITIONAL_REPRESENTATION('',(#2494),#2501);
#2494 = B_SPLINE_CURVE_WITH_KNOTS('',5,(#2495,#2496,#2497,#2498,#2499,
    #2500),.UNSPECIFIED.,.F.,.F.,(6,6),(0.,1.),
  .PIECEWISE_BEZIER_KNOTS.);
#2495 = CARTESIAN_POINT('',(10.273017578125,12.861991882324));
#2496 = CARTESIAN_POINT('',(10.398867936639,12.861991882324));
#2497 = CARTESIAN_POINT('',(10.518963685327,12.874158238578));
#2498 = CARTESIAN_POINT('',(10.632190679444,12.899434699539));
#2499 = CARTESIAN_POINT('',(10.737462523231,12.938446789041));
#2500 = CARTESIAN_POINT('',(10.83400390625,12.990995788574));
#2501 = ( GEOMETRIC_REPRESENTATION_CONTEXT(2) 
PARAMETRIC_REPRESENTATION_CONTEXT() REPRESENTATION_CONTEXT('2D SPACE',''
  ) );
#2502 = PCURVE('',#2503,#2510);
#2503 = SURFACE_OF_LINEAR_EXTRUSION('',#2504,#2508);
#2504 = B_SPLINE_CURVE_WITH_KNOTS('',2,(#2505,#2506,#2507),
  .UNSPECIFIED.,.F.,.F.,(3,3),(0.,1.),.PIECEWISE_BEZIER_KNOTS.);
#2505 = CARTESIAN_POINT('',(68.83400390625,-45.50900421142,32.9));
#2506 = CARTESIAN_POINT('',(68.597001953125,-45.63800811767,32.9));
#2507 = CARTESIAN_POINT('',(68.273017578125,-45.63800811767,32.9));
#2508 = VECTOR('',#2509,1.);
#2509 = DIRECTION('',(-0.,-0.,-1.));
#2510 = DEFINITIONAL_REPRESENTATION('',(#2511),#2518);
#2511 = B_SPLINE_CURVE_WITH_KNOTS('',5,(#2512,#2513,#2514,#2515,#2516,
    #2517),.UNSPECIFIED.,.F.,.F.,(6,6),(0.,1.),
  .PIECEWISE_BEZIER_KNOTS.);
#2512 = CARTESIAN_POINT('',(1.,-0.6));
#2513 = CARTESIAN_POINT('',(0.805777117316,-0.6));
#2514 = CARTESIAN_POINT('',(0.60777519292,-0.6));
#2515 = CARTESIAN_POINT('',(0.406731625178,-0.6));
#2516 = CARTESIAN_POINT('',(0.203672125368,-0.6));
#2517 = CARTESIAN_POINT('',(0.,-0.6));
#2518 = ( GEOMETRIC_REPRESENTATION_CONTEXT(2) 
PARAMETRIC_REPRESENTATION_CONTEXT() REPRESENTATION_CONTEXT('2D SPACE',''
  ) );
#2519 = ORIENTED_EDGE('',*,*,#2520,.F.);
#2520 = EDGE_CURVE('',#2521,#2482,#2523,.T.);
#2521 = VERTEX_POINT('',#2522);
#2522 = CARTESIAN_POINT('',(67.271005859375,-45.17900421142,33.5));
#2523 = SURFACE_CURVE('',#2524,(#2539,#2557),.PCURVE_S1.);
#2524 = B_SPLINE_CURVE_WITH_KNOTS('',5,(#2525,#2526,#2527,#2528,#2529,
    #2530,#2531,#2532,#2533,#2534,#2535,#2536,#2537,#2538),
  .UNSPECIFIED.,.F.,.F.,(6,4,4,6),(0.,0.389934224552,0.789994423557,1.),
  .UNSPECIFIED.);
#2525 = CARTESIAN_POINT('',(67.271005859375,-45.17900421142,33.5));
#2526 = CARTESIAN_POINT('',(67.327235795155,-45.24952343447,33.5));
#2527 = CARTESIAN_POINT('',(67.388478012855,-45.31456138638,33.5));
#2528 = CARTESIAN_POINT('',(67.454760477848,-45.37329315936,33.5));
#2529 = CARTESIAN_POINT('',(67.525898309202,-45.42502995072,33.5));
#2530 = CARTESIAN_POINT('',(67.67871553473,-45.51501416542,33.5));
#2531 = CARTESIAN_POINT('',(67.760649232143,-45.55289318064,33.5));
#2532 = CARTESIAN_POINT('',(67.846524205379,-45.58271823281,33.5));
#2533 = CARTESIAN_POINT('',(67.935590174061,-45.60468955708,33.5));
#2534 = CARTESIAN_POINT('',(68.07511404836,-45.62693738982,33.5));
#2535 = CARTESIAN_POINT('',(68.123818774304,-45.63256275994,33.5));
#2536 = CARTESIAN_POINT('',(68.173097485525,-45.63622373194,33.5));
#2537 = CARTESIAN_POINT('',(68.222857127804,-45.63800811767,33.5));
#2538 = CARTESIAN_POINT('',(68.273017578125,-45.63800811767,33.5));
#2539 = PCURVE('',#1455,#2540);
#2540 = DEFINITIONAL_REPRESENTATION('',(#2541),#2556);
#2541 = B_SPLINE_CURVE_WITH_KNOTS('',5,(#2542,#2543,#2544,#2545,#2546,
    #2547,#2548,#2549,#2550,#2551,#2552,#2553,#2554,#2555),
  .UNSPECIFIED.,.F.,.F.,(6,4,4,6),(0.,0.389934224552,0.789994423557,1.),
  .UNSPECIFIED.);
#2542 = CARTESIAN_POINT('',(9.271005859375,13.320995788574));
#2543 = CARTESIAN_POINT('',(9.327235795155,13.250476565522));
#2544 = CARTESIAN_POINT('',(9.388478012855,13.185438613617));
#2545 = CARTESIAN_POINT('',(9.454760477848,13.126706840637));
#2546 = CARTESIAN_POINT('',(9.525898309202,13.074970049272));
#2547 = CARTESIAN_POINT('',(9.67871553473,12.984985834571));
#2548 = CARTESIAN_POINT('',(9.760649232143,12.947106819351));
#2549 = CARTESIAN_POINT('',(9.846524205379,12.917281767189));
#2550 = CARTESIAN_POINT('',(9.935590174061,12.895310442911));
#2551 = CARTESIAN_POINT('',(10.07511404836,12.873062610175));
#2552 = CARTESIAN_POINT('',(10.123818774304,12.867437240058));
#2553 = CARTESIAN_POINT('',(10.173097485525,12.863776268052));
#2554 = CARTESIAN_POINT('',(10.222857127804,12.861991882324));
#2555 = CARTESIAN_POINT('',(10.273017578125,12.861991882324));
#2556 = ( GEOMETRIC_REPRESENTATION_CONTEXT(2) 
PARAMETRIC_REPRESENTATION_CONTEXT() REPRESENTATION_CONTEXT('2D SPACE',''
  ) );
#2557 = PCURVE('',#2558,#2565);
#2558 = SURFACE_OF_LINEAR_EXTRUSION('',#2559,#2563);
#2559 = B_SPLINE_CURVE_WITH_KNOTS('',2,(#2560,#2561,#2562),
  .UNSPECIFIED.,.F.,.F.,(3,3),(0.,1.),.PIECEWISE_BEZIER_KNOTS.);
#2560 = CARTESIAN_POINT('',(68.273017578125,-45.63800811767,32.9));
#2561 = CARTESIAN_POINT('',(67.637001953125,-45.63800811767,32.9));
#2562 = CARTESIAN_POINT('',(67.271005859375,-45.17900421142,32.9));
#2563 = VECTOR('',#2564,1.);
#2564 = DIRECTION('',(-0.,-0.,-1.));
#2565 = DEFINITIONAL_REPRESENTATION('',(#2566),#2581);
#2566 = B_SPLINE_CURVE_WITH_KNOTS('',5,(#2567,#2568,#2569,#2570,#2571,
    #2572,#2573,#2574,#2575,#2576,#2577,#2578,#2579,#2580),
  .UNSPECIFIED.,.F.,.F.,(6,4,4,6),(0.,0.389934224552,0.789994423557,1.),
  .UNSPECIFIED.);
#2567 = CARTESIAN_POINT('',(1.,-0.6));
#2568 = CARTESIAN_POINT('',(0.92318232798,-0.6));
#2569 = CARTESIAN_POINT('',(0.844959188148,-0.6));
#2570 = CARTESIAN_POINT('',(0.765690088549,-0.6));
#2571 = CARTESIAN_POINT('',(0.685838920966,-0.6));
#2572 = CARTESIAN_POINT('',(0.52408778866,-0.6));
#2573 = CARTESIAN_POINT('',(0.44215828162,-0.6));
#2574 = CARTESIAN_POINT('',(0.360855057852,-0.6));
#2575 = CARTESIAN_POINT('',(0.280675343712,-0.6));
#2576 = CARTESIAN_POINT('',(0.160700563192,-0.6));
#2577 = CARTESIAN_POINT('',(0.119810075324,-0.6));
#2578 = CARTESIAN_POINT('',(7.937682211763E-02,-0.6));
#2579 = CARTESIAN_POINT('',(3.943334750685E-02,-0.6));
#2580 = CARTESIAN_POINT('',(0.,-0.6));
#2581 = ( GEOMETRIC_REPRESENTATION_CONTEXT(2) 
PARAMETRIC_REPRESENTATION_CONTEXT() REPRESENTATION_CONTEXT('2D SPACE',''
  ) );
#2582 = ORIENTED_EDGE('',*,*,#2583,.F.);
#2583 = EDGE_CURVE('',#2584,#2521,#2586,.T.);
#2584 = VERTEX_POINT('',#2585);
#2585 = CARTESIAN_POINT('',(66.905009765625,-43.92199249267,33.5));
#2586 = SURFACE_CURVE('',#2587,(#2600,#2616),.PCURVE_S1.);
#2587 = B_SPLINE_CURVE_WITH_KNOTS('',6,(#2588,#2589,#2590,#2591,#2592,
    #2593,#2594,#2595,#2596,#2597,#2598,#2599),.UNSPECIFIED.,.F.,.F.,(7,
    5,7),(0.,0.526082401718,1.),.UNSPECIFIED.);
#2588 = CARTESIAN_POINT('',(66.905009765625,-43.92199249267,33.5));
#2589 = CARTESIAN_POINT('',(66.905009765625,-44.0460163164,33.5));
#2590 = CARTESIAN_POINT('',(66.910313890535,-44.16864574998,33.5));
#2591 = CARTESIAN_POINT('',(66.921487272251,-44.28950795795,33.5));
#2592 = CARTESIAN_POINT('',(66.939160991804,-44.40805367799,33.5));
#2593 = CARTESIAN_POINT('',(66.963992336219,-44.52357173703,33.5));
#2594 = CARTESIAN_POINT('',(67.025801004856,-44.73585329447,33.5));
#2595 = CARTESIAN_POINT('',(67.061332983903,-44.83335184203,33.5));
#2596 = CARTESIAN_POINT('',(67.103473509941,-44.92708578458,33.5));
#2597 = CARTESIAN_POINT('',(67.152483193147,-45.01636211115,33.5));
#2598 = CARTESIAN_POINT('',(67.208421671182,-45.10051597797,33.5));
#2599 = CARTESIAN_POINT('',(67.271005859375,-45.17900421142,33.5));
#2600 = PCURVE('',#1455,#2601);
#2601 = DEFINITIONAL_REPRESENTATION('',(#2602),#2615);
#2602 = B_SPLINE_CURVE_WITH_KNOTS('',6,(#2603,#2604,#2605,#2606,#2607,
    #2608,#2609,#2610,#2611,#2612,#2613,#2614),.UNSPECIFIED.,.F.,.F.,(7,
    5,7),(0.,0.526082401718,1.),.UNSPECIFIED.);
#2603 = CARTESIAN_POINT('',(8.905009765625,14.578007507324));
#2604 = CARTESIAN_POINT('',(8.905009765625,14.453983683591));
#2605 = CARTESIAN_POINT('',(8.910313890535,14.331354250014));
#2606 = CARTESIAN_POINT('',(8.921487272251,14.210492042041));
#2607 = CARTESIAN_POINT('',(8.939160991804,14.091946322008));
#2608 = CARTESIAN_POINT('',(8.963992336219,13.976428262962));
#2609 = CARTESIAN_POINT('',(9.025801004856,13.764146705528));
#2610 = CARTESIAN_POINT('',(9.061332983903,13.666648157961));
#2611 = CARTESIAN_POINT('',(9.103473509941,13.572914215416));
#2612 = CARTESIAN_POINT('',(9.152483193147,13.483637888843));
#2613 = CARTESIAN_POINT('',(9.208421671182,13.39948402203));
#2614 = CARTESIAN_POINT('',(9.271005859375,13.320995788574));
#2615 = ( GEOMETRIC_REPRESENTATION_CONTEXT(2) 
PARAMETRIC_REPRESENTATION_CONTEXT() REPRESENTATION_CONTEXT('2D SPACE',''
  ) );
#2616 = PCURVE('',#2617,#2624);
#2617 = SURFACE_OF_LINEAR_EXTRUSION('',#2618,#2622);
#2618 = B_SPLINE_CURVE_WITH_KNOTS('',2,(#2619,#2620,#2621),
  .UNSPECIFIED.,.F.,.F.,(3,3),(0.,1.),.PIECEWISE_BEZIER_KNOTS.);
#2619 = CARTESIAN_POINT('',(67.271005859375,-45.17900421142,32.9));
#2620 = CARTESIAN_POINT('',(66.905009765625,-44.72000030517,32.9));
#2621 = CARTESIAN_POINT('',(66.905009765625,-43.92199249267,32.9));
#2622 = VECTOR('',#2623,1.);
#2623 = DIRECTION('',(-0.,-0.,-1.));
#2624 = DEFINITIONAL_REPRESENTATION('',(#2625),#2638);
#2625 = B_SPLINE_CURVE_WITH_KNOTS('',6,(#2626,#2627,#2628,#2629,#2630,
    #2631,#2632,#2633,#2634,#2635,#2636,#2637),.UNSPECIFIED.,.F.,.F.,(7,
    5,7),(0.,0.526082401718,1.),.UNSPECIFIED.);
#2626 = CARTESIAN_POINT('',(1.,-0.6));
#2627 = CARTESIAN_POINT('',(0.922291598033,-0.6));
#2628 = CARTESIAN_POINT('',(0.842378608692,-0.6));
#2629 = CARTESIAN_POINT('',(0.760166660715,-0.6));
#2630 = CARTESIAN_POINT('',(0.675633651242,-0.6));
#2631 = CARTESIAN_POINT('',(0.588843715544,-0.6));
#2632 = CARTESIAN_POINT('',(0.419965769325,-0.6));
#2633 = CARTESIAN_POINT('',(0.338256014429,-0.6));
#2634 = CARTESIAN_POINT('',(0.255069731338,-0.6));
#2635 = CARTESIAN_POINT('',(0.170689887681,-0.6));
#2636 = CARTESIAN_POINT('',(8.549843736261E-02,-0.6));
#2637 = CARTESIAN_POINT('',(0.,-0.6));
#2638 = ( GEOMETRIC_REPRESENTATION_CONTEXT(2) 
PARAMETRIC_REPRESENTATION_CONTEXT() REPRESENTATION_CONTEXT('2D SPACE',''
  ) );
#2639 = ORIENTED_EDGE('',*,*,#2640,.F.);
#2640 = EDGE_CURVE('',#2641,#2584,#2643,.T.);
#2641 = VERTEX_POINT('',#2642);
#2642 = CARTESIAN_POINT('',(67.274013671875,-42.7189944458,33.5));
#2643 = SURFACE_CURVE('',#2644,(#2657,#2673),.PCURVE_S1.);
#2644 = B_SPLINE_CURVE_WITH_KNOTS('',6,(#2645,#2646,#2647,#2648,#2649,
    #2650,#2651,#2652,#2653,#2654,#2655,#2656),.UNSPECIFIED.,.F.,.F.,(7,
    5,7),(0.,0.483202751261,1.),.UNSPECIFIED.);
#2645 = CARTESIAN_POINT('',(67.274013671875,-42.7189944458,33.5));
#2646 = CARTESIAN_POINT('',(67.211083595929,-42.79624891658,33.5));
#2647 = CARTESIAN_POINT('',(67.154563063972,-42.87872291839,33.5));
#2648 = CARTESIAN_POINT('',(67.10480777636,-42.96600211559,33.5));
#2649 = CARTESIAN_POINT('',(67.061881829264,-43.05755421808,33.5));
#2650 = CARTESIAN_POINT('',(67.025636766379,-43.15277923445,33.5));
#2651 = CARTESIAN_POINT('',(66.963869453018,-43.35617313166,33.5));
#2652 = CARTESIAN_POINT('',(66.939261590104,-43.46480188418,33.5));
#2653 = CARTESIAN_POINT('',(66.921604708333,-43.57626121166,33.5));
#2654 = CARTESIAN_POINT('',(66.910369815113,-43.68992814086,33.5));
#2655 = CARTESIAN_POINT('',(66.905009765625,-43.80529600911,33.5));
#2656 = CARTESIAN_POINT('',(66.905009765625,-43.92199249267,33.5));
#2657 = PCURVE('',#1455,#2658);
#2658 = DEFINITIONAL_REPRESENTATION('',(#2659),#2672);
#2659 = B_SPLINE_CURVE_WITH_KNOTS('',6,(#2660,#2661,#2662,#2663,#2664,
    #2665,#2666,#2667,#2668,#2669,#2670,#2671),.UNSPECIFIED.,.F.,.F.,(7,
    5,7),(0.,0.483202751261,1.),.UNSPECIFIED.);
#2660 = CARTESIAN_POINT('',(9.274013671875,15.781005554199));
#2661 = CARTESIAN_POINT('',(9.211083595929,15.703751083418));
#2662 = CARTESIAN_POINT('',(9.154563063972,15.62127708161));
#2663 = CARTESIAN_POINT('',(9.10480777636,15.533997884406));
#2664 = CARTESIAN_POINT('',(9.061881829264,15.442445781914));
#2665 = CARTESIAN_POINT('',(9.025636766379,15.347220765543));
#2666 = CARTESIAN_POINT('',(8.963869453018,15.143826868339));
#2667 = CARTESIAN_POINT('',(8.939261590104,15.035198115813));
#2668 = CARTESIAN_POINT('',(8.921604708333,14.923738788339));
#2669 = CARTESIAN_POINT('',(8.910369815113,14.810071859135));
#2670 = CARTESIAN_POINT('',(8.905009765625,14.69470399089));
#2671 = CARTESIAN_POINT('',(8.905009765625,14.578007507324));
#2672 = ( GEOMETRIC_REPRESENTATION_CONTEXT(2) 
PARAMETRIC_REPRESENTATION_CONTEXT() REPRESENTATION_CONTEXT('2D SPACE',''
  ) );
#2673 = PCURVE('',#2674,#2681);
#2674 = SURFACE_OF_LINEAR_EXTRUSION('',#2675,#2679);
#2675 = B_SPLINE_CURVE_WITH_KNOTS('',2,(#2676,#2677,#2678),
  .UNSPECIFIED.,.F.,.F.,(3,3),(0.,1.),.PIECEWISE_BEZIER_KNOTS.);
#2676 = CARTESIAN_POINT('',(66.905009765625,-43.92199249267,32.9));
#2677 = CARTESIAN_POINT('',(66.905009765625,-43.17199249267,32.9));
#2678 = CARTESIAN_POINT('',(67.274013671875,-42.7189944458,32.9));
#2679 = VECTOR('',#2680,1.);
#2680 = DIRECTION('',(-0.,-0.,-1.));
#2681 = DEFINITIONAL_REPRESENTATION('',(#2682),#2695);
#2682 = B_SPLINE_CURVE_WITH_KNOTS('',6,(#2683,#2684,#2685,#2686,#2687,
    #2688,#2689,#2690,#2691,#2692,#2693,#2694),.UNSPECIFIED.,.F.,.F.,(7,
    5,7),(0.,0.483202751261,1.),.UNSPECIFIED.);
#2683 = CARTESIAN_POINT('',(1.,-0.6));
#2684 = CARTESIAN_POINT('',(0.914729797056,-0.6));
#2685 = CARTESIAN_POINT('',(0.829419160476,-0.6));
#2686 = CARTESIAN_POINT('',(0.744535176854,-0.6));
#2687 = CARTESIAN_POINT('',(0.660467099192,-0.6));
#2688 = CARTESIAN_POINT('',(0.577535262601,-0.6));
#2689 = CARTESIAN_POINT('',(0.408796027594,-0.6));
#2690 = CARTESIAN_POINT('',(0.323172693065,-0.6));
#2691 = CARTESIAN_POINT('',(0.239392088375,-0.6));
#2692 = CARTESIAN_POINT('',(0.157585680457,-0.6));
#2693 = CARTESIAN_POINT('',(7.779765571085E-02,-0.6));
#2694 = CARTESIAN_POINT('',(0.,-0.6));
#2695 = ( GEOMETRIC_REPRESENTATION_CONTEXT(2) 
PARAMETRIC_REPRESENTATION_CONTEXT() REPRESENTATION_CONTEXT('2D SPACE',''
  ) );
#2696 = ORIENTED_EDGE('',*,*,#2697,.F.);
#2697 = EDGE_CURVE('',#2698,#2641,#2700,.T.);
#2698 = VERTEX_POINT('',#2699);
#2699 = CARTESIAN_POINT('',(68.255009765625,-42.26599639892,33.5));
#2700 = SURFACE_CURVE('',#2701,(#2716,#2734),.PCURVE_S1.);
#2701 = B_SPLINE_CURVE_WITH_KNOTS('',5,(#2702,#2703,#2704,#2705,#2706,
    #2707,#2708,#2709,#2710,#2711,#2712,#2713,#2714,#2715),
  .UNSPECIFIED.,.F.,.F.,(6,4,4,6),(0.,0.189853649839,0.565379127921,1.),
  .UNSPECIFIED.);
#2702 = CARTESIAN_POINT('',(68.255009765625,-42.26599639892,33.5));
#2703 = CARTESIAN_POINT('',(68.210857773029,-42.26599639892,33.5));
#2704 = CARTESIAN_POINT('',(68.16702207249,-42.2674700275,33.5));
#2705 = CARTESIAN_POINT('',(68.12356035009,-42.27048052597,33.5));
#2706 = CARTESIAN_POINT('',(68.080537471936,-42.27508642305,33.5));
#2707 = CARTESIAN_POINT('',(67.953931253501,-42.2936888635,33.5));
#2708 = CARTESIAN_POINT('',(67.871812587378,-42.31246643768,33.5));
#2709 = CARTESIAN_POINT('',(67.792246910831,-42.33801579739,33.5));
#2710 = CARTESIAN_POINT('',(67.715795655286,-42.37047321866,33.5));
#2711 = CARTESIAN_POINT('',(67.558589730519,-42.4548468105,33.5));
#2712 = CARTESIAN_POINT('',(67.479020098452,-42.50903816886,33.5));
#2713 = CARTESIAN_POINT('',(67.404961653845,-42.57176561055,33.5));
#2714 = CARTESIAN_POINT('',(67.336641052328,-42.64211157126,33.5));
#2715 = CARTESIAN_POINT('',(67.274013671875,-42.7189944458,33.5));
#2716 = PCURVE('',#1455,#2717);
#2717 = DEFINITIONAL_REPRESENTATION('',(#2718),#2733);
#2718 = B_SPLINE_CURVE_WITH_KNOTS('',5,(#2719,#2720,#2721,#2722,#2723,
    #2724,#2725,#2726,#2727,#2728,#2729,#2730,#2731,#2732),
  .UNSPECIFIED.,.F.,.F.,(6,4,4,6),(0.,0.189853649839,0.565379127921,1.),
  .UNSPECIFIED.);
#2719 = CARTESIAN_POINT('',(10.255009765625,16.234003601074));
#2720 = CARTESIAN_POINT('',(10.210857773029,16.234003601074));
#2721 = CARTESIAN_POINT('',(10.16702207249,16.232529972495));
#2722 = CARTESIAN_POINT('',(10.12356035009,16.229519474024));
#2723 = CARTESIAN_POINT('',(10.080537471936,16.224913576944));
#2724 = CARTESIAN_POINT('',(9.953931253501,16.206311136491));
#2725 = CARTESIAN_POINT('',(9.871812587378,16.187533562317));
#2726 = CARTESIAN_POINT('',(9.792246910831,16.161984202603));
#2727 = CARTESIAN_POINT('',(9.715795655286,16.12952678134));
#2728 = CARTESIAN_POINT('',(9.558589730519,16.045153189495));
#2729 = CARTESIAN_POINT('',(9.479020098452,15.990961831139));
#2730 = CARTESIAN_POINT('',(9.404961653845,15.928234389446));
#2731 = CARTESIAN_POINT('',(9.336641052328,15.857888428732));
#2732 = CARTESIAN_POINT('',(9.274013671875,15.781005554199));
#2733 = ( GEOMETRIC_REPRESENTATION_CONTEXT(2) 
PARAMETRIC_REPRESENTATION_CONTEXT() REPRESENTATION_CONTEXT('2D SPACE',''
  ) );
#2734 = PCURVE('',#2735,#2742);
#2735 = SURFACE_OF_LINEAR_EXTRUSION('',#2736,#2740);
#2736 = B_SPLINE_CURVE_WITH_KNOTS('',2,(#2737,#2738,#2739),
  .UNSPECIFIED.,.F.,.F.,(3,3),(0.,1.),.PIECEWISE_BEZIER_KNOTS.);
#2737 = CARTESIAN_POINT('',(67.274013671875,-42.7189944458,32.9));
#2738 = CARTESIAN_POINT('',(67.643017578125,-42.26599639892,32.9));
#2739 = CARTESIAN_POINT('',(68.255009765625,-42.26599639892,32.9));
#2740 = VECTOR('',#2741,1.);
#2741 = DIRECTION('',(-0.,-0.,-1.));
#2742 = DEFINITIONAL_REPRESENTATION('',(#2743),#2758);
#2743 = B_SPLINE_CURVE_WITH_KNOTS('',5,(#2744,#2745,#2746,#2747,#2748,
    #2749,#2750,#2751,#2752,#2753,#2754,#2755,#2756,#2757),
  .UNSPECIFIED.,.F.,.F.,(6,4,4,6),(0.,0.189853649839,0.565379127921,1.),
  .UNSPECIFIED.);
#2744 = CARTESIAN_POINT('',(1.,-0.6));
#2745 = CARTESIAN_POINT('',(0.963927650142,-0.6));
#2746 = CARTESIAN_POINT('',(0.927467907485,-0.6));
#2747 = CARTESIAN_POINT('',(0.89064018684,-0.6));
#2748 = CARTESIAN_POINT('',(0.853471834378,-0.6));
#2749 = CARTESIAN_POINT('',(0.741881706613,-0.6));
#2750 = CARTESIAN_POINT('',(0.666561331504,-0.6));
#2751 = CARTESIAN_POINT('',(0.590359083932,-0.6));
#2752 = CARTESIAN_POINT('',(0.513673933808,-0.6));
#2753 = CARTESIAN_POINT('',(0.348260103715,-0.6));
#2754 = CARTESIAN_POINT('',(0.259502522876,-0.6));
#2755 = CARTESIAN_POINT('',(0.171506740919,-0.6));
#2756 = CARTESIAN_POINT('',(8.486005079146E-02,-0.6));
#2757 = CARTESIAN_POINT('',(0.,-0.6));
#2758 = ( GEOMETRIC_REPRESENTATION_CONTEXT(2) 
PARAMETRIC_REPRESENTATION_CONTEXT() REPRESENTATION_CONTEXT('2D SPACE',''
  ) );
#2759 = ORIENTED_EDGE('',*,*,#2760,.F.);
#2760 = EDGE_CURVE('',#2761,#2698,#2763,.T.);
#2761 = VERTEX_POINT('',#2762);
#2762 = CARTESIAN_POINT('',(69.221005859375,-42.75199249267,33.5));
#2763 = SURFACE_CURVE('',#2764,(#2779,#2797),.PCURVE_S1.);
#2764 = B_SPLINE_CURVE_WITH_KNOTS('',5,(#2765,#2766,#2767,#2768,#2769,
    #2770,#2771,#2772,#2773,#2774,#2775,#2776,#2777,#2778),
  .UNSPECIFIED.,.F.,.F.,(6,4,4,6),(0.,0.374414614511,0.776271921488,1.),
  .UNSPECIFIED.);
#2765 = CARTESIAN_POINT('',(69.221005859375,-42.75199249267,33.5));
#2766 = CARTESIAN_POINT('',(69.174068326784,-42.68025570602,33.5));
#2767 = CARTESIAN_POINT('',(69.121654559244,-42.61363626849,33.5));
#2768 = CARTESIAN_POINT('',(69.063629342793,-42.55305348588,33.5));
#2769 = CARTESIAN_POINT('',(69.000103704198,-42.49931190158,33.5));
#2770 = CARTESIAN_POINT('',(68.8582410719,-42.40290658126,33.5));
#2771 = CARTESIAN_POINT('',(68.779122086549,-42.36131809111,33.5));
#2772 = CARTESIAN_POINT('',(68.6950644941,-42.32856373865,33.5));
#2773 = CARTESIAN_POINT('',(68.60705903553,-42.30434605098,33.5));
#2774 = CARTESIAN_POINT('',(68.465441910339,-42.2789704974,33.5));
#2775 = CARTESIAN_POINT('',(68.413865587519,-42.27234739829,33.5));
#2776 = CARTESIAN_POINT('',(68.361513706862,-42.26806799676,33.5));
#2777 = CARTESIAN_POINT('',(68.308524191791,-42.26599639892,33.5));
#2778 = CARTESIAN_POINT('',(68.255009765625,-42.26599639892,33.5));
#2779 = PCURVE('',#1455,#2780);
#2780 = DEFINITIONAL_REPRESENTATION('',(#2781),#2796);
#2781 = B_SPLINE_CURVE_WITH_KNOTS('',5,(#2782,#2783,#2784,#2785,#2786,
    #2787,#2788,#2789,#2790,#2791,#2792,#2793,#2794,#2795),
  .UNSPECIFIED.,.F.,.F.,(6,4,4,6),(0.,0.374414614511,0.776271921488,1.),
  .UNSPECIFIED.);
#2782 = CARTESIAN_POINT('',(11.221005859375,15.748007507324));
#2783 = CARTESIAN_POINT('',(11.174068326784,15.819744293975));
#2784 = CARTESIAN_POINT('',(11.121654559244,15.886363731503));
#2785 = CARTESIAN_POINT('',(11.063629342793,15.946946514118));
#2786 = CARTESIAN_POINT('',(11.000103704198,16.000688098414));
#2787 = CARTESIAN_POINT('',(10.8582410719,16.097093418739));
#2788 = CARTESIAN_POINT('',(10.779122086549,16.138681908882));
#2789 = CARTESIAN_POINT('',(10.6950644941,16.171436261343));
#2790 = CARTESIAN_POINT('',(10.60705903553,16.195653949018));
#2791 = CARTESIAN_POINT('',(10.465441910339,16.221029502593));
#2792 = CARTESIAN_POINT('',(10.413865587519,16.227652601704));
#2793 = CARTESIAN_POINT('',(10.361513706862,16.231932003238));
#2794 = CARTESIAN_POINT('',(10.308524191791,16.234003601074));
#2795 = CARTESIAN_POINT('',(10.255009765625,16.234003601074));
#2796 = ( GEOMETRIC_REPRESENTATION_CONTEXT(2) 
PARAMETRIC_REPRESENTATION_CONTEXT() REPRESENTATION_CONTEXT('2D SPACE',''
  ) );
#2797 = PCURVE('',#2798,#2805);
#2798 = SURFACE_OF_LINEAR_EXTRUSION('',#2799,#2803);
#2799 = B_SPLINE_CURVE_WITH_KNOTS('',2,(#2800,#2801,#2802),
  .UNSPECIFIED.,.F.,.F.,(3,3),(0.,1.),.PIECEWISE_BEZIER_KNOTS.);
#2800 = CARTESIAN_POINT('',(68.255009765625,-42.26599639892,32.9));
#2801 = CARTESIAN_POINT('',(68.903017578125,-42.26599639892,32.9));
#2802 = CARTESIAN_POINT('',(69.221005859375,-42.75199249267,32.9));
#2803 = VECTOR('',#2804,1.);
#2804 = DIRECTION('',(-0.,-0.,-1.));
#2805 = DEFINITIONAL_REPRESENTATION('',(#2806),#2821);
#2806 = B_SPLINE_CURVE_WITH_KNOTS('',5,(#2807,#2808,#2809,#2810,#2811,
    #2812,#2813,#2814,#2815,#2816,#2817,#2818,#2819,#2820),
  .UNSPECIFIED.,.F.,.F.,(6,4,4,6),(0.,0.374414614511,0.776271921488,1.),
  .UNSPECIFIED.);
#2807 = CARTESIAN_POINT('',(1.,-0.6));
#2808 = CARTESIAN_POINT('',(0.92619612835,-0.6));
#2809 = CARTESIAN_POINT('',(0.85084809466,-0.6));
#2810 = CARTESIAN_POINT('',(0.774333246216,-0.6));
#2811 = CARTESIAN_POINT('',(0.69715879789,-0.6));
#2812 = CARTESIAN_POINT('',(0.537185853522,-0.6));
#2813 = CARTESIAN_POINT('',(0.454347360018,-0.6));
#2814 = CARTESIAN_POINT('',(0.372326977555,-0.6));
#2815 = CARTESIAN_POINT('',(0.291733294188,-0.6));
#2816 = CARTESIAN_POINT('',(0.169166409524,-0.6));
#2817 = CARTESIAN_POINT('',(0.12590011696,-0.6));
#2818 = CARTESIAN_POINT('',(8.326340687626E-02,-0.6));
#2819 = CARTESIAN_POINT('',(4.129149767465E-02,-0.6));
#2820 = CARTESIAN_POINT('',(0.,-0.6));
#2821 = ( GEOMETRIC_REPRESENTATION_CONTEXT(2) 
PARAMETRIC_REPRESENTATION_CONTEXT() REPRESENTATION_CONTEXT('2D SPACE',''
  ) );
#2822 = ORIENTED_EDGE('',*,*,#2823,.F.);
#2823 = EDGE_CURVE('',#2336,#2761,#2824,.T.);
#2824 = SURFACE_CURVE('',#2825,(#2829,#2835),.PCURVE_S1.);
#2825 = LINE('',#2826,#2827);
#2826 = CARTESIAN_POINT('',(69.221005859375,-50.62599624633,33.5));
#2827 = VECTOR('',#2828,1.);
#2828 = DIRECTION('',(0.,-1.,0.));
#2829 = PCURVE('',#1455,#2830);
#2830 = DEFINITIONAL_REPRESENTATION('',(#2831),#2834);
#2831 = B_SPLINE_CURVE_WITH_KNOTS('',1,(#2832,#2833),.UNSPECIFIED.,.F.,
  .F.,(2,2),(-9.499999847412,-7.874003753662),.PIECEWISE_BEZIER_KNOTS.);
#2832 = CARTESIAN_POINT('',(11.221005859375,17.374003601074));
#2833 = CARTESIAN_POINT('',(11.221005859375,15.748007507324));
#2834 = ( GEOMETRIC_REPRESENTATION_CONTEXT(2) 
PARAMETRIC_REPRESENTATION_CONTEXT() REPRESENTATION_CONTEXT('2D SPACE',''
  ) );
#2835 = PCURVE('',#2836,#2841);
#2836 = PLANE('',#2837);
#2837 = AXIS2_PLACEMENT_3D('',#2838,#2839,#2840);
#2838 = CARTESIAN_POINT('',(69.221005859375,-42.75199249267,32.9));
#2839 = DIRECTION('',(-1.,0.,0.));
#2840 = DIRECTION('',(0.,1.,0.));
#2841 = DEFINITIONAL_REPRESENTATION('',(#2842),#2845);
#2842 = B_SPLINE_CURVE_WITH_KNOTS('',1,(#2843,#2844),.UNSPECIFIED.,.F.,
  .F.,(2,2),(-9.499999847412,-7.874003753662),.PIECEWISE_BEZIER_KNOTS.);
#2843 = CARTESIAN_POINT('',(1.62599609375,-0.6));
#2844 = CARTESIAN_POINT('',(0.,-0.6));
#2845 = ( GEOMETRIC_REPRESENTATION_CONTEXT(2) 
PARAMETRIC_REPRESENTATION_CONTEXT() REPRESENTATION_CONTEXT('2D SPACE',''
  ) );
#2846 = FACE_BOUND('',#2847,.T.);
#2847 = EDGE_LOOP('',(#2848,#2876,#2902,#2928,#2970,#3009,#3084,#3126,
    #3165,#3228,#3285,#3311,#3337,#3363,#3414,#3465,#3516,#3567,#3593,
    #3619,#3645,#3696,#3747,#3798,#3849,#3875));
#2848 = ORIENTED_EDGE('',*,*,#2849,.F.);
#2849 = EDGE_CURVE('',#2850,#2852,#2854,.T.);
#2850 = VERTEX_POINT('',#2851);
#2851 = CARTESIAN_POINT('',(70.427021484375,-42.35599639892,33.5));
#2852 = VERTEX_POINT('',#2853);
#2853 = CARTESIAN_POINT('',(70.427021484375,-45.50000030517,33.5));
#2854 = SURFACE_CURVE('',#2855,(#2859,#2865),.PCURVE_S1.);
#2855 = LINE('',#2856,#2857);
#2856 = CARTESIAN_POINT('',(70.427021484375,-52.00000015258,33.5));
#2857 = VECTOR('',#2858,1.);
#2858 = DIRECTION('',(0.,-1.,0.));
#2859 = PCURVE('',#1455,#2860);
#2860 = DEFINITIONAL_REPRESENTATION('',(#2861),#2864);
#2861 = B_SPLINE_CURVE_WITH_KNOTS('',1,(#2862,#2863),.UNSPECIFIED.,.F.,
  .F.,(2,2),(-9.644003753662,-6.499999847412),.PIECEWISE_BEZIER_KNOTS.);
#2862 = CARTESIAN_POINT('',(12.427021484375,16.144003601074));
#2863 = CARTESIAN_POINT('',(12.427021484375,12.999999694824));
#2864 = ( GEOMETRIC_REPRESENTATION_CONTEXT(2) 
PARAMETRIC_REPRESENTATION_CONTEXT() REPRESENTATION_CONTEXT('2D SPACE',''
  ) );
#2865 = PCURVE('',#2866,#2871);
#2866 = PLANE('',#2867);
#2867 = AXIS2_PLACEMENT_3D('',#2868,#2869,#2870);
#2868 = CARTESIAN_POINT('',(70.427021484375,-45.50000030517,32.9));
#2869 = DIRECTION('',(-1.,0.,0.));
#2870 = DIRECTION('',(0.,1.,0.));
#2871 = DEFINITIONAL_REPRESENTATION('',(#2872),#2875);
#2872 = B_SPLINE_CURVE_WITH_KNOTS('',1,(#2873,#2874),.UNSPECIFIED.,.F.,
  .F.,(2,2),(-9.644003753662,-6.499999847412),.PIECEWISE_BEZIER_KNOTS.);
#2873 = CARTESIAN_POINT('',(3.14400390625,-0.6));
#2874 = CARTESIAN_POINT('',(0.,-0.6));
#2875 = ( GEOMETRIC_REPRESENTATION_CONTEXT(2) 
PARAMETRIC_REPRESENTATION_CONTEXT() REPRESENTATION_CONTEXT('2D SPACE',''
  ) );
#2876 = ORIENTED_EDGE('',*,*,#2877,.F.);
#2877 = EDGE_CURVE('',#2878,#2850,#2880,.T.);
#2878 = VERTEX_POINT('',#2879);
#2879 = CARTESIAN_POINT('',(70.889013671875,-42.35599639892,33.5));
#2880 = SURFACE_CURVE('',#2881,(#2885,#2891),.PCURVE_S1.);
#2881 = LINE('',#2882,#2883);
#2882 = CARTESIAN_POINT('',(64.213510742188,-42.35599639892,33.5));
#2883 = VECTOR('',#2884,1.);
#2884 = DIRECTION('',(-1.,0.,0.));
#2885 = PCURVE('',#1455,#2886);
#2886 = DEFINITIONAL_REPRESENTATION('',(#2887),#2890);
#2887 = B_SPLINE_CURVE_WITH_KNOTS('',1,(#2888,#2889),.UNSPECIFIED.,.F.,
  .F.,(2,2),(-6.675502929687,-6.213510742187),.PIECEWISE_BEZIER_KNOTS.);
#2888 = CARTESIAN_POINT('',(12.889013671875,16.144003601074));
#2889 = CARTESIAN_POINT('',(12.427021484375,16.144003601074));
#2890 = ( GEOMETRIC_REPRESENTATION_CONTEXT(2) 
PARAMETRIC_REPRESENTATION_CONTEXT() REPRESENTATION_CONTEXT('2D SPACE',''
  ) );
#2891 = PCURVE('',#2892,#2897);
#2892 = PLANE('',#2893);
#2893 = AXIS2_PLACEMENT_3D('',#2894,#2895,#2896);
#2894 = CARTESIAN_POINT('',(70.427021484375,-42.35599639892,32.9));
#2895 = DIRECTION('',(0.,1.,0.));
#2896 = DIRECTION('',(1.,0.,0.));
#2897 = DEFINITIONAL_REPRESENTATION('',(#2898),#2901);
#2898 = B_SPLINE_CURVE_WITH_KNOTS('',1,(#2899,#2900),.UNSPECIFIED.,.F.,
  .F.,(2,2),(-6.675502929687,-6.213510742187),.PIECEWISE_BEZIER_KNOTS.);
#2899 = CARTESIAN_POINT('',(0.4619921875,-0.6));
#2900 = CARTESIAN_POINT('',(0.,-0.6));
#2901 = ( GEOMETRIC_REPRESENTATION_CONTEXT(2) 
PARAMETRIC_REPRESENTATION_CONTEXT() REPRESENTATION_CONTEXT('2D SPACE',''
  ) );
#2902 = ORIENTED_EDGE('',*,*,#2903,.F.);
#2903 = EDGE_CURVE('',#2904,#2878,#2906,.T.);
#2904 = VERTEX_POINT('',#2905);
#2905 = CARTESIAN_POINT('',(70.889013671875,-42.80000030517,33.5));
#2906 = SURFACE_CURVE('',#2907,(#2911,#2917),.PCURVE_S1.);
#2907 = LINE('',#2908,#2909);
#2908 = CARTESIAN_POINT('',(70.889013671875,-50.42799819946,33.5));
#2909 = VECTOR('',#2910,1.);
#2910 = DIRECTION('',(0.,1.,0.));
#2911 = PCURVE('',#1455,#2912);
#2912 = DEFINITIONAL_REPRESENTATION('',(#2913),#2916);
#2913 = B_SPLINE_CURVE_WITH_KNOTS('',1,(#2914,#2915),.UNSPECIFIED.,.F.,
  .F.,(2,2),(7.627997894287,8.072001800537),.PIECEWISE_BEZIER_KNOTS.);
#2914 = CARTESIAN_POINT('',(12.889013671875,15.699999694824));
#2915 = CARTESIAN_POINT('',(12.889013671875,16.144003601074));
#2916 = ( GEOMETRIC_REPRESENTATION_CONTEXT(2) 
PARAMETRIC_REPRESENTATION_CONTEXT() REPRESENTATION_CONTEXT('2D SPACE',''
  ) );
#2917 = PCURVE('',#2918,#2923);
#2918 = PLANE('',#2919);
#2919 = AXIS2_PLACEMENT_3D('',#2920,#2921,#2922);
#2920 = CARTESIAN_POINT('',(70.889013671875,-42.35599639892,32.9));
#2921 = DIRECTION('',(1.,0.,0.));
#2922 = DIRECTION('',(0.,-1.,0.));
#2923 = DEFINITIONAL_REPRESENTATION('',(#2924),#2927);
#2924 = B_SPLINE_CURVE_WITH_KNOTS('',1,(#2925,#2926),.UNSPECIFIED.,.F.,
  .F.,(2,2),(7.627997894287,8.072001800537),.PIECEWISE_BEZIER_KNOTS.);
#2925 = CARTESIAN_POINT('',(0.44400390625,-0.6));
#2926 = CARTESIAN_POINT('',(0.,-0.6));
#2927 = ( GEOMETRIC_REPRESENTATION_CONTEXT(2) 
PARAMETRIC_REPRESENTATION_CONTEXT() REPRESENTATION_CONTEXT('2D SPACE',''
  ) );
#2928 = ORIENTED_EDGE('',*,*,#2929,.F.);
#2929 = EDGE_CURVE('',#2930,#2904,#2932,.T.);
#2930 = VERTEX_POINT('',#2931);
#2931 = CARTESIAN_POINT('',(71.318017578125,-42.3920022583,33.5));
#2932 = SURFACE_CURVE('',#2933,(#2941,#2952),.PCURVE_S1.);
#2933 = B_SPLINE_CURVE_WITH_KNOTS('',6,(#2934,#2935,#2936,#2937,#2938,
    #2939,#2940),.UNSPECIFIED.,.F.,.F.,(7,7),(0.,1.),
  .PIECEWISE_BEZIER_KNOTS.);
#2934 = CARTESIAN_POINT('',(71.318017578125,-42.3920022583,33.5));
#2935 = CARTESIAN_POINT('',(71.240339287812,-42.43550412374,33.5));
#2936 = CARTESIAN_POINT('',(71.164920161075,-42.48973676228,33.5));
#2937 = CARTESIAN_POINT('',(71.092003816804,-42.55412481447,33.5));
#2938 = CARTESIAN_POINT('',(71.02170395793,-42.62786604465,33.5));
#2939 = CARTESIAN_POINT('',(70.954050483434,-42.71010068954,33.5));
#2940 = CARTESIAN_POINT('',(70.889013671875,-42.80000030517,33.5));
#2941 = PCURVE('',#1455,#2942);
#2942 = DEFINITIONAL_REPRESENTATION('',(#2943),#2951);
#2943 = B_SPLINE_CURVE_WITH_KNOTS('',6,(#2944,#2945,#2946,#2947,#2948,
    #2949,#2950),.UNSPECIFIED.,.F.,.F.,(7,7),(0.,1.),
  .PIECEWISE_BEZIER_KNOTS.);
#2944 = CARTESIAN_POINT('',(13.318017578125,16.107997741699));
#2945 = CARTESIAN_POINT('',(13.240339287812,16.064495876252));
#2946 = CARTESIAN_POINT('',(13.164920161075,16.01026323772));
#2947 = CARTESIAN_POINT('',(13.092003816804,15.945875185526));
#2948 = CARTESIAN_POINT('',(13.02170395793,15.872133955341));
#2949 = CARTESIAN_POINT('',(12.954050483434,15.789899310457));
#2950 = CARTESIAN_POINT('',(12.889013671875,15.699999694824));
#2951 = ( GEOMETRIC_REPRESENTATION_CONTEXT(2) 
PARAMETRIC_REPRESENTATION_CONTEXT() REPRESENTATION_CONTEXT('2D SPACE',''
  ) );
#2952 = PCURVE('',#2953,#2960);
#2953 = SURFACE_OF_LINEAR_EXTRUSION('',#2954,#2958);
#2954 = B_SPLINE_CURVE_WITH_KNOTS('',2,(#2955,#2956,#2957),
  .UNSPECIFIED.,.F.,.F.,(3,3),(0.,1.),.PIECEWISE_BEZIER_KNOTS.);
#2955 = CARTESIAN_POINT('',(70.889013671875,-42.80000030517,32.9));
#2956 = CARTESIAN_POINT('',(71.093017578125,-42.51800811767,32.9));
#2957 = CARTESIAN_POINT('',(71.318017578125,-42.3920022583,32.9));
#2958 = VECTOR('',#2959,1.);
#2959 = DIRECTION('',(-0.,-0.,-1.));
#2960 = DEFINITIONAL_REPRESENTATION('',(#2961),#2969);
#2961 = B_SPLINE_CURVE_WITH_KNOTS('',6,(#2962,#2963,#2964,#2965,#2966,
    #2967,#2968),.UNSPECIFIED.,.F.,.F.,(7,7),(0.,1.),
  .PIECEWISE_BEZIER_KNOTS.);
#2962 = CARTESIAN_POINT('',(1.,-0.6));
#2963 = CARTESIAN_POINT('',(0.827381577083,-0.6));
#2964 = CARTESIAN_POINT('',(0.656446854623,-0.6));
#2965 = CARTESIAN_POINT('',(0.487859294817,-0.6));
#2966 = CARTESIAN_POINT('',(0.322077000179,-0.6));
#2967 = CARTESIAN_POINT('',(0.159400897645,-0.6));
#2968 = CARTESIAN_POINT('',(0.,-0.6));
#2969 = ( GEOMETRIC_REPRESENTATION_CONTEXT(2) 
PARAMETRIC_REPRESENTATION_CONTEXT() REPRESENTATION_CONTEXT('2D SPACE',''
  ) );
#2970 = ORIENTED_EDGE('',*,*,#2971,.F.);
#2971 = EDGE_CURVE('',#2972,#2930,#2974,.T.);
#2972 = VERTEX_POINT('',#2973);
#2973 = CARTESIAN_POINT('',(71.855029296875,-42.26599639892,33.5));
#2974 = SURFACE_CURVE('',#2975,(#2982,#2992),.PCURVE_S1.);
#2975 = B_SPLINE_CURVE_WITH_KNOTS('',5,(#2976,#2977,#2978,#2979,#2980,
    #2981),.UNSPECIFIED.,.F.,.F.,(6,6),(0.,1.),
  .PIECEWISE_BEZIER_KNOTS.);
#2976 = CARTESIAN_POINT('',(71.855029296875,-42.26599639892,33.5));
#2977 = CARTESIAN_POINT('',(71.733764783143,-42.26599639892,33.5));
#2978 = CARTESIAN_POINT('',(71.61839101198,-42.27789270347,33.5));
#2979 = CARTESIAN_POINT('',(71.509996869956,-42.30259444646,33.5));
#2980 = CARTESIAN_POINT('',(71.409629808353,-42.34069702363,33.5));
#2981 = CARTESIAN_POINT('',(71.318017578125,-42.3920022583,33.5));
#2982 = PCURVE('',#1455,#2983);
#2983 = DEFINITIONAL_REPRESENTATION('',(#2984),#2991);
#2984 = B_SPLINE_CURVE_WITH_KNOTS('',5,(#2985,#2986,#2987,#2988,#2989,
    #2990),.UNSPECIFIED.,.F.,.F.,(6,6),(0.,1.),
  .PIECEWISE_BEZIER_KNOTS.);
#2985 = CARTESIAN_POINT('',(13.855029296875,16.234003601074));
#2986 = CARTESIAN_POINT('',(13.733764783143,16.234003601074));
#2987 = CARTESIAN_POINT('',(13.61839101198,16.222107296523));
#2988 = CARTESIAN_POINT('',(13.509996869956,16.197405553539));
#2989 = CARTESIAN_POINT('',(13.409629808353,16.159302976362));
#2990 = CARTESIAN_POINT('',(13.318017578125,16.107997741699));
#2991 = ( GEOMETRIC_REPRESENTATION_CONTEXT(2) 
PARAMETRIC_REPRESENTATION_CONTEXT() REPRESENTATION_CONTEXT('2D SPACE',''
  ) );
#2992 = PCURVE('',#2993,#3000);
#2993 = SURFACE_OF_LINEAR_EXTRUSION('',#2994,#2998);
#2994 = B_SPLINE_CURVE_WITH_KNOTS('',2,(#2995,#2996,#2997),
  .UNSPECIFIED.,.F.,.F.,(3,3),(0.,1.),.PIECEWISE_BEZIER_KNOTS.);
#2995 = CARTESIAN_POINT('',(71.318017578125,-42.3920022583,32.9));
#2996 = CARTESIAN_POINT('',(71.543017578125,-42.26599639892,32.9));
#2997 = CARTESIAN_POINT('',(71.855029296875,-42.26599639892,32.9));
#2998 = VECTOR('',#2999,1.);
#2999 = DIRECTION('',(-0.,-0.,-1.));
#3000 = DEFINITIONAL_REPRESENTATION('',(#3001),#3008);
#3001 = B_SPLINE_CURVE_WITH_KNOTS('',5,(#3002,#3003,#3004,#3005,#3006,
    #3007),.UNSPECIFIED.,.F.,.F.,(6,6),(0.,1.),
  .PIECEWISE_BEZIER_KNOTS.);
#3002 = CARTESIAN_POINT('',(1.,-0.6));
#3003 = CARTESIAN_POINT('',(0.805673142314,-0.6));
#3004 = CARTESIAN_POINT('',(0.607621910267,-0.6));
#3005 = CARTESIAN_POINT('',(0.40658521186,-0.6));
#3006 = CARTESIAN_POINT('',(0.20358273384,-0.6));
#3007 = CARTESIAN_POINT('',(0.,-0.6));
#3008 = ( GEOMETRIC_REPRESENTATION_CONTEXT(2) 
PARAMETRIC_REPRESENTATION_CONTEXT() REPRESENTATION_CONTEXT('2D SPACE',''
  ) );
#3009 = ORIENTED_EDGE('',*,*,#3010,.F.);
#3010 = EDGE_CURVE('',#3011,#2972,#3013,.T.);
#3011 = VERTEX_POINT('',#3012);
#3012 = CARTESIAN_POINT('',(72.701025390625,-42.74599639892,33.5));
#3013 = SURFACE_CURVE('',#3014,(#3033,#3055),.PCURVE_S1.);
#3014 = B_SPLINE_CURVE_WITH_KNOTS('',5,(#3015,#3016,#3017,#3018,#3019,
    #3020,#3021,#3022,#3023,#3024,#3025,#3026,#3027,#3028,#3029,#3030,
    #3031,#3032),.UNSPECIFIED.,.F.,.F.,(6,4,4,4,6),(0.,0.144425575522,
    0.438965702742,0.803106485239,1.),.UNSPECIFIED.);
#3015 = CARTESIAN_POINT('',(72.701025390625,-42.74599639892,33.5));
#3016 = CARTESIAN_POINT('',(72.686285893155,-42.71919770914,33.5));
#3017 = CARTESIAN_POINT('',(72.67079007854,-42.69308493731,33.5));
#3018 = CARTESIAN_POINT('',(72.654522056613,-42.6677075213,33.5));
#3019 = CARTESIAN_POINT('',(72.637472044286,-42.64311462111,33.5));
#3020 = CARTESIAN_POINT('',(72.583262454168,-42.57090021907,33.5));
#3021 = CARTESIAN_POINT('',(72.543616357732,-42.52590399351,33.5));
#3022 = CARTESIAN_POINT('',(72.500683035972,-42.48479422316,33.5));
#3023 = CARTESIAN_POINT('',(72.454559639696,-42.44791672456,33.5));
#3024 = CARTESIAN_POINT('',(72.344897691057,-42.37531379993,33.5));
#3025 = CARTESIAN_POINT('',(72.279797110231,-42.34190525991,33.5));
#3026 = CARTESIAN_POINT('',(72.21074966676,-42.31558277347,33.5));
#3027 = CARTESIAN_POINT('',(72.138463527687,-42.29614489072,33.5));
#3028 = CARTESIAN_POINT('',(72.023218568148,-42.27611198225,33.5));
#3029 = CARTESIAN_POINT('',(71.982032053053,-42.27096180187,33.5));
#3030 = CARTESIAN_POINT('',(71.940209493622,-42.26762029088,33.5));
#3031 = CARTESIAN_POINT('',(71.897847765555,-42.26599639892,33.5));
#3032 = CARTESIAN_POINT('',(71.855029296875,-42.26599639892,33.5));
#3033 = PCURVE('',#1455,#3034);
#3034 = DEFINITIONAL_REPRESENTATION('',(#3035),#3054);
#3035 = B_SPLINE_CURVE_WITH_KNOTS('',5,(#3036,#3037,#3038,#3039,#3040,
    #3041,#3042,#3043,#3044,#3045,#3046,#3047,#3048,#3049,#3050,#3051,
    #3052,#3053),.UNSPECIFIED.,.F.,.F.,(6,4,4,4,6),(0.,0.144425575522,
    0.438965702742,0.803106485239,1.),.UNSPECIFIED.);
#3036 = CARTESIAN_POINT('',(14.701025390625,15.754003601074));
#3037 = CARTESIAN_POINT('',(14.686285893155,15.780802290859));
#3038 = CARTESIAN_POINT('',(14.67079007854,15.806915062681));
#3039 = CARTESIAN_POINT('',(14.654522056613,15.832292478694));
#3040 = CARTESIAN_POINT('',(14.637472044286,15.856885378886));
#3041 = CARTESIAN_POINT('',(14.583262454168,15.929099780921));
#3042 = CARTESIAN_POINT('',(14.543616357732,15.974096006486));
#3043 = CARTESIAN_POINT('',(14.500683035972,16.015205776834));
#3044 = CARTESIAN_POINT('',(14.454559639696,16.052083275432));
#3045 = CARTESIAN_POINT('',(14.344897691057,16.124686200068));
#3046 = CARTESIAN_POINT('',(14.279797110231,16.158094740088));
#3047 = CARTESIAN_POINT('',(14.21074966676,16.184417226529));
#3048 = CARTESIAN_POINT('',(14.138463527687,16.203855109273));
#3049 = CARTESIAN_POINT('',(14.023218568148,16.223888017747));
#3050 = CARTESIAN_POINT('',(13.982032053053,16.229038198123));
#3051 = CARTESIAN_POINT('',(13.940209493622,16.232379709116));
#3052 = CARTESIAN_POINT('',(13.897847765555,16.234003601074));
#3053 = CARTESIAN_POINT('',(13.855029296875,16.234003601074));
#3054 = ( GEOMETRIC_REPRESENTATION_CONTEXT(2) 
PARAMETRIC_REPRESENTATION_CONTEXT() REPRESENTATION_CONTEXT('2D SPACE',''
  ) );
#3055 = PCURVE('',#3056,#3063);
#3056 = SURFACE_OF_LINEAR_EXTRUSION('',#3057,#3061);
#3057 = B_SPLINE_CURVE_WITH_KNOTS('',2,(#3058,#3059,#3060),
  .UNSPECIFIED.,.F.,.F.,(3,3),(0.,1.),.PIECEWISE_BEZIER_KNOTS.);
#3058 = CARTESIAN_POINT('',(71.855029296875,-42.26599639892,32.9));
#3059 = CARTESIAN_POINT('',(72.437021484375,-42.26599639892,32.9));
#3060 = CARTESIAN_POINT('',(72.701025390625,-42.74599639892,32.9));
#3061 = VECTOR('',#3062,1.);
#3062 = DIRECTION('',(-0.,-0.,-1.));
#3063 = DEFINITIONAL_REPRESENTATION('',(#3064),#3083);
#3064 = B_SPLINE_CURVE_WITH_KNOTS('',5,(#3065,#3066,#3067,#3068,#3069,
    #3070,#3071,#3072,#3073,#3074,#3075,#3076,#3077,#3078,#3079,#3080,
    #3081,#3082),.UNSPECIFIED.,.F.,.F.,(6,4,4,4,6),(0.,0.144425575522,
    0.438965702742,0.803106485239,1.),.UNSPECIFIED.);
#3065 = CARTESIAN_POINT('',(1.,-0.6));
#3066 = CARTESIAN_POINT('',(0.972084698141,-0.6));
#3067 = CARTESIAN_POINT('',(0.943910017163,-0.6));
#3068 = CARTESIAN_POINT('',(0.915490442828,-0.6));
#3069 = CARTESIAN_POINT('',(0.886845549471,-0.6));
#3070 = CARTESIAN_POINT('',(0.799172664327,-0.6));
#3071 = CARTESIAN_POINT('',(0.739502621649,-0.6));
#3072 = CARTESIAN_POINT('',(0.679220419873,-0.6));
#3073 = CARTESIAN_POINT('',(0.618606342671,-0.6));
#3074 = CARTESIAN_POINT('',(0.483072209166,-0.6));
#3075 = CARTESIAN_POINT('',(0.408128829493,-0.6));
#3076 = CARTESIAN_POINT('',(0.333827618963,-0.6));
#3077 = CARTESIAN_POINT('',(0.260662322536,-0.6));
#3078 = CARTESIAN_POINT('',(0.150251671776,-0.6));
#3079 = CARTESIAN_POINT('',(0.111936394685,-0.6));
#3080 = CARTESIAN_POINT('',(7.410407508589E-02,-0.6));
#3081 = CARTESIAN_POINT('',(3.678611981397E-02,-0.6));
#3082 = CARTESIAN_POINT('',(0.,-0.6));
#3083 = ( GEOMETRIC_REPRESENTATION_CONTEXT(2) 
PARAMETRIC_REPRESENTATION_CONTEXT() REPRESENTATION_CONTEXT('2D SPACE',''
  ) );
#3084 = ORIENTED_EDGE('',*,*,#3085,.F.);
#3085 = EDGE_CURVE('',#3086,#3011,#3088,.T.);
#3086 = VERTEX_POINT('',#3087);
#3087 = CARTESIAN_POINT('',(73.1390234375,-42.3739944458,33.5));
#3088 = SURFACE_CURVE('',#3089,(#3097,#3108),.PCURVE_S1.);
#3089 = B_SPLINE_CURVE_WITH_KNOTS('',6,(#3090,#3091,#3092,#3093,#3094,
    #3095,#3096),.UNSPECIFIED.,.F.,.F.,(7,7),(0.,1.),
  .PIECEWISE_BEZIER_KNOTS.);
#3090 = CARTESIAN_POINT('',(73.1390234375,-42.3739944458,33.5));
#3091 = CARTESIAN_POINT('',(73.064041896506,-42.41148352134,33.5));
#3092 = CARTESIAN_POINT('',(72.989547420463,-42.45979171076,33.5));
#3093 = CARTESIAN_POINT('',(72.915829164016,-42.51826519483,33.5));
#3094 = CARTESIAN_POINT('',(72.843089889824,-42.58604031168,33.5));
#3095 = CARTESIAN_POINT('',(72.771463894394,-42.66222750437,33.5));
#3096 = CARTESIAN_POINT('',(72.701025390625,-42.74599639892,33.5));
#3097 = PCURVE('',#1455,#3098);
#3098 = DEFINITIONAL_REPRESENTATION('',(#3099),#3107);
#3099 = B_SPLINE_CURVE_WITH_KNOTS('',6,(#3100,#3101,#3102,#3103,#3104,
    #3105,#3106),.UNSPECIFIED.,.F.,.F.,(7,7),(0.,1.),
  .PIECEWISE_BEZIER_KNOTS.);
#3100 = CARTESIAN_POINT('',(15.1390234375,16.126005554199));
#3101 = CARTESIAN_POINT('',(15.064041896506,16.08851647866));
#3102 = CARTESIAN_POINT('',(14.989547420463,16.040208289236));
#3103 = CARTESIAN_POINT('',(14.915829164016,15.981734805167));
#3104 = CARTESIAN_POINT('',(14.843089889824,15.913959688314));
#3105 = CARTESIAN_POINT('',(14.771463894394,15.837772495624));
#3106 = CARTESIAN_POINT('',(14.701025390625,15.754003601074));
#3107 = ( GEOMETRIC_REPRESENTATION_CONTEXT(2) 
PARAMETRIC_REPRESENTATION_CONTEXT() REPRESENTATION_CONTEXT('2D SPACE',''
  ) );
#3108 = PCURVE('',#3109,#3116);
#3109 = SURFACE_OF_LINEAR_EXTRUSION('',#3110,#3114);
#3110 = B_SPLINE_CURVE_WITH_KNOTS('',2,(#3111,#3112,#3113),
  .UNSPECIFIED.,.F.,.F.,(3,3),(0.,1.),.PIECEWISE_BEZIER_KNOTS.);
#3111 = CARTESIAN_POINT('',(72.701025390625,-42.74599639892,32.9));
#3112 = CARTESIAN_POINT('',(72.923017578125,-42.48199249267,32.9));
#3113 = CARTESIAN_POINT('',(73.1390234375,-42.3739944458,32.9));
#3114 = VECTOR('',#3115,1.);
#3115 = DIRECTION('',(-0.,-0.,-1.));
#3116 = DEFINITIONAL_REPRESENTATION('',(#3117),#3125);
#3117 = B_SPLINE_CURVE_WITH_KNOTS('',6,(#3118,#3119,#3120,#3121,#3122,
    #3123,#3124),.UNSPECIFIED.,.F.,.F.,(7,7),(0.,1.),
  .PIECEWISE_BEZIER_KNOTS.);
#3118 = CARTESIAN_POINT('',(1.,-0.6));
#3119 = CARTESIAN_POINT('',(0.826436326286,-0.6));
#3120 = CARTESIAN_POINT('',(0.655001921087,-0.6));
#3121 = CARTESIAN_POINT('',(0.486319988084,-0.6));
#3122 = CARTESIAN_POINT('',(0.320790839899,-0.6));
#3123 = CARTESIAN_POINT('',(0.158650861912,-0.6));
#3124 = CARTESIAN_POINT('',(0.,-0.6));
#3125 = ( GEOMETRIC_REPRESENTATION_CONTEXT(2) 
PARAMETRIC_REPRESENTATION_CONTEXT() REPRESENTATION_CONTEXT('2D SPACE',''
  ) );
#3126 = ORIENTED_EDGE('',*,*,#3127,.F.);
#3127 = EDGE_CURVE('',#3128,#3086,#3130,.T.);
#3128 = VERTEX_POINT('',#3129);
#3129 = CARTESIAN_POINT('',(73.667021484375,-42.26599639892,33.5));
#3130 = SURFACE_CURVE('',#3131,(#3138,#3148),.PCURVE_S1.);
#3131 = B_SPLINE_CURVE_WITH_KNOTS('',5,(#3132,#3133,#3134,#3135,#3136,
    #3137),.UNSPECIFIED.,.F.,.F.,(6,6),(0.,1.),
  .PIECEWISE_BEZIER_KNOTS.);
#3132 = CARTESIAN_POINT('',(73.667021484375,-42.26599639892,33.5));
#3133 = CARTESIAN_POINT('',(73.546447434655,-42.26599639892,33.5));
#3134 = CARTESIAN_POINT('',(73.432308995049,-42.27607837887,33.5));
#3135 = CARTESIAN_POINT('',(73.325667118963,-42.29708237588,33.5));
#3136 = CARTESIAN_POINT('',(73.227629178665,-42.32969357815,33.5));
#3137 = CARTESIAN_POINT('',(73.1390234375,-42.3739944458,33.5));
#3138 = PCURVE('',#1455,#3139);
#3139 = DEFINITIONAL_REPRESENTATION('',(#3140),#3147);
#3140 = B_SPLINE_CURVE_WITH_KNOTS('',5,(#3141,#3142,#3143,#3144,#3145,
    #3146),.UNSPECIFIED.,.F.,.F.,(6,6),(0.,1.),
  .PIECEWISE_BEZIER_KNOTS.);
#3141 = CARTESIAN_POINT('',(15.667021484375,16.234003601074));
#3142 = CARTESIAN_POINT('',(15.546447434655,16.234003601074));
#3143 = CARTESIAN_POINT('',(15.432308995049,16.223921621126));
#3144 = CARTESIAN_POINT('',(15.325667118963,16.202917624116));
#3145 = CARTESIAN_POINT('',(15.227629178665,16.170306421849));
#3146 = CARTESIAN_POINT('',(15.1390234375,16.126005554199));
#3147 = ( GEOMETRIC_REPRESENTATION_CONTEXT(2) 
PARAMETRIC_REPRESENTATION_CONTEXT() REPRESENTATION_CONTEXT('2D SPACE',''
  ) );
#3148 = PCURVE('',#3149,#3156);
#3149 = SURFACE_OF_LINEAR_EXTRUSION('',#3150,#3154);
#3150 = B_SPLINE_CURVE_WITH_KNOTS('',2,(#3151,#3152,#3153),
  .UNSPECIFIED.,.F.,.F.,(3,3),(0.,1.),.PIECEWISE_BEZIER_KNOTS.);
#3151 = CARTESIAN_POINT('',(73.1390234375,-42.3739944458,32.9));
#3152 = CARTESIAN_POINT('',(73.355029296875,-42.26599639892,32.9));
#3153 = CARTESIAN_POINT('',(73.667021484375,-42.26599639892,32.9));
#3154 = VECTOR('',#3155,1.);
#3155 = DIRECTION('',(-0.,-0.,-1.));
#3156 = DEFINITIONAL_REPRESENTATION('',(#3157),#3164);
#3157 = B_SPLINE_CURVE_WITH_KNOTS('',5,(#3158,#3159,#3160,#3161,#3162,
    #3163),.UNSPECIFIED.,.F.,.F.,(6,6),(0.,1.),
  .PIECEWISE_BEZIER_KNOTS.);
#3158 = CARTESIAN_POINT('',(1.,-0.6));
#3159 = CARTESIAN_POINT('',(0.806767517664,-0.6));
#3160 = CARTESIAN_POINT('',(0.609488402597,-0.6));
#3161 = CARTESIAN_POINT('',(0.408666427968,-0.6));
#3162 = CARTESIAN_POINT('',(0.205100318624,-0.6));
#3163 = CARTESIAN_POINT('',(0.,-0.6));
#3164 = ( GEOMETRIC_REPRESENTATION_CONTEXT(2) 
PARAMETRIC_REPRESENTATION_CONTEXT() REPRESENTATION_CONTEXT('2D SPACE',''
  ) );
#3165 = ORIENTED_EDGE('',*,*,#3166,.F.);
#3166 = EDGE_CURVE('',#3167,#3128,#3169,.T.);
#3167 = VERTEX_POINT('',#3168);
#3168 = CARTESIAN_POINT('',(74.342021484375,-42.49099639892,33.5));
#3169 = SURFACE_CURVE('',#3170,(#3185,#3203),.PCURVE_S1.);
#3170 = B_SPLINE_CURVE_WITH_KNOTS('',5,(#3171,#3172,#3173,#3174,#3175,
    #3176,#3177,#3178,#3179,#3180,#3181,#3182,#3183,#3184),
  .UNSPECIFIED.,.F.,.F.,(6,4,4,6),(0.,3.085330429075E-02,0.502063924979,
    1.),.UNSPECIFIED.);
#3171 = CARTESIAN_POINT('',(74.342021484375,-42.49099639892,33.5));
#3172 = CARTESIAN_POINT('',(74.338988258483,-42.48811665916,33.5));
#3173 = CARTESIAN_POINT('',(74.335934249248,-42.48525976244,33.5));
#3174 = CARTESIAN_POINT('',(74.332859517137,-42.48242577759,33.5));
#3175 = CARTESIAN_POINT('',(74.329764126261,-42.47961476945,33.5));
#3176 = CARTESIAN_POINT('',(74.279058954424,-42.43424719996,33.5));
#3177 = CARTESIAN_POINT('',(74.22666163304,-42.39703649963,33.5));
#3178 = CARTESIAN_POINT('',(74.169712356166,-42.36542926039,33.5));
#3179 = CARTESIAN_POINT('',(74.108632636303,-42.33938624712,33.5));
#3180 = CARTESIAN_POINT('',(73.975545168537,-42.29684872436,33.5));
#3181 = CARTESIAN_POINT('',(73.903104917449,-42.28097717376,33.5));
#3182 = CARTESIAN_POINT('',(73.827170468969,-42.27084145887,33.5));
#3183 = CARTESIAN_POINT('',(73.748319433863,-42.26599639892,33.5));
#3184 = CARTESIAN_POINT('',(73.667021484375,-42.26599639892,33.5));
#3185 = PCURVE('',#1455,#3186);
#3186 = DEFINITIONAL_REPRESENTATION('',(#3187),#3202);
#3187 = B_SPLINE_CURVE_WITH_KNOTS('',5,(#3188,#3189,#3190,#3191,#3192,
    #3193,#3194,#3195,#3196,#3197,#3198,#3199,#3200,#3201),
  .UNSPECIFIED.,.F.,.F.,(6,4,4,6),(0.,3.085330429075E-02,0.502063924979,
    1.),.UNSPECIFIED.);
#3188 = CARTESIAN_POINT('',(16.342021484375,16.009003601074));
#3189 = CARTESIAN_POINT('',(16.338988258483,16.011883340837));
#3190 = CARTESIAN_POINT('',(16.335934249248,16.014740237551));
#3191 = CARTESIAN_POINT('',(16.332859517137,16.017574222405));
#3192 = CARTESIAN_POINT('',(16.329764126261,16.020385230545));
#3193 = CARTESIAN_POINT('',(16.279058954424,16.065752800037));
#3194 = CARTESIAN_POINT('',(16.22666163304,16.102963500364));
#3195 = CARTESIAN_POINT('',(16.169712356166,16.134570739609));
#3196 = CARTESIAN_POINT('',(16.108632636303,16.160613752874));
#3197 = CARTESIAN_POINT('',(15.975545168537,16.203151275636));
#3198 = CARTESIAN_POINT('',(15.903104917449,16.21902282624));
#3199 = CARTESIAN_POINT('',(15.827170468969,16.229158541127));
#3200 = CARTESIAN_POINT('',(15.748319433863,16.234003601074));
#3201 = CARTESIAN_POINT('',(15.667021484375,16.234003601074));
#3202 = ( GEOMETRIC_REPRESENTATION_CONTEXT(2) 
PARAMETRIC_REPRESENTATION_CONTEXT() REPRESENTATION_CONTEXT('2D SPACE',''
  ) );
#3203 = PCURVE('',#3204,#3211);
#3204 = SURFACE_OF_LINEAR_EXTRUSION('',#3205,#3209);
#3205 = B_SPLINE_CURVE_WITH_KNOTS('',2,(#3206,#3207,#3208),
  .UNSPECIFIED.,.F.,.F.,(3,3),(0.,1.),.PIECEWISE_BEZIER_KNOTS.);
#3206 = CARTESIAN_POINT('',(73.667021484375,-42.26599639892,32.9));
#3207 = CARTESIAN_POINT('',(74.105029296875,-42.26599639892,32.9));
#3208 = CARTESIAN_POINT('',(74.342021484375,-42.49099639892,32.9));
#3209 = VECTOR('',#3210,1.);
#3210 = DIRECTION('',(-0.,-0.,-1.));
#3211 = DEFINITIONAL_REPRESENTATION('',(#3212),#3227);
#3212 = B_SPLINE_CURVE_WITH_KNOTS('',5,(#3213,#3214,#3215,#3216,#3217,
    #3218,#3219,#3220,#3221,#3222,#3223,#3224,#3225,#3226),
  .UNSPECIFIED.,.F.,.F.,(6,4,4,6),(0.,3.085330429075E-02,0.502063924979,
    1.),.UNSPECIFIED.);
#3213 = CARTESIAN_POINT('',(1.,-0.6));
#3214 = CARTESIAN_POINT('',(0.993600578306,-0.6));
#3215 = CARTESIAN_POINT('',(0.987200728195,-0.6));
#3216 = CARTESIAN_POINT('',(0.980800588868,-0.6));
#3217 = CARTESIAN_POINT('',(0.974400299653,-0.6));
#3218 = CARTESIAN_POINT('',(0.870250691087,-0.6));
#3219 = CARTESIAN_POINT('',(0.772488206064,-0.6));
#3220 = CARTESIAN_POINT('',(0.675244196045,-0.6));
#3221 = CARTESIAN_POINT('',(0.578959817265,-0.6));
#3222 = CARTESIAN_POINT('',(0.38365438677,-0.6));
#3223 = CARTESIAN_POINT('',(0.284774942141,-0.6));
#3224 = CARTESIAN_POINT('',(0.187756439401,-0.6));
#3225 = CARTESIAN_POINT('',(9.280422308487E-02,-0.6));
#3226 = CARTESIAN_POINT('',(0.,-0.6));
#3227 = ( GEOMETRIC_REPRESENTATION_CONTEXT(2) 
PARAMETRIC_REPRESENTATION_CONTEXT() REPRESENTATION_CONTEXT('2D SPACE',''
  ) );
#3228 = ORIENTED_EDGE('',*,*,#3229,.F.);
#3229 = EDGE_CURVE('',#3230,#3167,#3232,.T.);
#3230 = VERTEX_POINT('',#3231);
#3231 = CARTESIAN_POINT('',(74.579013671875,-43.14199249267,33.5));
#3232 = SURFACE_CURVE('',#3233,(#3246,#3262),.PCURVE_S1.);
#3233 = B_SPLINE_CURVE_WITH_KNOTS('',6,(#3234,#3235,#3236,#3237,#3238,
    #3239,#3240,#3241,#3242,#3243,#3244,#3245),.UNSPECIFIED.,.F.,.F.,(7,
    5,7),(0.,0.889328244798,1.),.UNSPECIFIED.);
#3234 = CARTESIAN_POINT('',(74.579013671875,-43.14199249267,33.5));
#3235 = CARTESIAN_POINT('',(74.579013671875,-43.02388673862,33.5));
#3236 = CARTESIAN_POINT('',(74.568083664137,-42.91102734876,33.5));
#3237 = CARTESIAN_POINT('',(74.544827972436,-42.80503417679,33.5));
#3238 = CARTESIAN_POINT('',(74.508038608894,-42.70769098324,33.5));
#3239 = CARTESIAN_POINT('',(74.457130262141,-42.62065454524,33.5));
#3240 = CARTESIAN_POINT('',(74.384992095092,-42.53548239252,33.5));
#3241 = CARTESIAN_POINT('',(74.376802832119,-42.52623054126,33.5));
#3242 = CARTESIAN_POINT('',(74.368409379827,-42.51715466506,33.5));
#3243 = CARTESIAN_POINT('',(74.359813383402,-42.50825622298,33.5));
#3244 = CARTESIAN_POINT('',(74.351016717125,-42.49953645836,33.5));
#3245 = CARTESIAN_POINT('',(74.342021484375,-42.49099639892,33.5));
#3246 = PCURVE('',#1455,#3247);
#3247 = DEFINITIONAL_REPRESENTATION('',(#3248),#3261);
#3248 = B_SPLINE_CURVE_WITH_KNOTS('',6,(#3249,#3250,#3251,#3252,#3253,
    #3254,#3255,#3256,#3257,#3258,#3259,#3260),.UNSPECIFIED.,.F.,.F.,(7,
    5,7),(0.,0.889328244798,1.),.UNSPECIFIED.);
#3249 = CARTESIAN_POINT('',(16.579013671875,15.358007507324));
#3250 = CARTESIAN_POINT('',(16.579013671875,15.476113261375));
#3251 = CARTESIAN_POINT('',(16.568083664137,15.588972651233));
#3252 = CARTESIAN_POINT('',(16.544827972436,15.694965823202));
#3253 = CARTESIAN_POINT('',(16.508038608894,15.792309016753));
#3254 = CARTESIAN_POINT('',(16.457130262141,15.879345454755));
#3255 = CARTESIAN_POINT('',(16.384992095092,15.964517607476));
#3256 = CARTESIAN_POINT('',(16.376802832119,15.97376945874));
#3257 = CARTESIAN_POINT('',(16.368409379827,15.982845334932));
#3258 = CARTESIAN_POINT('',(16.359813383402,15.991743777017));
#3259 = CARTESIAN_POINT('',(16.351016717125,16.000463541631));
#3260 = CARTESIAN_POINT('',(16.342021484375,16.009003601074));
#3261 = ( GEOMETRIC_REPRESENTATION_CONTEXT(2) 
PARAMETRIC_REPRESENTATION_CONTEXT() REPRESENTATION_CONTEXT('2D SPACE',''
  ) );
#3262 = PCURVE('',#3263,#3270);
#3263 = SURFACE_OF_LINEAR_EXTRUSION('',#3264,#3268);
#3264 = B_SPLINE_CURVE_WITH_KNOTS('',2,(#3265,#3266,#3267),
  .UNSPECIFIED.,.F.,.F.,(3,3),(0.,1.),.PIECEWISE_BEZIER_KNOTS.);
#3265 = CARTESIAN_POINT('',(74.342021484375,-42.49099639892,32.9));
#3266 = CARTESIAN_POINT('',(74.579013671875,-42.71599639892,32.9));
#3267 = CARTESIAN_POINT('',(74.579013671875,-43.14199249267,32.9));
#3268 = VECTOR('',#3269,1.);
#3269 = DIRECTION('',(-0.,-0.,-1.));
#3270 = DEFINITIONAL_REPRESENTATION('',(#3271),#3284);
#3271 = B_SPLINE_CURVE_WITH_KNOTS('',6,(#3272,#3273,#3274,#3275,#3276,
    #3277,#3278,#3279,#3280,#3281,#3282,#3283),.UNSPECIFIED.,.F.,.F.,(7,
    5,7),(0.,0.889328244798,1.),.UNSPECIFIED.);
#3272 = CARTESIAN_POINT('',(1.,-0.6));
#3273 = CARTESIAN_POINT('',(0.861376951827,-0.6));
#3274 = CARTESIAN_POINT('',(0.71803142534,-0.6));
#3275 = CARTESIAN_POINT('',(0.570475353527,-0.6));
#3276 = CARTESIAN_POINT('',(0.419599883784,-0.6));
#3277 = CARTESIAN_POINT('',(0.266766961816,-0.6));
#3278 = CARTESIAN_POINT('',(9.498903537587E-02,-0.6));
#3279 = CARTESIAN_POINT('',(7.597798132038E-02,-0.6));
#3280 = CARTESIAN_POINT('',(5.697021310451E-02,-0.6));
#3281 = CARTESIAN_POINT('',(3.796908091896E-02,-0.6));
#3282 = CARTESIAN_POINT('',(1.89779098741E-02,-0.6));
#3283 = CARTESIAN_POINT('',(0.,-0.6));
#3284 = ( GEOMETRIC_REPRESENTATION_CONTEXT(2) 
PARAMETRIC_REPRESENTATION_CONTEXT() REPRESENTATION_CONTEXT('2D SPACE',''
  ) );
#3285 = ORIENTED_EDGE('',*,*,#3286,.F.);
#3286 = EDGE_CURVE('',#3287,#3230,#3289,.T.);
#3287 = VERTEX_POINT('',#3288);
#3288 = CARTESIAN_POINT('',(74.579013671875,-45.50000030517,33.5));
#3289 = SURFACE_CURVE('',#3290,(#3294,#3300),.PCURVE_S1.);
#3290 = LINE('',#3291,#3292);
#3291 = CARTESIAN_POINT('',(74.579013671875,-50.82099624633,33.5));
#3292 = VECTOR('',#3293,1.);
#3293 = DIRECTION('',(0.,1.,0.));
#3294 = PCURVE('',#1455,#3295);
#3295 = DEFINITIONAL_REPRESENTATION('',(#3296),#3299);
#3296 = B_SPLINE_CURVE_WITH_KNOTS('',1,(#3297,#3298),.UNSPECIFIED.,.F.,
  .F.,(2,2),(5.320995941162,7.679003753662),.PIECEWISE_BEZIER_KNOTS.);
#3297 = CARTESIAN_POINT('',(16.579013671875,12.999999694824));
#3298 = CARTESIAN_POINT('',(16.579013671875,15.358007507324));
#3299 = ( GEOMETRIC_REPRESENTATION_CONTEXT(2) 
PARAMETRIC_REPRESENTATION_CONTEXT() REPRESENTATION_CONTEXT('2D SPACE',''
  ) );
#3300 = PCURVE('',#3301,#3306);
#3301 = PLANE('',#3302);
#3302 = AXIS2_PLACEMENT_3D('',#3303,#3304,#3305);
#3303 = CARTESIAN_POINT('',(74.579013671875,-43.14199249267,32.9));
#3304 = DIRECTION('',(1.,0.,0.));
#3305 = DIRECTION('',(0.,-1.,0.));
#3306 = DEFINITIONAL_REPRESENTATION('',(#3307),#3310);
#3307 = B_SPLINE_CURVE_WITH_KNOTS('',1,(#3308,#3309),.UNSPECIFIED.,.F.,
  .F.,(2,2),(5.320995941162,7.679003753662),.PIECEWISE_BEZIER_KNOTS.);
#3308 = CARTESIAN_POINT('',(2.3580078125,-0.6));
#3309 = CARTESIAN_POINT('',(0.,-0.6));
#3310 = ( GEOMETRIC_REPRESENTATION_CONTEXT(2) 
PARAMETRIC_REPRESENTATION_CONTEXT() REPRESENTATION_CONTEXT('2D SPACE',''
  ) );
#3311 = ORIENTED_EDGE('',*,*,#3312,.F.);
#3312 = EDGE_CURVE('',#3313,#3287,#3315,.T.);
#3313 = VERTEX_POINT('',#3314);
#3314 = CARTESIAN_POINT('',(74.075029296875,-45.50000030517,33.5));
#3315 = SURFACE_CURVE('',#3316,(#3320,#3326),.PCURVE_S1.);
#3316 = LINE('',#3317,#3318);
#3317 = CARTESIAN_POINT('',(66.289506835938,-45.50000030517,33.5));
#3318 = VECTOR('',#3319,1.);
#3319 = DIRECTION('',(1.,0.,-0.));
#3320 = PCURVE('',#1455,#3321);
#3321 = DEFINITIONAL_REPRESENTATION('',(#3322),#3325);
#3322 = B_SPLINE_CURVE_WITH_KNOTS('',1,(#3323,#3324),.UNSPECIFIED.,.F.,
  .F.,(2,2),(7.785522460938,8.289506835938),.PIECEWISE_BEZIER_KNOTS.);
#3323 = CARTESIAN_POINT('',(16.075029296875,12.999999694824));
#3324 = CARTESIAN_POINT('',(16.579013671875,12.999999694824));
#3325 = ( GEOMETRIC_REPRESENTATION_CONTEXT(2) 
PARAMETRIC_REPRESENTATION_CONTEXT() REPRESENTATION_CONTEXT('2D SPACE',''
  ) );
#3326 = PCURVE('',#3327,#3332);
#3327 = PLANE('',#3328);
#3328 = AXIS2_PLACEMENT_3D('',#3329,#3330,#3331);
#3329 = CARTESIAN_POINT('',(74.579013671875,-45.50000030517,32.9));
#3330 = DIRECTION('',(0.,-1.,0.));
#3331 = DIRECTION('',(-1.,0.,0.));
#3332 = DEFINITIONAL_REPRESENTATION('',(#3333),#3336);
#3333 = B_SPLINE_CURVE_WITH_KNOTS('',1,(#3334,#3335),.UNSPECIFIED.,.F.,
  .F.,(2,2),(7.785522460938,8.289506835938),.PIECEWISE_BEZIER_KNOTS.);
#3334 = CARTESIAN_POINT('',(0.503984375,-0.6));
#3335 = CARTESIAN_POINT('',(0.,-0.6));
#3336 = ( GEOMETRIC_REPRESENTATION_CONTEXT(2) 
PARAMETRIC_REPRESENTATION_CONTEXT() REPRESENTATION_CONTEXT('2D SPACE',''
  ) );
#3337 = ORIENTED_EDGE('',*,*,#3338,.F.);
#3338 = EDGE_CURVE('',#3339,#3313,#3341,.T.);
#3339 = VERTEX_POINT('',#3340);
#3340 = CARTESIAN_POINT('',(74.075029296875,-43.33400421142,33.5));
#3341 = SURFACE_CURVE('',#3342,(#3346,#3352),.PCURVE_S1.);
#3342 = LINE('',#3343,#3344);
#3343 = CARTESIAN_POINT('',(74.075029296875,-52.00000015258,33.5));
#3344 = VECTOR('',#3345,1.);
#3345 = DIRECTION('',(0.,-1.,0.));
#3346 = PCURVE('',#1455,#3347);
#3347 = DEFINITIONAL_REPRESENTATION('',(#3348),#3351);
#3348 = B_SPLINE_CURVE_WITH_KNOTS('',1,(#3349,#3350),.UNSPECIFIED.,.F.,
  .F.,(2,2),(-8.665995941162,-6.499999847412),.PIECEWISE_BEZIER_KNOTS.);
#3349 = CARTESIAN_POINT('',(16.075029296875,15.165995788574));
#3350 = CARTESIAN_POINT('',(16.075029296875,12.999999694824));
#3351 = ( GEOMETRIC_REPRESENTATION_CONTEXT(2) 
PARAMETRIC_REPRESENTATION_CONTEXT() REPRESENTATION_CONTEXT('2D SPACE',''
  ) );
#3352 = PCURVE('',#3353,#3358);
#3353 = PLANE('',#3354);
#3354 = AXIS2_PLACEMENT_3D('',#3355,#3356,#3357);
#3355 = CARTESIAN_POINT('',(74.075029296875,-45.50000030517,32.9));
#3356 = DIRECTION('',(-1.,0.,0.));
#3357 = DIRECTION('',(0.,1.,0.));
#3358 = DEFINITIONAL_REPRESENTATION('',(#3359),#3362);
#3359 = B_SPLINE_CURVE_WITH_KNOTS('',1,(#3360,#3361),.UNSPECIFIED.,.F.,
  .F.,(2,2),(-8.665995941162,-6.499999847412),.PIECEWISE_BEZIER_KNOTS.);
#3360 = CARTESIAN_POINT('',(2.16599609375,-0.6));
#3361 = CARTESIAN_POINT('',(0.,-0.6));
#3362 = ( GEOMETRIC_REPRESENTATION_CONTEXT(2) 
PARAMETRIC_REPRESENTATION_CONTEXT() REPRESENTATION_CONTEXT('2D SPACE',''
  ) );
#3363 = ORIENTED_EDGE('',*,*,#3364,.F.);
#3364 = EDGE_CURVE('',#3365,#3339,#3367,.T.);
#3365 = VERTEX_POINT('',#3366);
#3366 = CARTESIAN_POINT('',(73.922021484375,-42.86900421142,33.5));
#3367 = SURFACE_CURVE('',#3368,(#3379,#3393),.PCURVE_S1.);
#3368 = B_SPLINE_CURVE_WITH_KNOTS('',5,(#3369,#3370,#3371,#3372,#3373,
    #3374,#3375,#3376,#3377,#3378),.UNSPECIFIED.,.F.,.F.,(6,4,6),(0.,
    0.474272437322,1.),.UNSPECIFIED.);
#3369 = CARTESIAN_POINT('',(73.922021484375,-42.86900421142,33.5));
#3370 = CARTESIAN_POINT('',(73.951651925554,-42.9009569772,33.5));
#3371 = CARTESIAN_POINT('',(73.977710772239,-42.93608973164,33.5));
#3372 = CARTESIAN_POINT('',(74.000107352576,-42.97431878226,33.5));
#3373 = CARTESIAN_POINT('',(74.018839471948,-43.01549657086,33.5));
#3374 = CARTESIAN_POINT('',(74.050749731653,-43.10812556867,33.5));
#3375 = CARTESIAN_POINT('',(74.063105738132,-43.1602097241,33.5));
#3376 = CARTESIAN_POINT('',(74.07113279883,-43.21541858091,33.5));
#3377 = CARTESIAN_POINT('',(74.075029296875,-43.27344834613,33.5));
#3378 = CARTESIAN_POINT('',(74.075029296875,-43.33400421142,33.5));
#3379 = PCURVE('',#1455,#3380);
#3380 = DEFINITIONAL_REPRESENTATION('',(#3381),#3392);
#3381 = B_SPLINE_CURVE_WITH_KNOTS('',5,(#3382,#3383,#3384,#3385,#3386,
    #3387,#3388,#3389,#3390,#3391),.UNSPECIFIED.,.F.,.F.,(6,4,6),(0.,
    0.474272437322,1.),.UNSPECIFIED.);
#3382 = CARTESIAN_POINT('',(15.922021484375,15.630995788574));
#3383 = CARTESIAN_POINT('',(15.951651925554,15.599043022799));
#3384 = CARTESIAN_POINT('',(15.977710772239,15.563910268358));
#3385 = CARTESIAN_POINT('',(16.000107352576,15.525681217738));
#3386 = CARTESIAN_POINT('',(16.018839471948,15.484503429132));
#3387 = CARTESIAN_POINT('',(16.050749731653,15.391874431323));
#3388 = CARTESIAN_POINT('',(16.063105738132,15.339790275899));
#3389 = CARTESIAN_POINT('',(16.07113279883,15.284581419084));
#3390 = CARTESIAN_POINT('',(16.075029296875,15.226551653863));
#3391 = CARTESIAN_POINT('',(16.075029296875,15.165995788574));
#3392 = ( GEOMETRIC_REPRESENTATION_CONTEXT(2) 
PARAMETRIC_REPRESENTATION_CONTEXT() REPRESENTATION_CONTEXT('2D SPACE',''
  ) );
#3393 = PCURVE('',#3394,#3401);
#3394 = SURFACE_OF_LINEAR_EXTRUSION('',#3395,#3399);
#3395 = B_SPLINE_CURVE_WITH_KNOTS('',2,(#3396,#3397,#3398),
  .UNSPECIFIED.,.F.,.F.,(3,3),(0.,1.),.PIECEWISE_BEZIER_KNOTS.);
#3396 = CARTESIAN_POINT('',(74.075029296875,-43.33400421142,32.9));
#3397 = CARTESIAN_POINT('',(74.075029296875,-43.03400421142,32.9));
#3398 = CARTESIAN_POINT('',(73.922021484375,-42.86900421142,32.9));
#3399 = VECTOR('',#3400,1.);
#3400 = DIRECTION('',(-0.,-0.,-1.));
#3401 = DEFINITIONAL_REPRESENTATION('',(#3402),#3413);
#3402 = B_SPLINE_CURVE_WITH_KNOTS('',5,(#3403,#3404,#3405,#3406,#3407,
    #3408,#3409,#3410,#3411,#3412),.UNSPECIFIED.,.F.,.F.,(6,4,6),(0.,
    0.474272437322,1.),.UNSPECIFIED.);
#3403 = CARTESIAN_POINT('',(1.,-0.6));
#3404 = CARTESIAN_POINT('',(0.903173437044,-0.6));
#3405 = CARTESIAN_POINT('',(0.806298969642,-0.6));
#3406 = CARTESIAN_POINT('',(0.709649419424,-0.6));
#3407 = CARTESIAN_POINT('',(0.613473943925,-0.6));
#3408 = CARTESIAN_POINT('',(0.412167824463,-0.6));
#3409 = CARTESIAN_POINT('',(0.307191228776,-0.6));
#3410 = CARTESIAN_POINT('',(0.203372569122,-0.6));
#3411 = CARTESIAN_POINT('',(0.100926442148,-0.6));
#3412 = CARTESIAN_POINT('',(0.,-0.6));
#3413 = ( GEOMETRIC_REPRESENTATION_CONTEXT(2) 
PARAMETRIC_REPRESENTATION_CONTEXT() REPRESENTATION_CONTEXT('2D SPACE',''
  ) );
#3414 = ORIENTED_EDGE('',*,*,#3415,.F.);
#3415 = EDGE_CURVE('',#3416,#3365,#3418,.T.);
#3416 = VERTEX_POINT('',#3417);
#3417 = CARTESIAN_POINT('',(73.493017578125,-42.70400421142,33.5));
#3418 = SURFACE_CURVE('',#3419,(#3430,#3444),.PCURVE_S1.);
#3419 = B_SPLINE_CURVE_WITH_KNOTS('',5,(#3420,#3421,#3422,#3423,#3424,
    #3425,#3426,#3427,#3428,#3429),.UNSPECIFIED.,.F.,.F.,(6,4,6),(0.,
    0.804194595986,1.),.UNSPECIFIED.);
#3420 = CARTESIAN_POINT('',(73.493017578125,-42.70400421142,33.5));
#3421 = CARTESIAN_POINT('',(73.579045340853,-42.70400421142,33.5));
#3422 = CARTESIAN_POINT('',(73.659374329522,-42.71402373512,33.5));
#3423 = CARTESIAN_POINT('',(73.732955180662,-42.7348853305,33.5));
#3424 = CARTESIAN_POINT('',(73.798862945065,-42.7670480422,33.5));
#3425 = CARTESIAN_POINT('',(73.870668716044,-42.8206231712,33.5));
#3426 = CARTESIAN_POINT('',(73.884245574558,-42.83176152428,33.5));
#3427 = CARTESIAN_POINT('',(73.897332787704,-42.84354300006,33.5));
#3428 = CARTESIAN_POINT('',(73.909925687601,-42.85596039075,33.5));
#3429 = CARTESIAN_POINT('',(73.922021484375,-42.86900421142,33.5));
#3430 = PCURVE('',#1455,#3431);
#3431 = DEFINITIONAL_REPRESENTATION('',(#3432),#3443);
#3432 = B_SPLINE_CURVE_WITH_KNOTS('',5,(#3433,#3434,#3435,#3436,#3437,
    #3438,#3439,#3440,#3441,#3442),.UNSPECIFIED.,.F.,.F.,(6,4,6),(0.,
    0.804194595986,1.),.UNSPECIFIED.);
#3433 = CARTESIAN_POINT('',(15.493017578125,15.795995788574));
#3434 = CARTESIAN_POINT('',(15.579045340853,15.795995788574));
#3435 = CARTESIAN_POINT('',(15.659374329522,15.78597626488));
#3436 = CARTESIAN_POINT('',(15.732955180662,15.765114669498));
#3437 = CARTESIAN_POINT('',(15.798862945065,15.732951957797));
#3438 = CARTESIAN_POINT('',(15.870668716044,15.679376828795));
#3439 = CARTESIAN_POINT('',(15.884245574558,15.668238475712));
#3440 = CARTESIAN_POINT('',(15.897332787704,15.656456999937));
#3441 = CARTESIAN_POINT('',(15.909925687601,15.644039609246));
#3442 = CARTESIAN_POINT('',(15.922021484375,15.630995788574));
#3443 = ( GEOMETRIC_REPRESENTATION_CONTEXT(2) 
PARAMETRIC_REPRESENTATION_CONTEXT() REPRESENTATION_CONTEXT('2D SPACE',''
  ) );
#3444 = PCURVE('',#3445,#3452);
#3445 = SURFACE_OF_LINEAR_EXTRUSION('',#3446,#3450);
#3446 = B_SPLINE_CURVE_WITH_KNOTS('',2,(#3447,#3448,#3449),
  .UNSPECIFIED.,.F.,.F.,(3,3),(0.,1.),.PIECEWISE_BEZIER_KNOTS.);
#3447 = CARTESIAN_POINT('',(73.922021484375,-42.86900421142,32.9));
#3448 = CARTESIAN_POINT('',(73.769013671875,-42.70400421142,32.9));
#3449 = CARTESIAN_POINT('',(73.493017578125,-42.70400421142,32.9));
#3450 = VECTOR('',#3451,1.);
#3451 = DIRECTION('',(-0.,-0.,-1.));
#3452 = DEFINITIONAL_REPRESENTATION('',(#3453),#3464);
#3453 = B_SPLINE_CURVE_WITH_KNOTS('',5,(#3454,#3455,#3456,#3457,#3458,
    #3459,#3460,#3461,#3462,#3463),.UNSPECIFIED.,.F.,.F.,(6,4,6),(0.,
    0.804194595986,1.),.UNSPECIFIED.);
#3454 = CARTESIAN_POINT('',(1.,-0.6));
#3455 = CARTESIAN_POINT('',(0.844150398003,-0.6));
#3456 = CARTESIAN_POINT('',(0.685094928515,-0.6));
#3457 = CARTESIAN_POINT('',(0.523623910239,-0.6));
#3458 = CARTESIAN_POINT('',(0.360793127872,-0.6));
#3459 = CARTESIAN_POINT('',(0.158363108217,-0.6));
#3460 = CARTESIAN_POINT('',(0.11872630924,-0.6));
#3461 = CARTESIAN_POINT('',(7.910811978642E-02,-0.6));
#3462 = CARTESIAN_POINT('',(3.952672930975E-02,-0.6));
#3463 = CARTESIAN_POINT('',(0.,-0.6));
#3464 = ( GEOMETRIC_REPRESENTATION_CONTEXT(2) 
PARAMETRIC_REPRESENTATION_CONTEXT() REPRESENTATION_CONTEXT('2D SPACE',''
  ) );
#3465 = ORIENTED_EDGE('',*,*,#3466,.F.);
#3466 = EDGE_CURVE('',#3467,#3416,#3469,.T.);
#3467 = VERTEX_POINT('',#3468);
#3468 = CARTESIAN_POINT('',(72.971025390625,-42.94400421142,33.5));
#3469 = SURFACE_CURVE('',#3470,(#3481,#3495),.PCURVE_S1.);
#3470 = B_SPLINE_CURVE_WITH_KNOTS('',5,(#3471,#3472,#3473,#3474,#3475,
    #3476,#3477,#3478,#3479,#3480),.UNSPECIFIED.,.F.,.F.,(6,4,6),(0.,
    0.581270754129,1.),.UNSPECIFIED.);
#3471 = CARTESIAN_POINT('',(72.971025390625,-42.94400421142,33.5));
#3472 = CARTESIAN_POINT('',(73.020076678716,-42.88950179456,33.5));
#3473 = CARTESIAN_POINT('',(73.07278686992,-42.84189289345,33.5));
#3474 = CARTESIAN_POINT('',(73.129132113514,-42.80188101406,33.5));
#3475 = CARTESIAN_POINT('',(73.188950552009,-42.76998319478,33.5));
#3476 = CARTESIAN_POINT('',(73.297172592976,-42.72930854671,33.5));
#3477 = CARTESIAN_POINT('',(73.344096906045,-42.71655822732,33.5));
#3478 = CARTESIAN_POINT('',(73.392490990619,-42.70814269076,33.5));
#3479 = CARTESIAN_POINT('',(73.442190957828,-42.70400421142,33.5));
#3480 = CARTESIAN_POINT('',(73.493017578125,-42.70400421142,33.5));
#3481 = PCURVE('',#1455,#3482);
#3482 = DEFINITIONAL_REPRESENTATION('',(#3483),#3494);
#3483 = B_SPLINE_CURVE_WITH_KNOTS('',5,(#3484,#3485,#3486,#3487,#3488,
    #3489,#3490,#3491,#3492,#3493),.UNSPECIFIED.,.F.,.F.,(6,4,6),(0.,
    0.581270754129,1.),.UNSPECIFIED.);
#3484 = CARTESIAN_POINT('',(14.971025390625,15.555995788574));
#3485 = CARTESIAN_POINT('',(15.020076678716,15.610498205435));
#3486 = CARTESIAN_POINT('',(15.07278686992,15.658107106541));
#3487 = CARTESIAN_POINT('',(15.129132113514,15.698118985931));
#3488 = CARTESIAN_POINT('',(15.188950552009,15.730016805211));
#3489 = CARTESIAN_POINT('',(15.297172592976,15.77069145329));
#3490 = CARTESIAN_POINT('',(15.344096906045,15.78344177268));
#3491 = CARTESIAN_POINT('',(15.392490990619,15.791857309234));
#3492 = CARTESIAN_POINT('',(15.442190957828,15.795995788574));
#3493 = CARTESIAN_POINT('',(15.493017578125,15.795995788574));
#3494 = ( GEOMETRIC_REPRESENTATION_CONTEXT(2) 
PARAMETRIC_REPRESENTATION_CONTEXT() REPRESENTATION_CONTEXT('2D SPACE',''
  ) );
#3495 = PCURVE('',#3496,#3503);
#3496 = SURFACE_OF_LINEAR_EXTRUSION('',#3497,#3501);
#3497 = B_SPLINE_CURVE_WITH_KNOTS('',2,(#3498,#3499,#3500),
  .UNSPECIFIED.,.F.,.F.,(3,3),(0.,1.),.PIECEWISE_BEZIER_KNOTS.);
#3498 = CARTESIAN_POINT('',(73.493017578125,-42.70400421142,32.9));
#3499 = CARTESIAN_POINT('',(73.187021484375,-42.70400421142,32.9));
#3500 = CARTESIAN_POINT('',(72.971025390625,-42.94400421142,32.9));
#3501 = VECTOR('',#3502,1.);
#3502 = DIRECTION('',(-0.,-0.,-1.));
#3503 = DEFINITIONAL_REPRESENTATION('',(#3504),#3515);
#3504 = B_SPLINE_CURVE_WITH_KNOTS('',5,(#3505,#3506,#3507,#3508,#3509,
    #3510,#3511,#3512,#3513,#3514),.UNSPECIFIED.,.F.,.F.,(6,4,6),(0.,
    0.581270754129,1.),.UNSPECIFIED.);
#3505 = CARTESIAN_POINT('',(1.,-0.6));
#3506 = CARTESIAN_POINT('',(0.886453298208,-0.6));
#3507 = CARTESIAN_POINT('',(0.771151942144,-0.6));
#3508 = CARTESIAN_POINT('',(0.654565979411,-0.6));
#3509 = CARTESIAN_POINT('',(0.537276703189,-0.6));
#3510 = CARTESIAN_POINT('',(0.33551753613,-0.6));
#3511 = CARTESIAN_POINT('',(0.251030047733,-0.6));
#3512 = CARTESIAN_POINT('',(0.166797092093,-0.6));
#3513 = CARTESIAN_POINT('',(8.305109335609E-02,-0.6));
#3514 = CARTESIAN_POINT('',(0.,-0.6));
#3515 = ( GEOMETRIC_REPRESENTATION_CONTEXT(2) 
PARAMETRIC_REPRESENTATION_CONTEXT() REPRESENTATION_CONTEXT('2D SPACE',''
  ) );
#3516 = ORIENTED_EDGE('',*,*,#3517,.F.);
#3517 = EDGE_CURVE('',#3518,#3467,#3520,.T.);
#3518 = VERTEX_POINT('',#3519);
#3519 = CARTESIAN_POINT('',(72.755029296875,-43.52599639892,33.5));
#3520 = SURFACE_CURVE('',#3521,(#3532,#3546),.PCURVE_S1.);
#3521 = B_SPLINE_CURVE_WITH_KNOTS('',5,(#3522,#3523,#3524,#3525,#3526,
    #3527,#3528,#3529,#3530,#3531),.UNSPECIFIED.,.F.,.F.,(6,4,6),(0.,
    0.613416663001,1.),.UNSPECIFIED.);
#3522 = CARTESIAN_POINT('',(72.755029296875,-43.52599639892,33.5));
#3523 = CARTESIAN_POINT('',(72.755029296875,-43.44392149711,33.5));
#3524 = CARTESIAN_POINT('',(72.762804562836,-43.36433613995,33.5));
#3525 = CARTESIAN_POINT('',(72.778802811162,-43.28777482816,33.5));
#3526 = CARTESIAN_POINT('',(72.803240677352,-43.21473304826,33.5));
#3527 = CARTESIAN_POINT('',(72.856530166262,-43.10202902645,33.5));
#3528 = CARTESIAN_POINT('',(72.880409919234,-43.06000720024,33.5));
#3529 = CARTESIAN_POINT('',(72.907524379702,-43.01962707852,33.5));
#3530 = CARTESIAN_POINT('',(72.937775960913,-42.98094869033,33.5));
#3531 = CARTESIAN_POINT('',(72.971025390625,-42.94400421142,33.5));
#3532 = PCURVE('',#1455,#3533);
#3533 = DEFINITIONAL_REPRESENTATION('',(#3534),#3545);
#3534 = B_SPLINE_CURVE_WITH_KNOTS('',5,(#3535,#3536,#3537,#3538,#3539,
    #3540,#3541,#3542,#3543,#3544),.UNSPECIFIED.,.F.,.F.,(6,4,6),(0.,
    0.613416663001,1.),.UNSPECIFIED.);
#3535 = CARTESIAN_POINT('',(14.755029296875,14.974003601074));
#3536 = CARTESIAN_POINT('',(14.755029296875,15.056078502883));
#3537 = CARTESIAN_POINT('',(14.762804562836,15.135663860047));
#3538 = CARTESIAN_POINT('',(14.778802811162,15.212225171838));
#3539 = CARTESIAN_POINT('',(14.803240677352,15.285266951735));
#3540 = CARTESIAN_POINT('',(14.856530166262,15.397970973543));
#3541 = CARTESIAN_POINT('',(14.880409919234,15.439992799758));
#3542 = CARTESIAN_POINT('',(14.907524379702,15.480372921479));
#3543 = CARTESIAN_POINT('',(14.937775960913,15.519051309661));
#3544 = CARTESIAN_POINT('',(14.971025390625,15.555995788574));
#3545 = ( GEOMETRIC_REPRESENTATION_CONTEXT(2) 
PARAMETRIC_REPRESENTATION_CONTEXT() REPRESENTATION_CONTEXT('2D SPACE',''
  ) );
#3546 = PCURVE('',#3547,#3554);
#3547 = SURFACE_OF_LINEAR_EXTRUSION('',#3548,#3552);
#3548 = B_SPLINE_CURVE_WITH_KNOTS('',2,(#3549,#3550,#3551),
  .UNSPECIFIED.,.F.,.F.,(3,3),(0.,1.),.PIECEWISE_BEZIER_KNOTS.);
#3549 = CARTESIAN_POINT('',(72.971025390625,-42.94400421142,32.9));
#3550 = CARTESIAN_POINT('',(72.755029296875,-43.18400421142,32.9));
#3551 = CARTESIAN_POINT('',(72.755029296875,-43.52599639892,32.9));
#3552 = VECTOR('',#3553,1.);
#3553 = DIRECTION('',(-0.,-0.,-1.));
#3554 = DEFINITIONAL_REPRESENTATION('',(#3555),#3566);
#3555 = B_SPLINE_CURVE_WITH_KNOTS('',5,(#3556,#3557,#3558,#3559,#3560,
    #3561,#3562,#3563,#3564,#3565),.UNSPECIFIED.,.F.,.F.,(6,4,6),(0.,
    0.613416663001,1.),.UNSPECIFIED.);
#3556 = CARTESIAN_POINT('',(1.,-0.6));
#3557 = CARTESIAN_POINT('',(0.880004712376,-0.6));
#3558 = CARTESIAN_POINT('',(0.758281470223,-0.6));
#3559 = CARTESIAN_POINT('',(0.635302640272,-0.6));
#3560 = CARTESIAN_POINT('',(0.511643078359,-0.6));
#3561 = CARTESIAN_POINT('',(0.310078488062,-0.6));
#3562 = CARTESIAN_POINT('',(0.232156069964,-0.6));
#3563 = CARTESIAN_POINT('',(0.154400750865,-0.6));
#3564 = CARTESIAN_POINT('',(7.696766440303E-02,-0.6));
#3565 = CARTESIAN_POINT('',(0.,-0.6));
#3566 = ( GEOMETRIC_REPRESENTATION_CONTEXT(2) 
PARAMETRIC_REPRESENTATION_CONTEXT() REPRESENTATION_CONTEXT('2D SPACE',''
  ) );
#3567 = ORIENTED_EDGE('',*,*,#3568,.F.);
#3568 = EDGE_CURVE('',#3569,#3518,#3571,.T.);
#3569 = VERTEX_POINT('',#3570);
#3570 = CARTESIAN_POINT('',(72.755029296875,-45.50000030517,33.5));
#3571 = SURFACE_CURVE('',#3572,(#3576,#3582),.PCURVE_S1.);
#3572 = LINE('',#3573,#3574);
#3573 = CARTESIAN_POINT('',(72.755029296875,-51.01299819946,33.5));
#3574 = VECTOR('',#3575,1.);
#3575 = DIRECTION('',(0.,1.,0.));
#3576 = PCURVE('',#1455,#3577);
#3577 = DEFINITIONAL_REPRESENTATION('',(#3578),#3581);
#3578 = B_SPLINE_CURVE_WITH_KNOTS('',1,(#3579,#3580),.UNSPECIFIED.,.F.,
  .F.,(2,2),(5.512997894287,7.487001800537),.PIECEWISE_BEZIER_KNOTS.);
#3579 = CARTESIAN_POINT('',(14.755029296875,12.999999694824));
#3580 = CARTESIAN_POINT('',(14.755029296875,14.974003601074));
#3581 = ( GEOMETRIC_REPRESENTATION_CONTEXT(2) 
PARAMETRIC_REPRESENTATION_CONTEXT() REPRESENTATION_CONTEXT('2D SPACE',''
  ) );
#3582 = PCURVE('',#3583,#3588);
#3583 = PLANE('',#3584);
#3584 = AXIS2_PLACEMENT_3D('',#3585,#3586,#3587);
#3585 = CARTESIAN_POINT('',(72.755029296875,-43.52599639892,32.9));
#3586 = DIRECTION('',(1.,0.,0.));
#3587 = DIRECTION('',(0.,-1.,0.));
#3588 = DEFINITIONAL_REPRESENTATION('',(#3589),#3592);
#3589 = B_SPLINE_CURVE_WITH_KNOTS('',1,(#3590,#3591),.UNSPECIFIED.,.F.,
  .F.,(2,2),(5.512997894287,7.487001800537),.PIECEWISE_BEZIER_KNOTS.);
#3590 = CARTESIAN_POINT('',(1.97400390625,-0.6));
#3591 = CARTESIAN_POINT('',(0.,-0.6));
#3592 = ( GEOMETRIC_REPRESENTATION_CONTEXT(2) 
PARAMETRIC_REPRESENTATION_CONTEXT() REPRESENTATION_CONTEXT('2D SPACE',''
  ) );
#3593 = ORIENTED_EDGE('',*,*,#3594,.F.);
#3594 = EDGE_CURVE('',#3595,#3569,#3597,.T.);
#3595 = VERTEX_POINT('',#3596);
#3596 = CARTESIAN_POINT('',(72.251025390625,-45.50000030517,33.5));
#3597 = SURFACE_CURVE('',#3598,(#3602,#3608),.PCURVE_S1.);
#3598 = LINE('',#3599,#3600);
#3599 = CARTESIAN_POINT('',(65.377514648438,-45.50000030517,33.5));
#3600 = VECTOR('',#3601,1.);
#3601 = DIRECTION('',(1.,0.,-0.));
#3602 = PCURVE('',#1455,#3603);
#3603 = DEFINITIONAL_REPRESENTATION('',(#3604),#3607);
#3604 = B_SPLINE_CURVE_WITH_KNOTS('',1,(#3605,#3606),.UNSPECIFIED.,.F.,
  .F.,(2,2),(6.873510742187,7.377514648437),.PIECEWISE_BEZIER_KNOTS.);
#3605 = CARTESIAN_POINT('',(14.251025390625,12.999999694824));
#3606 = CARTESIAN_POINT('',(14.755029296875,12.999999694824));
#3607 = ( GEOMETRIC_REPRESENTATION_CONTEXT(2) 
PARAMETRIC_REPRESENTATION_CONTEXT() REPRESENTATION_CONTEXT('2D SPACE',''
  ) );
#3608 = PCURVE('',#3609,#3614);
#3609 = PLANE('',#3610);
#3610 = AXIS2_PLACEMENT_3D('',#3611,#3612,#3613);
#3611 = CARTESIAN_POINT('',(72.755029296875,-45.50000030517,32.9));
#3612 = DIRECTION('',(0.,-1.,0.));
#3613 = DIRECTION('',(-1.,0.,0.));
#3614 = DEFINITIONAL_REPRESENTATION('',(#3615),#3618);
#3615 = B_SPLINE_CURVE_WITH_KNOTS('',1,(#3616,#3617),.UNSPECIFIED.,.F.,
  .F.,(2,2),(6.873510742187,7.377514648437),.PIECEWISE_BEZIER_KNOTS.);
#3616 = CARTESIAN_POINT('',(0.50400390625,-0.6));
#3617 = CARTESIAN_POINT('',(0.,-0.6));
#3618 = ( GEOMETRIC_REPRESENTATION_CONTEXT(2) 
PARAMETRIC_REPRESENTATION_CONTEXT() REPRESENTATION_CONTEXT('2D SPACE',''
  ) );
#3619 = ORIENTED_EDGE('',*,*,#3620,.F.);
#3620 = EDGE_CURVE('',#3621,#3595,#3623,.T.);
#3621 = VERTEX_POINT('',#3622);
#3622 = CARTESIAN_POINT('',(72.251025390625,-43.33400421142,33.5));
#3623 = SURFACE_CURVE('',#3624,(#3628,#3634),.PCURVE_S1.);
#3624 = LINE('',#3625,#3626);
#3625 = CARTESIAN_POINT('',(72.251025390625,-52.00000015258,33.5));
#3626 = VECTOR('',#3627,1.);
#3627 = DIRECTION('',(0.,-1.,0.));
#3628 = PCURVE('',#1455,#3629);
#3629 = DEFINITIONAL_REPRESENTATION('',(#3630),#3633);
#3630 = B_SPLINE_CURVE_WITH_KNOTS('',1,(#3631,#3632),.UNSPECIFIED.,.F.,
  .F.,(2,2),(-8.665995941162,-6.499999847412),.PIECEWISE_BEZIER_KNOTS.);
#3631 = CARTESIAN_POINT('',(14.251025390625,15.165995788574));
#3632 = CARTESIAN_POINT('',(14.251025390625,12.999999694824));
#3633 = ( GEOMETRIC_REPRESENTATION_CONTEXT(2) 
PARAMETRIC_REPRESENTATION_CONTEXT() REPRESENTATION_CONTEXT('2D SPACE',''
  ) );
#3634 = PCURVE('',#3635,#3640);
#3635 = PLANE('',#3636);
#3636 = AXIS2_PLACEMENT_3D('',#3637,#3638,#3639);
#3637 = CARTESIAN_POINT('',(72.251025390625,-45.50000030517,32.9));
#3638 = DIRECTION('',(-1.,0.,0.));
#3639 = DIRECTION('',(0.,1.,0.));
#3640 = DEFINITIONAL_REPRESENTATION('',(#3641),#3644);
#3641 = B_SPLINE_CURVE_WITH_KNOTS('',1,(#3642,#3643),.UNSPECIFIED.,.F.,
  .F.,(2,2),(-8.665995941162,-6.499999847412),.PIECEWISE_BEZIER_KNOTS.);
#3642 = CARTESIAN_POINT('',(2.16599609375,-0.6));
#3643 = CARTESIAN_POINT('',(0.,-0.6));
#3644 = ( GEOMETRIC_REPRESENTATION_CONTEXT(2) 
PARAMETRIC_REPRESENTATION_CONTEXT() REPRESENTATION_CONTEXT('2D SPACE',''
  ) );
#3645 = ORIENTED_EDGE('',*,*,#3646,.F.);
#3646 = EDGE_CURVE('',#3647,#3621,#3649,.T.);
#3647 = VERTEX_POINT('',#3648);
#3648 = CARTESIAN_POINT('',(72.09802734375,-42.86900421142,33.5));
#3649 = SURFACE_CURVE('',#3650,(#3661,#3675),.PCURVE_S1.);
#3650 = B_SPLINE_CURVE_WITH_KNOTS('',5,(#3651,#3652,#3653,#3654,#3655,
    #3656,#3657,#3658,#3659,#3660),.UNSPECIFIED.,.F.,.F.,(6,4,6),(0.,
    0.474271809487,1.),.UNSPECIFIED.);
#3651 = CARTESIAN_POINT('',(72.09802734375,-42.86900421142,33.5));
#3652 = CARTESIAN_POINT('',(72.127655954053,-42.90095704219,33.5));
#3653 = CARTESIAN_POINT('',(72.153713147569,-42.93608983606,33.5));
#3654 = CARTESIAN_POINT('',(72.176108280351,-42.97431889048,33.5));
#3655 = CARTESIAN_POINT('',(72.194839176789,-43.01549664289,33.5));
#3656 = CARTESIAN_POINT('',(72.226747389766,-43.10812561145,33.5));
#3657 = CARTESIAN_POINT('',(72.239102603051,-43.16020978207,33.5));
#3658 = CARTESIAN_POINT('',(72.247129144522,-43.21541862977,33.5));
#3659 = CARTESIAN_POINT('',(72.251025390625,-43.27344837139,33.5));
#3660 = CARTESIAN_POINT('',(72.251025390625,-43.33400421142,33.5));
#3661 = PCURVE('',#1455,#3662);
#3662 = DEFINITIONAL_REPRESENTATION('',(#3663),#3674);
#3663 = B_SPLINE_CURVE_WITH_KNOTS('',5,(#3664,#3665,#3666,#3667,#3668,
    #3669,#3670,#3671,#3672,#3673),.UNSPECIFIED.,.F.,.F.,(6,4,6),(0.,
    0.474271809487,1.),.UNSPECIFIED.);
#3664 = CARTESIAN_POINT('',(14.09802734375,15.630995788574));
#3665 = CARTESIAN_POINT('',(14.127655954053,15.599042957803));
#3666 = CARTESIAN_POINT('',(14.153713147569,15.563910163936));
#3667 = CARTESIAN_POINT('',(14.176108280351,15.525681109511));
#3668 = CARTESIAN_POINT('',(14.194839176789,15.484503357103));
#3669 = CARTESIAN_POINT('',(14.226747389766,15.391874388545));
#3670 = CARTESIAN_POINT('',(14.239102603051,15.339790217923));
#3671 = CARTESIAN_POINT('',(14.247129144522,15.28458137023));
#3672 = CARTESIAN_POINT('',(14.251025390625,15.226551628604));
#3673 = CARTESIAN_POINT('',(14.251025390625,15.165995788574));
#3674 = ( GEOMETRIC_REPRESENTATION_CONTEXT(2) 
PARAMETRIC_REPRESENTATION_CONTEXT() REPRESENTATION_CONTEXT('2D SPACE',''
  ) );
#3675 = PCURVE('',#3676,#3683);
#3676 = SURFACE_OF_LINEAR_EXTRUSION('',#3677,#3681);
#3677 = B_SPLINE_CURVE_WITH_KNOTS('',2,(#3678,#3679,#3680),
  .UNSPECIFIED.,.F.,.F.,(3,3),(0.,1.),.PIECEWISE_BEZIER_KNOTS.);
#3678 = CARTESIAN_POINT('',(72.251025390625,-43.33400421142,32.9));
#3679 = CARTESIAN_POINT('',(72.251025390625,-43.03400421142,32.9));
#3680 = CARTESIAN_POINT('',(72.09802734375,-42.86900421142,32.9));
#3681 = VECTOR('',#3682,1.);
#3682 = DIRECTION('',(-0.,-0.,-1.));
#3683 = DEFINITIONAL_REPRESENTATION('',(#3684),#3695);
#3684 = B_SPLINE_CURVE_WITH_KNOTS('',5,(#3685,#3686,#3687,#3688,#3689,
    #3690,#3691,#3692,#3693,#3694),.UNSPECIFIED.,.F.,.F.,(6,4,6),(0.,
    0.474271809487,1.),.UNSPECIFIED.);
#3685 = CARTESIAN_POINT('',(1.,-0.6));
#3686 = CARTESIAN_POINT('',(0.903173240088,-0.6));
#3687 = CARTESIAN_POINT('',(0.806298692241,-0.6));
#3688 = CARTESIAN_POINT('',(0.70964916231,-0.6));
#3689 = CARTESIAN_POINT('',(0.613473787388,-0.6));
#3690 = CARTESIAN_POINT('',(0.412167731497,-0.6));
#3691 = CARTESIAN_POINT('',(0.307191117213,-0.6));
#3692 = CARTESIAN_POINT('',(0.203372482919,-0.6));
#3693 = CARTESIAN_POINT('',(0.10092640005,-0.6));
#3694 = CARTESIAN_POINT('',(0.,-0.6));
#3695 = ( GEOMETRIC_REPRESENTATION_CONTEXT(2) 
PARAMETRIC_REPRESENTATION_CONTEXT() REPRESENTATION_CONTEXT('2D SPACE',''
  ) );
#3696 = ORIENTED_EDGE('',*,*,#3697,.F.);
#3697 = EDGE_CURVE('',#3698,#3647,#3700,.T.);
#3698 = VERTEX_POINT('',#3699);
#3699 = CARTESIAN_POINT('',(71.669013671875,-42.70400421142,33.5));
#3700 = SURFACE_CURVE('',#3701,(#3712,#3726),.PCURVE_S1.);
#3701 = B_SPLINE_CURVE_WITH_KNOTS('',5,(#3702,#3703,#3704,#3705,#3706,
    #3707,#3708,#3709,#3710,#3711),.UNSPECIFIED.,.F.,.F.,(6,4,6),(0.,
    0.804196176141,1.),.UNSPECIFIED.);
#3702 = CARTESIAN_POINT('',(71.669013671875,-42.70400421142,33.5));
#3703 = CARTESIAN_POINT('',(71.755046639228,-42.70400421142,33.5));
#3704 = CARTESIAN_POINT('',(71.835379782555,-42.71402352997,33.5));
#3705 = CARTESIAN_POINT('',(71.908963444887,-42.7348849129,33.5));
#3706 = CARTESIAN_POINT('',(71.974872315009,-42.76704766991,33.5));
#3707 = CARTESIAN_POINT('',(72.046676960143,-42.82062315658,33.5));
#3708 = CARTESIAN_POINT('',(72.060253382006,-42.83176150141,33.5));
#3709 = CARTESIAN_POINT('',(72.073340053255,-42.84354297652,33.5));
#3710 = CARTESIAN_POINT('',(72.08593230418,-42.85596037479,33.5));
#3711 = CARTESIAN_POINT('',(72.09802734375,-42.86900421142,33.5));
#3712 = PCURVE('',#1455,#3713);
#3713 = DEFINITIONAL_REPRESENTATION('',(#3714),#3725);
#3714 = B_SPLINE_CURVE_WITH_KNOTS('',5,(#3715,#3716,#3717,#3718,#3719,
    #3720,#3721,#3722,#3723,#3724),.UNSPECIFIED.,.F.,.F.,(6,4,6),(0.,
    0.804196176141,1.),.UNSPECIFIED.);
#3715 = CARTESIAN_POINT('',(13.669013671875,15.795995788574));
#3716 = CARTESIAN_POINT('',(13.755046639228,15.795995788574));
#3717 = CARTESIAN_POINT('',(13.835379782555,15.785976470025));
#3718 = CARTESIAN_POINT('',(13.908963444887,15.765115087096));
#3719 = CARTESIAN_POINT('',(13.974872315009,15.732952330087));
#3720 = CARTESIAN_POINT('',(14.046676960143,15.67937684342));
#3721 = CARTESIAN_POINT('',(14.060253382006,15.668238498582));
#3722 = CARTESIAN_POINT('',(14.073340053255,15.656457023478));
#3723 = CARTESIAN_POINT('',(14.08593230418,15.64403962521));
#3724 = CARTESIAN_POINT('',(14.09802734375,15.630995788574));
#3725 = ( GEOMETRIC_REPRESENTATION_CONTEXT(2) 
PARAMETRIC_REPRESENTATION_CONTEXT() REPRESENTATION_CONTEXT('2D SPACE',''
  ) );
#3726 = PCURVE('',#3727,#3734);
#3727 = SURFACE_OF_LINEAR_EXTRUSION('',#3728,#3732);
#3728 = B_SPLINE_CURVE_WITH_KNOTS('',2,(#3729,#3730,#3731),
  .UNSPECIFIED.,.F.,.F.,(3,3),(0.,1.),.PIECEWISE_BEZIER_KNOTS.);
#3729 = CARTESIAN_POINT('',(72.09802734375,-42.86900421142,32.9));
#3730 = CARTESIAN_POINT('',(71.945029296875,-42.70400421142,32.9));
#3731 = CARTESIAN_POINT('',(71.669013671875,-42.70400421142,32.9));
#3732 = VECTOR('',#3733,1.);
#3733 = DIRECTION('',(-0.,-0.,-1.));
#3734 = DEFINITIONAL_REPRESENTATION('',(#3735),#3746);
#3735 = B_SPLINE_CURVE_WITH_KNOTS('',5,(#3736,#3737,#3738,#3739,#3740,
    #3741,#3742,#3743,#3744,#3745),.UNSPECIFIED.,.F.,.F.,(6,4,6),(0.,
    0.804196176141,1.),.UNSPECIFIED.);
#3736 = CARTESIAN_POINT('',(1.,-0.6));
#3737 = CARTESIAN_POINT('',(0.844151998001,-0.6));
#3738 = CARTESIAN_POINT('',(0.68509731173,-0.6));
#3739 = CARTESIAN_POINT('',(0.523626203873,-0.6));
#3740 = CARTESIAN_POINT('',(0.360794534544,-0.6));
#3741 = CARTESIAN_POINT('',(0.158363163476,-0.6));
#3742 = CARTESIAN_POINT('',(0.11872638881,-0.6));
#3743 = CARTESIAN_POINT('',(7.910819591476E-02,-0.6));
#3744 = CARTESIAN_POINT('',(3.952677768448E-02,-0.6));
#3745 = CARTESIAN_POINT('',(0.,-0.6));
#3746 = ( GEOMETRIC_REPRESENTATION_CONTEXT(2) 
PARAMETRIC_REPRESENTATION_CONTEXT() REPRESENTATION_CONTEXT('2D SPACE',''
  ) );
#3747 = ORIENTED_EDGE('',*,*,#3748,.F.);
#3748 = EDGE_CURVE('',#3749,#3698,#3751,.T.);
#3749 = VERTEX_POINT('',#3750);
#3750 = CARTESIAN_POINT('',(71.147021484375,-42.94400421142,33.5));
#3751 = SURFACE_CURVE('',#3752,(#3763,#3777),.PCURVE_S1.);
#3752 = B_SPLINE_CURVE_WITH_KNOTS('',5,(#3753,#3754,#3755,#3756,#3757,
    #3758,#3759,#3760,#3761,#3762),.UNSPECIFIED.,.F.,.F.,(6,4,6),(0.,
    0.581270754129,1.),.UNSPECIFIED.);
#3753 = CARTESIAN_POINT('',(71.147021484375,-42.94400421142,33.5));
#3754 = CARTESIAN_POINT('',(71.196072772466,-42.88950179456,33.5));
#3755 = CARTESIAN_POINT('',(71.24878296367,-42.84189289345,33.5));
#3756 = CARTESIAN_POINT('',(71.305128207264,-42.80188101406,33.5));
#3757 = CARTESIAN_POINT('',(71.364946645759,-42.76998319478,33.5));
#3758 = CARTESIAN_POINT('',(71.473168686726,-42.72930854671,33.5));
#3759 = CARTESIAN_POINT('',(71.520092999795,-42.71655822732,33.5));
#3760 = CARTESIAN_POINT('',(71.568487084369,-42.70814269076,33.5));
#3761 = CARTESIAN_POINT('',(71.618187051578,-42.70400421142,33.5));
#3762 = CARTESIAN_POINT('',(71.669013671875,-42.70400421142,33.5));
#3763 = PCURVE('',#1455,#3764);
#3764 = DEFINITIONAL_REPRESENTATION('',(#3765),#3776);
#3765 = B_SPLINE_CURVE_WITH_KNOTS('',5,(#3766,#3767,#3768,#3769,#3770,
    #3771,#3772,#3773,#3774,#3775),.UNSPECIFIED.,.F.,.F.,(6,4,6),(0.,
    0.581270754129,1.),.UNSPECIFIED.);
#3766 = CARTESIAN_POINT('',(13.147021484375,15.555995788574));
#3767 = CARTESIAN_POINT('',(13.196072772466,15.610498205435));
#3768 = CARTESIAN_POINT('',(13.24878296367,15.658107106541));
#3769 = CARTESIAN_POINT('',(13.305128207264,15.698118985931));
#3770 = CARTESIAN_POINT('',(13.364946645759,15.730016805211));
#3771 = CARTESIAN_POINT('',(13.473168686726,15.77069145329));
#3772 = CARTESIAN_POINT('',(13.520092999795,15.78344177268));
#3773 = CARTESIAN_POINT('',(13.568487084369,15.791857309234));
#3774 = CARTESIAN_POINT('',(13.618187051578,15.795995788574));
#3775 = CARTESIAN_POINT('',(13.669013671875,15.795995788574));
#3776 = ( GEOMETRIC_REPRESENTATION_CONTEXT(2) 
PARAMETRIC_REPRESENTATION_CONTEXT() REPRESENTATION_CONTEXT('2D SPACE',''
  ) );
#3777 = PCURVE('',#3778,#3785);
#3778 = SURFACE_OF_LINEAR_EXTRUSION('',#3779,#3783);
#3779 = B_SPLINE_CURVE_WITH_KNOTS('',2,(#3780,#3781,#3782),
  .UNSPECIFIED.,.F.,.F.,(3,3),(0.,1.),.PIECEWISE_BEZIER_KNOTS.);
#3780 = CARTESIAN_POINT('',(71.669013671875,-42.70400421142,32.9));
#3781 = CARTESIAN_POINT('',(71.363017578125,-42.70400421142,32.9));
#3782 = CARTESIAN_POINT('',(71.147021484375,-42.94400421142,32.9));
#3783 = VECTOR('',#3784,1.);
#3784 = DIRECTION('',(-0.,-0.,-1.));
#3785 = DEFINITIONAL_REPRESENTATION('',(#3786),#3797);
#3786 = B_SPLINE_CURVE_WITH_KNOTS('',5,(#3787,#3788,#3789,#3790,#3791,
    #3792,#3793,#3794,#3795,#3796),.UNSPECIFIED.,.F.,.F.,(6,4,6),(0.,
    0.581270754129,1.),.UNSPECIFIED.);
#3787 = CARTESIAN_POINT('',(1.,-0.6));
#3788 = CARTESIAN_POINT('',(0.886453298208,-0.6));
#3789 = CARTESIAN_POINT('',(0.771151942144,-0.6));
#3790 = CARTESIAN_POINT('',(0.654565979411,-0.6));
#3791 = CARTESIAN_POINT('',(0.537276703189,-0.6));
#3792 = CARTESIAN_POINT('',(0.33551753613,-0.6));
#3793 = CARTESIAN_POINT('',(0.251030047733,-0.6));
#3794 = CARTESIAN_POINT('',(0.166797092093,-0.6));
#3795 = CARTESIAN_POINT('',(8.305109335609E-02,-0.6));
#3796 = CARTESIAN_POINT('',(0.,-0.6));
#3797 = ( GEOMETRIC_REPRESENTATION_CONTEXT(2) 
PARAMETRIC_REPRESENTATION_CONTEXT() REPRESENTATION_CONTEXT('2D SPACE',''
  ) );
#3798 = ORIENTED_EDGE('',*,*,#3799,.F.);
#3799 = EDGE_CURVE('',#3800,#3749,#3802,.T.);
#3800 = VERTEX_POINT('',#3801);
#3801 = CARTESIAN_POINT('',(70.931025390625,-43.52599639892,33.5));
#3802 = SURFACE_CURVE('',#3803,(#3814,#3828),.PCURVE_S1.);
#3803 = B_SPLINE_CURVE_WITH_KNOTS('',5,(#3804,#3805,#3806,#3807,#3808,
    #3809,#3810,#3811,#3812,#3813),.UNSPECIFIED.,.F.,.F.,(6,4,6),(0.,
    0.613416663001,1.),.UNSPECIFIED.);
#3804 = CARTESIAN_POINT('',(70.931025390625,-43.52599639892,33.5));
#3805 = CARTESIAN_POINT('',(70.931025390625,-43.44392149711,33.5));
#3806 = CARTESIAN_POINT('',(70.938800656586,-43.36433613995,33.5));
#3807 = CARTESIAN_POINT('',(70.954798904912,-43.28777482816,33.5));
#3808 = CARTESIAN_POINT('',(70.979236771102,-43.21473304826,33.5));
#3809 = CARTESIAN_POINT('',(71.032526260012,-43.10202902645,33.5));
#3810 = CARTESIAN_POINT('',(71.056406012984,-43.06000720024,33.5));
#3811 = CARTESIAN_POINT('',(71.083520473452,-43.01962707852,33.5));
#3812 = CARTESIAN_POINT('',(71.113772054663,-42.98094869033,33.5));
#3813 = CARTESIAN_POINT('',(71.147021484375,-42.94400421142,33.5));
#3814 = PCURVE('',#1455,#3815);
#3815 = DEFINITIONAL_REPRESENTATION('',(#3816),#3827);
#3816 = B_SPLINE_CURVE_WITH_KNOTS('',5,(#3817,#3818,#3819,#3820,#3821,
    #3822,#3823,#3824,#3825,#3826),.UNSPECIFIED.,.F.,.F.,(6,4,6),(0.,
    0.613416663001,1.),.UNSPECIFIED.);
#3817 = CARTESIAN_POINT('',(12.931025390625,14.974003601074));
#3818 = CARTESIAN_POINT('',(12.931025390625,15.056078502883));
#3819 = CARTESIAN_POINT('',(12.938800656586,15.135663860047));
#3820 = CARTESIAN_POINT('',(12.954798904912,15.212225171838));
#3821 = CARTESIAN_POINT('',(12.979236771102,15.285266951735));
#3822 = CARTESIAN_POINT('',(13.032526260012,15.397970973543));
#3823 = CARTESIAN_POINT('',(13.056406012984,15.439992799758));
#3824 = CARTESIAN_POINT('',(13.083520473452,15.480372921479));
#3825 = CARTESIAN_POINT('',(13.113772054663,15.519051309661));
#3826 = CARTESIAN_POINT('',(13.147021484375,15.555995788574));
#3827 = ( GEOMETRIC_REPRESENTATION_CONTEXT(2) 
PARAMETRIC_REPRESENTATION_CONTEXT() REPRESENTATION_CONTEXT('2D SPACE',''
  ) );
#3828 = PCURVE('',#3829,#3836);
#3829 = SURFACE_OF_LINEAR_EXTRUSION('',#3830,#3834);
#3830 = B_SPLINE_CURVE_WITH_KNOTS('',2,(#3831,#3832,#3833),
  .UNSPECIFIED.,.F.,.F.,(3,3),(0.,1.),.PIECEWISE_BEZIER_KNOTS.);
#3831 = CARTESIAN_POINT('',(71.147021484375,-42.94400421142,32.9));
#3832 = CARTESIAN_POINT('',(70.931025390625,-43.18400421142,32.9));
#3833 = CARTESIAN_POINT('',(70.931025390625,-43.52599639892,32.9));
#3834 = VECTOR('',#3835,1.);
#3835 = DIRECTION('',(-0.,-0.,-1.));
#3836 = DEFINITIONAL_REPRESENTATION('',(#3837),#3848);
#3837 = B_SPLINE_CURVE_WITH_KNOTS('',5,(#3838,#3839,#3840,#3841,#3842,
    #3843,#3844,#3845,#3846,#3847),.UNSPECIFIED.,.F.,.F.,(6,4,6),(0.,
    0.613416663001,1.),.UNSPECIFIED.);
#3838 = CARTESIAN_POINT('',(1.,-0.6));
#3839 = CARTESIAN_POINT('',(0.880004712376,-0.6));
#3840 = CARTESIAN_POINT('',(0.758281470223,-0.6));
#3841 = CARTESIAN_POINT('',(0.635302640272,-0.6));
#3842 = CARTESIAN_POINT('',(0.511643078359,-0.6));
#3843 = CARTESIAN_POINT('',(0.310078488062,-0.6));
#3844 = CARTESIAN_POINT('',(0.232156069964,-0.6));
#3845 = CARTESIAN_POINT('',(0.154400750865,-0.6));
#3846 = CARTESIAN_POINT('',(7.696766440303E-02,-0.6));
#3847 = CARTESIAN_POINT('',(0.,-0.6));
#3848 = ( GEOMETRIC_REPRESENTATION_CONTEXT(2) 
PARAMETRIC_REPRESENTATION_CONTEXT() REPRESENTATION_CONTEXT('2D SPACE',''
  ) );
#3849 = ORIENTED_EDGE('',*,*,#3850,.F.);
#3850 = EDGE_CURVE('',#3851,#3800,#3853,.T.);
#3851 = VERTEX_POINT('',#3852);
#3852 = CARTESIAN_POINT('',(70.931025390625,-45.50000030517,33.5));
#3853 = SURFACE_CURVE('',#3854,(#3858,#3864),.PCURVE_S1.);
#3854 = LINE('',#3855,#3856);
#3855 = CARTESIAN_POINT('',(70.931025390625,-51.01299819946,33.5));
#3856 = VECTOR('',#3857,1.);
#3857 = DIRECTION('',(0.,1.,0.));
#3858 = PCURVE('',#1455,#3859);
#3859 = DEFINITIONAL_REPRESENTATION('',(#3860),#3863);
#3860 = B_SPLINE_CURVE_WITH_KNOTS('',1,(#3861,#3862),.UNSPECIFIED.,.F.,
  .F.,(2,2),(5.512997894287,7.487001800537),.PIECEWISE_BEZIER_KNOTS.);
#3861 = CARTESIAN_POINT('',(12.931025390625,12.999999694824));
#3862 = CARTESIAN_POINT('',(12.931025390625,14.974003601074));
#3863 = ( GEOMETRIC_REPRESENTATION_CONTEXT(2) 
PARAMETRIC_REPRESENTATION_CONTEXT() REPRESENTATION_CONTEXT('2D SPACE',''
  ) );
#3864 = PCURVE('',#3865,#3870);
#3865 = PLANE('',#3866);
#3866 = AXIS2_PLACEMENT_3D('',#3867,#3868,#3869);
#3867 = CARTESIAN_POINT('',(70.931025390625,-43.52599639892,32.9));
#3868 = DIRECTION('',(1.,0.,0.));
#3869 = DIRECTION('',(0.,-1.,0.));
#3870 = DEFINITIONAL_REPRESENTATION('',(#3871),#3874);
#3871 = B_SPLINE_CURVE_WITH_KNOTS('',1,(#3872,#3873),.UNSPECIFIED.,.F.,
  .F.,(2,2),(5.512997894287,7.487001800537),.PIECEWISE_BEZIER_KNOTS.);
#3872 = CARTESIAN_POINT('',(1.97400390625,-0.6));
#3873 = CARTESIAN_POINT('',(0.,-0.6));
#3874 = ( GEOMETRIC_REPRESENTATION_CONTEXT(2) 
PARAMETRIC_REPRESENTATION_CONTEXT() REPRESENTATION_CONTEXT('2D SPACE',''
  ) );
#3875 = ORIENTED_EDGE('',*,*,#3876,.F.);
#3876 = EDGE_CURVE('',#2852,#3851,#3877,.T.);
#3877 = SURFACE_CURVE('',#3878,(#3882,#3888),.PCURVE_S1.);
#3878 = LINE('',#3879,#3880);
#3879 = CARTESIAN_POINT('',(64.465512695312,-45.50000030517,33.5));
#3880 = VECTOR('',#3881,1.);
#3881 = DIRECTION('',(1.,0.,-0.));
#3882 = PCURVE('',#1455,#3883);
#3883 = DEFINITIONAL_REPRESENTATION('',(#3884),#3887);
#3884 = B_SPLINE_CURVE_WITH_KNOTS('',1,(#3885,#3886),.UNSPECIFIED.,.F.,
  .F.,(2,2),(5.961508789063,6.465512695313),.PIECEWISE_BEZIER_KNOTS.);
#3885 = CARTESIAN_POINT('',(12.427021484375,12.999999694824));
#3886 = CARTESIAN_POINT('',(12.931025390625,12.999999694824));
#3887 = ( GEOMETRIC_REPRESENTATION_CONTEXT(2) 
PARAMETRIC_REPRESENTATION_CONTEXT() REPRESENTATION_CONTEXT('2D SPACE',''
  ) );
#3888 = PCURVE('',#3889,#3894);
#3889 = PLANE('',#3890);
#3890 = AXIS2_PLACEMENT_3D('',#3891,#3892,#3893);
#3891 = CARTESIAN_POINT('',(70.931025390625,-45.50000030517,32.9));
#3892 = DIRECTION('',(0.,-1.,0.));
#3893 = DIRECTION('',(-1.,0.,0.));
#3894 = DEFINITIONAL_REPRESENTATION('',(#3895),#3898);
#3895 = B_SPLINE_CURVE_WITH_KNOTS('',1,(#3896,#3897),.UNSPECIFIED.,.F.,
  .F.,(2,2),(5.961508789063,6.465512695313),.PIECEWISE_BEZIER_KNOTS.);
#3896 = CARTESIAN_POINT('',(0.50400390625,-0.6));
#3897 = CARTESIAN_POINT('',(0.,-0.6));
#3898 = ( GEOMETRIC_REPRESENTATION_CONTEXT(2) 
PARAMETRIC_REPRESENTATION_CONTEXT() REPRESENTATION_CONTEXT('2D SPACE',''
  ) );
#3899 = FACE_BOUND('',#3900,.T.);
#3900 = EDGE_LOOP('',(#3901,#3929,#3955,#3981,#4007,#4033,#4059,#4085,
    #4111,#4137,#4163,#4189));
#3901 = ORIENTED_EDGE('',*,*,#3902,.F.);
#3902 = EDGE_CURVE('',#3903,#3905,#3907,.T.);
#3903 = VERTEX_POINT('',#3904);
#3904 = CARTESIAN_POINT('',(76.601005859375,-43.87400421142,33.5));
#3905 = VERTEX_POINT('',#3906);
#3906 = CARTESIAN_POINT('',(77.657001953125,-42.35599639892,33.5));
#3907 = SURFACE_CURVE('',#3908,(#3912,#3918),.PCURVE_S1.);
#3908 = LINE('',#3909,#3910);
#3909 = CARTESIAN_POINT('',(70.667761471802,-52.40311846394,33.5));
#3910 = VECTOR('',#3911,1.);
#3911 = DIRECTION('',(0.571061084103,0.820907569842,-0.));
#3912 = PCURVE('',#1455,#3913);
#3913 = DEFINITIONAL_REPRESENTATION('',(#3914),#3917);
#3914 = B_SPLINE_CURVE_WITH_KNOTS('',1,(#3915,#3916),.UNSPECIFIED.,.F.,
  .F.,(2,2),(10.389859426152,12.239041804617),.PIECEWISE_BEZIER_KNOTS.);
#3915 = CARTESIAN_POINT('',(18.601005859375,14.625995788574));
#3916 = CARTESIAN_POINT('',(19.657001953125,16.144003601074));
#3917 = ( GEOMETRIC_REPRESENTATION_CONTEXT(2) 
PARAMETRIC_REPRESENTATION_CONTEXT() REPRESENTATION_CONTEXT('2D SPACE',''
  ) );
#3918 = PCURVE('',#3919,#3924);
#3919 = PLANE('',#3920);
#3920 = AXIS2_PLACEMENT_3D('',#3921,#3922,#3923);
#3921 = CARTESIAN_POINT('',(77.657001953125,-42.35599639892,32.9));
#3922 = DIRECTION('',(0.820907569842,-0.571061084103,0.));
#3923 = DIRECTION('',(-0.571061084103,-0.820907569842,0.));
#3924 = DEFINITIONAL_REPRESENTATION('',(#3925),#3928);
#3925 = B_SPLINE_CURVE_WITH_KNOTS('',1,(#3926,#3927),.UNSPECIFIED.,.F.,
  .F.,(2,2),(10.389859426152,12.239041804617),.PIECEWISE_BEZIER_KNOTS.);
#3926 = CARTESIAN_POINT('',(1.849182378465,-0.6));
#3927 = CARTESIAN_POINT('',(0.,-0.6));
#3928 = ( GEOMETRIC_REPRESENTATION_CONTEXT(2) 
PARAMETRIC_REPRESENTATION_CONTEXT() REPRESENTATION_CONTEXT('2D SPACE',''
  ) );
#3929 = ORIENTED_EDGE('',*,*,#3930,.F.);
#3930 = EDGE_CURVE('',#3931,#3903,#3933,.T.);
#3931 = VERTEX_POINT('',#3932);
#3932 = CARTESIAN_POINT('',(77.687001953125,-45.50000030517,33.5));
#3933 = SURFACE_CURVE('',#3934,(#3938,#3944),.PCURVE_S1.);
#3934 = LINE('',#3935,#3936);
#3935 = CARTESIAN_POINT('',(77.109625494497,-44.63552954717,33.5));
#3936 = VECTOR('',#3937,1.);
#3937 = DIRECTION('',(-0.555407664192,0.831578214335,0.));
#3938 = PCURVE('',#1455,#3939);
#3939 = DEFINITIONAL_REPRESENTATION('',(#3940),#3943);
#3940 = B_SPLINE_CURVE_WITH_KNOTS('',1,(#3941,#3942),.UNSPECIFIED.,.F.,
  .F.,(2,2),(-1.039554359532,0.915759122376),.PIECEWISE_BEZIER_KNOTS.);
#3941 = CARTESIAN_POINT('',(19.687001953125,12.999999694824));
#3942 = CARTESIAN_POINT('',(18.601005859375,14.625995788574));
#3943 = ( GEOMETRIC_REPRESENTATION_CONTEXT(2) 
PARAMETRIC_REPRESENTATION_CONTEXT() REPRESENTATION_CONTEXT('2D SPACE',''
  ) );
#3944 = PCURVE('',#3945,#3950);
#3945 = PLANE('',#3946);
#3946 = AXIS2_PLACEMENT_3D('',#3947,#3948,#3949);
#3947 = CARTESIAN_POINT('',(76.601005859375,-43.87400421142,32.9));
#3948 = DIRECTION('',(0.831578214335,0.555407664192,0.));
#3949 = DIRECTION('',(0.555407664192,-0.831578214335,0.));
#3950 = DEFINITIONAL_REPRESENTATION('',(#3951),#3954);
#3951 = B_SPLINE_CURVE_WITH_KNOTS('',1,(#3952,#3953),.UNSPECIFIED.,.F.,
  .F.,(2,2),(-1.039554359532,0.915759122376),.PIECEWISE_BEZIER_KNOTS.);
#3952 = CARTESIAN_POINT('',(1.955313481908,-0.6));
#3953 = CARTESIAN_POINT('',(-5.884182030513E-15,-0.6));
#3954 = ( GEOMETRIC_REPRESENTATION_CONTEXT(2) 
PARAMETRIC_REPRESENTATION_CONTEXT() REPRESENTATION_CONTEXT('2D SPACE',''
  ) );
#3955 = ORIENTED_EDGE('',*,*,#3956,.F.);
#3956 = EDGE_CURVE('',#3957,#3931,#3959,.T.);
#3957 = VERTEX_POINT('',#3958);
#3958 = CARTESIAN_POINT('',(77.105009765625,-45.50000030517,33.5));
#3959 = SURFACE_CURVE('',#3960,(#3964,#3970),.PCURVE_S1.);
#3960 = LINE('',#3961,#3962);
#3961 = CARTESIAN_POINT('',(67.843500976562,-45.50000030517,33.5));
#3962 = VECTOR('',#3963,1.);
#3963 = DIRECTION('',(1.,0.,-0.));
#3964 = PCURVE('',#1455,#3965);
#3965 = DEFINITIONAL_REPRESENTATION('',(#3966),#3969);
#3966 = B_SPLINE_CURVE_WITH_KNOTS('',1,(#3967,#3968),.UNSPECIFIED.,.F.,
  .F.,(2,2),(9.261508789063,9.843500976563),.PIECEWISE_BEZIER_KNOTS.);
#3967 = CARTESIAN_POINT('',(19.105009765625,12.999999694824));
#3968 = CARTESIAN_POINT('',(19.687001953125,12.999999694824));
#3969 = ( GEOMETRIC_REPRESENTATION_CONTEXT(2) 
PARAMETRIC_REPRESENTATION_CONTEXT() REPRESENTATION_CONTEXT('2D SPACE',''
  ) );
#3970 = PCURVE('',#3971,#3976);
#3971 = PLANE('',#3972);
#3972 = AXIS2_PLACEMENT_3D('',#3973,#3974,#3975);
#3973 = CARTESIAN_POINT('',(77.687001953125,-45.50000030517,32.9));
#3974 = DIRECTION('',(0.,-1.,0.));
#3975 = DIRECTION('',(-1.,0.,0.));
#3976 = DEFINITIONAL_REPRESENTATION('',(#3977),#3980);
#3977 = B_SPLINE_CURVE_WITH_KNOTS('',1,(#3978,#3979),.UNSPECIFIED.,.F.,
  .F.,(2,2),(9.261508789063,9.843500976563),.PIECEWISE_BEZIER_KNOTS.);
#3978 = CARTESIAN_POINT('',(0.5819921875,-0.6));
#3979 = CARTESIAN_POINT('',(0.,-0.6));
#3980 = ( GEOMETRIC_REPRESENTATION_CONTEXT(2) 
PARAMETRIC_REPRESENTATION_CONTEXT() REPRESENTATION_CONTEXT('2D SPACE',''
  ) );
#3981 = ORIENTED_EDGE('',*,*,#3982,.F.);
#3982 = EDGE_CURVE('',#3983,#3957,#3985,.T.);
#3983 = VERTEX_POINT('',#3984);
#3984 = CARTESIAN_POINT('',(76.319013671875,-44.29400421142,33.5));
#3985 = SURFACE_CURVE('',#3986,(#3990,#3996),.PCURVE_S1.);
#3986 = LINE('',#3987,#3988);
#3987 = CARTESIAN_POINT('',(77.230461250445,-45.6924872677,33.5));
#3988 = VECTOR('',#3989,1.);
#3989 = DIRECTION('',(0.546012808373,-0.837776827737,0.));
#3990 = PCURVE('',#1455,#3991);
#3991 = DEFINITIONAL_REPRESENTATION('',(#3992),#3995);
#3992 = B_SPLINE_CURVE_WITH_KNOTS('',1,(#3993,#3994),.UNSPECIFIED.,.F.,
  .F.,(2,2),(-1.669278750596,-0.229759234393),.PIECEWISE_BEZIER_KNOTS.);
#3993 = CARTESIAN_POINT('',(18.319013671875,14.205995788574));
#3994 = CARTESIAN_POINT('',(19.105009765625,12.999999694824));
#3995 = ( GEOMETRIC_REPRESENTATION_CONTEXT(2) 
PARAMETRIC_REPRESENTATION_CONTEXT() REPRESENTATION_CONTEXT('2D SPACE',''
  ) );
#3996 = PCURVE('',#3997,#4002);
#3997 = PLANE('',#3998);
#3998 = AXIS2_PLACEMENT_3D('',#3999,#4000,#4001);
#3999 = CARTESIAN_POINT('',(77.105009765625,-45.50000030517,32.9));
#4000 = DIRECTION('',(-0.837776827737,-0.546012808373,0.));
#4001 = DIRECTION('',(-0.546012808373,0.837776827737,0.));
#4002 = DEFINITIONAL_REPRESENTATION('',(#4003),#4006);
#4003 = B_SPLINE_CURVE_WITH_KNOTS('',1,(#4004,#4005),.UNSPECIFIED.,.F.,
  .F.,(2,2),(-1.669278750596,-0.229759234393),.PIECEWISE_BEZIER_KNOTS.);
#4004 = CARTESIAN_POINT('',(1.439519516203,-0.6));
#4005 = CARTESIAN_POINT('',(0.,-0.6));
#4006 = ( GEOMETRIC_REPRESENTATION_CONTEXT(2) 
PARAMETRIC_REPRESENTATION_CONTEXT() REPRESENTATION_CONTEXT('2D SPACE',''
  ) );
#4007 = ORIENTED_EDGE('',*,*,#4008,.F.);
#4008 = EDGE_CURVE('',#4009,#3983,#4011,.T.);
#4009 = VERTEX_POINT('',#4010);
#4010 = CARTESIAN_POINT('',(75.521005859375,-45.50000030517,33.5));
#4011 = SURFACE_CURVE('',#4012,(#4016,#4022),.PCURVE_S1.);
#4012 = LINE('',#4013,#4014);
#4013 = CARTESIAN_POINT('',(70.260985391884,-53.44925097349,33.5));
#4014 = VECTOR('',#4015,1.);
#4015 = DIRECTION('',(0.551829467722,0.833956976441,-0.));
#4016 = PCURVE('',#1455,#4017);
#4017 = DEFINITIONAL_REPRESENTATION('',(#4018),#4021);
#4018 = B_SPLINE_CURVE_WITH_KNOTS('',1,(#4019,#4020),.UNSPECIFIED.,.F.,
  .F.,(2,2),(9.5319673471,10.978080429452),.PIECEWISE_BEZIER_KNOTS.);
#4019 = CARTESIAN_POINT('',(17.521005859375,12.999999694824));
#4020 = CARTESIAN_POINT('',(18.319013671875,14.205995788574));
#4021 = ( GEOMETRIC_REPRESENTATION_CONTEXT(2) 
PARAMETRIC_REPRESENTATION_CONTEXT() REPRESENTATION_CONTEXT('2D SPACE',''
  ) );
#4022 = PCURVE('',#4023,#4028);
#4023 = PLANE('',#4024);
#4024 = AXIS2_PLACEMENT_3D('',#4025,#4026,#4027);
#4025 = CARTESIAN_POINT('',(76.319013671875,-44.29400421142,32.9));
#4026 = DIRECTION('',(0.833956976441,-0.551829467722,0.));
#4027 = DIRECTION('',(-0.551829467722,-0.833956976441,0.));
#4028 = DEFINITIONAL_REPRESENTATION('',(#4029),#4032);
#4029 = B_SPLINE_CURVE_WITH_KNOTS('',1,(#4030,#4031),.UNSPECIFIED.,.F.,
  .F.,(2,2),(9.5319673471,10.978080429452),.PIECEWISE_BEZIER_KNOTS.);
#4030 = CARTESIAN_POINT('',(1.446113082353,-0.6));
#4031 = CARTESIAN_POINT('',(0.,-0.6));
#4032 = ( GEOMETRIC_REPRESENTATION_CONTEXT(2) 
PARAMETRIC_REPRESENTATION_CONTEXT() REPRESENTATION_CONTEXT('2D SPACE',''
  ) );
#4033 = ORIENTED_EDGE('',*,*,#4034,.F.);
#4034 = EDGE_CURVE('',#4035,#4009,#4037,.T.);
#4035 = VERTEX_POINT('',#4036);
#4036 = CARTESIAN_POINT('',(74.951005859375,-45.50000030517,33.5));
#4037 = SURFACE_CURVE('',#4038,(#4042,#4048),.PCURVE_S1.);
#4038 = LINE('',#4039,#4040);
#4039 = CARTESIAN_POINT('',(66.760502929688,-45.50000030517,33.5));
#4040 = VECTOR('',#4041,1.);
#4041 = DIRECTION('',(1.,0.,-0.));
#4042 = PCURVE('',#1455,#4043);
#4043 = DEFINITIONAL_REPRESENTATION('',(#4044),#4047);
#4044 = B_SPLINE_CURVE_WITH_KNOTS('',1,(#4045,#4046),.UNSPECIFIED.,.F.,
  .F.,(2,2),(8.190502929687,8.760502929688),.PIECEWISE_BEZIER_KNOTS.);
#4045 = CARTESIAN_POINT('',(16.951005859375,12.999999694824));
#4046 = CARTESIAN_POINT('',(17.521005859375,12.999999694824));
#4047 = ( GEOMETRIC_REPRESENTATION_CONTEXT(2) 
PARAMETRIC_REPRESENTATION_CONTEXT() REPRESENTATION_CONTEXT('2D SPACE',''
  ) );
#4048 = PCURVE('',#4049,#4054);
#4049 = PLANE('',#4050);
#4050 = AXIS2_PLACEMENT_3D('',#4051,#4052,#4053);
#4051 = CARTESIAN_POINT('',(75.521005859375,-45.50000030517,32.9));
#4052 = DIRECTION('',(0.,-1.,0.));
#4053 = DIRECTION('',(-1.,0.,0.));
#4054 = DEFINITIONAL_REPRESENTATION('',(#4055),#4058);
#4055 = B_SPLINE_CURVE_WITH_KNOTS('',1,(#4056,#4057),.UNSPECIFIED.,.F.,
  .F.,(2,2),(8.190502929687,8.760502929688),.PIECEWISE_BEZIER_KNOTS.);
#4056 = CARTESIAN_POINT('',(0.57,-0.6));
#4057 = CARTESIAN_POINT('',(0.,-0.6));
#4058 = ( GEOMETRIC_REPRESENTATION_CONTEXT(2) 
PARAMETRIC_REPRESENTATION_CONTEXT() REPRESENTATION_CONTEXT('2D SPACE',''
  ) );
#4059 = ORIENTED_EDGE('',*,*,#4060,.F.);
#4060 = EDGE_CURVE('',#4061,#4035,#4063,.T.);
#4061 = VERTEX_POINT('',#4062);
#4062 = CARTESIAN_POINT('',(76.061005859375,-43.89800811767,33.5));
#4063 = SURFACE_CURVE('',#4064,(#4068,#4074),.PCURVE_S1.);
#4064 = LINE('',#4065,#4066);
#4065 = CARTESIAN_POINT('',(69.158939955682,-53.85931951887,33.5));
#4066 = VECTOR('',#4067,1.);
#4067 = DIRECTION('',(-0.569531980487,-0.821969174119,0.));
#4068 = PCURVE('',#1455,#4069);
#4069 = DEFINITIONAL_REPRESENTATION('',(#4070),#4073);
#4070 = B_SPLINE_CURVE_WITH_KNOTS('',1,(#4071,#4072),.UNSPECIFIED.,.F.,
  .F.,(2,2),(-12.11883816916,-10.16986947552),.PIECEWISE_BEZIER_KNOTS.);
#4071 = CARTESIAN_POINT('',(18.061005859375,14.601991882324));
#4072 = CARTESIAN_POINT('',(16.951005859375,12.999999694824));
#4073 = ( GEOMETRIC_REPRESENTATION_CONTEXT(2) 
PARAMETRIC_REPRESENTATION_CONTEXT() REPRESENTATION_CONTEXT('2D SPACE',''
  ) );
#4074 = PCURVE('',#4075,#4080);
#4075 = PLANE('',#4076);
#4076 = AXIS2_PLACEMENT_3D('',#4077,#4078,#4079);
#4077 = CARTESIAN_POINT('',(74.951005859375,-45.50000030517,32.9));
#4078 = DIRECTION('',(-0.821969174119,0.569531980487,0.));
#4079 = DIRECTION('',(0.569531980487,0.821969174119,0.));
#4080 = DEFINITIONAL_REPRESENTATION('',(#4081),#4084);
#4081 = B_SPLINE_CURVE_WITH_KNOTS('',1,(#4082,#4083),.UNSPECIFIED.,.F.,
  .F.,(2,2),(-12.11883816916,-10.16986947552),.PIECEWISE_BEZIER_KNOTS.);
#4082 = CARTESIAN_POINT('',(1.948968693646,-0.6));
#4083 = CARTESIAN_POINT('',(0.,-0.6));
#4084 = ( GEOMETRIC_REPRESENTATION_CONTEXT(2) 
PARAMETRIC_REPRESENTATION_CONTEXT() REPRESENTATION_CONTEXT('2D SPACE',''
  ) );
#4085 = ORIENTED_EDGE('',*,*,#4086,.F.);
#4086 = EDGE_CURVE('',#4087,#4061,#4089,.T.);
#4087 = VERTEX_POINT('',#4088);
#4088 = CARTESIAN_POINT('',(75.011005859375,-42.35599639892,33.5));
#4089 = SURFACE_CURVE('',#4090,(#4094,#4100),.PCURVE_S1.);
#4090 = LINE('',#4091,#4092);
#4091 = CARTESIAN_POINT('',(76.596880010856,-44.68498356658,33.5));
#4092 = VECTOR('',#4093,1.);
#4093 = DIRECTION('',(0.562834809809,-0.826569402329,0.));
#4094 = PCURVE('',#1455,#4095);
#4095 = DEFINITIONAL_REPRESENTATION('',(#4096),#4099);
#4096 = B_SPLINE_CURVE_WITH_KNOTS('',1,(#4097,#4098),.UNSPECIFIED.,.F.,
  .F.,(2,2),(-2.817654707637,-0.952098452586),.PIECEWISE_BEZIER_KNOTS.);
#4097 = CARTESIAN_POINT('',(17.011005859375,16.144003601074));
#4098 = CARTESIAN_POINT('',(18.061005859375,14.601991882324));
#4099 = ( GEOMETRIC_REPRESENTATION_CONTEXT(2) 
PARAMETRIC_REPRESENTATION_CONTEXT() REPRESENTATION_CONTEXT('2D SPACE',''
  ) );
#4100 = PCURVE('',#4101,#4106);
#4101 = PLANE('',#4102);
#4102 = AXIS2_PLACEMENT_3D('',#4103,#4104,#4105);
#4103 = CARTESIAN_POINT('',(76.061005859375,-43.89800811767,32.9));
#4104 = DIRECTION('',(-0.826569402329,-0.562834809809,0.));
#4105 = DIRECTION('',(-0.562834809809,0.826569402329,0.));
#4106 = DEFINITIONAL_REPRESENTATION('',(#4107),#4110);
#4107 = B_SPLINE_CURVE_WITH_KNOTS('',1,(#4108,#4109),.UNSPECIFIED.,.F.,
  .F.,(2,2),(-2.817654707637,-0.952098452586),.PIECEWISE_BEZIER_KNOTS.);
#4108 = CARTESIAN_POINT('',(1.865556255052,-0.6));
#4109 = CARTESIAN_POINT('',(0.,-0.6));
#4110 = ( GEOMETRIC_REPRESENTATION_CONTEXT(2) 
PARAMETRIC_REPRESENTATION_CONTEXT() REPRESENTATION_CONTEXT('2D SPACE',''
  ) );
#4111 = ORIENTED_EDGE('',*,*,#4112,.F.);
#4112 = EDGE_CURVE('',#4113,#4087,#4115,.T.);
#4113 = VERTEX_POINT('',#4114);
#4114 = CARTESIAN_POINT('',(75.581005859375,-42.35599639892,33.5));
#4115 = SURFACE_CURVE('',#4116,(#4120,#4126),.PCURVE_S1.);
#4116 = LINE('',#4117,#4118);
#4117 = CARTESIAN_POINT('',(66.505502929688,-42.35599639892,33.5));
#4118 = VECTOR('',#4119,1.);
#4119 = DIRECTION('',(-1.,0.,0.));
#4120 = PCURVE('',#1455,#4121);
#4121 = DEFINITIONAL_REPRESENTATION('',(#4122),#4125);
#4122 = B_SPLINE_CURVE_WITH_KNOTS('',1,(#4123,#4124),.UNSPECIFIED.,.F.,
  .F.,(2,2),(-9.075502929688,-8.505502929687),.PIECEWISE_BEZIER_KNOTS.);
#4123 = CARTESIAN_POINT('',(17.581005859375,16.144003601074));
#4124 = CARTESIAN_POINT('',(17.011005859375,16.144003601074));
#4125 = ( GEOMETRIC_REPRESENTATION_CONTEXT(2) 
PARAMETRIC_REPRESENTATION_CONTEXT() REPRESENTATION_CONTEXT('2D SPACE',''
  ) );
#4126 = PCURVE('',#4127,#4132);
#4127 = PLANE('',#4128);
#4128 = AXIS2_PLACEMENT_3D('',#4129,#4130,#4131);
#4129 = CARTESIAN_POINT('',(75.011005859375,-42.35599639892,32.9));
#4130 = DIRECTION('',(0.,1.,0.));
#4131 = DIRECTION('',(1.,0.,0.));
#4132 = DEFINITIONAL_REPRESENTATION('',(#4133),#4136);
#4133 = B_SPLINE_CURVE_WITH_KNOTS('',1,(#4134,#4135),.UNSPECIFIED.,.F.,
  .F.,(2,2),(-9.075502929688,-8.505502929687),.PIECEWISE_BEZIER_KNOTS.);
#4134 = CARTESIAN_POINT('',(0.57,-0.6));
#4135 = CARTESIAN_POINT('',(0.,-0.6));
#4136 = ( GEOMETRIC_REPRESENTATION_CONTEXT(2) 
PARAMETRIC_REPRESENTATION_CONTEXT() REPRESENTATION_CONTEXT('2D SPACE',''
  ) );
#4137 = ORIENTED_EDGE('',*,*,#4138,.F.);
#4138 = EDGE_CURVE('',#4139,#4113,#4141,.T.);
#4139 = VERTEX_POINT('',#4140);
#4140 = CARTESIAN_POINT('',(76.337001953125,-43.49599639892,33.5));
#4141 = SURFACE_CURVE('',#4142,(#4146,#4152),.PCURVE_S1.);
#4142 = LINE('',#4143,#4144);
#4143 = CARTESIAN_POINT('',(76.613911657285,-43.91356080878,33.5));
#4144 = VECTOR('',#4145,1.);
#4145 = DIRECTION('',(-0.55267212365,0.833398778341,0.));
#4146 = PCURVE('',#1455,#4147);
#4147 = DEFINITIONAL_REPRESENTATION('',(#4148),#4151);
#4148 = B_SPLINE_CURVE_WITH_KNOTS('',1,(#4149,#4150),.UNSPECIFIED.,.F.,
  .F.,(2,2),(0.501037943312,1.868930517225),.PIECEWISE_BEZIER_KNOTS.);
#4149 = CARTESIAN_POINT('',(18.337001953125,15.004003601074));
#4150 = CARTESIAN_POINT('',(17.581005859375,16.144003601074));
#4151 = ( GEOMETRIC_REPRESENTATION_CONTEXT(2) 
PARAMETRIC_REPRESENTATION_CONTEXT() REPRESENTATION_CONTEXT('2D SPACE',''
  ) );
#4152 = PCURVE('',#4153,#4158);
#4153 = PLANE('',#4154);
#4154 = AXIS2_PLACEMENT_3D('',#4155,#4156,#4157);
#4155 = CARTESIAN_POINT('',(75.581005859375,-42.35599639892,32.9));
#4156 = DIRECTION('',(0.833398778341,0.55267212365,0.));
#4157 = DIRECTION('',(0.55267212365,-0.833398778341,0.));
#4158 = DEFINITIONAL_REPRESENTATION('',(#4159),#4162);
#4159 = B_SPLINE_CURVE_WITH_KNOTS('',1,(#4160,#4161),.UNSPECIFIED.,.F.,
  .F.,(2,2),(0.501037943312,1.868930517225),.PIECEWISE_BEZIER_KNOTS.);
#4160 = CARTESIAN_POINT('',(1.367892573913,-0.6));
#4161 = CARTESIAN_POINT('',(-5.995204332976E-15,-0.6));
#4162 = ( GEOMETRIC_REPRESENTATION_CONTEXT(2) 
PARAMETRIC_REPRESENTATION_CONTEXT() REPRESENTATION_CONTEXT('2D SPACE',''
  ) );
#4163 = ORIENTED_EDGE('',*,*,#4164,.F.);
#4164 = EDGE_CURVE('',#4165,#4139,#4167,.T.);
#4165 = VERTEX_POINT('',#4166);
#4166 = CARTESIAN_POINT('',(77.092998046875,-42.35599639892,33.5));
#4167 = SURFACE_CURVE('',#4168,(#4172,#4178),.PCURVE_S1.);
#4168 = LINE('',#4169,#4170);
#4169 = CARTESIAN_POINT('',(70.081121570329,-52.92951556039,33.5));
#4170 = VECTOR('',#4171,1.);
#4171 = DIRECTION('',(-0.55267212365,-0.833398778341,0.));
#4172 = PCURVE('',#1455,#4173);
#4173 = DEFINITIONAL_REPRESENTATION('',(#4174),#4177);
#4174 = B_SPLINE_CURVE_WITH_KNOTS('',1,(#4175,#4176),.UNSPECIFIED.,.F.,
  .F.,(2,2),(-12.68722661499,-11.31933404108),.PIECEWISE_BEZIER_KNOTS.);
#4175 = CARTESIAN_POINT('',(19.092998046875,16.144003601074));
#4176 = CARTESIAN_POINT('',(18.337001953125,15.004003601074));
#4177 = ( GEOMETRIC_REPRESENTATION_CONTEXT(2) 
PARAMETRIC_REPRESENTATION_CONTEXT() REPRESENTATION_CONTEXT('2D SPACE',''
  ) );
#4178 = PCURVE('',#4179,#4184);
#4179 = PLANE('',#4180);
#4180 = AXIS2_PLACEMENT_3D('',#4181,#4182,#4183);
#4181 = CARTESIAN_POINT('',(76.337001953125,-43.49599639892,32.9));
#4182 = DIRECTION('',(-0.833398778341,0.55267212365,0.));
#4183 = DIRECTION('',(0.55267212365,0.833398778341,0.));
#4184 = DEFINITIONAL_REPRESENTATION('',(#4185),#4188);
#4185 = B_SPLINE_CURVE_WITH_KNOTS('',1,(#4186,#4187),.UNSPECIFIED.,.F.,
  .F.,(2,2),(-12.68722661499,-11.31933404108),.PIECEWISE_BEZIER_KNOTS.);
#4186 = CARTESIAN_POINT('',(1.367892573913,-0.6));
#4187 = CARTESIAN_POINT('',(-5.329070518201E-15,-0.6));
#4188 = ( GEOMETRIC_REPRESENTATION_CONTEXT(2) 
PARAMETRIC_REPRESENTATION_CONTEXT() REPRESENTATION_CONTEXT('2D SPACE',''
  ) );
#4189 = ORIENTED_EDGE('',*,*,#4190,.F.);
#4190 = EDGE_CURVE('',#3905,#4165,#4191,.T.);
#4191 = SURFACE_CURVE('',#4192,(#4196,#4202),.PCURVE_S1.);
#4192 = LINE('',#4193,#4194);
#4193 = CARTESIAN_POINT('',(67.546499023438,-42.35599639892,33.5));
#4194 = VECTOR('',#4195,1.);
#4195 = DIRECTION('',(-1.,0.,0.));
#4196 = PCURVE('',#1455,#4197);
#4197 = DEFINITIONAL_REPRESENTATION('',(#4198),#4201);
#4198 = B_SPLINE_CURVE_WITH_KNOTS('',1,(#4199,#4200),.UNSPECIFIED.,.F.,
  .F.,(2,2),(-10.11050292968,-9.546499023437),.PIECEWISE_BEZIER_KNOTS.);
#4199 = CARTESIAN_POINT('',(19.657001953125,16.144003601074));
#4200 = CARTESIAN_POINT('',(19.092998046875,16.144003601074));
#4201 = ( GEOMETRIC_REPRESENTATION_CONTEXT(2) 
PARAMETRIC_REPRESENTATION_CONTEXT() REPRESENTATION_CONTEXT('2D SPACE',''
  ) );
#4202 = PCURVE('',#4203,#4208);
#4203 = PLANE('',#4204);
#4204 = AXIS2_PLACEMENT_3D('',#4205,#4206,#4207);
#4205 = CARTESIAN_POINT('',(77.092998046875,-42.35599639892,32.9));
#4206 = DIRECTION('',(0.,1.,0.));
#4207 = DIRECTION('',(1.,0.,0.));
#4208 = DEFINITIONAL_REPRESENTATION('',(#4209),#4212);
#4209 = B_SPLINE_CURVE_WITH_KNOTS('',1,(#4210,#4211),.UNSPECIFIED.,.F.,
  .F.,(2,2),(-10.11050292968,-9.546499023437),.PIECEWISE_BEZIER_KNOTS.);
#4210 = CARTESIAN_POINT('',(0.56400390625,-0.6));
#4211 = CARTESIAN_POINT('',(-1.42108547152E-14,-0.6));
#4212 = ( GEOMETRIC_REPRESENTATION_CONTEXT(2) 
PARAMETRIC_REPRESENTATION_CONTEXT() REPRESENTATION_CONTEXT('2D SPACE',''
  ) );
#4213 = FACE_BOUND('',#4214,.T.);
#4214 = EDGE_LOOP('',(#4215,#4243,#4269,#4295,#4337,#4379,#4442,#4493,
    #4519,#4545,#4571,#4622,#4673,#4724,#4775,#4801));
#4215 = ORIENTED_EDGE('',*,*,#4216,.F.);
#4216 = EDGE_CURVE('',#4217,#4219,#4221,.T.);
#4217 = VERTEX_POINT('',#4218);
#4218 = CARTESIAN_POINT('',(78.047001953125,-42.35599639892,33.5));
#4219 = VERTEX_POINT('',#4220);
#4220 = CARTESIAN_POINT('',(78.047001953125,-45.50000030517,33.5));
#4221 = SURFACE_CURVE('',#4222,(#4226,#4232),.PCURVE_S1.);
#4222 = LINE('',#4223,#4224);
#4223 = CARTESIAN_POINT('',(78.047001953125,-52.00000015258,33.5));
#4224 = VECTOR('',#4225,1.);
#4225 = DIRECTION('',(0.,-1.,0.));
#4226 = PCURVE('',#1455,#4227);
#4227 = DEFINITIONAL_REPRESENTATION('',(#4228),#4231);
#4228 = B_SPLINE_CURVE_WITH_KNOTS('',1,(#4229,#4230),.UNSPECIFIED.,.F.,
  .F.,(2,2),(-9.644003753662,-6.499999847412),.PIECEWISE_BEZIER_KNOTS.);
#4229 = CARTESIAN_POINT('',(20.047001953125,16.144003601074));
#4230 = CARTESIAN_POINT('',(20.047001953125,12.999999694824));
#4231 = ( GEOMETRIC_REPRESENTATION_CONTEXT(2) 
PARAMETRIC_REPRESENTATION_CONTEXT() REPRESENTATION_CONTEXT('2D SPACE',''
  ) );
#4232 = PCURVE('',#4233,#4238);
#4233 = PLANE('',#4234);
#4234 = AXIS2_PLACEMENT_3D('',#4235,#4236,#4237);
#4235 = CARTESIAN_POINT('',(78.047001953125,-45.50000030517,32.9));
#4236 = DIRECTION('',(-1.,0.,0.));
#4237 = DIRECTION('',(0.,1.,0.));
#4238 = DEFINITIONAL_REPRESENTATION('',(#4239),#4242);
#4239 = B_SPLINE_CURVE_WITH_KNOTS('',1,(#4240,#4241),.UNSPECIFIED.,.F.,
  .F.,(2,2),(-9.644003753662,-6.499999847412),.PIECEWISE_BEZIER_KNOTS.);
#4240 = CARTESIAN_POINT('',(3.14400390625,-0.6));
#4241 = CARTESIAN_POINT('',(0.,-0.6));
#4242 = ( GEOMETRIC_REPRESENTATION_CONTEXT(2) 
PARAMETRIC_REPRESENTATION_CONTEXT() REPRESENTATION_CONTEXT('2D SPACE',''
  ) );
#4243 = ORIENTED_EDGE('',*,*,#4244,.F.);
#4244 = EDGE_CURVE('',#4245,#4217,#4247,.T.);
#4245 = VERTEX_POINT('',#4246);
#4246 = CARTESIAN_POINT('',(78.508994140625,-42.35599639892,33.5));
#4247 = SURFACE_CURVE('',#4248,(#4252,#4258),.PCURVE_S1.);
#4248 = LINE('',#4249,#4250);
#4249 = CARTESIAN_POINT('',(68.023500976563,-42.35599639892,33.5));
#4250 = VECTOR('',#4251,1.);
#4251 = DIRECTION('',(-1.,0.,0.));
#4252 = PCURVE('',#1455,#4253);
#4253 = DEFINITIONAL_REPRESENTATION('',(#4254),#4257);
#4254 = B_SPLINE_CURVE_WITH_KNOTS('',1,(#4255,#4256),.UNSPECIFIED.,.F.,
  .F.,(2,2),(-10.48549316406,-10.02350097656),.PIECEWISE_BEZIER_KNOTS.);
#4255 = CARTESIAN_POINT('',(20.508994140625,16.144003601074));
#4256 = CARTESIAN_POINT('',(20.047001953125,16.144003601074));
#4257 = ( GEOMETRIC_REPRESENTATION_CONTEXT(2) 
PARAMETRIC_REPRESENTATION_CONTEXT() REPRESENTATION_CONTEXT('2D SPACE',''
  ) );
#4258 = PCURVE('',#4259,#4264);
#4259 = PLANE('',#4260);
#4260 = AXIS2_PLACEMENT_3D('',#4261,#4262,#4263);
#4261 = CARTESIAN_POINT('',(78.047001953125,-42.35599639892,32.9));
#4262 = DIRECTION('',(0.,1.,0.));
#4263 = DIRECTION('',(1.,0.,0.));
#4264 = DEFINITIONAL_REPRESENTATION('',(#4265),#4268);
#4265 = B_SPLINE_CURVE_WITH_KNOTS('',1,(#4266,#4267),.UNSPECIFIED.,.F.,
  .F.,(2,2),(-10.48549316406,-10.02350097656),.PIECEWISE_BEZIER_KNOTS.);
#4266 = CARTESIAN_POINT('',(0.4619921875,-0.6));
#4267 = CARTESIAN_POINT('',(0.,-0.6));
#4268 = ( GEOMETRIC_REPRESENTATION_CONTEXT(2) 
PARAMETRIC_REPRESENTATION_CONTEXT() REPRESENTATION_CONTEXT('2D SPACE',''
  ) );
#4269 = ORIENTED_EDGE('',*,*,#4270,.F.);
#4270 = EDGE_CURVE('',#4271,#4245,#4273,.T.);
#4271 = VERTEX_POINT('',#4272);
#4272 = CARTESIAN_POINT('',(78.508994140625,-42.88400421142,33.5));
#4273 = SURFACE_CURVE('',#4274,(#4278,#4284),.PCURVE_S1.);
#4274 = LINE('',#4275,#4276);
#4275 = CARTESIAN_POINT('',(78.508994140625,-50.42799819946,33.5));
#4276 = VECTOR('',#4277,1.);
#4277 = DIRECTION('',(0.,1.,0.));
#4278 = PCURVE('',#1455,#4279);
#4279 = DEFINITIONAL_REPRESENTATION('',(#4280),#4283);
#4280 = B_SPLINE_CURVE_WITH_KNOTS('',1,(#4281,#4282),.UNSPECIFIED.,.F.,
  .F.,(2,2),(7.543993988037,8.072001800537),.PIECEWISE_BEZIER_KNOTS.);
#4281 = CARTESIAN_POINT('',(20.508994140625,15.615995788574));
#4282 = CARTESIAN_POINT('',(20.508994140625,16.144003601074));
#4283 = ( GEOMETRIC_REPRESENTATION_CONTEXT(2) 
PARAMETRIC_REPRESENTATION_CONTEXT() REPRESENTATION_CONTEXT('2D SPACE',''
  ) );
#4284 = PCURVE('',#4285,#4290);
#4285 = PLANE('',#4286);
#4286 = AXIS2_PLACEMENT_3D('',#4287,#4288,#4289);
#4287 = CARTESIAN_POINT('',(78.508994140625,-42.35599639892,32.9));
#4288 = DIRECTION('',(1.,0.,0.));
#4289 = DIRECTION('',(0.,-1.,0.));
#4290 = DEFINITIONAL_REPRESENTATION('',(#4291),#4294);
#4291 = B_SPLINE_CURVE_WITH_KNOTS('',1,(#4292,#4293),.UNSPECIFIED.,.F.,
  .F.,(2,2),(7.543993988037,8.072001800537),.PIECEWISE_BEZIER_KNOTS.);
#4292 = CARTESIAN_POINT('',(0.5280078125,-0.6));
#4293 = CARTESIAN_POINT('',(0.,-0.6));
#4294 = ( GEOMETRIC_REPRESENTATION_CONTEXT(2) 
PARAMETRIC_REPRESENTATION_CONTEXT() REPRESENTATION_CONTEXT('2D SPACE',''
  ) );
#4295 = ORIENTED_EDGE('',*,*,#4296,.F.);
#4296 = EDGE_CURVE('',#4297,#4271,#4299,.T.);
#4297 = VERTEX_POINT('',#4298);
#4298 = CARTESIAN_POINT('',(78.962001953125,-42.41000030517,33.5));
#4299 = SURFACE_CURVE('',#4300,(#4308,#4319),.PCURVE_S1.);
#4300 = B_SPLINE_CURVE_WITH_KNOTS('',6,(#4301,#4302,#4303,#4304,#4305,
    #4306,#4307),.UNSPECIFIED.,.F.,.F.,(7,7),(0.,1.),
  .PIECEWISE_BEZIER_KNOTS.);
#4301 = CARTESIAN_POINT('',(78.962001953125,-42.41000030517,33.5));
#4302 = CARTESIAN_POINT('',(78.877352676054,-42.46016258775,33.5));
#4303 = CARTESIAN_POINT('',(78.796113529214,-42.52326953722,33.5));
#4304 = CARTESIAN_POINT('',(78.718630830611,-42.59844768275,33.5));
#4305 = CARTESIAN_POINT('',(78.644996332248,-42.684455693,33.5));
#4306 = CARTESIAN_POINT('',(78.575162907464,-42.78002472067,33.5));
#4307 = CARTESIAN_POINT('',(78.508994140625,-42.88400421142,33.5));
#4308 = PCURVE('',#1455,#4309);
#4309 = DEFINITIONAL_REPRESENTATION('',(#4310),#4318);
#4310 = B_SPLINE_CURVE_WITH_KNOTS('',6,(#4311,#4312,#4313,#4314,#4315,
    #4316,#4317),.UNSPECIFIED.,.F.,.F.,(7,7),(0.,1.),
  .PIECEWISE_BEZIER_KNOTS.);
#4311 = CARTESIAN_POINT('',(20.962001953125,16.089999694824));
#4312 = CARTESIAN_POINT('',(20.877352676054,16.039837412245));
#4313 = CARTESIAN_POINT('',(20.796113529214,15.976730462772));
#4314 = CARTESIAN_POINT('',(20.718630830611,15.901552317249));
#4315 = CARTESIAN_POINT('',(20.644996332248,15.815544306992));
#4316 = CARTESIAN_POINT('',(20.575162907464,15.719975279321));
#4317 = CARTESIAN_POINT('',(20.508994140625,15.615995788574));
#4318 = ( GEOMETRIC_REPRESENTATION_CONTEXT(2) 
PARAMETRIC_REPRESENTATION_CONTEXT() REPRESENTATION_CONTEXT('2D SPACE',''
  ) );
#4319 = PCURVE('',#4320,#4327);
#4320 = SURFACE_OF_LINEAR_EXTRUSION('',#4321,#4325);
#4321 = B_SPLINE_CURVE_WITH_KNOTS('',2,(#4322,#4323,#4324),
  .UNSPECIFIED.,.F.,.F.,(3,3),(0.,1.),.PIECEWISE_BEZIER_KNOTS.);
#4322 = CARTESIAN_POINT('',(78.508994140625,-42.88400421142,32.9));
#4323 = CARTESIAN_POINT('',(78.718994140625,-42.55400421142,32.9));
#4324 = CARTESIAN_POINT('',(78.962001953125,-42.41000030517,32.9));
#4325 = VECTOR('',#4326,1.);
#4326 = DIRECTION('',(-0.,-0.,-1.));
#4327 = DEFINITIONAL_REPRESENTATION('',(#4328),#4336);
#4328 = B_SPLINE_CURVE_WITH_KNOTS('',6,(#4329,#4330,#4331,#4332,#4333,
    #4334,#4335),.UNSPECIFIED.,.F.,.F.,(7,7),(0.,1.),
  .PIECEWISE_BEZIER_KNOTS.);
#4329 = CARTESIAN_POINT('',(1.,-0.6));
#4330 = CARTESIAN_POINT('',(0.825830132373,-0.6));
#4331 = CARTESIAN_POINT('',(0.653732221504,-0.6));
#4332 = CARTESIAN_POINT('',(0.484639619516,-0.6));
#4333 = CARTESIAN_POINT('',(0.319133278389,-0.6));
#4334 = CARTESIAN_POINT('',(0.15754468295,-0.6));
#4335 = CARTESIAN_POINT('',(0.,-0.6));
#4336 = ( GEOMETRIC_REPRESENTATION_CONTEXT(2) 
PARAMETRIC_REPRESENTATION_CONTEXT() REPRESENTATION_CONTEXT('2D SPACE',''
  ) );
#4337 = ORIENTED_EDGE('',*,*,#4338,.F.);
#4338 = EDGE_CURVE('',#4339,#4297,#4341,.T.);
#4339 = VERTEX_POINT('',#4340);
#4340 = CARTESIAN_POINT('',(79.552998046875,-42.26599639892,33.5));
#4341 = SURFACE_CURVE('',#4342,(#4350,#4361),.PCURVE_S1.);
#4342 = B_SPLINE_CURVE_WITH_KNOTS('',6,(#4343,#4344,#4345,#4346,#4347,
    #4348,#4349),.UNSPECIFIED.,.F.,.F.,(7,7),(0.,1.),
  .PIECEWISE_BEZIER_KNOTS.);
#4343 = CARTESIAN_POINT('',(79.552998046875,-42.26599639892,33.5));
#4344 = CARTESIAN_POINT('',(79.441157298406,-42.26599639892,33.5));
#4345 = CARTESIAN_POINT('',(79.33367258753,-42.27492118636,33.5));
#4346 = CARTESIAN_POINT('',(79.231298986816,-42.29341401395,33.5));
#4347 = CARTESIAN_POINT('',(79.134795748219,-42.32198733296,33.5));
#4348 = CARTESIAN_POINT('',(79.044854958793,-42.36090247437,33.5));
#4349 = CARTESIAN_POINT('',(78.962001953125,-42.41000030517,33.5));
#4350 = PCURVE('',#1455,#4351);
#4351 = DEFINITIONAL_REPRESENTATION('',(#4352),#4360);
#4352 = B_SPLINE_CURVE_WITH_KNOTS('',6,(#4353,#4354,#4355,#4356,#4357,
    #4358,#4359),.UNSPECIFIED.,.F.,.F.,(7,7),(0.,1.),
  .PIECEWISE_BEZIER_KNOTS.);
#4353 = CARTESIAN_POINT('',(21.552998046875,16.234003601074));
#4354 = CARTESIAN_POINT('',(21.441157298406,16.234003601074));
#4355 = CARTESIAN_POINT('',(21.33367258753,16.225078813633));
#4356 = CARTESIAN_POINT('',(21.231298986816,16.206585986048));
#4357 = CARTESIAN_POINT('',(21.134795748219,16.178012667033));
#4358 = CARTESIAN_POINT('',(21.044854958793,16.139097525622));
#4359 = CARTESIAN_POINT('',(20.962001953125,16.089999694824));
#4360 = ( GEOMETRIC_REPRESENTATION_CONTEXT(2) 
PARAMETRIC_REPRESENTATION_CONTEXT() REPRESENTATION_CONTEXT('2D SPACE',''
  ) );
#4361 = PCURVE('',#4362,#4369);
#4362 = SURFACE_OF_LINEAR_EXTRUSION('',#4363,#4367);
#4363 = B_SPLINE_CURVE_WITH_KNOTS('',2,(#4364,#4365,#4366),
  .UNSPECIFIED.,.F.,.F.,(3,3),(0.,1.),.PIECEWISE_BEZIER_KNOTS.);
#4364 = CARTESIAN_POINT('',(78.962001953125,-42.41000030517,32.9));
#4365 = CARTESIAN_POINT('',(79.205009765625,-42.26599639892,32.9));
#4366 = CARTESIAN_POINT('',(79.552998046875,-42.26599639892,32.9));
#4367 = VECTOR('',#4368,1.);
#4368 = DIRECTION('',(-0.,-0.,-1.));
#4369 = DEFINITIONAL_REPRESENTATION('',(#4370),#4378);
#4370 = B_SPLINE_CURVE_WITH_KNOTS('',6,(#4371,#4372,#4373,#4374,#4375,
    #4376,#4377),.UNSPECIFIED.,.F.,.F.,(7,7),(0.,1.),
  .PIECEWISE_BEZIER_KNOTS.);
#4371 = CARTESIAN_POINT('',(1.,-0.6));
#4372 = CARTESIAN_POINT('',(0.839303858067,-0.6));
#4373 = CARTESIAN_POINT('',(0.675518196981,-0.6));
#4374 = CARTESIAN_POINT('',(0.509054142809,-0.6));
#4375 = CARTESIAN_POINT('',(0.340465836623,-0.6));
#4376 = CARTESIAN_POINT('',(0.170473954758,-0.6));
#4377 = CARTESIAN_POINT('',(0.,-0.6));
#4378 = ( GEOMETRIC_REPRESENTATION_CONTEXT(2) 
PARAMETRIC_REPRESENTATION_CONTEXT() REPRESENTATION_CONTEXT('2D SPACE',''
  ) );
#4379 = ORIENTED_EDGE('',*,*,#4380,.F.);
#4380 = EDGE_CURVE('',#4381,#4339,#4383,.T.);
#4381 = VERTEX_POINT('',#4382);
#4382 = CARTESIAN_POINT('',(80.278994140625,-42.50000030517,33.5));
#4383 = SURFACE_CURVE('',#4384,(#4399,#4417),.PCURVE_S1.);
#4384 = B_SPLINE_CURVE_WITH_KNOTS('',5,(#4385,#4386,#4387,#4388,#4389,
    #4390,#4391,#4392,#4393,#4394,#4395,#4396,#4397,#4398),
  .UNSPECIFIED.,.F.,.F.,(6,4,4,6),(0.,4.841978216826E-02,0.513387798997,
    1.),.UNSPECIFIED.);
#4385 = CARTESIAN_POINT('',(80.278994140625,-42.50000030517,33.5));
#4386 = CARTESIAN_POINT('',(80.273595230932,-42.49532117199,33.5));
#4387 = CARTESIAN_POINT('',(80.268149029997,-42.49069981329,33.5));
#4388 = CARTESIAN_POINT('',(80.262655775452,-42.48613649439,33.5));
#4389 = CARTESIAN_POINT('',(80.257115723795,-42.48163145803,33.5));
#4390 = CARTESIAN_POINT('',(80.19788211109,-42.43448551773,33.5));
#4391 = CARTESIAN_POINT('',(80.139940195883,-42.39717700698,33.5));
#4392 = CARTESIAN_POINT('',(80.077961153841,-42.36546873494,33.5));
#4393 = CARTESIAN_POINT('',(80.012329213752,-42.33932841135,33.5));
#4394 = CARTESIAN_POINT('',(79.871453465275,-42.29684827715,33.5));
#4395 = CARTESIAN_POINT('',(79.795896133223,-42.28101923503,33.5));
#4396 = CARTESIAN_POINT('',(79.717316837328,-42.27086736932,33.5));
#4397 = CARTESIAN_POINT('',(79.636213093851,-42.26599639892,33.5));
#4398 = CARTESIAN_POINT('',(79.552998046875,-42.26599639892,33.5));
#4399 = PCURVE('',#1455,#4400);
#4400 = DEFINITIONAL_REPRESENTATION('',(#4401),#4416);
#4401 = B_SPLINE_CURVE_WITH_KNOTS('',5,(#4402,#4403,#4404,#4405,#4406,
    #4407,#4408,#4409,#4410,#4411,#4412,#4413,#4414,#4415),
  .UNSPECIFIED.,.F.,.F.,(6,4,4,6),(0.,4.841978216826E-02,0.513387798997,
    1.),.UNSPECIFIED.);
#4402 = CARTESIAN_POINT('',(22.278994140625,15.999999694824));
#4403 = CARTESIAN_POINT('',(22.273595230932,16.004678828001));
#4404 = CARTESIAN_POINT('',(22.268149029997,16.009300186706));
#4405 = CARTESIAN_POINT('',(22.262655775452,16.013863505602));
#4406 = CARTESIAN_POINT('',(22.257115723795,16.018368541964));
#4407 = CARTESIAN_POINT('',(22.19788211109,16.065514482261));
#4408 = CARTESIAN_POINT('',(22.139940195883,16.102822993015));
#4409 = CARTESIAN_POINT('',(22.077961153841,16.134531265059));
#4410 = CARTESIAN_POINT('',(22.012329213752,16.160671588647));
#4411 = CARTESIAN_POINT('',(21.871453465275,16.203151722842));
#4412 = CARTESIAN_POINT('',(21.795896133223,16.218980764964));
#4413 = CARTESIAN_POINT('',(21.717316837328,16.229132630671));
#4414 = CARTESIAN_POINT('',(21.636213093851,16.234003601074));
#4415 = CARTESIAN_POINT('',(21.552998046875,16.234003601074));
#4416 = ( GEOMETRIC_REPRESENTATION_CONTEXT(2) 
PARAMETRIC_REPRESENTATION_CONTEXT() REPRESENTATION_CONTEXT('2D SPACE',''
  ) );
#4417 = PCURVE('',#4418,#4425);
#4418 = SURFACE_OF_LINEAR_EXTRUSION('',#4419,#4423);
#4419 = B_SPLINE_CURVE_WITH_KNOTS('',2,(#4420,#4421,#4422),
  .UNSPECIFIED.,.F.,.F.,(3,3),(0.,1.),.PIECEWISE_BEZIER_KNOTS.);
#4420 = CARTESIAN_POINT('',(79.552998046875,-42.26599639892,32.9));
#4421 = CARTESIAN_POINT('',(80.008994140625,-42.26599639892,32.9));
#4422 = CARTESIAN_POINT('',(80.278994140625,-42.50000030517,32.9));
#4423 = VECTOR('',#4424,1.);
#4424 = DIRECTION('',(-0.,-0.,-1.));
#4425 = DEFINITIONAL_REPRESENTATION('',(#4426),#4441);
#4426 = B_SPLINE_CURVE_WITH_KNOTS('',5,(#4427,#4428,#4429,#4430,#4431,
    #4432,#4433,#4434,#4435,#4436,#4437,#4438,#4439,#4440),
  .UNSPECIFIED.,.F.,.F.,(6,4,4,6),(0.,4.841978216826E-02,0.513387798997,
    1.),.UNSPECIFIED.);
#4427 = CARTESIAN_POINT('',(1.,-0.6));
#4428 = CARTESIAN_POINT('',(0.990002019086,-0.6));
#4429 = CARTESIAN_POINT('',(0.980002536324,-0.6));
#4430 = CARTESIAN_POINT('',(0.970002043529,-0.6));
#4431 = CARTESIAN_POINT('',(0.960001033497,-0.6));
#4432 = CARTESIAN_POINT('',(0.853961552424,-0.6));
#4433 = CARTESIAN_POINT('',(0.757912176697,-0.6));
#4434 = CARTESIAN_POINT('',(0.66231694649,-0.6));
#4435 = CARTESIAN_POINT('',(0.567569026511,-0.6));
#4436 = CARTESIAN_POINT('',(0.376075350802,-0.6));
#4437 = CARTESIAN_POINT('',(0.279430973675,-0.6));
#4438 = CARTESIAN_POINT('',(0.184420923558,-0.6));
#4439 = CARTESIAN_POINT('',(9.124535069123E-02,-0.6));
#4440 = CARTESIAN_POINT('',(0.,-0.6));
#4441 = ( GEOMETRIC_REPRESENTATION_CONTEXT(2) 
PARAMETRIC_REPRESENTATION_CONTEXT() REPRESENTATION_CONTEXT('2D SPACE',''
  ) );
#4442 = ORIENTED_EDGE('',*,*,#4443,.F.);
#4443 = EDGE_CURVE('',#4444,#4381,#4446,.T.);
#4444 = VERTEX_POINT('',#4445);
#4445 = CARTESIAN_POINT('',(80.548994140625,-43.12400421142,33.5));
#4446 = SURFACE_CURVE('',#4447,(#4458,#4472),.PCURVE_S1.);
#4447 = B_SPLINE_CURVE_WITH_KNOTS('',5,(#4448,#4449,#4450,#4451,#4452,
    #4453,#4454,#4455,#4456,#4457),.UNSPECIFIED.,.F.,.F.,(6,4,6),(0.,
    0.628522465939,1.),.UNSPECIFIED.);
#4448 = CARTESIAN_POINT('',(80.548994140625,-43.12400421142,33.5));
#4449 = CARTESIAN_POINT('',(80.548994140625,-43.02950110995,33.5));
#4450 = CARTESIAN_POINT('',(80.539085189992,-42.93852143697,33.5));
#4451 = CARTESIAN_POINT('',(80.518347175861,-42.8521130095,33.5));
#4452 = CARTESIAN_POINT('',(80.486234482193,-42.77131159604,33.5));
#4453 = CARTESIAN_POINT('',(80.417745503834,-42.65284922847,33.5));
#4454 = CARTESIAN_POINT('',(80.388478771765,-42.61105050375,33.5));
#4455 = CARTESIAN_POINT('',(80.355470707268,-42.57160481559,33.5));
#4456 = CARTESIAN_POINT('',(80.318896570207,-42.5345829881,33.5));
#4457 = CARTESIAN_POINT('',(80.278994140625,-42.50000030517,33.5));
#4458 = PCURVE('',#1455,#4459);
#4459 = DEFINITIONAL_REPRESENTATION('',(#4460),#4471);
#4460 = B_SPLINE_CURVE_WITH_KNOTS('',5,(#4461,#4462,#4463,#4464,#4465,
    #4466,#4467,#4468,#4469,#4470),.UNSPECIFIED.,.F.,.F.,(6,4,6),(0.,
    0.628522465939,1.),.UNSPECIFIED.);
#4461 = CARTESIAN_POINT('',(22.548994140625,15.375995788574));
#4462 = CARTESIAN_POINT('',(22.548994140625,15.470498890042));
#4463 = CARTESIAN_POINT('',(22.539085189992,15.561478563023));
#4464 = CARTESIAN_POINT('',(22.518347175861,15.647886990497));
#4465 = CARTESIAN_POINT('',(22.486234482193,15.728688403955));
#4466 = CARTESIAN_POINT('',(22.417745503834,15.847150771523));
#4467 = CARTESIAN_POINT('',(22.388478771765,15.888949496249));
#4468 = CARTESIAN_POINT('',(22.355470707268,15.928395184405));
#4469 = CARTESIAN_POINT('',(22.318896570207,15.965417011895));
#4470 = CARTESIAN_POINT('',(22.278994140625,15.999999694824));
#4471 = ( GEOMETRIC_REPRESENTATION_CONTEXT(2) 
PARAMETRIC_REPRESENTATION_CONTEXT() REPRESENTATION_CONTEXT('2D SPACE',''
  ) );
#4472 = PCURVE('',#4473,#4480);
#4473 = SURFACE_OF_LINEAR_EXTRUSION('',#4474,#4478);
#4474 = B_SPLINE_CURVE_WITH_KNOTS('',2,(#4475,#4476,#4477),
  .UNSPECIFIED.,.F.,.F.,(3,3),(0.,1.),.PIECEWISE_BEZIER_KNOTS.);
#4475 = CARTESIAN_POINT('',(80.278994140625,-42.50000030517,32.9));
#4476 = CARTESIAN_POINT('',(80.548994140625,-42.73400421142,32.9));
#4477 = CARTESIAN_POINT('',(80.548994140625,-43.12400421142,32.9));
#4478 = VECTOR('',#4479,1.);
#4479 = DIRECTION('',(-0.,-0.,-1.));
#4480 = DEFINITIONAL_REPRESENTATION('',(#4481),#4492);
#4481 = B_SPLINE_CURVE_WITH_KNOTS('',5,(#4482,#4483,#4484,#4485,#4486,
    #4487,#4488,#4489,#4490,#4491),.UNSPECIFIED.,.F.,.F.,(6,4,6),(0.,
    0.628522465939,1.),.UNSPECIFIED.);
#4482 = CARTESIAN_POINT('',(1.,-0.6));
#4483 = CARTESIAN_POINT('',(0.878842177605,-0.6));
#4484 = CARTESIAN_POINT('',(0.754861791581,-0.6));
#4485 = CARTESIAN_POINT('',(0.628720649062,-0.6));
#4486 = CARTESIAN_POINT('',(0.501342508484,-0.6));
#4487 = CARTESIAN_POINT('',(0.298736372053,-0.6));
#4488 = CARTESIAN_POINT('',(0.223469745484,-0.6));
#4489 = CARTESIAN_POINT('',(0.148448544506,-0.6));
#4490 = CARTESIAN_POINT('',(7.389338811449E-02,-0.6));
#4491 = CARTESIAN_POINT('',(0.,-0.6));
#4492 = ( GEOMETRIC_REPRESENTATION_CONTEXT(2) 
PARAMETRIC_REPRESENTATION_CONTEXT() REPRESENTATION_CONTEXT('2D SPACE',''
  ) );
#4493 = ORIENTED_EDGE('',*,*,#4494,.F.);
#4494 = EDGE_CURVE('',#4495,#4444,#4497,.T.);
#4495 = VERTEX_POINT('',#4496);
#4496 = CARTESIAN_POINT('',(80.548994140625,-45.50000030517,33.5));
#4497 = SURFACE_CURVE('',#4498,(#4502,#4508),.PCURVE_S1.);
#4498 = LINE('',#4499,#4500);
#4499 = CARTESIAN_POINT('',(80.548994140625,-50.81200210571,33.5));
#4500 = VECTOR('',#4501,1.);
#4501 = DIRECTION('',(0.,1.,0.));
#4502 = PCURVE('',#1455,#4503);
#4503 = DEFINITIONAL_REPRESENTATION('',(#4504),#4507);
#4504 = B_SPLINE_CURVE_WITH_KNOTS('',1,(#4505,#4506),.UNSPECIFIED.,.F.,
  .F.,(2,2),(5.312001800537,7.687997894287),.PIECEWISE_BEZIER_KNOTS.);
#4505 = CARTESIAN_POINT('',(22.548994140625,12.999999694824));
#4506 = CARTESIAN_POINT('',(22.548994140625,15.375995788574));
#4507 = ( GEOMETRIC_REPRESENTATION_CONTEXT(2) 
PARAMETRIC_REPRESENTATION_CONTEXT() REPRESENTATION_CONTEXT('2D SPACE',''
  ) );
#4508 = PCURVE('',#4509,#4514);
#4509 = PLANE('',#4510);
#4510 = AXIS2_PLACEMENT_3D('',#4511,#4512,#4513);
#4511 = CARTESIAN_POINT('',(80.548994140625,-43.12400421142,32.9));
#4512 = DIRECTION('',(1.,0.,0.));
#4513 = DIRECTION('',(0.,-1.,0.));
#4514 = DEFINITIONAL_REPRESENTATION('',(#4515),#4518);
#4515 = B_SPLINE_CURVE_WITH_KNOTS('',1,(#4516,#4517),.UNSPECIFIED.,.F.,
  .F.,(2,2),(5.312001800537,7.687997894287),.PIECEWISE_BEZIER_KNOTS.);
#4516 = CARTESIAN_POINT('',(2.37599609375,-0.6));
#4517 = CARTESIAN_POINT('',(0.,-0.6));
#4518 = ( GEOMETRIC_REPRESENTATION_CONTEXT(2) 
PARAMETRIC_REPRESENTATION_CONTEXT() REPRESENTATION_CONTEXT('2D SPACE',''
  ) );
#4519 = ORIENTED_EDGE('',*,*,#4520,.F.);
#4520 = EDGE_CURVE('',#4521,#4495,#4523,.T.);
#4521 = VERTEX_POINT('',#4522);
#4522 = CARTESIAN_POINT('',(80.051005859375,-45.50000030517,33.5));
#4523 = SURFACE_CURVE('',#4524,(#4528,#4534),.PCURVE_S1.);
#4524 = LINE('',#4525,#4526);
#4525 = CARTESIAN_POINT('',(69.274497070313,-45.50000030517,33.5));
#4526 = VECTOR('',#4527,1.);
#4527 = DIRECTION('',(1.,0.,-0.));
#4528 = PCURVE('',#1455,#4529);
#4529 = DEFINITIONAL_REPRESENTATION('',(#4530),#4533);
#4530 = B_SPLINE_CURVE_WITH_KNOTS('',1,(#4531,#4532),.UNSPECIFIED.,.F.,
  .F.,(2,2),(10.776508789062,11.274497070313),.PIECEWISE_BEZIER_KNOTS.);
#4531 = CARTESIAN_POINT('',(22.051005859375,12.999999694824));
#4532 = CARTESIAN_POINT('',(22.548994140625,12.999999694824));
#4533 = ( GEOMETRIC_REPRESENTATION_CONTEXT(2) 
PARAMETRIC_REPRESENTATION_CONTEXT() REPRESENTATION_CONTEXT('2D SPACE',''
  ) );
#4534 = PCURVE('',#4535,#4540);
#4535 = PLANE('',#4536);
#4536 = AXIS2_PLACEMENT_3D('',#4537,#4538,#4539);
#4537 = CARTESIAN_POINT('',(80.548994140625,-45.50000030517,32.9));
#4538 = DIRECTION('',(0.,-1.,0.));
#4539 = DIRECTION('',(-1.,0.,0.));
#4540 = DEFINITIONAL_REPRESENTATION('',(#4541),#4544);
#4541 = B_SPLINE_CURVE_WITH_KNOTS('',1,(#4542,#4543),.UNSPECIFIED.,.F.,
  .F.,(2,2),(10.776508789062,11.274497070313),.PIECEWISE_BEZIER_KNOTS.);
#4542 = CARTESIAN_POINT('',(0.49798828125,-0.6));
#4543 = CARTESIAN_POINT('',(0.,-0.6));
#4544 = ( GEOMETRIC_REPRESENTATION_CONTEXT(2) 
PARAMETRIC_REPRESENTATION_CONTEXT() REPRESENTATION_CONTEXT('2D SPACE',''
  ) );
#4545 = ORIENTED_EDGE('',*,*,#4546,.F.);
#4546 = EDGE_CURVE('',#4547,#4521,#4549,.T.);
#4547 = VERTEX_POINT('',#4548);
#4548 = CARTESIAN_POINT('',(80.051005859375,-43.32199249267,33.5));
#4549 = SURFACE_CURVE('',#4550,(#4554,#4560),.PCURVE_S1.);
#4550 = LINE('',#4551,#4552);
#4551 = CARTESIAN_POINT('',(80.051005859375,-52.00000015258,33.5));
#4552 = VECTOR('',#4553,1.);
#4553 = DIRECTION('',(0.,-1.,0.));
#4554 = PCURVE('',#1455,#4555);
#4555 = DEFINITIONAL_REPRESENTATION('',(#4556),#4559);
#4556 = B_SPLINE_CURVE_WITH_KNOTS('',1,(#4557,#4558),.UNSPECIFIED.,.F.,
  .F.,(2,2),(-8.678007659912,-6.499999847412),.PIECEWISE_BEZIER_KNOTS.);
#4557 = CARTESIAN_POINT('',(22.051005859375,15.178007507324));
#4558 = CARTESIAN_POINT('',(22.051005859375,12.999999694824));
#4559 = ( GEOMETRIC_REPRESENTATION_CONTEXT(2) 
PARAMETRIC_REPRESENTATION_CONTEXT() REPRESENTATION_CONTEXT('2D SPACE',''
  ) );
#4560 = PCURVE('',#4561,#4566);
#4561 = PLANE('',#4562);
#4562 = AXIS2_PLACEMENT_3D('',#4563,#4564,#4565);
#4563 = CARTESIAN_POINT('',(80.051005859375,-45.50000030517,32.9));
#4564 = DIRECTION('',(-1.,0.,0.));
#4565 = DIRECTION('',(0.,1.,0.));
#4566 = DEFINITIONAL_REPRESENTATION('',(#4567),#4570);
#4567 = B_SPLINE_CURVE_WITH_KNOTS('',1,(#4568,#4569),.UNSPECIFIED.,.F.,
  .F.,(2,2),(-8.678007659912,-6.499999847412),.PIECEWISE_BEZIER_KNOTS.);
#4568 = CARTESIAN_POINT('',(2.1780078125,-0.6));
#4569 = CARTESIAN_POINT('',(0.,-0.6));
#4570 = ( GEOMETRIC_REPRESENTATION_CONTEXT(2) 
PARAMETRIC_REPRESENTATION_CONTEXT() REPRESENTATION_CONTEXT('2D SPACE',''
  ) );
#4571 = ORIENTED_EDGE('',*,*,#4572,.F.);
#4572 = EDGE_CURVE('',#4573,#4547,#4575,.T.);
#4573 = VERTEX_POINT('',#4574);
#4574 = CARTESIAN_POINT('',(79.877001953125,-42.8720022583,33.5));
#4575 = SURFACE_CURVE('',#4576,(#4587,#4601),.PCURVE_S1.);
#4576 = B_SPLINE_CURVE_WITH_KNOTS('',5,(#4577,#4578,#4579,#4580,#4581,
    #4582,#4583,#4584,#4585,#4586),.UNSPECIFIED.,.F.,.F.,(6,4,6),(0.,
    0.255856958483,1.),.UNSPECIFIED.);
#4577 = CARTESIAN_POINT('',(79.877001953125,-42.8720022583,33.5));
#4578 = CARTESIAN_POINT('',(79.894903433167,-42.88928585697,33.5));
#4579 = CARTESIAN_POINT('',(79.911695462681,-42.90736366857,33.5));
#4580 = CARTESIAN_POINT('',(79.927353709139,-42.9262297399,33.5));
#4581 = CARTESIAN_POINT('',(79.941860650004,-42.94587297928,33.5));
#4582 = CARTESIAN_POINT('',(79.99401839787,-43.02562135628,33.5));
#4583 = CARTESIAN_POINT('',(80.023008889047,-43.09141284231,33.5));
#4584 = CARTESIAN_POINT('',(80.041890476135,-43.16322538025,33.5));
#4585 = CARTESIAN_POINT('',(80.051005859375,-43.24035264529,33.5));
#4586 = CARTESIAN_POINT('',(80.051005859375,-43.32199249267,33.5));
#4587 = PCURVE('',#1455,#4588);
#4588 = DEFINITIONAL_REPRESENTATION('',(#4589),#4600);
#4589 = B_SPLINE_CURVE_WITH_KNOTS('',5,(#4590,#4591,#4592,#4593,#4594,
    #4595,#4596,#4597,#4598,#4599),.UNSPECIFIED.,.F.,.F.,(6,4,6),(0.,
    0.255856958483,1.),.UNSPECIFIED.);
#4590 = CARTESIAN_POINT('',(21.877001953125,15.627997741699));
#4591 = CARTESIAN_POINT('',(21.894903433167,15.610714143026));
#4592 = CARTESIAN_POINT('',(21.911695462681,15.59263633143));
#4593 = CARTESIAN_POINT('',(21.927353709139,15.573770260092));
#4594 = CARTESIAN_POINT('',(21.941860650004,15.554127020718));
#4595 = CARTESIAN_POINT('',(21.99401839787,15.47437864372));
#4596 = CARTESIAN_POINT('',(22.023008889047,15.408587157687));
#4597 = CARTESIAN_POINT('',(22.041890476135,15.336774619747));
#4598 = CARTESIAN_POINT('',(22.051005859375,15.259647354708));
#4599 = CARTESIAN_POINT('',(22.051005859375,15.178007507324));
#4600 = ( GEOMETRIC_REPRESENTATION_CONTEXT(2) 
PARAMETRIC_REPRESENTATION_CONTEXT() REPRESENTATION_CONTEXT('2D SPACE',''
  ) );
#4601 = PCURVE('',#4602,#4609);
#4602 = SURFACE_OF_LINEAR_EXTRUSION('',#4603,#4607);
#4603 = B_SPLINE_CURVE_WITH_KNOTS('',2,(#4604,#4605,#4606),
  .UNSPECIFIED.,.F.,.F.,(3,3),(0.,1.),.PIECEWISE_BEZIER_KNOTS.);
#4604 = CARTESIAN_POINT('',(80.051005859375,-43.32199249267,32.9));
#4605 = CARTESIAN_POINT('',(80.051005859375,-43.04000030517,32.9));
#4606 = CARTESIAN_POINT('',(79.877001953125,-42.8720022583,32.9));
#4607 = VECTOR('',#4608,1.);
#4608 = DIRECTION('',(-0.,-0.,-1.));
#4609 = DEFINITIONAL_REPRESENTATION('',(#4610),#4621);
#4610 = B_SPLINE_CURVE_WITH_KNOTS('',5,(#4611,#4612,#4613,#4614,#4615,
    #4616,#4617,#4618,#4619,#4620),.UNSPECIFIED.,.F.,.F.,(6,4,6),(0.,
    0.255856958483,1.),.UNSPECIFIED.);
#4611 = CARTESIAN_POINT('',(1.,-0.6));
#4612 = CARTESIAN_POINT('',(0.948560120208,-0.6));
#4613 = CARTESIAN_POINT('',(0.897000759764,-0.6));
#4614 = CARTESIAN_POINT('',(0.845360738905,-0.6));
#4615 = CARTESIAN_POINT('',(0.793680078489,-0.6));
#4616 = CARTESIAN_POINT('',(0.591691909804,-0.6));
#4617 = CARTESIAN_POINT('',(0.441361763693,-0.6));
#4618 = CARTESIAN_POINT('',(0.292098196945,-0.6));
#4619 = CARTESIAN_POINT('',(0.144755512746,-0.6));
#4620 = CARTESIAN_POINT('',(0.,-0.6));
#4621 = ( GEOMETRIC_REPRESENTATION_CONTEXT(2) 
PARAMETRIC_REPRESENTATION_CONTEXT() REPRESENTATION_CONTEXT('2D SPACE',''
  ) );
#4622 = ORIENTED_EDGE('',*,*,#4623,.F.);
#4623 = EDGE_CURVE('',#4624,#4573,#4626,.T.);
#4624 = VERTEX_POINT('',#4625);
#4625 = CARTESIAN_POINT('',(79.402998046875,-42.70400421142,33.5));
#4626 = SURFACE_CURVE('',#4627,(#4638,#4652),.PCURVE_S1.);
#4627 = B_SPLINE_CURVE_WITH_KNOTS('',5,(#4628,#4629,#4630,#4631,#4632,
    #4633,#4634,#4635,#4636,#4637),.UNSPECIFIED.,.F.,.F.,(6,4,6),(0.,
    0.860009300675,1.),.UNSPECIFIED.);
#4628 = CARTESIAN_POINT('',(79.402998046875,-42.70400421142,33.5));
#4629 = CARTESIAN_POINT('',(79.502610608354,-42.70400421142,33.5));
#4630 = CARTESIAN_POINT('',(79.595877549332,-42.71558109147,33.5));
#4631 = CARTESIAN_POINT('',(79.681440337305,-42.73981728347,33.5));
#4632 = CARTESIAN_POINT('',(79.758051234235,-42.77735646972,33.5));
#4633 = CARTESIAN_POINT('',(79.835949257231,-42.83586962282,33.5));
#4634 = CARTESIAN_POINT('',(79.846599903947,-42.84439997153,33.5));
#4635 = CARTESIAN_POINT('',(79.856993565262,-42.85326737978,33.5));
#4636 = CARTESIAN_POINT('',(79.867128118784,-42.86246922585,33.5));
#4637 = CARTESIAN_POINT('',(79.877001953125,-42.8720022583,33.5));
#4638 = PCURVE('',#1455,#4639);
#4639 = DEFINITIONAL_REPRESENTATION('',(#4640),#4651);
#4640 = B_SPLINE_CURVE_WITH_KNOTS('',5,(#4641,#4642,#4643,#4644,#4645,
    #4646,#4647,#4648,#4649,#4650),.UNSPECIFIED.,.F.,.F.,(6,4,6),(0.,
    0.860009300675,1.),.UNSPECIFIED.);
#4641 = CARTESIAN_POINT('',(21.402998046875,15.795995788574));
#4642 = CARTESIAN_POINT('',(21.502610608354,15.795995788574));
#4643 = CARTESIAN_POINT('',(21.595877549332,15.784418908529));
#4644 = CARTESIAN_POINT('',(21.681440337305,15.760182716524));
#4645 = CARTESIAN_POINT('',(21.758051234235,15.722643530279));
#4646 = CARTESIAN_POINT('',(21.835949257231,15.664130377171));
#4647 = CARTESIAN_POINT('',(21.846599903947,15.655600028461));
#4648 = CARTESIAN_POINT('',(21.856993565262,15.646732620219));
#4649 = CARTESIAN_POINT('',(21.867128118784,15.637530774148));
#4650 = CARTESIAN_POINT('',(21.877001953125,15.627997741699));
#4651 = ( GEOMETRIC_REPRESENTATION_CONTEXT(2) 
PARAMETRIC_REPRESENTATION_CONTEXT() REPRESENTATION_CONTEXT('2D SPACE',''
  ) );
#4652 = PCURVE('',#4653,#4660);
#4653 = SURFACE_OF_LINEAR_EXTRUSION('',#4654,#4658);
#4654 = B_SPLINE_CURVE_WITH_KNOTS('',2,(#4655,#4656,#4657),
  .UNSPECIFIED.,.F.,.F.,(3,3),(0.,1.),.PIECEWISE_BEZIER_KNOTS.);
#4655 = CARTESIAN_POINT('',(79.877001953125,-42.8720022583,32.9));
#4656 = CARTESIAN_POINT('',(79.702998046875,-42.70400421142,32.9));
#4657 = CARTESIAN_POINT('',(79.402998046875,-42.70400421142,32.9));
#4658 = VECTOR('',#4659,1.);
#4659 = DIRECTION('',(-0.,-0.,-1.));
#4660 = DEFINITIONAL_REPRESENTATION('',(#4661),#4672);
#4661 = B_SPLINE_CURVE_WITH_KNOTS('',5,(#4662,#4663,#4664,#4665,#4666,
    #4667,#4668,#4669,#4670,#4671),.UNSPECIFIED.,.F.,.F.,(6,4,6),(0.,
    0.860009300675,1.),.UNSPECIFIED.);
#4662 = CARTESIAN_POINT('',(1.,-0.6));
#4663 = CARTESIAN_POINT('',(0.833979064202,-0.6));
#4664 = CARTESIAN_POINT('',(0.664063342914,-0.6));
#4665 = CARTESIAN_POINT('',(0.4911640433,-0.6));
#4666 = CARTESIAN_POINT('',(0.316556141498,-0.6));
#4667 = CARTESIAN_POINT('',(0.11358607901,-0.6));
#4668 = CARTESIAN_POINT('',(8.517227187164E-02,-0.6));
#4669 = CARTESIAN_POINT('',(5.676545748368E-02,-0.6));
#4670 = CARTESIAN_POINT('',(2.837245023426E-02,-0.6));
#4671 = CARTESIAN_POINT('',(0.,-0.6));
#4672 = ( GEOMETRIC_REPRESENTATION_CONTEXT(2) 
PARAMETRIC_REPRESENTATION_CONTEXT() REPRESENTATION_CONTEXT('2D SPACE',''
  ) );
#4673 = ORIENTED_EDGE('',*,*,#4674,.F.);
#4674 = EDGE_CURVE('',#4675,#4624,#4677,.T.);
#4675 = VERTEX_POINT('',#4676);
#4676 = CARTESIAN_POINT('',(78.785,-42.99500030517,33.5));
#4677 = SURFACE_CURVE('',#4678,(#4689,#4703),.PCURVE_S1.);
#4678 = B_SPLINE_CURVE_WITH_KNOTS('',5,(#4679,#4680,#4681,#4682,#4683,
    #4684,#4685,#4686,#4687,#4688),.UNSPECIFIED.,.F.,.F.,(6,4,6),(0.,
    0.461132110586,1.),.UNSPECIFIED.);
#4679 = CARTESIAN_POINT('',(78.785,-42.99500030517,33.5));
#4680 = CARTESIAN_POINT('',(78.827382048924,-42.94229381154,33.5));
#4681 = CARTESIAN_POINT('',(78.873456817301,-42.8947866203,33.5));
#4682 = CARTESIAN_POINT('',(78.923235631498,-42.85303456544,33.5));
#4683 = CARTESIAN_POINT('',(78.976601097017,-42.81746146594,33.5));
#4684 = CARTESIAN_POINT('',(79.099403591215,-42.75407359837,33.5));
#4685 = CARTESIAN_POINT('',(79.170055372891,-42.72856637188,33.5));
#4686 = CARTESIAN_POINT('',(79.244663981651,-42.71198721034,33.5));
#4687 = CARTESIAN_POINT('',(79.32254714926,-42.70400421142,33.5));
#4688 = CARTESIAN_POINT('',(79.402998046875,-42.70400421142,33.5));
#4689 = PCURVE('',#1455,#4690);
#4690 = DEFINITIONAL_REPRESENTATION('',(#4691),#4702);
#4691 = B_SPLINE_CURVE_WITH_KNOTS('',5,(#4692,#4693,#4694,#4695,#4696,
    #4697,#4698,#4699,#4700,#4701),.UNSPECIFIED.,.F.,.F.,(6,4,6),(0.,
    0.461132110586,1.),.UNSPECIFIED.);
#4692 = CARTESIAN_POINT('',(20.785,15.504999694824));
#4693 = CARTESIAN_POINT('',(20.827382048924,15.557706188453));
#4694 = CARTESIAN_POINT('',(20.873456817301,15.605213379691));
#4695 = CARTESIAN_POINT('',(20.923235631498,15.646965434559));
#4696 = CARTESIAN_POINT('',(20.976601097017,15.682538534056));
#4697 = CARTESIAN_POINT('',(21.099403591215,15.745926401628));
#4698 = CARTESIAN_POINT('',(21.170055372891,15.771433628113));
#4699 = CARTESIAN_POINT('',(21.244663981651,15.788012789652));
#4700 = CARTESIAN_POINT('',(21.32254714926,15.795995788574));
#4701 = CARTESIAN_POINT('',(21.402998046875,15.795995788574));
#4702 = ( GEOMETRIC_REPRESENTATION_CONTEXT(2) 
PARAMETRIC_REPRESENTATION_CONTEXT() REPRESENTATION_CONTEXT('2D SPACE',''
  ) );
#4703 = PCURVE('',#4704,#4711);
#4704 = SURFACE_OF_LINEAR_EXTRUSION('',#4705,#4709);
#4705 = B_SPLINE_CURVE_WITH_KNOTS('',2,(#4706,#4707,#4708),
  .UNSPECIFIED.,.F.,.F.,(3,3),(0.,1.),.PIECEWISE_BEZIER_KNOTS.);
#4706 = CARTESIAN_POINT('',(79.402998046875,-42.70400421142,32.9));
#4707 = CARTESIAN_POINT('',(79.018994140625,-42.70400421142,32.9));
#4708 = CARTESIAN_POINT('',(78.785,-42.99500030517,32.9));
#4709 = VECTOR('',#4710,1.);
#4710 = DIRECTION('',(-0.,-0.,-1.));
#4711 = DEFINITIONAL_REPRESENTATION('',(#4712),#4723);
#4712 = B_SPLINE_CURVE_WITH_KNOTS('',5,(#4713,#4714,#4715,#4716,#4717,
    #4718,#4719,#4720,#4721,#4722),.UNSPECIFIED.,.F.,.F.,(6,4,6),(0.,
    0.461132110586,1.),.UNSPECIFIED.);
#4713 = CARTESIAN_POINT('',(1.,-0.6));
#4714 = CARTESIAN_POINT('',(0.909437798718,-0.6));
#4715 = CARTESIAN_POINT('',(0.817557308486,-0.6));
#4716 = CARTESIAN_POINT('',(0.724716870051,-0.6));
#4717 = CARTESIAN_POINT('',(0.631353816275,-0.6));
#4718 = CARTESIAN_POINT('',(0.42890897643,-0.6));
#4719 = CARTESIAN_POINT('',(0.319794371471,-0.6));
#4720 = CARTESIAN_POINT('',(0.211520421564,-0.6));
#4721 = CARTESIAN_POINT('',(0.104752707337,-0.6));
#4722 = CARTESIAN_POINT('',(0.,-0.6));
#4723 = ( GEOMETRIC_REPRESENTATION_CONTEXT(2) 
PARAMETRIC_REPRESENTATION_CONTEXT() REPRESENTATION_CONTEXT('2D SPACE',''
  ) );
#4724 = ORIENTED_EDGE('',*,*,#4725,.F.);
#4725 = EDGE_CURVE('',#4726,#4675,#4728,.T.);
#4726 = VERTEX_POINT('',#4727);
#4727 = CARTESIAN_POINT('',(78.551005859375,-43.76599639892,33.5));
#4728 = SURFACE_CURVE('',#4729,(#4740,#4754),.PCURVE_S1.);
#4729 = B_SPLINE_CURVE_WITH_KNOTS('',5,(#4730,#4731,#4732,#4733,#4734,
    #4735,#4736,#4737,#4738,#4739),.UNSPECIFIED.,.F.,.F.,(6,4,6),(0.,
    0.51350900304,1.),.UNSPECIFIED.);
#4730 = CARTESIAN_POINT('',(78.551005859375,-43.76599639892,33.5));
#4731 = CARTESIAN_POINT('',(78.551005859375,-43.67387662376,33.5));
#4732 = CARTESIAN_POINT('',(78.556392856894,-43.58401874068,33.5));
#4733 = CARTESIAN_POINT('',(78.567652486533,-43.49689900731,33.5));
#4734 = CARTESIAN_POINT('',(78.585266738823,-43.41310893878,33.5));
#4735 = CARTESIAN_POINT('',(78.632466798734,-43.25758768633,33.5));
#4736 = CARTESIAN_POINT('',(78.66137623351,-43.18544484915,33.5));
#4737 = CARTESIAN_POINT('',(78.696454452111,-43.11735064202,33.5));
#4738 = CARTESIAN_POINT('',(78.737745656288,-43.05376600501,33.5));
#4739 = CARTESIAN_POINT('',(78.785,-42.99500030517,33.5));
#4740 = PCURVE('',#1455,#4741);
#4741 = DEFINITIONAL_REPRESENTATION('',(#4742),#4753);
#4742 = B_SPLINE_CURVE_WITH_KNOTS('',5,(#4743,#4744,#4745,#4746,#4747,
    #4748,#4749,#4750,#4751,#4752),.UNSPECIFIED.,.F.,.F.,(6,4,6),(0.,
    0.51350900304,1.),.UNSPECIFIED.);
#4743 = CARTESIAN_POINT('',(20.551005859375,14.734003601074));
#4744 = CARTESIAN_POINT('',(20.551005859375,14.826123376234));
#4745 = CARTESIAN_POINT('',(20.556392856894,14.915981259315));
#4746 = CARTESIAN_POINT('',(20.567652486533,15.003100992688));
#4747 = CARTESIAN_POINT('',(20.585266738823,15.086891061215));
#4748 = CARTESIAN_POINT('',(20.632466798734,15.242412313664));
#4749 = CARTESIAN_POINT('',(20.66137623351,15.314555150845));
#4750 = CARTESIAN_POINT('',(20.696454452111,15.38264935798));
#4751 = CARTESIAN_POINT('',(20.737745656288,15.446233994982));
#4752 = CARTESIAN_POINT('',(20.785,15.504999694824));
#4753 = ( GEOMETRIC_REPRESENTATION_CONTEXT(2) 
PARAMETRIC_REPRESENTATION_CONTEXT() REPRESENTATION_CONTEXT('2D SPACE',''
  ) );
#4754 = PCURVE('',#4755,#4762);
#4755 = SURFACE_OF_LINEAR_EXTRUSION('',#4756,#4760);
#4756 = B_SPLINE_CURVE_WITH_KNOTS('',2,(#4757,#4758,#4759),
  .UNSPECIFIED.,.F.,.F.,(3,3),(0.,1.),.PIECEWISE_BEZIER_KNOTS.);
#4757 = CARTESIAN_POINT('',(78.785,-42.99500030517,32.9));
#4758 = CARTESIAN_POINT('',(78.551005859375,-43.28599639892,32.9));
#4759 = CARTESIAN_POINT('',(78.551005859375,-43.76599639892,32.9));
#4760 = VECTOR('',#4761,1.);
#4761 = DIRECTION('',(-0.,-0.,-1.));
#4762 = DEFINITIONAL_REPRESENTATION('',(#4763),#4774);
#4763 = B_SPLINE_CURVE_WITH_KNOTS('',5,(#4764,#4765,#4766,#4767,#4768,
    #4769,#4770,#4771,#4772,#4773),.UNSPECIFIED.,.F.,.F.,(6,4,6),(0.,
    0.51350900304,1.),.UNSPECIFIED.);
#4764 = CARTESIAN_POINT('',(1.,-0.6));
#4765 = CARTESIAN_POINT('',(0.904041900875,-0.6));
#4766 = CARTESIAN_POINT('',(0.80590740252,-0.6));
#4767 = CARTESIAN_POINT('',(0.705684001151,-0.6));
#4768 = CARTESIAN_POINT('',(0.603582318956,-0.6));
#4769 = CARTESIAN_POINT('',(0.40186761027,-0.6));
#4770 = CARTESIAN_POINT('',(0.302394868003,-0.6));
#4771 = CARTESIAN_POINT('',(0.201949128921,-0.6));
#4772 = CARTESIAN_POINT('',(0.100973348276,-0.6));
#4773 = CARTESIAN_POINT('',(0.,-0.6));
#4774 = ( GEOMETRIC_REPRESENTATION_CONTEXT(2) 
PARAMETRIC_REPRESENTATION_CONTEXT() REPRESENTATION_CONTEXT('2D SPACE',''
  ) );
#4775 = ORIENTED_EDGE('',*,*,#4776,.F.);
#4776 = EDGE_CURVE('',#4777,#4726,#4779,.T.);
#4777 = VERTEX_POINT('',#4778);
#4778 = CARTESIAN_POINT('',(78.551005859375,-45.50000030517,33.5));
#4779 = SURFACE_CURVE('',#4780,(#4784,#4790),.PCURVE_S1.);
#4780 = LINE('',#4781,#4782);
#4781 = CARTESIAN_POINT('',(78.551005859375,-51.13299819946,33.5));
#4782 = VECTOR('',#4783,1.);
#4783 = DIRECTION('',(0.,1.,0.));
#4784 = PCURVE('',#1455,#4785);
#4785 = DEFINITIONAL_REPRESENTATION('',(#4786),#4789);
#4786 = B_SPLINE_CURVE_WITH_KNOTS('',1,(#4787,#4788),.UNSPECIFIED.,.F.,
  .F.,(2,2),(5.632997894287,7.367001800537),.PIECEWISE_BEZIER_KNOTS.);
#4787 = CARTESIAN_POINT('',(20.551005859375,12.999999694824));
#4788 = CARTESIAN_POINT('',(20.551005859375,14.734003601074));
#4789 = ( GEOMETRIC_REPRESENTATION_CONTEXT(2) 
PARAMETRIC_REPRESENTATION_CONTEXT() REPRESENTATION_CONTEXT('2D SPACE',''
  ) );
#4790 = PCURVE('',#4791,#4796);
#4791 = PLANE('',#4792);
#4792 = AXIS2_PLACEMENT_3D('',#4793,#4794,#4795);
#4793 = CARTESIAN_POINT('',(78.551005859375,-43.76599639892,32.9));
#4794 = DIRECTION('',(1.,0.,0.));
#4795 = DIRECTION('',(0.,-1.,0.));
#4796 = DEFINITIONAL_REPRESENTATION('',(#4797),#4800);
#4797 = B_SPLINE_CURVE_WITH_KNOTS('',1,(#4798,#4799),.UNSPECIFIED.,.F.,
  .F.,(2,2),(5.632997894287,7.367001800537),.PIECEWISE_BEZIER_KNOTS.);
#4798 = CARTESIAN_POINT('',(1.73400390625,-0.6));
#4799 = CARTESIAN_POINT('',(0.,-0.6));
#4800 = ( GEOMETRIC_REPRESENTATION_CONTEXT(2) 
PARAMETRIC_REPRESENTATION_CONTEXT() REPRESENTATION_CONTEXT('2D SPACE',''
  ) );
#4801 = ORIENTED_EDGE('',*,*,#4802,.F.);
#4802 = EDGE_CURVE('',#4219,#4777,#4803,.T.);
#4803 = SURFACE_CURVE('',#4804,(#4808,#4814),.PCURVE_S1.);
#4804 = LINE('',#4805,#4806);
#4805 = CARTESIAN_POINT('',(68.275502929688,-45.50000030517,33.5));
#4806 = VECTOR('',#4807,1.);
#4807 = DIRECTION('',(1.,0.,-0.));
#4808 = PCURVE('',#1455,#4809);
#4809 = DEFINITIONAL_REPRESENTATION('',(#4810),#4813);
#4810 = B_SPLINE_CURVE_WITH_KNOTS('',1,(#4811,#4812),.UNSPECIFIED.,.F.,
  .F.,(2,2),(9.771499023437,10.275502929688),.PIECEWISE_BEZIER_KNOTS.);
#4811 = CARTESIAN_POINT('',(20.047001953125,12.999999694824));
#4812 = CARTESIAN_POINT('',(20.551005859375,12.999999694824));
#4813 = ( GEOMETRIC_REPRESENTATION_CONTEXT(2) 
PARAMETRIC_REPRESENTATION_CONTEXT() REPRESENTATION_CONTEXT('2D SPACE',''
  ) );
#4814 = PCURVE('',#4815,#4820);
#4815 = PLANE('',#4816);
#4816 = AXIS2_PLACEMENT_3D('',#4817,#4818,#4819);
#4817 = CARTESIAN_POINT('',(78.551005859375,-45.50000030517,32.9));
#4818 = DIRECTION('',(0.,-1.,0.));
#4819 = DIRECTION('',(-1.,0.,0.));
#4820 = DEFINITIONAL_REPRESENTATION('',(#4821),#4824);
#4821 = B_SPLINE_CURVE_WITH_KNOTS('',1,(#4822,#4823),.UNSPECIFIED.,.F.,
  .F.,(2,2),(9.771499023437,10.275502929688),.PIECEWISE_BEZIER_KNOTS.);
#4822 = CARTESIAN_POINT('',(0.50400390625,-0.6));
#4823 = CARTESIAN_POINT('',(0.,-0.6));
#4824 = ( GEOMETRIC_REPRESENTATION_CONTEXT(2) 
PARAMETRIC_REPRESENTATION_CONTEXT() REPRESENTATION_CONTEXT('2D SPACE',''
  ) );
#4825 = FACE_BOUND('',#4826,.T.);
#4826 = EDGE_LOOP('',(#4827));
#4827 = ORIENTED_EDGE('',*,*,#4828,.T.);
#4828 = EDGE_CURVE('',#4829,#4829,#4831,.T.);
#4829 = VERTEX_POINT('',#4830);
#4830 = CARTESIAN_POINT('',(97.1,-58.5,33.5));
#4831 = SURFACE_CURVE('',#4832,(#4837,#4848),.PCURVE_S1.);
#4832 = CIRCLE('',#4833,3.1);
#4833 = AXIS2_PLACEMENT_3D('',#4834,#4835,#4836);
#4834 = CARTESIAN_POINT('',(94.,-58.5,33.5));
#4835 = DIRECTION('',(0.,0.,-1.));
#4836 = DIRECTION('',(1.,0.,0.));
#4837 = PCURVE('',#1455,#4838);
#4838 = DEFINITIONAL_REPRESENTATION('',(#4839),#4847);
#4839 = ( BOUNDED_CURVE() B_SPLINE_CURVE(2,(#4840,#4841,#4842,#4843,
#4844,#4845,#4846),.UNSPECIFIED.,.T.,.F.) B_SPLINE_CURVE_WITH_KNOTS((1,2
    ,2,2,2,1),(-2.094395102393,0.,2.094395102393,4.188790204786,
6.28318530718,8.377580409573),.UNSPECIFIED.) CURVE() 
GEOMETRIC_REPRESENTATION_ITEM() RATIONAL_B_SPLINE_CURVE((1.,0.5,1.,0.5,
1.,0.5,1.)) REPRESENTATION_ITEM('') );
#4840 = CARTESIAN_POINT('',(39.1,0.));
#4841 = CARTESIAN_POINT('',(39.1,-5.369357503464));
#4842 = CARTESIAN_POINT('',(34.45,-2.684678751732));
#4843 = CARTESIAN_POINT('',(29.8,-7.592810154714E-16));
#4844 = CARTESIAN_POINT('',(34.45,2.684678751732));
#4845 = CARTESIAN_POINT('',(39.1,5.369357503464));
#4846 = CARTESIAN_POINT('',(39.1,0.));
#4847 = ( GEOMETRIC_REPRESENTATION_CONTEXT(2) 
PARAMETRIC_REPRESENTATION_CONTEXT() REPRESENTATION_CONTEXT('2D SPACE',''
  ) );
#4848 = PCURVE('',#4849,#4854);
#4849 = CYLINDRICAL_SURFACE('',#4850,3.1);
#4850 = AXIS2_PLACEMENT_3D('',#4851,#4852,#4853);
#4851 = CARTESIAN_POINT('',(94.,-58.5,32.3));
#4852 = DIRECTION('',(-0.,-0.,-1.));
#4853 = DIRECTION('',(1.,0.,0.));
#4854 = DEFINITIONAL_REPRESENTATION('',(#4855),#4859);
#4855 = LINE('',#4856,#4857);
#4856 = CARTESIAN_POINT('',(-6.28318530718,-1.2));
#4857 = VECTOR('',#4858,1.);
#4858 = DIRECTION('',(1.,-0.));
#4859 = ( GEOMETRIC_REPRESENTATION_CONTEXT(2) 
PARAMETRIC_REPRESENTATION_CONTEXT() REPRESENTATION_CONTEXT('2D SPACE',''
  ) );
#4860 = FACE_BOUND('',#4861,.T.);
#4861 = EDGE_LOOP('',(#4862,#4927,#4984,#5041,#5104,#5167,#5224,#5281));
#4862 = ORIENTED_EDGE('',*,*,#4863,.F.);
#4863 = EDGE_CURVE('',#4864,#4866,#4868,.T.);
#4864 = VERTEX_POINT('',#4865);
#4865 = CARTESIAN_POINT('',(83.497998046875,-42.71299835205,33.5));
#4866 = VERTEX_POINT('',#4867);
#4867 = CARTESIAN_POINT('',(82.444990234375,-42.26599639892,33.5));
#4868 = SURFACE_CURVE('',#4869,(#4884,#4902),.PCURVE_S1.);
#4869 = B_SPLINE_CURVE_WITH_KNOTS('',5,(#4870,#4871,#4872,#4873,#4874,
    #4875,#4876,#4877,#4878,#4879,#4880,#4881,#4882,#4883),
  .UNSPECIFIED.,.F.,.F.,(6,4,4,6),(0.,0.289173949097,0.743246133558,1.),
  .UNSPECIFIED.);
#4870 = CARTESIAN_POINT('',(83.497998046875,-42.71299835205,33.5));
#4871 = CARTESIAN_POINT('',(83.454243430263,-42.66084262116,33.5));
#4872 = CARTESIAN_POINT('',(83.407441438113,-42.61193105592,33.5));
#4873 = CARTESIAN_POINT('',(83.357617135455,-42.56658856572,33.5));
#4874 = CARTESIAN_POINT('',(83.304878282809,-42.52507407612,33.5));
#4875 = CARTESIAN_POINT('',(83.16241361991,-42.42859667059,33.5));
#4876 = CARTESIAN_POINT('',(83.068712447185,-42.37944237469,33.5));
#4877 = CARTESIAN_POINT('',(82.969250697923,-42.34069847656,33.5));
#4878 = CARTESIAN_POINT('',(82.865227034629,-42.31200229851,33.5));
#4879 = CARTESIAN_POINT('',(82.69708412911,-42.28164328058,33.5));
#4880 = CARTESIAN_POINT('',(82.635253779985,-42.2736492876,33.5));
#4881 = CARTESIAN_POINT('',(82.572519831509,-42.26849065531,33.5));
#4882 = CARTESIAN_POINT('',(82.509052834931,-42.26599639892,33.5));
#4883 = CARTESIAN_POINT('',(82.444990234375,-42.26599639892,33.5));
#4884 = PCURVE('',#1455,#4885);
#4885 = DEFINITIONAL_REPRESENTATION('',(#4886),#4901);
#4886 = B_SPLINE_CURVE_WITH_KNOTS('',5,(#4887,#4888,#4889,#4890,#4891,
    #4892,#4893,#4894,#4895,#4896,#4897,#4898,#4899,#4900),
  .UNSPECIFIED.,.F.,.F.,(6,4,4,6),(0.,0.289173949097,0.743246133558,1.),
  .UNSPECIFIED.);
#4887 = CARTESIAN_POINT('',(25.497998046875,15.787001647949));
#4888 = CARTESIAN_POINT('',(25.454243430263,15.83915737884));
#4889 = CARTESIAN_POINT('',(25.407441438113,15.888068944071));
#4890 = CARTESIAN_POINT('',(25.357617135455,15.933411434278));
#4891 = CARTESIAN_POINT('',(25.304878282809,15.974925923873));
#4892 = CARTESIAN_POINT('',(25.16241361991,16.071403329409));
#4893 = CARTESIAN_POINT('',(25.068712447185,16.120557625306));
#4894 = CARTESIAN_POINT('',(24.969250697923,16.159301523439));
#4895 = CARTESIAN_POINT('',(24.865227034629,16.187997701489));
#4896 = CARTESIAN_POINT('',(24.69708412911,16.218356719418));
#4897 = CARTESIAN_POINT('',(24.635253779985,16.226350712393));
#4898 = CARTESIAN_POINT('',(24.572519831509,16.231509344686));
#4899 = CARTESIAN_POINT('',(24.509052834931,16.234003601074));
#4900 = CARTESIAN_POINT('',(24.444990234375,16.234003601074));
#4901 = ( GEOMETRIC_REPRESENTATION_CONTEXT(2) 
PARAMETRIC_REPRESENTATION_CONTEXT() REPRESENTATION_CONTEXT('2D SPACE',''
  ) );
#4902 = PCURVE('',#4903,#4910);
#4903 = SURFACE_OF_LINEAR_EXTRUSION('',#4904,#4908);
#4904 = B_SPLINE_CURVE_WITH_KNOTS('',2,(#4905,#4906,#4907),
  .UNSPECIFIED.,.F.,.F.,(3,3),(0.,1.),.PIECEWISE_BEZIER_KNOTS.);
#4905 = CARTESIAN_POINT('',(82.444990234375,-42.26599639892,32.9));
#4906 = CARTESIAN_POINT('',(83.122998046875,-42.26599639892,32.9));
#4907 = CARTESIAN_POINT('',(83.497998046875,-42.71299835205,32.9));
#4908 = VECTOR('',#4909,1.);
#4909 = DIRECTION('',(-0.,-0.,-1.));
#4910 = DEFINITIONAL_REPRESENTATION('',(#4911),#4926);
#4911 = B_SPLINE_CURVE_WITH_KNOTS('',5,(#4912,#4913,#4914,#4915,#4916,
    #4917,#4918,#4919,#4920,#4921,#4922,#4923,#4924,#4925),
  .UNSPECIFIED.,.F.,.F.,(6,4,4,6),(0.,0.289173949097,0.743246133558,1.),
  .UNSPECIFIED.);
#4912 = CARTESIAN_POINT('',(1.,-0.6));
#4913 = CARTESIAN_POINT('',(0.941660511184,-0.6));
#4914 = CARTESIAN_POINT('',(0.882695466793,-0.6));
#4915 = CARTESIAN_POINT('',(0.82328577206,-0.6));
#4916 = CARTESIAN_POINT('',(0.76364033136,-0.6));
#4917 = CARTESIAN_POINT('',(0.610350431541,-0.6));
#4918 = CARTESIAN_POINT('',(0.516678029224,-0.6));
#4919 = CARTESIAN_POINT('',(0.423961579871,-0.6));
#4920 = CARTESIAN_POINT('',(0.332903741552,-0.6));
#4921 = CARTESIAN_POINT('',(0.193729624131,-0.6));
#4922 = CARTESIAN_POINT('',(0.144136381368,-0.6));
#4923 = CARTESIAN_POINT('',(9.52941607081E-02,-0.6));
#4924 = CARTESIAN_POINT('',(4.724326134251E-02,-0.6));
#4925 = CARTESIAN_POINT('',(0.,-0.6));
#4926 = ( GEOMETRIC_REPRESENTATION_CONTEXT(2) 
PARAMETRIC_REPRESENTATION_CONTEXT() REPRESENTATION_CONTEXT('2D SPACE',''
  ) );
#4927 = ORIENTED_EDGE('',*,*,#4928,.F.);
#4928 = EDGE_CURVE('',#4929,#4864,#4931,.T.);
#4929 = VERTEX_POINT('',#4930);
#4930 = CARTESIAN_POINT('',(83.872998046875,-43.97599639892,33.5));
#4931 = SURFACE_CURVE('',#4932,(#4945,#4961),.PCURVE_S1.);
#4932 = B_SPLINE_CURVE_WITH_KNOTS('',6,(#4933,#4934,#4935,#4936,#4937,
    #4938,#4939,#4940,#4941,#4942,#4943,#4944),.UNSPECIFIED.,.F.,.F.,(7,
    5,7),(0.,0.455146266763,1.),.UNSPECIFIED.);
#4933 = CARTESIAN_POINT('',(83.872998046875,-43.97599639892,33.5));
#4934 = CARTESIAN_POINT('',(83.872998046875,-43.86748150432,33.5));
#4935 = CARTESIAN_POINT('',(83.869018997059,-43.76004340938,33.5));
#4936 = CARTESIAN_POINT('',(83.860670223103,-43.6539348198,33.5));
#4937 = CARTESIAN_POINT('',(83.847513414977,-43.54952024684,33.5));
#4938 = CARTESIAN_POINT('',(83.829081004444,-43.4472693924,33.5));
#4939 = CARTESIAN_POINT('',(83.776050892299,-43.22857467389,33.5));
#4940 = CARTESIAN_POINT('',(83.738972010783,-43.11325938115,33.5));
#4941 = CARTESIAN_POINT('',(83.692992025565,-43.00285770822,33.5));
#4942 = CARTESIAN_POINT('',(83.637534438815,-42.89858185661,33.5));
#4943 = CARTESIAN_POINT('',(83.572366469752,-42.80164589945,33.5));
#4944 = CARTESIAN_POINT('',(83.497998046875,-42.71299835205,33.5));
#4945 = PCURVE('',#1455,#4946);
#4946 = DEFINITIONAL_REPRESENTATION('',(#4947),#4960);
#4947 = B_SPLINE_CURVE_WITH_KNOTS('',6,(#4948,#4949,#4950,#4951,#4952,
    #4953,#4954,#4955,#4956,#4957,#4958,#4959),.UNSPECIFIED.,.F.,.F.,(7,
    5,7),(0.,0.455146266763,1.),.UNSPECIFIED.);
#4948 = CARTESIAN_POINT('',(25.872998046875,14.524003601074));
#4949 = CARTESIAN_POINT('',(25.872998046875,14.632518495674));
#4950 = CARTESIAN_POINT('',(25.869018997059,14.739956590613));
#4951 = CARTESIAN_POINT('',(25.860670223103,14.846065180192));
#4952 = CARTESIAN_POINT('',(25.847513414977,14.950479753152));
#4953 = CARTESIAN_POINT('',(25.829081004444,15.052730607597));
#4954 = CARTESIAN_POINT('',(25.776050892299,15.271425326102));
#4955 = CARTESIAN_POINT('',(25.738972010783,15.386740618848));
#4956 = CARTESIAN_POINT('',(25.692992025565,15.497142291779));
#4957 = CARTESIAN_POINT('',(25.637534438815,15.601418143389));
#4958 = CARTESIAN_POINT('',(25.572366469752,15.698354100544));
#4959 = CARTESIAN_POINT('',(25.497998046875,15.787001647949));
#4960 = ( GEOMETRIC_REPRESENTATION_CONTEXT(2) 
PARAMETRIC_REPRESENTATION_CONTEXT() REPRESENTATION_CONTEXT('2D SPACE',''
  ) );
#4961 = PCURVE('',#4962,#4969);
#4962 = SURFACE_OF_LINEAR_EXTRUSION('',#4963,#4967);
#4963 = B_SPLINE_CURVE_WITH_KNOTS('',2,(#4964,#4965,#4966),
  .UNSPECIFIED.,.F.,.F.,(3,3),(0.,1.),.PIECEWISE_BEZIER_KNOTS.);
#4964 = CARTESIAN_POINT('',(83.497998046875,-42.71299835205,32.9));
#4965 = CARTESIAN_POINT('',(83.872998046875,-43.16000030517,32.9));
#4966 = CARTESIAN_POINT('',(83.872998046875,-43.97599639892,32.9));
#4967 = VECTOR('',#4968,1.);
#4968 = DIRECTION('',(-0.,-0.,-1.));
#4969 = DEFINITIONAL_REPRESENTATION('',(#4970),#4983);
#4970 = B_SPLINE_CURVE_WITH_KNOTS('',6,(#4971,#4972,#4973,#4974,#4975,
    #4976,#4977,#4978,#4979,#4980,#4981,#4982),.UNSPECIFIED.,.F.,.F.,(7,
    5,7),(0.,0.455146266763,1.),.UNSPECIFIED.);
#4971 = CARTESIAN_POINT('',(1.,-0.6));
#4972 = CARTESIAN_POINT('',(0.933507711966,-0.6));
#4973 = CARTESIAN_POINT('',(0.865276124439,-0.6));
#4974 = CARTESIAN_POINT('',(0.795224531313,-0.6));
#4975 = CARTESIAN_POINT('',(0.723312013914,-0.6));
#4976 = CARTESIAN_POINT('',(0.649544468134,-0.6));
#4977 = CARTESIAN_POINT('',(0.483566026365,-0.6));
#4978 = CARTESIAN_POINT('',(0.39055067129,-0.6));
#4979 = CARTESIAN_POINT('',(0.295179344675,-0.6));
#4980 = CARTESIAN_POINT('',(0.19784723018,-0.6));
#4981 = CARTESIAN_POINT('',(9.915789716956E-02,-0.6));
#4982 = CARTESIAN_POINT('',(0.,-0.6));
#4983 = ( GEOMETRIC_REPRESENTATION_CONTEXT(2) 
PARAMETRIC_REPRESENTATION_CONTEXT() REPRESENTATION_CONTEXT('2D SPACE',''
  ) );
#4984 = ORIENTED_EDGE('',*,*,#4985,.F.);
#4985 = EDGE_CURVE('',#4986,#4929,#4988,.T.);
#4986 = VERTEX_POINT('',#4987);
#4987 = CARTESIAN_POINT('',(83.4919921875,-45.19400421142,33.5));
#4988 = SURFACE_CURVE('',#4989,(#5002,#5018),.PCURVE_S1.);
#4989 = B_SPLINE_CURVE_WITH_KNOTS('',6,(#4990,#4991,#4992,#4993,#4994,
    #4995,#4996,#4997,#4998,#4999,#5000,#5001),.UNSPECIFIED.,.F.,.F.,(7,
    5,7),(0.,0.597156706978,1.),.UNSPECIFIED.);
#4990 = CARTESIAN_POINT('',(83.4919921875,-45.19400421142,33.5));
#4991 = CARTESIAN_POINT('',(83.573033874683,-45.09956255182,33.5));
#4992 = CARTESIAN_POINT('',(83.643738830539,-44.99615594239,33.5));
#4993 = CARTESIAN_POINT('',(83.703297555102,-44.88472015234,33.5));
#4994 = CARTESIAN_POINT('',(83.751807374428,-44.76653606659,33.5));
#4995 = CARTESIAN_POINT('',(83.789858947645,-44.64296800918,33.5));
#4996 = CARTESIAN_POINT('',(83.837436135093,-44.42915783535,33.5));
#4997 = CARTESIAN_POINT('',(83.852222603204,-44.34111957341,33.5));
#4998 = CARTESIAN_POINT('',(83.862886888494,-44.25151380516,33.5));
#4999 = CARTESIAN_POINT('',(83.869715718835,-44.16063766325,33.5));
#5000 = CARTESIAN_POINT('',(83.872998046875,-44.06873694388,33.5));
#5001 = CARTESIAN_POINT('',(83.872998046875,-43.97599639892,33.5));
#5002 = PCURVE('',#1455,#5003);
#5003 = DEFINITIONAL_REPRESENTATION('',(#5004),#5017);
#5004 = B_SPLINE_CURVE_WITH_KNOTS('',6,(#5005,#5006,#5007,#5008,#5009,
    #5010,#5011,#5012,#5013,#5014,#5015,#5016),.UNSPECIFIED.,.F.,.F.,(7,
    5,7),(0.,0.597156706978,1.),.UNSPECIFIED.);
#5005 = CARTESIAN_POINT('',(25.4919921875,13.305995788574));
#5006 = CARTESIAN_POINT('',(25.573033874683,13.400437448178));
#5007 = CARTESIAN_POINT('',(25.643738830539,13.503844057602));
#5008 = CARTESIAN_POINT('',(25.703297555102,13.615279847651));
#5009 = CARTESIAN_POINT('',(25.751807374428,13.733463933404));
#5010 = CARTESIAN_POINT('',(25.789858947645,13.857031990817));
#5011 = CARTESIAN_POINT('',(25.837436135093,14.070842164642));
#5012 = CARTESIAN_POINT('',(25.852222603204,14.158880426585));
#5013 = CARTESIAN_POINT('',(25.862886888494,14.248486194833));
#5014 = CARTESIAN_POINT('',(25.869715718835,14.33936233675));
#5015 = CARTESIAN_POINT('',(25.872998046875,14.43126305612));
#5016 = CARTESIAN_POINT('',(25.872998046875,14.524003601074));
#5017 = ( GEOMETRIC_REPRESENTATION_CONTEXT(2) 
PARAMETRIC_REPRESENTATION_CONTEXT() REPRESENTATION_CONTEXT('2D SPACE',''
  ) );
#5018 = PCURVE('',#5019,#5026);
#5019 = SURFACE_OF_LINEAR_EXTRUSION('',#5020,#5024);
#5020 = B_SPLINE_CURVE_WITH_KNOTS('',2,(#5021,#5022,#5023),
  .UNSPECIFIED.,.F.,.F.,(3,3),(0.,1.),.PIECEWISE_BEZIER_KNOTS.);
#5021 = CARTESIAN_POINT('',(83.872998046875,-43.97599639892,32.9));
#5022 = CARTESIAN_POINT('',(83.872998046875,-44.75000030517,32.9));
#5023 = CARTESIAN_POINT('',(83.4919921875,-45.19400421142,32.9));
#5024 = VECTOR('',#5025,1.);
#5025 = DIRECTION('',(-0.,-0.,-1.));
#5026 = DEFINITIONAL_REPRESENTATION('',(#5027),#5040);
#5027 = B_SPLINE_CURVE_WITH_KNOTS('',6,(#5028,#5029,#5030,#5031,#5032,
    #5033,#5034,#5035,#5036,#5037,#5038,#5039),.UNSPECIFIED.,.F.,.F.,(7,
    5,7),(0.,0.597156706978,1.),.UNSPECIFIED.);
#5028 = CARTESIAN_POINT('',(1.,-0.6));
#5029 = CARTESIAN_POINT('',(0.893647715398,-0.6));
#5030 = CARTESIAN_POINT('',(0.787287670415,-0.6));
#5031 = CARTESIAN_POINT('',(0.681977288732,-0.6));
#5032 = CARTESIAN_POINT('',(0.578489556146,-0.6));
#5033 = CARTESIAN_POINT('',(0.477375333828,-0.6));
#5034 = CARTESIAN_POINT('',(0.312635772707,-0.6));
#5035 = CARTESIAN_POINT('',(0.247490596258,-0.6));
#5036 = CARTESIAN_POINT('',(0.183639233278,-0.6));
#5037 = CARTESIAN_POINT('',(0.121113201358,-0.6));
#5038 = CARTESIAN_POINT('',(5.990961040693E-02,-0.6));
#5039 = CARTESIAN_POINT('',(0.,-0.6));
#5040 = ( GEOMETRIC_REPRESENTATION_CONTEXT(2) 
PARAMETRIC_REPRESENTATION_CONTEXT() REPRESENTATION_CONTEXT('2D SPACE',''
  ) );
#5041 = ORIENTED_EDGE('',*,*,#5042,.F.);
#5042 = EDGE_CURVE('',#5043,#4986,#5045,.T.);
#5043 = VERTEX_POINT('',#5044);
#5044 = CARTESIAN_POINT('',(82.450986328125,-45.63800811767,33.5));
#5045 = SURFACE_CURVE('',#5046,(#5061,#5079),.PCURVE_S1.);
#5046 = B_SPLINE_CURVE_WITH_KNOTS('',5,(#5047,#5048,#5049,#5050,#5051,
    #5052,#5053,#5054,#5055,#5056,#5057,#5058,#5059,#5060),
  .UNSPECIFIED.,.F.,.F.,(6,4,4,6),(0.,0.238467593458,0.675728633171,1.),
  .UNSPECIFIED.);
#5047 = CARTESIAN_POINT('',(82.450986328125,-45.63800811767,33.5));
#5048 = CARTESIAN_POINT('',(82.509514642545,-45.63800811767,33.5));
#5049 = CARTESIAN_POINT('',(82.567543047751,-45.63582579581,33.5));
#5050 = CARTESIAN_POINT('',(82.624962999991,-45.63133144321,33.5));
#5051 = CARTESIAN_POINT('',(82.681644507687,-45.62439843622,33.5));
#5052 = CARTESIAN_POINT('',(82.839756994808,-45.5975599548,33.5));
#5053 = CARTESIAN_POINT('',(82.939138828471,-45.57165194068,33.5));
#5054 = CARTESIAN_POINT('',(83.034610282827,-45.53659344283,33.5));
#5055 = CARTESIAN_POINT('',(83.12519893966,-45.49211185255,33.5));
#5056 = CARTESIAN_POINT('',(83.273142217428,-45.3990808249,33.5));
#5057 = CARTESIAN_POINT('',(83.333051260796,-45.35454307519,33.5));
#5058 = CARTESIAN_POINT('',(83.389569254586,-45.30527030943,33.5));
#5059 = CARTESIAN_POINT('',(83.442558439958,-45.25161166409,33.5));
#5060 = CARTESIAN_POINT('',(83.4919921875,-45.19400421142,33.5));
#5061 = PCURVE('',#1455,#5062);
#5062 = DEFINITIONAL_REPRESENTATION('',(#5063),#5078);
#5063 = B_SPLINE_CURVE_WITH_KNOTS('',5,(#5064,#5065,#5066,#5067,#5068,
    #5069,#5070,#5071,#5072,#5073,#5074,#5075,#5076,#5077),
  .UNSPECIFIED.,.F.,.F.,(6,4,4,6),(0.,0.238467593458,0.675728633171,1.),
  .UNSPECIFIED.);
#5064 = CARTESIAN_POINT('',(24.450986328125,12.861991882324));
#5065 = CARTESIAN_POINT('',(24.509514642545,12.861991882324));
#5066 = CARTESIAN_POINT('',(24.567543047751,12.864174204181));
#5067 = CARTESIAN_POINT('',(24.624962999991,12.868668556788));
#5068 = CARTESIAN_POINT('',(24.681644507687,12.875601563774));
#5069 = CARTESIAN_POINT('',(24.839756994808,12.9024400452));
#5070 = CARTESIAN_POINT('',(24.939138828471,12.928348059314));
#5071 = CARTESIAN_POINT('',(25.034610282827,12.963406557166));
#5072 = CARTESIAN_POINT('',(25.12519893966,13.00788814745));
#5073 = CARTESIAN_POINT('',(25.273142217428,13.100919175091));
#5074 = CARTESIAN_POINT('',(25.333051260796,13.145456924806));
#5075 = CARTESIAN_POINT('',(25.389569254586,13.194729690565));
#5076 = CARTESIAN_POINT('',(25.442558439958,13.248388335909));
#5077 = CARTESIAN_POINT('',(25.4919921875,13.305995788574));
#5078 = ( GEOMETRIC_REPRESENTATION_CONTEXT(2) 
PARAMETRIC_REPRESENTATION_CONTEXT() REPRESENTATION_CONTEXT('2D SPACE',''
  ) );
#5079 = PCURVE('',#5080,#5087);
#5080 = SURFACE_OF_LINEAR_EXTRUSION('',#5081,#5085);
#5081 = B_SPLINE_CURVE_WITH_KNOTS('',2,(#5082,#5083,#5084),
  .UNSPECIFIED.,.F.,.F.,(3,3),(0.,1.),.PIECEWISE_BEZIER_KNOTS.);
#5082 = CARTESIAN_POINT('',(83.4919921875,-45.19400421142,32.9));
#5083 = CARTESIAN_POINT('',(83.110986328125,-45.63800811767,32.9));
#5084 = CARTESIAN_POINT('',(82.450986328125,-45.63800811767,32.9));
#5085 = VECTOR('',#5086,1.);
#5086 = DIRECTION('',(-0.,-0.,-1.));
#5087 = DEFINITIONAL_REPRESENTATION('',(#5088),#5103);
#5088 = B_SPLINE_CURVE_WITH_KNOTS('',5,(#5089,#5090,#5091,#5092,#5093,
    #5094,#5095,#5096,#5097,#5098,#5099,#5100,#5101,#5102),
  .UNSPECIFIED.,.F.,.F.,(6,4,4,6),(0.,0.238467593458,0.675728633171,1.),
  .UNSPECIFIED.);
#5089 = CARTESIAN_POINT('',(1.,-0.6));
#5090 = CARTESIAN_POINT('',(0.955660367863,-0.6));
#5091 = CARTESIAN_POINT('',(0.910660604067,-0.6));
#5092 = CARTESIAN_POINT('',(0.865021193396,-0.6));
#5093 = CARTESIAN_POINT('',(0.818780337667,-0.6));
#5094 = CARTESIAN_POINT('',(0.686222227055,-0.6));
#5095 = CARTESIAN_POINT('',(0.598599966123,-0.6));
#5096 = CARTESIAN_POINT('',(0.509584208612,-0.6));
#5097 = CARTESIAN_POINT('',(0.419781865063,-0.6));
#5098 = CARTESIAN_POINT('',(0.26341806048,-0.6));
#5099 = CARTESIAN_POINT('',(0.196831114768,-0.6));
#5100 = CARTESIAN_POINT('',(0.13055913613,-0.6));
#5101 = CARTESIAN_POINT('',(6.487268676519E-02,-0.6));
#5102 = CARTESIAN_POINT('',(0.,-0.6));
#5103 = ( GEOMETRIC_REPRESENTATION_CONTEXT(2) 
PARAMETRIC_REPRESENTATION_CONTEXT() REPRESENTATION_CONTEXT('2D SPACE',''
  ) );
#5104 = ORIENTED_EDGE('',*,*,#5105,.F.);
#5105 = EDGE_CURVE('',#5106,#5043,#5108,.T.);
#5106 = VERTEX_POINT('',#5107);
#5107 = CARTESIAN_POINT('',(81.403994140625,-45.19100616455,33.5));
#5108 = SURFACE_CURVE('',#5109,(#5124,#5142),.PCURVE_S1.);
#5109 = B_SPLINE_CURVE_WITH_KNOTS('',5,(#5110,#5111,#5112,#5113,#5114,
    #5115,#5116,#5117,#5118,#5119,#5120,#5121,#5122,#5123),
  .UNSPECIFIED.,.F.,.F.,(6,4,4,6),(0.,0.300479083835,0.749950882378,1.),
  .UNSPECIFIED.);
#5110 = CARTESIAN_POINT('',(81.403994140625,-45.19100616455,33.5));
#5111 = CARTESIAN_POINT('',(81.449330607278,-45.24504746892,33.5));
#5112 = CARTESIAN_POINT('',(81.497897243687,-45.29562179227,33.5));
#5113 = CARTESIAN_POINT('',(81.549670152265,-45.34236672358,33.5));
#5114 = CARTESIAN_POINT('',(81.604532919754,-45.38499285427,33.5));
#5115 = CARTESIAN_POINT('',(81.74854957943,-45.48069130731,33.5));
#5116 = CARTESIAN_POINT('',(81.841249672756,-45.52848376646,33.5));
#5117 = CARTESIAN_POINT('',(81.939470745445,-45.56612646177,33.5));
#5118 = CARTESIAN_POINT('',(82.042075606804,-45.59395792013,33.5));
#5119 = CARTESIAN_POINT('',(82.206835593483,-45.62310809136,33.5));
#5120 = CARTESIAN_POINT('',(82.266752291651,-45.63071366606,33.5));
#5121 = CARTESIAN_POINT('',(82.327515529237,-45.63562857266,33.5));
#5122 = CARTESIAN_POINT('',(82.388969261832,-45.63800811767,33.5));
#5123 = CARTESIAN_POINT('',(82.450986328125,-45.63800811767,33.5));
#5124 = PCURVE('',#1455,#5125);
#5125 = DEFINITIONAL_REPRESENTATION('',(#5126),#5141);
#5126 = B_SPLINE_CURVE_WITH_KNOTS('',5,(#5127,#5128,#5129,#5130,#5131,
    #5132,#5133,#5134,#5135,#5136,#5137,#5138,#5139,#5140),
  .UNSPECIFIED.,.F.,.F.,(6,4,4,6),(0.,0.300479083835,0.749950882378,1.),
  .UNSPECIFIED.);
#5127 = CARTESIAN_POINT('',(23.403994140625,13.308993835449));
#5128 = CARTESIAN_POINT('',(23.449330607278,13.254952531071));
#5129 = CARTESIAN_POINT('',(23.497897243687,13.204378207725));
#5130 = CARTESIAN_POINT('',(23.549670152265,13.157633276415));
#5131 = CARTESIAN_POINT('',(23.604532919754,13.115007145727));
#5132 = CARTESIAN_POINT('',(23.74854957943,13.019308692686));
#5133 = CARTESIAN_POINT('',(23.841249672756,12.97151623354));
#5134 = CARTESIAN_POINT('',(23.939470745445,12.933873538223));
#5135 = CARTESIAN_POINT('',(24.042075606804,12.906042079867));
#5136 = CARTESIAN_POINT('',(24.206835593483,12.876891908634));
#5137 = CARTESIAN_POINT('',(24.266752291651,12.869286333935));
#5138 = CARTESIAN_POINT('',(24.327515529237,12.864371427332));
#5139 = CARTESIAN_POINT('',(24.388969261832,12.861991882324));
#5140 = CARTESIAN_POINT('',(24.450986328125,12.861991882324));
#5141 = ( GEOMETRIC_REPRESENTATION_CONTEXT(2) 
PARAMETRIC_REPRESENTATION_CONTEXT() REPRESENTATION_CONTEXT('2D SPACE',''
  ) );
#5142 = PCURVE('',#5143,#5150);
#5143 = SURFACE_OF_LINEAR_EXTRUSION('',#5144,#5148);
#5144 = B_SPLINE_CURVE_WITH_KNOTS('',2,(#5145,#5146,#5147),
  .UNSPECIFIED.,.F.,.F.,(3,3),(0.,1.),.PIECEWISE_BEZIER_KNOTS.);
#5145 = CARTESIAN_POINT('',(82.450986328125,-45.63800811767,32.9));
#5146 = CARTESIAN_POINT('',(81.778994140625,-45.63800811767,32.9));
#5147 = CARTESIAN_POINT('',(81.403994140625,-45.19100616455,32.9));
#5148 = VECTOR('',#5149,1.);
#5149 = DIRECTION('',(-0.,-0.,-1.));
#5150 = DEFINITIONAL_REPRESENTATION('',(#5151),#5166);
#5151 = B_SPLINE_CURVE_WITH_KNOTS('',5,(#5152,#5153,#5154,#5155,#5156,
    #5157,#5158,#5159,#5160,#5161,#5162,#5163,#5164,#5165),
  .UNSPECIFIED.,.F.,.F.,(6,4,4,6),(0.,0.300479083835,0.749950882378,1.),
  .UNSPECIFIED.);
#5152 = CARTESIAN_POINT('',(1.,-0.6));
#5153 = CARTESIAN_POINT('',(0.939551377796,-0.6));
#5154 = CARTESIAN_POINT('',(0.878413256625,-0.6));
#5155 = CARTESIAN_POINT('',(0.816782578342,-0.6));
#5156 = CARTESIAN_POINT('',(0.754889032351,-0.6));
#5157 = CARTESIAN_POINT('',(0.600423257799,-0.6));
#5158 = CARTESIAN_POINT('',(0.507822597572,-0.6));
#5159 = CARTESIAN_POINT('',(0.416131632884,-0.6));
#5160 = CARTESIAN_POINT('',(0.326029144205,-0.6));
#5161 = CARTESIAN_POINT('',(0.189027828877,-0.6));
#5162 = CARTESIAN_POINT('',(0.140686558849,-0.6));
#5163 = CARTESIAN_POINT('',(9.304556860111E-02,-0.6));
#5164 = CARTESIAN_POINT('',(4.614418697638E-02,-0.6));
#5165 = CARTESIAN_POINT('',(0.,-0.6));
#5166 = ( GEOMETRIC_REPRESENTATION_CONTEXT(2) 
PARAMETRIC_REPRESENTATION_CONTEXT() REPRESENTATION_CONTEXT('2D SPACE',''
  ) );
#5167 = ORIENTED_EDGE('',*,*,#5168,.F.);
#5168 = EDGE_CURVE('',#5169,#5106,#5171,.T.);
#5169 = VERTEX_POINT('',#5170);
#5170 = CARTESIAN_POINT('',(81.028994140625,-43.9520022583,33.5));
#5171 = SURFACE_CURVE('',#5172,(#5185,#5201),.PCURVE_S1.);
#5172 = B_SPLINE_CURVE_WITH_KNOTS('',6,(#5173,#5174,#5175,#5176,#5177,
    #5178,#5179,#5180,#5181,#5182,#5183,#5184),.UNSPECIFIED.,.F.,.F.,(7,
    5,7),(0.,0.430257983948,1.),.UNSPECIFIED.);
#5173 = CARTESIAN_POINT('',(81.028994140625,-43.9520022583,33.5));
#5174 = CARTESIAN_POINT('',(81.028994140625,-44.05258305756,33.5));
#5175 = CARTESIAN_POINT('',(81.032623411709,-44.15220753273,33.5));
#5176 = CARTESIAN_POINT('',(81.040201961676,-44.25065913746,33.5));
#5177 = CARTESIAN_POINT('',(81.052088059851,-44.34763740483,33.5));
#5178 = CARTESIAN_POINT('',(81.068643712897,-44.4427709239,33.5));
#5179 = CARTESIAN_POINT('',(81.118744881341,-44.65859351403,33.5));
#5180 = CARTESIAN_POINT('',(81.156071049065,-44.777628119,33.5));
#5181 = CARTESIAN_POINT('',(81.20292520898,-44.89159660077,33.5));
#5182 = CARTESIAN_POINT('',(81.259880081363,-44.99924581999,33.5));
#5183 = CARTESIAN_POINT('',(81.327108656203,-45.09935826667,33.5));
#5184 = CARTESIAN_POINT('',(81.403994140625,-45.19100616455,33.5));
#5185 = PCURVE('',#1455,#5186);
#5186 = DEFINITIONAL_REPRESENTATION('',(#5187),#5200);
#5187 = B_SPLINE_CURVE_WITH_KNOTS('',6,(#5188,#5189,#5190,#5191,#5192,
    #5193,#5194,#5195,#5196,#5197,#5198,#5199),.UNSPECIFIED.,.F.,.F.,(7,
    5,7),(0.,0.430257983948,1.),.UNSPECIFIED.);
#5188 = CARTESIAN_POINT('',(23.028994140625,14.547997741699));
#5189 = CARTESIAN_POINT('',(23.028994140625,14.447416942437));
#5190 = CARTESIAN_POINT('',(23.032623411709,14.347792467269));
#5191 = CARTESIAN_POINT('',(23.040201961676,14.249340862531));
#5192 = CARTESIAN_POINT('',(23.052088059851,14.152362595165));
#5193 = CARTESIAN_POINT('',(23.068643712897,14.057229076092));
#5194 = CARTESIAN_POINT('',(23.118744881341,13.841406485967));
#5195 = CARTESIAN_POINT('',(23.156071049065,13.722371880996));
#5196 = CARTESIAN_POINT('',(23.20292520898,13.608403399227));
#5197 = CARTESIAN_POINT('',(23.259880081363,13.500754180006));
#5198 = CARTESIAN_POINT('',(23.327108656203,13.400641733326));
#5199 = CARTESIAN_POINT('',(23.403994140625,13.308993835449));
#5200 = ( GEOMETRIC_REPRESENTATION_CONTEXT(2) 
PARAMETRIC_REPRESENTATION_CONTEXT() REPRESENTATION_CONTEXT('2D SPACE',''
  ) );
#5201 = PCURVE('',#5202,#5209);
#5202 = SURFACE_OF_LINEAR_EXTRUSION('',#5203,#5207);
#5203 = B_SPLINE_CURVE_WITH_KNOTS('',2,(#5204,#5205,#5206),
  .UNSPECIFIED.,.F.,.F.,(3,3),(0.,1.),.PIECEWISE_BEZIER_KNOTS.);
#5204 = CARTESIAN_POINT('',(81.403994140625,-45.19100616455,32.9));
#5205 = CARTESIAN_POINT('',(81.028994140625,-44.74400421142,32.9));
#5206 = CARTESIAN_POINT('',(81.028994140625,-43.9520022583,32.9));
#5207 = VECTOR('',#5208,1.);
#5208 = DIRECTION('',(-0.,-0.,-1.));
#5209 = DEFINITIONAL_REPRESENTATION('',(#5210),#5223);
#5210 = B_SPLINE_CURVE_WITH_KNOTS('',6,(#5211,#5212,#5213,#5214,#5215,
    #5216,#5217,#5218,#5219,#5220,#5221,#5222),.UNSPECIFIED.,.F.,.F.,(7,
    5,7),(0.,0.430257983948,1.),.UNSPECIFIED.);
#5211 = CARTESIAN_POINT('',(1.,-0.6));
#5212 = CARTESIAN_POINT('',(0.936502177258,-0.6));
#5213 = CARTESIAN_POINT('',(0.87150018821,-0.6));
#5214 = CARTESIAN_POINT('',(0.804944878408,-0.6));
#5215 = CARTESIAN_POINT('',(0.736817850905,-0.6));
#5216 = CARTESIAN_POINT('',(0.667143325836,-0.6));
#5217 = CARTESIAN_POINT('',(0.50179293493,-0.6));
#5218 = CARTESIAN_POINT('',(0.404965724675,-0.6));
#5219 = CARTESIAN_POINT('',(0.305802895422,-0.6));
#5220 = CARTESIAN_POINT('',(0.204762928802,-0.6));
#5221 = CARTESIAN_POINT('',(0.10251397923,-0.6));
#5222 = CARTESIAN_POINT('',(0.,-0.6));
#5223 = ( GEOMETRIC_REPRESENTATION_CONTEXT(2) 
PARAMETRIC_REPRESENTATION_CONTEXT() REPRESENTATION_CONTEXT('2D SPACE',''
  ) );
#5224 = ORIENTED_EDGE('',*,*,#5225,.F.);
#5225 = EDGE_CURVE('',#5226,#5169,#5228,.T.);
#5226 = VERTEX_POINT('',#5227);
#5227 = CARTESIAN_POINT('',(81.4069921875,-42.71299835205,33.5));
#5228 = SURFACE_CURVE('',#5229,(#5242,#5258),.PCURVE_S1.);
#5229 = B_SPLINE_CURVE_WITH_KNOTS('',6,(#5230,#5231,#5232,#5233,#5234,
    #5235,#5236,#5237,#5238,#5239,#5240,#5241),.UNSPECIFIED.,.F.,.F.,(7,
    5,7),(0.,0.573981713983,1.),.UNSPECIFIED.);
#5230 = CARTESIAN_POINT('',(81.4069921875,-42.71299835205,33.5));
#5231 = CARTESIAN_POINT('',(81.329018607312,-42.80520608414,33.5));
#5232 = CARTESIAN_POINT('',(81.260860501788,-42.90602692643,33.5));
#5233 = CARTESIAN_POINT('',(81.203174990793,-43.01452466455,33.5));
#5234 = CARTESIAN_POINT('',(81.155800074838,-43.12945865514,33.5));
#5235 = CARTESIAN_POINT('',(81.118154896235,-43.24954268335,33.5));
#5236 = CARTESIAN_POINT('',(81.068186286763,-43.46567851037,33.5));
#5237 = CARTESIAN_POINT('',(81.051828992037,-43.55998220564,33.5));
#5238 = CARTESIAN_POINT('',(81.040079543909,-43.656093318,33.5));
#5239 = CARTESIAN_POINT('',(81.032584706213,-43.75364940179,33.5));
#5240 = CARTESIAN_POINT('',(81.028994140625,-43.85235660721,33.5));
#5241 = CARTESIAN_POINT('',(81.028994140625,-43.9520022583,33.5));
#5242 = PCURVE('',#1455,#5243);
#5243 = DEFINITIONAL_REPRESENTATION('',(#5244),#5257);
#5244 = B_SPLINE_CURVE_WITH_KNOTS('',6,(#5245,#5246,#5247,#5248,#5249,
    #5250,#5251,#5252,#5253,#5254,#5255,#5256),.UNSPECIFIED.,.F.,.F.,(7,
    5,7),(0.,0.573981713983,1.),.UNSPECIFIED.);
#5245 = CARTESIAN_POINT('',(23.4069921875,15.787001647949));
#5246 = CARTESIAN_POINT('',(23.329018607312,15.69479391586));
#5247 = CARTESIAN_POINT('',(23.260860501788,15.593973073567));
#5248 = CARTESIAN_POINT('',(23.203174990793,15.485475335441));
#5249 = CARTESIAN_POINT('',(23.155800074838,15.370541344852));
#5250 = CARTESIAN_POINT('',(23.118154896235,15.250457316648));
#5251 = CARTESIAN_POINT('',(23.068186286763,15.034321489623));
#5252 = CARTESIAN_POINT('',(23.051828992037,14.940017794356));
#5253 = CARTESIAN_POINT('',(23.040079543909,14.843906681996));
#5254 = CARTESIAN_POINT('',(23.032584706213,14.746350598208));
#5255 = CARTESIAN_POINT('',(23.028994140625,14.647643392783));
#5256 = CARTESIAN_POINT('',(23.028994140625,14.547997741699));
#5257 = ( GEOMETRIC_REPRESENTATION_CONTEXT(2) 
PARAMETRIC_REPRESENTATION_CONTEXT() REPRESENTATION_CONTEXT('2D SPACE',''
  ) );
#5258 = PCURVE('',#5259,#5266);
#5259 = SURFACE_OF_LINEAR_EXTRUSION('',#5260,#5264);
#5260 = B_SPLINE_CURVE_WITH_KNOTS('',2,(#5261,#5262,#5263),
  .UNSPECIFIED.,.F.,.F.,(3,3),(0.,1.),.PIECEWISE_BEZIER_KNOTS.);
#5261 = CARTESIAN_POINT('',(81.028994140625,-43.9520022583,32.9));
#5262 = CARTESIAN_POINT('',(81.028994140625,-43.16000030517,32.9));
#5263 = CARTESIAN_POINT('',(81.4069921875,-42.71299835205,32.9));
#5264 = VECTOR('',#5265,1.);
#5265 = DIRECTION('',(-0.,-0.,-1.));
#5266 = DEFINITIONAL_REPRESENTATION('',(#5267),#5280);
#5267 = B_SPLINE_CURVE_WITH_KNOTS('',6,(#5268,#5269,#5270,#5271,#5272,
    #5273,#5274,#5275,#5276,#5277,#5278,#5279),.UNSPECIFIED.,.F.,.F.,(7,
    5,7),(0.,0.573981713983,1.),.UNSPECIFIED.);
#5268 = CARTESIAN_POINT('',(1.,-0.6));
#5269 = CARTESIAN_POINT('',(0.896859810741,-0.6));
#5270 = CARTESIAN_POINT('',(0.793937742302,-0.6));
#5271 = CARTESIAN_POINT('',(0.69220347015,-0.6));
#5272 = CARTESIAN_POINT('',(0.592346882692,-0.6));
#5273 = CARTESIAN_POINT('',(0.494845292018,-0.6));
#5274 = CARTESIAN_POINT('',(0.329604327528,-0.6));
#5275 = CARTESIAN_POINT('',(0.260644239167,-0.6));
#5276 = CARTESIAN_POINT('',(0.193198148912,-0.6));
#5277 = CARTESIAN_POINT('',(0.127291338209,-0.6));
#5278 = CARTESIAN_POINT('',(6.290745287357E-02,-0.6));
#5279 = CARTESIAN_POINT('',(0.,-0.6));
#5280 = ( GEOMETRIC_REPRESENTATION_CONTEXT(2) 
PARAMETRIC_REPRESENTATION_CONTEXT() REPRESENTATION_CONTEXT('2D SPACE',''
  ) );
#5281 = ORIENTED_EDGE('',*,*,#5282,.F.);
#5282 = EDGE_CURVE('',#4866,#5226,#5283,.T.);
#5283 = SURFACE_CURVE('',#5284,(#5299,#5317),.PCURVE_S1.);
#5284 = B_SPLINE_CURVE_WITH_KNOTS('',5,(#5285,#5286,#5287,#5288,#5289,
    #5290,#5291,#5292,#5293,#5294,#5295,#5296,#5297,#5298),
  .UNSPECIFIED.,.F.,.F.,(6,4,4,6),(0.,0.236466069567,0.671754507923,1.),
  .UNSPECIFIED.);
#5285 = CARTESIAN_POINT('',(82.444990234375,-42.26599639892,33.5));
#5286 = CARTESIAN_POINT('',(82.38697936318,-42.26599639892,33.5));
#5287 = CARTESIAN_POINT('',(82.329464903716,-42.2681547803,33.5));
#5288 = CARTESIAN_POINT('',(82.272554271217,-42.27260006455,33.5));
#5289 = CARTESIAN_POINT('',(82.216376183558,-42.2794578762,33.5));
#5290 = CARTESIAN_POINT('',(82.059272679143,-42.30607508745,33.5));
#5291 = CARTESIAN_POINT('',(81.960402712282,-42.33184031159,33.5));
#5292 = CARTESIAN_POINT('',(81.865444064462,-42.36673675453,33.5));
#5293 = CARTESIAN_POINT('',(81.775373899696,-42.41104184453,33.5));
#5294 = CARTESIAN_POINT('',(81.627293835829,-42.50440305921,33.5));
#5295 = CARTESIAN_POINT('',(81.566830427679,-42.54962172696,33.5));
#5296 = CARTESIAN_POINT('',(81.509884780248,-42.59972357855,33.5));
#5297 = CARTESIAN_POINT('',(81.456597952598,-42.65433700692,33.5));
#5298 = CARTESIAN_POINT('',(81.4069921875,-42.71299835205,33.5));
#5299 = PCURVE('',#1455,#5300);
#5300 = DEFINITIONAL_REPRESENTATION('',(#5301),#5316);
#5301 = B_SPLINE_CURVE_WITH_KNOTS('',5,(#5302,#5303,#5304,#5305,#5306,
    #5307,#5308,#5309,#5310,#5311,#5312,#5313,#5314,#5315),
  .UNSPECIFIED.,.F.,.F.,(6,4,4,6),(0.,0.236466069567,0.671754507923,1.),
  .UNSPECIFIED.);
#5302 = CARTESIAN_POINT('',(24.444990234375,16.234003601074));
#5303 = CARTESIAN_POINT('',(24.38697936318,16.234003601074));
#5304 = CARTESIAN_POINT('',(24.329464903716,16.231845219693));
#5305 = CARTESIAN_POINT('',(24.272554271217,16.227399935447));
#5306 = CARTESIAN_POINT('',(24.216376183558,16.220542123794));
#5307 = CARTESIAN_POINT('',(24.059272679143,16.193924912542));
#5308 = CARTESIAN_POINT('',(23.960402712282,16.168159688405));
#5309 = CARTESIAN_POINT('',(23.865444064462,16.133263245465));
#5310 = CARTESIAN_POINT('',(23.775373899696,16.088958155463));
#5311 = CARTESIAN_POINT('',(23.627293835829,15.995596940787));
#5312 = CARTESIAN_POINT('',(23.566830427679,15.950378273031));
#5313 = CARTESIAN_POINT('',(23.509884780248,15.900276421442));
#5314 = CARTESIAN_POINT('',(23.456597952598,15.845662993076));
#5315 = CARTESIAN_POINT('',(23.4069921875,15.787001647949));
#5316 = ( GEOMETRIC_REPRESENTATION_CONTEXT(2) 
PARAMETRIC_REPRESENTATION_CONTEXT() REPRESENTATION_CONTEXT('2D SPACE',''
  ) );
#5317 = PCURVE('',#5318,#5325);
#5318 = SURFACE_OF_LINEAR_EXTRUSION('',#5319,#5323);
#5319 = B_SPLINE_CURVE_WITH_KNOTS('',2,(#5320,#5321,#5322),
  .UNSPECIFIED.,.F.,.F.,(3,3),(0.,1.),.PIECEWISE_BEZIER_KNOTS.);
#5320 = CARTESIAN_POINT('',(81.4069921875,-42.71299835205,32.9));
#5321 = CARTESIAN_POINT('',(81.784990234375,-42.26599639892,32.9));
#5322 = CARTESIAN_POINT('',(82.444990234375,-42.26599639892,32.9));
#5323 = VECTOR('',#5324,1.);
#5324 = DIRECTION('',(-0.,-0.,-1.));
#5325 = DEFINITIONAL_REPRESENTATION('',(#5326),#5341);
#5326 = B_SPLINE_CURVE_WITH_KNOTS('',5,(#5327,#5328,#5329,#5330,#5331,
    #5332,#5333,#5334,#5335,#5336,#5337,#5338,#5339,#5340),
  .UNSPECIFIED.,.F.,.F.,(6,4,4,6),(0.,0.236466069567,0.671754507923,1.),
  .UNSPECIFIED.);
#5327 = CARTESIAN_POINT('',(1.,-0.6));
#5328 = CARTESIAN_POINT('',(0.956052370307,-0.6));
#5329 = CARTESIAN_POINT('',(0.911449244271,-0.6));
#5330 = CARTESIAN_POINT('',(0.866210572166,-0.6));
#5331 = CARTESIAN_POINT('',(0.820373827175,-0.6));
#5332 = CARTESIAN_POINT('',(0.688634726036,-0.6));
#5333 = CARTESIAN_POINT('',(0.601419135621,-0.6));
#5334 = CARTESIAN_POINT('',(0.512802537351,-0.6));
#5335 = CARTESIAN_POINT('',(0.423392614341,-0.6));
#5336 = CARTESIAN_POINT('',(0.266590162989,-0.6));
#5337 = CARTESIAN_POINT('',(0.19917297034,-0.6));
#5338 = CARTESIAN_POINT('',(0.132086903852,-0.6));
#5339 = CARTESIAN_POINT('',(6.561643043894E-02,-0.6));
#5340 = CARTESIAN_POINT('',(0.,-0.6));
#5341 = ( GEOMETRIC_REPRESENTATION_CONTEXT(2) 
PARAMETRIC_REPRESENTATION_CONTEXT() REPRESENTATION_CONTEXT('2D SPACE',''
  ) );
#5342 = FACE_BOUND('',#5343,.T.);
#5343 = EDGE_LOOP('',(#5344,#5372,#5398,#5424,#5450,#5476,#5502,#5528,
    #5554,#5580,#5606,#5632,#5658));
#5344 = ORIENTED_EDGE('',*,*,#5345,.F.);
#5345 = EDGE_CURVE('',#5346,#5348,#5350,.T.);
#5346 = VERTEX_POINT('',#5347);
#5347 = CARTESIAN_POINT('',(87.341005859375,-45.50000030517,33.5));
#5348 = VERTEX_POINT('',#5349);
#5349 = CARTESIAN_POINT('',(88.264990234375,-42.35599639892,33.5));
#5350 = SURFACE_CURVE('',#5351,(#5355,#5361),.PCURVE_S1.);
#5351 = LINE('',#5352,#5353);
#5352 = CARTESIAN_POINT('',(84.878246459401,-53.87993116025,33.5));
#5353 = VECTOR('',#5354,1.);
#5354 = DIRECTION('',(0.281963349481,0.959425176629,-0.));
#5355 = PCURVE('',#1455,#5356);
#5356 = DEFINITIONAL_REPRESENTATION('',(#5357),#5360);
#5357 = B_SPLINE_CURVE_WITH_KNOTS('',1,(#5358,#5359),.UNSPECIFIED.,.F.,
  .F.,(2,2),(8.734324530154,12.011290762473),.PIECEWISE_BEZIER_KNOTS.);
#5358 = CARTESIAN_POINT('',(29.341005859375,12.999999694824));
#5359 = CARTESIAN_POINT('',(30.264990234375,16.144003601074));
#5360 = ( GEOMETRIC_REPRESENTATION_CONTEXT(2) 
PARAMETRIC_REPRESENTATION_CONTEXT() REPRESENTATION_CONTEXT('2D SPACE',''
  ) );
#5361 = PCURVE('',#5362,#5367);
#5362 = PLANE('',#5363);
#5363 = AXIS2_PLACEMENT_3D('',#5364,#5365,#5366);
#5364 = CARTESIAN_POINT('',(88.264990234375,-42.35599639892,32.9));
#5365 = DIRECTION('',(0.959425176629,-0.281963349481,0.));
#5366 = DIRECTION('',(-0.281963349481,-0.959425176629,0.));
#5367 = DEFINITIONAL_REPRESENTATION('',(#5368),#5371);
#5368 = B_SPLINE_CURVE_WITH_KNOTS('',1,(#5369,#5370),.UNSPECIFIED.,.F.,
  .F.,(2,2),(8.734324530154,12.011290762473),.PIECEWISE_BEZIER_KNOTS.);
#5369 = CARTESIAN_POINT('',(3.276966232319,-0.6));
#5370 = CARTESIAN_POINT('',(0.,-0.6));
#5371 = ( GEOMETRIC_REPRESENTATION_CONTEXT(2) 
PARAMETRIC_REPRESENTATION_CONTEXT() REPRESENTATION_CONTEXT('2D SPACE',''
  ) );
#5372 = ORIENTED_EDGE('',*,*,#5373,.F.);
#5373 = EDGE_CURVE('',#5374,#5346,#5376,.T.);
#5374 = VERTEX_POINT('',#5375);
#5375 = CARTESIAN_POINT('',(86.771005859375,-45.50000030517,33.5));
#5376 = SURFACE_CURVE('',#5377,(#5381,#5387),.PCURVE_S1.);
#5377 = LINE('',#5378,#5379);
#5378 = CARTESIAN_POINT('',(72.670502929688,-45.50000030517,33.5));
#5379 = VECTOR('',#5380,1.);
#5380 = DIRECTION('',(1.,0.,-0.));
#5381 = PCURVE('',#1455,#5382);
#5382 = DEFINITIONAL_REPRESENTATION('',(#5383),#5386);
#5383 = B_SPLINE_CURVE_WITH_KNOTS('',1,(#5384,#5385),.UNSPECIFIED.,.F.,
  .F.,(2,2),(14.100502929688,14.670502929688),.PIECEWISE_BEZIER_KNOTS.);
#5384 = CARTESIAN_POINT('',(28.771005859375,12.999999694824));
#5385 = CARTESIAN_POINT('',(29.341005859375,12.999999694824));
#5386 = ( GEOMETRIC_REPRESENTATION_CONTEXT(2) 
PARAMETRIC_REPRESENTATION_CONTEXT() REPRESENTATION_CONTEXT('2D SPACE',''
  ) );
#5387 = PCURVE('',#5388,#5393);
#5388 = PLANE('',#5389);
#5389 = AXIS2_PLACEMENT_3D('',#5390,#5391,#5392);
#5390 = CARTESIAN_POINT('',(87.341005859375,-45.50000030517,32.9));
#5391 = DIRECTION('',(0.,-1.,0.));
#5392 = DIRECTION('',(-1.,0.,0.));
#5393 = DEFINITIONAL_REPRESENTATION('',(#5394),#5397);
#5394 = B_SPLINE_CURVE_WITH_KNOTS('',1,(#5395,#5396),.UNSPECIFIED.,.F.,
  .F.,(2,2),(14.100502929688,14.670502929688),.PIECEWISE_BEZIER_KNOTS.);
#5395 = CARTESIAN_POINT('',(0.57,-0.6));
#5396 = CARTESIAN_POINT('',(0.,-0.6));
#5397 = ( GEOMETRIC_REPRESENTATION_CONTEXT(2) 
PARAMETRIC_REPRESENTATION_CONTEXT() REPRESENTATION_CONTEXT('2D SPACE',''
  ) );
#5398 = ORIENTED_EDGE('',*,*,#5399,.F.);
#5399 = EDGE_CURVE('',#5400,#5374,#5402,.T.);
#5400 = VERTEX_POINT('',#5401);
#5401 = CARTESIAN_POINT('',(86.134990234375,-43.03400421142,33.5));
#5402 = SURFACE_CURVE('',#5403,(#5407,#5413),.PCURVE_S1.);
#5403 = LINE('',#5404,#5405);
#5404 = CARTESIAN_POINT('',(87.44565095986,-48.11577280677,33.5));
#5405 = VECTOR('',#5406,1.);
#5406 = DIRECTION('',(0.249741630995,-0.968312510375,0.));
#5407 = PCURVE('',#1455,#5408);
#5408 = DEFINITIONAL_REPRESENTATION('',(#5409),#5412);
#5409 = B_SPLINE_CURVE_WITH_KNOTS('',1,(#5410,#5411),.UNSPECIFIED.,.F.,
  .F.,(2,2),(-5.248066652973,-2.701372205334),.PIECEWISE_BEZIER_KNOTS.);
#5410 = CARTESIAN_POINT('',(28.134990234375,15.465995788574));
#5411 = CARTESIAN_POINT('',(28.771005859375,12.999999694824));
#5412 = ( GEOMETRIC_REPRESENTATION_CONTEXT(2) 
PARAMETRIC_REPRESENTATION_CONTEXT() REPRESENTATION_CONTEXT('2D SPACE',''
  ) );
#5413 = PCURVE('',#5414,#5419);
#5414 = PLANE('',#5415);
#5415 = AXIS2_PLACEMENT_3D('',#5416,#5417,#5418);
#5416 = CARTESIAN_POINT('',(86.771005859375,-45.50000030517,32.9));
#5417 = DIRECTION('',(-0.968312510375,-0.249741630995,0.));
#5418 = DIRECTION('',(-0.249741630995,0.968312510375,0.));
#5419 = DEFINITIONAL_REPRESENTATION('',(#5420),#5423);
#5420 = B_SPLINE_CURVE_WITH_KNOTS('',1,(#5421,#5422),.UNSPECIFIED.,.F.,
  .F.,(2,2),(-5.248066652973,-2.701372205334),.PIECEWISE_BEZIER_KNOTS.);
#5421 = CARTESIAN_POINT('',(2.546694447639,-0.6));
#5422 = CARTESIAN_POINT('',(0.,-0.6));
#5423 = ( GEOMETRIC_REPRESENTATION_CONTEXT(2) 
PARAMETRIC_REPRESENTATION_CONTEXT() REPRESENTATION_CONTEXT('2D SPACE',''
  ) );
#5424 = ORIENTED_EDGE('',*,*,#5425,.F.);
#5425 = EDGE_CURVE('',#5426,#5400,#5428,.T.);
#5426 = VERTEX_POINT('',#5427);
#5427 = CARTESIAN_POINT('',(85.528994140625,-45.50000030517,33.5));
#5428 = SURFACE_CURVE('',#5429,(#5433,#5439),.PCURVE_S1.);
#5429 = LINE('',#5430,#5431);
#5430 = CARTESIAN_POINT('',(83.541761628072,-53.5866986583,33.5));
#5431 = VECTOR('',#5432,1.);
#5432 = DIRECTION('',(0.238640921657,0.971107877896,-0.));
#5433 = PCURVE('',#1455,#5434);
#5434 = DEFINITIONAL_REPRESENTATION('',(#5435),#5438);
#5435 = B_SPLINE_CURVE_WITH_KNOTS('',1,(#5436,#5437),.UNSPECIFIED.,.F.,
  .F.,(2,2),(8.327291475227,10.86665517506),.PIECEWISE_BEZIER_KNOTS.);
#5436 = CARTESIAN_POINT('',(27.528994140625,12.999999694824));
#5437 = CARTESIAN_POINT('',(28.134990234375,15.465995788574));
#5438 = ( GEOMETRIC_REPRESENTATION_CONTEXT(2) 
PARAMETRIC_REPRESENTATION_CONTEXT() REPRESENTATION_CONTEXT('2D SPACE',''
  ) );
#5439 = PCURVE('',#5440,#5445);
#5440 = PLANE('',#5441);
#5441 = AXIS2_PLACEMENT_3D('',#5442,#5443,#5444);
#5442 = CARTESIAN_POINT('',(86.134990234375,-43.03400421142,32.9));
#5443 = DIRECTION('',(0.971107877896,-0.238640921657,0.));
#5444 = DIRECTION('',(-0.238640921657,-0.971107877896,0.));
#5445 = DEFINITIONAL_REPRESENTATION('',(#5446),#5449);
#5446 = B_SPLINE_CURVE_WITH_KNOTS('',1,(#5447,#5448),.UNSPECIFIED.,.F.,
  .F.,(2,2),(8.327291475227,10.86665517506),.PIECEWISE_BEZIER_KNOTS.);
#5447 = CARTESIAN_POINT('',(2.539363699833,-0.6));
#5448 = CARTESIAN_POINT('',(0.,-0.6));
#5449 = ( GEOMETRIC_REPRESENTATION_CONTEXT(2) 
PARAMETRIC_REPRESENTATION_CONTEXT() REPRESENTATION_CONTEXT('2D SPACE',''
  ) );
#5450 = ORIENTED_EDGE('',*,*,#5451,.F.);
#5451 = EDGE_CURVE('',#5452,#5426,#5454,.T.);
#5452 = VERTEX_POINT('',#5453);
#5453 = CARTESIAN_POINT('',(84.964990234375,-45.50000030517,33.5));
#5454 = SURFACE_CURVE('',#5455,(#5459,#5465),.PCURVE_S1.);
#5455 = LINE('',#5456,#5457);
#5456 = CARTESIAN_POINT('',(71.764497070313,-45.50000030517,33.5));
#5457 = VECTOR('',#5458,1.);
#5458 = DIRECTION('',(1.,0.,-0.));
#5459 = PCURVE('',#1455,#5460);
#5460 = DEFINITIONAL_REPRESENTATION('',(#5461),#5464);
#5461 = B_SPLINE_CURVE_WITH_KNOTS('',1,(#5462,#5463),.UNSPECIFIED.,.F.,
  .F.,(2,2),(13.200493164063,13.764497070313),.PIECEWISE_BEZIER_KNOTS.);
#5462 = CARTESIAN_POINT('',(26.964990234375,12.999999694824));
#5463 = CARTESIAN_POINT('',(27.528994140625,12.999999694824));
#5464 = ( GEOMETRIC_REPRESENTATION_CONTEXT(2) 
PARAMETRIC_REPRESENTATION_CONTEXT() REPRESENTATION_CONTEXT('2D SPACE',''
  ) );
#5465 = PCURVE('',#5466,#5471);
#5466 = PLANE('',#5467);
#5467 = AXIS2_PLACEMENT_3D('',#5468,#5469,#5470);
#5468 = CARTESIAN_POINT('',(85.528994140625,-45.50000030517,32.9));
#5469 = DIRECTION('',(0.,-1.,0.));
#5470 = DIRECTION('',(-1.,0.,0.));
#5471 = DEFINITIONAL_REPRESENTATION('',(#5472),#5475);
#5472 = B_SPLINE_CURVE_WITH_KNOTS('',1,(#5473,#5474),.UNSPECIFIED.,.F.,
  .F.,(2,2),(13.200493164063,13.764497070313),.PIECEWISE_BEZIER_KNOTS.);
#5473 = CARTESIAN_POINT('',(0.56400390625,-0.6));
#5474 = CARTESIAN_POINT('',(0.,-0.6));
#5475 = ( GEOMETRIC_REPRESENTATION_CONTEXT(2) 
PARAMETRIC_REPRESENTATION_CONTEXT() REPRESENTATION_CONTEXT('2D SPACE',''
  ) );
#5476 = ORIENTED_EDGE('',*,*,#5477,.F.);
#5477 = EDGE_CURVE('',#5478,#5452,#5480,.T.);
#5478 = VERTEX_POINT('',#5479);
#5479 = CARTESIAN_POINT('',(84.052998046875,-42.35599639892,33.5));
#5480 = SURFACE_CURVE('',#5481,(#5485,#5491),.PCURVE_S1.);
#5481 = LINE('',#5482,#5483);
#5482 = CARTESIAN_POINT('',(85.657726620238,-47.88814127064,33.5));
#5483 = VECTOR('',#5484,1.);
#5484 = DIRECTION('',(0.278589555327,-0.960410255913,0.));
#5485 = PCURVE('',#1455,#5486);
#5486 = DEFINITIONAL_REPRESENTATION('',(#5487),#5490);
#5487 = B_SPLINE_CURVE_WITH_KNOTS('',1,(#5488,#5489),.UNSPECIFIED.,.F.,
  .F.,(2,2),(-5.760189291666,-2.486584197496),.PIECEWISE_BEZIER_KNOTS.);
#5488 = CARTESIAN_POINT('',(26.052998046875,16.144003601074));
#5489 = CARTESIAN_POINT('',(26.964990234375,12.999999694824));
#5490 = ( GEOMETRIC_REPRESENTATION_CONTEXT(2) 
PARAMETRIC_REPRESENTATION_CONTEXT() REPRESENTATION_CONTEXT('2D SPACE',''
  ) );
#5491 = PCURVE('',#5492,#5497);
#5492 = PLANE('',#5493);
#5493 = AXIS2_PLACEMENT_3D('',#5494,#5495,#5496);
#5494 = CARTESIAN_POINT('',(84.964990234375,-45.50000030517,32.9));
#5495 = DIRECTION('',(-0.960410255913,-0.278589555327,0.));
#5496 = DIRECTION('',(-0.278589555327,0.960410255913,0.));
#5497 = DEFINITIONAL_REPRESENTATION('',(#5498),#5501);
#5498 = B_SPLINE_CURVE_WITH_KNOTS('',1,(#5499,#5500),.UNSPECIFIED.,.F.,
  .F.,(2,2),(-5.760189291666,-2.486584197496),.PIECEWISE_BEZIER_KNOTS.);
#5499 = CARTESIAN_POINT('',(3.27360509417,-0.6));
#5500 = CARTESIAN_POINT('',(0.,-0.6));
#5501 = ( GEOMETRIC_REPRESENTATION_CONTEXT(2) 
PARAMETRIC_REPRESENTATION_CONTEXT() REPRESENTATION_CONTEXT('2D SPACE',''
  ) );
#5502 = ORIENTED_EDGE('',*,*,#5503,.F.);
#5503 = EDGE_CURVE('',#5504,#5478,#5506,.T.);
#5504 = VERTEX_POINT('',#5505);
#5505 = CARTESIAN_POINT('',(84.604990234375,-42.35599639892,33.5));
#5506 = SURFACE_CURVE('',#5507,(#5511,#5517),.PCURVE_S1.);
#5507 = LINE('',#5508,#5509);
#5508 = CARTESIAN_POINT('',(71.026499023438,-42.35599639892,33.5));
#5509 = VECTOR('',#5510,1.);
#5510 = DIRECTION('',(-1.,0.,0.));
#5511 = PCURVE('',#1455,#5512);
#5512 = DEFINITIONAL_REPRESENTATION('',(#5513),#5516);
#5513 = B_SPLINE_CURVE_WITH_KNOTS('',1,(#5514,#5515),.UNSPECIFIED.,.F.,
  .F.,(2,2),(-13.57849121093,-13.02649902343),.PIECEWISE_BEZIER_KNOTS.);
#5514 = CARTESIAN_POINT('',(26.604990234375,16.144003601074));
#5515 = CARTESIAN_POINT('',(26.052998046875,16.144003601074));
#5516 = ( GEOMETRIC_REPRESENTATION_CONTEXT(2) 
PARAMETRIC_REPRESENTATION_CONTEXT() REPRESENTATION_CONTEXT('2D SPACE',''
  ) );
#5517 = PCURVE('',#5518,#5523);
#5518 = PLANE('',#5519);
#5519 = AXIS2_PLACEMENT_3D('',#5520,#5521,#5522);
#5520 = CARTESIAN_POINT('',(84.052998046875,-42.35599639892,32.9));
#5521 = DIRECTION('',(0.,1.,0.));
#5522 = DIRECTION('',(1.,0.,0.));
#5523 = DEFINITIONAL_REPRESENTATION('',(#5524),#5527);
#5524 = B_SPLINE_CURVE_WITH_KNOTS('',1,(#5525,#5526),.UNSPECIFIED.,.F.,
  .F.,(2,2),(-13.57849121093,-13.02649902343),.PIECEWISE_BEZIER_KNOTS.);
#5525 = CARTESIAN_POINT('',(0.5519921875,-0.6));
#5526 = CARTESIAN_POINT('',(0.,-0.6));
#5527 = ( GEOMETRIC_REPRESENTATION_CONTEXT(2) 
PARAMETRIC_REPRESENTATION_CONTEXT() REPRESENTATION_CONTEXT('2D SPACE',''
  ) );
#5528 = ORIENTED_EDGE('',*,*,#5529,.F.);
#5529 = EDGE_CURVE('',#5530,#5504,#5532,.T.);
#5530 = VERTEX_POINT('',#5531);
#5531 = CARTESIAN_POINT('',(85.247001953125,-44.80400421142,33.5));
#5532 = SURFACE_CURVE('',#5533,(#5537,#5543),.PCURVE_S1.);
#5533 = LINE('',#5534,#5535);
#5534 = CARTESIAN_POINT('',(85.729648780481,-46.64434944117,33.5));
#5535 = VECTOR('',#5536,1.);
#5536 = DIRECTION('',(-0.253679899296,0.967288224209,0.));
#5537 = PCURVE('',#1455,#5538);
#5538 = DEFINITIONAL_REPRESENTATION('',(#5539),#5542);
#5539 = B_SPLINE_CURVE_WITH_KNOTS('',1,(#5540,#5541),.UNSPECIFIED.,.F.,
  .F.,(2,2),(1.902582067776,4.433376665738),.PIECEWISE_BEZIER_KNOTS.);
#5540 = CARTESIAN_POINT('',(27.247001953125,13.695995788574));
#5541 = CARTESIAN_POINT('',(26.604990234375,16.144003601074));
#5542 = ( GEOMETRIC_REPRESENTATION_CONTEXT(2) 
PARAMETRIC_REPRESENTATION_CONTEXT() REPRESENTATION_CONTEXT('2D SPACE',''
  ) );
#5543 = PCURVE('',#5544,#5549);
#5544 = PLANE('',#5545);
#5545 = AXIS2_PLACEMENT_3D('',#5546,#5547,#5548);
#5546 = CARTESIAN_POINT('',(84.604990234375,-42.35599639892,32.9));
#5547 = DIRECTION('',(0.967288224209,0.253679899296,0.));
#5548 = DIRECTION('',(0.253679899296,-0.967288224209,0.));
#5549 = DEFINITIONAL_REPRESENTATION('',(#5550),#5553);
#5550 = B_SPLINE_CURVE_WITH_KNOTS('',1,(#5551,#5552),.UNSPECIFIED.,.F.,
  .F.,(2,2),(1.902582067776,4.433376665738),.PIECEWISE_BEZIER_KNOTS.);
#5551 = CARTESIAN_POINT('',(2.530794597962,-0.6));
#5552 = CARTESIAN_POINT('',(0.,-0.6));
#5553 = ( GEOMETRIC_REPRESENTATION_CONTEXT(2) 
PARAMETRIC_REPRESENTATION_CONTEXT() REPRESENTATION_CONTEXT('2D SPACE',''
  ) );
#5554 = ORIENTED_EDGE('',*,*,#5555,.F.);
#5555 = EDGE_CURVE('',#5556,#5530,#5558,.T.);
#5556 = VERTEX_POINT('',#5557);
#5557 = CARTESIAN_POINT('',(85.847001953125,-42.35599639892,33.5));
#5558 = SURFACE_CURVE('',#5559,(#5563,#5569),.PCURVE_S1.);
#5559 = LINE('',#5560,#5561);
#5560 = CARTESIAN_POINT('',(82.891667647135,-54.41379884828,33.5));
#5561 = VECTOR('',#5562,1.);
#5562 = DIRECTION('',(-0.238051341304,-0.971252572148,0.));
#5563 = PCURVE('',#1455,#5564);
#5564 = DEFINITIONAL_REPRESENTATION('',(#5565),#5568);
#5565 = B_SPLINE_CURVE_WITH_KNOTS('',1,(#5566,#5567),.UNSPECIFIED.,.F.,
  .F.,(2,2),(-12.41469293892,-9.894228249616),.PIECEWISE_BEZIER_KNOTS.);
#5566 = CARTESIAN_POINT('',(27.847001953125,16.144003601074));
#5567 = CARTESIAN_POINT('',(27.247001953125,13.695995788574));
#5568 = ( GEOMETRIC_REPRESENTATION_CONTEXT(2) 
PARAMETRIC_REPRESENTATION_CONTEXT() REPRESENTATION_CONTEXT('2D SPACE',''
  ) );
#5569 = PCURVE('',#5570,#5575);
#5570 = PLANE('',#5571);
#5571 = AXIS2_PLACEMENT_3D('',#5572,#5573,#5574);
#5572 = CARTESIAN_POINT('',(85.247001953125,-44.80400421142,32.9));
#5573 = DIRECTION('',(-0.971252572148,0.238051341304,0.));
#5574 = DIRECTION('',(0.238051341304,0.971252572148,0.));
#5575 = DEFINITIONAL_REPRESENTATION('',(#5576),#5579);
#5576 = B_SPLINE_CURVE_WITH_KNOTS('',1,(#5577,#5578),.UNSPECIFIED.,.F.,
  .F.,(2,2),(-12.41469293892,-9.894228249616),.PIECEWISE_BEZIER_KNOTS.);
#5577 = CARTESIAN_POINT('',(2.52046468931,-0.6));
#5578 = CARTESIAN_POINT('',(0.,-0.6));
#5579 = ( GEOMETRIC_REPRESENTATION_CONTEXT(2) 
PARAMETRIC_REPRESENTATION_CONTEXT() REPRESENTATION_CONTEXT('2D SPACE',''
  ) );
#5580 = ORIENTED_EDGE('',*,*,#5581,.F.);
#5581 = EDGE_CURVE('',#5582,#5556,#5584,.T.);
#5582 = VERTEX_POINT('',#5583);
#5583 = CARTESIAN_POINT('',(86.458994140625,-42.35599639892,33.5));
#5584 = SURFACE_CURVE('',#5585,(#5589,#5595),.PCURVE_S1.);
#5585 = LINE('',#5586,#5587);
#5586 = CARTESIAN_POINT('',(71.923500976563,-42.35599639892,33.5));
#5587 = VECTOR('',#5588,1.);
#5588 = DIRECTION('',(-1.,0.,0.));
#5589 = PCURVE('',#1455,#5590);
#5590 = DEFINITIONAL_REPRESENTATION('',(#5591),#5594);
#5591 = B_SPLINE_CURVE_WITH_KNOTS('',1,(#5592,#5593),.UNSPECIFIED.,.F.,
  .F.,(2,2),(-14.53549316406,-13.92350097656),.PIECEWISE_BEZIER_KNOTS.);
#5592 = CARTESIAN_POINT('',(28.458994140625,16.144003601074));
#5593 = CARTESIAN_POINT('',(27.847001953125,16.144003601074));
#5594 = ( GEOMETRIC_REPRESENTATION_CONTEXT(2) 
PARAMETRIC_REPRESENTATION_CONTEXT() REPRESENTATION_CONTEXT('2D SPACE',''
  ) );
#5595 = PCURVE('',#5596,#5601);
#5596 = PLANE('',#5597);
#5597 = AXIS2_PLACEMENT_3D('',#5598,#5599,#5600);
#5598 = CARTESIAN_POINT('',(85.847001953125,-42.35599639892,32.9));
#5599 = DIRECTION('',(0.,1.,0.));
#5600 = DIRECTION('',(1.,0.,0.));
#5601 = DEFINITIONAL_REPRESENTATION('',(#5602),#5605);
#5602 = B_SPLINE_CURVE_WITH_KNOTS('',1,(#5603,#5604),.UNSPECIFIED.,.F.,
  .F.,(2,2),(-14.53549316406,-13.92350097656),.PIECEWISE_BEZIER_KNOTS.);
#5603 = CARTESIAN_POINT('',(0.6119921875,-0.6));
#5604 = CARTESIAN_POINT('',(0.,-0.6));
#5605 = ( GEOMETRIC_REPRESENTATION_CONTEXT(2) 
PARAMETRIC_REPRESENTATION_CONTEXT() REPRESENTATION_CONTEXT('2D SPACE',''
  ) );
#5606 = ORIENTED_EDGE('',*,*,#5607,.F.);
#5607 = EDGE_CURVE('',#5608,#5582,#5610,.T.);
#5608 = VERTEX_POINT('',#5609);
#5609 = CARTESIAN_POINT('',(87.077001953125,-44.80400421142,33.5));
#5610 = SURFACE_CURVE('',#5611,(#5615,#5621),.PCURVE_S1.);
#5611 = LINE('',#5612,#5613);
#5612 = CARTESIAN_POINT('',(87.522155709643,-46.56731504937,33.5));
#5613 = VECTOR('',#5614,1.);
#5614 = DIRECTION('',(-0.244773788845,0.969580214471,0.));
#5615 = PCURVE('',#1455,#5616);
#5616 = DEFINITIONAL_REPRESENTATION('',(#5617),#5620);
#5617 = B_SPLINE_CURVE_WITH_KNOTS('',1,(#5618,#5619),.UNSPECIFIED.,.F.,
  .F.,(2,2),(1.81863327204,4.343445325713),.PIECEWISE_BEZIER_KNOTS.);
#5618 = CARTESIAN_POINT('',(29.077001953125,13.695995788574));
#5619 = CARTESIAN_POINT('',(28.458994140625,16.144003601074));
#5620 = ( GEOMETRIC_REPRESENTATION_CONTEXT(2) 
PARAMETRIC_REPRESENTATION_CONTEXT() REPRESENTATION_CONTEXT('2D SPACE',''
  ) );
#5621 = PCURVE('',#5622,#5627);
#5622 = PLANE('',#5623);
#5623 = AXIS2_PLACEMENT_3D('',#5624,#5625,#5626);
#5624 = CARTESIAN_POINT('',(86.458994140625,-42.35599639892,32.9));
#5625 = DIRECTION('',(0.969580214471,0.244773788845,0.));
#5626 = DIRECTION('',(0.244773788845,-0.969580214471,0.));
#5627 = DEFINITIONAL_REPRESENTATION('',(#5628),#5631);
#5628 = B_SPLINE_CURVE_WITH_KNOTS('',1,(#5629,#5630),.UNSPECIFIED.,.F.,
  .F.,(2,2),(1.81863327204,4.343445325713),.PIECEWISE_BEZIER_KNOTS.);
#5629 = CARTESIAN_POINT('',(2.524812053673,-0.6));
#5630 = CARTESIAN_POINT('',(0.,-0.6));
#5631 = ( GEOMETRIC_REPRESENTATION_CONTEXT(2) 
PARAMETRIC_REPRESENTATION_CONTEXT() REPRESENTATION_CONTEXT('2D SPACE',''
  ) );
#5632 = ORIENTED_EDGE('',*,*,#5633,.F.);
#5633 = EDGE_CURVE('',#5634,#5608,#5636,.T.);
#5634 = VERTEX_POINT('',#5635);
#5635 = CARTESIAN_POINT('',(87.701005859375,-42.35599639892,33.5));
#5636 = SURFACE_CURVE('',#5637,(#5641,#5647),.PCURVE_S1.);
#5637 = LINE('',#5638,#5639);
#5638 = CARTESIAN_POINT('',(84.550916877155,-54.71399986862,33.5));
#5639 = VECTOR('',#5640,1.);
#5640 = DIRECTION('',(-0.247004416801,-0.969014353909,0.));
#5641 = PCURVE('',#1455,#5642);
#5642 = DEFINITIONAL_REPRESENTATION('',(#5643),#5646);
#5643 = B_SPLINE_CURVE_WITH_KNOTS('',1,(#5644,#5645),.UNSPECIFIED.,.F.,
  .F.,(2,2),(-12.75316863971,-10.22688220997),.PIECEWISE_BEZIER_KNOTS.);
#5644 = CARTESIAN_POINT('',(29.701005859375,16.144003601074));
#5645 = CARTESIAN_POINT('',(29.077001953125,13.695995788574));
#5646 = ( GEOMETRIC_REPRESENTATION_CONTEXT(2) 
PARAMETRIC_REPRESENTATION_CONTEXT() REPRESENTATION_CONTEXT('2D SPACE',''
  ) );
#5647 = PCURVE('',#5648,#5653);
#5648 = PLANE('',#5649);
#5649 = AXIS2_PLACEMENT_3D('',#5650,#5651,#5652);
#5650 = CARTESIAN_POINT('',(87.077001953125,-44.80400421142,32.9));
#5651 = DIRECTION('',(-0.969014353909,0.247004416801,0.));
#5652 = DIRECTION('',(0.247004416801,0.969014353909,0.));
#5653 = DEFINITIONAL_REPRESENTATION('',(#5654),#5657);
#5654 = B_SPLINE_CURVE_WITH_KNOTS('',1,(#5655,#5656),.UNSPECIFIED.,.F.,
  .F.,(2,2),(-12.75316863971,-10.22688220997),.PIECEWISE_BEZIER_KNOTS.);
#5655 = CARTESIAN_POINT('',(2.526286429738,-0.6));
#5656 = CARTESIAN_POINT('',(0.,-0.6));
#5657 = ( GEOMETRIC_REPRESENTATION_CONTEXT(2) 
PARAMETRIC_REPRESENTATION_CONTEXT() REPRESENTATION_CONTEXT('2D SPACE',''
  ) );
#5658 = ORIENTED_EDGE('',*,*,#5659,.F.);
#5659 = EDGE_CURVE('',#5348,#5634,#5660,.T.);
#5660 = SURFACE_CURVE('',#5661,(#5665,#5671),.PCURVE_S1.);
#5661 = LINE('',#5662,#5663);
#5662 = CARTESIAN_POINT('',(72.850502929688,-42.35599639892,33.5));
#5663 = VECTOR('',#5664,1.);
#5664 = DIRECTION('',(-1.,0.,0.));
#5665 = PCURVE('',#1455,#5666);
#5666 = DEFINITIONAL_REPRESENTATION('',(#5667),#5670);
#5667 = B_SPLINE_CURVE_WITH_KNOTS('',1,(#5668,#5669),.UNSPECIFIED.,.F.,
  .F.,(2,2),(-15.41448730468,-14.85050292968),.PIECEWISE_BEZIER_KNOTS.);
#5668 = CARTESIAN_POINT('',(30.264990234375,16.144003601074));
#5669 = CARTESIAN_POINT('',(29.701005859375,16.144003601074));
#5670 = ( GEOMETRIC_REPRESENTATION_CONTEXT(2) 
PARAMETRIC_REPRESENTATION_CONTEXT() REPRESENTATION_CONTEXT('2D SPACE',''
  ) );
#5671 = PCURVE('',#5672,#5677);
#5672 = PLANE('',#5673);
#5673 = AXIS2_PLACEMENT_3D('',#5674,#5675,#5676);
#5674 = CARTESIAN_POINT('',(87.701005859375,-42.35599639892,32.9));
#5675 = DIRECTION('',(0.,1.,0.));
#5676 = DIRECTION('',(1.,0.,0.));
#5677 = DEFINITIONAL_REPRESENTATION('',(#5678),#5681);
#5678 = B_SPLINE_CURVE_WITH_KNOTS('',1,(#5679,#5680),.UNSPECIFIED.,.F.,
  .F.,(2,2),(-15.41448730468,-14.85050292968),.PIECEWISE_BEZIER_KNOTS.);
#5679 = CARTESIAN_POINT('',(0.563984375,-0.6));
#5680 = CARTESIAN_POINT('',(0.,-0.6));
#5681 = ( GEOMETRIC_REPRESENTATION_CONTEXT(2) 
PARAMETRIC_REPRESENTATION_CONTEXT() REPRESENTATION_CONTEXT('2D SPACE',''
  ) );
#5682 = FACE_BOUND('',#5683,.T.);
#5683 = EDGE_LOOP('',(#5684));
#5684 = ORIENTED_EDGE('',*,*,#5685,.T.);
#5685 = EDGE_CURVE('',#5686,#5686,#5688,.T.);
#5686 = VERTEX_POINT('',#5687);
#5687 = CARTESIAN_POINT('',(107.65,-45.,33.5));
#5688 = SURFACE_CURVE('',#5689,(#5694,#5705),.PCURVE_S1.);
#5689 = CIRCLE('',#5690,3.1);
#5690 = AXIS2_PLACEMENT_3D('',#5691,#5692,#5693);
#5691 = CARTESIAN_POINT('',(104.55,-45.,33.5));
#5692 = DIRECTION('',(0.,0.,-1.));
#5693 = DIRECTION('',(1.,0.,0.));
#5694 = PCURVE('',#1455,#5695);
#5695 = DEFINITIONAL_REPRESENTATION('',(#5696),#5704);
#5696 = ( BOUNDED_CURVE() B_SPLINE_CURVE(2,(#5697,#5698,#5699,#5700,
#5701,#5702,#5703),.UNSPECIFIED.,.T.,.F.) B_SPLINE_CURVE_WITH_KNOTS((1,2
    ,2,2,2,1),(-2.094395102393,0.,2.094395102393,4.188790204786,
6.28318530718,8.377580409573),.UNSPECIFIED.) CURVE() 
GEOMETRIC_REPRESENTATION_ITEM() RATIONAL_B_SPLINE_CURVE((1.,0.5,1.,0.5,
1.,0.5,1.)) REPRESENTATION_ITEM('') );
#5697 = CARTESIAN_POINT('',(49.65,13.5));
#5698 = CARTESIAN_POINT('',(49.65,8.130642496536));
#5699 = CARTESIAN_POINT('',(45.,10.815321248268));
#5700 = CARTESIAN_POINT('',(40.35,13.5));
#5701 = CARTESIAN_POINT('',(45.,16.184678751732));
#5702 = CARTESIAN_POINT('',(49.65,18.869357503464));
#5703 = CARTESIAN_POINT('',(49.65,13.5));
#5704 = ( GEOMETRIC_REPRESENTATION_CONTEXT(2) 
PARAMETRIC_REPRESENTATION_CONTEXT() REPRESENTATION_CONTEXT('2D SPACE',''
  ) );
#5705 = PCURVE('',#5706,#5711);
#5706 = CYLINDRICAL_SURFACE('',#5707,3.1);
#5707 = AXIS2_PLACEMENT_3D('',#5708,#5709,#5710);
#5708 = CARTESIAN_POINT('',(104.55,-45.,32.3));
#5709 = DIRECTION('',(-0.,-0.,-1.));
#5710 = DIRECTION('',(1.,0.,0.));
#5711 = DEFINITIONAL_REPRESENTATION('',(#5712),#5716);
#5712 = LINE('',#5713,#5714);
#5713 = CARTESIAN_POINT('',(-6.28318530718,-1.2));
#5714 = VECTOR('',#5715,1.);
#5715 = DIRECTION('',(1.,-0.));
#5716 = ( GEOMETRIC_REPRESENTATION_CONTEXT(2) 
PARAMETRIC_REPRESENTATION_CONTEXT() REPRESENTATION_CONTEXT('2D SPACE',''
  ) );
#5717 = FACE_BOUND('',#5718,.T.);
#5718 = EDGE_LOOP('',(#5719,#5747,#5773,#5799,#5825,#5851,#5877,#5903,
    #5929,#5955,#5981,#6007,#6033));
#5719 = ORIENTED_EDGE('',*,*,#5720,.F.);
#5720 = EDGE_CURVE('',#5721,#5723,#5725,.T.);
#5721 = VERTEX_POINT('',#5722);
#5722 = CARTESIAN_POINT('',(84.288505859375,-30.75000015258,33.5));
#5723 = VERTEX_POINT('',#5724);
#5724 = CARTESIAN_POINT('',(84.903505859375,-28.91700210571,33.5));
#5725 = SURFACE_CURVE('',#5726,(#5730,#5736),.PCURVE_S1.);
#5726 = LINE('',#5727,#5728);
#5727 = CARTESIAN_POINT('',(79.08180112415,-46.268503584,33.5));
#5728 = VECTOR('',#5729,1.);
#5729 = DIRECTION('',(0.318089446792,0.948060706832,-0.));
#5730 = PCURVE('',#1455,#5731);
#5731 = DEFINITIONAL_REPRESENTATION('',(#5732),#5735);
#5732 = B_SPLINE_CURVE_WITH_KNOTS('',1,(#5733,#5734),.UNSPECIFIED.,.F.,
  .F.,(2,2),(16.36868116101,18.302099594729),.PIECEWISE_BEZIER_KNOTS.);
#5733 = CARTESIAN_POINT('',(26.288505859375,27.749999847412));
#5734 = CARTESIAN_POINT('',(26.903505859375,29.582997894287));
#5735 = ( GEOMETRIC_REPRESENTATION_CONTEXT(2) 
PARAMETRIC_REPRESENTATION_CONTEXT() REPRESENTATION_CONTEXT('2D SPACE',''
  ) );
#5736 = PCURVE('',#5737,#5742);
#5737 = PLANE('',#5738);
#5738 = AXIS2_PLACEMENT_3D('',#5739,#5740,#5741);
#5739 = CARTESIAN_POINT('',(84.903505859375,-28.91700210571,32.9));
#5740 = DIRECTION('',(0.948060706832,-0.318089446792,0.));
#5741 = DIRECTION('',(-0.318089446792,-0.948060706832,0.));
#5742 = DEFINITIONAL_REPRESENTATION('',(#5743),#5746);
#5743 = B_SPLINE_CURVE_WITH_KNOTS('',1,(#5744,#5745),.UNSPECIFIED.,.F.,
  .F.,(2,2),(16.36868116101,18.302099594729),.PIECEWISE_BEZIER_KNOTS.);
#5744 = CARTESIAN_POINT('',(1.93341843372,-0.6));
#5745 = CARTESIAN_POINT('',(0.,-0.6));
#5746 = ( GEOMETRIC_REPRESENTATION_CONTEXT(2) 
PARAMETRIC_REPRESENTATION_CONTEXT() REPRESENTATION_CONTEXT('2D SPACE',''
  ) );
#5747 = ORIENTED_EDGE('',*,*,#5748,.F.);
#5748 = EDGE_CURVE('',#5749,#5721,#5751,.T.);
#5749 = VERTEX_POINT('',#5750);
#5750 = CARTESIAN_POINT('',(83.994501953125,-30.75000015258,33.5));
#5751 = SURFACE_CURVE('',#5752,(#5756,#5762),.PCURVE_S1.);
#5752 = LINE('',#5753,#5754);
#5753 = CARTESIAN_POINT('',(71.144252929687,-30.75000015258,33.5));
#5754 = VECTOR('',#5755,1.);
#5755 = DIRECTION('',(1.,0.,-0.));
#5756 = PCURVE('',#1455,#5757);
#5757 = DEFINITIONAL_REPRESENTATION('',(#5758),#5761);
#5758 = B_SPLINE_CURVE_WITH_KNOTS('',1,(#5759,#5760),.UNSPECIFIED.,.F.,
  .F.,(2,2),(12.850249023437,13.144252929687),.PIECEWISE_BEZIER_KNOTS.);
#5759 = CARTESIAN_POINT('',(25.994501953125,27.749999847412));
#5760 = CARTESIAN_POINT('',(26.288505859375,27.749999847412));
#5761 = ( GEOMETRIC_REPRESENTATION_CONTEXT(2) 
PARAMETRIC_REPRESENTATION_CONTEXT() REPRESENTATION_CONTEXT('2D SPACE',''
  ) );
#5762 = PCURVE('',#5763,#5768);
#5763 = PLANE('',#5764);
#5764 = AXIS2_PLACEMENT_3D('',#5765,#5766,#5767);
#5765 = CARTESIAN_POINT('',(84.288505859375,-30.75000015258,32.9));
#5766 = DIRECTION('',(0.,-1.,0.));
#5767 = DIRECTION('',(-1.,0.,0.));
#5768 = DEFINITIONAL_REPRESENTATION('',(#5769),#5772);
#5769 = B_SPLINE_CURVE_WITH_KNOTS('',1,(#5770,#5771),.UNSPECIFIED.,.F.,
  .F.,(2,2),(12.850249023437,13.144252929687),.PIECEWISE_BEZIER_KNOTS.);
#5770 = CARTESIAN_POINT('',(0.29400390625,-0.6));
#5771 = CARTESIAN_POINT('',(0.,-0.6));
#5772 = ( GEOMETRIC_REPRESENTATION_CONTEXT(2) 
PARAMETRIC_REPRESENTATION_CONTEXT() REPRESENTATION_CONTEXT('2D SPACE',''
  ) );
#5773 = ORIENTED_EDGE('',*,*,#5774,.F.);
#5774 = EDGE_CURVE('',#5775,#5749,#5777,.T.);
#5775 = VERTEX_POINT('',#5776);
#5776 = CARTESIAN_POINT('',(83.373505859375,-28.91700210571,33.5));
#5777 = SURFACE_CURVE('',#5778,(#5782,#5788),.PCURVE_S1.);
#5778 = LINE('',#5779,#5780);
#5779 = CARTESIAN_POINT('',(86.873006165049,-39.24649900577,33.5));
#5780 = VECTOR('',#5781,1.);
#5781 = DIRECTION('',(0.320872815313,-0.947122292206,0.));
#5782 = PCURVE('',#1455,#5783);
#5783 = DEFINITIONAL_REPRESENTATION('',(#5784),#5787);
#5784 = B_SPLINE_CURVE_WITH_KNOTS('',1,(#5785,#5786),.UNSPECIFIED.,.F.,
  .F.,(2,2),(-10.90619129658,-8.970857219922),.PIECEWISE_BEZIER_KNOTS.);
#5785 = CARTESIAN_POINT('',(25.373505859375,29.582997894287));
#5786 = CARTESIAN_POINT('',(25.994501953125,27.749999847412));
#5787 = ( GEOMETRIC_REPRESENTATION_CONTEXT(2) 
PARAMETRIC_REPRESENTATION_CONTEXT() REPRESENTATION_CONTEXT('2D SPACE',''
  ) );
#5788 = PCURVE('',#5789,#5794);
#5789 = PLANE('',#5790);
#5790 = AXIS2_PLACEMENT_3D('',#5791,#5792,#5793);
#5791 = CARTESIAN_POINT('',(83.994501953125,-30.75000015258,32.9));
#5792 = DIRECTION('',(-0.947122292206,-0.320872815313,0.));
#5793 = DIRECTION('',(-0.320872815313,0.947122292206,0.));
#5794 = DEFINITIONAL_REPRESENTATION('',(#5795),#5798);
#5795 = B_SPLINE_CURVE_WITH_KNOTS('',1,(#5796,#5797),.UNSPECIFIED.,.F.,
  .F.,(2,2),(-10.90619129658,-8.970857219922),.PIECEWISE_BEZIER_KNOTS.);
#5796 = CARTESIAN_POINT('',(1.935334076665,-0.6));
#5797 = CARTESIAN_POINT('',(0.,-0.6));
#5798 = ( GEOMETRIC_REPRESENTATION_CONTEXT(2) 
PARAMETRIC_REPRESENTATION_CONTEXT() REPRESENTATION_CONTEXT('2D SPACE',''
  ) );
#5799 = ORIENTED_EDGE('',*,*,#5800,.F.);
#5800 = EDGE_CURVE('',#5801,#5775,#5803,.T.);
#5801 = VERTEX_POINT('',#5802);
#5802 = CARTESIAN_POINT('',(83.373505859375,-30.75000015258,33.5));
#5803 = SURFACE_CURVE('',#5804,(#5808,#5814),.PCURVE_S1.);
#5804 = LINE('',#5805,#5806);
#5805 = CARTESIAN_POINT('',(83.373505859375,-43.70850105285,33.5));
#5806 = VECTOR('',#5807,1.);
#5807 = DIRECTION('',(0.,1.,0.));
#5808 = PCURVE('',#1455,#5809);
#5809 = DEFINITIONAL_REPRESENTATION('',(#5810),#5813);
#5810 = B_SPLINE_CURVE_WITH_KNOTS('',1,(#5811,#5812),.UNSPECIFIED.,.F.,
  .F.,(2,2),(12.958500900269,14.791498947144),.PIECEWISE_BEZIER_KNOTS.);
#5811 = CARTESIAN_POINT('',(25.373505859375,27.749999847412));
#5812 = CARTESIAN_POINT('',(25.373505859375,29.582997894287));
#5813 = ( GEOMETRIC_REPRESENTATION_CONTEXT(2) 
PARAMETRIC_REPRESENTATION_CONTEXT() REPRESENTATION_CONTEXT('2D SPACE',''
  ) );
#5814 = PCURVE('',#5815,#5820);
#5815 = PLANE('',#5816);
#5816 = AXIS2_PLACEMENT_3D('',#5817,#5818,#5819);
#5817 = CARTESIAN_POINT('',(83.373505859375,-28.91700210571,32.9));
#5818 = DIRECTION('',(1.,0.,0.));
#5819 = DIRECTION('',(0.,-1.,0.));
#5820 = DEFINITIONAL_REPRESENTATION('',(#5821),#5824);
#5821 = B_SPLINE_CURVE_WITH_KNOTS('',1,(#5822,#5823),.UNSPECIFIED.,.F.,
  .F.,(2,2),(12.958500900269,14.791498947144),.PIECEWISE_BEZIER_KNOTS.);
#5822 = CARTESIAN_POINT('',(1.832998046875,-0.6));
#5823 = CARTESIAN_POINT('',(0.,-0.6));
#5824 = ( GEOMETRIC_REPRESENTATION_CONTEXT(2) 
PARAMETRIC_REPRESENTATION_CONTEXT() REPRESENTATION_CONTEXT('2D SPACE',''
  ) );
#5825 = ORIENTED_EDGE('',*,*,#5826,.F.);
#5826 = EDGE_CURVE('',#5827,#5801,#5829,.T.);
#5827 = VERTEX_POINT('',#5828);
#5828 = CARTESIAN_POINT('',(83.109501953125,-30.75000015258,33.5));
#5829 = SURFACE_CURVE('',#5830,(#5834,#5840),.PCURVE_S1.);
#5830 = LINE('',#5831,#5832);
#5831 = CARTESIAN_POINT('',(70.686752929688,-30.75000015258,33.5));
#5832 = VECTOR('',#5833,1.);
#5833 = DIRECTION('',(1.,0.,-0.));
#5834 = PCURVE('',#1455,#5835);
#5835 = DEFINITIONAL_REPRESENTATION('',(#5836),#5839);
#5836 = B_SPLINE_CURVE_WITH_KNOTS('',1,(#5837,#5838),.UNSPECIFIED.,.F.,
  .F.,(2,2),(12.422749023438,12.686752929688),.PIECEWISE_BEZIER_KNOTS.);
#5837 = CARTESIAN_POINT('',(25.109501953125,27.749999847412));
#5838 = CARTESIAN_POINT('',(25.373505859375,27.749999847412));
#5839 = ( GEOMETRIC_REPRESENTATION_CONTEXT(2) 
PARAMETRIC_REPRESENTATION_CONTEXT() REPRESENTATION_CONTEXT('2D SPACE',''
  ) );
#5840 = PCURVE('',#5841,#5846);
#5841 = PLANE('',#5842);
#5842 = AXIS2_PLACEMENT_3D('',#5843,#5844,#5845);
#5843 = CARTESIAN_POINT('',(83.373505859375,-30.75000015258,32.9));
#5844 = DIRECTION('',(0.,-1.,0.));
#5845 = DIRECTION('',(-1.,0.,0.));
#5846 = DEFINITIONAL_REPRESENTATION('',(#5847),#5850);
#5847 = B_SPLINE_CURVE_WITH_KNOTS('',1,(#5848,#5849),.UNSPECIFIED.,.F.,
  .F.,(2,2),(12.422749023438,12.686752929688),.PIECEWISE_BEZIER_KNOTS.);
#5848 = CARTESIAN_POINT('',(0.26400390625,-0.6));
#5849 = CARTESIAN_POINT('',(0.,-0.6));
#5850 = ( GEOMETRIC_REPRESENTATION_CONTEXT(2) 
PARAMETRIC_REPRESENTATION_CONTEXT() REPRESENTATION_CONTEXT('2D SPACE',''
  ) );
#5851 = ORIENTED_EDGE('',*,*,#5852,.F.);
#5852 = EDGE_CURVE('',#5853,#5827,#5855,.T.);
#5853 = VERTEX_POINT('',#5854);
#5854 = CARTESIAN_POINT('',(83.109501953125,-28.56299819946,33.5));
#5855 = SURFACE_CURVE('',#5856,(#5860,#5866),.PCURVE_S1.);
#5856 = LINE('',#5857,#5858);
#5857 = CARTESIAN_POINT('',(83.109501953125,-44.62500007629,33.5));
#5858 = VECTOR('',#5859,1.);
#5859 = DIRECTION('',(0.,-1.,0.));
#5860 = PCURVE('',#1455,#5861);
#5861 = DEFINITIONAL_REPRESENTATION('',(#5862),#5865);
#5862 = B_SPLINE_CURVE_WITH_KNOTS('',1,(#5863,#5864),.UNSPECIFIED.,.F.,
  .F.,(2,2),(-16.06200187683,-13.8749999237),.PIECEWISE_BEZIER_KNOTS.);
#5863 = CARTESIAN_POINT('',(25.109501953125,29.937001800537));
#5864 = CARTESIAN_POINT('',(25.109501953125,27.749999847412));
#5865 = ( GEOMETRIC_REPRESENTATION_CONTEXT(2) 
PARAMETRIC_REPRESENTATION_CONTEXT() REPRESENTATION_CONTEXT('2D SPACE',''
  ) );
#5866 = PCURVE('',#5867,#5872);
#5867 = PLANE('',#5868);
#5868 = AXIS2_PLACEMENT_3D('',#5869,#5870,#5871);
#5869 = CARTESIAN_POINT('',(83.109501953125,-30.75000015258,32.9));
#5870 = DIRECTION('',(-1.,0.,0.));
#5871 = DIRECTION('',(0.,1.,0.));
#5872 = DEFINITIONAL_REPRESENTATION('',(#5873),#5876);
#5873 = B_SPLINE_CURVE_WITH_KNOTS('',1,(#5874,#5875),.UNSPECIFIED.,.F.,
  .F.,(2,2),(-16.06200187683,-13.8749999237),.PIECEWISE_BEZIER_KNOTS.);
#5874 = CARTESIAN_POINT('',(2.187001953125,-0.6));
#5875 = CARTESIAN_POINT('',(0.,-0.6));
#5876 = ( GEOMETRIC_REPRESENTATION_CONTEXT(2) 
PARAMETRIC_REPRESENTATION_CONTEXT() REPRESENTATION_CONTEXT('2D SPACE',''
  ) );
#5877 = ORIENTED_EDGE('',*,*,#5878,.F.);
#5878 = EDGE_CURVE('',#5879,#5853,#5881,.T.);
#5879 = VERTEX_POINT('',#5880);
#5880 = CARTESIAN_POINT('',(83.49650390625,-28.56299819946,33.5));
#5881 = SURFACE_CURVE('',#5882,(#5886,#5892),.PCURVE_S1.);
#5882 = LINE('',#5883,#5884);
#5883 = CARTESIAN_POINT('',(70.554750976563,-28.56299819946,33.5));
#5884 = VECTOR('',#5885,1.);
#5885 = DIRECTION('',(-1.,0.,0.));
#5886 = PCURVE('',#1455,#5887);
#5887 = DEFINITIONAL_REPRESENTATION('',(#5888),#5891);
#5888 = B_SPLINE_CURVE_WITH_KNOTS('',1,(#5889,#5890),.UNSPECIFIED.,.F.,
  .F.,(2,2),(-12.94175292968,-12.55475097656),.PIECEWISE_BEZIER_KNOTS.);
#5889 = CARTESIAN_POINT('',(25.49650390625,29.937001800537));
#5890 = CARTESIAN_POINT('',(25.109501953125,29.937001800537));
#5891 = ( GEOMETRIC_REPRESENTATION_CONTEXT(2) 
PARAMETRIC_REPRESENTATION_CONTEXT() REPRESENTATION_CONTEXT('2D SPACE',''
  ) );
#5892 = PCURVE('',#5893,#5898);
#5893 = PLANE('',#5894);
#5894 = AXIS2_PLACEMENT_3D('',#5895,#5896,#5897);
#5895 = CARTESIAN_POINT('',(83.109501953125,-28.56299819946,32.9));
#5896 = DIRECTION('',(0.,1.,0.));
#5897 = DIRECTION('',(1.,0.,0.));
#5898 = DEFINITIONAL_REPRESENTATION('',(#5899),#5902);
#5899 = B_SPLINE_CURVE_WITH_KNOTS('',1,(#5900,#5901),.UNSPECIFIED.,.F.,
  .F.,(2,2),(-12.94175292968,-12.55475097656),.PIECEWISE_BEZIER_KNOTS.);
#5900 = CARTESIAN_POINT('',(0.387001953125,-0.6));
#5901 = CARTESIAN_POINT('',(-1.42108547152E-14,-0.6));
#5902 = ( GEOMETRIC_REPRESENTATION_CONTEXT(2) 
PARAMETRIC_REPRESENTATION_CONTEXT() REPRESENTATION_CONTEXT('2D SPACE',''
  ) );
#5903 = ORIENTED_EDGE('',*,*,#5904,.F.);
#5904 = EDGE_CURVE('',#5905,#5879,#5907,.T.);
#5905 = VERTEX_POINT('',#5906);
#5906 = CARTESIAN_POINT('',(84.144501953125,-30.46799819946,33.5));
#5907 = SURFACE_CURVE('',#5908,(#5912,#5918),.PCURVE_S1.);
#5908 = LINE('',#5909,#5910);
#5909 = CARTESIAN_POINT('',(86.7380176606,-38.09247707955,33.5));
#5910 = VECTOR('',#5911,1.);
#5911 = DIRECTION('',(-0.322035501959,0.946727593069,0.));
#5912 = PCURVE('',#1455,#5913);
#5913 = DEFINITIONAL_REPRESENTATION('',(#5914),#5917);
#5914 = B_SPLINE_CURVE_WITH_KNOTS('',1,(#5915,#5916),.UNSPECIFIED.,.F.,
  .F.,(2,2),(8.053508671251,10.065703112341),.PIECEWISE_BEZIER_KNOTS.);
#5915 = CARTESIAN_POINT('',(26.144501953125,28.032001800537));
#5916 = CARTESIAN_POINT('',(25.49650390625,29.937001800537));
#5917 = ( GEOMETRIC_REPRESENTATION_CONTEXT(2) 
PARAMETRIC_REPRESENTATION_CONTEXT() REPRESENTATION_CONTEXT('2D SPACE',''
  ) );
#5918 = PCURVE('',#5919,#5924);
#5919 = PLANE('',#5920);
#5920 = AXIS2_PLACEMENT_3D('',#5921,#5922,#5923);
#5921 = CARTESIAN_POINT('',(83.49650390625,-28.56299819946,32.9));
#5922 = DIRECTION('',(0.946727593069,0.322035501959,0.));
#5923 = DIRECTION('',(0.322035501959,-0.946727593069,0.));
#5924 = DEFINITIONAL_REPRESENTATION('',(#5925),#5928);
#5925 = B_SPLINE_CURVE_WITH_KNOTS('',1,(#5926,#5927),.UNSPECIFIED.,.F.,
  .F.,(2,2),(8.053508671251,10.065703112341),.PIECEWISE_BEZIER_KNOTS.);
#5926 = CARTESIAN_POINT('',(2.01219444109,-0.6));
#5927 = CARTESIAN_POINT('',(0.,-0.6));
#5928 = ( GEOMETRIC_REPRESENTATION_CONTEXT(2) 
PARAMETRIC_REPRESENTATION_CONTEXT() REPRESENTATION_CONTEXT('2D SPACE',''
  ) );
#5929 = ORIENTED_EDGE('',*,*,#5930,.F.);
#5930 = EDGE_CURVE('',#5931,#5905,#5933,.T.);
#5931 = VERTEX_POINT('',#5932);
#5932 = CARTESIAN_POINT('',(84.780498046875,-28.56299819946,33.5));
#5933 = SURFACE_CURVE('',#5934,(#5938,#5944),.PCURVE_S1.);
#5934 = LINE('',#5935,#5936);
#5935 = CARTESIAN_POINT('',(78.623509801899,-47.00503380619,33.5));
#5936 = VECTOR('',#5937,1.);
#5937 = DIRECTION('',(-0.316674107006,-0.948534401038,0.));
#5938 = PCURVE('',#1455,#5939);
#5939 = DEFINITIONAL_REPRESENTATION('',(#5940),#5943);
#5940 = B_SPLINE_CURVE_WITH_KNOTS('',1,(#5941,#5942),.UNSPECIFIED.,.F.,
  .F.,(2,2),(-19.44266395247,-17.43430242344),.PIECEWISE_BEZIER_KNOTS.);
#5941 = CARTESIAN_POINT('',(26.780498046875,29.937001800537));
#5942 = CARTESIAN_POINT('',(26.144501953125,28.032001800537));
#5943 = ( GEOMETRIC_REPRESENTATION_CONTEXT(2) 
PARAMETRIC_REPRESENTATION_CONTEXT() REPRESENTATION_CONTEXT('2D SPACE',''
  ) );
#5944 = PCURVE('',#5945,#5950);
#5945 = PLANE('',#5946);
#5946 = AXIS2_PLACEMENT_3D('',#5947,#5948,#5949);
#5947 = CARTESIAN_POINT('',(84.144501953125,-30.46799819946,32.9));
#5948 = DIRECTION('',(-0.948534401038,0.316674107006,0.));
#5949 = DIRECTION('',(0.316674107006,0.948534401038,0.));
#5950 = DEFINITIONAL_REPRESENTATION('',(#5951),#5954);
#5951 = B_SPLINE_CURVE_WITH_KNOTS('',1,(#5952,#5953),.UNSPECIFIED.,.F.,
  .F.,(2,2),(-19.44266395247,-17.43430242344),.PIECEWISE_BEZIER_KNOTS.);
#5952 = CARTESIAN_POINT('',(2.008361529024,-0.6));
#5953 = CARTESIAN_POINT('',(0.,-0.6));
#5954 = ( GEOMETRIC_REPRESENTATION_CONTEXT(2) 
PARAMETRIC_REPRESENTATION_CONTEXT() REPRESENTATION_CONTEXT('2D SPACE',''
  ) );
#5955 = ORIENTED_EDGE('',*,*,#5956,.F.);
#5956 = EDGE_CURVE('',#5957,#5931,#5959,.T.);
#5957 = VERTEX_POINT('',#5958);
#5958 = CARTESIAN_POINT('',(85.1675,-28.56299819946,33.5));
#5959 = SURFACE_CURVE('',#5960,(#5964,#5970),.PCURVE_S1.);
#5960 = LINE('',#5961,#5962);
#5961 = CARTESIAN_POINT('',(71.390249023437,-28.56299819946,33.5));
#5962 = VECTOR('',#5963,1.);
#5963 = DIRECTION('',(-1.,0.,0.));
#5964 = PCURVE('',#1455,#5965);
#5965 = DEFINITIONAL_REPRESENTATION('',(#5966),#5969);
#5966 = B_SPLINE_CURVE_WITH_KNOTS('',1,(#5967,#5968),.UNSPECIFIED.,.F.,
  .F.,(2,2),(-13.77725097656,-13.39024902343),.PIECEWISE_BEZIER_KNOTS.);
#5967 = CARTESIAN_POINT('',(27.1675,29.937001800537));
#5968 = CARTESIAN_POINT('',(26.780498046875,29.937001800537));
#5969 = ( GEOMETRIC_REPRESENTATION_CONTEXT(2) 
PARAMETRIC_REPRESENTATION_CONTEXT() REPRESENTATION_CONTEXT('2D SPACE',''
  ) );
#5970 = PCURVE('',#5971,#5976);
#5971 = PLANE('',#5972);
#5972 = AXIS2_PLACEMENT_3D('',#5973,#5974,#5975);
#5973 = CARTESIAN_POINT('',(84.780498046875,-28.56299819946,32.9));
#5974 = DIRECTION('',(0.,1.,0.));
#5975 = DIRECTION('',(1.,0.,0.));
#5976 = DEFINITIONAL_REPRESENTATION('',(#5977),#5980);
#5977 = B_SPLINE_CURVE_WITH_KNOTS('',1,(#5978,#5979),.UNSPECIFIED.,.F.,
  .F.,(2,2),(-13.77725097656,-13.39024902343),.PIECEWISE_BEZIER_KNOTS.);
#5978 = CARTESIAN_POINT('',(0.387001953125,-0.6));
#5979 = CARTESIAN_POINT('',(0.,-0.6));
#5980 = ( GEOMETRIC_REPRESENTATION_CONTEXT(2) 
PARAMETRIC_REPRESENTATION_CONTEXT() REPRESENTATION_CONTEXT('2D SPACE',''
  ) );
#5981 = ORIENTED_EDGE('',*,*,#5982,.F.);
#5982 = EDGE_CURVE('',#5983,#5957,#5985,.T.);
#5983 = VERTEX_POINT('',#5984);
#5984 = CARTESIAN_POINT('',(85.1675,-30.75000015258,33.5));
#5985 = SURFACE_CURVE('',#5986,(#5990,#5996),.PCURVE_S1.);
#5986 = LINE('',#5987,#5988);
#5987 = CARTESIAN_POINT('',(85.1675,-43.53149909973,33.5));
#5988 = VECTOR('',#5989,1.);
#5989 = DIRECTION('',(0.,1.,0.));
#5990 = PCURVE('',#1455,#5991);
#5991 = DEFINITIONAL_REPRESENTATION('',(#5992),#5995);
#5992 = B_SPLINE_CURVE_WITH_KNOTS('',1,(#5993,#5994),.UNSPECIFIED.,.F.,
  .F.,(2,2),(12.781498947144,14.968500900269),.PIECEWISE_BEZIER_KNOTS.);
#5993 = CARTESIAN_POINT('',(27.1675,27.749999847412));
#5994 = CARTESIAN_POINT('',(27.1675,29.937001800537));
#5995 = ( GEOMETRIC_REPRESENTATION_CONTEXT(2) 
PARAMETRIC_REPRESENTATION_CONTEXT() REPRESENTATION_CONTEXT('2D SPACE',''
  ) );
#5996 = PCURVE('',#5997,#6002);
#5997 = PLANE('',#5998);
#5998 = AXIS2_PLACEMENT_3D('',#5999,#6000,#6001);
#5999 = CARTESIAN_POINT('',(85.1675,-28.56299819946,32.9));
#6000 = DIRECTION('',(1.,0.,0.));
#6001 = DIRECTION('',(0.,-1.,0.));
#6002 = DEFINITIONAL_REPRESENTATION('',(#6003),#6006);
#6003 = B_SPLINE_CURVE_WITH_KNOTS('',1,(#6004,#6005),.UNSPECIFIED.,.F.,
  .F.,(2,2),(12.781498947144,14.968500900269),.PIECEWISE_BEZIER_KNOTS.);
#6004 = CARTESIAN_POINT('',(2.187001953125,-0.6));
#6005 = CARTESIAN_POINT('',(0.,-0.6));
#6006 = ( GEOMETRIC_REPRESENTATION_CONTEXT(2) 
PARAMETRIC_REPRESENTATION_CONTEXT() REPRESENTATION_CONTEXT('2D SPACE',''
  ) );
#6007 = ORIENTED_EDGE('',*,*,#6008,.F.);
#6008 = EDGE_CURVE('',#6009,#5983,#6011,.T.);
#6009 = VERTEX_POINT('',#6010);
#6010 = CARTESIAN_POINT('',(84.903505859375,-30.75000015258,33.5));
#6011 = SURFACE_CURVE('',#6012,(#6016,#6022),.PCURVE_S1.);
#6012 = LINE('',#6013,#6014);
#6013 = CARTESIAN_POINT('',(71.58375,-30.75000015258,33.5));
#6014 = VECTOR('',#6015,1.);
#6015 = DIRECTION('',(1.,0.,-0.));
#6016 = PCURVE('',#1455,#6017);
#6017 = DEFINITIONAL_REPRESENTATION('',(#6018),#6021);
#6018 = B_SPLINE_CURVE_WITH_KNOTS('',1,(#6019,#6020),.UNSPECIFIED.,.F.,
  .F.,(2,2),(13.319755859375,13.58375),.PIECEWISE_BEZIER_KNOTS.);
#6019 = CARTESIAN_POINT('',(26.903505859375,27.749999847412));
#6020 = CARTESIAN_POINT('',(27.1675,27.749999847412));
#6021 = ( GEOMETRIC_REPRESENTATION_CONTEXT(2) 
PARAMETRIC_REPRESENTATION_CONTEXT() REPRESENTATION_CONTEXT('2D SPACE',''
  ) );
#6022 = PCURVE('',#6023,#6028);
#6023 = PLANE('',#6024);
#6024 = AXIS2_PLACEMENT_3D('',#6025,#6026,#6027);
#6025 = CARTESIAN_POINT('',(85.1675,-30.75000015258,32.9));
#6026 = DIRECTION('',(0.,-1.,0.));
#6027 = DIRECTION('',(-1.,0.,0.));
#6028 = DEFINITIONAL_REPRESENTATION('',(#6029),#6032);
#6029 = B_SPLINE_CURVE_WITH_KNOTS('',1,(#6030,#6031),.UNSPECIFIED.,.F.,
  .F.,(2,2),(13.319755859375,13.58375),.PIECEWISE_BEZIER_KNOTS.);
#6030 = CARTESIAN_POINT('',(0.263994140625,-0.6));
#6031 = CARTESIAN_POINT('',(0.,-0.6));
#6032 = ( GEOMETRIC_REPRESENTATION_CONTEXT(2) 
PARAMETRIC_REPRESENTATION_CONTEXT() REPRESENTATION_CONTEXT('2D SPACE',''
  ) );
#6033 = ORIENTED_EDGE('',*,*,#6034,.F.);
#6034 = EDGE_CURVE('',#5723,#6009,#6035,.T.);
#6035 = SURFACE_CURVE('',#6036,(#6040,#6046),.PCURVE_S1.);
#6036 = LINE('',#6037,#6038);
#6037 = CARTESIAN_POINT('',(84.903505859375,-44.62500007629,33.5));
#6038 = VECTOR('',#6039,1.);
#6039 = DIRECTION('',(0.,-1.,0.));
#6040 = PCURVE('',#1455,#6041);
#6041 = DEFINITIONAL_REPRESENTATION('',(#6042),#6045);
#6042 = B_SPLINE_CURVE_WITH_KNOTS('',1,(#6043,#6044),.UNSPECIFIED.,.F.,
  .F.,(2,2),(-15.70799797058,-13.8749999237),.PIECEWISE_BEZIER_KNOTS.);
#6043 = CARTESIAN_POINT('',(26.903505859375,29.582997894287));
#6044 = CARTESIAN_POINT('',(26.903505859375,27.749999847412));
#6045 = ( GEOMETRIC_REPRESENTATION_CONTEXT(2) 
PARAMETRIC_REPRESENTATION_CONTEXT() REPRESENTATION_CONTEXT('2D SPACE',''
  ) );
#6046 = PCURVE('',#6047,#6052);
#6047 = PLANE('',#6048);
#6048 = AXIS2_PLACEMENT_3D('',#6049,#6050,#6051);
#6049 = CARTESIAN_POINT('',(84.903505859375,-30.75000015258,32.9));
#6050 = DIRECTION('',(-1.,0.,0.));
#6051 = DIRECTION('',(0.,1.,0.));
#6052 = DEFINITIONAL_REPRESENTATION('',(#6053),#6056);
#6053 = B_SPLINE_CURVE_WITH_KNOTS('',1,(#6054,#6055),.UNSPECIFIED.,.F.,
  .F.,(2,2),(-15.70799797058,-13.8749999237),.PIECEWISE_BEZIER_KNOTS.);
#6054 = CARTESIAN_POINT('',(1.832998046875,-0.6));
#6055 = CARTESIAN_POINT('',(0.,-0.6));
#6056 = ( GEOMETRIC_REPRESENTATION_CONTEXT(2) 
PARAMETRIC_REPRESENTATION_CONTEXT() REPRESENTATION_CONTEXT('2D SPACE',''
  ) );
#6057 = FACE_BOUND('',#6058,.T.);
#6058 = EDGE_LOOP('',(#6059,#6087,#6113,#6139,#6165,#6191,#6217,#6243));
#6059 = ORIENTED_EDGE('',*,*,#6060,.F.);
#6060 = EDGE_CURVE('',#6061,#6063,#6065,.T.);
#6061 = VERTEX_POINT('',#6062);
#6062 = CARTESIAN_POINT('',(86.76349609375,-30.09299819946,33.5));
#6063 = VERTEX_POINT('',#6064);
#6064 = CARTESIAN_POINT('',(86.98849609375,-30.75000015258,33.5));
#6065 = SURFACE_CURVE('',#6066,(#6070,#6076),.PCURVE_S1.);
#6066 = LINE('',#6067,#6068);
#6067 = CARTESIAN_POINT('',(89.719930182631,-38.72581140248,33.5));
#6068 = VECTOR('',#6069,1.);
#6069 = DIRECTION('',(0.323992112815,-0.94605978185,0.));
#6070 = PCURVE('',#1455,#6071);
#6071 = DEFINITIONAL_REPRESENTATION('',(#6072),#6075);
#6072 = B_SPLINE_CURVE_WITH_KNOTS('',1,(#6073,#6074),.UNSPECIFIED.,.F.,
  .F.,(2,2),(-9.125018702456,-8.430557352625),.PIECEWISE_BEZIER_KNOTS.);
#6073 = CARTESIAN_POINT('',(28.76349609375,28.407001800537));
#6074 = CARTESIAN_POINT('',(28.98849609375,27.749999847412));
#6075 = ( GEOMETRIC_REPRESENTATION_CONTEXT(2) 
PARAMETRIC_REPRESENTATION_CONTEXT() REPRESENTATION_CONTEXT('2D SPACE',''
  ) );
#6076 = PCURVE('',#6077,#6082);
#6077 = PLANE('',#6078);
#6078 = AXIS2_PLACEMENT_3D('',#6079,#6080,#6081);
#6079 = CARTESIAN_POINT('',(86.98849609375,-30.75000015258,32.9));
#6080 = DIRECTION('',(-0.94605978185,-0.323992112815,0.));
#6081 = DIRECTION('',(-0.323992112815,0.94605978185,0.));
#6082 = DEFINITIONAL_REPRESENTATION('',(#6083),#6086);
#6083 = B_SPLINE_CURVE_WITH_KNOTS('',1,(#6084,#6085),.UNSPECIFIED.,.F.,
  .F.,(2,2),(-9.125018702456,-8.430557352625),.PIECEWISE_BEZIER_KNOTS.);
#6084 = CARTESIAN_POINT('',(0.694461349832,-0.6));
#6085 = CARTESIAN_POINT('',(0.,-0.6));
#6086 = ( GEOMETRIC_REPRESENTATION_CONTEXT(2) 
PARAMETRIC_REPRESENTATION_CONTEXT() REPRESENTATION_CONTEXT('2D SPACE',''
  ) );
#6087 = ORIENTED_EDGE('',*,*,#6088,.F.);
#6088 = EDGE_CURVE('',#6089,#6061,#6091,.T.);
#6089 = VERTEX_POINT('',#6090);
#6090 = CARTESIAN_POINT('',(85.920498046875,-30.09299819946,33.5));
#6091 = SURFACE_CURVE('',#6092,(#6096,#6102),.PCURVE_S1.);
#6092 = LINE('',#6093,#6094);
#6093 = CARTESIAN_POINT('',(72.381748046875,-30.09299819946,33.5));
#6094 = VECTOR('',#6095,1.);
#6095 = DIRECTION('',(1.,0.,-0.));
#6096 = PCURVE('',#1455,#6097);
#6097 = DEFINITIONAL_REPRESENTATION('',(#6098),#6101);
#6098 = B_SPLINE_CURVE_WITH_KNOTS('',1,(#6099,#6100),.UNSPECIFIED.,.F.,
  .F.,(2,2),(13.53875,14.381748046875),.PIECEWISE_BEZIER_KNOTS.);
#6099 = CARTESIAN_POINT('',(27.920498046875,28.407001800537));
#6100 = CARTESIAN_POINT('',(28.76349609375,28.407001800537));
#6101 = ( GEOMETRIC_REPRESENTATION_CONTEXT(2) 
PARAMETRIC_REPRESENTATION_CONTEXT() REPRESENTATION_CONTEXT('2D SPACE',''
  ) );
#6102 = PCURVE('',#6103,#6108);
#6103 = PLANE('',#6104);
#6104 = AXIS2_PLACEMENT_3D('',#6105,#6106,#6107);
#6105 = CARTESIAN_POINT('',(86.76349609375,-30.09299819946,32.9));
#6106 = DIRECTION('',(0.,-1.,0.));
#6107 = DIRECTION('',(-1.,0.,0.));
#6108 = DEFINITIONAL_REPRESENTATION('',(#6109),#6112);
#6109 = B_SPLINE_CURVE_WITH_KNOTS('',1,(#6110,#6111),.UNSPECIFIED.,.F.,
  .F.,(2,2),(13.53875,14.381748046875),.PIECEWISE_BEZIER_KNOTS.);
#6110 = CARTESIAN_POINT('',(0.842998046875,-0.6));
#6111 = CARTESIAN_POINT('',(0.,-0.6));
#6112 = ( GEOMETRIC_REPRESENTATION_CONTEXT(2) 
PARAMETRIC_REPRESENTATION_CONTEXT() REPRESENTATION_CONTEXT('2D SPACE',''
  ) );
#6113 = ORIENTED_EDGE('',*,*,#6114,.F.);
#6114 = EDGE_CURVE('',#6115,#6089,#6117,.T.);
#6115 = VERTEX_POINT('',#6116);
#6116 = CARTESIAN_POINT('',(85.689501953125,-30.75000015258,33.5));
#6117 = SURFACE_CURVE('',#6118,(#6122,#6128),.PCURVE_S1.);
#6118 = LINE('',#6119,#6120);
#6119 = CARTESIAN_POINT('',(79.940217689049,-47.10218572096,33.5));
#6120 = VECTOR('',#6121,1.);
#6121 = DIRECTION('',(0.331687380323,0.943389358502,-0.));
#6122 = PCURVE('',#1455,#6123);
#6123 = DEFINITIONAL_REPRESENTATION('',(#6124),#6127);
#6124 = B_SPLINE_CURVE_WITH_KNOTS('',1,(#6125,#6126),.UNSPECIFIED.,.F.,
  .F.,(2,2),(17.333442889733,18.029870030026),.PIECEWISE_BEZIER_KNOTS.);
#6125 = CARTESIAN_POINT('',(27.689501953125,27.749999847412));
#6126 = CARTESIAN_POINT('',(27.920498046875,28.407001800537));
#6127 = ( GEOMETRIC_REPRESENTATION_CONTEXT(2) 
PARAMETRIC_REPRESENTATION_CONTEXT() REPRESENTATION_CONTEXT('2D SPACE',''
  ) );
#6128 = PCURVE('',#6129,#6134);
#6129 = PLANE('',#6130);
#6130 = AXIS2_PLACEMENT_3D('',#6131,#6132,#6133);
#6131 = CARTESIAN_POINT('',(85.920498046875,-30.09299819946,32.9));
#6132 = DIRECTION('',(0.943389358502,-0.331687380323,0.));
#6133 = DIRECTION('',(-0.331687380323,-0.943389358502,0.));
#6134 = DEFINITIONAL_REPRESENTATION('',(#6135),#6138);
#6135 = B_SPLINE_CURVE_WITH_KNOTS('',1,(#6136,#6137),.UNSPECIFIED.,.F.,
  .F.,(2,2),(17.333442889733,18.029870030026),.PIECEWISE_BEZIER_KNOTS.);
#6136 = CARTESIAN_POINT('',(0.696427140294,-0.6));
#6137 = CARTESIAN_POINT('',(0.,-0.6));
#6138 = ( GEOMETRIC_REPRESENTATION_CONTEXT(2) 
PARAMETRIC_REPRESENTATION_CONTEXT() REPRESENTATION_CONTEXT('2D SPACE',''
  ) );
#6139 = ORIENTED_EDGE('',*,*,#6140,.F.);
#6140 = EDGE_CURVE('',#6141,#6115,#6143,.T.);
#6141 = VERTEX_POINT('',#6142);
#6142 = CARTESIAN_POINT('',(85.3925,-30.75000015258,33.5));
#6143 = SURFACE_CURVE('',#6144,(#6148,#6154),.PCURVE_S1.);
#6144 = LINE('',#6145,#6146);
#6145 = CARTESIAN_POINT('',(71.844750976562,-30.75000015258,33.5));
#6146 = VECTOR('',#6147,1.);
#6147 = DIRECTION('',(1.,0.,-0.));
#6148 = PCURVE('',#1455,#6149);
#6149 = DEFINITIONAL_REPRESENTATION('',(#6150),#6153);
#6150 = B_SPLINE_CURVE_WITH_KNOTS('',1,(#6151,#6152),.UNSPECIFIED.,.F.,
  .F.,(2,2),(13.547749023438,13.844750976563),.PIECEWISE_BEZIER_KNOTS.);
#6151 = CARTESIAN_POINT('',(27.3925,27.749999847412));
#6152 = CARTESIAN_POINT('',(27.689501953125,27.749999847412));
#6153 = ( GEOMETRIC_REPRESENTATION_CONTEXT(2) 
PARAMETRIC_REPRESENTATION_CONTEXT() REPRESENTATION_CONTEXT('2D SPACE',''
  ) );
#6154 = PCURVE('',#6155,#6160);
#6155 = PLANE('',#6156);
#6156 = AXIS2_PLACEMENT_3D('',#6157,#6158,#6159);
#6157 = CARTESIAN_POINT('',(85.689501953125,-30.75000015258,32.9));
#6158 = DIRECTION('',(0.,-1.,0.));
#6159 = DIRECTION('',(-1.,0.,0.));
#6160 = DEFINITIONAL_REPRESENTATION('',(#6161),#6164);
#6161 = B_SPLINE_CURVE_WITH_KNOTS('',1,(#6162,#6163),.UNSPECIFIED.,.F.,
  .F.,(2,2),(13.547749023438,13.844750976563),.PIECEWISE_BEZIER_KNOTS.);
#6162 = CARTESIAN_POINT('',(0.297001953125,-0.6));
#6163 = CARTESIAN_POINT('',(0.,-0.6));
#6164 = ( GEOMETRIC_REPRESENTATION_CONTEXT(2) 
PARAMETRIC_REPRESENTATION_CONTEXT() REPRESENTATION_CONTEXT('2D SPACE',''
  ) );
#6165 = ORIENTED_EDGE('',*,*,#6166,.F.);
#6166 = EDGE_CURVE('',#6167,#6141,#6169,.T.);
#6167 = VERTEX_POINT('',#6168);
#6168 = CARTESIAN_POINT('',(86.1725,-28.56299819946,33.5));
#6169 = SURFACE_CURVE('',#6170,(#6174,#6180),.PCURVE_S1.);
#6170 = LINE('',#6171,#6172);
#6171 = CARTESIAN_POINT('',(79.456794931587,-47.39281884206,33.5));
#6172 = VECTOR('',#6173,1.);
#6173 = DIRECTION('',(-0.335926859643,-0.941888074545,0.));
#6174 = PCURVE('',#1455,#6175);
#6175 = DEFINITIONAL_REPRESENTATION('',(#6176),#6179);
#6176 = B_SPLINE_CURVE_WITH_KNOTS('',1,(#6177,#6178),.UNSPECIFIED.,.F.,
  .F.,(2,2),(-19.99156922301,-17.66963521383),.PIECEWISE_BEZIER_KNOTS.);
#6177 = CARTESIAN_POINT('',(28.1725,29.937001800537));
#6178 = CARTESIAN_POINT('',(27.3925,27.749999847412));
#6179 = ( GEOMETRIC_REPRESENTATION_CONTEXT(2) 
PARAMETRIC_REPRESENTATION_CONTEXT() REPRESENTATION_CONTEXT('2D SPACE',''
  ) );
#6180 = PCURVE('',#6181,#6186);
#6181 = PLANE('',#6182);
#6182 = AXIS2_PLACEMENT_3D('',#6183,#6184,#6185);
#6183 = CARTESIAN_POINT('',(85.3925,-30.75000015258,32.9));
#6184 = DIRECTION('',(-0.941888074545,0.335926859643,0.));
#6185 = DIRECTION('',(0.335926859643,0.941888074545,0.));
#6186 = DEFINITIONAL_REPRESENTATION('',(#6187),#6190);
#6187 = B_SPLINE_CURVE_WITH_KNOTS('',1,(#6188,#6189),.UNSPECIFIED.,.F.,
  .F.,(2,2),(-19.99156922301,-17.66963521383),.PIECEWISE_BEZIER_KNOTS.);
#6188 = CARTESIAN_POINT('',(2.321934009177,-0.6));
#6189 = CARTESIAN_POINT('',(0.,-0.6));
#6190 = ( GEOMETRIC_REPRESENTATION_CONTEXT(2) 
PARAMETRIC_REPRESENTATION_CONTEXT() REPRESENTATION_CONTEXT('2D SPACE',''
  ) );
#6191 = ORIENTED_EDGE('',*,*,#6192,.F.);
#6192 = EDGE_CURVE('',#6193,#6167,#6195,.T.);
#6193 = VERTEX_POINT('',#6194);
#6194 = CARTESIAN_POINT('',(86.5325,-28.56299819946,33.5));
#6195 = SURFACE_CURVE('',#6196,(#6200,#6206),.PCURVE_S1.);
#6196 = LINE('',#6197,#6198);
#6197 = CARTESIAN_POINT('',(72.08625,-28.56299819946,33.5));
#6198 = VECTOR('',#6199,1.);
#6199 = DIRECTION('',(-1.,0.,0.));
#6200 = PCURVE('',#1455,#6201);
#6201 = DEFINITIONAL_REPRESENTATION('',(#6202),#6205);
#6202 = B_SPLINE_CURVE_WITH_KNOTS('',1,(#6203,#6204),.UNSPECIFIED.,.F.,
  .F.,(2,2),(-14.44625,-14.08625),.PIECEWISE_BEZIER_KNOTS.);
#6203 = CARTESIAN_POINT('',(28.5325,29.937001800537));
#6204 = CARTESIAN_POINT('',(28.1725,29.937001800537));
#6205 = ( GEOMETRIC_REPRESENTATION_CONTEXT(2) 
PARAMETRIC_REPRESENTATION_CONTEXT() REPRESENTATION_CONTEXT('2D SPACE',''
  ) );
#6206 = PCURVE('',#6207,#6212);
#6207 = PLANE('',#6208);
#6208 = AXIS2_PLACEMENT_3D('',#6209,#6210,#6211);
#6209 = CARTESIAN_POINT('',(86.1725,-28.56299819946,32.9));
#6210 = DIRECTION('',(0.,1.,0.));
#6211 = DIRECTION('',(1.,0.,0.));
#6212 = DEFINITIONAL_REPRESENTATION('',(#6213),#6216);
#6213 = B_SPLINE_CURVE_WITH_KNOTS('',1,(#6214,#6215),.UNSPECIFIED.,.F.,
  .F.,(2,2),(-14.44625,-14.08625),.PIECEWISE_BEZIER_KNOTS.);
#6214 = CARTESIAN_POINT('',(0.36,-0.6));
#6215 = CARTESIAN_POINT('',(0.,-0.6));
#6216 = ( GEOMETRIC_REPRESENTATION_CONTEXT(2) 
PARAMETRIC_REPRESENTATION_CONTEXT() REPRESENTATION_CONTEXT('2D SPACE',''
  ) );
#6217 = ORIENTED_EDGE('',*,*,#6218,.F.);
#6218 = EDGE_CURVE('',#6219,#6193,#6221,.T.);
#6219 = VERTEX_POINT('',#6220);
#6220 = CARTESIAN_POINT('',(87.300498046875,-30.75000015258,33.5));
#6221 = SURFACE_CURVE('',#6222,(#6226,#6232),.PCURVE_S1.);
#6222 = LINE('',#6223,#6224);
#6223 = CARTESIAN_POINT('',(89.645730125415,-37.42843788712,33.5));
#6224 = VECTOR('',#6225,1.);
#6225 = DIRECTION('',(-0.331329295619,0.943515181576,0.));
#6226 = PCURVE('',#1455,#6227);
#6227 = DEFINITIONAL_REPRESENTATION('',(#6228),#6231);
#6228 = B_SPLINE_CURVE_WITH_KNOTS('',1,(#6229,#6230),.UNSPECIFIED.,.F.,
  .F.,(2,2),(7.078251484388,9.396181281206),.PIECEWISE_BEZIER_KNOTS.);
#6229 = CARTESIAN_POINT('',(29.300498046875,27.749999847412));
#6230 = CARTESIAN_POINT('',(28.5325,29.937001800537));
#6231 = ( GEOMETRIC_REPRESENTATION_CONTEXT(2) 
PARAMETRIC_REPRESENTATION_CONTEXT() REPRESENTATION_CONTEXT('2D SPACE',''
  ) );
#6232 = PCURVE('',#6233,#6238);
#6233 = PLANE('',#6234);
#6234 = AXIS2_PLACEMENT_3D('',#6235,#6236,#6237);
#6235 = CARTESIAN_POINT('',(86.5325,-28.56299819946,32.9));
#6236 = DIRECTION('',(0.943515181576,0.331329295619,0.));
#6237 = DIRECTION('',(0.331329295619,-0.943515181576,0.));
#6238 = DEFINITIONAL_REPRESENTATION('',(#6239),#6242);
#6239 = B_SPLINE_CURVE_WITH_KNOTS('',1,(#6240,#6241),.UNSPECIFIED.,.F.,
  .F.,(2,2),(7.078251484388,9.396181281206),.PIECEWISE_BEZIER_KNOTS.);
#6240 = CARTESIAN_POINT('',(2.317929796818,-0.6));
#6241 = CARTESIAN_POINT('',(0.,-0.6));
#6242 = ( GEOMETRIC_REPRESENTATION_CONTEXT(2) 
PARAMETRIC_REPRESENTATION_CONTEXT() REPRESENTATION_CONTEXT('2D SPACE',''
  ) );
#6243 = ORIENTED_EDGE('',*,*,#6244,.F.);
#6244 = EDGE_CURVE('',#6063,#6219,#6245,.T.);
#6245 = SURFACE_CURVE('',#6246,(#6250,#6256),.PCURVE_S1.);
#6246 = LINE('',#6247,#6248);
#6247 = CARTESIAN_POINT('',(72.650249023438,-30.75000015258,33.5));
#6248 = VECTOR('',#6249,1.);
#6249 = DIRECTION('',(1.,0.,-0.));
#6250 = PCURVE('',#1455,#6251);
#6251 = DEFINITIONAL_REPRESENTATION('',(#6252),#6255);
#6252 = B_SPLINE_CURVE_WITH_KNOTS('',1,(#6253,#6254),.UNSPECIFIED.,.F.,
  .F.,(2,2),(14.338247070312,14.650249023437),.PIECEWISE_BEZIER_KNOTS.);
#6253 = CARTESIAN_POINT('',(28.98849609375,27.749999847412));
#6254 = CARTESIAN_POINT('',(29.300498046875,27.749999847412));
#6255 = ( GEOMETRIC_REPRESENTATION_CONTEXT(2) 
PARAMETRIC_REPRESENTATION_CONTEXT() REPRESENTATION_CONTEXT('2D SPACE',''
  ) );
#6256 = PCURVE('',#6257,#6262);
#6257 = PLANE('',#6258);
#6258 = AXIS2_PLACEMENT_3D('',#6259,#6260,#6261);
#6259 = CARTESIAN_POINT('',(87.300498046875,-30.75000015258,32.9));
#6260 = DIRECTION('',(0.,-1.,0.));
#6261 = DIRECTION('',(-1.,0.,0.));
#6262 = DEFINITIONAL_REPRESENTATION('',(#6263),#6266);
#6263 = B_SPLINE_CURVE_WITH_KNOTS('',1,(#6264,#6265),.UNSPECIFIED.,.F.,
  .F.,(2,2),(14.338247070312,14.650249023437),.PIECEWISE_BEZIER_KNOTS.);
#6264 = CARTESIAN_POINT('',(0.312001953125,-0.6));
#6265 = CARTESIAN_POINT('',(0.,-0.6));
#6266 = ( GEOMETRIC_REPRESENTATION_CONTEXT(2) 
PARAMETRIC_REPRESENTATION_CONTEXT() REPRESENTATION_CONTEXT('2D SPACE',''
  ) );
#6267 = FACE_BOUND('',#6268,.T.);
#6268 = EDGE_LOOP('',(#6269,#6297,#6323,#6349));
#6269 = ORIENTED_EDGE('',*,*,#6270,.F.);
#6270 = EDGE_CURVE('',#6271,#6273,#6275,.T.);
#6271 = VERTEX_POINT('',#6272);
#6272 = CARTESIAN_POINT('',(87.8825,-28.56299819946,33.5));
#6273 = VERTEX_POINT('',#6274);
#6274 = CARTESIAN_POINT('',(87.600498046875,-28.56299819946,33.5));
#6275 = SURFACE_CURVE('',#6276,(#6280,#6286),.PCURVE_S1.);
#6276 = LINE('',#6277,#6278);
#6277 = CARTESIAN_POINT('',(72.800249023438,-28.56299819946,33.5));
#6278 = VECTOR('',#6279,1.);
#6279 = DIRECTION('',(-1.,0.,0.));
#6280 = PCURVE('',#1455,#6281);
#6281 = DEFINITIONAL_REPRESENTATION('',(#6282),#6285);
#6282 = B_SPLINE_CURVE_WITH_KNOTS('',1,(#6283,#6284),.UNSPECIFIED.,.F.,
  .F.,(2,2),(-15.08225097656,-14.80024902343),.PIECEWISE_BEZIER_KNOTS.);
#6283 = CARTESIAN_POINT('',(29.8825,29.937001800537));
#6284 = CARTESIAN_POINT('',(29.600498046875,29.937001800537));
#6285 = ( GEOMETRIC_REPRESENTATION_CONTEXT(2) 
PARAMETRIC_REPRESENTATION_CONTEXT() REPRESENTATION_CONTEXT('2D SPACE',''
  ) );
#6286 = PCURVE('',#6287,#6292);
#6287 = PLANE('',#6288);
#6288 = AXIS2_PLACEMENT_3D('',#6289,#6290,#6291);
#6289 = CARTESIAN_POINT('',(87.600498046875,-28.56299819946,32.9));
#6290 = DIRECTION('',(0.,1.,0.));
#6291 = DIRECTION('',(1.,0.,0.));
#6292 = DEFINITIONAL_REPRESENTATION('',(#6293),#6296);
#6293 = B_SPLINE_CURVE_WITH_KNOTS('',1,(#6294,#6295),.UNSPECIFIED.,.F.,
  .F.,(2,2),(-15.08225097656,-14.80024902343),.PIECEWISE_BEZIER_KNOTS.);
#6294 = CARTESIAN_POINT('',(0.282001953125,-0.6));
#6295 = CARTESIAN_POINT('',(0.,-0.6));
#6296 = ( GEOMETRIC_REPRESENTATION_CONTEXT(2) 
PARAMETRIC_REPRESENTATION_CONTEXT() REPRESENTATION_CONTEXT('2D SPACE',''
  ) );
#6297 = ORIENTED_EDGE('',*,*,#6298,.F.);
#6298 = EDGE_CURVE('',#6299,#6271,#6301,.T.);
#6299 = VERTEX_POINT('',#6300);
#6300 = CARTESIAN_POINT('',(87.8825,-30.75000015258,33.5));
#6301 = SURFACE_CURVE('',#6302,(#6306,#6312),.PCURVE_S1.);
#6302 = LINE('',#6303,#6304);
#6303 = CARTESIAN_POINT('',(87.8825,-43.53149909973,33.5));
#6304 = VECTOR('',#6305,1.);
#6305 = DIRECTION('',(0.,1.,0.));
#6306 = PCURVE('',#1455,#6307);
#6307 = DEFINITIONAL_REPRESENTATION('',(#6308),#6311);
#6308 = B_SPLINE_CURVE_WITH_KNOTS('',1,(#6309,#6310),.UNSPECIFIED.,.F.,
  .F.,(2,2),(12.781498947144,14.968500900269),.PIECEWISE_BEZIER_KNOTS.);
#6309 = CARTESIAN_POINT('',(29.8825,27.749999847412));
#6310 = CARTESIAN_POINT('',(29.8825,29.937001800537));
#6311 = ( GEOMETRIC_REPRESENTATION_CONTEXT(2) 
PARAMETRIC_REPRESENTATION_CONTEXT() REPRESENTATION_CONTEXT('2D SPACE',''
  ) );
#6312 = PCURVE('',#6313,#6318);
#6313 = PLANE('',#6314);
#6314 = AXIS2_PLACEMENT_3D('',#6315,#6316,#6317);
#6315 = CARTESIAN_POINT('',(87.8825,-28.56299819946,32.9));
#6316 = DIRECTION('',(1.,0.,0.));
#6317 = DIRECTION('',(0.,-1.,0.));
#6318 = DEFINITIONAL_REPRESENTATION('',(#6319),#6322);
#6319 = B_SPLINE_CURVE_WITH_KNOTS('',1,(#6320,#6321),.UNSPECIFIED.,.F.,
  .F.,(2,2),(12.781498947144,14.968500900269),.PIECEWISE_BEZIER_KNOTS.);
#6320 = CARTESIAN_POINT('',(2.187001953125,-0.6));
#6321 = CARTESIAN_POINT('',(0.,-0.6));
#6322 = ( GEOMETRIC_REPRESENTATION_CONTEXT(2) 
PARAMETRIC_REPRESENTATION_CONTEXT() REPRESENTATION_CONTEXT('2D SPACE',''
  ) );
#6323 = ORIENTED_EDGE('',*,*,#6324,.F.);
#6324 = EDGE_CURVE('',#6325,#6299,#6327,.T.);
#6325 = VERTEX_POINT('',#6326);
#6326 = CARTESIAN_POINT('',(87.600498046875,-30.75000015258,33.5));
#6327 = SURFACE_CURVE('',#6328,(#6332,#6338),.PCURVE_S1.);
#6328 = LINE('',#6329,#6330);
#6329 = CARTESIAN_POINT('',(72.94125,-30.75000015258,33.5));
#6330 = VECTOR('',#6331,1.);
#6331 = DIRECTION('',(1.,0.,-0.));
#6332 = PCURVE('',#1455,#6333);
#6333 = DEFINITIONAL_REPRESENTATION('',(#6334),#6337);
#6334 = B_SPLINE_CURVE_WITH_KNOTS('',1,(#6335,#6336),.UNSPECIFIED.,.F.,
  .F.,(2,2),(14.659248046875,14.94125),.PIECEWISE_BEZIER_KNOTS.);
#6335 = CARTESIAN_POINT('',(29.600498046875,27.749999847412));
#6336 = CARTESIAN_POINT('',(29.8825,27.749999847412));
#6337 = ( GEOMETRIC_REPRESENTATION_CONTEXT(2) 
PARAMETRIC_REPRESENTATION_CONTEXT() REPRESENTATION_CONTEXT('2D SPACE',''
  ) );
#6338 = PCURVE('',#6339,#6344);
#6339 = PLANE('',#6340);
#6340 = AXIS2_PLACEMENT_3D('',#6341,#6342,#6343);
#6341 = CARTESIAN_POINT('',(87.8825,-30.75000015258,32.9));
#6342 = DIRECTION('',(0.,-1.,0.));
#6343 = DIRECTION('',(-1.,0.,0.));
#6344 = DEFINITIONAL_REPRESENTATION('',(#6345),#6348);
#6345 = B_SPLINE_CURVE_WITH_KNOTS('',1,(#6346,#6347),.UNSPECIFIED.,.F.,
  .F.,(2,2),(14.659248046875,14.94125),.PIECEWISE_BEZIER_KNOTS.);
#6346 = CARTESIAN_POINT('',(0.282001953125,-0.6));
#6347 = CARTESIAN_POINT('',(-1.42108547152E-14,-0.6));
#6348 = ( GEOMETRIC_REPRESENTATION_CONTEXT(2) 
PARAMETRIC_REPRESENTATION_CONTEXT() REPRESENTATION_CONTEXT('2D SPACE',''
  ) );
#6349 = ORIENTED_EDGE('',*,*,#6350,.F.);
#6350 = EDGE_CURVE('',#6273,#6325,#6351,.T.);
#6351 = SURFACE_CURVE('',#6352,(#6356,#6362),.PCURVE_S1.);
#6352 = LINE('',#6353,#6354);
#6353 = CARTESIAN_POINT('',(87.600498046875,-44.62500007629,33.5));
#6354 = VECTOR('',#6355,1.);
#6355 = DIRECTION('',(0.,-1.,0.));
#6356 = PCURVE('',#1455,#6357);
#6357 = DEFINITIONAL_REPRESENTATION('',(#6358),#6361);
#6358 = B_SPLINE_CURVE_WITH_KNOTS('',1,(#6359,#6360),.UNSPECIFIED.,.F.,
  .F.,(2,2),(-16.06200187683,-13.8749999237),.PIECEWISE_BEZIER_KNOTS.);
#6359 = CARTESIAN_POINT('',(29.600498046875,29.937001800537));
#6360 = CARTESIAN_POINT('',(29.600498046875,27.749999847412));
#6361 = ( GEOMETRIC_REPRESENTATION_CONTEXT(2) 
PARAMETRIC_REPRESENTATION_CONTEXT() REPRESENTATION_CONTEXT('2D SPACE',''
  ) );
#6362 = PCURVE('',#6363,#6368);
#6363 = PLANE('',#6364);
#6364 = AXIS2_PLACEMENT_3D('',#6365,#6366,#6367);
#6365 = CARTESIAN_POINT('',(87.600498046875,-30.75000015258,32.9));
#6366 = DIRECTION('',(-1.,0.,0.));
#6367 = DIRECTION('',(0.,1.,0.));
#6368 = DEFINITIONAL_REPRESENTATION('',(#6369),#6372);
#6369 = B_SPLINE_CURVE_WITH_KNOTS('',1,(#6370,#6371),.UNSPECIFIED.,.F.,
  .F.,(2,2),(-16.06200187683,-13.8749999237),.PIECEWISE_BEZIER_KNOTS.);
#6370 = CARTESIAN_POINT('',(2.187001953125,-0.6));
#6371 = CARTESIAN_POINT('',(0.,-0.6));
#6372 = ( GEOMETRIC_REPRESENTATION_CONTEXT(2) 
PARAMETRIC_REPRESENTATION_CONTEXT() REPRESENTATION_CONTEXT('2D SPACE',''
  ) );
#6373 = FACE_BOUND('',#6374,.T.);
#6374 = EDGE_LOOP('',(#6375));
#6375 = ORIENTED_EDGE('',*,*,#6376,.T.);
#6376 = EDGE_CURVE('',#6377,#6377,#6379,.T.);
#6377 = VERTEX_POINT('',#6378);
#6378 = CARTESIAN_POINT('',(88.5,-24.5,33.5));
#6379 = SURFACE_CURVE('',#6380,(#6385,#6396),.PCURVE_S1.);
#6380 = CIRCLE('',#6381,1.);
#6381 = AXIS2_PLACEMENT_3D('',#6382,#6383,#6384);
#6382 = CARTESIAN_POINT('',(87.5,-24.5,33.5));
#6383 = DIRECTION('',(0.,0.,-1.));
#6384 = DIRECTION('',(1.,0.,0.));
#6385 = PCURVE('',#1455,#6386);
#6386 = DEFINITIONAL_REPRESENTATION('',(#6387),#6395);
#6387 = ( BOUNDED_CURVE() B_SPLINE_CURVE(2,(#6388,#6389,#6390,#6391,
#6392,#6393,#6394),.UNSPECIFIED.,.T.,.F.) B_SPLINE_CURVE_WITH_KNOTS((1,2
    ,2,2,2,1),(-2.094395102393,0.,2.094395102393,4.188790204786,
6.28318530718,8.377580409573),.UNSPECIFIED.) CURVE() 
GEOMETRIC_REPRESENTATION_ITEM() RATIONAL_B_SPLINE_CURVE((1.,0.5,1.,0.5,
1.,0.5,1.)) REPRESENTATION_ITEM('') );
#6388 = CARTESIAN_POINT('',(30.5,34.));
#6389 = CARTESIAN_POINT('',(30.5,32.267949192431));
#6390 = CARTESIAN_POINT('',(29.,33.133974596216));
#6391 = CARTESIAN_POINT('',(27.5,34.));
#6392 = CARTESIAN_POINT('',(29.,34.866025403784));
#6393 = CARTESIAN_POINT('',(30.5,35.732050807569));
#6394 = CARTESIAN_POINT('',(30.5,34.));
#6395 = ( GEOMETRIC_REPRESENTATION_CONTEXT(2) 
PARAMETRIC_REPRESENTATION_CONTEXT() REPRESENTATION_CONTEXT('2D SPACE',''
  ) );
#6396 = PCURVE('',#6397,#6402);
#6397 = CYLINDRICAL_SURFACE('',#6398,1.);
#6398 = AXIS2_PLACEMENT_3D('',#6399,#6400,#6401);
#6399 = CARTESIAN_POINT('',(87.5,-24.5,30.));
#6400 = DIRECTION('',(-0.,-0.,-1.));
#6401 = DIRECTION('',(1.,0.,0.));
#6402 = DEFINITIONAL_REPRESENTATION('',(#6403),#6407);
#6403 = LINE('',#6404,#6405);
#6404 = CARTESIAN_POINT('',(-6.28318530718,-3.5));
#6405 = VECTOR('',#6406,1.);
#6406 = DIRECTION('',(1.,-0.));
#6407 = ( GEOMETRIC_REPRESENTATION_CONTEXT(2) 
PARAMETRIC_REPRESENTATION_CONTEXT() REPRESENTATION_CONTEXT('2D SPACE',''
  ) );
#6408 = FACE_BOUND('',#6409,.T.);
#6409 = EDGE_LOOP('',(#6410,#6438,#6464,#6490,#6516,#6542,#6568,#6594,
    #6620,#6646));
#6410 = ORIENTED_EDGE('',*,*,#6411,.F.);
#6411 = EDGE_CURVE('',#6412,#6414,#6416,.T.);
#6412 = VERTEX_POINT('',#6413);
#6413 = CARTESIAN_POINT('',(90.024501953125,-28.56299819946,33.5));
#6414 = VERTEX_POINT('',#6415);
#6415 = CARTESIAN_POINT('',(89.760498046875,-28.56299819946,33.5));
#6416 = SURFACE_CURVE('',#6417,(#6421,#6427),.PCURVE_S1.);
#6417 = LINE('',#6418,#6419);
#6418 = CARTESIAN_POINT('',(73.880249023438,-28.56299819946,33.5));
#6419 = VECTOR('',#6420,1.);
#6420 = DIRECTION('',(-1.,0.,0.));
#6421 = PCURVE('',#1455,#6422);
#6422 = DEFINITIONAL_REPRESENTATION('',(#6423),#6426);
#6423 = B_SPLINE_CURVE_WITH_KNOTS('',1,(#6424,#6425),.UNSPECIFIED.,.F.,
  .F.,(2,2),(-16.14425292968,-15.88024902343),.PIECEWISE_BEZIER_KNOTS.);
#6424 = CARTESIAN_POINT('',(32.024501953125,29.937001800537));
#6425 = CARTESIAN_POINT('',(31.760498046875,29.937001800537));
#6426 = ( GEOMETRIC_REPRESENTATION_CONTEXT(2) 
PARAMETRIC_REPRESENTATION_CONTEXT() REPRESENTATION_CONTEXT('2D SPACE',''
  ) );
#6427 = PCURVE('',#6428,#6433);
#6428 = PLANE('',#6429);
#6429 = AXIS2_PLACEMENT_3D('',#6430,#6431,#6432);
#6430 = CARTESIAN_POINT('',(89.760498046875,-28.56299819946,32.9));
#6431 = DIRECTION('',(0.,1.,0.));
#6432 = DIRECTION('',(1.,0.,0.));
#6433 = DEFINITIONAL_REPRESENTATION('',(#6434),#6437);
#6434 = B_SPLINE_CURVE_WITH_KNOTS('',1,(#6435,#6436),.UNSPECIFIED.,.F.,
  .F.,(2,2),(-16.14425292968,-15.88024902343),.PIECEWISE_BEZIER_KNOTS.);
#6435 = CARTESIAN_POINT('',(0.26400390625,-0.6));
#6436 = CARTESIAN_POINT('',(0.,-0.6));
#6437 = ( GEOMETRIC_REPRESENTATION_CONTEXT(2) 
PARAMETRIC_REPRESENTATION_CONTEXT() REPRESENTATION_CONTEXT('2D SPACE',''
  ) );
#6438 = ORIENTED_EDGE('',*,*,#6439,.F.);
#6439 = EDGE_CURVE('',#6440,#6412,#6442,.T.);
#6440 = VERTEX_POINT('',#6441);
#6441 = CARTESIAN_POINT('',(90.024501953125,-30.75000015258,33.5));
#6442 = SURFACE_CURVE('',#6443,(#6447,#6453),.PCURVE_S1.);
#6443 = LINE('',#6444,#6445);
#6444 = CARTESIAN_POINT('',(90.024501953125,-43.53149909973,33.5));
#6445 = VECTOR('',#6446,1.);
#6446 = DIRECTION('',(0.,1.,0.));
#6447 = PCURVE('',#1455,#6448);
#6448 = DEFINITIONAL_REPRESENTATION('',(#6449),#6452);
#6449 = B_SPLINE_CURVE_WITH_KNOTS('',1,(#6450,#6451),.UNSPECIFIED.,.F.,
  .F.,(2,2),(12.781498947144,14.968500900269),.PIECEWISE_BEZIER_KNOTS.);
#6450 = CARTESIAN_POINT('',(32.024501953125,27.749999847412));
#6451 = CARTESIAN_POINT('',(32.024501953125,29.937001800537));
#6452 = ( GEOMETRIC_REPRESENTATION_CONTEXT(2) 
PARAMETRIC_REPRESENTATION_CONTEXT() REPRESENTATION_CONTEXT('2D SPACE',''
  ) );
#6453 = PCURVE('',#6454,#6459);
#6454 = PLANE('',#6455);
#6455 = AXIS2_PLACEMENT_3D('',#6456,#6457,#6458);
#6456 = CARTESIAN_POINT('',(90.024501953125,-28.56299819946,32.9));
#6457 = DIRECTION('',(1.,0.,0.));
#6458 = DIRECTION('',(0.,-1.,0.));
#6459 = DEFINITIONAL_REPRESENTATION('',(#6460),#6463);
#6460 = B_SPLINE_CURVE_WITH_KNOTS('',1,(#6461,#6462),.UNSPECIFIED.,.F.,
  .F.,(2,2),(12.781498947144,14.968500900269),.PIECEWISE_BEZIER_KNOTS.);
#6461 = CARTESIAN_POINT('',(2.187001953125,-0.6));
#6462 = CARTESIAN_POINT('',(0.,-0.6));
#6463 = ( GEOMETRIC_REPRESENTATION_CONTEXT(2) 
PARAMETRIC_REPRESENTATION_CONTEXT() REPRESENTATION_CONTEXT('2D SPACE',''
  ) );
#6464 = ORIENTED_EDGE('',*,*,#6465,.F.);
#6465 = EDGE_CURVE('',#6466,#6440,#6468,.T.);
#6466 = VERTEX_POINT('',#6467);
#6467 = CARTESIAN_POINT('',(89.709501953125,-30.75000015258,33.5));
#6468 = SURFACE_CURVE('',#6469,(#6473,#6479),.PCURVE_S1.);
#6469 = LINE('',#6470,#6471);
#6470 = CARTESIAN_POINT('',(74.012250976562,-30.75000015258,33.5));
#6471 = VECTOR('',#6472,1.);
#6472 = DIRECTION('',(1.,0.,-0.));
#6473 = PCURVE('',#1455,#6474);
#6474 = DEFINITIONAL_REPRESENTATION('',(#6475),#6478);
#6475 = B_SPLINE_CURVE_WITH_KNOTS('',1,(#6476,#6477),.UNSPECIFIED.,.F.,
  .F.,(2,2),(15.697250976562,16.012250976562),.PIECEWISE_BEZIER_KNOTS.);
#6476 = CARTESIAN_POINT('',(31.709501953125,27.749999847412));
#6477 = CARTESIAN_POINT('',(32.024501953125,27.749999847412));
#6478 = ( GEOMETRIC_REPRESENTATION_CONTEXT(2) 
PARAMETRIC_REPRESENTATION_CONTEXT() REPRESENTATION_CONTEXT('2D SPACE',''
  ) );
#6479 = PCURVE('',#6480,#6485);
#6480 = PLANE('',#6481);
#6481 = AXIS2_PLACEMENT_3D('',#6482,#6483,#6484);
#6482 = CARTESIAN_POINT('',(90.024501953125,-30.75000015258,32.9));
#6483 = DIRECTION('',(0.,-1.,0.));
#6484 = DIRECTION('',(-1.,0.,0.));
#6485 = DEFINITIONAL_REPRESENTATION('',(#6486),#6489);
#6486 = B_SPLINE_CURVE_WITH_KNOTS('',1,(#6487,#6488),.UNSPECIFIED.,.F.,
  .F.,(2,2),(15.697250976562,16.012250976562),.PIECEWISE_BEZIER_KNOTS.);
#6487 = CARTESIAN_POINT('',(0.315,-0.6));
#6488 = CARTESIAN_POINT('',(0.,-0.6));
#6489 = ( GEOMETRIC_REPRESENTATION_CONTEXT(2) 
PARAMETRIC_REPRESENTATION_CONTEXT() REPRESENTATION_CONTEXT('2D SPACE',''
  ) );
#6490 = ORIENTED_EDGE('',*,*,#6491,.F.);
#6491 = EDGE_CURVE('',#6492,#6466,#6494,.T.);
#6492 = VERTEX_POINT('',#6493);
#6493 = CARTESIAN_POINT('',(88.578505859375,-28.97700210571,33.5));
#6494 = SURFACE_CURVE('',#6495,(#6499,#6505),.PCURVE_S1.);
#6495 = LINE('',#6496,#6497);
#6496 = CARTESIAN_POINT('',(91.414863415053,-33.42339801658,33.5));
#6497 = VECTOR('',#6498,1.);
#6498 = DIRECTION('',(0.537797314375,-0.84307416557,0.));
#6499 = PCURVE('',#1455,#6500);
#6500 = DEFINITIONAL_REPRESENTATION('',(#6501),#6504);
#6501 = B_SPLINE_CURVE_WITH_KNOTS('',1,(#6502,#6503),.UNSPECIFIED.,.F.,
  .F.,(2,2),(-5.274026998398,-3.171011487685),.PIECEWISE_BEZIER_KNOTS.);
#6502 = CARTESIAN_POINT('',(30.578505859375,29.522997894287));
#6503 = CARTESIAN_POINT('',(31.709501953125,27.749999847412));
#6504 = ( GEOMETRIC_REPRESENTATION_CONTEXT(2) 
PARAMETRIC_REPRESENTATION_CONTEXT() REPRESENTATION_CONTEXT('2D SPACE',''
  ) );
#6505 = PCURVE('',#6506,#6511);
#6506 = PLANE('',#6507);
#6507 = AXIS2_PLACEMENT_3D('',#6508,#6509,#6510);
#6508 = CARTESIAN_POINT('',(89.709501953125,-30.75000015258,32.9));
#6509 = DIRECTION('',(-0.84307416557,-0.537797314375,0.));
#6510 = DIRECTION('',(-0.537797314375,0.84307416557,0.));
#6511 = DEFINITIONAL_REPRESENTATION('',(#6512),#6515);
#6512 = B_SPLINE_CURVE_WITH_KNOTS('',1,(#6513,#6514),.UNSPECIFIED.,.F.,
  .F.,(2,2),(-5.274026998398,-3.171011487685),.PIECEWISE_BEZIER_KNOTS.);
#6513 = CARTESIAN_POINT('',(2.103015510713,-0.6));
#6514 = CARTESIAN_POINT('',(0.,-0.6));
#6515 = ( GEOMETRIC_REPRESENTATION_CONTEXT(2) 
PARAMETRIC_REPRESENTATION_CONTEXT() REPRESENTATION_CONTEXT('2D SPACE',''
  ) );
#6516 = ORIENTED_EDGE('',*,*,#6517,.F.);
#6517 = EDGE_CURVE('',#6518,#6492,#6520,.T.);
#6518 = VERTEX_POINT('',#6519);
#6519 = CARTESIAN_POINT('',(88.578505859375,-30.75000015258,33.5));
#6520 = SURFACE_CURVE('',#6521,(#6525,#6531),.PCURVE_S1.);
#6521 = LINE('',#6522,#6523);
#6522 = CARTESIAN_POINT('',(88.578505859375,-43.73850105285,33.5));
#6523 = VECTOR('',#6524,1.);
#6524 = DIRECTION('',(0.,1.,0.));
#6525 = PCURVE('',#1455,#6526);
#6526 = DEFINITIONAL_REPRESENTATION('',(#6527),#6530);
#6527 = B_SPLINE_CURVE_WITH_KNOTS('',1,(#6528,#6529),.UNSPECIFIED.,.F.,
  .F.,(2,2),(12.988500900269,14.761498947144),.PIECEWISE_BEZIER_KNOTS.);
#6528 = CARTESIAN_POINT('',(30.578505859375,27.749999847412));
#6529 = CARTESIAN_POINT('',(30.578505859375,29.522997894287));
#6530 = ( GEOMETRIC_REPRESENTATION_CONTEXT(2) 
PARAMETRIC_REPRESENTATION_CONTEXT() REPRESENTATION_CONTEXT('2D SPACE',''
  ) );
#6531 = PCURVE('',#6532,#6537);
#6532 = PLANE('',#6533);
#6533 = AXIS2_PLACEMENT_3D('',#6534,#6535,#6536);
#6534 = CARTESIAN_POINT('',(88.578505859375,-28.97700210571,32.9));
#6535 = DIRECTION('',(1.,0.,0.));
#6536 = DIRECTION('',(0.,-1.,0.));
#6537 = DEFINITIONAL_REPRESENTATION('',(#6538),#6541);
#6538 = B_SPLINE_CURVE_WITH_KNOTS('',1,(#6539,#6540),.UNSPECIFIED.,.F.,
  .F.,(2,2),(12.988500900269,14.761498947144),.PIECEWISE_BEZIER_KNOTS.);
#6539 = CARTESIAN_POINT('',(1.772998046875,-0.6));
#6540 = CARTESIAN_POINT('',(0.,-0.6));
#6541 = ( GEOMETRIC_REPRESENTATION_CONTEXT(2) 
PARAMETRIC_REPRESENTATION_CONTEXT() REPRESENTATION_CONTEXT('2D SPACE',''
  ) );
#6542 = ORIENTED_EDGE('',*,*,#6543,.F.);
#6543 = EDGE_CURVE('',#6544,#6518,#6546,.T.);
#6544 = VERTEX_POINT('',#6545);
#6545 = CARTESIAN_POINT('',(88.314501953125,-30.75000015258,33.5));
#6546 = SURFACE_CURVE('',#6547,(#6551,#6557),.PCURVE_S1.);
#6547 = LINE('',#6548,#6549);
#6548 = CARTESIAN_POINT('',(73.289252929688,-30.75000015258,33.5));
#6549 = VECTOR('',#6550,1.);
#6550 = DIRECTION('',(1.,0.,-0.));
#6551 = PCURVE('',#1455,#6552);
#6552 = DEFINITIONAL_REPRESENTATION('',(#6553),#6556);
#6553 = B_SPLINE_CURVE_WITH_KNOTS('',1,(#6554,#6555),.UNSPECIFIED.,.F.,
  .F.,(2,2),(15.025249023437,15.289252929687),.PIECEWISE_BEZIER_KNOTS.);
#6554 = CARTESIAN_POINT('',(30.314501953125,27.749999847412));
#6555 = CARTESIAN_POINT('',(30.578505859375,27.749999847412));
#6556 = ( GEOMETRIC_REPRESENTATION_CONTEXT(2) 
PARAMETRIC_REPRESENTATION_CONTEXT() REPRESENTATION_CONTEXT('2D SPACE',''
  ) );
#6557 = PCURVE('',#6558,#6563);
#6558 = PLANE('',#6559);
#6559 = AXIS2_PLACEMENT_3D('',#6560,#6561,#6562);
#6560 = CARTESIAN_POINT('',(88.578505859375,-30.75000015258,32.9));
#6561 = DIRECTION('',(0.,-1.,0.));
#6562 = DIRECTION('',(-1.,0.,0.));
#6563 = DEFINITIONAL_REPRESENTATION('',(#6564),#6567);
#6564 = B_SPLINE_CURVE_WITH_KNOTS('',1,(#6565,#6566),.UNSPECIFIED.,.F.,
  .F.,(2,2),(15.025249023437,15.289252929687),.PIECEWISE_BEZIER_KNOTS.);
#6565 = CARTESIAN_POINT('',(0.26400390625,-0.6));
#6566 = CARTESIAN_POINT('',(0.,-0.6));
#6567 = ( GEOMETRIC_REPRESENTATION_CONTEXT(2) 
PARAMETRIC_REPRESENTATION_CONTEXT() REPRESENTATION_CONTEXT('2D SPACE',''
  ) );
#6568 = ORIENTED_EDGE('',*,*,#6569,.F.);
#6569 = EDGE_CURVE('',#6570,#6544,#6572,.T.);
#6570 = VERTEX_POINT('',#6571);
#6571 = CARTESIAN_POINT('',(88.314501953125,-28.56299819946,33.5));
#6572 = SURFACE_CURVE('',#6573,(#6577,#6583),.PCURVE_S1.);
#6573 = LINE('',#6574,#6575);
#6574 = CARTESIAN_POINT('',(88.314501953125,-44.62500007629,33.5));
#6575 = VECTOR('',#6576,1.);
#6576 = DIRECTION('',(0.,-1.,0.));
#6577 = PCURVE('',#1455,#6578);
#6578 = DEFINITIONAL_REPRESENTATION('',(#6579),#6582);
#6579 = B_SPLINE_CURVE_WITH_KNOTS('',1,(#6580,#6581),.UNSPECIFIED.,.F.,
  .F.,(2,2),(-16.06200187683,-13.8749999237),.PIECEWISE_BEZIER_KNOTS.);
#6580 = CARTESIAN_POINT('',(30.314501953125,29.937001800537));
#6581 = CARTESIAN_POINT('',(30.314501953125,27.749999847412));
#6582 = ( GEOMETRIC_REPRESENTATION_CONTEXT(2) 
PARAMETRIC_REPRESENTATION_CONTEXT() REPRESENTATION_CONTEXT('2D SPACE',''
  ) );
#6583 = PCURVE('',#6584,#6589);
#6584 = PLANE('',#6585);
#6585 = AXIS2_PLACEMENT_3D('',#6586,#6587,#6588);
#6586 = CARTESIAN_POINT('',(88.314501953125,-30.75000015258,32.9));
#6587 = DIRECTION('',(-1.,0.,0.));
#6588 = DIRECTION('',(0.,1.,0.));
#6589 = DEFINITIONAL_REPRESENTATION('',(#6590),#6593);
#6590 = B_SPLINE_CURVE_WITH_KNOTS('',1,(#6591,#6592),.UNSPECIFIED.,.F.,
  .F.,(2,2),(-16.06200187683,-13.8749999237),.PIECEWISE_BEZIER_KNOTS.);
#6591 = CARTESIAN_POINT('',(2.187001953125,-0.6));
#6592 = CARTESIAN_POINT('',(0.,-0.6));
#6593 = ( GEOMETRIC_REPRESENTATION_CONTEXT(2) 
PARAMETRIC_REPRESENTATION_CONTEXT() REPRESENTATION_CONTEXT('2D SPACE',''
  ) );
#6594 = ORIENTED_EDGE('',*,*,#6595,.F.);
#6595 = EDGE_CURVE('',#6596,#6570,#6598,.T.);
#6596 = VERTEX_POINT('',#6597);
#6597 = CARTESIAN_POINT('',(88.6175,-28.56299819946,33.5));
#6598 = SURFACE_CURVE('',#6599,(#6603,#6609),.PCURVE_S1.);
#6599 = LINE('',#6600,#6601);
#6600 = CARTESIAN_POINT('',(73.157250976562,-28.56299819946,33.5));
#6601 = VECTOR('',#6602,1.);
#6602 = DIRECTION('',(-1.,0.,0.));
#6603 = PCURVE('',#1455,#6604);
#6604 = DEFINITIONAL_REPRESENTATION('',(#6605),#6608);
#6605 = B_SPLINE_CURVE_WITH_KNOTS('',1,(#6606,#6607),.UNSPECIFIED.,.F.,
  .F.,(2,2),(-15.46024902343,-15.15725097656),.PIECEWISE_BEZIER_KNOTS.);
#6606 = CARTESIAN_POINT('',(30.6175,29.937001800537));
#6607 = CARTESIAN_POINT('',(30.314501953125,29.937001800537));
#6608 = ( GEOMETRIC_REPRESENTATION_CONTEXT(2) 
PARAMETRIC_REPRESENTATION_CONTEXT() REPRESENTATION_CONTEXT('2D SPACE',''
  ) );
#6609 = PCURVE('',#6610,#6615);
#6610 = PLANE('',#6611);
#6611 = AXIS2_PLACEMENT_3D('',#6612,#6613,#6614);
#6612 = CARTESIAN_POINT('',(88.314501953125,-28.56299819946,32.9));
#6613 = DIRECTION('',(0.,1.,0.));
#6614 = DIRECTION('',(1.,0.,0.));
#6615 = DEFINITIONAL_REPRESENTATION('',(#6616),#6619);
#6616 = B_SPLINE_CURVE_WITH_KNOTS('',1,(#6617,#6618),.UNSPECIFIED.,.F.,
  .F.,(2,2),(-15.46024902343,-15.15725097656),.PIECEWISE_BEZIER_KNOTS.);
#6617 = CARTESIAN_POINT('',(0.302998046875,-0.6));
#6618 = CARTESIAN_POINT('',(-1.42108547152E-14,-0.6));
#6619 = ( GEOMETRIC_REPRESENTATION_CONTEXT(2) 
PARAMETRIC_REPRESENTATION_CONTEXT() REPRESENTATION_CONTEXT('2D SPACE',''
  ) );
#6620 = ORIENTED_EDGE('',*,*,#6621,.F.);
#6621 = EDGE_CURVE('',#6622,#6596,#6624,.T.);
#6622 = VERTEX_POINT('',#6623);
#6623 = CARTESIAN_POINT('',(89.760498046875,-30.35099624633,33.5));
#6624 = SURFACE_CURVE('',#6625,(#6629,#6635),.PCURVE_S1.);
#6625 = LINE('',#6626,#6627);
#6626 = CARTESIAN_POINT('',(90.969236624585,-32.24183256232,33.5));
#6627 = VECTOR('',#6628,1.);
#6628 = DIRECTION('',(-0.538612112977,0.842553850952,0.));
#6629 = PCURVE('',#1455,#6630);
#6630 = DEFINITIONAL_REPRESENTATION('',(#6631),#6634);
#6631 = B_SPLINE_CURVE_WITH_KNOTS('',1,(#6632,#6633),.UNSPECIFIED.,.F.,
  .F.,(2,2),(2.244172658928,4.366289891973),.PIECEWISE_BEZIER_KNOTS.);
#6632 = CARTESIAN_POINT('',(31.760498046875,28.149003753662));
#6633 = CARTESIAN_POINT('',(30.6175,29.937001800537));
#6634 = ( GEOMETRIC_REPRESENTATION_CONTEXT(2) 
PARAMETRIC_REPRESENTATION_CONTEXT() REPRESENTATION_CONTEXT('2D SPACE',''
  ) );
#6635 = PCURVE('',#6636,#6641);
#6636 = PLANE('',#6637);
#6637 = AXIS2_PLACEMENT_3D('',#6638,#6639,#6640);
#6638 = CARTESIAN_POINT('',(88.6175,-28.56299819946,32.9));
#6639 = DIRECTION('',(0.842553850952,0.538612112977,0.));
#6640 = DIRECTION('',(0.538612112977,-0.842553850952,0.));
#6641 = DEFINITIONAL_REPRESENTATION('',(#6642),#6645);
#6642 = B_SPLINE_CURVE_WITH_KNOTS('',1,(#6643,#6644),.UNSPECIFIED.,.F.,
  .F.,(2,2),(2.244172658928,4.366289891973),.PIECEWISE_BEZIER_KNOTS.);
#6643 = CARTESIAN_POINT('',(2.122117233046,-0.6));
#6644 = CARTESIAN_POINT('',(-6.217248937901E-15,-0.6));
#6645 = ( GEOMETRIC_REPRESENTATION_CONTEXT(2) 
PARAMETRIC_REPRESENTATION_CONTEXT() REPRESENTATION_CONTEXT('2D SPACE',''
  ) );
#6646 = ORIENTED_EDGE('',*,*,#6647,.F.);
#6647 = EDGE_CURVE('',#6414,#6622,#6648,.T.);
#6648 = SURFACE_CURVE('',#6649,(#6653,#6659),.PCURVE_S1.);
#6649 = LINE('',#6650,#6651);
#6650 = CARTESIAN_POINT('',(89.760498046875,-44.42549812316,33.5));
#6651 = VECTOR('',#6652,1.);
#6652 = DIRECTION('',(0.,-1.,0.));
#6653 = PCURVE('',#1455,#6654);
#6654 = DEFINITIONAL_REPRESENTATION('',(#6655),#6658);
#6655 = B_SPLINE_CURVE_WITH_KNOTS('',1,(#6656,#6657),.UNSPECIFIED.,.F.,
  .F.,(2,2),(-15.8624999237,-14.07450187683),.PIECEWISE_BEZIER_KNOTS.);
#6656 = CARTESIAN_POINT('',(31.760498046875,29.937001800537));
#6657 = CARTESIAN_POINT('',(31.760498046875,28.149003753662));
#6658 = ( GEOMETRIC_REPRESENTATION_CONTEXT(2) 
PARAMETRIC_REPRESENTATION_CONTEXT() REPRESENTATION_CONTEXT('2D SPACE',''
  ) );
#6659 = PCURVE('',#6660,#6665);
#6660 = PLANE('',#6661);
#6661 = AXIS2_PLACEMENT_3D('',#6662,#6663,#6664);
#6662 = CARTESIAN_POINT('',(89.760498046875,-30.35099624633,32.9));
#6663 = DIRECTION('',(-1.,0.,0.));
#6664 = DIRECTION('',(0.,1.,0.));
#6665 = DEFINITIONAL_REPRESENTATION('',(#6666),#6669);
#6666 = B_SPLINE_CURVE_WITH_KNOTS('',1,(#6667,#6668),.UNSPECIFIED.,.F.,
  .F.,(2,2),(-15.8624999237,-14.07450187683),.PIECEWISE_BEZIER_KNOTS.);
#6667 = CARTESIAN_POINT('',(1.787998046875,-0.6));
#6668 = CARTESIAN_POINT('',(0.,-0.6));
#6669 = ( GEOMETRIC_REPRESENTATION_CONTEXT(2) 
PARAMETRIC_REPRESENTATION_CONTEXT() REPRESENTATION_CONTEXT('2D SPACE',''
  ) );
#6670 = FACE_BOUND('',#6671,.T.);
#6671 = EDGE_LOOP('',(#6672,#6700,#6726,#6752,#6778,#6804,#6830,#6856));
#6672 = ORIENTED_EDGE('',*,*,#6673,.F.);
#6673 = EDGE_CURVE('',#6674,#6676,#6678,.T.);
#6674 = VERTEX_POINT('',#6675);
#6675 = CARTESIAN_POINT('',(91.323505859375,-28.80900405883,33.5));
#6676 = VERTEX_POINT('',#6677);
#6677 = CARTESIAN_POINT('',(92.040498046875,-28.80900405883,33.5));
#6678 = SURFACE_CURVE('',#6679,(#6683,#6689),.PCURVE_S1.);
#6679 = LINE('',#6680,#6681);
#6680 = CARTESIAN_POINT('',(75.020249023438,-28.80900405883,33.5));
#6681 = VECTOR('',#6682,1.);
#6682 = DIRECTION('',(1.,0.,-0.));
#6683 = PCURVE('',#1455,#6684);
#6684 = DEFINITIONAL_REPRESENTATION('',(#6685),#6688);
#6685 = B_SPLINE_CURVE_WITH_KNOTS('',1,(#6686,#6687),.UNSPECIFIED.,.F.,
  .F.,(2,2),(16.303256835937,17.020249023438),.PIECEWISE_BEZIER_KNOTS.);
#6686 = CARTESIAN_POINT('',(33.323505859375,29.690995941162));
#6687 = CARTESIAN_POINT('',(34.040498046875,29.690995941162));
#6688 = ( GEOMETRIC_REPRESENTATION_CONTEXT(2) 
PARAMETRIC_REPRESENTATION_CONTEXT() REPRESENTATION_CONTEXT('2D SPACE',''
  ) );
#6689 = PCURVE('',#6690,#6695);
#6690 = PLANE('',#6691);
#6691 = AXIS2_PLACEMENT_3D('',#6692,#6693,#6694);
#6692 = CARTESIAN_POINT('',(92.040498046875,-28.80900405883,32.9));
#6693 = DIRECTION('',(0.,-1.,0.));
#6694 = DIRECTION('',(-1.,0.,0.));
#6695 = DEFINITIONAL_REPRESENTATION('',(#6696),#6699);
#6696 = B_SPLINE_CURVE_WITH_KNOTS('',1,(#6697,#6698),.UNSPECIFIED.,.F.,
  .F.,(2,2),(16.303256835937,17.020249023438),.PIECEWISE_BEZIER_KNOTS.);
#6697 = CARTESIAN_POINT('',(0.7169921875,-0.6));
#6698 = CARTESIAN_POINT('',(0.,-0.6));
#6699 = ( GEOMETRIC_REPRESENTATION_CONTEXT(2) 
PARAMETRIC_REPRESENTATION_CONTEXT() REPRESENTATION_CONTEXT('2D SPACE',''
  ) );
#6700 = ORIENTED_EDGE('',*,*,#6701,.F.);
#6701 = EDGE_CURVE('',#6702,#6674,#6704,.T.);
#6702 = VERTEX_POINT('',#6703);
#6703 = CARTESIAN_POINT('',(91.323505859375,-30.75000015258,33.5));
#6704 = SURFACE_CURVE('',#6705,(#6709,#6715),.PCURVE_S1.);
#6705 = LINE('',#6706,#6707);
#6706 = CARTESIAN_POINT('',(91.323505859375,-43.65450202941,33.5));
#6707 = VECTOR('',#6708,1.);
#6708 = DIRECTION('',(0.,1.,0.));
#6709 = PCURVE('',#1455,#6710);
#6710 = DEFINITIONAL_REPRESENTATION('',(#6711),#6714);
#6711 = B_SPLINE_CURVE_WITH_KNOTS('',1,(#6712,#6713),.UNSPECIFIED.,.F.,
  .F.,(2,2),(12.904501876831,14.845497970581),.PIECEWISE_BEZIER_KNOTS.);
#6712 = CARTESIAN_POINT('',(33.323505859375,27.749999847412));
#6713 = CARTESIAN_POINT('',(33.323505859375,29.690995941162));
#6714 = ( GEOMETRIC_REPRESENTATION_CONTEXT(2) 
PARAMETRIC_REPRESENTATION_CONTEXT() REPRESENTATION_CONTEXT('2D SPACE',''
  ) );
#6715 = PCURVE('',#6716,#6721);
#6716 = PLANE('',#6717);
#6717 = AXIS2_PLACEMENT_3D('',#6718,#6719,#6720);
#6718 = CARTESIAN_POINT('',(91.323505859375,-28.80900405883,32.9));
#6719 = DIRECTION('',(1.,0.,0.));
#6720 = DIRECTION('',(0.,-1.,0.));
#6721 = DEFINITIONAL_REPRESENTATION('',(#6722),#6725);
#6722 = B_SPLINE_CURVE_WITH_KNOTS('',1,(#6723,#6724),.UNSPECIFIED.,.F.,
  .F.,(2,2),(12.904501876831,14.845497970581),.PIECEWISE_BEZIER_KNOTS.);
#6723 = CARTESIAN_POINT('',(1.94099609375,-0.6));
#6724 = CARTESIAN_POINT('',(0.,-0.6));
#6725 = ( GEOMETRIC_REPRESENTATION_CONTEXT(2) 
PARAMETRIC_REPRESENTATION_CONTEXT() REPRESENTATION_CONTEXT('2D SPACE',''
  ) );
#6726 = ORIENTED_EDGE('',*,*,#6727,.F.);
#6727 = EDGE_CURVE('',#6728,#6702,#6730,.T.);
#6728 = VERTEX_POINT('',#6729);
#6729 = CARTESIAN_POINT('',(91.044501953125,-30.75000015258,33.5));
#6730 = SURFACE_CURVE('',#6731,(#6735,#6741),.PCURVE_S1.);
#6731 = LINE('',#6732,#6733);
#6732 = CARTESIAN_POINT('',(74.661752929688,-30.75000015258,33.5));
#6733 = VECTOR('',#6734,1.);
#6734 = DIRECTION('',(1.,0.,-0.));
#6735 = PCURVE('',#1455,#6736);
#6736 = DEFINITIONAL_REPRESENTATION('',(#6737),#6740);
#6737 = B_SPLINE_CURVE_WITH_KNOTS('',1,(#6738,#6739),.UNSPECIFIED.,.F.,
  .F.,(2,2),(16.382749023437,16.661752929687),.PIECEWISE_BEZIER_KNOTS.);
#6738 = CARTESIAN_POINT('',(33.044501953125,27.749999847412));
#6739 = CARTESIAN_POINT('',(33.323505859375,27.749999847412));
#6740 = ( GEOMETRIC_REPRESENTATION_CONTEXT(2) 
PARAMETRIC_REPRESENTATION_CONTEXT() REPRESENTATION_CONTEXT('2D SPACE',''
  ) );
#6741 = PCURVE('',#6742,#6747);
#6742 = PLANE('',#6743);
#6743 = AXIS2_PLACEMENT_3D('',#6744,#6745,#6746);
#6744 = CARTESIAN_POINT('',(91.323505859375,-30.75000015258,32.9));
#6745 = DIRECTION('',(0.,-1.,0.));
#6746 = DIRECTION('',(-1.,0.,0.));
#6747 = DEFINITIONAL_REPRESENTATION('',(#6748),#6751);
#6748 = B_SPLINE_CURVE_WITH_KNOTS('',1,(#6749,#6750),.UNSPECIFIED.,.F.,
  .F.,(2,2),(16.382749023437,16.661752929687),.PIECEWISE_BEZIER_KNOTS.);
#6749 = CARTESIAN_POINT('',(0.27900390625,-0.6));
#6750 = CARTESIAN_POINT('',(0.,-0.6));
#6751 = ( GEOMETRIC_REPRESENTATION_CONTEXT(2) 
PARAMETRIC_REPRESENTATION_CONTEXT() REPRESENTATION_CONTEXT('2D SPACE',''
  ) );
#6752 = ORIENTED_EDGE('',*,*,#6753,.F.);
#6753 = EDGE_CURVE('',#6754,#6728,#6756,.T.);
#6754 = VERTEX_POINT('',#6755);
#6755 = CARTESIAN_POINT('',(91.044501953125,-28.80900405883,33.5));
#6756 = SURFACE_CURVE('',#6757,(#6761,#6767),.PCURVE_S1.);
#6757 = LINE('',#6758,#6759);
#6758 = CARTESIAN_POINT('',(91.044501953125,-44.62500007629,33.5));
#6759 = VECTOR('',#6760,1.);
#6760 = DIRECTION('',(0.,-1.,0.));
#6761 = PCURVE('',#1455,#6762);
#6762 = DEFINITIONAL_REPRESENTATION('',(#6763),#6766);
#6763 = B_SPLINE_CURVE_WITH_KNOTS('',1,(#6764,#6765),.UNSPECIFIED.,.F.,
  .F.,(2,2),(-15.81599601745,-13.8749999237),.PIECEWISE_BEZIER_KNOTS.);
#6764 = CARTESIAN_POINT('',(33.044501953125,29.690995941162));
#6765 = CARTESIAN_POINT('',(33.044501953125,27.749999847412));
#6766 = ( GEOMETRIC_REPRESENTATION_CONTEXT(2) 
PARAMETRIC_REPRESENTATION_CONTEXT() REPRESENTATION_CONTEXT('2D SPACE',''
  ) );
#6767 = PCURVE('',#6768,#6773);
#6768 = PLANE('',#6769);
#6769 = AXIS2_PLACEMENT_3D('',#6770,#6771,#6772);
#6770 = CARTESIAN_POINT('',(91.044501953125,-30.75000015258,32.9));
#6771 = DIRECTION('',(-1.,0.,0.));
#6772 = DIRECTION('',(0.,1.,0.));
#6773 = DEFINITIONAL_REPRESENTATION('',(#6774),#6777);
#6774 = B_SPLINE_CURVE_WITH_KNOTS('',1,(#6775,#6776),.UNSPECIFIED.,.F.,
  .F.,(2,2),(-15.81599601745,-13.8749999237),.PIECEWISE_BEZIER_KNOTS.);
#6775 = CARTESIAN_POINT('',(1.94099609375,-0.6));
#6776 = CARTESIAN_POINT('',(0.,-0.6));
#6777 = ( GEOMETRIC_REPRESENTATION_CONTEXT(2) 
PARAMETRIC_REPRESENTATION_CONTEXT() REPRESENTATION_CONTEXT('2D SPACE',''
  ) );
#6778 = ORIENTED_EDGE('',*,*,#6779,.F.);
#6779 = EDGE_CURVE('',#6780,#6754,#6782,.T.);
#6780 = VERTEX_POINT('',#6781);
#6781 = CARTESIAN_POINT('',(90.324501953125,-28.80900405883,33.5));
#6782 = SURFACE_CURVE('',#6783,(#6787,#6793),.PCURVE_S1.);
#6783 = LINE('',#6784,#6785);
#6784 = CARTESIAN_POINT('',(74.522250976563,-28.80900405883,33.5));
#6785 = VECTOR('',#6786,1.);
#6786 = DIRECTION('',(1.,0.,-0.));
#6787 = PCURVE('',#1455,#6788);
#6788 = DEFINITIONAL_REPRESENTATION('',(#6789),#6792);
#6789 = B_SPLINE_CURVE_WITH_KNOTS('',1,(#6790,#6791),.UNSPECIFIED.,.F.,
  .F.,(2,2),(15.802250976562,16.522250976563),.PIECEWISE_BEZIER_KNOTS.);
#6790 = CARTESIAN_POINT('',(32.324501953125,29.690995941162));
#6791 = CARTESIAN_POINT('',(33.044501953125,29.690995941162));
#6792 = ( GEOMETRIC_REPRESENTATION_CONTEXT(2) 
PARAMETRIC_REPRESENTATION_CONTEXT() REPRESENTATION_CONTEXT('2D SPACE',''
  ) );
#6793 = PCURVE('',#6794,#6799);
#6794 = PLANE('',#6795);
#6795 = AXIS2_PLACEMENT_3D('',#6796,#6797,#6798);
#6796 = CARTESIAN_POINT('',(91.044501953125,-28.80900405883,32.9));
#6797 = DIRECTION('',(0.,-1.,0.));
#6798 = DIRECTION('',(-1.,0.,0.));
#6799 = DEFINITIONAL_REPRESENTATION('',(#6800),#6803);
#6800 = B_SPLINE_CURVE_WITH_KNOTS('',1,(#6801,#6802),.UNSPECIFIED.,.F.,
  .F.,(2,2),(15.802250976562,16.522250976563),.PIECEWISE_BEZIER_KNOTS.);
#6801 = CARTESIAN_POINT('',(0.72,-0.6));
#6802 = CARTESIAN_POINT('',(0.,-0.6));
#6803 = ( GEOMETRIC_REPRESENTATION_CONTEXT(2) 
PARAMETRIC_REPRESENTATION_CONTEXT() REPRESENTATION_CONTEXT('2D SPACE',''
  ) );
#6804 = ORIENTED_EDGE('',*,*,#6805,.F.);
#6805 = EDGE_CURVE('',#6806,#6780,#6808,.T.);
#6806 = VERTEX_POINT('',#6807);
#6807 = CARTESIAN_POINT('',(90.324501953125,-28.56299819946,33.5));
#6808 = SURFACE_CURVE('',#6809,(#6813,#6819),.PCURVE_S1.);
#6809 = LINE('',#6810,#6811);
#6810 = CARTESIAN_POINT('',(90.324501953125,-43.65450202941,33.5));
#6811 = VECTOR('',#6812,1.);
#6812 = DIRECTION('',(0.,-1.,0.));
#6813 = PCURVE('',#1455,#6814);
#6814 = DEFINITIONAL_REPRESENTATION('',(#6815),#6818);
#6815 = B_SPLINE_CURVE_WITH_KNOTS('',1,(#6816,#6817),.UNSPECIFIED.,.F.,
  .F.,(2,2),(-15.09150382995,-14.84549797058),.PIECEWISE_BEZIER_KNOTS.);
#6816 = CARTESIAN_POINT('',(32.324501953125,29.937001800537));
#6817 = CARTESIAN_POINT('',(32.324501953125,29.690995941162));
#6818 = ( GEOMETRIC_REPRESENTATION_CONTEXT(2) 
PARAMETRIC_REPRESENTATION_CONTEXT() REPRESENTATION_CONTEXT('2D SPACE',''
  ) );
#6819 = PCURVE('',#6820,#6825);
#6820 = PLANE('',#6821);
#6821 = AXIS2_PLACEMENT_3D('',#6822,#6823,#6824);
#6822 = CARTESIAN_POINT('',(90.324501953125,-28.80900405883,32.9));
#6823 = DIRECTION('',(-1.,0.,0.));
#6824 = DIRECTION('',(0.,1.,0.));
#6825 = DEFINITIONAL_REPRESENTATION('',(#6826),#6829);
#6826 = B_SPLINE_CURVE_WITH_KNOTS('',1,(#6827,#6828),.UNSPECIFIED.,.F.,
  .F.,(2,2),(-15.09150382995,-14.84549797058),.PIECEWISE_BEZIER_KNOTS.);
#6827 = CARTESIAN_POINT('',(0.246005859375,-0.6));
#6828 = CARTESIAN_POINT('',(0.,-0.6));
#6829 = ( GEOMETRIC_REPRESENTATION_CONTEXT(2) 
PARAMETRIC_REPRESENTATION_CONTEXT() REPRESENTATION_CONTEXT('2D SPACE',''
  ) );
#6830 = ORIENTED_EDGE('',*,*,#6831,.F.);
#6831 = EDGE_CURVE('',#6832,#6806,#6834,.T.);
#6832 = VERTEX_POINT('',#6833);
#6833 = CARTESIAN_POINT('',(92.040498046875,-28.56299819946,33.5));
#6834 = SURFACE_CURVE('',#6835,(#6839,#6845),.PCURVE_S1.);
#6835 = LINE('',#6836,#6837);
#6836 = CARTESIAN_POINT('',(74.162250976562,-28.56299819946,33.5));
#6837 = VECTOR('',#6838,1.);
#6838 = DIRECTION('',(-1.,0.,0.));
#6839 = PCURVE('',#1455,#6840);
#6840 = DEFINITIONAL_REPRESENTATION('',(#6841),#6844);
#6841 = B_SPLINE_CURVE_WITH_KNOTS('',1,(#6842,#6843),.UNSPECIFIED.,.F.,
  .F.,(2,2),(-17.87824707031,-16.16225097656),.PIECEWISE_BEZIER_KNOTS.);
#6842 = CARTESIAN_POINT('',(34.040498046875,29.937001800537));
#6843 = CARTESIAN_POINT('',(32.324501953125,29.937001800537));
#6844 = ( GEOMETRIC_REPRESENTATION_CONTEXT(2) 
PARAMETRIC_REPRESENTATION_CONTEXT() REPRESENTATION_CONTEXT('2D SPACE',''
  ) );
#6845 = PCURVE('',#6846,#6851);
#6846 = PLANE('',#6847);
#6847 = AXIS2_PLACEMENT_3D('',#6848,#6849,#6850);
#6848 = CARTESIAN_POINT('',(90.324501953125,-28.56299819946,32.9));
#6849 = DIRECTION('',(0.,1.,0.));
#6850 = DIRECTION('',(1.,0.,0.));
#6851 = DEFINITIONAL_REPRESENTATION('',(#6852),#6855);
#6852 = B_SPLINE_CURVE_WITH_KNOTS('',1,(#6853,#6854),.UNSPECIFIED.,.F.,
  .F.,(2,2),(-17.87824707031,-16.16225097656),.PIECEWISE_BEZIER_KNOTS.);
#6853 = CARTESIAN_POINT('',(1.71599609375,-0.6));
#6854 = CARTESIAN_POINT('',(0.,-0.6));
#6855 = ( GEOMETRIC_REPRESENTATION_CONTEXT(2) 
PARAMETRIC_REPRESENTATION_CONTEXT() REPRESENTATION_CONTEXT('2D SPACE',''
  ) );
#6856 = ORIENTED_EDGE('',*,*,#6857,.F.);
#6857 = EDGE_CURVE('',#6676,#6832,#6858,.T.);
#6858 = SURFACE_CURVE('',#6859,(#6863,#6869),.PCURVE_S1.);
#6859 = LINE('',#6860,#6861);
#6860 = CARTESIAN_POINT('',(92.040498046875,-43.53149909973,33.5));
#6861 = VECTOR('',#6862,1.);
#6862 = DIRECTION('',(0.,1.,0.));
#6863 = PCURVE('',#1455,#6864);
#6864 = DEFINITIONAL_REPRESENTATION('',(#6865),#6868);
#6865 = B_SPLINE_CURVE_WITH_KNOTS('',1,(#6866,#6867),.UNSPECIFIED.,.F.,
  .F.,(2,2),(14.722495040894,14.968500900269),.PIECEWISE_BEZIER_KNOTS.);
#6866 = CARTESIAN_POINT('',(34.040498046875,29.690995941162));
#6867 = CARTESIAN_POINT('',(34.040498046875,29.937001800537));
#6868 = ( GEOMETRIC_REPRESENTATION_CONTEXT(2) 
PARAMETRIC_REPRESENTATION_CONTEXT() REPRESENTATION_CONTEXT('2D SPACE',''
  ) );
#6869 = PCURVE('',#6870,#6875);
#6870 = PLANE('',#6871);
#6871 = AXIS2_PLACEMENT_3D('',#6872,#6873,#6874);
#6872 = CARTESIAN_POINT('',(92.040498046875,-28.56299819946,32.9));
#6873 = DIRECTION('',(1.,0.,0.));
#6874 = DIRECTION('',(0.,-1.,0.));
#6875 = DEFINITIONAL_REPRESENTATION('',(#6876),#6879);
#6876 = B_SPLINE_CURVE_WITH_KNOTS('',1,(#6877,#6878),.UNSPECIFIED.,.F.,
  .F.,(2,2),(14.722495040894,14.968500900269),.PIECEWISE_BEZIER_KNOTS.);
#6877 = CARTESIAN_POINT('',(0.246005859375,-0.6));
#6878 = CARTESIAN_POINT('',(0.,-0.6));
#6879 = ( GEOMETRIC_REPRESENTATION_CONTEXT(2) 
PARAMETRIC_REPRESENTATION_CONTEXT() REPRESENTATION_CONTEXT('2D SPACE',''
  ) );
#6880 = FACE_BOUND('',#6881,.T.);
#6881 = EDGE_LOOP('',(#6882));
#6882 = ORIENTED_EDGE('',*,*,#6883,.T.);
#6883 = EDGE_CURVE('',#6884,#6884,#6886,.T.);
#6884 = VERTEX_POINT('',#6885);
#6885 = CARTESIAN_POINT('',(61.1,16.,33.5));
#6886 = SURFACE_CURVE('',#6887,(#6892,#6903),.PCURVE_S1.);
#6887 = CIRCLE('',#6888,3.1);
#6888 = AXIS2_PLACEMENT_3D('',#6889,#6890,#6891);
#6889 = CARTESIAN_POINT('',(58.,16.,33.5));
#6890 = DIRECTION('',(0.,0.,-1.));
#6891 = DIRECTION('',(1.,0.,0.));
#6892 = PCURVE('',#1455,#6893);
#6893 = DEFINITIONAL_REPRESENTATION('',(#6894),#6902);
#6894 = ( BOUNDED_CURVE() B_SPLINE_CURVE(2,(#6895,#6896,#6897,#6898,
#6899,#6900,#6901),.UNSPECIFIED.,.T.,.F.) B_SPLINE_CURVE_WITH_KNOTS((1,2
    ,2,2,2,1),(-2.094395102393,0.,2.094395102393,4.188790204786,
6.28318530718,8.377580409573),.UNSPECIFIED.) CURVE() 
GEOMETRIC_REPRESENTATION_ITEM() RATIONAL_B_SPLINE_CURVE((1.,0.5,1.,0.5,
1.,0.5,1.)) REPRESENTATION_ITEM('') );
#6895 = CARTESIAN_POINT('',(3.1,74.5));
#6896 = CARTESIAN_POINT('',(3.1,69.130642496536));
#6897 = CARTESIAN_POINT('',(-1.55,71.815321248268));
#6898 = CARTESIAN_POINT('',(-6.2,74.5));
#6899 = CARTESIAN_POINT('',(-1.55,77.184678751732));
#6900 = CARTESIAN_POINT('',(3.1,79.869357503464));
#6901 = CARTESIAN_POINT('',(3.1,74.5));
#6902 = ( GEOMETRIC_REPRESENTATION_CONTEXT(2) 
PARAMETRIC_REPRESENTATION_CONTEXT() REPRESENTATION_CONTEXT('2D SPACE',''
  ) );
#6903 = PCURVE('',#6904,#6909);
#6904 = CYLINDRICAL_SURFACE('',#6905,3.1);
#6905 = AXIS2_PLACEMENT_3D('',#6906,#6907,#6908);
#6906 = CARTESIAN_POINT('',(58.,16.,32.3));
#6907 = DIRECTION('',(-0.,-0.,-1.));
#6908 = DIRECTION('',(1.,0.,0.));
#6909 = DEFINITIONAL_REPRESENTATION('',(#6910),#6914);
#6910 = LINE('',#6911,#6912);
#6911 = CARTESIAN_POINT('',(-6.28318530718,-1.2));
#6912 = VECTOR('',#6913,1.);
#6913 = DIRECTION('',(1.,-0.));
#6914 = ( GEOMETRIC_REPRESENTATION_CONTEXT(2) 
PARAMETRIC_REPRESENTATION_CONTEXT() REPRESENTATION_CONTEXT('2D SPACE',''
  ) );
#6915 = ADVANCED_FACE('',(#6916,#6942),#1973,.T.);
#6916 = FACE_BOUND('',#6917,.T.);
#6917 = EDGE_LOOP('',(#6918));
#6918 = ORIENTED_EDGE('',*,*,#6919,.T.);
#6919 = EDGE_CURVE('',#6920,#6920,#6922,.T.);
#6920 = VERTEX_POINT('',#6921);
#6921 = CARTESIAN_POINT('',(61.1,-58.5,32.3));
#6922 = SURFACE_CURVE('',#6923,(#6928,#6935),.PCURVE_S1.);
#6923 = CIRCLE('',#6924,3.1);
#6924 = AXIS2_PLACEMENT_3D('',#6925,#6926,#6927);
#6925 = CARTESIAN_POINT('',(58.,-58.5,32.3));
#6926 = DIRECTION('',(0.,0.,1.));
#6927 = DIRECTION('',(1.,0.,0.));
#6928 = PCURVE('',#1973,#6929);
#6929 = DEFINITIONAL_REPRESENTATION('',(#6930),#6934);
#6930 = CIRCLE('',#6931,3.1);
#6931 = AXIS2_PLACEMENT_2D('',#6932,#6933);
#6932 = CARTESIAN_POINT('',(0.,0.));
#6933 = DIRECTION('',(1.,0.));
#6934 = ( GEOMETRIC_REPRESENTATION_CONTEXT(2) 
PARAMETRIC_REPRESENTATION_CONTEXT() REPRESENTATION_CONTEXT('2D SPACE',''
  ) );
#6935 = PCURVE('',#2319,#6936);
#6936 = DEFINITIONAL_REPRESENTATION('',(#6937),#6941);
#6937 = LINE('',#6938,#6939);
#6938 = CARTESIAN_POINT('',(-0.,0.));
#6939 = VECTOR('',#6940,1.);
#6940 = DIRECTION('',(-1.,0.));
#6941 = ( GEOMETRIC_REPRESENTATION_CONTEXT(2) 
PARAMETRIC_REPRESENTATION_CONTEXT() REPRESENTATION_CONTEXT('2D SPACE',''
  ) );
#6942 = FACE_BOUND('',#6943,.T.);
#6943 = EDGE_LOOP('',(#6944));
#6944 = ORIENTED_EDGE('',*,*,#1958,.T.);
#6945 = ADVANCED_FACE('',(#6946,#6972),#2032,.T.);
#6946 = FACE_BOUND('',#6947,.T.);
#6947 = EDGE_LOOP('',(#6948));
#6948 = ORIENTED_EDGE('',*,*,#6949,.T.);
#6949 = EDGE_CURVE('',#6950,#6950,#6952,.T.);
#6950 = VERTEX_POINT('',#6951);
#6951 = CARTESIAN_POINT('',(97.1,-58.5,32.3));
#6952 = SURFACE_CURVE('',#6953,(#6958,#6965),.PCURVE_S1.);
#6953 = CIRCLE('',#6954,3.1);
#6954 = AXIS2_PLACEMENT_3D('',#6955,#6956,#6957);
#6955 = CARTESIAN_POINT('',(94.,-58.5,32.3));
#6956 = DIRECTION('',(0.,0.,1.));
#6957 = DIRECTION('',(1.,0.,0.));
#6958 = PCURVE('',#2032,#6959);
#6959 = DEFINITIONAL_REPRESENTATION('',(#6960),#6964);
#6960 = CIRCLE('',#6961,3.1);
#6961 = AXIS2_PLACEMENT_2D('',#6962,#6963);
#6962 = CARTESIAN_POINT('',(0.,0.));
#6963 = DIRECTION('',(1.,0.));
#6964 = ( GEOMETRIC_REPRESENTATION_CONTEXT(2) 
PARAMETRIC_REPRESENTATION_CONTEXT() REPRESENTATION_CONTEXT('2D SPACE',''
  ) );
#6965 = PCURVE('',#4849,#6966);
#6966 = DEFINITIONAL_REPRESENTATION('',(#6967),#6971);
#6967 = LINE('',#6968,#6969);
#6968 = CARTESIAN_POINT('',(-0.,0.));
#6969 = VECTOR('',#6970,1.);
#6970 = DIRECTION('',(-1.,0.));
#6971 = ( GEOMETRIC_REPRESENTATION_CONTEXT(2) 
PARAMETRIC_REPRESENTATION_CONTEXT() REPRESENTATION_CONTEXT('2D SPACE',''
  ) );
#6972 = FACE_BOUND('',#6973,.T.);
#6973 = EDGE_LOOP('',(#6974));
#6974 = ORIENTED_EDGE('',*,*,#2017,.T.);
#6975 = ADVANCED_FACE('',(#6976,#7002),#2091,.T.);
#6976 = FACE_BOUND('',#6977,.T.);
#6977 = EDGE_LOOP('',(#6978));
#6978 = ORIENTED_EDGE('',*,*,#6979,.T.);
#6979 = EDGE_CURVE('',#6980,#6980,#6982,.T.);
#6980 = VERTEX_POINT('',#6981);
#6981 = CARTESIAN_POINT('',(107.65,-45.,32.3));
#6982 = SURFACE_CURVE('',#6983,(#6988,#6995),.PCURVE_S1.);
#6983 = CIRCLE('',#6984,3.1);
#6984 = AXIS2_PLACEMENT_3D('',#6985,#6986,#6987);
#6985 = CARTESIAN_POINT('',(104.55,-45.,32.3));
#6986 = DIRECTION('',(0.,0.,1.));
#6987 = DIRECTION('',(1.,0.,0.));
#6988 = PCURVE('',#2091,#6989);
#6989 = DEFINITIONAL_REPRESENTATION('',(#6990),#6994);
#6990 = CIRCLE('',#6991,3.1);
#6991 = AXIS2_PLACEMENT_2D('',#6992,#6993);
#6992 = CARTESIAN_POINT('',(0.,0.));
#6993 = DIRECTION('',(1.,0.));
#6994 = ( GEOMETRIC_REPRESENTATION_CONTEXT(2) 
PARAMETRIC_REPRESENTATION_CONTEXT() REPRESENTATION_CONTEXT('2D SPACE',''
  ) );
#6995 = PCURVE('',#5706,#6996);
#6996 = DEFINITIONAL_REPRESENTATION('',(#6997),#7001);
#6997 = LINE('',#6998,#6999);
#6998 = CARTESIAN_POINT('',(-0.,0.));
#6999 = VECTOR('',#7000,1.);
#7000 = DIRECTION('',(-1.,0.));
#7001 = ( GEOMETRIC_REPRESENTATION_CONTEXT(2) 
PARAMETRIC_REPRESENTATION_CONTEXT() REPRESENTATION_CONTEXT('2D SPACE',''
  ) );
#7002 = FACE_BOUND('',#7003,.T.);
#7003 = EDGE_LOOP('',(#7004));
#7004 = ORIENTED_EDGE('',*,*,#2076,.T.);
#7005 = ADVANCED_FACE('',(#7006,#7032),#2150,.T.);
#7006 = FACE_BOUND('',#7007,.T.);
#7007 = EDGE_LOOP('',(#7008));
#7008 = ORIENTED_EDGE('',*,*,#7009,.T.);
#7009 = EDGE_CURVE('',#7010,#7010,#7012,.T.);
#7010 = VERTEX_POINT('',#7011);
#7011 = CARTESIAN_POINT('',(61.1,16.,32.3));
#7012 = SURFACE_CURVE('',#7013,(#7018,#7025),.PCURVE_S1.);
#7013 = CIRCLE('',#7014,3.1);
#7014 = AXIS2_PLACEMENT_3D('',#7015,#7016,#7017);
#7015 = CARTESIAN_POINT('',(58.,16.,32.3));
#7016 = DIRECTION('',(0.,0.,1.));
#7017 = DIRECTION('',(1.,0.,0.));
#7018 = PCURVE('',#2150,#7019);
#7019 = DEFINITIONAL_REPRESENTATION('',(#7020),#7024);
#7020 = CIRCLE('',#7021,3.1);
#7021 = AXIS2_PLACEMENT_2D('',#7022,#7023);
#7022 = CARTESIAN_POINT('',(0.,0.));
#7023 = DIRECTION('',(1.,0.));
#7024 = ( GEOMETRIC_REPRESENTATION_CONTEXT(2) 
PARAMETRIC_REPRESENTATION_CONTEXT() REPRESENTATION_CONTEXT('2D SPACE',''
  ) );
#7025 = PCURVE('',#6904,#7026);
#7026 = DEFINITIONAL_REPRESENTATION('',(#7027),#7031);
#7027 = LINE('',#7028,#7029);
#7028 = CARTESIAN_POINT('',(-0.,0.));
#7029 = VECTOR('',#7030,1.);
#7030 = DIRECTION('',(-1.,0.));
#7031 = ( GEOMETRIC_REPRESENTATION_CONTEXT(2) 
PARAMETRIC_REPRESENTATION_CONTEXT() REPRESENTATION_CONTEXT('2D SPACE',''
  ) );
#7032 = FACE_BOUND('',#7033,.T.);
#7033 = EDGE_LOOP('',(#7034));
#7034 = ORIENTED_EDGE('',*,*,#2135,.T.);
#7035 = ADVANCED_FACE('',(#7036,#7039),#2216,.F.);
#7036 = FACE_BOUND('',#7037,.F.);
#7037 = EDGE_LOOP('',(#7038));
#7038 = ORIENTED_EDGE('',*,*,#2201,.T.);
#7039 = FACE_BOUND('',#7040,.F.);
#7040 = EDGE_LOOP('',(#7041));
#7041 = ORIENTED_EDGE('',*,*,#7042,.T.);
#7042 = EDGE_CURVE('',#7043,#7043,#7045,.T.);
#7043 = VERTEX_POINT('',#7044);
#7044 = CARTESIAN_POINT('',(89.65,-24.5,22.));
#7045 = SURFACE_CURVE('',#7046,(#7051,#7062),.PCURVE_S1.);
#7046 = CIRCLE('',#7047,2.15);
#7047 = AXIS2_PLACEMENT_3D('',#7048,#7049,#7050);
#7048 = CARTESIAN_POINT('',(87.5,-24.5,22.));
#7049 = DIRECTION('',(0.,0.,-1.));
#7050 = DIRECTION('',(1.,0.,0.));
#7051 = PCURVE('',#2216,#7052);
#7052 = DEFINITIONAL_REPRESENTATION('',(#7053),#7061);
#7053 = ( BOUNDED_CURVE() B_SPLINE_CURVE(2,(#7054,#7055,#7056,#7057,
#7058,#7059,#7060),.UNSPECIFIED.,.T.,.F.) B_SPLINE_CURVE_WITH_KNOTS((1,2
    ,2,2,2,1),(-2.094395102393,0.,2.094395102393,4.188790204786,
6.28318530718,8.377580409573),.UNSPECIFIED.) CURVE() 
GEOMETRIC_REPRESENTATION_ITEM() RATIONAL_B_SPLINE_CURVE((1.,0.5,1.,0.5,
1.,0.5,1.)) REPRESENTATION_ITEM('') );
#7054 = CARTESIAN_POINT('',(2.15,0.));
#7055 = CARTESIAN_POINT('',(2.15,-3.723909236273));
#7056 = CARTESIAN_POINT('',(-1.075,-1.861954618137));
#7057 = CARTESIAN_POINT('',(-4.3,-5.265981236334E-16));
#7058 = CARTESIAN_POINT('',(-1.075,1.861954618137));
#7059 = CARTESIAN_POINT('',(2.15,3.723909236273));
#7060 = CARTESIAN_POINT('',(2.15,0.));
#7061 = ( GEOMETRIC_REPRESENTATION_CONTEXT(2) 
PARAMETRIC_REPRESENTATION_CONTEXT() REPRESENTATION_CONTEXT('2D SPACE',''
  ) );
#7062 = PCURVE('',#7063,#7068);
#7063 = CYLINDRICAL_SURFACE('',#7064,2.15);
#7064 = AXIS2_PLACEMENT_3D('',#7065,#7066,#7067);
#7065 = CARTESIAN_POINT('',(87.5,-24.5,21.));
#7066 = DIRECTION('',(-0.,-0.,-1.));
#7067 = DIRECTION('',(1.,0.,0.));
#7068 = DEFINITIONAL_REPRESENTATION('',(#7069),#7073);
#7069 = LINE('',#7070,#7071);
#7070 = CARTESIAN_POINT('',(-6.28318530718,-1.));
#7071 = VECTOR('',#7072,1.);
#7072 = DIRECTION('',(1.,-0.));
#7073 = ( GEOMETRIC_REPRESENTATION_CONTEXT(2) 
PARAMETRIC_REPRESENTATION_CONTEXT() REPRESENTATION_CONTEXT('2D SPACE',''
  ) );
#7074 = ADVANCED_FACE('',(#7075,#7078),#2271,.F.);
#7075 = FACE_BOUND('',#7076,.F.);
#7076 = EDGE_LOOP('',(#7077));
#7077 = ORIENTED_EDGE('',*,*,#2256,.T.);
#7078 = FACE_BOUND('',#7079,.F.);
#7079 = EDGE_LOOP('',(#7080));
#7080 = ORIENTED_EDGE('',*,*,#7081,.T.);
#7081 = EDGE_CURVE('',#7082,#7082,#7084,.T.);
#7082 = VERTEX_POINT('',#7083);
#7083 = CARTESIAN_POINT('',(67.8,-4.5,8.8));
#7084 = SURFACE_CURVE('',#7085,(#7090,#7101),.PCURVE_S1.);
#7085 = CIRCLE('',#7086,1.8);
#7086 = AXIS2_PLACEMENT_3D('',#7087,#7088,#7089);
#7087 = CARTESIAN_POINT('',(66.,-4.5,8.8));
#7088 = DIRECTION('',(0.,0.,-1.));
#7089 = DIRECTION('',(1.,0.,0.));
#7090 = PCURVE('',#2271,#7091);
#7091 = DEFINITIONAL_REPRESENTATION('',(#7092),#7100);
#7092 = ( BOUNDED_CURVE() B_SPLINE_CURVE(2,(#7093,#7094,#7095,#7096,
#7097,#7098,#7099),.UNSPECIFIED.,.T.,.F.) B_SPLINE_CURVE_WITH_KNOTS((1,2
    ,2,2,2,1),(-2.094395102393,0.,2.094395102393,4.188790204786,
6.28318530718,8.377580409573),.UNSPECIFIED.) CURVE() 
GEOMETRIC_REPRESENTATION_ITEM() RATIONAL_B_SPLINE_CURVE((1.,0.5,1.,0.5,
1.,0.5,1.)) REPRESENTATION_ITEM('') );
#7093 = CARTESIAN_POINT('',(1.8,0.));
#7094 = CARTESIAN_POINT('',(1.8,-3.117691453624));
#7095 = CARTESIAN_POINT('',(-0.9,-1.558845726812));
#7096 = CARTESIAN_POINT('',(-3.6,-4.40872847693E-16));
#7097 = CARTESIAN_POINT('',(-0.9,1.558845726812));
#7098 = CARTESIAN_POINT('',(1.8,3.117691453624));
#7099 = CARTESIAN_POINT('',(1.8,0.));
#7100 = ( GEOMETRIC_REPRESENTATION_CONTEXT(2) 
PARAMETRIC_REPRESENTATION_CONTEXT() REPRESENTATION_CONTEXT('2D SPACE',''
  ) );
#7101 = PCURVE('',#7102,#7107);
#7102 = CYLINDRICAL_SURFACE('',#7103,1.8);
#7103 = AXIS2_PLACEMENT_3D('',#7104,#7105,#7106);
#7104 = CARTESIAN_POINT('',(66.,-4.5,8.6));
#7105 = DIRECTION('',(-0.,-0.,-1.));
#7106 = DIRECTION('',(1.,0.,0.));
#7107 = DEFINITIONAL_REPRESENTATION('',(#7108),#7112);
#7108 = LINE('',#7109,#7110);
#7109 = CARTESIAN_POINT('',(-6.28318530718,-0.2));
#7110 = VECTOR('',#7111,1.);
#7111 = DIRECTION('',(1.,-0.));
#7112 = ( GEOMETRIC_REPRESENTATION_CONTEXT(2) 
PARAMETRIC_REPRESENTATION_CONTEXT() REPRESENTATION_CONTEXT('2D SPACE',''
  ) );
#7113 = ADVANCED_FACE('',(#7114),#2319,.F.);
#7114 = FACE_BOUND('',#7115,.T.);
#7115 = EDGE_LOOP('',(#7116,#7117,#7138,#7139));
#7116 = ORIENTED_EDGE('',*,*,#6919,.F.);
#7117 = ORIENTED_EDGE('',*,*,#7118,.T.);
#7118 = EDGE_CURVE('',#6920,#2299,#7119,.T.);
#7119 = SEAM_CURVE('',#7120,(#7124,#7131),.PCURVE_S1.);
#7120 = LINE('',#7121,#7122);
#7121 = CARTESIAN_POINT('',(61.1,-58.5,32.3));
#7122 = VECTOR('',#7123,1.);
#7123 = DIRECTION('',(0.,0.,1.));
#7124 = PCURVE('',#2319,#7125);
#7125 = DEFINITIONAL_REPRESENTATION('',(#7126),#7130);
#7126 = LINE('',#7127,#7128);
#7127 = CARTESIAN_POINT('',(-6.28318530718,0.));
#7128 = VECTOR('',#7129,1.);
#7129 = DIRECTION('',(-0.,-1.));
#7130 = ( GEOMETRIC_REPRESENTATION_CONTEXT(2) 
PARAMETRIC_REPRESENTATION_CONTEXT() REPRESENTATION_CONTEXT('2D SPACE',''
  ) );
#7131 = PCURVE('',#2319,#7132);
#7132 = DEFINITIONAL_REPRESENTATION('',(#7133),#7137);
#7133 = LINE('',#7134,#7135);
#7134 = CARTESIAN_POINT('',(-0.,0.));
#7135 = VECTOR('',#7136,1.);
#7136 = DIRECTION('',(-0.,-1.));
#7137 = ( GEOMETRIC_REPRESENTATION_CONTEXT(2) 
PARAMETRIC_REPRESENTATION_CONTEXT() REPRESENTATION_CONTEXT('2D SPACE',''
  ) );
#7138 = ORIENTED_EDGE('',*,*,#2298,.F.);
#7139 = ORIENTED_EDGE('',*,*,#7118,.F.);
#7140 = ADVANCED_FACE('',(#7141),#2350,.F.);
#7141 = FACE_BOUND('',#7142,.F.);
#7142 = EDGE_LOOP('',(#7143,#7173,#7194,#7195));
#7143 = ORIENTED_EDGE('',*,*,#7144,.F.);
#7144 = EDGE_CURVE('',#7145,#7147,#7149,.T.);
#7145 = VERTEX_POINT('',#7146);
#7146 = CARTESIAN_POINT('',(69.221005859375,-41.12599639892,32.9));
#7147 = VERTEX_POINT('',#7148);
#7148 = CARTESIAN_POINT('',(69.719013671875,-41.12599639892,32.9));
#7149 = SURFACE_CURVE('',#7150,(#7154,#7161),.PCURVE_S1.);
#7150 = LINE('',#7151,#7152);
#7151 = CARTESIAN_POINT('',(69.221005859375,-41.12599639892,32.9));
#7152 = VECTOR('',#7153,1.);
#7153 = DIRECTION('',(1.,0.,0.));
#7154 = PCURVE('',#2350,#7155);
#7155 = DEFINITIONAL_REPRESENTATION('',(#7156),#7160);
#7156 = LINE('',#7157,#7158);
#7157 = CARTESIAN_POINT('',(0.,0.));
#7158 = VECTOR('',#7159,1.);
#7159 = DIRECTION('',(1.,0.));
#7160 = ( GEOMETRIC_REPRESENTATION_CONTEXT(2) 
PARAMETRIC_REPRESENTATION_CONTEXT() REPRESENTATION_CONTEXT('2D SPACE',''
  ) );
#7161 = PCURVE('',#7162,#7167);
#7162 = PLANE('',#7163);
#7163 = AXIS2_PLACEMENT_3D('',#7164,#7165,#7166);
#7164 = CARTESIAN_POINT('',(66.725009765625,-45.50000030517,32.9));
#7165 = DIRECTION('',(0.,0.,1.));
#7166 = DIRECTION('',(1.,0.,0.));
#7167 = DEFINITIONAL_REPRESENTATION('',(#7168),#7172);
#7168 = LINE('',#7169,#7170);
#7169 = CARTESIAN_POINT('',(2.49599609375,4.37400390625));
#7170 = VECTOR('',#7171,1.);
#7171 = DIRECTION('',(1.,0.));
#7172 = ( GEOMETRIC_REPRESENTATION_CONTEXT(2) 
PARAMETRIC_REPRESENTATION_CONTEXT() REPRESENTATION_CONTEXT('2D SPACE',''
  ) );
#7173 = ORIENTED_EDGE('',*,*,#7174,.T.);
#7174 = EDGE_CURVE('',#7145,#2336,#7175,.T.);
#7175 = SURFACE_CURVE('',#7176,(#7180,#7187),.PCURVE_S1.);
#7176 = LINE('',#7177,#7178);
#7177 = CARTESIAN_POINT('',(69.221005859375,-41.12599639892,32.9));
#7178 = VECTOR('',#7179,1.);
#7179 = DIRECTION('',(0.,0.,1.));
#7180 = PCURVE('',#2350,#7181);
#7181 = DEFINITIONAL_REPRESENTATION('',(#7182),#7186);
#7182 = LINE('',#7183,#7184);
#7183 = CARTESIAN_POINT('',(0.,0.));
#7184 = VECTOR('',#7185,1.);
#7185 = DIRECTION('',(0.,-1.));
#7186 = ( GEOMETRIC_REPRESENTATION_CONTEXT(2) 
PARAMETRIC_REPRESENTATION_CONTEXT() REPRESENTATION_CONTEXT('2D SPACE',''
  ) );
#7187 = PCURVE('',#2836,#7188);
#7188 = DEFINITIONAL_REPRESENTATION('',(#7189),#7193);
#7189 = LINE('',#7190,#7191);
#7190 = CARTESIAN_POINT('',(1.62599609375,0.));
#7191 = VECTOR('',#7192,1.);
#7192 = DIRECTION('',(0.,-1.));
#7193 = ( GEOMETRIC_REPRESENTATION_CONTEXT(2) 
PARAMETRIC_REPRESENTATION_CONTEXT() REPRESENTATION_CONTEXT('2D SPACE',''
  ) );
#7194 = ORIENTED_EDGE('',*,*,#2333,.F.);
#7195 = ORIENTED_EDGE('',*,*,#7196,.F.);
#7196 = EDGE_CURVE('',#7147,#2334,#7197,.T.);
#7197 = SURFACE_CURVE('',#7198,(#7202,#7209),.PCURVE_S1.);
#7198 = LINE('',#7199,#7200);
#7199 = CARTESIAN_POINT('',(69.719013671875,-41.12599639892,32.9));
#7200 = VECTOR('',#7201,1.);
#7201 = DIRECTION('',(0.,0.,1.));
#7202 = PCURVE('',#2350,#7203);
#7203 = DEFINITIONAL_REPRESENTATION('',(#7204),#7208);
#7204 = LINE('',#7205,#7206);
#7205 = CARTESIAN_POINT('',(0.4980078125,0.));
#7206 = VECTOR('',#7207,1.);
#7207 = DIRECTION('',(0.,-1.));
#7208 = ( GEOMETRIC_REPRESENTATION_CONTEXT(2) 
PARAMETRIC_REPRESENTATION_CONTEXT() REPRESENTATION_CONTEXT('2D SPACE',''
  ) );
#7209 = PCURVE('',#2376,#7210);
#7210 = DEFINITIONAL_REPRESENTATION('',(#7211),#7215);
#7211 = LINE('',#7212,#7213);
#7212 = CARTESIAN_POINT('',(0.,0.));
#7213 = VECTOR('',#7214,1.);
#7214 = DIRECTION('',(0.,-1.));
#7215 = ( GEOMETRIC_REPRESENTATION_CONTEXT(2) 
PARAMETRIC_REPRESENTATION_CONTEXT() REPRESENTATION_CONTEXT('2D SPACE',''
  ) );
#7216 = ADVANCED_FACE('',(#7217),#2376,.F.);
#7217 = FACE_BOUND('',#7218,.F.);
#7218 = EDGE_LOOP('',(#7219,#7242,#7243,#7244));
#7219 = ORIENTED_EDGE('',*,*,#7220,.F.);
#7220 = EDGE_CURVE('',#7147,#7221,#7223,.T.);
#7221 = VERTEX_POINT('',#7222);
#7222 = CARTESIAN_POINT('',(69.719013671875,-45.50000030517,32.9));
#7223 = SURFACE_CURVE('',#7224,(#7228,#7235),.PCURVE_S1.);
#7224 = LINE('',#7225,#7226);
#7225 = CARTESIAN_POINT('',(69.719013671875,-41.12599639892,32.9));
#7226 = VECTOR('',#7227,1.);
#7227 = DIRECTION('',(0.,-1.,0.));
#7228 = PCURVE('',#2376,#7229);
#7229 = DEFINITIONAL_REPRESENTATION('',(#7230),#7234);
#7230 = LINE('',#7231,#7232);
#7231 = CARTESIAN_POINT('',(0.,0.));
#7232 = VECTOR('',#7233,1.);
#7233 = DIRECTION('',(1.,0.));
#7234 = ( GEOMETRIC_REPRESENTATION_CONTEXT(2) 
PARAMETRIC_REPRESENTATION_CONTEXT() REPRESENTATION_CONTEXT('2D SPACE',''
  ) );
#7235 = PCURVE('',#7162,#7236);
#7236 = DEFINITIONAL_REPRESENTATION('',(#7237),#7241);
#7237 = LINE('',#7238,#7239);
#7238 = CARTESIAN_POINT('',(2.99400390625,4.37400390625));
#7239 = VECTOR('',#7240,1.);
#7240 = DIRECTION('',(0.,-1.));
#7241 = ( GEOMETRIC_REPRESENTATION_CONTEXT(2) 
PARAMETRIC_REPRESENTATION_CONTEXT() REPRESENTATION_CONTEXT('2D SPACE',''
  ) );
#7242 = ORIENTED_EDGE('',*,*,#7196,.T.);
#7243 = ORIENTED_EDGE('',*,*,#2361,.F.);
#7244 = ORIENTED_EDGE('',*,*,#7245,.F.);
#7245 = EDGE_CURVE('',#7221,#2362,#7246,.T.);
#7246 = SURFACE_CURVE('',#7247,(#7251,#7258),.PCURVE_S1.);
#7247 = LINE('',#7248,#7249);
#7248 = CARTESIAN_POINT('',(69.719013671875,-45.50000030517,32.9));
#7249 = VECTOR('',#7250,1.);
#7250 = DIRECTION('',(0.,0.,1.));
#7251 = PCURVE('',#2376,#7252);
#7252 = DEFINITIONAL_REPRESENTATION('',(#7253),#7257);
#7253 = LINE('',#7254,#7255);
#7254 = CARTESIAN_POINT('',(4.37400390625,0.));
#7255 = VECTOR('',#7256,1.);
#7256 = DIRECTION('',(0.,-1.));
#7257 = ( GEOMETRIC_REPRESENTATION_CONTEXT(2) 
PARAMETRIC_REPRESENTATION_CONTEXT() REPRESENTATION_CONTEXT('2D SPACE',''
  ) );
#7258 = PCURVE('',#2402,#7259);
#7259 = DEFINITIONAL_REPRESENTATION('',(#7260),#7264);
#7260 = LINE('',#7261,#7262);
#7261 = CARTESIAN_POINT('',(0.,-0.));
#7262 = VECTOR('',#7263,1.);
#7263 = DIRECTION('',(0.,-1.));
#7264 = ( GEOMETRIC_REPRESENTATION_CONTEXT(2) 
PARAMETRIC_REPRESENTATION_CONTEXT() REPRESENTATION_CONTEXT('2D SPACE',''
  ) );
#7265 = ADVANCED_FACE('',(#7266),#2836,.F.);
#7266 = FACE_BOUND('',#7267,.F.);
#7267 = EDGE_LOOP('',(#7268,#7291,#7312,#7313));
#7268 = ORIENTED_EDGE('',*,*,#7269,.F.);
#7269 = EDGE_CURVE('',#7270,#7145,#7272,.T.);
#7270 = VERTEX_POINT('',#7271);
#7271 = CARTESIAN_POINT('',(69.221005859375,-42.75199249267,32.9));
#7272 = SURFACE_CURVE('',#7273,(#7277,#7284),.PCURVE_S1.);
#7273 = LINE('',#7274,#7275);
#7274 = CARTESIAN_POINT('',(69.221005859375,-42.75199249267,32.9));
#7275 = VECTOR('',#7276,1.);
#7276 = DIRECTION('',(0.,1.,0.));
#7277 = PCURVE('',#2836,#7278);
#7278 = DEFINITIONAL_REPRESENTATION('',(#7279),#7283);
#7279 = LINE('',#7280,#7281);
#7280 = CARTESIAN_POINT('',(0.,0.));
#7281 = VECTOR('',#7282,1.);
#7282 = DIRECTION('',(1.,0.));
#7283 = ( GEOMETRIC_REPRESENTATION_CONTEXT(2) 
PARAMETRIC_REPRESENTATION_CONTEXT() REPRESENTATION_CONTEXT('2D SPACE',''
  ) );
#7284 = PCURVE('',#7162,#7285);
#7285 = DEFINITIONAL_REPRESENTATION('',(#7286),#7290);
#7286 = LINE('',#7287,#7288);
#7287 = CARTESIAN_POINT('',(2.49599609375,2.7480078125));
#7288 = VECTOR('',#7289,1.);
#7289 = DIRECTION('',(0.,1.));
#7290 = ( GEOMETRIC_REPRESENTATION_CONTEXT(2) 
PARAMETRIC_REPRESENTATION_CONTEXT() REPRESENTATION_CONTEXT('2D SPACE',''
  ) );
#7291 = ORIENTED_EDGE('',*,*,#7292,.T.);
#7292 = EDGE_CURVE('',#7270,#2761,#7293,.T.);
#7293 = SURFACE_CURVE('',#7294,(#7298,#7305),.PCURVE_S1.);
#7294 = LINE('',#7295,#7296);
#7295 = CARTESIAN_POINT('',(69.221005859375,-42.75199249267,32.9));
#7296 = VECTOR('',#7297,1.);
#7297 = DIRECTION('',(0.,0.,1.));
#7298 = PCURVE('',#2836,#7299);
#7299 = DEFINITIONAL_REPRESENTATION('',(#7300),#7304);
#7300 = LINE('',#7301,#7302);
#7301 = CARTESIAN_POINT('',(0.,0.));
#7302 = VECTOR('',#7303,1.);
#7303 = DIRECTION('',(0.,-1.));
#7304 = ( GEOMETRIC_REPRESENTATION_CONTEXT(2) 
PARAMETRIC_REPRESENTATION_CONTEXT() REPRESENTATION_CONTEXT('2D SPACE',''
  ) );
#7305 = PCURVE('',#2798,#7306);
#7306 = DEFINITIONAL_REPRESENTATION('',(#7307),#7311);
#7307 = LINE('',#7308,#7309);
#7308 = CARTESIAN_POINT('',(1.,0.));
#7309 = VECTOR('',#7310,1.);
#7310 = DIRECTION('',(0.,-1.));
#7311 = ( GEOMETRIC_REPRESENTATION_CONTEXT(2) 
PARAMETRIC_REPRESENTATION_CONTEXT() REPRESENTATION_CONTEXT('2D SPACE',''
  ) );
#7312 = ORIENTED_EDGE('',*,*,#2823,.F.);
#7313 = ORIENTED_EDGE('',*,*,#7174,.F.);
#7314 = ADVANCED_FACE('',(#7315),#2402,.F.);
#7315 = FACE_BOUND('',#7316,.F.);
#7316 = EDGE_LOOP('',(#7317,#7340,#7341,#7342));
#7317 = ORIENTED_EDGE('',*,*,#7318,.F.);
#7318 = EDGE_CURVE('',#7221,#7319,#7321,.T.);
#7319 = VERTEX_POINT('',#7320);
#7320 = CARTESIAN_POINT('',(69.275009765625,-45.50000030517,32.9));
#7321 = SURFACE_CURVE('',#7322,(#7326,#7333),.PCURVE_S1.);
#7322 = LINE('',#7323,#7324);
#7323 = CARTESIAN_POINT('',(69.719013671875,-45.50000030517,32.9));
#7324 = VECTOR('',#7325,1.);
#7325 = DIRECTION('',(-1.,0.,0.));
#7326 = PCURVE('',#2402,#7327);
#7327 = DEFINITIONAL_REPRESENTATION('',(#7328),#7332);
#7328 = LINE('',#7329,#7330);
#7329 = CARTESIAN_POINT('',(0.,-0.));
#7330 = VECTOR('',#7331,1.);
#7331 = DIRECTION('',(1.,0.));
#7332 = ( GEOMETRIC_REPRESENTATION_CONTEXT(2) 
PARAMETRIC_REPRESENTATION_CONTEXT() REPRESENTATION_CONTEXT('2D SPACE',''
  ) );
#7333 = PCURVE('',#7162,#7334);
#7334 = DEFINITIONAL_REPRESENTATION('',(#7335),#7339);
#7335 = LINE('',#7336,#7337);
#7336 = CARTESIAN_POINT('',(2.99400390625,0.));
#7337 = VECTOR('',#7338,1.);
#7338 = DIRECTION('',(-1.,0.));
#7339 = ( GEOMETRIC_REPRESENTATION_CONTEXT(2) 
PARAMETRIC_REPRESENTATION_CONTEXT() REPRESENTATION_CONTEXT('2D SPACE',''
  ) );
#7340 = ORIENTED_EDGE('',*,*,#7245,.T.);
#7341 = ORIENTED_EDGE('',*,*,#2387,.F.);
#7342 = ORIENTED_EDGE('',*,*,#7343,.F.);
#7343 = EDGE_CURVE('',#7319,#2388,#7344,.T.);
#7344 = SURFACE_CURVE('',#7345,(#7349,#7356),.PCURVE_S1.);
#7345 = LINE('',#7346,#7347);
#7346 = CARTESIAN_POINT('',(69.275009765625,-45.50000030517,32.9));
#7347 = VECTOR('',#7348,1.);
#7348 = DIRECTION('',(0.,0.,1.));
#7349 = PCURVE('',#2402,#7350);
#7350 = DEFINITIONAL_REPRESENTATION('',(#7351),#7355);
#7351 = LINE('',#7352,#7353);
#7352 = CARTESIAN_POINT('',(0.44400390625,0.));
#7353 = VECTOR('',#7354,1.);
#7354 = DIRECTION('',(0.,-1.));
#7355 = ( GEOMETRIC_REPRESENTATION_CONTEXT(2) 
PARAMETRIC_REPRESENTATION_CONTEXT() REPRESENTATION_CONTEXT('2D SPACE',''
  ) );
#7356 = PCURVE('',#2428,#7357);
#7357 = DEFINITIONAL_REPRESENTATION('',(#7358),#7362);
#7358 = LINE('',#7359,#7360);
#7359 = CARTESIAN_POINT('',(0.,0.));
#7360 = VECTOR('',#7361,1.);
#7361 = DIRECTION('',(0.,-1.));
#7362 = ( GEOMETRIC_REPRESENTATION_CONTEXT(2) 
PARAMETRIC_REPRESENTATION_CONTEXT() REPRESENTATION_CONTEXT('2D SPACE',''
  ) );
#7363 = ADVANCED_FACE('',(#7364),#2798,.F.);
#7364 = FACE_BOUND('',#7365,.F.);
#7365 = EDGE_LOOP('',(#7366,#7389,#7410,#7411));
#7366 = ORIENTED_EDGE('',*,*,#7367,.F.);
#7367 = EDGE_CURVE('',#7368,#7270,#7370,.T.);
#7368 = VERTEX_POINT('',#7369);
#7369 = CARTESIAN_POINT('',(68.255009765625,-42.26599639892,32.9));
#7370 = SURFACE_CURVE('',#7371,(#7375,#7382),.PCURVE_S1.);
#7371 = B_SPLINE_CURVE_WITH_KNOTS('',2,(#7372,#7373,#7374),
  .UNSPECIFIED.,.F.,.F.,(3,3),(0.,1.),.PIECEWISE_BEZIER_KNOTS.);
#7372 = CARTESIAN_POINT('',(68.255009765625,-42.26599639892,32.9));
#7373 = CARTESIAN_POINT('',(68.903017578125,-42.26599639892,32.9));
#7374 = CARTESIAN_POINT('',(69.221005859375,-42.75199249267,32.9));
#7375 = PCURVE('',#2798,#7376);
#7376 = DEFINITIONAL_REPRESENTATION('',(#7377),#7381);
#7377 = LINE('',#7378,#7379);
#7378 = CARTESIAN_POINT('',(0.,0.));
#7379 = VECTOR('',#7380,1.);
#7380 = DIRECTION('',(1.,0.));
#7381 = ( GEOMETRIC_REPRESENTATION_CONTEXT(2) 
PARAMETRIC_REPRESENTATION_CONTEXT() REPRESENTATION_CONTEXT('2D SPACE',''
  ) );
#7382 = PCURVE('',#7162,#7383);
#7383 = DEFINITIONAL_REPRESENTATION('',(#7384),#7388);
#7384 = B_SPLINE_CURVE_WITH_KNOTS('',2,(#7385,#7386,#7387),
  .UNSPECIFIED.,.F.,.F.,(3,3),(0.,1.),.PIECEWISE_BEZIER_KNOTS.);
#7385 = CARTESIAN_POINT('',(1.53,3.23400390625));
#7386 = CARTESIAN_POINT('',(2.1780078125,3.23400390625));
#7387 = CARTESIAN_POINT('',(2.49599609375,2.7480078125));
#7388 = ( GEOMETRIC_REPRESENTATION_CONTEXT(2) 
PARAMETRIC_REPRESENTATION_CONTEXT() REPRESENTATION_CONTEXT('2D SPACE',''
  ) );
#7389 = ORIENTED_EDGE('',*,*,#7390,.T.);
#7390 = EDGE_CURVE('',#7368,#2698,#7391,.T.);
#7391 = SURFACE_CURVE('',#7392,(#7396,#7403),.PCURVE_S1.);
#7392 = LINE('',#7393,#7394);
#7393 = CARTESIAN_POINT('',(68.255009765625,-42.26599639892,32.9));
#7394 = VECTOR('',#7395,1.);
#7395 = DIRECTION('',(0.,0.,1.));
#7396 = PCURVE('',#2798,#7397);
#7397 = DEFINITIONAL_REPRESENTATION('',(#7398),#7402);
#7398 = LINE('',#7399,#7400);
#7399 = CARTESIAN_POINT('',(0.,0.));
#7400 = VECTOR('',#7401,1.);
#7401 = DIRECTION('',(0.,-1.));
#7402 = ( GEOMETRIC_REPRESENTATION_CONTEXT(2) 
PARAMETRIC_REPRESENTATION_CONTEXT() REPRESENTATION_CONTEXT('2D SPACE',''
  ) );
#7403 = PCURVE('',#2735,#7404);
#7404 = DEFINITIONAL_REPRESENTATION('',(#7405),#7409);
#7405 = LINE('',#7406,#7407);
#7406 = CARTESIAN_POINT('',(1.,0.));
#7407 = VECTOR('',#7408,1.);
#7408 = DIRECTION('',(0.,-1.));
#7409 = ( GEOMETRIC_REPRESENTATION_CONTEXT(2) 
PARAMETRIC_REPRESENTATION_CONTEXT() REPRESENTATION_CONTEXT('2D SPACE',''
  ) );
#7410 = ORIENTED_EDGE('',*,*,#2760,.F.);
#7411 = ORIENTED_EDGE('',*,*,#7292,.F.);
#7412 = ADVANCED_FACE('',(#7413),#2428,.F.);
#7413 = FACE_BOUND('',#7414,.F.);
#7414 = EDGE_LOOP('',(#7415,#7438,#7439,#7440));
#7415 = ORIENTED_EDGE('',*,*,#7416,.F.);
#7416 = EDGE_CURVE('',#7319,#7417,#7419,.T.);
#7417 = VERTEX_POINT('',#7418);
#7418 = CARTESIAN_POINT('',(69.275009765625,-45.08599639892,32.9));
#7419 = SURFACE_CURVE('',#7420,(#7424,#7431),.PCURVE_S1.);
#7420 = LINE('',#7421,#7422);
#7421 = CARTESIAN_POINT('',(69.275009765625,-45.50000030517,32.9));
#7422 = VECTOR('',#7423,1.);
#7423 = DIRECTION('',(0.,1.,0.));
#7424 = PCURVE('',#2428,#7425);
#7425 = DEFINITIONAL_REPRESENTATION('',(#7426),#7430);
#7426 = LINE('',#7427,#7428);
#7427 = CARTESIAN_POINT('',(0.,0.));
#7428 = VECTOR('',#7429,1.);
#7429 = DIRECTION('',(1.,0.));
#7430 = ( GEOMETRIC_REPRESENTATION_CONTEXT(2) 
PARAMETRIC_REPRESENTATION_CONTEXT() REPRESENTATION_CONTEXT('2D SPACE',''
  ) );
#7431 = PCURVE('',#7162,#7432);
#7432 = DEFINITIONAL_REPRESENTATION('',(#7433),#7437);
#7433 = LINE('',#7434,#7435);
#7434 = CARTESIAN_POINT('',(2.55,0.));
#7435 = VECTOR('',#7436,1.);
#7436 = DIRECTION('',(0.,1.));
#7437 = ( GEOMETRIC_REPRESENTATION_CONTEXT(2) 
PARAMETRIC_REPRESENTATION_CONTEXT() REPRESENTATION_CONTEXT('2D SPACE',''
  ) );
#7438 = ORIENTED_EDGE('',*,*,#7343,.T.);
#7439 = ORIENTED_EDGE('',*,*,#2413,.F.);
#7440 = ORIENTED_EDGE('',*,*,#7441,.F.);
#7441 = EDGE_CURVE('',#7417,#2414,#7442,.T.);
#7442 = SURFACE_CURVE('',#7443,(#7447,#7454),.PCURVE_S1.);
#7443 = LINE('',#7444,#7445);
#7444 = CARTESIAN_POINT('',(69.275009765625,-45.08599639892,32.9));
#7445 = VECTOR('',#7446,1.);
#7446 = DIRECTION('',(0.,0.,1.));
#7447 = PCURVE('',#2428,#7448);
#7448 = DEFINITIONAL_REPRESENTATION('',(#7449),#7453);
#7449 = LINE('',#7450,#7451);
#7450 = CARTESIAN_POINT('',(0.41400390625,0.));
#7451 = VECTOR('',#7452,1.);
#7452 = DIRECTION('',(0.,-1.));
#7453 = ( GEOMETRIC_REPRESENTATION_CONTEXT(2) 
PARAMETRIC_REPRESENTATION_CONTEXT() REPRESENTATION_CONTEXT('2D SPACE',''
  ) );
#7454 = PCURVE('',#2463,#7455);
#7455 = DEFINITIONAL_REPRESENTATION('',(#7456),#7460);
#7456 = LINE('',#7457,#7458);
#7457 = CARTESIAN_POINT('',(0.,0.));
#7458 = VECTOR('',#7459,1.);
#7459 = DIRECTION('',(0.,-1.));
#7460 = ( GEOMETRIC_REPRESENTATION_CONTEXT(2) 
PARAMETRIC_REPRESENTATION_CONTEXT() REPRESENTATION_CONTEXT('2D SPACE',''
  ) );
#7461 = ADVANCED_FACE('',(#7462),#2735,.F.);
#7462 = FACE_BOUND('',#7463,.F.);
#7463 = EDGE_LOOP('',(#7464,#7487,#7508,#7509));
#7464 = ORIENTED_EDGE('',*,*,#7465,.F.);
#7465 = EDGE_CURVE('',#7466,#7368,#7468,.T.);
#7466 = VERTEX_POINT('',#7467);
#7467 = CARTESIAN_POINT('',(67.274013671875,-42.7189944458,32.9));
#7468 = SURFACE_CURVE('',#7469,(#7473,#7480),.PCURVE_S1.);
#7469 = B_SPLINE_CURVE_WITH_KNOTS('',2,(#7470,#7471,#7472),
  .UNSPECIFIED.,.F.,.F.,(3,3),(0.,1.),.PIECEWISE_BEZIER_KNOTS.);
#7470 = CARTESIAN_POINT('',(67.274013671875,-42.7189944458,32.9));
#7471 = CARTESIAN_POINT('',(67.643017578125,-42.26599639892,32.9));
#7472 = CARTESIAN_POINT('',(68.255009765625,-42.26599639892,32.9));
#7473 = PCURVE('',#2735,#7474);
#7474 = DEFINITIONAL_REPRESENTATION('',(#7475),#7479);
#7475 = LINE('',#7476,#7477);
#7476 = CARTESIAN_POINT('',(0.,0.));
#7477 = VECTOR('',#7478,1.);
#7478 = DIRECTION('',(1.,0.));
#7479 = ( GEOMETRIC_REPRESENTATION_CONTEXT(2) 
PARAMETRIC_REPRESENTATION_CONTEXT() REPRESENTATION_CONTEXT('2D SPACE',''
  ) );
#7480 = PCURVE('',#7162,#7481);
#7481 = DEFINITIONAL_REPRESENTATION('',(#7482),#7486);
#7482 = B_SPLINE_CURVE_WITH_KNOTS('',2,(#7483,#7484,#7485),
  .UNSPECIFIED.,.F.,.F.,(3,3),(0.,1.),.PIECEWISE_BEZIER_KNOTS.);
#7483 = CARTESIAN_POINT('',(0.54900390625,2.781005859375));
#7484 = CARTESIAN_POINT('',(0.9180078125,3.23400390625));
#7485 = CARTESIAN_POINT('',(1.53,3.23400390625));
#7486 = ( GEOMETRIC_REPRESENTATION_CONTEXT(2) 
PARAMETRIC_REPRESENTATION_CONTEXT() REPRESENTATION_CONTEXT('2D SPACE',''
  ) );
#7487 = ORIENTED_EDGE('',*,*,#7488,.T.);
#7488 = EDGE_CURVE('',#7466,#2641,#7489,.T.);
#7489 = SURFACE_CURVE('',#7490,(#7494,#7501),.PCURVE_S1.);
#7490 = LINE('',#7491,#7492);
#7491 = CARTESIAN_POINT('',(67.274013671875,-42.7189944458,32.9));
#7492 = VECTOR('',#7493,1.);
#7493 = DIRECTION('',(0.,0.,1.));
#7494 = PCURVE('',#2735,#7495);
#7495 = DEFINITIONAL_REPRESENTATION('',(#7496),#7500);
#7496 = LINE('',#7497,#7498);
#7497 = CARTESIAN_POINT('',(0.,0.));
#7498 = VECTOR('',#7499,1.);
#7499 = DIRECTION('',(0.,-1.));
#7500 = ( GEOMETRIC_REPRESENTATION_CONTEXT(2) 
PARAMETRIC_REPRESENTATION_CONTEXT() REPRESENTATION_CONTEXT('2D SPACE',''
  ) );
#7501 = PCURVE('',#2674,#7502);
#7502 = DEFINITIONAL_REPRESENTATION('',(#7503),#7507);
#7503 = LINE('',#7504,#7505);
#7504 = CARTESIAN_POINT('',(1.,0.));
#7505 = VECTOR('',#7506,1.);
#7506 = DIRECTION('',(0.,-1.));
#7507 = ( GEOMETRIC_REPRESENTATION_CONTEXT(2) 
PARAMETRIC_REPRESENTATION_CONTEXT() REPRESENTATION_CONTEXT('2D SPACE',''
  ) );
#7508 = ORIENTED_EDGE('',*,*,#2697,.F.);
#7509 = ORIENTED_EDGE('',*,*,#7390,.F.);
#7510 = ADVANCED_FACE('',(#7511),#2463,.F.);
#7511 = FACE_BOUND('',#7512,.F.);
#7512 = EDGE_LOOP('',(#7513,#7536,#7537,#7538));
#7513 = ORIENTED_EDGE('',*,*,#7514,.F.);
#7514 = EDGE_CURVE('',#7417,#7515,#7517,.T.);
#7515 = VERTEX_POINT('',#7516);
#7516 = CARTESIAN_POINT('',(68.83400390625,-45.50900421142,32.9));
#7517 = SURFACE_CURVE('',#7518,(#7522,#7529),.PCURVE_S1.);
#7518 = B_SPLINE_CURVE_WITH_KNOTS('',2,(#7519,#7520,#7521),
  .UNSPECIFIED.,.F.,.F.,(3,3),(0.,1.),.PIECEWISE_BEZIER_KNOTS.);
#7519 = CARTESIAN_POINT('',(69.275009765625,-45.08599639892,32.9));
#7520 = CARTESIAN_POINT('',(69.071005859375,-45.38000030517,32.9));
#7521 = CARTESIAN_POINT('',(68.83400390625,-45.50900421142,32.9));
#7522 = PCURVE('',#2463,#7523);
#7523 = DEFINITIONAL_REPRESENTATION('',(#7524),#7528);
#7524 = LINE('',#7525,#7526);
#7525 = CARTESIAN_POINT('',(0.,0.));
#7526 = VECTOR('',#7527,1.);
#7527 = DIRECTION('',(1.,0.));
#7528 = ( GEOMETRIC_REPRESENTATION_CONTEXT(2) 
PARAMETRIC_REPRESENTATION_CONTEXT() REPRESENTATION_CONTEXT('2D SPACE',''
  ) );
#7529 = PCURVE('',#7162,#7530);
#7530 = DEFINITIONAL_REPRESENTATION('',(#7531),#7535);
#7531 = B_SPLINE_CURVE_WITH_KNOTS('',2,(#7532,#7533,#7534),
  .UNSPECIFIED.,.F.,.F.,(3,3),(0.,1.),.PIECEWISE_BEZIER_KNOTS.);
#7532 = CARTESIAN_POINT('',(2.55,0.41400390625));
#7533 = CARTESIAN_POINT('',(2.34599609375,0.12));
#7534 = CARTESIAN_POINT('',(2.108994140625,-9.003906250001E-03));
#7535 = ( GEOMETRIC_REPRESENTATION_CONTEXT(2) 
PARAMETRIC_REPRESENTATION_CONTEXT() REPRESENTATION_CONTEXT('2D SPACE',''
  ) );
#7536 = ORIENTED_EDGE('',*,*,#7441,.T.);
#7537 = ORIENTED_EDGE('',*,*,#2439,.F.);
#7538 = ORIENTED_EDGE('',*,*,#7539,.F.);
#7539 = EDGE_CURVE('',#7515,#2440,#7540,.T.);
#7540 = SURFACE_CURVE('',#7541,(#7545,#7552),.PCURVE_S1.);
#7541 = LINE('',#7542,#7543);
#7542 = CARTESIAN_POINT('',(68.83400390625,-45.50900421142,32.9));
#7543 = VECTOR('',#7544,1.);
#7544 = DIRECTION('',(0.,0.,1.));
#7545 = PCURVE('',#2463,#7546);
#7546 = DEFINITIONAL_REPRESENTATION('',(#7547),#7551);
#7547 = LINE('',#7548,#7549);
#7548 = CARTESIAN_POINT('',(1.,0.));
#7549 = VECTOR('',#7550,1.);
#7550 = DIRECTION('',(0.,-1.));
#7551 = ( GEOMETRIC_REPRESENTATION_CONTEXT(2) 
PARAMETRIC_REPRESENTATION_CONTEXT() REPRESENTATION_CONTEXT('2D SPACE',''
  ) );
#7552 = PCURVE('',#2503,#7553);
#7553 = DEFINITIONAL_REPRESENTATION('',(#7554),#7558);
#7554 = LINE('',#7555,#7556);
#7555 = CARTESIAN_POINT('',(0.,0.));
#7556 = VECTOR('',#7557,1.);
#7557 = DIRECTION('',(0.,-1.));
#7558 = ( GEOMETRIC_REPRESENTATION_CONTEXT(2) 
PARAMETRIC_REPRESENTATION_CONTEXT() REPRESENTATION_CONTEXT('2D SPACE',''
  ) );
#7559 = ADVANCED_FACE('',(#7560),#2674,.F.);
#7560 = FACE_BOUND('',#7561,.F.);
#7561 = EDGE_LOOP('',(#7562,#7585,#7606,#7607));
#7562 = ORIENTED_EDGE('',*,*,#7563,.F.);
#7563 = EDGE_CURVE('',#7564,#7466,#7566,.T.);
#7564 = VERTEX_POINT('',#7565);
#7565 = CARTESIAN_POINT('',(66.905009765625,-43.92199249267,32.9));
#7566 = SURFACE_CURVE('',#7567,(#7571,#7578),.PCURVE_S1.);
#7567 = B_SPLINE_CURVE_WITH_KNOTS('',2,(#7568,#7569,#7570),
  .UNSPECIFIED.,.F.,.F.,(3,3),(0.,1.),.PIECEWISE_BEZIER_KNOTS.);
#7568 = CARTESIAN_POINT('',(66.905009765625,-43.92199249267,32.9));
#7569 = CARTESIAN_POINT('',(66.905009765625,-43.17199249267,32.9));
#7570 = CARTESIAN_POINT('',(67.274013671875,-42.7189944458,32.9));
#7571 = PCURVE('',#2674,#7572);
#7572 = DEFINITIONAL_REPRESENTATION('',(#7573),#7577);
#7573 = LINE('',#7574,#7575);
#7574 = CARTESIAN_POINT('',(0.,0.));
#7575 = VECTOR('',#7576,1.);
#7576 = DIRECTION('',(1.,0.));
#7577 = ( GEOMETRIC_REPRESENTATION_CONTEXT(2) 
PARAMETRIC_REPRESENTATION_CONTEXT() REPRESENTATION_CONTEXT('2D SPACE',''
  ) );
#7578 = PCURVE('',#7162,#7579);
#7579 = DEFINITIONAL_REPRESENTATION('',(#7580),#7584);
#7580 = B_SPLINE_CURVE_WITH_KNOTS('',2,(#7581,#7582,#7583),
  .UNSPECIFIED.,.F.,.F.,(3,3),(0.,1.),.PIECEWISE_BEZIER_KNOTS.);
#7581 = CARTESIAN_POINT('',(0.18,1.5780078125));
#7582 = CARTESIAN_POINT('',(0.18,2.3280078125));
#7583 = CARTESIAN_POINT('',(0.54900390625,2.781005859375));
#7584 = ( GEOMETRIC_REPRESENTATION_CONTEXT(2) 
PARAMETRIC_REPRESENTATION_CONTEXT() REPRESENTATION_CONTEXT('2D SPACE',''
  ) );
#7585 = ORIENTED_EDGE('',*,*,#7586,.T.);
#7586 = EDGE_CURVE('',#7564,#2584,#7587,.T.);
#7587 = SURFACE_CURVE('',#7588,(#7592,#7599),.PCURVE_S1.);
#7588 = LINE('',#7589,#7590);
#7589 = CARTESIAN_POINT('',(66.905009765625,-43.92199249267,32.9));
#7590 = VECTOR('',#7591,1.);
#7591 = DIRECTION('',(0.,0.,1.));
#7592 = PCURVE('',#2674,#7593);
#7593 = DEFINITIONAL_REPRESENTATION('',(#7594),#7598);
#7594 = LINE('',#7595,#7596);
#7595 = CARTESIAN_POINT('',(0.,0.));
#7596 = VECTOR('',#7597,1.);
#7597 = DIRECTION('',(0.,-1.));
#7598 = ( GEOMETRIC_REPRESENTATION_CONTEXT(2) 
PARAMETRIC_REPRESENTATION_CONTEXT() REPRESENTATION_CONTEXT('2D SPACE',''
  ) );
#7599 = PCURVE('',#2617,#7600);
#7600 = DEFINITIONAL_REPRESENTATION('',(#7601),#7605);
#7601 = LINE('',#7602,#7603);
#7602 = CARTESIAN_POINT('',(1.,0.));
#7603 = VECTOR('',#7604,1.);
#7604 = DIRECTION('',(0.,-1.));
#7605 = ( GEOMETRIC_REPRESENTATION_CONTEXT(2) 
PARAMETRIC_REPRESENTATION_CONTEXT() REPRESENTATION_CONTEXT('2D SPACE',''
  ) );
#7606 = ORIENTED_EDGE('',*,*,#2640,.F.);
#7607 = ORIENTED_EDGE('',*,*,#7488,.F.);
#7608 = ADVANCED_FACE('',(#7609),#2503,.F.);
#7609 = FACE_BOUND('',#7610,.F.);
#7610 = EDGE_LOOP('',(#7611,#7634,#7635,#7636));
#7611 = ORIENTED_EDGE('',*,*,#7612,.F.);
#7612 = EDGE_CURVE('',#7515,#7613,#7615,.T.);
#7613 = VERTEX_POINT('',#7614);
#7614 = CARTESIAN_POINT('',(68.273017578125,-45.63800811767,32.9));
#7615 = SURFACE_CURVE('',#7616,(#7620,#7627),.PCURVE_S1.);
#7616 = B_SPLINE_CURVE_WITH_KNOTS('',2,(#7617,#7618,#7619),
  .UNSPECIFIED.,.F.,.F.,(3,3),(0.,1.),.PIECEWISE_BEZIER_KNOTS.);
#7617 = CARTESIAN_POINT('',(68.83400390625,-45.50900421142,32.9));
#7618 = CARTESIAN_POINT('',(68.597001953125,-45.63800811767,32.9));
#7619 = CARTESIAN_POINT('',(68.273017578125,-45.63800811767,32.9));
#7620 = PCURVE('',#2503,#7621);
#7621 = DEFINITIONAL_REPRESENTATION('',(#7622),#7626);
#7622 = LINE('',#7623,#7624);
#7623 = CARTESIAN_POINT('',(0.,0.));
#7624 = VECTOR('',#7625,1.);
#7625 = DIRECTION('',(1.,0.));
#7626 = ( GEOMETRIC_REPRESENTATION_CONTEXT(2) 
PARAMETRIC_REPRESENTATION_CONTEXT() REPRESENTATION_CONTEXT('2D SPACE',''
  ) );
#7627 = PCURVE('',#7162,#7628);
#7628 = DEFINITIONAL_REPRESENTATION('',(#7629),#7633);
#7629 = B_SPLINE_CURVE_WITH_KNOTS('',2,(#7630,#7631,#7632),
  .UNSPECIFIED.,.F.,.F.,(3,3),(0.,1.),.PIECEWISE_BEZIER_KNOTS.);
#7630 = CARTESIAN_POINT('',(2.108994140625,-9.003906250001E-03));
#7631 = CARTESIAN_POINT('',(1.8719921875,-0.1380078125));
#7632 = CARTESIAN_POINT('',(1.5480078125,-0.1380078125));
#7633 = ( GEOMETRIC_REPRESENTATION_CONTEXT(2) 
PARAMETRIC_REPRESENTATION_CONTEXT() REPRESENTATION_CONTEXT('2D SPACE',''
  ) );
#7634 = ORIENTED_EDGE('',*,*,#7539,.T.);
#7635 = ORIENTED_EDGE('',*,*,#2481,.F.);
#7636 = ORIENTED_EDGE('',*,*,#7637,.F.);
#7637 = EDGE_CURVE('',#7613,#2482,#7638,.T.);
#7638 = SURFACE_CURVE('',#7639,(#7643,#7650),.PCURVE_S1.);
#7639 = LINE('',#7640,#7641);
#7640 = CARTESIAN_POINT('',(68.273017578125,-45.63800811767,32.9));
#7641 = VECTOR('',#7642,1.);
#7642 = DIRECTION('',(0.,0.,1.));
#7643 = PCURVE('',#2503,#7644);
#7644 = DEFINITIONAL_REPRESENTATION('',(#7645),#7649);
#7645 = LINE('',#7646,#7647);
#7646 = CARTESIAN_POINT('',(1.,0.));
#7647 = VECTOR('',#7648,1.);
#7648 = DIRECTION('',(0.,-1.));
#7649 = ( GEOMETRIC_REPRESENTATION_CONTEXT(2) 
PARAMETRIC_REPRESENTATION_CONTEXT() REPRESENTATION_CONTEXT('2D SPACE',''
  ) );
#7650 = PCURVE('',#2558,#7651);
#7651 = DEFINITIONAL_REPRESENTATION('',(#7652),#7656);
#7652 = LINE('',#7653,#7654);
#7653 = CARTESIAN_POINT('',(0.,0.));
#7654 = VECTOR('',#7655,1.);
#7655 = DIRECTION('',(0.,-1.));
#7656 = ( GEOMETRIC_REPRESENTATION_CONTEXT(2) 
PARAMETRIC_REPRESENTATION_CONTEXT() REPRESENTATION_CONTEXT('2D SPACE',''
  ) );
#7657 = ADVANCED_FACE('',(#7658),#2617,.F.);
#7658 = FACE_BOUND('',#7659,.F.);
#7659 = EDGE_LOOP('',(#7660,#7683,#7704,#7705));
#7660 = ORIENTED_EDGE('',*,*,#7661,.F.);
#7661 = EDGE_CURVE('',#7662,#7564,#7664,.T.);
#7662 = VERTEX_POINT('',#7663);
#7663 = CARTESIAN_POINT('',(67.271005859375,-45.17900421142,32.9));
#7664 = SURFACE_CURVE('',#7665,(#7669,#7676),.PCURVE_S1.);
#7665 = B_SPLINE_CURVE_WITH_KNOTS('',2,(#7666,#7667,#7668),
  .UNSPECIFIED.,.F.,.F.,(3,3),(0.,1.),.PIECEWISE_BEZIER_KNOTS.);
#7666 = CARTESIAN_POINT('',(67.271005859375,-45.17900421142,32.9));
#7667 = CARTESIAN_POINT('',(66.905009765625,-44.72000030517,32.9));
#7668 = CARTESIAN_POINT('',(66.905009765625,-43.92199249267,32.9));
#7669 = PCURVE('',#2617,#7670);
#7670 = DEFINITIONAL_REPRESENTATION('',(#7671),#7675);
#7671 = LINE('',#7672,#7673);
#7672 = CARTESIAN_POINT('',(0.,0.));
#7673 = VECTOR('',#7674,1.);
#7674 = DIRECTION('',(1.,0.));
#7675 = ( GEOMETRIC_REPRESENTATION_CONTEXT(2) 
PARAMETRIC_REPRESENTATION_CONTEXT() REPRESENTATION_CONTEXT('2D SPACE',''
  ) );
#7676 = PCURVE('',#7162,#7677);
#7677 = DEFINITIONAL_REPRESENTATION('',(#7678),#7682);
#7678 = B_SPLINE_CURVE_WITH_KNOTS('',2,(#7679,#7680,#7681),
  .UNSPECIFIED.,.F.,.F.,(3,3),(0.,1.),.PIECEWISE_BEZIER_KNOTS.);
#7679 = CARTESIAN_POINT('',(0.54599609375,0.32099609375));
#7680 = CARTESIAN_POINT('',(0.18,0.78));
#7681 = CARTESIAN_POINT('',(0.18,1.5780078125));
#7682 = ( GEOMETRIC_REPRESENTATION_CONTEXT(2) 
PARAMETRIC_REPRESENTATION_CONTEXT() REPRESENTATION_CONTEXT('2D SPACE',''
  ) );
#7683 = ORIENTED_EDGE('',*,*,#7684,.T.);
#7684 = EDGE_CURVE('',#7662,#2521,#7685,.T.);
#7685 = SURFACE_CURVE('',#7686,(#7690,#7697),.PCURVE_S1.);
#7686 = LINE('',#7687,#7688);
#7687 = CARTESIAN_POINT('',(67.271005859375,-45.17900421142,32.9));
#7688 = VECTOR('',#7689,1.);
#7689 = DIRECTION('',(0.,0.,1.));
#7690 = PCURVE('',#2617,#7691);
#7691 = DEFINITIONAL_REPRESENTATION('',(#7692),#7696);
#7692 = LINE('',#7693,#7694);
#7693 = CARTESIAN_POINT('',(0.,0.));
#7694 = VECTOR('',#7695,1.);
#7695 = DIRECTION('',(0.,-1.));
#7696 = ( GEOMETRIC_REPRESENTATION_CONTEXT(2) 
PARAMETRIC_REPRESENTATION_CONTEXT() REPRESENTATION_CONTEXT('2D SPACE',''
  ) );
#7697 = PCURVE('',#2558,#7698);
#7698 = DEFINITIONAL_REPRESENTATION('',(#7699),#7703);
#7699 = LINE('',#7700,#7701);
#7700 = CARTESIAN_POINT('',(1.,0.));
#7701 = VECTOR('',#7702,1.);
#7702 = DIRECTION('',(0.,-1.));
#7703 = ( GEOMETRIC_REPRESENTATION_CONTEXT(2) 
PARAMETRIC_REPRESENTATION_CONTEXT() REPRESENTATION_CONTEXT('2D SPACE',''
  ) );
#7704 = ORIENTED_EDGE('',*,*,#2583,.F.);
#7705 = ORIENTED_EDGE('',*,*,#7586,.F.);
#7706 = ADVANCED_FACE('',(#7707),#2558,.F.);
#7707 = FACE_BOUND('',#7708,.F.);
#7708 = EDGE_LOOP('',(#7709,#7730,#7731,#7732));
#7709 = ORIENTED_EDGE('',*,*,#7710,.F.);
#7710 = EDGE_CURVE('',#7613,#7662,#7711,.T.);
#7711 = SURFACE_CURVE('',#7712,(#7716,#7723),.PCURVE_S1.);
#7712 = B_SPLINE_CURVE_WITH_KNOTS('',2,(#7713,#7714,#7715),
  .UNSPECIFIED.,.F.,.F.,(3,3),(0.,1.),.PIECEWISE_BEZIER_KNOTS.);
#7713 = CARTESIAN_POINT('',(68.273017578125,-45.63800811767,32.9));
#7714 = CARTESIAN_POINT('',(67.637001953125,-45.63800811767,32.9));
#7715 = CARTESIAN_POINT('',(67.271005859375,-45.17900421142,32.9));
#7716 = PCURVE('',#2558,#7717);
#7717 = DEFINITIONAL_REPRESENTATION('',(#7718),#7722);
#7718 = LINE('',#7719,#7720);
#7719 = CARTESIAN_POINT('',(0.,0.));
#7720 = VECTOR('',#7721,1.);
#7721 = DIRECTION('',(1.,0.));
#7722 = ( GEOMETRIC_REPRESENTATION_CONTEXT(2) 
PARAMETRIC_REPRESENTATION_CONTEXT() REPRESENTATION_CONTEXT('2D SPACE',''
  ) );
#7723 = PCURVE('',#7162,#7724);
#7724 = DEFINITIONAL_REPRESENTATION('',(#7725),#7729);
#7725 = B_SPLINE_CURVE_WITH_KNOTS('',2,(#7726,#7727,#7728),
  .UNSPECIFIED.,.F.,.F.,(3,3),(0.,1.),.PIECEWISE_BEZIER_KNOTS.);
#7726 = CARTESIAN_POINT('',(1.5480078125,-0.1380078125));
#7727 = CARTESIAN_POINT('',(0.9119921875,-0.1380078125));
#7728 = CARTESIAN_POINT('',(0.54599609375,0.32099609375));
#7729 = ( GEOMETRIC_REPRESENTATION_CONTEXT(2) 
PARAMETRIC_REPRESENTATION_CONTEXT() REPRESENTATION_CONTEXT('2D SPACE',''
  ) );
#7730 = ORIENTED_EDGE('',*,*,#7637,.T.);
#7731 = ORIENTED_EDGE('',*,*,#2520,.F.);
#7732 = ORIENTED_EDGE('',*,*,#7684,.F.);
#7733 = ADVANCED_FACE('',(#7734),#2866,.F.);
#7734 = FACE_BOUND('',#7735,.F.);
#7735 = EDGE_LOOP('',(#7736,#7766,#7787,#7788));
#7736 = ORIENTED_EDGE('',*,*,#7737,.F.);
#7737 = EDGE_CURVE('',#7738,#7740,#7742,.T.);
#7738 = VERTEX_POINT('',#7739);
#7739 = CARTESIAN_POINT('',(70.427021484375,-45.50000030517,32.9));
#7740 = VERTEX_POINT('',#7741);
#7741 = CARTESIAN_POINT('',(70.427021484375,-42.35599639892,32.9));
#7742 = SURFACE_CURVE('',#7743,(#7747,#7754),.PCURVE_S1.);
#7743 = LINE('',#7744,#7745);
#7744 = CARTESIAN_POINT('',(70.427021484375,-45.50000030517,32.9));
#7745 = VECTOR('',#7746,1.);
#7746 = DIRECTION('',(0.,1.,0.));
#7747 = PCURVE('',#2866,#7748);
#7748 = DEFINITIONAL_REPRESENTATION('',(#7749),#7753);
#7749 = LINE('',#7750,#7751);
#7750 = CARTESIAN_POINT('',(0.,0.));
#7751 = VECTOR('',#7752,1.);
#7752 = DIRECTION('',(1.,0.));
#7753 = ( GEOMETRIC_REPRESENTATION_CONTEXT(2) 
PARAMETRIC_REPRESENTATION_CONTEXT() REPRESENTATION_CONTEXT('2D SPACE',''
  ) );
#7754 = PCURVE('',#7755,#7760);
#7755 = PLANE('',#7756);
#7756 = AXIS2_PLACEMENT_3D('',#7757,#7758,#7759);
#7757 = CARTESIAN_POINT('',(70.067021484375,-45.50000030517,32.9));
#7758 = DIRECTION('',(0.,0.,1.));
#7759 = DIRECTION('',(1.,0.,0.));
#7760 = DEFINITIONAL_REPRESENTATION('',(#7761),#7765);
#7761 = LINE('',#7762,#7763);
#7762 = CARTESIAN_POINT('',(0.36,0.));
#7763 = VECTOR('',#7764,1.);
#7764 = DIRECTION('',(0.,1.));
#7765 = ( GEOMETRIC_REPRESENTATION_CONTEXT(2) 
PARAMETRIC_REPRESENTATION_CONTEXT() REPRESENTATION_CONTEXT('2D SPACE',''
  ) );
#7766 = ORIENTED_EDGE('',*,*,#7767,.T.);
#7767 = EDGE_CURVE('',#7738,#2852,#7768,.T.);
#7768 = SURFACE_CURVE('',#7769,(#7773,#7780),.PCURVE_S1.);
#7769 = LINE('',#7770,#7771);
#7770 = CARTESIAN_POINT('',(70.427021484375,-45.50000030517,32.9));
#7771 = VECTOR('',#7772,1.);
#7772 = DIRECTION('',(0.,0.,1.));
#7773 = PCURVE('',#2866,#7774);
#7774 = DEFINITIONAL_REPRESENTATION('',(#7775),#7779);
#7775 = LINE('',#7776,#7777);
#7776 = CARTESIAN_POINT('',(0.,0.));
#7777 = VECTOR('',#7778,1.);
#7778 = DIRECTION('',(0.,-1.));
#7779 = ( GEOMETRIC_REPRESENTATION_CONTEXT(2) 
PARAMETRIC_REPRESENTATION_CONTEXT() REPRESENTATION_CONTEXT('2D SPACE',''
  ) );
#7780 = PCURVE('',#3889,#7781);
#7781 = DEFINITIONAL_REPRESENTATION('',(#7782),#7786);
#7782 = LINE('',#7783,#7784);
#7783 = CARTESIAN_POINT('',(0.50400390625,0.));
#7784 = VECTOR('',#7785,1.);
#7785 = DIRECTION('',(0.,-1.));
#7786 = ( GEOMETRIC_REPRESENTATION_CONTEXT(2) 
PARAMETRIC_REPRESENTATION_CONTEXT() REPRESENTATION_CONTEXT('2D SPACE',''
  ) );
#7787 = ORIENTED_EDGE('',*,*,#2849,.F.);
#7788 = ORIENTED_EDGE('',*,*,#7789,.F.);
#7789 = EDGE_CURVE('',#7740,#2850,#7790,.T.);
#7790 = SURFACE_CURVE('',#7791,(#7795,#7802),.PCURVE_S1.);
#7791 = LINE('',#7792,#7793);
#7792 = CARTESIAN_POINT('',(70.427021484375,-42.35599639892,32.9));
#7793 = VECTOR('',#7794,1.);
#7794 = DIRECTION('',(0.,0.,1.));
#7795 = PCURVE('',#2866,#7796);
#7796 = DEFINITIONAL_REPRESENTATION('',(#7797),#7801);
#7797 = LINE('',#7798,#7799);
#7798 = CARTESIAN_POINT('',(3.14400390625,0.));
#7799 = VECTOR('',#7800,1.);
#7800 = DIRECTION('',(0.,-1.));
#7801 = ( GEOMETRIC_REPRESENTATION_CONTEXT(2) 
PARAMETRIC_REPRESENTATION_CONTEXT() REPRESENTATION_CONTEXT('2D SPACE',''
  ) );
#7802 = PCURVE('',#2892,#7803);
#7803 = DEFINITIONAL_REPRESENTATION('',(#7804),#7808);
#7804 = LINE('',#7805,#7806);
#7805 = CARTESIAN_POINT('',(0.,0.));
#7806 = VECTOR('',#7807,1.);
#7807 = DIRECTION('',(0.,-1.));
#7808 = ( GEOMETRIC_REPRESENTATION_CONTEXT(2) 
PARAMETRIC_REPRESENTATION_CONTEXT() REPRESENTATION_CONTEXT('2D SPACE',''
  ) );
#7809 = ADVANCED_FACE('',(#7810),#2892,.F.);
#7810 = FACE_BOUND('',#7811,.F.);
#7811 = EDGE_LOOP('',(#7812,#7835,#7836,#7837));
#7812 = ORIENTED_EDGE('',*,*,#7813,.F.);
#7813 = EDGE_CURVE('',#7740,#7814,#7816,.T.);
#7814 = VERTEX_POINT('',#7815);
#7815 = CARTESIAN_POINT('',(70.889013671875,-42.35599639892,32.9));
#7816 = SURFACE_CURVE('',#7817,(#7821,#7828),.PCURVE_S1.);
#7817 = LINE('',#7818,#7819);
#7818 = CARTESIAN_POINT('',(70.427021484375,-42.35599639892,32.9));
#7819 = VECTOR('',#7820,1.);
#7820 = DIRECTION('',(1.,0.,0.));
#7821 = PCURVE('',#2892,#7822);
#7822 = DEFINITIONAL_REPRESENTATION('',(#7823),#7827);
#7823 = LINE('',#7824,#7825);
#7824 = CARTESIAN_POINT('',(0.,0.));
#7825 = VECTOR('',#7826,1.);
#7826 = DIRECTION('',(1.,0.));
#7827 = ( GEOMETRIC_REPRESENTATION_CONTEXT(2) 
PARAMETRIC_REPRESENTATION_CONTEXT() REPRESENTATION_CONTEXT('2D SPACE',''
  ) );
#7828 = PCURVE('',#7755,#7829);
#7829 = DEFINITIONAL_REPRESENTATION('',(#7830),#7834);
#7830 = LINE('',#7831,#7832);
#7831 = CARTESIAN_POINT('',(0.36,3.14400390625));
#7832 = VECTOR('',#7833,1.);
#7833 = DIRECTION('',(1.,0.));
#7834 = ( GEOMETRIC_REPRESENTATION_CONTEXT(2) 
PARAMETRIC_REPRESENTATION_CONTEXT() REPRESENTATION_CONTEXT('2D SPACE',''
  ) );
#7835 = ORIENTED_EDGE('',*,*,#7789,.T.);
#7836 = ORIENTED_EDGE('',*,*,#2877,.F.);
#7837 = ORIENTED_EDGE('',*,*,#7838,.F.);
#7838 = EDGE_CURVE('',#7814,#2878,#7839,.T.);
#7839 = SURFACE_CURVE('',#7840,(#7844,#7851),.PCURVE_S1.);
#7840 = LINE('',#7841,#7842);
#7841 = CARTESIAN_POINT('',(70.889013671875,-42.35599639892,32.9));
#7842 = VECTOR('',#7843,1.);
#7843 = DIRECTION('',(0.,0.,1.));
#7844 = PCURVE('',#2892,#7845);
#7845 = DEFINITIONAL_REPRESENTATION('',(#7846),#7850);
#7846 = LINE('',#7847,#7848);
#7847 = CARTESIAN_POINT('',(0.4619921875,0.));
#7848 = VECTOR('',#7849,1.);
#7849 = DIRECTION('',(0.,-1.));
#7850 = ( GEOMETRIC_REPRESENTATION_CONTEXT(2) 
PARAMETRIC_REPRESENTATION_CONTEXT() REPRESENTATION_CONTEXT('2D SPACE',''
  ) );
#7851 = PCURVE('',#2918,#7852);
#7852 = DEFINITIONAL_REPRESENTATION('',(#7853),#7857);
#7853 = LINE('',#7854,#7855);
#7854 = CARTESIAN_POINT('',(0.,0.));
#7855 = VECTOR('',#7856,1.);
#7856 = DIRECTION('',(0.,-1.));
#7857 = ( GEOMETRIC_REPRESENTATION_CONTEXT(2) 
PARAMETRIC_REPRESENTATION_CONTEXT() REPRESENTATION_CONTEXT('2D SPACE',''
  ) );
#7858 = ADVANCED_FACE('',(#7859),#3889,.F.);
#7859 = FACE_BOUND('',#7860,.F.);
#7860 = EDGE_LOOP('',(#7861,#7884,#7905,#7906));
#7861 = ORIENTED_EDGE('',*,*,#7862,.F.);
#7862 = EDGE_CURVE('',#7863,#7738,#7865,.T.);
#7863 = VERTEX_POINT('',#7864);
#7864 = CARTESIAN_POINT('',(70.931025390625,-45.50000030517,32.9));
#7865 = SURFACE_CURVE('',#7866,(#7870,#7877),.PCURVE_S1.);
#7866 = LINE('',#7867,#7868);
#7867 = CARTESIAN_POINT('',(70.931025390625,-45.50000030517,32.9));
#7868 = VECTOR('',#7869,1.);
#7869 = DIRECTION('',(-1.,0.,0.));
#7870 = PCURVE('',#3889,#7871);
#7871 = DEFINITIONAL_REPRESENTATION('',(#7872),#7876);
#7872 = LINE('',#7873,#7874);
#7873 = CARTESIAN_POINT('',(0.,-0.));
#7874 = VECTOR('',#7875,1.);
#7875 = DIRECTION('',(1.,0.));
#7876 = ( GEOMETRIC_REPRESENTATION_CONTEXT(2) 
PARAMETRIC_REPRESENTATION_CONTEXT() REPRESENTATION_CONTEXT('2D SPACE',''
  ) );
#7877 = PCURVE('',#7755,#7878);
#7878 = DEFINITIONAL_REPRESENTATION('',(#7879),#7883);
#7879 = LINE('',#7880,#7881);
#7880 = CARTESIAN_POINT('',(0.86400390625,0.));
#7881 = VECTOR('',#7882,1.);
#7882 = DIRECTION('',(-1.,0.));
#7883 = ( GEOMETRIC_REPRESENTATION_CONTEXT(2) 
PARAMETRIC_REPRESENTATION_CONTEXT() REPRESENTATION_CONTEXT('2D SPACE',''
  ) );
#7884 = ORIENTED_EDGE('',*,*,#7885,.T.);
#7885 = EDGE_CURVE('',#7863,#3851,#7886,.T.);
#7886 = SURFACE_CURVE('',#7887,(#7891,#7898),.PCURVE_S1.);
#7887 = LINE('',#7888,#7889);
#7888 = CARTESIAN_POINT('',(70.931025390625,-45.50000030517,32.9));
#7889 = VECTOR('',#7890,1.);
#7890 = DIRECTION('',(0.,0.,1.));
#7891 = PCURVE('',#3889,#7892);
#7892 = DEFINITIONAL_REPRESENTATION('',(#7893),#7897);
#7893 = LINE('',#7894,#7895);
#7894 = CARTESIAN_POINT('',(0.,-0.));
#7895 = VECTOR('',#7896,1.);
#7896 = DIRECTION('',(0.,-1.));
#7897 = ( GEOMETRIC_REPRESENTATION_CONTEXT(2) 
PARAMETRIC_REPRESENTATION_CONTEXT() REPRESENTATION_CONTEXT('2D SPACE',''
  ) );
#7898 = PCURVE('',#3865,#7899);
#7899 = DEFINITIONAL_REPRESENTATION('',(#7900),#7904);
#7900 = LINE('',#7901,#7902);
#7901 = CARTESIAN_POINT('',(1.97400390625,0.));
#7902 = VECTOR('',#7903,1.);
#7903 = DIRECTION('',(0.,-1.));
#7904 = ( GEOMETRIC_REPRESENTATION_CONTEXT(2) 
PARAMETRIC_REPRESENTATION_CONTEXT() REPRESENTATION_CONTEXT('2D SPACE',''
  ) );
#7905 = ORIENTED_EDGE('',*,*,#3876,.F.);
#7906 = ORIENTED_EDGE('',*,*,#7767,.F.);
#7907 = ADVANCED_FACE('',(#7908),#2918,.F.);
#7908 = FACE_BOUND('',#7909,.F.);
#7909 = EDGE_LOOP('',(#7910,#7933,#7934,#7935));
#7910 = ORIENTED_EDGE('',*,*,#7911,.F.);
#7911 = EDGE_CURVE('',#7814,#7912,#7914,.T.);
#7912 = VERTEX_POINT('',#7913);
#7913 = CARTESIAN_POINT('',(70.889013671875,-42.80000030517,32.9));
#7914 = SURFACE_CURVE('',#7915,(#7919,#7926),.PCURVE_S1.);
#7915 = LINE('',#7916,#7917);
#7916 = CARTESIAN_POINT('',(70.889013671875,-42.35599639892,32.9));
#7917 = VECTOR('',#7918,1.);
#7918 = DIRECTION('',(0.,-1.,0.));
#7919 = PCURVE('',#2918,#7920);
#7920 = DEFINITIONAL_REPRESENTATION('',(#7921),#7925);
#7921 = LINE('',#7922,#7923);
#7922 = CARTESIAN_POINT('',(0.,0.));
#7923 = VECTOR('',#7924,1.);
#7924 = DIRECTION('',(1.,0.));
#7925 = ( GEOMETRIC_REPRESENTATION_CONTEXT(2) 
PARAMETRIC_REPRESENTATION_CONTEXT() REPRESENTATION_CONTEXT('2D SPACE',''
  ) );
#7926 = PCURVE('',#7755,#7927);
#7927 = DEFINITIONAL_REPRESENTATION('',(#7928),#7932);
#7928 = LINE('',#7929,#7930);
#7929 = CARTESIAN_POINT('',(0.8219921875,3.14400390625));
#7930 = VECTOR('',#7931,1.);
#7931 = DIRECTION('',(0.,-1.));
#7932 = ( GEOMETRIC_REPRESENTATION_CONTEXT(2) 
PARAMETRIC_REPRESENTATION_CONTEXT() REPRESENTATION_CONTEXT('2D SPACE',''
  ) );
#7933 = ORIENTED_EDGE('',*,*,#7838,.T.);
#7934 = ORIENTED_EDGE('',*,*,#2903,.F.);
#7935 = ORIENTED_EDGE('',*,*,#7936,.F.);
#7936 = EDGE_CURVE('',#7912,#2904,#7937,.T.);
#7937 = SURFACE_CURVE('',#7938,(#7942,#7949),.PCURVE_S1.);
#7938 = LINE('',#7939,#7940);
#7939 = CARTESIAN_POINT('',(70.889013671875,-42.80000030517,32.9));
#7940 = VECTOR('',#7941,1.);
#7941 = DIRECTION('',(0.,0.,1.));
#7942 = PCURVE('',#2918,#7943);
#7943 = DEFINITIONAL_REPRESENTATION('',(#7944),#7948);
#7944 = LINE('',#7945,#7946);
#7945 = CARTESIAN_POINT('',(0.44400390625,0.));
#7946 = VECTOR('',#7947,1.);
#7947 = DIRECTION('',(0.,-1.));
#7948 = ( GEOMETRIC_REPRESENTATION_CONTEXT(2) 
PARAMETRIC_REPRESENTATION_CONTEXT() REPRESENTATION_CONTEXT('2D SPACE',''
  ) );
#7949 = PCURVE('',#2953,#7950);
#7950 = DEFINITIONAL_REPRESENTATION('',(#7951),#7955);
#7951 = LINE('',#7952,#7953);
#7952 = CARTESIAN_POINT('',(0.,0.));
#7953 = VECTOR('',#7954,1.);
#7954 = DIRECTION('',(0.,-1.));
#7955 = ( GEOMETRIC_REPRESENTATION_CONTEXT(2) 
PARAMETRIC_REPRESENTATION_CONTEXT() REPRESENTATION_CONTEXT('2D SPACE',''
  ) );
#7956 = ADVANCED_FACE('',(#7957),#3865,.F.);
#7957 = FACE_BOUND('',#7958,.F.);
#7958 = EDGE_LOOP('',(#7959,#7982,#8003,#8004));
#7959 = ORIENTED_EDGE('',*,*,#7960,.F.);
#7960 = EDGE_CURVE('',#7961,#7863,#7963,.T.);
#7961 = VERTEX_POINT('',#7962);
#7962 = CARTESIAN_POINT('',(70.931025390625,-43.52599639892,32.9));
#7963 = SURFACE_CURVE('',#7964,(#7968,#7975),.PCURVE_S1.);
#7964 = LINE('',#7965,#7966);
#7965 = CARTESIAN_POINT('',(70.931025390625,-43.52599639892,32.9));
#7966 = VECTOR('',#7967,1.);
#7967 = DIRECTION('',(0.,-1.,0.));
#7968 = PCURVE('',#3865,#7969);
#7969 = DEFINITIONAL_REPRESENTATION('',(#7970),#7974);
#7970 = LINE('',#7971,#7972);
#7971 = CARTESIAN_POINT('',(0.,0.));
#7972 = VECTOR('',#7973,1.);
#7973 = DIRECTION('',(1.,0.));
#7974 = ( GEOMETRIC_REPRESENTATION_CONTEXT(2) 
PARAMETRIC_REPRESENTATION_CONTEXT() REPRESENTATION_CONTEXT('2D SPACE',''
  ) );
#7975 = PCURVE('',#7755,#7976);
#7976 = DEFINITIONAL_REPRESENTATION('',(#7977),#7981);
#7977 = LINE('',#7978,#7979);
#7978 = CARTESIAN_POINT('',(0.86400390625,1.97400390625));
#7979 = VECTOR('',#7980,1.);
#7980 = DIRECTION('',(0.,-1.));
#7981 = ( GEOMETRIC_REPRESENTATION_CONTEXT(2) 
PARAMETRIC_REPRESENTATION_CONTEXT() REPRESENTATION_CONTEXT('2D SPACE',''
  ) );
#7982 = ORIENTED_EDGE('',*,*,#7983,.T.);
#7983 = EDGE_CURVE('',#7961,#3800,#7984,.T.);
#7984 = SURFACE_CURVE('',#7985,(#7989,#7996),.PCURVE_S1.);
#7985 = LINE('',#7986,#7987);
#7986 = CARTESIAN_POINT('',(70.931025390625,-43.52599639892,32.9));
#7987 = VECTOR('',#7988,1.);
#7988 = DIRECTION('',(0.,0.,1.));
#7989 = PCURVE('',#3865,#7990);
#7990 = DEFINITIONAL_REPRESENTATION('',(#7991),#7995);
#7991 = LINE('',#7992,#7993);
#7992 = CARTESIAN_POINT('',(0.,0.));
#7993 = VECTOR('',#7994,1.);
#7994 = DIRECTION('',(0.,-1.));
#7995 = ( GEOMETRIC_REPRESENTATION_CONTEXT(2) 
PARAMETRIC_REPRESENTATION_CONTEXT() REPRESENTATION_CONTEXT('2D SPACE',''
  ) );
#7996 = PCURVE('',#3829,#7997);
#7997 = DEFINITIONAL_REPRESENTATION('',(#7998),#8002);
#7998 = LINE('',#7999,#8000);
#7999 = CARTESIAN_POINT('',(1.,0.));
#8000 = VECTOR('',#8001,1.);
#8001 = DIRECTION('',(0.,-1.));
#8002 = ( GEOMETRIC_REPRESENTATION_CONTEXT(2) 
PARAMETRIC_REPRESENTATION_CONTEXT() REPRESENTATION_CONTEXT('2D SPACE',''
  ) );
#8003 = ORIENTED_EDGE('',*,*,#3850,.F.);
#8004 = ORIENTED_EDGE('',*,*,#7885,.F.);
#8005 = ADVANCED_FACE('',(#8006),#2953,.F.);
#8006 = FACE_BOUND('',#8007,.F.);
#8007 = EDGE_LOOP('',(#8008,#8031,#8032,#8033));
#8008 = ORIENTED_EDGE('',*,*,#8009,.F.);
#8009 = EDGE_CURVE('',#7912,#8010,#8012,.T.);
#8010 = VERTEX_POINT('',#8011);
#8011 = CARTESIAN_POINT('',(71.318017578125,-42.3920022583,32.9));
#8012 = SURFACE_CURVE('',#8013,(#8017,#8024),.PCURVE_S1.);
#8013 = B_SPLINE_CURVE_WITH_KNOTS('',2,(#8014,#8015,#8016),
  .UNSPECIFIED.,.F.,.F.,(3,3),(0.,1.),.PIECEWISE_BEZIER_KNOTS.);
#8014 = CARTESIAN_POINT('',(70.889013671875,-42.80000030517,32.9));
#8015 = CARTESIAN_POINT('',(71.093017578125,-42.51800811767,32.9));
#8016 = CARTESIAN_POINT('',(71.318017578125,-42.3920022583,32.9));
#8017 = PCURVE('',#2953,#8018);
#8018 = DEFINITIONAL_REPRESENTATION('',(#8019),#8023);
#8019 = LINE('',#8020,#8021);
#8020 = CARTESIAN_POINT('',(0.,0.));
#8021 = VECTOR('',#8022,1.);
#8022 = DIRECTION('',(1.,0.));
#8023 = ( GEOMETRIC_REPRESENTATION_CONTEXT(2) 
PARAMETRIC_REPRESENTATION_CONTEXT() REPRESENTATION_CONTEXT('2D SPACE',''
  ) );
#8024 = PCURVE('',#7755,#8025);
#8025 = DEFINITIONAL_REPRESENTATION('',(#8026),#8030);
#8026 = B_SPLINE_CURVE_WITH_KNOTS('',2,(#8027,#8028,#8029),
  .UNSPECIFIED.,.F.,.F.,(3,3),(0.,1.),.PIECEWISE_BEZIER_KNOTS.);
#8027 = CARTESIAN_POINT('',(0.8219921875,2.7));
#8028 = CARTESIAN_POINT('',(1.02599609375,2.9819921875));
#8029 = CARTESIAN_POINT('',(1.25099609375,3.107998046875));
#8030 = ( GEOMETRIC_REPRESENTATION_CONTEXT(2) 
PARAMETRIC_REPRESENTATION_CONTEXT() REPRESENTATION_CONTEXT('2D SPACE',''
  ) );
#8031 = ORIENTED_EDGE('',*,*,#7936,.T.);
#8032 = ORIENTED_EDGE('',*,*,#2929,.F.);
#8033 = ORIENTED_EDGE('',*,*,#8034,.F.);
#8034 = EDGE_CURVE('',#8010,#2930,#8035,.T.);
#8035 = SURFACE_CURVE('',#8036,(#8040,#8047),.PCURVE_S1.);
#8036 = LINE('',#8037,#8038);
#8037 = CARTESIAN_POINT('',(71.318017578125,-42.3920022583,32.9));
#8038 = VECTOR('',#8039,1.);
#8039 = DIRECTION('',(0.,0.,1.));
#8040 = PCURVE('',#2953,#8041);
#8041 = DEFINITIONAL_REPRESENTATION('',(#8042),#8046);
#8042 = LINE('',#8043,#8044);
#8043 = CARTESIAN_POINT('',(1.,0.));
#8044 = VECTOR('',#8045,1.);
#8045 = DIRECTION('',(0.,-1.));
#8046 = ( GEOMETRIC_REPRESENTATION_CONTEXT(2) 
PARAMETRIC_REPRESENTATION_CONTEXT() REPRESENTATION_CONTEXT('2D SPACE',''
  ) );
#8047 = PCURVE('',#2993,#8048);
#8048 = DEFINITIONAL_REPRESENTATION('',(#8049),#8053);
#8049 = LINE('',#8050,#8051);
#8050 = CARTESIAN_POINT('',(0.,0.));
#8051 = VECTOR('',#8052,1.);
#8052 = DIRECTION('',(0.,-1.));
#8053 = ( GEOMETRIC_REPRESENTATION_CONTEXT(2) 
PARAMETRIC_REPRESENTATION_CONTEXT() REPRESENTATION_CONTEXT('2D SPACE',''
  ) );
#8054 = ADVANCED_FACE('',(#8055),#3829,.F.);
#8055 = FACE_BOUND('',#8056,.F.);
#8056 = EDGE_LOOP('',(#8057,#8080,#8101,#8102));
#8057 = ORIENTED_EDGE('',*,*,#8058,.F.);
#8058 = EDGE_CURVE('',#8059,#7961,#8061,.T.);
#8059 = VERTEX_POINT('',#8060);
#8060 = CARTESIAN_POINT('',(71.147021484375,-42.94400421142,32.9));
#8061 = SURFACE_CURVE('',#8062,(#8066,#8073),.PCURVE_S1.);
#8062 = B_SPLINE_CURVE_WITH_KNOTS('',2,(#8063,#8064,#8065),
  .UNSPECIFIED.,.F.,.F.,(3,3),(0.,1.),.PIECEWISE_BEZIER_KNOTS.);
#8063 = CARTESIAN_POINT('',(71.147021484375,-42.94400421142,32.9));
#8064 = CARTESIAN_POINT('',(70.931025390625,-43.18400421142,32.9));
#8065 = CARTESIAN_POINT('',(70.931025390625,-43.52599639892,32.9));
#8066 = PCURVE('',#3829,#8067);
#8067 = DEFINITIONAL_REPRESENTATION('',(#8068),#8072);
#8068 = LINE('',#8069,#8070);
#8069 = CARTESIAN_POINT('',(0.,0.));
#8070 = VECTOR('',#8071,1.);
#8071 = DIRECTION('',(1.,0.));
#8072 = ( GEOMETRIC_REPRESENTATION_CONTEXT(2) 
PARAMETRIC_REPRESENTATION_CONTEXT() REPRESENTATION_CONTEXT('2D SPACE',''
  ) );
#8073 = PCURVE('',#7755,#8074);
#8074 = DEFINITIONAL_REPRESENTATION('',(#8075),#8079);
#8075 = B_SPLINE_CURVE_WITH_KNOTS('',2,(#8076,#8077,#8078),
  .UNSPECIFIED.,.F.,.F.,(3,3),(0.,1.),.PIECEWISE_BEZIER_KNOTS.);
#8076 = CARTESIAN_POINT('',(1.08,2.55599609375));
#8077 = CARTESIAN_POINT('',(0.86400390625,2.31599609375));
#8078 = CARTESIAN_POINT('',(0.86400390625,1.97400390625));
#8079 = ( GEOMETRIC_REPRESENTATION_CONTEXT(2) 
PARAMETRIC_REPRESENTATION_CONTEXT() REPRESENTATION_CONTEXT('2D SPACE',''
  ) );
#8080 = ORIENTED_EDGE('',*,*,#8081,.T.);
#8081 = EDGE_CURVE('',#8059,#3749,#8082,.T.);
#8082 = SURFACE_CURVE('',#8083,(#8087,#8094),.PCURVE_S1.);
#8083 = LINE('',#8084,#8085);
#8084 = CARTESIAN_POINT('',(71.147021484375,-42.94400421142,32.9));
#8085 = VECTOR('',#8086,1.);
#8086 = DIRECTION('',(0.,0.,1.));
#8087 = PCURVE('',#3829,#8088);
#8088 = DEFINITIONAL_REPRESENTATION('',(#8089),#8093);
#8089 = LINE('',#8090,#8091);
#8090 = CARTESIAN_POINT('',(0.,0.));
#8091 = VECTOR('',#8092,1.);
#8092 = DIRECTION('',(0.,-1.));
#8093 = ( GEOMETRIC_REPRESENTATION_CONTEXT(2) 
PARAMETRIC_REPRESENTATION_CONTEXT() REPRESENTATION_CONTEXT('2D SPACE',''
  ) );
#8094 = PCURVE('',#3778,#8095);
#8095 = DEFINITIONAL_REPRESENTATION('',(#8096),#8100);
#8096 = LINE('',#8097,#8098);
#8097 = CARTESIAN_POINT('',(1.,0.));
#8098 = VECTOR('',#8099,1.);
#8099 = DIRECTION('',(0.,-1.));
#8100 = ( GEOMETRIC_REPRESENTATION_CONTEXT(2) 
PARAMETRIC_REPRESENTATION_CONTEXT() REPRESENTATION_CONTEXT('2D SPACE',''
  ) );
#8101 = ORIENTED_EDGE('',*,*,#3799,.F.);
#8102 = ORIENTED_EDGE('',*,*,#7983,.F.);
#8103 = ADVANCED_FACE('',(#8104),#2993,.F.);
#8104 = FACE_BOUND('',#8105,.F.);
#8105 = EDGE_LOOP('',(#8106,#8129,#8130,#8131));
#8106 = ORIENTED_EDGE('',*,*,#8107,.F.);
#8107 = EDGE_CURVE('',#8010,#8108,#8110,.T.);
#8108 = VERTEX_POINT('',#8109);
#8109 = CARTESIAN_POINT('',(71.855029296875,-42.26599639892,32.9));
#8110 = SURFACE_CURVE('',#8111,(#8115,#8122),.PCURVE_S1.);
#8111 = B_SPLINE_CURVE_WITH_KNOTS('',2,(#8112,#8113,#8114),
  .UNSPECIFIED.,.F.,.F.,(3,3),(0.,1.),.PIECEWISE_BEZIER_KNOTS.);
#8112 = CARTESIAN_POINT('',(71.318017578125,-42.3920022583,32.9));
#8113 = CARTESIAN_POINT('',(71.543017578125,-42.26599639892,32.9));
#8114 = CARTESIAN_POINT('',(71.855029296875,-42.26599639892,32.9));
#8115 = PCURVE('',#2993,#8116);
#8116 = DEFINITIONAL_REPRESENTATION('',(#8117),#8121);
#8117 = LINE('',#8118,#8119);
#8118 = CARTESIAN_POINT('',(0.,0.));
#8119 = VECTOR('',#8120,1.);
#8120 = DIRECTION('',(1.,0.));
#8121 = ( GEOMETRIC_REPRESENTATION_CONTEXT(2) 
PARAMETRIC_REPRESENTATION_CONTEXT() REPRESENTATION_CONTEXT('2D SPACE',''
  ) );
#8122 = PCURVE('',#7755,#8123);
#8123 = DEFINITIONAL_REPRESENTATION('',(#8124),#8128);
#8124 = B_SPLINE_CURVE_WITH_KNOTS('',2,(#8125,#8126,#8127),
  .UNSPECIFIED.,.F.,.F.,(3,3),(0.,1.),.PIECEWISE_BEZIER_KNOTS.);
#8125 = CARTESIAN_POINT('',(1.25099609375,3.107998046875));
#8126 = CARTESIAN_POINT('',(1.47599609375,3.23400390625));
#8127 = CARTESIAN_POINT('',(1.7880078125,3.23400390625));
#8128 = ( GEOMETRIC_REPRESENTATION_CONTEXT(2) 
PARAMETRIC_REPRESENTATION_CONTEXT() REPRESENTATION_CONTEXT('2D SPACE',''
  ) );
#8129 = ORIENTED_EDGE('',*,*,#8034,.T.);
#8130 = ORIENTED_EDGE('',*,*,#2971,.F.);
#8131 = ORIENTED_EDGE('',*,*,#8132,.F.);
#8132 = EDGE_CURVE('',#8108,#2972,#8133,.T.);
#8133 = SURFACE_CURVE('',#8134,(#8138,#8145),.PCURVE_S1.);
#8134 = LINE('',#8135,#8136);
#8135 = CARTESIAN_POINT('',(71.855029296875,-42.26599639892,32.9));
#8136 = VECTOR('',#8137,1.);
#8137 = DIRECTION('',(0.,0.,1.));
#8138 = PCURVE('',#2993,#8139);
#8139 = DEFINITIONAL_REPRESENTATION('',(#8140),#8144);
#8140 = LINE('',#8141,#8142);
#8141 = CARTESIAN_POINT('',(1.,0.));
#8142 = VECTOR('',#8143,1.);
#8143 = DIRECTION('',(0.,-1.));
#8144 = ( GEOMETRIC_REPRESENTATION_CONTEXT(2) 
PARAMETRIC_REPRESENTATION_CONTEXT() REPRESENTATION_CONTEXT('2D SPACE',''
  ) );
#8145 = PCURVE('',#3056,#8146);
#8146 = DEFINITIONAL_REPRESENTATION('',(#8147),#8151);
#8147 = LINE('',#8148,#8149);
#8148 = CARTESIAN_POINT('',(0.,0.));
#8149 = VECTOR('',#8150,1.);
#8150 = DIRECTION('',(0.,-1.));
#8151 = ( GEOMETRIC_REPRESENTATION_CONTEXT(2) 
PARAMETRIC_REPRESENTATION_CONTEXT() REPRESENTATION_CONTEXT('2D SPACE',''
  ) );
#8152 = ADVANCED_FACE('',(#8153),#3778,.F.);
#8153 = FACE_BOUND('',#8154,.F.);
#8154 = EDGE_LOOP('',(#8155,#8178,#8199,#8200));
#8155 = ORIENTED_EDGE('',*,*,#8156,.F.);
#8156 = EDGE_CURVE('',#8157,#8059,#8159,.T.);
#8157 = VERTEX_POINT('',#8158);
#8158 = CARTESIAN_POINT('',(71.669013671875,-42.70400421142,32.9));
#8159 = SURFACE_CURVE('',#8160,(#8164,#8171),.PCURVE_S1.);
#8160 = B_SPLINE_CURVE_WITH_KNOTS('',2,(#8161,#8162,#8163),
  .UNSPECIFIED.,.F.,.F.,(3,3),(0.,1.),.PIECEWISE_BEZIER_KNOTS.);
#8161 = CARTESIAN_POINT('',(71.669013671875,-42.70400421142,32.9));
#8162 = CARTESIAN_POINT('',(71.363017578125,-42.70400421142,32.9));
#8163 = CARTESIAN_POINT('',(71.147021484375,-42.94400421142,32.9));
#8164 = PCURVE('',#3778,#8165);
#8165 = DEFINITIONAL_REPRESENTATION('',(#8166),#8170);
#8166 = LINE('',#8167,#8168);
#8167 = CARTESIAN_POINT('',(0.,0.));
#8168 = VECTOR('',#8169,1.);
#8169 = DIRECTION('',(1.,0.));
#8170 = ( GEOMETRIC_REPRESENTATION_CONTEXT(2) 
PARAMETRIC_REPRESENTATION_CONTEXT() REPRESENTATION_CONTEXT('2D SPACE',''
  ) );
#8171 = PCURVE('',#7755,#8172);
#8172 = DEFINITIONAL_REPRESENTATION('',(#8173),#8177);
#8173 = B_SPLINE_CURVE_WITH_KNOTS('',2,(#8174,#8175,#8176),
  .UNSPECIFIED.,.F.,.F.,(3,3),(0.,1.),.PIECEWISE_BEZIER_KNOTS.);
#8174 = CARTESIAN_POINT('',(1.6019921875,2.79599609375));
#8175 = CARTESIAN_POINT('',(1.29599609375,2.79599609375));
#8176 = CARTESIAN_POINT('',(1.08,2.55599609375));
#8177 = ( GEOMETRIC_REPRESENTATION_CONTEXT(2) 
PARAMETRIC_REPRESENTATION_CONTEXT() REPRESENTATION_CONTEXT('2D SPACE',''
  ) );
#8178 = ORIENTED_EDGE('',*,*,#8179,.T.);
#8179 = EDGE_CURVE('',#8157,#3698,#8180,.T.);
#8180 = SURFACE_CURVE('',#8181,(#8185,#8192),.PCURVE_S1.);
#8181 = LINE('',#8182,#8183);
#8182 = CARTESIAN_POINT('',(71.669013671875,-42.70400421142,32.9));
#8183 = VECTOR('',#8184,1.);
#8184 = DIRECTION('',(0.,0.,1.));
#8185 = PCURVE('',#3778,#8186);
#8186 = DEFINITIONAL_REPRESENTATION('',(#8187),#8191);
#8187 = LINE('',#8188,#8189);
#8188 = CARTESIAN_POINT('',(0.,0.));
#8189 = VECTOR('',#8190,1.);
#8190 = DIRECTION('',(0.,-1.));
#8191 = ( GEOMETRIC_REPRESENTATION_CONTEXT(2) 
PARAMETRIC_REPRESENTATION_CONTEXT() REPRESENTATION_CONTEXT('2D SPACE',''
  ) );
#8192 = PCURVE('',#3727,#8193);
#8193 = DEFINITIONAL_REPRESENTATION('',(#8194),#8198);
#8194 = LINE('',#8195,#8196);
#8195 = CARTESIAN_POINT('',(1.,0.));
#8196 = VECTOR('',#8197,1.);
#8197 = DIRECTION('',(0.,-1.));
#8198 = ( GEOMETRIC_REPRESENTATION_CONTEXT(2) 
PARAMETRIC_REPRESENTATION_CONTEXT() REPRESENTATION_CONTEXT('2D SPACE',''
  ) );
#8199 = ORIENTED_EDGE('',*,*,#3748,.F.);
#8200 = ORIENTED_EDGE('',*,*,#8081,.F.);
#8201 = ADVANCED_FACE('',(#8202),#3056,.F.);
#8202 = FACE_BOUND('',#8203,.F.);
#8203 = EDGE_LOOP('',(#8204,#8227,#8228,#8229));
#8204 = ORIENTED_EDGE('',*,*,#8205,.F.);
#8205 = EDGE_CURVE('',#8108,#8206,#8208,.T.);
#8206 = VERTEX_POINT('',#8207);
#8207 = CARTESIAN_POINT('',(72.701025390625,-42.74599639892,32.9));
#8208 = SURFACE_CURVE('',#8209,(#8213,#8220),.PCURVE_S1.);
#8209 = B_SPLINE_CURVE_WITH_KNOTS('',2,(#8210,#8211,#8212),
  .UNSPECIFIED.,.F.,.F.,(3,3),(0.,1.),.PIECEWISE_BEZIER_KNOTS.);
#8210 = CARTESIAN_POINT('',(71.855029296875,-42.26599639892,32.9));
#8211 = CARTESIAN_POINT('',(72.437021484375,-42.26599639892,32.9));
#8212 = CARTESIAN_POINT('',(72.701025390625,-42.74599639892,32.9));
#8213 = PCURVE('',#3056,#8214);
#8214 = DEFINITIONAL_REPRESENTATION('',(#8215),#8219);
#8215 = LINE('',#8216,#8217);
#8216 = CARTESIAN_POINT('',(0.,0.));
#8217 = VECTOR('',#8218,1.);
#8218 = DIRECTION('',(1.,0.));
#8219 = ( GEOMETRIC_REPRESENTATION_CONTEXT(2) 
PARAMETRIC_REPRESENTATION_CONTEXT() REPRESENTATION_CONTEXT('2D SPACE',''
  ) );
#8220 = PCURVE('',#7755,#8221);
#8221 = DEFINITIONAL_REPRESENTATION('',(#8222),#8226);
#8222 = B_SPLINE_CURVE_WITH_KNOTS('',2,(#8223,#8224,#8225),
  .UNSPECIFIED.,.F.,.F.,(3,3),(0.,1.),.PIECEWISE_BEZIER_KNOTS.);
#8223 = CARTESIAN_POINT('',(1.7880078125,3.23400390625));
#8224 = CARTESIAN_POINT('',(2.37,3.23400390625));
#8225 = CARTESIAN_POINT('',(2.63400390625,2.75400390625));
#8226 = ( GEOMETRIC_REPRESENTATION_CONTEXT(2) 
PARAMETRIC_REPRESENTATION_CONTEXT() REPRESENTATION_CONTEXT('2D SPACE',''
  ) );
#8227 = ORIENTED_EDGE('',*,*,#8132,.T.);
#8228 = ORIENTED_EDGE('',*,*,#3010,.F.);
#8229 = ORIENTED_EDGE('',*,*,#8230,.F.);
#8230 = EDGE_CURVE('',#8206,#3011,#8231,.T.);
#8231 = SURFACE_CURVE('',#8232,(#8236,#8243),.PCURVE_S1.);
#8232 = LINE('',#8233,#8234);
#8233 = CARTESIAN_POINT('',(72.701025390625,-42.74599639892,32.9));
#8234 = VECTOR('',#8235,1.);
#8235 = DIRECTION('',(0.,0.,1.));
#8236 = PCURVE('',#3056,#8237);
#8237 = DEFINITIONAL_REPRESENTATION('',(#8238),#8242);
#8238 = LINE('',#8239,#8240);
#8239 = CARTESIAN_POINT('',(1.,0.));
#8240 = VECTOR('',#8241,1.);
#8241 = DIRECTION('',(0.,-1.));
#8242 = ( GEOMETRIC_REPRESENTATION_CONTEXT(2) 
PARAMETRIC_REPRESENTATION_CONTEXT() REPRESENTATION_CONTEXT('2D SPACE',''
  ) );
#8243 = PCURVE('',#3109,#8244);
#8244 = DEFINITIONAL_REPRESENTATION('',(#8245),#8249);
#8245 = LINE('',#8246,#8247);
#8246 = CARTESIAN_POINT('',(0.,0.));
#8247 = VECTOR('',#8248,1.);
#8248 = DIRECTION('',(0.,-1.));
#8249 = ( GEOMETRIC_REPRESENTATION_CONTEXT(2) 
PARAMETRIC_REPRESENTATION_CONTEXT() REPRESENTATION_CONTEXT('2D SPACE',''
  ) );
#8250 = ADVANCED_FACE('',(#8251),#3727,.F.);
#8251 = FACE_BOUND('',#8252,.F.);
#8252 = EDGE_LOOP('',(#8253,#8276,#8297,#8298));
#8253 = ORIENTED_EDGE('',*,*,#8254,.F.);
#8254 = EDGE_CURVE('',#8255,#8157,#8257,.T.);
#8255 = VERTEX_POINT('',#8256);
#8256 = CARTESIAN_POINT('',(72.09802734375,-42.86900421142,32.9));
#8257 = SURFACE_CURVE('',#8258,(#8262,#8269),.PCURVE_S1.);
#8258 = B_SPLINE_CURVE_WITH_KNOTS('',2,(#8259,#8260,#8261),
  .UNSPECIFIED.,.F.,.F.,(3,3),(0.,1.),.PIECEWISE_BEZIER_KNOTS.);
#8259 = CARTESIAN_POINT('',(72.09802734375,-42.86900421142,32.9));
#8260 = CARTESIAN_POINT('',(71.945029296875,-42.70400421142,32.9));
#8261 = CARTESIAN_POINT('',(71.669013671875,-42.70400421142,32.9));
#8262 = PCURVE('',#3727,#8263);
#8263 = DEFINITIONAL_REPRESENTATION('',(#8264),#8268);
#8264 = LINE('',#8265,#8266);
#8265 = CARTESIAN_POINT('',(0.,0.));
#8266 = VECTOR('',#8267,1.);
#8267 = DIRECTION('',(1.,0.));
#8268 = ( GEOMETRIC_REPRESENTATION_CONTEXT(2) 
PARAMETRIC_REPRESENTATION_CONTEXT() REPRESENTATION_CONTEXT('2D SPACE',''
  ) );
#8269 = PCURVE('',#7755,#8270);
#8270 = DEFINITIONAL_REPRESENTATION('',(#8271),#8275);
#8271 = B_SPLINE_CURVE_WITH_KNOTS('',2,(#8272,#8273,#8274),
  .UNSPECIFIED.,.F.,.F.,(3,3),(0.,1.),.PIECEWISE_BEZIER_KNOTS.);
#8272 = CARTESIAN_POINT('',(2.031005859375,2.63099609375));
#8273 = CARTESIAN_POINT('',(1.8780078125,2.79599609375));
#8274 = CARTESIAN_POINT('',(1.6019921875,2.79599609375));
#8275 = ( GEOMETRIC_REPRESENTATION_CONTEXT(2) 
PARAMETRIC_REPRESENTATION_CONTEXT() REPRESENTATION_CONTEXT('2D SPACE',''
  ) );
#8276 = ORIENTED_EDGE('',*,*,#8277,.T.);
#8277 = EDGE_CURVE('',#8255,#3647,#8278,.T.);
#8278 = SURFACE_CURVE('',#8279,(#8283,#8290),.PCURVE_S1.);
#8279 = LINE('',#8280,#8281);
#8280 = CARTESIAN_POINT('',(72.09802734375,-42.86900421142,32.9));
#8281 = VECTOR('',#8282,1.);
#8282 = DIRECTION('',(0.,0.,1.));
#8283 = PCURVE('',#3727,#8284);
#8284 = DEFINITIONAL_REPRESENTATION('',(#8285),#8289);
#8285 = LINE('',#8286,#8287);
#8286 = CARTESIAN_POINT('',(0.,0.));
#8287 = VECTOR('',#8288,1.);
#8288 = DIRECTION('',(0.,-1.));
#8289 = ( GEOMETRIC_REPRESENTATION_CONTEXT(2) 
PARAMETRIC_REPRESENTATION_CONTEXT() REPRESENTATION_CONTEXT('2D SPACE',''
  ) );
#8290 = PCURVE('',#3676,#8291);
#8291 = DEFINITIONAL_REPRESENTATION('',(#8292),#8296);
#8292 = LINE('',#8293,#8294);
#8293 = CARTESIAN_POINT('',(1.,0.));
#8294 = VECTOR('',#8295,1.);
#8295 = DIRECTION('',(0.,-1.));
#8296 = ( GEOMETRIC_REPRESENTATION_CONTEXT(2) 
PARAMETRIC_REPRESENTATION_CONTEXT() REPRESENTATION_CONTEXT('2D SPACE',''
  ) );
#8297 = ORIENTED_EDGE('',*,*,#3697,.F.);
#8298 = ORIENTED_EDGE('',*,*,#8179,.F.);
#8299 = ADVANCED_FACE('',(#8300),#3109,.F.);
#8300 = FACE_BOUND('',#8301,.F.);
#8301 = EDGE_LOOP('',(#8302,#8325,#8326,#8327));
#8302 = ORIENTED_EDGE('',*,*,#8303,.F.);
#8303 = EDGE_CURVE('',#8206,#8304,#8306,.T.);
#8304 = VERTEX_POINT('',#8305);
#8305 = CARTESIAN_POINT('',(73.1390234375,-42.3739944458,32.9));
#8306 = SURFACE_CURVE('',#8307,(#8311,#8318),.PCURVE_S1.);
#8307 = B_SPLINE_CURVE_WITH_KNOTS('',2,(#8308,#8309,#8310),
  .UNSPECIFIED.,.F.,.F.,(3,3),(0.,1.),.PIECEWISE_BEZIER_KNOTS.);
#8308 = CARTESIAN_POINT('',(72.701025390625,-42.74599639892,32.9));
#8309 = CARTESIAN_POINT('',(72.923017578125,-42.48199249267,32.9));
#8310 = CARTESIAN_POINT('',(73.1390234375,-42.3739944458,32.9));
#8311 = PCURVE('',#3109,#8312);
#8312 = DEFINITIONAL_REPRESENTATION('',(#8313),#8317);
#8313 = LINE('',#8314,#8315);
#8314 = CARTESIAN_POINT('',(0.,0.));
#8315 = VECTOR('',#8316,1.);
#8316 = DIRECTION('',(1.,0.));
#8317 = ( GEOMETRIC_REPRESENTATION_CONTEXT(2) 
PARAMETRIC_REPRESENTATION_CONTEXT() REPRESENTATION_CONTEXT('2D SPACE',''
  ) );
#8318 = PCURVE('',#7755,#8319);
#8319 = DEFINITIONAL_REPRESENTATION('',(#8320),#8324);
#8320 = B_SPLINE_CURVE_WITH_KNOTS('',2,(#8321,#8322,#8323),
  .UNSPECIFIED.,.F.,.F.,(3,3),(0.,1.),.PIECEWISE_BEZIER_KNOTS.);
#8321 = CARTESIAN_POINT('',(2.63400390625,2.75400390625));
#8322 = CARTESIAN_POINT('',(2.85599609375,3.0180078125));
#8323 = CARTESIAN_POINT('',(3.072001953125,3.126005859375));
#8324 = ( GEOMETRIC_REPRESENTATION_CONTEXT(2) 
PARAMETRIC_REPRESENTATION_CONTEXT() REPRESENTATION_CONTEXT('2D SPACE',''
  ) );
#8325 = ORIENTED_EDGE('',*,*,#8230,.T.);
#8326 = ORIENTED_EDGE('',*,*,#3085,.F.);
#8327 = ORIENTED_EDGE('',*,*,#8328,.F.);
#8328 = EDGE_CURVE('',#8304,#3086,#8329,.T.);
#8329 = SURFACE_CURVE('',#8330,(#8334,#8341),.PCURVE_S1.);
#8330 = LINE('',#8331,#8332);
#8331 = CARTESIAN_POINT('',(73.1390234375,-42.3739944458,32.9));
#8332 = VECTOR('',#8333,1.);
#8333 = DIRECTION('',(0.,0.,1.));
#8334 = PCURVE('',#3109,#8335);
#8335 = DEFINITIONAL_REPRESENTATION('',(#8336),#8340);
#8336 = LINE('',#8337,#8338);
#8337 = CARTESIAN_POINT('',(1.,0.));
#8338 = VECTOR('',#8339,1.);
#8339 = DIRECTION('',(0.,-1.));
#8340 = ( GEOMETRIC_REPRESENTATION_CONTEXT(2) 
PARAMETRIC_REPRESENTATION_CONTEXT() REPRESENTATION_CONTEXT('2D SPACE',''
  ) );
#8341 = PCURVE('',#3149,#8342);
#8342 = DEFINITIONAL_REPRESENTATION('',(#8343),#8347);
#8343 = LINE('',#8344,#8345);
#8344 = CARTESIAN_POINT('',(0.,0.));
#8345 = VECTOR('',#8346,1.);
#8346 = DIRECTION('',(0.,-1.));
#8347 = ( GEOMETRIC_REPRESENTATION_CONTEXT(2) 
PARAMETRIC_REPRESENTATION_CONTEXT() REPRESENTATION_CONTEXT('2D SPACE',''
  ) );
#8348 = ADVANCED_FACE('',(#8349),#3676,.F.);
#8349 = FACE_BOUND('',#8350,.F.);
#8350 = EDGE_LOOP('',(#8351,#8374,#8395,#8396));
#8351 = ORIENTED_EDGE('',*,*,#8352,.F.);
#8352 = EDGE_CURVE('',#8353,#8255,#8355,.T.);
#8353 = VERTEX_POINT('',#8354);
#8354 = CARTESIAN_POINT('',(72.251025390625,-43.33400421142,32.9));
#8355 = SURFACE_CURVE('',#8356,(#8360,#8367),.PCURVE_S1.);
#8356 = B_SPLINE_CURVE_WITH_KNOTS('',2,(#8357,#8358,#8359),
  .UNSPECIFIED.,.F.,.F.,(3,3),(0.,1.),.PIECEWISE_BEZIER_KNOTS.);
#8357 = CARTESIAN_POINT('',(72.251025390625,-43.33400421142,32.9));
#8358 = CARTESIAN_POINT('',(72.251025390625,-43.03400421142,32.9));
#8359 = CARTESIAN_POINT('',(72.09802734375,-42.86900421142,32.9));
#8360 = PCURVE('',#3676,#8361);
#8361 = DEFINITIONAL_REPRESENTATION('',(#8362),#8366);
#8362 = LINE('',#8363,#8364);
#8363 = CARTESIAN_POINT('',(0.,0.));
#8364 = VECTOR('',#8365,1.);
#8365 = DIRECTION('',(1.,0.));
#8366 = ( GEOMETRIC_REPRESENTATION_CONTEXT(2) 
PARAMETRIC_REPRESENTATION_CONTEXT() REPRESENTATION_CONTEXT('2D SPACE',''
  ) );
#8367 = PCURVE('',#7755,#8368);
#8368 = DEFINITIONAL_REPRESENTATION('',(#8369),#8373);
#8369 = B_SPLINE_CURVE_WITH_KNOTS('',2,(#8370,#8371,#8372),
  .UNSPECIFIED.,.F.,.F.,(3,3),(0.,1.),.PIECEWISE_BEZIER_KNOTS.);
#8370 = CARTESIAN_POINT('',(2.18400390625,2.16599609375));
#8371 = CARTESIAN_POINT('',(2.18400390625,2.46599609375));
#8372 = CARTESIAN_POINT('',(2.031005859375,2.63099609375));
#8373 = ( GEOMETRIC_REPRESENTATION_CONTEXT(2) 
PARAMETRIC_REPRESENTATION_CONTEXT() REPRESENTATION_CONTEXT('2D SPACE',''
  ) );
#8374 = ORIENTED_EDGE('',*,*,#8375,.T.);
#8375 = EDGE_CURVE('',#8353,#3621,#8376,.T.);
#8376 = SURFACE_CURVE('',#8377,(#8381,#8388),.PCURVE_S1.);
#8377 = LINE('',#8378,#8379);
#8378 = CARTESIAN_POINT('',(72.251025390625,-43.33400421142,32.9));
#8379 = VECTOR('',#8380,1.);
#8380 = DIRECTION('',(0.,0.,1.));
#8381 = PCURVE('',#3676,#8382);
#8382 = DEFINITIONAL_REPRESENTATION('',(#8383),#8387);
#8383 = LINE('',#8384,#8385);
#8384 = CARTESIAN_POINT('',(0.,0.));
#8385 = VECTOR('',#8386,1.);
#8386 = DIRECTION('',(0.,-1.));
#8387 = ( GEOMETRIC_REPRESENTATION_CONTEXT(2) 
PARAMETRIC_REPRESENTATION_CONTEXT() REPRESENTATION_CONTEXT('2D SPACE',''
  ) );
#8388 = PCURVE('',#3635,#8389);
#8389 = DEFINITIONAL_REPRESENTATION('',(#8390),#8394);
#8390 = LINE('',#8391,#8392);
#8391 = CARTESIAN_POINT('',(2.16599609375,0.));
#8392 = VECTOR('',#8393,1.);
#8393 = DIRECTION('',(0.,-1.));
#8394 = ( GEOMETRIC_REPRESENTATION_CONTEXT(2) 
PARAMETRIC_REPRESENTATION_CONTEXT() REPRESENTATION_CONTEXT('2D SPACE',''
  ) );
#8395 = ORIENTED_EDGE('',*,*,#3646,.F.);
#8396 = ORIENTED_EDGE('',*,*,#8277,.F.);
#8397 = ADVANCED_FACE('',(#8398),#3149,.F.);
#8398 = FACE_BOUND('',#8399,.F.);
#8399 = EDGE_LOOP('',(#8400,#8423,#8424,#8425));
#8400 = ORIENTED_EDGE('',*,*,#8401,.F.);
#8401 = EDGE_CURVE('',#8304,#8402,#8404,.T.);
#8402 = VERTEX_POINT('',#8403);
#8403 = CARTESIAN_POINT('',(73.667021484375,-42.26599639892,32.9));
#8404 = SURFACE_CURVE('',#8405,(#8409,#8416),.PCURVE_S1.);
#8405 = B_SPLINE_CURVE_WITH_KNOTS('',2,(#8406,#8407,#8408),
  .UNSPECIFIED.,.F.,.F.,(3,3),(0.,1.),.PIECEWISE_BEZIER_KNOTS.);
#8406 = CARTESIAN_POINT('',(73.1390234375,-42.3739944458,32.9));
#8407 = CARTESIAN_POINT('',(73.355029296875,-42.26599639892,32.9));
#8408 = CARTESIAN_POINT('',(73.667021484375,-42.26599639892,32.9));
#8409 = PCURVE('',#3149,#8410);
#8410 = DEFINITIONAL_REPRESENTATION('',(#8411),#8415);
#8411 = LINE('',#8412,#8413);
#8412 = CARTESIAN_POINT('',(0.,0.));
#8413 = VECTOR('',#8414,1.);
#8414 = DIRECTION('',(1.,0.));
#8415 = ( GEOMETRIC_REPRESENTATION_CONTEXT(2) 
PARAMETRIC_REPRESENTATION_CONTEXT() REPRESENTATION_CONTEXT('2D SPACE',''
  ) );
#8416 = PCURVE('',#7755,#8417);
#8417 = DEFINITIONAL_REPRESENTATION('',(#8418),#8422);
#8418 = B_SPLINE_CURVE_WITH_KNOTS('',2,(#8419,#8420,#8421),
  .UNSPECIFIED.,.F.,.F.,(3,3),(0.,1.),.PIECEWISE_BEZIER_KNOTS.);
#8419 = CARTESIAN_POINT('',(3.072001953125,3.126005859375));
#8420 = CARTESIAN_POINT('',(3.2880078125,3.23400390625));
#8421 = CARTESIAN_POINT('',(3.6,3.23400390625));
#8422 = ( GEOMETRIC_REPRESENTATION_CONTEXT(2) 
PARAMETRIC_REPRESENTATION_CONTEXT() REPRESENTATION_CONTEXT('2D SPACE',''
  ) );
#8423 = ORIENTED_EDGE('',*,*,#8328,.T.);
#8424 = ORIENTED_EDGE('',*,*,#3127,.F.);
#8425 = ORIENTED_EDGE('',*,*,#8426,.F.);
#8426 = EDGE_CURVE('',#8402,#3128,#8427,.T.);
#8427 = SURFACE_CURVE('',#8428,(#8432,#8439),.PCURVE_S1.);
#8428 = LINE('',#8429,#8430);
#8429 = CARTESIAN_POINT('',(73.667021484375,-42.26599639892,32.9));
#8430 = VECTOR('',#8431,1.);
#8431 = DIRECTION('',(0.,0.,1.));
#8432 = PCURVE('',#3149,#8433);
#8433 = DEFINITIONAL_REPRESENTATION('',(#8434),#8438);
#8434 = LINE('',#8435,#8436);
#8435 = CARTESIAN_POINT('',(1.,0.));
#8436 = VECTOR('',#8437,1.);
#8437 = DIRECTION('',(0.,-1.));
#8438 = ( GEOMETRIC_REPRESENTATION_CONTEXT(2) 
PARAMETRIC_REPRESENTATION_CONTEXT() REPRESENTATION_CONTEXT('2D SPACE',''
  ) );
#8439 = PCURVE('',#3204,#8440);
#8440 = DEFINITIONAL_REPRESENTATION('',(#8441),#8445);
#8441 = LINE('',#8442,#8443);
#8442 = CARTESIAN_POINT('',(0.,0.));
#8443 = VECTOR('',#8444,1.);
#8444 = DIRECTION('',(0.,-1.));
#8445 = ( GEOMETRIC_REPRESENTATION_CONTEXT(2) 
PARAMETRIC_REPRESENTATION_CONTEXT() REPRESENTATION_CONTEXT('2D SPACE',''
  ) );
#8446 = ADVANCED_FACE('',(#8447),#3635,.F.);
#8447 = FACE_BOUND('',#8448,.F.);
#8448 = EDGE_LOOP('',(#8449,#8472,#8493,#8494));
#8449 = ORIENTED_EDGE('',*,*,#8450,.F.);
#8450 = EDGE_CURVE('',#8451,#8353,#8453,.T.);
#8451 = VERTEX_POINT('',#8452);
#8452 = CARTESIAN_POINT('',(72.251025390625,-45.50000030517,32.9));
#8453 = SURFACE_CURVE('',#8454,(#8458,#8465),.PCURVE_S1.);
#8454 = LINE('',#8455,#8456);
#8455 = CARTESIAN_POINT('',(72.251025390625,-45.50000030517,32.9));
#8456 = VECTOR('',#8457,1.);
#8457 = DIRECTION('',(0.,1.,0.));
#8458 = PCURVE('',#3635,#8459);
#8459 = DEFINITIONAL_REPRESENTATION('',(#8460),#8464);
#8460 = LINE('',#8461,#8462);
#8461 = CARTESIAN_POINT('',(0.,0.));
#8462 = VECTOR('',#8463,1.);
#8463 = DIRECTION('',(1.,0.));
#8464 = ( GEOMETRIC_REPRESENTATION_CONTEXT(2) 
PARAMETRIC_REPRESENTATION_CONTEXT() REPRESENTATION_CONTEXT('2D SPACE',''
  ) );
#8465 = PCURVE('',#7755,#8466);
#8466 = DEFINITIONAL_REPRESENTATION('',(#8467),#8471);
#8467 = LINE('',#8468,#8469);
#8468 = CARTESIAN_POINT('',(2.18400390625,0.));
#8469 = VECTOR('',#8470,1.);
#8470 = DIRECTION('',(0.,1.));
#8471 = ( GEOMETRIC_REPRESENTATION_CONTEXT(2) 
PARAMETRIC_REPRESENTATION_CONTEXT() REPRESENTATION_CONTEXT('2D SPACE',''
  ) );
#8472 = ORIENTED_EDGE('',*,*,#8473,.T.);
#8473 = EDGE_CURVE('',#8451,#3595,#8474,.T.);
#8474 = SURFACE_CURVE('',#8475,(#8479,#8486),.PCURVE_S1.);
#8475 = LINE('',#8476,#8477);
#8476 = CARTESIAN_POINT('',(72.251025390625,-45.50000030517,32.9));
#8477 = VECTOR('',#8478,1.);
#8478 = DIRECTION('',(0.,0.,1.));
#8479 = PCURVE('',#3635,#8480);
#8480 = DEFINITIONAL_REPRESENTATION('',(#8481),#8485);
#8481 = LINE('',#8482,#8483);
#8482 = CARTESIAN_POINT('',(0.,0.));
#8483 = VECTOR('',#8484,1.);
#8484 = DIRECTION('',(0.,-1.));
#8485 = ( GEOMETRIC_REPRESENTATION_CONTEXT(2) 
PARAMETRIC_REPRESENTATION_CONTEXT() REPRESENTATION_CONTEXT('2D SPACE',''
  ) );
#8486 = PCURVE('',#3609,#8487);
#8487 = DEFINITIONAL_REPRESENTATION('',(#8488),#8492);
#8488 = LINE('',#8489,#8490);
#8489 = CARTESIAN_POINT('',(0.50400390625,0.));
#8490 = VECTOR('',#8491,1.);
#8491 = DIRECTION('',(0.,-1.));
#8492 = ( GEOMETRIC_REPRESENTATION_CONTEXT(2) 
PARAMETRIC_REPRESENTATION_CONTEXT() REPRESENTATION_CONTEXT('2D SPACE',''
  ) );
#8493 = ORIENTED_EDGE('',*,*,#3620,.F.);
#8494 = ORIENTED_EDGE('',*,*,#8375,.F.);
#8495 = ADVANCED_FACE('',(#8496),#3204,.F.);
#8496 = FACE_BOUND('',#8497,.F.);
#8497 = EDGE_LOOP('',(#8498,#8521,#8522,#8523));
#8498 = ORIENTED_EDGE('',*,*,#8499,.F.);
#8499 = EDGE_CURVE('',#8402,#8500,#8502,.T.);
#8500 = VERTEX_POINT('',#8501);
#8501 = CARTESIAN_POINT('',(74.342021484375,-42.49099639892,32.9));
#8502 = SURFACE_CURVE('',#8503,(#8507,#8514),.PCURVE_S1.);
#8503 = B_SPLINE_CURVE_WITH_KNOTS('',2,(#8504,#8505,#8506),
  .UNSPECIFIED.,.F.,.F.,(3,3),(0.,1.),.PIECEWISE_BEZIER_KNOTS.);
#8504 = CARTESIAN_POINT('',(73.667021484375,-42.26599639892,32.9));
#8505 = CARTESIAN_POINT('',(74.105029296875,-42.26599639892,32.9));
#8506 = CARTESIAN_POINT('',(74.342021484375,-42.49099639892,32.9));
#8507 = PCURVE('',#3204,#8508);
#8508 = DEFINITIONAL_REPRESENTATION('',(#8509),#8513);
#8509 = LINE('',#8510,#8511);
#8510 = CARTESIAN_POINT('',(0.,0.));
#8511 = VECTOR('',#8512,1.);
#8512 = DIRECTION('',(1.,0.));
#8513 = ( GEOMETRIC_REPRESENTATION_CONTEXT(2) 
PARAMETRIC_REPRESENTATION_CONTEXT() REPRESENTATION_CONTEXT('2D SPACE',''
  ) );
#8514 = PCURVE('',#7755,#8515);
#8515 = DEFINITIONAL_REPRESENTATION('',(#8516),#8520);
#8516 = B_SPLINE_CURVE_WITH_KNOTS('',2,(#8517,#8518,#8519),
  .UNSPECIFIED.,.F.,.F.,(3,3),(0.,1.),.PIECEWISE_BEZIER_KNOTS.);
#8517 = CARTESIAN_POINT('',(3.6,3.23400390625));
#8518 = CARTESIAN_POINT('',(4.0380078125,3.23400390625));
#8519 = CARTESIAN_POINT('',(4.275,3.00900390625));
#8520 = ( GEOMETRIC_REPRESENTATION_CONTEXT(2) 
PARAMETRIC_REPRESENTATION_CONTEXT() REPRESENTATION_CONTEXT('2D SPACE',''
  ) );
#8521 = ORIENTED_EDGE('',*,*,#8426,.T.);
#8522 = ORIENTED_EDGE('',*,*,#3166,.F.);
#8523 = ORIENTED_EDGE('',*,*,#8524,.F.);
#8524 = EDGE_CURVE('',#8500,#3167,#8525,.T.);
#8525 = SURFACE_CURVE('',#8526,(#8530,#8537),.PCURVE_S1.);
#8526 = LINE('',#8527,#8528);
#8527 = CARTESIAN_POINT('',(74.342021484375,-42.49099639892,32.9));
#8528 = VECTOR('',#8529,1.);
#8529 = DIRECTION('',(0.,0.,1.));
#8530 = PCURVE('',#3204,#8531);
#8531 = DEFINITIONAL_REPRESENTATION('',(#8532),#8536);
#8532 = LINE('',#8533,#8534);
#8533 = CARTESIAN_POINT('',(1.,0.));
#8534 = VECTOR('',#8535,1.);
#8535 = DIRECTION('',(0.,-1.));
#8536 = ( GEOMETRIC_REPRESENTATION_CONTEXT(2) 
PARAMETRIC_REPRESENTATION_CONTEXT() REPRESENTATION_CONTEXT('2D SPACE',''
  ) );
#8537 = PCURVE('',#3263,#8538);
#8538 = DEFINITIONAL_REPRESENTATION('',(#8539),#8543);
#8539 = LINE('',#8540,#8541);
#8540 = CARTESIAN_POINT('',(0.,0.));
#8541 = VECTOR('',#8542,1.);
#8542 = DIRECTION('',(0.,-1.));
#8543 = ( GEOMETRIC_REPRESENTATION_CONTEXT(2) 
PARAMETRIC_REPRESENTATION_CONTEXT() REPRESENTATION_CONTEXT('2D SPACE',''
  ) );
#8544 = ADVANCED_FACE('',(#8545),#3609,.F.);
#8545 = FACE_BOUND('',#8546,.F.);
#8546 = EDGE_LOOP('',(#8547,#8570,#8591,#8592));
#8547 = ORIENTED_EDGE('',*,*,#8548,.F.);
#8548 = EDGE_CURVE('',#8549,#8451,#8551,.T.);
#8549 = VERTEX_POINT('',#8550);
#8550 = CARTESIAN_POINT('',(72.755029296875,-45.50000030517,32.9));
#8551 = SURFACE_CURVE('',#8552,(#8556,#8563),.PCURVE_S1.);
#8552 = LINE('',#8553,#8554);
#8553 = CARTESIAN_POINT('',(72.755029296875,-45.50000030517,32.9));
#8554 = VECTOR('',#8555,1.);
#8555 = DIRECTION('',(-1.,0.,0.));
#8556 = PCURVE('',#3609,#8557);
#8557 = DEFINITIONAL_REPRESENTATION('',(#8558),#8562);
#8558 = LINE('',#8559,#8560);
#8559 = CARTESIAN_POINT('',(0.,-0.));
#8560 = VECTOR('',#8561,1.);
#8561 = DIRECTION('',(1.,0.));
#8562 = ( GEOMETRIC_REPRESENTATION_CONTEXT(2) 
PARAMETRIC_REPRESENTATION_CONTEXT() REPRESENTATION_CONTEXT('2D SPACE',''
  ) );
#8563 = PCURVE('',#7755,#8564);
#8564 = DEFINITIONAL_REPRESENTATION('',(#8565),#8569);
#8565 = LINE('',#8566,#8567);
#8566 = CARTESIAN_POINT('',(2.6880078125,0.));
#8567 = VECTOR('',#8568,1.);
#8568 = DIRECTION('',(-1.,0.));
#8569 = ( GEOMETRIC_REPRESENTATION_CONTEXT(2) 
PARAMETRIC_REPRESENTATION_CONTEXT() REPRESENTATION_CONTEXT('2D SPACE',''
  ) );
#8570 = ORIENTED_EDGE('',*,*,#8571,.T.);
#8571 = EDGE_CURVE('',#8549,#3569,#8572,.T.);
#8572 = SURFACE_CURVE('',#8573,(#8577,#8584),.PCURVE_S1.);
#8573 = LINE('',#8574,#8575);
#8574 = CARTESIAN_POINT('',(72.755029296875,-45.50000030517,32.9));
#8575 = VECTOR('',#8576,1.);
#8576 = DIRECTION('',(0.,0.,1.));
#8577 = PCURVE('',#3609,#8578);
#8578 = DEFINITIONAL_REPRESENTATION('',(#8579),#8583);
#8579 = LINE('',#8580,#8581);
#8580 = CARTESIAN_POINT('',(0.,-0.));
#8581 = VECTOR('',#8582,1.);
#8582 = DIRECTION('',(0.,-1.));
#8583 = ( GEOMETRIC_REPRESENTATION_CONTEXT(2) 
PARAMETRIC_REPRESENTATION_CONTEXT() REPRESENTATION_CONTEXT('2D SPACE',''
  ) );
#8584 = PCURVE('',#3583,#8585);
#8585 = DEFINITIONAL_REPRESENTATION('',(#8586),#8590);
#8586 = LINE('',#8587,#8588);
#8587 = CARTESIAN_POINT('',(1.97400390625,0.));
#8588 = VECTOR('',#8589,1.);
#8589 = DIRECTION('',(0.,-1.));
#8590 = ( GEOMETRIC_REPRESENTATION_CONTEXT(2) 
PARAMETRIC_REPRESENTATION_CONTEXT() REPRESENTATION_CONTEXT('2D SPACE',''
  ) );
#8591 = ORIENTED_EDGE('',*,*,#3594,.F.);
#8592 = ORIENTED_EDGE('',*,*,#8473,.F.);
#8593 = ADVANCED_FACE('',(#8594),#3263,.F.);
#8594 = FACE_BOUND('',#8595,.F.);
#8595 = EDGE_LOOP('',(#8596,#8619,#8620,#8621));
#8596 = ORIENTED_EDGE('',*,*,#8597,.F.);
#8597 = EDGE_CURVE('',#8500,#8598,#8600,.T.);
#8598 = VERTEX_POINT('',#8599);
#8599 = CARTESIAN_POINT('',(74.579013671875,-43.14199249267,32.9));
#8600 = SURFACE_CURVE('',#8601,(#8605,#8612),.PCURVE_S1.);
#8601 = B_SPLINE_CURVE_WITH_KNOTS('',2,(#8602,#8603,#8604),
  .UNSPECIFIED.,.F.,.F.,(3,3),(0.,1.),.PIECEWISE_BEZIER_KNOTS.);
#8602 = CARTESIAN_POINT('',(74.342021484375,-42.49099639892,32.9));
#8603 = CARTESIAN_POINT('',(74.579013671875,-42.71599639892,32.9));
#8604 = CARTESIAN_POINT('',(74.579013671875,-43.14199249267,32.9));
#8605 = PCURVE('',#3263,#8606);
#8606 = DEFINITIONAL_REPRESENTATION('',(#8607),#8611);
#8607 = LINE('',#8608,#8609);
#8608 = CARTESIAN_POINT('',(0.,0.));
#8609 = VECTOR('',#8610,1.);
#8610 = DIRECTION('',(1.,0.));
#8611 = ( GEOMETRIC_REPRESENTATION_CONTEXT(2) 
PARAMETRIC_REPRESENTATION_CONTEXT() REPRESENTATION_CONTEXT('2D SPACE',''
  ) );
#8612 = PCURVE('',#7755,#8613);
#8613 = DEFINITIONAL_REPRESENTATION('',(#8614),#8618);
#8614 = B_SPLINE_CURVE_WITH_KNOTS('',2,(#8615,#8616,#8617),
  .UNSPECIFIED.,.F.,.F.,(3,3),(0.,1.),.PIECEWISE_BEZIER_KNOTS.);
#8615 = CARTESIAN_POINT('',(4.275,3.00900390625));
#8616 = CARTESIAN_POINT('',(4.5119921875,2.78400390625));
#8617 = CARTESIAN_POINT('',(4.5119921875,2.3580078125));
#8618 = ( GEOMETRIC_REPRESENTATION_CONTEXT(2) 
PARAMETRIC_REPRESENTATION_CONTEXT() REPRESENTATION_CONTEXT('2D SPACE',''
  ) );
#8619 = ORIENTED_EDGE('',*,*,#8524,.T.);
#8620 = ORIENTED_EDGE('',*,*,#3229,.F.);
#8621 = ORIENTED_EDGE('',*,*,#8622,.F.);
#8622 = EDGE_CURVE('',#8598,#3230,#8623,.T.);
#8623 = SURFACE_CURVE('',#8624,(#8628,#8635),.PCURVE_S1.);
#8624 = LINE('',#8625,#8626);
#8625 = CARTESIAN_POINT('',(74.579013671875,-43.14199249267,32.9));
#8626 = VECTOR('',#8627,1.);
#8627 = DIRECTION('',(0.,0.,1.));
#8628 = PCURVE('',#3263,#8629);
#8629 = DEFINITIONAL_REPRESENTATION('',(#8630),#8634);
#8630 = LINE('',#8631,#8632);
#8631 = CARTESIAN_POINT('',(1.,0.));
#8632 = VECTOR('',#8633,1.);
#8633 = DIRECTION('',(0.,-1.));
#8634 = ( GEOMETRIC_REPRESENTATION_CONTEXT(2) 
PARAMETRIC_REPRESENTATION_CONTEXT() REPRESENTATION_CONTEXT('2D SPACE',''
  ) );
#8635 = PCURVE('',#3301,#8636);
#8636 = DEFINITIONAL_REPRESENTATION('',(#8637),#8641);
#8637 = LINE('',#8638,#8639);
#8638 = CARTESIAN_POINT('',(0.,0.));
#8639 = VECTOR('',#8640,1.);
#8640 = DIRECTION('',(0.,-1.));
#8641 = ( GEOMETRIC_REPRESENTATION_CONTEXT(2) 
PARAMETRIC_REPRESENTATION_CONTEXT() REPRESENTATION_CONTEXT('2D SPACE',''
  ) );
#8642 = ADVANCED_FACE('',(#8643),#3583,.F.);
#8643 = FACE_BOUND('',#8644,.F.);
#8644 = EDGE_LOOP('',(#8645,#8668,#8689,#8690));
#8645 = ORIENTED_EDGE('',*,*,#8646,.F.);
#8646 = EDGE_CURVE('',#8647,#8549,#8649,.T.);
#8647 = VERTEX_POINT('',#8648);
#8648 = CARTESIAN_POINT('',(72.755029296875,-43.52599639892,32.9));
#8649 = SURFACE_CURVE('',#8650,(#8654,#8661),.PCURVE_S1.);
#8650 = LINE('',#8651,#8652);
#8651 = CARTESIAN_POINT('',(72.755029296875,-43.52599639892,32.9));
#8652 = VECTOR('',#8653,1.);
#8653 = DIRECTION('',(0.,-1.,0.));
#8654 = PCURVE('',#3583,#8655);
#8655 = DEFINITIONAL_REPRESENTATION('',(#8656),#8660);
#8656 = LINE('',#8657,#8658);
#8657 = CARTESIAN_POINT('',(0.,0.));
#8658 = VECTOR('',#8659,1.);
#8659 = DIRECTION('',(1.,0.));
#8660 = ( GEOMETRIC_REPRESENTATION_CONTEXT(2) 
PARAMETRIC_REPRESENTATION_CONTEXT() REPRESENTATION_CONTEXT('2D SPACE',''
  ) );
#8661 = PCURVE('',#7755,#8662);
#8662 = DEFINITIONAL_REPRESENTATION('',(#8663),#8667);
#8663 = LINE('',#8664,#8665);
#8664 = CARTESIAN_POINT('',(2.6880078125,1.97400390625));
#8665 = VECTOR('',#8666,1.);
#8666 = DIRECTION('',(0.,-1.));
#8667 = ( GEOMETRIC_REPRESENTATION_CONTEXT(2) 
PARAMETRIC_REPRESENTATION_CONTEXT() REPRESENTATION_CONTEXT('2D SPACE',''
  ) );
#8668 = ORIENTED_EDGE('',*,*,#8669,.T.);
#8669 = EDGE_CURVE('',#8647,#3518,#8670,.T.);
#8670 = SURFACE_CURVE('',#8671,(#8675,#8682),.PCURVE_S1.);
#8671 = LINE('',#8672,#8673);
#8672 = CARTESIAN_POINT('',(72.755029296875,-43.52599639892,32.9));
#8673 = VECTOR('',#8674,1.);
#8674 = DIRECTION('',(0.,0.,1.));
#8675 = PCURVE('',#3583,#8676);
#8676 = DEFINITIONAL_REPRESENTATION('',(#8677),#8681);
#8677 = LINE('',#8678,#8679);
#8678 = CARTESIAN_POINT('',(0.,0.));
#8679 = VECTOR('',#8680,1.);
#8680 = DIRECTION('',(0.,-1.));
#8681 = ( GEOMETRIC_REPRESENTATION_CONTEXT(2) 
PARAMETRIC_REPRESENTATION_CONTEXT() REPRESENTATION_CONTEXT('2D SPACE',''
  ) );
#8682 = PCURVE('',#3547,#8683);
#8683 = DEFINITIONAL_REPRESENTATION('',(#8684),#8688);
#8684 = LINE('',#8685,#8686);
#8685 = CARTESIAN_POINT('',(1.,0.));
#8686 = VECTOR('',#8687,1.);
#8687 = DIRECTION('',(0.,-1.));
#8688 = ( GEOMETRIC_REPRESENTATION_CONTEXT(2) 
PARAMETRIC_REPRESENTATION_CONTEXT() REPRESENTATION_CONTEXT('2D SPACE',''
  ) );
#8689 = ORIENTED_EDGE('',*,*,#3568,.F.);
#8690 = ORIENTED_EDGE('',*,*,#8571,.F.);
#8691 = ADVANCED_FACE('',(#8692),#3301,.F.);
#8692 = FACE_BOUND('',#8693,.F.);
#8693 = EDGE_LOOP('',(#8694,#8717,#8718,#8719));
#8694 = ORIENTED_EDGE('',*,*,#8695,.F.);
#8695 = EDGE_CURVE('',#8598,#8696,#8698,.T.);
#8696 = VERTEX_POINT('',#8697);
#8697 = CARTESIAN_POINT('',(74.579013671875,-45.50000030517,32.9));
#8698 = SURFACE_CURVE('',#8699,(#8703,#8710),.PCURVE_S1.);
#8699 = LINE('',#8700,#8701);
#8700 = CARTESIAN_POINT('',(74.579013671875,-43.14199249267,32.9));
#8701 = VECTOR('',#8702,1.);
#8702 = DIRECTION('',(0.,-1.,0.));
#8703 = PCURVE('',#3301,#8704);
#8704 = DEFINITIONAL_REPRESENTATION('',(#8705),#8709);
#8705 = LINE('',#8706,#8707);
#8706 = CARTESIAN_POINT('',(0.,0.));
#8707 = VECTOR('',#8708,1.);
#8708 = DIRECTION('',(1.,0.));
#8709 = ( GEOMETRIC_REPRESENTATION_CONTEXT(2) 
PARAMETRIC_REPRESENTATION_CONTEXT() REPRESENTATION_CONTEXT('2D SPACE',''
  ) );
#8710 = PCURVE('',#7755,#8711);
#8711 = DEFINITIONAL_REPRESENTATION('',(#8712),#8716);
#8712 = LINE('',#8713,#8714);
#8713 = CARTESIAN_POINT('',(4.5119921875,2.3580078125));
#8714 = VECTOR('',#8715,1.);
#8715 = DIRECTION('',(0.,-1.));
#8716 = ( GEOMETRIC_REPRESENTATION_CONTEXT(2) 
PARAMETRIC_REPRESENTATION_CONTEXT() REPRESENTATION_CONTEXT('2D SPACE',''
  ) );
#8717 = ORIENTED_EDGE('',*,*,#8622,.T.);
#8718 = ORIENTED_EDGE('',*,*,#3286,.F.);
#8719 = ORIENTED_EDGE('',*,*,#8720,.F.);
#8720 = EDGE_CURVE('',#8696,#3287,#8721,.T.);
#8721 = SURFACE_CURVE('',#8722,(#8726,#8733),.PCURVE_S1.);
#8722 = LINE('',#8723,#8724);
#8723 = CARTESIAN_POINT('',(74.579013671875,-45.50000030517,32.9));
#8724 = VECTOR('',#8725,1.);
#8725 = DIRECTION('',(0.,0.,1.));
#8726 = PCURVE('',#3301,#8727);
#8727 = DEFINITIONAL_REPRESENTATION('',(#8728),#8732);
#8728 = LINE('',#8729,#8730);
#8729 = CARTESIAN_POINT('',(2.3580078125,0.));
#8730 = VECTOR('',#8731,1.);
#8731 = DIRECTION('',(0.,-1.));
#8732 = ( GEOMETRIC_REPRESENTATION_CONTEXT(2) 
PARAMETRIC_REPRESENTATION_CONTEXT() REPRESENTATION_CONTEXT('2D SPACE',''
  ) );
#8733 = PCURVE('',#3327,#8734);
#8734 = DEFINITIONAL_REPRESENTATION('',(#8735),#8739);
#8735 = LINE('',#8736,#8737);
#8736 = CARTESIAN_POINT('',(0.,-0.));
#8737 = VECTOR('',#8738,1.);
#8738 = DIRECTION('',(0.,-1.));
#8739 = ( GEOMETRIC_REPRESENTATION_CONTEXT(2) 
PARAMETRIC_REPRESENTATION_CONTEXT() REPRESENTATION_CONTEXT('2D SPACE',''
  ) );
#8740 = ADVANCED_FACE('',(#8741),#3547,.F.);
#8741 = FACE_BOUND('',#8742,.F.);
#8742 = EDGE_LOOP('',(#8743,#8766,#8787,#8788));
#8743 = ORIENTED_EDGE('',*,*,#8744,.F.);
#8744 = EDGE_CURVE('',#8745,#8647,#8747,.T.);
#8745 = VERTEX_POINT('',#8746);
#8746 = CARTESIAN_POINT('',(72.971025390625,-42.94400421142,32.9));
#8747 = SURFACE_CURVE('',#8748,(#8752,#8759),.PCURVE_S1.);
#8748 = B_SPLINE_CURVE_WITH_KNOTS('',2,(#8749,#8750,#8751),
  .UNSPECIFIED.,.F.,.F.,(3,3),(0.,1.),.PIECEWISE_BEZIER_KNOTS.);
#8749 = CARTESIAN_POINT('',(72.971025390625,-42.94400421142,32.9));
#8750 = CARTESIAN_POINT('',(72.755029296875,-43.18400421142,32.9));
#8751 = CARTESIAN_POINT('',(72.755029296875,-43.52599639892,32.9));
#8752 = PCURVE('',#3547,#8753);
#8753 = DEFINITIONAL_REPRESENTATION('',(#8754),#8758);
#8754 = LINE('',#8755,#8756);
#8755 = CARTESIAN_POINT('',(0.,0.));
#8756 = VECTOR('',#8757,1.);
#8757 = DIRECTION('',(1.,0.));
#8758 = ( GEOMETRIC_REPRESENTATION_CONTEXT(2) 
PARAMETRIC_REPRESENTATION_CONTEXT() REPRESENTATION_CONTEXT('2D SPACE',''
  ) );
#8759 = PCURVE('',#7755,#8760);
#8760 = DEFINITIONAL_REPRESENTATION('',(#8761),#8765);
#8761 = B_SPLINE_CURVE_WITH_KNOTS('',2,(#8762,#8763,#8764),
  .UNSPECIFIED.,.F.,.F.,(3,3),(0.,1.),.PIECEWISE_BEZIER_KNOTS.);
#8762 = CARTESIAN_POINT('',(2.90400390625,2.55599609375));
#8763 = CARTESIAN_POINT('',(2.6880078125,2.31599609375));
#8764 = CARTESIAN_POINT('',(2.6880078125,1.97400390625));
#8765 = ( GEOMETRIC_REPRESENTATION_CONTEXT(2) 
PARAMETRIC_REPRESENTATION_CONTEXT() REPRESENTATION_CONTEXT('2D SPACE',''
  ) );
#8766 = ORIENTED_EDGE('',*,*,#8767,.T.);
#8767 = EDGE_CURVE('',#8745,#3467,#8768,.T.);
#8768 = SURFACE_CURVE('',#8769,(#8773,#8780),.PCURVE_S1.);
#8769 = LINE('',#8770,#8771);
#8770 = CARTESIAN_POINT('',(72.971025390625,-42.94400421142,32.9));
#8771 = VECTOR('',#8772,1.);
#8772 = DIRECTION('',(0.,0.,1.));
#8773 = PCURVE('',#3547,#8774);
#8774 = DEFINITIONAL_REPRESENTATION('',(#8775),#8779);
#8775 = LINE('',#8776,#8777);
#8776 = CARTESIAN_POINT('',(0.,0.));
#8777 = VECTOR('',#8778,1.);
#8778 = DIRECTION('',(0.,-1.));
#8779 = ( GEOMETRIC_REPRESENTATION_CONTEXT(2) 
PARAMETRIC_REPRESENTATION_CONTEXT() REPRESENTATION_CONTEXT('2D SPACE',''
  ) );
#8780 = PCURVE('',#3496,#8781);
#8781 = DEFINITIONAL_REPRESENTATION('',(#8782),#8786);
#8782 = LINE('',#8783,#8784);
#8783 = CARTESIAN_POINT('',(1.,0.));
#8784 = VECTOR('',#8785,1.);
#8785 = DIRECTION('',(0.,-1.));
#8786 = ( GEOMETRIC_REPRESENTATION_CONTEXT(2) 
PARAMETRIC_REPRESENTATION_CONTEXT() REPRESENTATION_CONTEXT('2D SPACE',''
  ) );
#8787 = ORIENTED_EDGE('',*,*,#3517,.F.);
#8788 = ORIENTED_EDGE('',*,*,#8669,.F.);
#8789 = ADVANCED_FACE('',(#8790),#3327,.F.);
#8790 = FACE_BOUND('',#8791,.F.);
#8791 = EDGE_LOOP('',(#8792,#8815,#8816,#8817));
#8792 = ORIENTED_EDGE('',*,*,#8793,.F.);
#8793 = EDGE_CURVE('',#8696,#8794,#8796,.T.);
#8794 = VERTEX_POINT('',#8795);
#8795 = CARTESIAN_POINT('',(74.075029296875,-45.50000030517,32.9));
#8796 = SURFACE_CURVE('',#8797,(#8801,#8808),.PCURVE_S1.);
#8797 = LINE('',#8798,#8799);
#8798 = CARTESIAN_POINT('',(74.579013671875,-45.50000030517,32.9));
#8799 = VECTOR('',#8800,1.);
#8800 = DIRECTION('',(-1.,0.,0.));
#8801 = PCURVE('',#3327,#8802);
#8802 = DEFINITIONAL_REPRESENTATION('',(#8803),#8807);
#8803 = LINE('',#8804,#8805);
#8804 = CARTESIAN_POINT('',(0.,-0.));
#8805 = VECTOR('',#8806,1.);
#8806 = DIRECTION('',(1.,0.));
#8807 = ( GEOMETRIC_REPRESENTATION_CONTEXT(2) 
PARAMETRIC_REPRESENTATION_CONTEXT() REPRESENTATION_CONTEXT('2D SPACE',''
  ) );
#8808 = PCURVE('',#7755,#8809);
#8809 = DEFINITIONAL_REPRESENTATION('',(#8810),#8814);
#8810 = LINE('',#8811,#8812);
#8811 = CARTESIAN_POINT('',(4.5119921875,0.));
#8812 = VECTOR('',#8813,1.);
#8813 = DIRECTION('',(-1.,0.));
#8814 = ( GEOMETRIC_REPRESENTATION_CONTEXT(2) 
PARAMETRIC_REPRESENTATION_CONTEXT() REPRESENTATION_CONTEXT('2D SPACE',''
  ) );
#8815 = ORIENTED_EDGE('',*,*,#8720,.T.);
#8816 = ORIENTED_EDGE('',*,*,#3312,.F.);
#8817 = ORIENTED_EDGE('',*,*,#8818,.F.);
#8818 = EDGE_CURVE('',#8794,#3313,#8819,.T.);
#8819 = SURFACE_CURVE('',#8820,(#8824,#8831),.PCURVE_S1.);
#8820 = LINE('',#8821,#8822);
#8821 = CARTESIAN_POINT('',(74.075029296875,-45.50000030517,32.9));
#8822 = VECTOR('',#8823,1.);
#8823 = DIRECTION('',(0.,0.,1.));
#8824 = PCURVE('',#3327,#8825);
#8825 = DEFINITIONAL_REPRESENTATION('',(#8826),#8830);
#8826 = LINE('',#8827,#8828);
#8827 = CARTESIAN_POINT('',(0.503984375,0.));
#8828 = VECTOR('',#8829,1.);
#8829 = DIRECTION('',(0.,-1.));
#8830 = ( GEOMETRIC_REPRESENTATION_CONTEXT(2) 
PARAMETRIC_REPRESENTATION_CONTEXT() REPRESENTATION_CONTEXT('2D SPACE',''
  ) );
#8831 = PCURVE('',#3353,#8832);
#8832 = DEFINITIONAL_REPRESENTATION('',(#8833),#8837);
#8833 = LINE('',#8834,#8835);
#8834 = CARTESIAN_POINT('',(0.,0.));
#8835 = VECTOR('',#8836,1.);
#8836 = DIRECTION('',(0.,-1.));
#8837 = ( GEOMETRIC_REPRESENTATION_CONTEXT(2) 
PARAMETRIC_REPRESENTATION_CONTEXT() REPRESENTATION_CONTEXT('2D SPACE',''
  ) );
#8838 = ADVANCED_FACE('',(#8839),#3496,.F.);
#8839 = FACE_BOUND('',#8840,.F.);
#8840 = EDGE_LOOP('',(#8841,#8864,#8885,#8886));
#8841 = ORIENTED_EDGE('',*,*,#8842,.F.);
#8842 = EDGE_CURVE('',#8843,#8745,#8845,.T.);
#8843 = VERTEX_POINT('',#8844);
#8844 = CARTESIAN_POINT('',(73.493017578125,-42.70400421142,32.9));
#8845 = SURFACE_CURVE('',#8846,(#8850,#8857),.PCURVE_S1.);
#8846 = B_SPLINE_CURVE_WITH_KNOTS('',2,(#8847,#8848,#8849),
  .UNSPECIFIED.,.F.,.F.,(3,3),(0.,1.),.PIECEWISE_BEZIER_KNOTS.);
#8847 = CARTESIAN_POINT('',(73.493017578125,-42.70400421142,32.9));
#8848 = CARTESIAN_POINT('',(73.187021484375,-42.70400421142,32.9));
#8849 = CARTESIAN_POINT('',(72.971025390625,-42.94400421142,32.9));
#8850 = PCURVE('',#3496,#8851);
#8851 = DEFINITIONAL_REPRESENTATION('',(#8852),#8856);
#8852 = LINE('',#8853,#8854);
#8853 = CARTESIAN_POINT('',(0.,0.));
#8854 = VECTOR('',#8855,1.);
#8855 = DIRECTION('',(1.,0.));
#8856 = ( GEOMETRIC_REPRESENTATION_CONTEXT(2) 
PARAMETRIC_REPRESENTATION_CONTEXT() REPRESENTATION_CONTEXT('2D SPACE',''
  ) );
#8857 = PCURVE('',#7755,#8858);
#8858 = DEFINITIONAL_REPRESENTATION('',(#8859),#8863);
#8859 = B_SPLINE_CURVE_WITH_KNOTS('',2,(#8860,#8861,#8862),
  .UNSPECIFIED.,.F.,.F.,(3,3),(0.,1.),.PIECEWISE_BEZIER_KNOTS.);
#8860 = CARTESIAN_POINT('',(3.42599609375,2.79599609375));
#8861 = CARTESIAN_POINT('',(3.12,2.79599609375));
#8862 = CARTESIAN_POINT('',(2.90400390625,2.55599609375));
#8863 = ( GEOMETRIC_REPRESENTATION_CONTEXT(2) 
PARAMETRIC_REPRESENTATION_CONTEXT() REPRESENTATION_CONTEXT('2D SPACE',''
  ) );
#8864 = ORIENTED_EDGE('',*,*,#8865,.T.);
#8865 = EDGE_CURVE('',#8843,#3416,#8866,.T.);
#8866 = SURFACE_CURVE('',#8867,(#8871,#8878),.PCURVE_S1.);
#8867 = LINE('',#8868,#8869);
#8868 = CARTESIAN_POINT('',(73.493017578125,-42.70400421142,32.9));
#8869 = VECTOR('',#8870,1.);
#8870 = DIRECTION('',(0.,0.,1.));
#8871 = PCURVE('',#3496,#8872);
#8872 = DEFINITIONAL_REPRESENTATION('',(#8873),#8877);
#8873 = LINE('',#8874,#8875);
#8874 = CARTESIAN_POINT('',(0.,0.));
#8875 = VECTOR('',#8876,1.);
#8876 = DIRECTION('',(0.,-1.));
#8877 = ( GEOMETRIC_REPRESENTATION_CONTEXT(2) 
PARAMETRIC_REPRESENTATION_CONTEXT() REPRESENTATION_CONTEXT('2D SPACE',''
  ) );
#8878 = PCURVE('',#3445,#8879);
#8879 = DEFINITIONAL_REPRESENTATION('',(#8880),#8884);
#8880 = LINE('',#8881,#8882);
#8881 = CARTESIAN_POINT('',(1.,0.));
#8882 = VECTOR('',#8883,1.);
#8883 = DIRECTION('',(0.,-1.));
#8884 = ( GEOMETRIC_REPRESENTATION_CONTEXT(2) 
PARAMETRIC_REPRESENTATION_CONTEXT() REPRESENTATION_CONTEXT('2D SPACE',''
  ) );
#8885 = ORIENTED_EDGE('',*,*,#3466,.F.);
#8886 = ORIENTED_EDGE('',*,*,#8767,.F.);
#8887 = ADVANCED_FACE('',(#8888),#3353,.F.);
#8888 = FACE_BOUND('',#8889,.F.);
#8889 = EDGE_LOOP('',(#8890,#8913,#8914,#8915));
#8890 = ORIENTED_EDGE('',*,*,#8891,.F.);
#8891 = EDGE_CURVE('',#8794,#8892,#8894,.T.);
#8892 = VERTEX_POINT('',#8893);
#8893 = CARTESIAN_POINT('',(74.075029296875,-43.33400421142,32.9));
#8894 = SURFACE_CURVE('',#8895,(#8899,#8906),.PCURVE_S1.);
#8895 = LINE('',#8896,#8897);
#8896 = CARTESIAN_POINT('',(74.075029296875,-45.50000030517,32.9));
#8897 = VECTOR('',#8898,1.);
#8898 = DIRECTION('',(0.,1.,0.));
#8899 = PCURVE('',#3353,#8900);
#8900 = DEFINITIONAL_REPRESENTATION('',(#8901),#8905);
#8901 = LINE('',#8902,#8903);
#8902 = CARTESIAN_POINT('',(0.,0.));
#8903 = VECTOR('',#8904,1.);
#8904 = DIRECTION('',(1.,0.));
#8905 = ( GEOMETRIC_REPRESENTATION_CONTEXT(2) 
PARAMETRIC_REPRESENTATION_CONTEXT() REPRESENTATION_CONTEXT('2D SPACE',''
  ) );
#8906 = PCURVE('',#7755,#8907);
#8907 = DEFINITIONAL_REPRESENTATION('',(#8908),#8912);
#8908 = LINE('',#8909,#8910);
#8909 = CARTESIAN_POINT('',(4.0080078125,0.));
#8910 = VECTOR('',#8911,1.);
#8911 = DIRECTION('',(0.,1.));
#8912 = ( GEOMETRIC_REPRESENTATION_CONTEXT(2) 
PARAMETRIC_REPRESENTATION_CONTEXT() REPRESENTATION_CONTEXT('2D SPACE',''
  ) );
#8913 = ORIENTED_EDGE('',*,*,#8818,.T.);
#8914 = ORIENTED_EDGE('',*,*,#3338,.F.);
#8915 = ORIENTED_EDGE('',*,*,#8916,.F.);
#8916 = EDGE_CURVE('',#8892,#3339,#8917,.T.);
#8917 = SURFACE_CURVE('',#8918,(#8922,#8929),.PCURVE_S1.);
#8918 = LINE('',#8919,#8920);
#8919 = CARTESIAN_POINT('',(74.075029296875,-43.33400421142,32.9));
#8920 = VECTOR('',#8921,1.);
#8921 = DIRECTION('',(0.,0.,1.));
#8922 = PCURVE('',#3353,#8923);
#8923 = DEFINITIONAL_REPRESENTATION('',(#8924),#8928);
#8924 = LINE('',#8925,#8926);
#8925 = CARTESIAN_POINT('',(2.16599609375,0.));
#8926 = VECTOR('',#8927,1.);
#8927 = DIRECTION('',(0.,-1.));
#8928 = ( GEOMETRIC_REPRESENTATION_CONTEXT(2) 
PARAMETRIC_REPRESENTATION_CONTEXT() REPRESENTATION_CONTEXT('2D SPACE',''
  ) );
#8929 = PCURVE('',#3394,#8930);
#8930 = DEFINITIONAL_REPRESENTATION('',(#8931),#8935);
#8931 = LINE('',#8932,#8933);
#8932 = CARTESIAN_POINT('',(0.,0.));
#8933 = VECTOR('',#8934,1.);
#8934 = DIRECTION('',(0.,-1.));
#8935 = ( GEOMETRIC_REPRESENTATION_CONTEXT(2) 
PARAMETRIC_REPRESENTATION_CONTEXT() REPRESENTATION_CONTEXT('2D SPACE',''
  ) );
#8936 = ADVANCED_FACE('',(#8937),#3445,.F.);
#8937 = FACE_BOUND('',#8938,.F.);
#8938 = EDGE_LOOP('',(#8939,#8962,#8983,#8984));
#8939 = ORIENTED_EDGE('',*,*,#8940,.F.);
#8940 = EDGE_CURVE('',#8941,#8843,#8943,.T.);
#8941 = VERTEX_POINT('',#8942);
#8942 = CARTESIAN_POINT('',(73.922021484375,-42.86900421142,32.9));
#8943 = SURFACE_CURVE('',#8944,(#8948,#8955),.PCURVE_S1.);
#8944 = B_SPLINE_CURVE_WITH_KNOTS('',2,(#8945,#8946,#8947),
  .UNSPECIFIED.,.F.,.F.,(3,3),(0.,1.),.PIECEWISE_BEZIER_KNOTS.);
#8945 = CARTESIAN_POINT('',(73.922021484375,-42.86900421142,32.9));
#8946 = CARTESIAN_POINT('',(73.769013671875,-42.70400421142,32.9));
#8947 = CARTESIAN_POINT('',(73.493017578125,-42.70400421142,32.9));
#8948 = PCURVE('',#3445,#8949);
#8949 = DEFINITIONAL_REPRESENTATION('',(#8950),#8954);
#8950 = LINE('',#8951,#8952);
#8951 = CARTESIAN_POINT('',(0.,0.));
#8952 = VECTOR('',#8953,1.);
#8953 = DIRECTION('',(1.,0.));
#8954 = ( GEOMETRIC_REPRESENTATION_CONTEXT(2) 
PARAMETRIC_REPRESENTATION_CONTEXT() REPRESENTATION_CONTEXT('2D SPACE',''
  ) );
#8955 = PCURVE('',#7755,#8956);
#8956 = DEFINITIONAL_REPRESENTATION('',(#8957),#8961);
#8957 = B_SPLINE_CURVE_WITH_KNOTS('',2,(#8958,#8959,#8960),
  .UNSPECIFIED.,.F.,.F.,(3,3),(0.,1.),.PIECEWISE_BEZIER_KNOTS.);
#8958 = CARTESIAN_POINT('',(3.855,2.63099609375));
#8959 = CARTESIAN_POINT('',(3.7019921875,2.79599609375));
#8960 = CARTESIAN_POINT('',(3.42599609375,2.79599609375));
#8961 = ( GEOMETRIC_REPRESENTATION_CONTEXT(2) 
PARAMETRIC_REPRESENTATION_CONTEXT() REPRESENTATION_CONTEXT('2D SPACE',''
  ) );
#8962 = ORIENTED_EDGE('',*,*,#8963,.T.);
#8963 = EDGE_CURVE('',#8941,#3365,#8964,.T.);
#8964 = SURFACE_CURVE('',#8965,(#8969,#8976),.PCURVE_S1.);
#8965 = LINE('',#8966,#8967);
#8966 = CARTESIAN_POINT('',(73.922021484375,-42.86900421142,32.9));
#8967 = VECTOR('',#8968,1.);
#8968 = DIRECTION('',(0.,0.,1.));
#8969 = PCURVE('',#3445,#8970);
#8970 = DEFINITIONAL_REPRESENTATION('',(#8971),#8975);
#8971 = LINE('',#8972,#8973);
#8972 = CARTESIAN_POINT('',(0.,0.));
#8973 = VECTOR('',#8974,1.);
#8974 = DIRECTION('',(0.,-1.));
#8975 = ( GEOMETRIC_REPRESENTATION_CONTEXT(2) 
PARAMETRIC_REPRESENTATION_CONTEXT() REPRESENTATION_CONTEXT('2D SPACE',''
  ) );
#8976 = PCURVE('',#3394,#8977);
#8977 = DEFINITIONAL_REPRESENTATION('',(#8978),#8982);
#8978 = LINE('',#8979,#8980);
#8979 = CARTESIAN_POINT('',(1.,0.));
#8980 = VECTOR('',#8981,1.);
#8981 = DIRECTION('',(0.,-1.));
#8982 = ( GEOMETRIC_REPRESENTATION_CONTEXT(2) 
PARAMETRIC_REPRESENTATION_CONTEXT() REPRESENTATION_CONTEXT('2D SPACE',''
  ) );
#8983 = ORIENTED_EDGE('',*,*,#3415,.F.);
#8984 = ORIENTED_EDGE('',*,*,#8865,.F.);
#8985 = ADVANCED_FACE('',(#8986),#3394,.F.);
#8986 = FACE_BOUND('',#8987,.F.);
#8987 = EDGE_LOOP('',(#8988,#9009,#9010,#9011));
#8988 = ORIENTED_EDGE('',*,*,#8989,.F.);
#8989 = EDGE_CURVE('',#8892,#8941,#8990,.T.);
#8990 = SURFACE_CURVE('',#8991,(#8995,#9002),.PCURVE_S1.);
#8991 = B_SPLINE_CURVE_WITH_KNOTS('',2,(#8992,#8993,#8994),
  .UNSPECIFIED.,.F.,.F.,(3,3),(0.,1.),.PIECEWISE_BEZIER_KNOTS.);
#8992 = CARTESIAN_POINT('',(74.075029296875,-43.33400421142,32.9));
#8993 = CARTESIAN_POINT('',(74.075029296875,-43.03400421142,32.9));
#8994 = CARTESIAN_POINT('',(73.922021484375,-42.86900421142,32.9));
#8995 = PCURVE('',#3394,#8996);
#8996 = DEFINITIONAL_REPRESENTATION('',(#8997),#9001);
#8997 = LINE('',#8998,#8999);
#8998 = CARTESIAN_POINT('',(0.,0.));
#8999 = VECTOR('',#9000,1.);
#9000 = DIRECTION('',(1.,0.));
#9001 = ( GEOMETRIC_REPRESENTATION_CONTEXT(2) 
PARAMETRIC_REPRESENTATION_CONTEXT() REPRESENTATION_CONTEXT('2D SPACE',''
  ) );
#9002 = PCURVE('',#7755,#9003);
#9003 = DEFINITIONAL_REPRESENTATION('',(#9004),#9008);
#9004 = B_SPLINE_CURVE_WITH_KNOTS('',2,(#9005,#9006,#9007),
  .UNSPECIFIED.,.F.,.F.,(3,3),(0.,1.),.PIECEWISE_BEZIER_KNOTS.);
#9005 = CARTESIAN_POINT('',(4.0080078125,2.16599609375));
#9006 = CARTESIAN_POINT('',(4.0080078125,2.46599609375));
#9007 = CARTESIAN_POINT('',(3.855,2.63099609375));
#9008 = ( GEOMETRIC_REPRESENTATION_CONTEXT(2) 
PARAMETRIC_REPRESENTATION_CONTEXT() REPRESENTATION_CONTEXT('2D SPACE',''
  ) );
#9009 = ORIENTED_EDGE('',*,*,#8916,.T.);
#9010 = ORIENTED_EDGE('',*,*,#3364,.F.);
#9011 = ORIENTED_EDGE('',*,*,#8963,.F.);
#9012 = ADVANCED_FACE('',(#9013),#3919,.F.);
#9013 = FACE_BOUND('',#9014,.F.);
#9014 = EDGE_LOOP('',(#9015,#9045,#9066,#9067));
#9015 = ORIENTED_EDGE('',*,*,#9016,.F.);
#9016 = EDGE_CURVE('',#9017,#9019,#9021,.T.);
#9017 = VERTEX_POINT('',#9018);
#9018 = CARTESIAN_POINT('',(77.657001953125,-42.35599639892,32.9));
#9019 = VERTEX_POINT('',#9020);
#9020 = CARTESIAN_POINT('',(76.601005859375,-43.87400421142,32.9));
#9021 = SURFACE_CURVE('',#9022,(#9026,#9033),.PCURVE_S1.);
#9022 = LINE('',#9023,#9024);
#9023 = CARTESIAN_POINT('',(77.657001953125,-42.35599639892,32.9));
#9024 = VECTOR('',#9025,1.);
#9025 = DIRECTION('',(-0.571061084103,-0.820907569842,0.));
#9026 = PCURVE('',#3919,#9027);
#9027 = DEFINITIONAL_REPRESENTATION('',(#9028),#9032);
#9028 = LINE('',#9029,#9030);
#9029 = CARTESIAN_POINT('',(0.,0.));
#9030 = VECTOR('',#9031,1.);
#9031 = DIRECTION('',(1.,-0.));
#9032 = ( GEOMETRIC_REPRESENTATION_CONTEXT(2) 
PARAMETRIC_REPRESENTATION_CONTEXT() REPRESENTATION_CONTEXT('2D SPACE',''
  ) );
#9033 = PCURVE('',#9034,#9039);
#9034 = PLANE('',#9035);
#9035 = AXIS2_PLACEMENT_3D('',#9036,#9037,#9038);
#9036 = CARTESIAN_POINT('',(74.891005859375,-45.50000030517,32.9));
#9037 = DIRECTION('',(0.,0.,1.));
#9038 = DIRECTION('',(1.,0.,0.));
#9039 = DEFINITIONAL_REPRESENTATION('',(#9040),#9044);
#9040 = LINE('',#9041,#9042);
#9041 = CARTESIAN_POINT('',(2.76599609375,3.14400390625));
#9042 = VECTOR('',#9043,1.);
#9043 = DIRECTION('',(-0.571061084103,-0.820907569842));
#9044 = ( GEOMETRIC_REPRESENTATION_CONTEXT(2) 
PARAMETRIC_REPRESENTATION_CONTEXT() REPRESENTATION_CONTEXT('2D SPACE',''
  ) );
#9045 = ORIENTED_EDGE('',*,*,#9046,.T.);
#9046 = EDGE_CURVE('',#9017,#3905,#9047,.T.);
#9047 = SURFACE_CURVE('',#9048,(#9052,#9059),.PCURVE_S1.);
#9048 = LINE('',#9049,#9050);
#9049 = CARTESIAN_POINT('',(77.657001953125,-42.35599639892,32.9));
#9050 = VECTOR('',#9051,1.);
#9051 = DIRECTION('',(0.,0.,1.));
#9052 = PCURVE('',#3919,#9053);
#9053 = DEFINITIONAL_REPRESENTATION('',(#9054),#9058);
#9054 = LINE('',#9055,#9056);
#9055 = CARTESIAN_POINT('',(0.,0.));
#9056 = VECTOR('',#9057,1.);
#9057 = DIRECTION('',(0.,-1.));
#9058 = ( GEOMETRIC_REPRESENTATION_CONTEXT(2) 
PARAMETRIC_REPRESENTATION_CONTEXT() REPRESENTATION_CONTEXT('2D SPACE',''
  ) );
#9059 = PCURVE('',#4203,#9060);
#9060 = DEFINITIONAL_REPRESENTATION('',(#9061),#9065);
#9061 = LINE('',#9062,#9063);
#9062 = CARTESIAN_POINT('',(0.56400390625,0.));
#9063 = VECTOR('',#9064,1.);
#9064 = DIRECTION('',(0.,-1.));
#9065 = ( GEOMETRIC_REPRESENTATION_CONTEXT(2) 
PARAMETRIC_REPRESENTATION_CONTEXT() REPRESENTATION_CONTEXT('2D SPACE',''
  ) );
#9066 = ORIENTED_EDGE('',*,*,#3902,.F.);
#9067 = ORIENTED_EDGE('',*,*,#9068,.F.);
#9068 = EDGE_CURVE('',#9019,#3903,#9069,.T.);
#9069 = SURFACE_CURVE('',#9070,(#9074,#9081),.PCURVE_S1.);
#9070 = LINE('',#9071,#9072);
#9071 = CARTESIAN_POINT('',(76.601005859375,-43.87400421142,32.9));
#9072 = VECTOR('',#9073,1.);
#9073 = DIRECTION('',(0.,0.,1.));
#9074 = PCURVE('',#3919,#9075);
#9075 = DEFINITIONAL_REPRESENTATION('',(#9076),#9080);
#9076 = LINE('',#9077,#9078);
#9077 = CARTESIAN_POINT('',(1.849182378465,-0.));
#9078 = VECTOR('',#9079,1.);
#9079 = DIRECTION('',(0.,-1.));
#9080 = ( GEOMETRIC_REPRESENTATION_CONTEXT(2) 
PARAMETRIC_REPRESENTATION_CONTEXT() REPRESENTATION_CONTEXT('2D SPACE',''
  ) );
#9081 = PCURVE('',#3945,#9082);
#9082 = DEFINITIONAL_REPRESENTATION('',(#9083),#9087);
#9083 = LINE('',#9084,#9085);
#9084 = CARTESIAN_POINT('',(0.,0.));
#9085 = VECTOR('',#9086,1.);
#9086 = DIRECTION('',(0.,-1.));
#9087 = ( GEOMETRIC_REPRESENTATION_CONTEXT(2) 
PARAMETRIC_REPRESENTATION_CONTEXT() REPRESENTATION_CONTEXT('2D SPACE',''
  ) );
#9088 = ADVANCED_FACE('',(#9089),#3945,.F.);
#9089 = FACE_BOUND('',#9090,.F.);
#9090 = EDGE_LOOP('',(#9091,#9114,#9115,#9116));
#9091 = ORIENTED_EDGE('',*,*,#9092,.F.);
#9092 = EDGE_CURVE('',#9019,#9093,#9095,.T.);
#9093 = VERTEX_POINT('',#9094);
#9094 = CARTESIAN_POINT('',(77.687001953125,-45.50000030517,32.9));
#9095 = SURFACE_CURVE('',#9096,(#9100,#9107),.PCURVE_S1.);
#9096 = LINE('',#9097,#9098);
#9097 = CARTESIAN_POINT('',(76.601005859375,-43.87400421142,32.9));
#9098 = VECTOR('',#9099,1.);
#9099 = DIRECTION('',(0.555407664192,-0.831578214335,0.));
#9100 = PCURVE('',#3945,#9101);
#9101 = DEFINITIONAL_REPRESENTATION('',(#9102),#9106);
#9102 = LINE('',#9103,#9104);
#9103 = CARTESIAN_POINT('',(-5.908718594121E-15,0.));
#9104 = VECTOR('',#9105,1.);
#9105 = DIRECTION('',(1.,0.));
#9106 = ( GEOMETRIC_REPRESENTATION_CONTEXT(2) 
PARAMETRIC_REPRESENTATION_CONTEXT() REPRESENTATION_CONTEXT('2D SPACE',''
  ) );
#9107 = PCURVE('',#9034,#9108);
#9108 = DEFINITIONAL_REPRESENTATION('',(#9109),#9113);
#9109 = LINE('',#9110,#9111);
#9110 = CARTESIAN_POINT('',(1.71,1.62599609375));
#9111 = VECTOR('',#9112,1.);
#9112 = DIRECTION('',(0.555407664192,-0.831578214335));
#9113 = ( GEOMETRIC_REPRESENTATION_CONTEXT(2) 
PARAMETRIC_REPRESENTATION_CONTEXT() REPRESENTATION_CONTEXT('2D SPACE',''
  ) );
#9114 = ORIENTED_EDGE('',*,*,#9068,.T.);
#9115 = ORIENTED_EDGE('',*,*,#3930,.F.);
#9116 = ORIENTED_EDGE('',*,*,#9117,.F.);
#9117 = EDGE_CURVE('',#9093,#3931,#9118,.T.);
#9118 = SURFACE_CURVE('',#9119,(#9123,#9130),.PCURVE_S1.);
#9119 = LINE('',#9120,#9121);
#9120 = CARTESIAN_POINT('',(77.687001953125,-45.50000030517,32.9));
#9121 = VECTOR('',#9122,1.);
#9122 = DIRECTION('',(0.,0.,1.));
#9123 = PCURVE('',#3945,#9124);
#9124 = DEFINITIONAL_REPRESENTATION('',(#9125),#9129);
#9125 = LINE('',#9126,#9127);
#9126 = CARTESIAN_POINT('',(1.955313481908,0.));
#9127 = VECTOR('',#9128,1.);
#9128 = DIRECTION('',(0.,-1.));
#9129 = ( GEOMETRIC_REPRESENTATION_CONTEXT(2) 
PARAMETRIC_REPRESENTATION_CONTEXT() REPRESENTATION_CONTEXT('2D SPACE',''
  ) );
#9130 = PCURVE('',#3971,#9131);
#9131 = DEFINITIONAL_REPRESENTATION('',(#9132),#9136);
#9132 = LINE('',#9133,#9134);
#9133 = CARTESIAN_POINT('',(0.,-0.));
#9134 = VECTOR('',#9135,1.);
#9135 = DIRECTION('',(0.,-1.));
#9136 = ( GEOMETRIC_REPRESENTATION_CONTEXT(2) 
PARAMETRIC_REPRESENTATION_CONTEXT() REPRESENTATION_CONTEXT('2D SPACE',''
  ) );
#9137 = ADVANCED_FACE('',(#9138),#4203,.F.);
#9138 = FACE_BOUND('',#9139,.F.);
#9139 = EDGE_LOOP('',(#9140,#9163,#9184,#9185));
#9140 = ORIENTED_EDGE('',*,*,#9141,.F.);
#9141 = EDGE_CURVE('',#9142,#9017,#9144,.T.);
#9142 = VERTEX_POINT('',#9143);
#9143 = CARTESIAN_POINT('',(77.092998046875,-42.35599639892,32.9));
#9144 = SURFACE_CURVE('',#9145,(#9149,#9156),.PCURVE_S1.);
#9145 = LINE('',#9146,#9147);
#9146 = CARTESIAN_POINT('',(77.092998046875,-42.35599639892,32.9));
#9147 = VECTOR('',#9148,1.);
#9148 = DIRECTION('',(1.,0.,0.));
#9149 = PCURVE('',#4203,#9150);
#9150 = DEFINITIONAL_REPRESENTATION('',(#9151),#9155);
#9151 = LINE('',#9152,#9153);
#9152 = CARTESIAN_POINT('',(-1.42108547152E-14,0.));
#9153 = VECTOR('',#9154,1.);
#9154 = DIRECTION('',(1.,0.));
#9155 = ( GEOMETRIC_REPRESENTATION_CONTEXT(2) 
PARAMETRIC_REPRESENTATION_CONTEXT() REPRESENTATION_CONTEXT('2D SPACE',''
  ) );
#9156 = PCURVE('',#9034,#9157);
#9157 = DEFINITIONAL_REPRESENTATION('',(#9158),#9162);
#9158 = LINE('',#9159,#9160);
#9159 = CARTESIAN_POINT('',(2.2019921875,3.14400390625));
#9160 = VECTOR('',#9161,1.);
#9161 = DIRECTION('',(1.,0.));
#9162 = ( GEOMETRIC_REPRESENTATION_CONTEXT(2) 
PARAMETRIC_REPRESENTATION_CONTEXT() REPRESENTATION_CONTEXT('2D SPACE',''
  ) );
#9163 = ORIENTED_EDGE('',*,*,#9164,.T.);
#9164 = EDGE_CURVE('',#9142,#4165,#9165,.T.);
#9165 = SURFACE_CURVE('',#9166,(#9170,#9177),.PCURVE_S1.);
#9166 = LINE('',#9167,#9168);
#9167 = CARTESIAN_POINT('',(77.092998046875,-42.35599639892,32.9));
#9168 = VECTOR('',#9169,1.);
#9169 = DIRECTION('',(0.,0.,1.));
#9170 = PCURVE('',#4203,#9171);
#9171 = DEFINITIONAL_REPRESENTATION('',(#9172),#9176);
#9172 = LINE('',#9173,#9174);
#9173 = CARTESIAN_POINT('',(0.,0.));
#9174 = VECTOR('',#9175,1.);
#9175 = DIRECTION('',(0.,-1.));
#9176 = ( GEOMETRIC_REPRESENTATION_CONTEXT(2) 
PARAMETRIC_REPRESENTATION_CONTEXT() REPRESENTATION_CONTEXT('2D SPACE',''
  ) );
#9177 = PCURVE('',#4179,#9178);
#9178 = DEFINITIONAL_REPRESENTATION('',(#9179),#9183);
#9179 = LINE('',#9180,#9181);
#9180 = CARTESIAN_POINT('',(1.367892573913,0.));
#9181 = VECTOR('',#9182,1.);
#9182 = DIRECTION('',(0.,-1.));
#9183 = ( GEOMETRIC_REPRESENTATION_CONTEXT(2) 
PARAMETRIC_REPRESENTATION_CONTEXT() REPRESENTATION_CONTEXT('2D SPACE',''
  ) );
#9184 = ORIENTED_EDGE('',*,*,#4190,.F.);
#9185 = ORIENTED_EDGE('',*,*,#9046,.F.);
#9186 = ADVANCED_FACE('',(#9187),#3971,.F.);
#9187 = FACE_BOUND('',#9188,.F.);
#9188 = EDGE_LOOP('',(#9189,#9212,#9213,#9214));
#9189 = ORIENTED_EDGE('',*,*,#9190,.F.);
#9190 = EDGE_CURVE('',#9093,#9191,#9193,.T.);
#9191 = VERTEX_POINT('',#9192);
#9192 = CARTESIAN_POINT('',(77.105009765625,-45.50000030517,32.9));
#9193 = SURFACE_CURVE('',#9194,(#9198,#9205),.PCURVE_S1.);
#9194 = LINE('',#9195,#9196);
#9195 = CARTESIAN_POINT('',(77.687001953125,-45.50000030517,32.9));
#9196 = VECTOR('',#9197,1.);
#9197 = DIRECTION('',(-1.,0.,0.));
#9198 = PCURVE('',#3971,#9199);
#9199 = DEFINITIONAL_REPRESENTATION('',(#9200),#9204);
#9200 = LINE('',#9201,#9202);
#9201 = CARTESIAN_POINT('',(0.,-0.));
#9202 = VECTOR('',#9203,1.);
#9203 = DIRECTION('',(1.,0.));
#9204 = ( GEOMETRIC_REPRESENTATION_CONTEXT(2) 
PARAMETRIC_REPRESENTATION_CONTEXT() REPRESENTATION_CONTEXT('2D SPACE',''
  ) );
#9205 = PCURVE('',#9034,#9206);
#9206 = DEFINITIONAL_REPRESENTATION('',(#9207),#9211);
#9207 = LINE('',#9208,#9209);
#9208 = CARTESIAN_POINT('',(2.79599609375,0.));
#9209 = VECTOR('',#9210,1.);
#9210 = DIRECTION('',(-1.,0.));
#9211 = ( GEOMETRIC_REPRESENTATION_CONTEXT(2) 
PARAMETRIC_REPRESENTATION_CONTEXT() REPRESENTATION_CONTEXT('2D SPACE',''
  ) );
#9212 = ORIENTED_EDGE('',*,*,#9117,.T.);
#9213 = ORIENTED_EDGE('',*,*,#3956,.F.);
#9214 = ORIENTED_EDGE('',*,*,#9215,.F.);
#9215 = EDGE_CURVE('',#9191,#3957,#9216,.T.);
#9216 = SURFACE_CURVE('',#9217,(#9221,#9228),.PCURVE_S1.);
#9217 = LINE('',#9218,#9219);
#9218 = CARTESIAN_POINT('',(77.105009765625,-45.50000030517,32.9));
#9219 = VECTOR('',#9220,1.);
#9220 = DIRECTION('',(0.,0.,1.));
#9221 = PCURVE('',#3971,#9222);
#9222 = DEFINITIONAL_REPRESENTATION('',(#9223),#9227);
#9223 = LINE('',#9224,#9225);
#9224 = CARTESIAN_POINT('',(0.5819921875,0.));
#9225 = VECTOR('',#9226,1.);
#9226 = DIRECTION('',(0.,-1.));
#9227 = ( GEOMETRIC_REPRESENTATION_CONTEXT(2) 
PARAMETRIC_REPRESENTATION_CONTEXT() REPRESENTATION_CONTEXT('2D SPACE',''
  ) );
#9228 = PCURVE('',#3997,#9229);
#9229 = DEFINITIONAL_REPRESENTATION('',(#9230),#9234);
#9230 = LINE('',#9231,#9232);
#9231 = CARTESIAN_POINT('',(0.,0.));
#9232 = VECTOR('',#9233,1.);
#9233 = DIRECTION('',(0.,-1.));
#9234 = ( GEOMETRIC_REPRESENTATION_CONTEXT(2) 
PARAMETRIC_REPRESENTATION_CONTEXT() REPRESENTATION_CONTEXT('2D SPACE',''
  ) );
#9235 = ADVANCED_FACE('',(#9236),#4179,.F.);
#9236 = FACE_BOUND('',#9237,.F.);
#9237 = EDGE_LOOP('',(#9238,#9261,#9282,#9283));
#9238 = ORIENTED_EDGE('',*,*,#9239,.F.);
#9239 = EDGE_CURVE('',#9240,#9142,#9242,.T.);
#9240 = VERTEX_POINT('',#9241);
#9241 = CARTESIAN_POINT('',(76.337001953125,-43.49599639892,32.9));
#9242 = SURFACE_CURVE('',#9243,(#9247,#9254),.PCURVE_S1.);
#9243 = LINE('',#9244,#9245);
#9244 = CARTESIAN_POINT('',(76.337001953125,-43.49599639892,32.9));
#9245 = VECTOR('',#9246,1.);
#9246 = DIRECTION('',(0.55267212365,0.833398778341,0.));
#9247 = PCURVE('',#4179,#9248);
#9248 = DEFINITIONAL_REPRESENTATION('',(#9249),#9253);
#9249 = LINE('',#9250,#9251);
#9250 = CARTESIAN_POINT('',(-5.921654479413E-15,0.));
#9251 = VECTOR('',#9252,1.);
#9252 = DIRECTION('',(1.,0.));
#9253 = ( GEOMETRIC_REPRESENTATION_CONTEXT(2) 
PARAMETRIC_REPRESENTATION_CONTEXT() REPRESENTATION_CONTEXT('2D SPACE',''
  ) );
#9254 = PCURVE('',#9034,#9255);
#9255 = DEFINITIONAL_REPRESENTATION('',(#9256),#9260);
#9256 = LINE('',#9257,#9258);
#9257 = CARTESIAN_POINT('',(1.44599609375,2.00400390625));
#9258 = VECTOR('',#9259,1.);
#9259 = DIRECTION('',(0.55267212365,0.833398778341));
#9260 = ( GEOMETRIC_REPRESENTATION_CONTEXT(2) 
PARAMETRIC_REPRESENTATION_CONTEXT() REPRESENTATION_CONTEXT('2D SPACE',''
  ) );
#9261 = ORIENTED_EDGE('',*,*,#9262,.T.);
#9262 = EDGE_CURVE('',#9240,#4139,#9263,.T.);
#9263 = SURFACE_CURVE('',#9264,(#9268,#9275),.PCURVE_S1.);
#9264 = LINE('',#9265,#9266);
#9265 = CARTESIAN_POINT('',(76.337001953125,-43.49599639892,32.9));
#9266 = VECTOR('',#9267,1.);
#9267 = DIRECTION('',(0.,0.,1.));
#9268 = PCURVE('',#4179,#9269);
#9269 = DEFINITIONAL_REPRESENTATION('',(#9270),#9274);
#9270 = LINE('',#9271,#9272);
#9271 = CARTESIAN_POINT('',(0.,0.));
#9272 = VECTOR('',#9273,1.);
#9273 = DIRECTION('',(0.,-1.));
#9274 = ( GEOMETRIC_REPRESENTATION_CONTEXT(2) 
PARAMETRIC_REPRESENTATION_CONTEXT() REPRESENTATION_CONTEXT('2D SPACE',''
  ) );
#9275 = PCURVE('',#4153,#9276);
#9276 = DEFINITIONAL_REPRESENTATION('',(#9277),#9281);
#9277 = LINE('',#9278,#9279);
#9278 = CARTESIAN_POINT('',(1.367892573913,0.));
#9279 = VECTOR('',#9280,1.);
#9280 = DIRECTION('',(0.,-1.));
#9281 = ( GEOMETRIC_REPRESENTATION_CONTEXT(2) 
PARAMETRIC_REPRESENTATION_CONTEXT() REPRESENTATION_CONTEXT('2D SPACE',''
  ) );
#9282 = ORIENTED_EDGE('',*,*,#4164,.F.);
#9283 = ORIENTED_EDGE('',*,*,#9164,.F.);
#9284 = ADVANCED_FACE('',(#9285),#3997,.F.);
#9285 = FACE_BOUND('',#9286,.F.);
#9286 = EDGE_LOOP('',(#9287,#9310,#9311,#9312));
#9287 = ORIENTED_EDGE('',*,*,#9288,.F.);
#9288 = EDGE_CURVE('',#9191,#9289,#9291,.T.);
#9289 = VERTEX_POINT('',#9290);
#9290 = CARTESIAN_POINT('',(76.319013671875,-44.29400421142,32.9));
#9291 = SURFACE_CURVE('',#9292,(#9296,#9303),.PCURVE_S1.);
#9292 = LINE('',#9293,#9294);
#9293 = CARTESIAN_POINT('',(77.105009765625,-45.50000030517,32.9));
#9294 = VECTOR('',#9295,1.);
#9295 = DIRECTION('',(-0.546012808373,0.837776827737,0.));
#9296 = PCURVE('',#3997,#9297);
#9297 = DEFINITIONAL_REPRESENTATION('',(#9298),#9302);
#9298 = LINE('',#9299,#9300);
#9299 = CARTESIAN_POINT('',(0.,0.));
#9300 = VECTOR('',#9301,1.);
#9301 = DIRECTION('',(1.,0.));
#9302 = ( GEOMETRIC_REPRESENTATION_CONTEXT(2) 
PARAMETRIC_REPRESENTATION_CONTEXT() REPRESENTATION_CONTEXT('2D SPACE',''
  ) );
#9303 = PCURVE('',#9034,#9304);
#9304 = DEFINITIONAL_REPRESENTATION('',(#9305),#9309);
#9305 = LINE('',#9306,#9307);
#9306 = CARTESIAN_POINT('',(2.21400390625,0.));
#9307 = VECTOR('',#9308,1.);
#9308 = DIRECTION('',(-0.546012808373,0.837776827737));
#9309 = ( GEOMETRIC_REPRESENTATION_CONTEXT(2) 
PARAMETRIC_REPRESENTATION_CONTEXT() REPRESENTATION_CONTEXT('2D SPACE',''
  ) );
#9310 = ORIENTED_EDGE('',*,*,#9215,.T.);
#9311 = ORIENTED_EDGE('',*,*,#3982,.F.);
#9312 = ORIENTED_EDGE('',*,*,#9313,.F.);
#9313 = EDGE_CURVE('',#9289,#3983,#9314,.T.);
#9314 = SURFACE_CURVE('',#9315,(#9319,#9326),.PCURVE_S1.);
#9315 = LINE('',#9316,#9317);
#9316 = CARTESIAN_POINT('',(76.319013671875,-44.29400421142,32.9));
#9317 = VECTOR('',#9318,1.);
#9318 = DIRECTION('',(0.,0.,1.));
#9319 = PCURVE('',#3997,#9320);
#9320 = DEFINITIONAL_REPRESENTATION('',(#9321),#9325);
#9321 = LINE('',#9322,#9323);
#9322 = CARTESIAN_POINT('',(1.439519516203,0.));
#9323 = VECTOR('',#9324,1.);
#9324 = DIRECTION('',(0.,-1.));
#9325 = ( GEOMETRIC_REPRESENTATION_CONTEXT(2) 
PARAMETRIC_REPRESENTATION_CONTEXT() REPRESENTATION_CONTEXT('2D SPACE',''
  ) );
#9326 = PCURVE('',#4023,#9327);
#9327 = DEFINITIONAL_REPRESENTATION('',(#9328),#9332);
#9328 = LINE('',#9329,#9330);
#9329 = CARTESIAN_POINT('',(0.,0.));
#9330 = VECTOR('',#9331,1.);
#9331 = DIRECTION('',(0.,-1.));
#9332 = ( GEOMETRIC_REPRESENTATION_CONTEXT(2) 
PARAMETRIC_REPRESENTATION_CONTEXT() REPRESENTATION_CONTEXT('2D SPACE',''
  ) );
#9333 = ADVANCED_FACE('',(#9334),#4153,.F.);
#9334 = FACE_BOUND('',#9335,.F.);
#9335 = EDGE_LOOP('',(#9336,#9359,#9380,#9381));
#9336 = ORIENTED_EDGE('',*,*,#9337,.F.);
#9337 = EDGE_CURVE('',#9338,#9240,#9340,.T.);
#9338 = VERTEX_POINT('',#9339);
#9339 = CARTESIAN_POINT('',(75.581005859375,-42.35599639892,32.9));
#9340 = SURFACE_CURVE('',#9341,(#9345,#9352),.PCURVE_S1.);
#9341 = LINE('',#9342,#9343);
#9342 = CARTESIAN_POINT('',(75.581005859375,-42.35599639892,32.9));
#9343 = VECTOR('',#9344,1.);
#9344 = DIRECTION('',(0.55267212365,-0.833398778341,0.));
#9345 = PCURVE('',#4153,#9346);
#9346 = DEFINITIONAL_REPRESENTATION('',(#9347),#9351);
#9347 = LINE('',#9348,#9349);
#9348 = CARTESIAN_POINT('',(-5.921654479413E-15,0.));
#9349 = VECTOR('',#9350,1.);
#9350 = DIRECTION('',(1.,0.));
#9351 = ( GEOMETRIC_REPRESENTATION_CONTEXT(2) 
PARAMETRIC_REPRESENTATION_CONTEXT() REPRESENTATION_CONTEXT('2D SPACE',''
  ) );
#9352 = PCURVE('',#9034,#9353);
#9353 = DEFINITIONAL_REPRESENTATION('',(#9354),#9358);
#9354 = LINE('',#9355,#9356);
#9355 = CARTESIAN_POINT('',(0.69,3.14400390625));
#9356 = VECTOR('',#9357,1.);
#9357 = DIRECTION('',(0.55267212365,-0.833398778341));
#9358 = ( GEOMETRIC_REPRESENTATION_CONTEXT(2) 
PARAMETRIC_REPRESENTATION_CONTEXT() REPRESENTATION_CONTEXT('2D SPACE',''
  ) );
#9359 = ORIENTED_EDGE('',*,*,#9360,.T.);
#9360 = EDGE_CURVE('',#9338,#4113,#9361,.T.);
#9361 = SURFACE_CURVE('',#9362,(#9366,#9373),.PCURVE_S1.);
#9362 = LINE('',#9363,#9364);
#9363 = CARTESIAN_POINT('',(75.581005859375,-42.35599639892,32.9));
#9364 = VECTOR('',#9365,1.);
#9365 = DIRECTION('',(0.,0.,1.));
#9366 = PCURVE('',#4153,#9367);
#9367 = DEFINITIONAL_REPRESENTATION('',(#9368),#9372);
#9368 = LINE('',#9369,#9370);
#9369 = CARTESIAN_POINT('',(0.,0.));
#9370 = VECTOR('',#9371,1.);
#9371 = DIRECTION('',(0.,-1.));
#9372 = ( GEOMETRIC_REPRESENTATION_CONTEXT(2) 
PARAMETRIC_REPRESENTATION_CONTEXT() REPRESENTATION_CONTEXT('2D SPACE',''
  ) );
#9373 = PCURVE('',#4127,#9374);
#9374 = DEFINITIONAL_REPRESENTATION('',(#9375),#9379);
#9375 = LINE('',#9376,#9377);
#9376 = CARTESIAN_POINT('',(0.57,0.));
#9377 = VECTOR('',#9378,1.);
#9378 = DIRECTION('',(0.,-1.));
#9379 = ( GEOMETRIC_REPRESENTATION_CONTEXT(2) 
PARAMETRIC_REPRESENTATION_CONTEXT() REPRESENTATION_CONTEXT('2D SPACE',''
  ) );
#9380 = ORIENTED_EDGE('',*,*,#4138,.F.);
#9381 = ORIENTED_EDGE('',*,*,#9262,.F.);
#9382 = ADVANCED_FACE('',(#9383),#4023,.F.);
#9383 = FACE_BOUND('',#9384,.F.);
#9384 = EDGE_LOOP('',(#9385,#9408,#9409,#9410));
#9385 = ORIENTED_EDGE('',*,*,#9386,.F.);
#9386 = EDGE_CURVE('',#9289,#9387,#9389,.T.);
#9387 = VERTEX_POINT('',#9388);
#9388 = CARTESIAN_POINT('',(75.521005859375,-45.50000030517,32.9));
#9389 = SURFACE_CURVE('',#9390,(#9394,#9401),.PCURVE_S1.);
#9390 = LINE('',#9391,#9392);
#9391 = CARTESIAN_POINT('',(76.319013671875,-44.29400421142,32.9));
#9392 = VECTOR('',#9393,1.);
#9393 = DIRECTION('',(-0.551829467722,-0.833956976441,0.));
#9394 = PCURVE('',#4023,#9395);
#9395 = DEFINITIONAL_REPRESENTATION('',(#9396),#9400);
#9396 = LINE('',#9397,#9398);
#9397 = CARTESIAN_POINT('',(5.925620715463E-15,0.));
#9398 = VECTOR('',#9399,1.);
#9399 = DIRECTION('',(1.,-0.));
#9400 = ( GEOMETRIC_REPRESENTATION_CONTEXT(2) 
PARAMETRIC_REPRESENTATION_CONTEXT() REPRESENTATION_CONTEXT('2D SPACE',''
  ) );
#9401 = PCURVE('',#9034,#9402);
#9402 = DEFINITIONAL_REPRESENTATION('',(#9403),#9407);
#9403 = LINE('',#9404,#9405);
#9404 = CARTESIAN_POINT('',(1.4280078125,1.20599609375));
#9405 = VECTOR('',#9406,1.);
#9406 = DIRECTION('',(-0.551829467722,-0.833956976441));
#9407 = ( GEOMETRIC_REPRESENTATION_CONTEXT(2) 
PARAMETRIC_REPRESENTATION_CONTEXT() REPRESENTATION_CONTEXT('2D SPACE',''
  ) );
#9408 = ORIENTED_EDGE('',*,*,#9313,.T.);
#9409 = ORIENTED_EDGE('',*,*,#4008,.F.);
#9410 = ORIENTED_EDGE('',*,*,#9411,.F.);
#9411 = EDGE_CURVE('',#9387,#4009,#9412,.T.);
#9412 = SURFACE_CURVE('',#9413,(#9417,#9424),.PCURVE_S1.);
#9413 = LINE('',#9414,#9415);
#9414 = CARTESIAN_POINT('',(75.521005859375,-45.50000030517,32.9));
#9415 = VECTOR('',#9416,1.);
#9416 = DIRECTION('',(0.,0.,1.));
#9417 = PCURVE('',#4023,#9418);
#9418 = DEFINITIONAL_REPRESENTATION('',(#9419),#9423);
#9419 = LINE('',#9420,#9421);
#9420 = CARTESIAN_POINT('',(1.446113082353,-0.));
#9421 = VECTOR('',#9422,1.);
#9422 = DIRECTION('',(0.,-1.));
#9423 = ( GEOMETRIC_REPRESENTATION_CONTEXT(2) 
PARAMETRIC_REPRESENTATION_CONTEXT() REPRESENTATION_CONTEXT('2D SPACE',''
  ) );
#9424 = PCURVE('',#4049,#9425);
#9425 = DEFINITIONAL_REPRESENTATION('',(#9426),#9430);
#9426 = LINE('',#9427,#9428);
#9427 = CARTESIAN_POINT('',(0.,-0.));
#9428 = VECTOR('',#9429,1.);
#9429 = DIRECTION('',(0.,-1.));
#9430 = ( GEOMETRIC_REPRESENTATION_CONTEXT(2) 
PARAMETRIC_REPRESENTATION_CONTEXT() REPRESENTATION_CONTEXT('2D SPACE',''
  ) );
#9431 = ADVANCED_FACE('',(#9432),#4127,.F.);
#9432 = FACE_BOUND('',#9433,.F.);
#9433 = EDGE_LOOP('',(#9434,#9457,#9478,#9479));
#9434 = ORIENTED_EDGE('',*,*,#9435,.F.);
#9435 = EDGE_CURVE('',#9436,#9338,#9438,.T.);
#9436 = VERTEX_POINT('',#9437);
#9437 = CARTESIAN_POINT('',(75.011005859375,-42.35599639892,32.9));
#9438 = SURFACE_CURVE('',#9439,(#9443,#9450),.PCURVE_S1.);
#9439 = LINE('',#9440,#9441);
#9440 = CARTESIAN_POINT('',(75.011005859375,-42.35599639892,32.9));
#9441 = VECTOR('',#9442,1.);
#9442 = DIRECTION('',(1.,0.,0.));
#9443 = PCURVE('',#4127,#9444);
#9444 = DEFINITIONAL_REPRESENTATION('',(#9445),#9449);
#9445 = LINE('',#9446,#9447);
#9446 = CARTESIAN_POINT('',(0.,0.));
#9447 = VECTOR('',#9448,1.);
#9448 = DIRECTION('',(1.,0.));
#9449 = ( GEOMETRIC_REPRESENTATION_CONTEXT(2) 
PARAMETRIC_REPRESENTATION_CONTEXT() REPRESENTATION_CONTEXT('2D SPACE',''
  ) );
#9450 = PCURVE('',#9034,#9451);
#9451 = DEFINITIONAL_REPRESENTATION('',(#9452),#9456);
#9452 = LINE('',#9453,#9454);
#9453 = CARTESIAN_POINT('',(0.12,3.14400390625));
#9454 = VECTOR('',#9455,1.);
#9455 = DIRECTION('',(1.,0.));
#9456 = ( GEOMETRIC_REPRESENTATION_CONTEXT(2) 
PARAMETRIC_REPRESENTATION_CONTEXT() REPRESENTATION_CONTEXT('2D SPACE',''
  ) );
#9457 = ORIENTED_EDGE('',*,*,#9458,.T.);
#9458 = EDGE_CURVE('',#9436,#4087,#9459,.T.);
#9459 = SURFACE_CURVE('',#9460,(#9464,#9471),.PCURVE_S1.);
#9460 = LINE('',#9461,#9462);
#9461 = CARTESIAN_POINT('',(75.011005859375,-42.35599639892,32.9));
#9462 = VECTOR('',#9463,1.);
#9463 = DIRECTION('',(0.,0.,1.));
#9464 = PCURVE('',#4127,#9465);
#9465 = DEFINITIONAL_REPRESENTATION('',(#9466),#9470);
#9466 = LINE('',#9467,#9468);
#9467 = CARTESIAN_POINT('',(0.,0.));
#9468 = VECTOR('',#9469,1.);
#9469 = DIRECTION('',(0.,-1.));
#9470 = ( GEOMETRIC_REPRESENTATION_CONTEXT(2) 
PARAMETRIC_REPRESENTATION_CONTEXT() REPRESENTATION_CONTEXT('2D SPACE',''
  ) );
#9471 = PCURVE('',#4101,#9472);
#9472 = DEFINITIONAL_REPRESENTATION('',(#9473),#9477);
#9473 = LINE('',#9474,#9475);
#9474 = CARTESIAN_POINT('',(1.865556255052,0.));
#9475 = VECTOR('',#9476,1.);
#9476 = DIRECTION('',(0.,-1.));
#9477 = ( GEOMETRIC_REPRESENTATION_CONTEXT(2) 
PARAMETRIC_REPRESENTATION_CONTEXT() REPRESENTATION_CONTEXT('2D SPACE',''
  ) );
#9478 = ORIENTED_EDGE('',*,*,#4112,.F.);
#9479 = ORIENTED_EDGE('',*,*,#9360,.F.);
#9480 = ADVANCED_FACE('',(#9481),#4049,.F.);
#9481 = FACE_BOUND('',#9482,.F.);
#9482 = EDGE_LOOP('',(#9483,#9506,#9507,#9508));
#9483 = ORIENTED_EDGE('',*,*,#9484,.F.);
#9484 = EDGE_CURVE('',#9387,#9485,#9487,.T.);
#9485 = VERTEX_POINT('',#9486);
#9486 = CARTESIAN_POINT('',(74.951005859375,-45.50000030517,32.9));
#9487 = SURFACE_CURVE('',#9488,(#9492,#9499),.PCURVE_S1.);
#9488 = LINE('',#9489,#9490);
#9489 = CARTESIAN_POINT('',(75.521005859375,-45.50000030517,32.9));
#9490 = VECTOR('',#9491,1.);
#9491 = DIRECTION('',(-1.,0.,0.));
#9492 = PCURVE('',#4049,#9493);
#9493 = DEFINITIONAL_REPRESENTATION('',(#9494),#9498);
#9494 = LINE('',#9495,#9496);
#9495 = CARTESIAN_POINT('',(1.42108547152E-14,0.));
#9496 = VECTOR('',#9497,1.);
#9497 = DIRECTION('',(1.,0.));
#9498 = ( GEOMETRIC_REPRESENTATION_CONTEXT(2) 
PARAMETRIC_REPRESENTATION_CONTEXT() REPRESENTATION_CONTEXT('2D SPACE',''
  ) );
#9499 = PCURVE('',#9034,#9500);
#9500 = DEFINITIONAL_REPRESENTATION('',(#9501),#9505);
#9501 = LINE('',#9502,#9503);
#9502 = CARTESIAN_POINT('',(0.63,0.));
#9503 = VECTOR('',#9504,1.);
#9504 = DIRECTION('',(-1.,0.));
#9505 = ( GEOMETRIC_REPRESENTATION_CONTEXT(2) 
PARAMETRIC_REPRESENTATION_CONTEXT() REPRESENTATION_CONTEXT('2D SPACE',''
  ) );
#9506 = ORIENTED_EDGE('',*,*,#9411,.T.);
#9507 = ORIENTED_EDGE('',*,*,#4034,.F.);
#9508 = ORIENTED_EDGE('',*,*,#9509,.F.);
#9509 = EDGE_CURVE('',#9485,#4035,#9510,.T.);
#9510 = SURFACE_CURVE('',#9511,(#9515,#9522),.PCURVE_S1.);
#9511 = LINE('',#9512,#9513);
#9512 = CARTESIAN_POINT('',(74.951005859375,-45.50000030517,32.9));
#9513 = VECTOR('',#9514,1.);
#9514 = DIRECTION('',(0.,0.,1.));
#9515 = PCURVE('',#4049,#9516);
#9516 = DEFINITIONAL_REPRESENTATION('',(#9517),#9521);
#9517 = LINE('',#9518,#9519);
#9518 = CARTESIAN_POINT('',(0.57,0.));
#9519 = VECTOR('',#9520,1.);
#9520 = DIRECTION('',(0.,-1.));
#9521 = ( GEOMETRIC_REPRESENTATION_CONTEXT(2) 
PARAMETRIC_REPRESENTATION_CONTEXT() REPRESENTATION_CONTEXT('2D SPACE',''
  ) );
#9522 = PCURVE('',#4075,#9523);
#9523 = DEFINITIONAL_REPRESENTATION('',(#9524),#9528);
#9524 = LINE('',#9525,#9526);
#9525 = CARTESIAN_POINT('',(0.,0.));
#9526 = VECTOR('',#9527,1.);
#9527 = DIRECTION('',(0.,-1.));
#9528 = ( GEOMETRIC_REPRESENTATION_CONTEXT(2) 
PARAMETRIC_REPRESENTATION_CONTEXT() REPRESENTATION_CONTEXT('2D SPACE',''
  ) );
#9529 = ADVANCED_FACE('',(#9530),#4101,.F.);
#9530 = FACE_BOUND('',#9531,.F.);
#9531 = EDGE_LOOP('',(#9532,#9555,#9576,#9577));
#9532 = ORIENTED_EDGE('',*,*,#9533,.F.);
#9533 = EDGE_CURVE('',#9534,#9436,#9536,.T.);
#9534 = VERTEX_POINT('',#9535);
#9535 = CARTESIAN_POINT('',(76.061005859375,-43.89800811767,32.9));
#9536 = SURFACE_CURVE('',#9537,(#9541,#9548),.PCURVE_S1.);
#9537 = LINE('',#9538,#9539);
#9538 = CARTESIAN_POINT('',(76.061005859375,-43.89800811767,32.9));
#9539 = VECTOR('',#9540,1.);
#9540 = DIRECTION('',(-0.562834809809,0.826569402329,0.));
#9541 = PCURVE('',#4101,#9542);
#9542 = DEFINITIONAL_REPRESENTATION('',(#9543),#9547);
#9543 = LINE('',#9544,#9545);
#9544 = CARTESIAN_POINT('',(0.,0.));
#9545 = VECTOR('',#9546,1.);
#9546 = DIRECTION('',(1.,0.));
#9547 = ( GEOMETRIC_REPRESENTATION_CONTEXT(2) 
PARAMETRIC_REPRESENTATION_CONTEXT() REPRESENTATION_CONTEXT('2D SPACE',''
  ) );
#9548 = PCURVE('',#9034,#9549);
#9549 = DEFINITIONAL_REPRESENTATION('',(#9550),#9554);
#9550 = LINE('',#9551,#9552);
#9551 = CARTESIAN_POINT('',(1.17,1.6019921875));
#9552 = VECTOR('',#9553,1.);
#9553 = DIRECTION('',(-0.562834809809,0.826569402329));
#9554 = ( GEOMETRIC_REPRESENTATION_CONTEXT(2) 
PARAMETRIC_REPRESENTATION_CONTEXT() REPRESENTATION_CONTEXT('2D SPACE',''
  ) );
#9555 = ORIENTED_EDGE('',*,*,#9556,.T.);
#9556 = EDGE_CURVE('',#9534,#4061,#9557,.T.);
#9557 = SURFACE_CURVE('',#9558,(#9562,#9569),.PCURVE_S1.);
#9558 = LINE('',#9559,#9560);
#9559 = CARTESIAN_POINT('',(76.061005859375,-43.89800811767,32.9));
#9560 = VECTOR('',#9561,1.);
#9561 = DIRECTION('',(0.,0.,1.));
#9562 = PCURVE('',#4101,#9563);
#9563 = DEFINITIONAL_REPRESENTATION('',(#9564),#9568);
#9564 = LINE('',#9565,#9566);
#9565 = CARTESIAN_POINT('',(0.,0.));
#9566 = VECTOR('',#9567,1.);
#9567 = DIRECTION('',(0.,-1.));
#9568 = ( GEOMETRIC_REPRESENTATION_CONTEXT(2) 
PARAMETRIC_REPRESENTATION_CONTEXT() REPRESENTATION_CONTEXT('2D SPACE',''
  ) );
#9569 = PCURVE('',#4075,#9570);
#9570 = DEFINITIONAL_REPRESENTATION('',(#9571),#9575);
#9571 = LINE('',#9572,#9573);
#9572 = CARTESIAN_POINT('',(1.948968693646,0.));
#9573 = VECTOR('',#9574,1.);
#9574 = DIRECTION('',(0.,-1.));
#9575 = ( GEOMETRIC_REPRESENTATION_CONTEXT(2) 
PARAMETRIC_REPRESENTATION_CONTEXT() REPRESENTATION_CONTEXT('2D SPACE',''
  ) );
#9576 = ORIENTED_EDGE('',*,*,#4086,.F.);
#9577 = ORIENTED_EDGE('',*,*,#9458,.F.);
#9578 = ADVANCED_FACE('',(#9579),#4075,.F.);
#9579 = FACE_BOUND('',#9580,.F.);
#9580 = EDGE_LOOP('',(#9581,#9602,#9603,#9604));
#9581 = ORIENTED_EDGE('',*,*,#9582,.F.);
#9582 = EDGE_CURVE('',#9485,#9534,#9583,.T.);
#9583 = SURFACE_CURVE('',#9584,(#9588,#9595),.PCURVE_S1.);
#9584 = LINE('',#9585,#9586);
#9585 = CARTESIAN_POINT('',(74.951005859375,-45.50000030517,32.9));
#9586 = VECTOR('',#9587,1.);
#9587 = DIRECTION('',(0.569531980487,0.821969174119,0.));
#9588 = PCURVE('',#4075,#9589);
#9589 = DEFINITIONAL_REPRESENTATION('',(#9590),#9594);
#9590 = LINE('',#9591,#9592);
#9591 = CARTESIAN_POINT('',(0.,0.));
#9592 = VECTOR('',#9593,1.);
#9593 = DIRECTION('',(1.,0.));
#9594 = ( GEOMETRIC_REPRESENTATION_CONTEXT(2) 
PARAMETRIC_REPRESENTATION_CONTEXT() REPRESENTATION_CONTEXT('2D SPACE',''
  ) );
#9595 = PCURVE('',#9034,#9596);
#9596 = DEFINITIONAL_REPRESENTATION('',(#9597),#9601);
#9597 = LINE('',#9598,#9599);
#9598 = CARTESIAN_POINT('',(6.E-02,0.));
#9599 = VECTOR('',#9600,1.);
#9600 = DIRECTION('',(0.569531980487,0.821969174119));
#9601 = ( GEOMETRIC_REPRESENTATION_CONTEXT(2) 
PARAMETRIC_REPRESENTATION_CONTEXT() REPRESENTATION_CONTEXT('2D SPACE',''
  ) );
#9602 = ORIENTED_EDGE('',*,*,#9509,.T.);
#9603 = ORIENTED_EDGE('',*,*,#4060,.F.);
#9604 = ORIENTED_EDGE('',*,*,#9556,.F.);
#9605 = ADVANCED_FACE('',(#9606),#4233,.F.);
#9606 = FACE_BOUND('',#9607,.F.);
#9607 = EDGE_LOOP('',(#9608,#9638,#9659,#9660));
#9608 = ORIENTED_EDGE('',*,*,#9609,.F.);
#9609 = EDGE_CURVE('',#9610,#9612,#9614,.T.);
#9610 = VERTEX_POINT('',#9611);
#9611 = CARTESIAN_POINT('',(78.047001953125,-45.50000030517,32.9));
#9612 = VERTEX_POINT('',#9613);
#9613 = CARTESIAN_POINT('',(78.047001953125,-42.35599639892,32.9));
#9614 = SURFACE_CURVE('',#9615,(#9619,#9626),.PCURVE_S1.);
#9615 = LINE('',#9616,#9617);
#9616 = CARTESIAN_POINT('',(78.047001953125,-45.50000030517,32.9));
#9617 = VECTOR('',#9618,1.);
#9618 = DIRECTION('',(0.,1.,0.));
#9619 = PCURVE('',#4233,#9620);
#9620 = DEFINITIONAL_REPRESENTATION('',(#9621),#9625);
#9621 = LINE('',#9622,#9623);
#9622 = CARTESIAN_POINT('',(0.,0.));
#9623 = VECTOR('',#9624,1.);
#9624 = DIRECTION('',(1.,0.));
#9625 = ( GEOMETRIC_REPRESENTATION_CONTEXT(2) 
PARAMETRIC_REPRESENTATION_CONTEXT() REPRESENTATION_CONTEXT('2D SPACE',''
  ) );
#9626 = PCURVE('',#9627,#9632);
#9627 = PLANE('',#9628);
#9628 = AXIS2_PLACEMENT_3D('',#9629,#9630,#9631);
#9629 = CARTESIAN_POINT('',(77.687001953125,-45.50000030517,32.9));
#9630 = DIRECTION('',(0.,0.,1.));
#9631 = DIRECTION('',(1.,0.,0.));
#9632 = DEFINITIONAL_REPRESENTATION('',(#9633),#9637);
#9633 = LINE('',#9634,#9635);
#9634 = CARTESIAN_POINT('',(0.36,0.));
#9635 = VECTOR('',#9636,1.);
#9636 = DIRECTION('',(0.,1.));
#9637 = ( GEOMETRIC_REPRESENTATION_CONTEXT(2) 
PARAMETRIC_REPRESENTATION_CONTEXT() REPRESENTATION_CONTEXT('2D SPACE',''
  ) );
#9638 = ORIENTED_EDGE('',*,*,#9639,.T.);
#9639 = EDGE_CURVE('',#9610,#4219,#9640,.T.);
#9640 = SURFACE_CURVE('',#9641,(#9645,#9652),.PCURVE_S1.);
#9641 = LINE('',#9642,#9643);
#9642 = CARTESIAN_POINT('',(78.047001953125,-45.50000030517,32.9));
#9643 = VECTOR('',#9644,1.);
#9644 = DIRECTION('',(0.,0.,1.));
#9645 = PCURVE('',#4233,#9646);
#9646 = DEFINITIONAL_REPRESENTATION('',(#9647),#9651);
#9647 = LINE('',#9648,#9649);
#9648 = CARTESIAN_POINT('',(0.,0.));
#9649 = VECTOR('',#9650,1.);
#9650 = DIRECTION('',(0.,-1.));
#9651 = ( GEOMETRIC_REPRESENTATION_CONTEXT(2) 
PARAMETRIC_REPRESENTATION_CONTEXT() REPRESENTATION_CONTEXT('2D SPACE',''
  ) );
#9652 = PCURVE('',#4815,#9653);
#9653 = DEFINITIONAL_REPRESENTATION('',(#9654),#9658);
#9654 = LINE('',#9655,#9656);
#9655 = CARTESIAN_POINT('',(0.50400390625,0.));
#9656 = VECTOR('',#9657,1.);
#9657 = DIRECTION('',(0.,-1.));
#9658 = ( GEOMETRIC_REPRESENTATION_CONTEXT(2) 
PARAMETRIC_REPRESENTATION_CONTEXT() REPRESENTATION_CONTEXT('2D SPACE',''
  ) );
#9659 = ORIENTED_EDGE('',*,*,#4216,.F.);
#9660 = ORIENTED_EDGE('',*,*,#9661,.F.);
#9661 = EDGE_CURVE('',#9612,#4217,#9662,.T.);
#9662 = SURFACE_CURVE('',#9663,(#9667,#9674),.PCURVE_S1.);
#9663 = LINE('',#9664,#9665);
#9664 = CARTESIAN_POINT('',(78.047001953125,-42.35599639892,32.9));
#9665 = VECTOR('',#9666,1.);
#9666 = DIRECTION('',(0.,0.,1.));
#9667 = PCURVE('',#4233,#9668);
#9668 = DEFINITIONAL_REPRESENTATION('',(#9669),#9673);
#9669 = LINE('',#9670,#9671);
#9670 = CARTESIAN_POINT('',(3.14400390625,0.));
#9671 = VECTOR('',#9672,1.);
#9672 = DIRECTION('',(0.,-1.));
#9673 = ( GEOMETRIC_REPRESENTATION_CONTEXT(2) 
PARAMETRIC_REPRESENTATION_CONTEXT() REPRESENTATION_CONTEXT('2D SPACE',''
  ) );
#9674 = PCURVE('',#4259,#9675);
#9675 = DEFINITIONAL_REPRESENTATION('',(#9676),#9680);
#9676 = LINE('',#9677,#9678);
#9677 = CARTESIAN_POINT('',(0.,0.));
#9678 = VECTOR('',#9679,1.);
#9679 = DIRECTION('',(0.,-1.));
#9680 = ( GEOMETRIC_REPRESENTATION_CONTEXT(2) 
PARAMETRIC_REPRESENTATION_CONTEXT() REPRESENTATION_CONTEXT('2D SPACE',''
  ) );
#9681 = ADVANCED_FACE('',(#9682),#4259,.F.);
#9682 = FACE_BOUND('',#9683,.F.);
#9683 = EDGE_LOOP('',(#9684,#9707,#9708,#9709));
#9684 = ORIENTED_EDGE('',*,*,#9685,.F.);
#9685 = EDGE_CURVE('',#9612,#9686,#9688,.T.);
#9686 = VERTEX_POINT('',#9687);
#9687 = CARTESIAN_POINT('',(78.508994140625,-42.35599639892,32.9));
#9688 = SURFACE_CURVE('',#9689,(#9693,#9700),.PCURVE_S1.);
#9689 = LINE('',#9690,#9691);
#9690 = CARTESIAN_POINT('',(78.047001953125,-42.35599639892,32.9));
#9691 = VECTOR('',#9692,1.);
#9692 = DIRECTION('',(1.,0.,0.));
#9693 = PCURVE('',#4259,#9694);
#9694 = DEFINITIONAL_REPRESENTATION('',(#9695),#9699);
#9695 = LINE('',#9696,#9697);
#9696 = CARTESIAN_POINT('',(0.,0.));
#9697 = VECTOR('',#9698,1.);
#9698 = DIRECTION('',(1.,0.));
#9699 = ( GEOMETRIC_REPRESENTATION_CONTEXT(2) 
PARAMETRIC_REPRESENTATION_CONTEXT() REPRESENTATION_CONTEXT('2D SPACE',''
  ) );
#9700 = PCURVE('',#9627,#9701);
#9701 = DEFINITIONAL_REPRESENTATION('',(#9702),#9706);
#9702 = LINE('',#9703,#9704);
#9703 = CARTESIAN_POINT('',(0.36,3.14400390625));
#9704 = VECTOR('',#9705,1.);
#9705 = DIRECTION('',(1.,0.));
#9706 = ( GEOMETRIC_REPRESENTATION_CONTEXT(2) 
PARAMETRIC_REPRESENTATION_CONTEXT() REPRESENTATION_CONTEXT('2D SPACE',''
  ) );
#9707 = ORIENTED_EDGE('',*,*,#9661,.T.);
#9708 = ORIENTED_EDGE('',*,*,#4244,.F.);
#9709 = ORIENTED_EDGE('',*,*,#9710,.F.);
#9710 = EDGE_CURVE('',#9686,#4245,#9711,.T.);
#9711 = SURFACE_CURVE('',#9712,(#9716,#9723),.PCURVE_S1.);
#9712 = LINE('',#9713,#9714);
#9713 = CARTESIAN_POINT('',(78.508994140625,-42.35599639892,32.9));
#9714 = VECTOR('',#9715,1.);
#9715 = DIRECTION('',(0.,0.,1.));
#9716 = PCURVE('',#4259,#9717);
#9717 = DEFINITIONAL_REPRESENTATION('',(#9718),#9722);
#9718 = LINE('',#9719,#9720);
#9719 = CARTESIAN_POINT('',(0.4619921875,0.));
#9720 = VECTOR('',#9721,1.);
#9721 = DIRECTION('',(0.,-1.));
#9722 = ( GEOMETRIC_REPRESENTATION_CONTEXT(2) 
PARAMETRIC_REPRESENTATION_CONTEXT() REPRESENTATION_CONTEXT('2D SPACE',''
  ) );
#9723 = PCURVE('',#4285,#9724);
#9724 = DEFINITIONAL_REPRESENTATION('',(#9725),#9729);
#9725 = LINE('',#9726,#9727);
#9726 = CARTESIAN_POINT('',(0.,0.));
#9727 = VECTOR('',#9728,1.);
#9728 = DIRECTION('',(0.,-1.));
#9729 = ( GEOMETRIC_REPRESENTATION_CONTEXT(2) 
PARAMETRIC_REPRESENTATION_CONTEXT() REPRESENTATION_CONTEXT('2D SPACE',''
  ) );
#9730 = ADVANCED_FACE('',(#9731),#4815,.F.);
#9731 = FACE_BOUND('',#9732,.F.);
#9732 = EDGE_LOOP('',(#9733,#9756,#9777,#9778));
#9733 = ORIENTED_EDGE('',*,*,#9734,.F.);
#9734 = EDGE_CURVE('',#9735,#9610,#9737,.T.);
#9735 = VERTEX_POINT('',#9736);
#9736 = CARTESIAN_POINT('',(78.551005859375,-45.50000030517,32.9));
#9737 = SURFACE_CURVE('',#9738,(#9742,#9749),.PCURVE_S1.);
#9738 = LINE('',#9739,#9740);
#9739 = CARTESIAN_POINT('',(78.551005859375,-45.50000030517,32.9));
#9740 = VECTOR('',#9741,1.);
#9741 = DIRECTION('',(-1.,0.,0.));
#9742 = PCURVE('',#4815,#9743);
#9743 = DEFINITIONAL_REPRESENTATION('',(#9744),#9748);
#9744 = LINE('',#9745,#9746);
#9745 = CARTESIAN_POINT('',(0.,-0.));
#9746 = VECTOR('',#9747,1.);
#9747 = DIRECTION('',(1.,0.));
#9748 = ( GEOMETRIC_REPRESENTATION_CONTEXT(2) 
PARAMETRIC_REPRESENTATION_CONTEXT() REPRESENTATION_CONTEXT('2D SPACE',''
  ) );
#9749 = PCURVE('',#9627,#9750);
#9750 = DEFINITIONAL_REPRESENTATION('',(#9751),#9755);
#9751 = LINE('',#9752,#9753);
#9752 = CARTESIAN_POINT('',(0.86400390625,0.));
#9753 = VECTOR('',#9754,1.);
#9754 = DIRECTION('',(-1.,0.));
#9755 = ( GEOMETRIC_REPRESENTATION_CONTEXT(2) 
PARAMETRIC_REPRESENTATION_CONTEXT() REPRESENTATION_CONTEXT('2D SPACE',''
  ) );
#9756 = ORIENTED_EDGE('',*,*,#9757,.T.);
#9757 = EDGE_CURVE('',#9735,#4777,#9758,.T.);
#9758 = SURFACE_CURVE('',#9759,(#9763,#9770),.PCURVE_S1.);
#9759 = LINE('',#9760,#9761);
#9760 = CARTESIAN_POINT('',(78.551005859375,-45.50000030517,32.9));
#9761 = VECTOR('',#9762,1.);
#9762 = DIRECTION('',(0.,0.,1.));
#9763 = PCURVE('',#4815,#9764);
#9764 = DEFINITIONAL_REPRESENTATION('',(#9765),#9769);
#9765 = LINE('',#9766,#9767);
#9766 = CARTESIAN_POINT('',(0.,-0.));
#9767 = VECTOR('',#9768,1.);
#9768 = DIRECTION('',(0.,-1.));
#9769 = ( GEOMETRIC_REPRESENTATION_CONTEXT(2) 
PARAMETRIC_REPRESENTATION_CONTEXT() REPRESENTATION_CONTEXT('2D SPACE',''
  ) );
#9770 = PCURVE('',#4791,#9771);
#9771 = DEFINITIONAL_REPRESENTATION('',(#9772),#9776);
#9772 = LINE('',#9773,#9774);
#9773 = CARTESIAN_POINT('',(1.73400390625,0.));
#9774 = VECTOR('',#9775,1.);
#9775 = DIRECTION('',(0.,-1.));
#9776 = ( GEOMETRIC_REPRESENTATION_CONTEXT(2) 
PARAMETRIC_REPRESENTATION_CONTEXT() REPRESENTATION_CONTEXT('2D SPACE',''
  ) );
#9777 = ORIENTED_EDGE('',*,*,#4802,.F.);
#9778 = ORIENTED_EDGE('',*,*,#9639,.F.);
#9779 = ADVANCED_FACE('',(#9780),#4285,.F.);
#9780 = FACE_BOUND('',#9781,.F.);
#9781 = EDGE_LOOP('',(#9782,#9805,#9806,#9807));
#9782 = ORIENTED_EDGE('',*,*,#9783,.F.);
#9783 = EDGE_CURVE('',#9686,#9784,#9786,.T.);
#9784 = VERTEX_POINT('',#9785);
#9785 = CARTESIAN_POINT('',(78.508994140625,-42.88400421142,32.9));
#9786 = SURFACE_CURVE('',#9787,(#9791,#9798),.PCURVE_S1.);
#9787 = LINE('',#9788,#9789);
#9788 = CARTESIAN_POINT('',(78.508994140625,-42.35599639892,32.9));
#9789 = VECTOR('',#9790,1.);
#9790 = DIRECTION('',(0.,-1.,0.));
#9791 = PCURVE('',#4285,#9792);
#9792 = DEFINITIONAL_REPRESENTATION('',(#9793),#9797);
#9793 = LINE('',#9794,#9795);
#9794 = CARTESIAN_POINT('',(0.,0.));
#9795 = VECTOR('',#9796,1.);
#9796 = DIRECTION('',(1.,0.));
#9797 = ( GEOMETRIC_REPRESENTATION_CONTEXT(2) 
PARAMETRIC_REPRESENTATION_CONTEXT() REPRESENTATION_CONTEXT('2D SPACE',''
  ) );
#9798 = PCURVE('',#9627,#9799);
#9799 = DEFINITIONAL_REPRESENTATION('',(#9800),#9804);
#9800 = LINE('',#9801,#9802);
#9801 = CARTESIAN_POINT('',(0.8219921875,3.14400390625));
#9802 = VECTOR('',#9803,1.);
#9803 = DIRECTION('',(0.,-1.));
#9804 = ( GEOMETRIC_REPRESENTATION_CONTEXT(2) 
PARAMETRIC_REPRESENTATION_CONTEXT() REPRESENTATION_CONTEXT('2D SPACE',''
  ) );
#9805 = ORIENTED_EDGE('',*,*,#9710,.T.);
#9806 = ORIENTED_EDGE('',*,*,#4270,.F.);
#9807 = ORIENTED_EDGE('',*,*,#9808,.F.);
#9808 = EDGE_CURVE('',#9784,#4271,#9809,.T.);
#9809 = SURFACE_CURVE('',#9810,(#9814,#9821),.PCURVE_S1.);
#9810 = LINE('',#9811,#9812);
#9811 = CARTESIAN_POINT('',(78.508994140625,-42.88400421142,32.9));
#9812 = VECTOR('',#9813,1.);
#9813 = DIRECTION('',(0.,0.,1.));
#9814 = PCURVE('',#4285,#9815);
#9815 = DEFINITIONAL_REPRESENTATION('',(#9816),#9820);
#9816 = LINE('',#9817,#9818);
#9817 = CARTESIAN_POINT('',(0.5280078125,0.));
#9818 = VECTOR('',#9819,1.);
#9819 = DIRECTION('',(0.,-1.));
#9820 = ( GEOMETRIC_REPRESENTATION_CONTEXT(2) 
PARAMETRIC_REPRESENTATION_CONTEXT() REPRESENTATION_CONTEXT('2D SPACE',''
  ) );
#9821 = PCURVE('',#4320,#9822);
#9822 = DEFINITIONAL_REPRESENTATION('',(#9823),#9827);
#9823 = LINE('',#9824,#9825);
#9824 = CARTESIAN_POINT('',(0.,0.));
#9825 = VECTOR('',#9826,1.);
#9826 = DIRECTION('',(0.,-1.));
#9827 = ( GEOMETRIC_REPRESENTATION_CONTEXT(2) 
PARAMETRIC_REPRESENTATION_CONTEXT() REPRESENTATION_CONTEXT('2D SPACE',''
  ) );
#9828 = ADVANCED_FACE('',(#9829),#4791,.F.);
#9829 = FACE_BOUND('',#9830,.F.);
#9830 = EDGE_LOOP('',(#9831,#9854,#9875,#9876));
#9831 = ORIENTED_EDGE('',*,*,#9832,.F.);
#9832 = EDGE_CURVE('',#9833,#9735,#9835,.T.);
#9833 = VERTEX_POINT('',#9834);
#9834 = CARTESIAN_POINT('',(78.551005859375,-43.76599639892,32.9));
#9835 = SURFACE_CURVE('',#9836,(#9840,#9847),.PCURVE_S1.);
#9836 = LINE('',#9837,#9838);
#9837 = CARTESIAN_POINT('',(78.551005859375,-43.76599639892,32.9));
#9838 = VECTOR('',#9839,1.);
#9839 = DIRECTION('',(0.,-1.,0.));
#9840 = PCURVE('',#4791,#9841);
#9841 = DEFINITIONAL_REPRESENTATION('',(#9842),#9846);
#9842 = LINE('',#9843,#9844);
#9843 = CARTESIAN_POINT('',(0.,0.));
#9844 = VECTOR('',#9845,1.);
#9845 = DIRECTION('',(1.,0.));
#9846 = ( GEOMETRIC_REPRESENTATION_CONTEXT(2) 
PARAMETRIC_REPRESENTATION_CONTEXT() REPRESENTATION_CONTEXT('2D SPACE',''
  ) );
#9847 = PCURVE('',#9627,#9848);
#9848 = DEFINITIONAL_REPRESENTATION('',(#9849),#9853);
#9849 = LINE('',#9850,#9851);
#9850 = CARTESIAN_POINT('',(0.86400390625,1.73400390625));
#9851 = VECTOR('',#9852,1.);
#9852 = DIRECTION('',(0.,-1.));
#9853 = ( GEOMETRIC_REPRESENTATION_CONTEXT(2) 
PARAMETRIC_REPRESENTATION_CONTEXT() REPRESENTATION_CONTEXT('2D SPACE',''
  ) );
#9854 = ORIENTED_EDGE('',*,*,#9855,.T.);
#9855 = EDGE_CURVE('',#9833,#4726,#9856,.T.);
#9856 = SURFACE_CURVE('',#9857,(#9861,#9868),.PCURVE_S1.);
#9857 = LINE('',#9858,#9859);
#9858 = CARTESIAN_POINT('',(78.551005859375,-43.76599639892,32.9));
#9859 = VECTOR('',#9860,1.);
#9860 = DIRECTION('',(0.,0.,1.));
#9861 = PCURVE('',#4791,#9862);
#9862 = DEFINITIONAL_REPRESENTATION('',(#9863),#9867);
#9863 = LINE('',#9864,#9865);
#9864 = CARTESIAN_POINT('',(0.,0.));
#9865 = VECTOR('',#9866,1.);
#9866 = DIRECTION('',(0.,-1.));
#9867 = ( GEOMETRIC_REPRESENTATION_CONTEXT(2) 
PARAMETRIC_REPRESENTATION_CONTEXT() REPRESENTATION_CONTEXT('2D SPACE',''
  ) );
#9868 = PCURVE('',#4755,#9869);
#9869 = DEFINITIONAL_REPRESENTATION('',(#9870),#9874);
#9870 = LINE('',#9871,#9872);
#9871 = CARTESIAN_POINT('',(1.,0.));
#9872 = VECTOR('',#9873,1.);
#9873 = DIRECTION('',(0.,-1.));
#9874 = ( GEOMETRIC_REPRESENTATION_CONTEXT(2) 
PARAMETRIC_REPRESENTATION_CONTEXT() REPRESENTATION_CONTEXT('2D SPACE',''
  ) );
#9875 = ORIENTED_EDGE('',*,*,#4776,.F.);
#9876 = ORIENTED_EDGE('',*,*,#9757,.F.);
#9877 = ADVANCED_FACE('',(#9878),#4320,.F.);
#9878 = FACE_BOUND('',#9879,.F.);
#9879 = EDGE_LOOP('',(#9880,#9903,#9904,#9905));
#9880 = ORIENTED_EDGE('',*,*,#9881,.F.);
#9881 = EDGE_CURVE('',#9784,#9882,#9884,.T.);
#9882 = VERTEX_POINT('',#9883);
#9883 = CARTESIAN_POINT('',(78.962001953125,-42.41000030517,32.9));
#9884 = SURFACE_CURVE('',#9885,(#9889,#9896),.PCURVE_S1.);
#9885 = B_SPLINE_CURVE_WITH_KNOTS('',2,(#9886,#9887,#9888),
  .UNSPECIFIED.,.F.,.F.,(3,3),(0.,1.),.PIECEWISE_BEZIER_KNOTS.);
#9886 = CARTESIAN_POINT('',(78.508994140625,-42.88400421142,32.9));
#9887 = CARTESIAN_POINT('',(78.718994140625,-42.55400421142,32.9));
#9888 = CARTESIAN_POINT('',(78.962001953125,-42.41000030517,32.9));
#9889 = PCURVE('',#4320,#9890);
#9890 = DEFINITIONAL_REPRESENTATION('',(#9891),#9895);
#9891 = LINE('',#9892,#9893);
#9892 = CARTESIAN_POINT('',(0.,0.));
#9893 = VECTOR('',#9894,1.);
#9894 = DIRECTION('',(1.,0.));
#9895 = ( GEOMETRIC_REPRESENTATION_CONTEXT(2) 
PARAMETRIC_REPRESENTATION_CONTEXT() REPRESENTATION_CONTEXT('2D SPACE',''
  ) );
#9896 = PCURVE('',#9627,#9897);
#9897 = DEFINITIONAL_REPRESENTATION('',(#9898),#9902);
#9898 = B_SPLINE_CURVE_WITH_KNOTS('',2,(#9899,#9900,#9901),
  .UNSPECIFIED.,.F.,.F.,(3,3),(0.,1.),.PIECEWISE_BEZIER_KNOTS.);
#9899 = CARTESIAN_POINT('',(0.8219921875,2.61599609375));
#9900 = CARTESIAN_POINT('',(1.0319921875,2.94599609375));
#9901 = CARTESIAN_POINT('',(1.275,3.09));
#9902 = ( GEOMETRIC_REPRESENTATION_CONTEXT(2) 
PARAMETRIC_REPRESENTATION_CONTEXT() REPRESENTATION_CONTEXT('2D SPACE',''
  ) );
#9903 = ORIENTED_EDGE('',*,*,#9808,.T.);
#9904 = ORIENTED_EDGE('',*,*,#4296,.F.);
#9905 = ORIENTED_EDGE('',*,*,#9906,.F.);
#9906 = EDGE_CURVE('',#9882,#4297,#9907,.T.);
#9907 = SURFACE_CURVE('',#9908,(#9912,#9919),.PCURVE_S1.);
#9908 = LINE('',#9909,#9910);
#9909 = CARTESIAN_POINT('',(78.962001953125,-42.41000030517,32.9));
#9910 = VECTOR('',#9911,1.);
#9911 = DIRECTION('',(0.,0.,1.));
#9912 = PCURVE('',#4320,#9913);
#9913 = DEFINITIONAL_REPRESENTATION('',(#9914),#9918);
#9914 = LINE('',#9915,#9916);
#9915 = CARTESIAN_POINT('',(1.,0.));
#9916 = VECTOR('',#9917,1.);
#9917 = DIRECTION('',(0.,-1.));
#9918 = ( GEOMETRIC_REPRESENTATION_CONTEXT(2) 
PARAMETRIC_REPRESENTATION_CONTEXT() REPRESENTATION_CONTEXT('2D SPACE',''
  ) );
#9919 = PCURVE('',#4362,#9920);
#9920 = DEFINITIONAL_REPRESENTATION('',(#9921),#9925);
#9921 = LINE('',#9922,#9923);
#9922 = CARTESIAN_POINT('',(0.,0.));
#9923 = VECTOR('',#9924,1.);
#9924 = DIRECTION('',(0.,-1.));
#9925 = ( GEOMETRIC_REPRESENTATION_CONTEXT(2) 
PARAMETRIC_REPRESENTATION_CONTEXT() REPRESENTATION_CONTEXT('2D SPACE',''
  ) );
#9926 = ADVANCED_FACE('',(#9927),#4755,.F.);
#9927 = FACE_BOUND('',#9928,.F.);
#9928 = EDGE_LOOP('',(#9929,#9952,#9973,#9974));
#9929 = ORIENTED_EDGE('',*,*,#9930,.F.);
#9930 = EDGE_CURVE('',#9931,#9833,#9933,.T.);
#9931 = VERTEX_POINT('',#9932);
#9932 = CARTESIAN_POINT('',(78.785,-42.99500030517,32.9));
#9933 = SURFACE_CURVE('',#9934,(#9938,#9945),.PCURVE_S1.);
#9934 = B_SPLINE_CURVE_WITH_KNOTS('',2,(#9935,#9936,#9937),
  .UNSPECIFIED.,.F.,.F.,(3,3),(0.,1.),.PIECEWISE_BEZIER_KNOTS.);
#9935 = CARTESIAN_POINT('',(78.785,-42.99500030517,32.9));
#9936 = CARTESIAN_POINT('',(78.551005859375,-43.28599639892,32.9));
#9937 = CARTESIAN_POINT('',(78.551005859375,-43.76599639892,32.9));
#9938 = PCURVE('',#4755,#9939);
#9939 = DEFINITIONAL_REPRESENTATION('',(#9940),#9944);
#9940 = LINE('',#9941,#9942);
#9941 = CARTESIAN_POINT('',(0.,0.));
#9942 = VECTOR('',#9943,1.);
#9943 = DIRECTION('',(1.,0.));
#9944 = ( GEOMETRIC_REPRESENTATION_CONTEXT(2) 
PARAMETRIC_REPRESENTATION_CONTEXT() REPRESENTATION_CONTEXT('2D SPACE',''
  ) );
#9945 = PCURVE('',#9627,#9946);
#9946 = DEFINITIONAL_REPRESENTATION('',(#9947),#9951);
#9947 = B_SPLINE_CURVE_WITH_KNOTS('',2,(#9948,#9949,#9950),
  .UNSPECIFIED.,.F.,.F.,(3,3),(0.,1.),.PIECEWISE_BEZIER_KNOTS.);
#9948 = CARTESIAN_POINT('',(1.097998046875,2.505));
#9949 = CARTESIAN_POINT('',(0.86400390625,2.21400390625));
#9950 = CARTESIAN_POINT('',(0.86400390625,1.73400390625));
#9951 = ( GEOMETRIC_REPRESENTATION_CONTEXT(2) 
PARAMETRIC_REPRESENTATION_CONTEXT() REPRESENTATION_CONTEXT('2D SPACE',''
  ) );
#9952 = ORIENTED_EDGE('',*,*,#9953,.T.);
#9953 = EDGE_CURVE('',#9931,#4675,#9954,.T.);
#9954 = SURFACE_CURVE('',#9955,(#9959,#9966),.PCURVE_S1.);
#9955 = LINE('',#9956,#9957);
#9956 = CARTESIAN_POINT('',(78.785,-42.99500030517,32.9));
#9957 = VECTOR('',#9958,1.);
#9958 = DIRECTION('',(0.,0.,1.));
#9959 = PCURVE('',#4755,#9960);
#9960 = DEFINITIONAL_REPRESENTATION('',(#9961),#9965);
#9961 = LINE('',#9962,#9963);
#9962 = CARTESIAN_POINT('',(0.,0.));
#9963 = VECTOR('',#9964,1.);
#9964 = DIRECTION('',(0.,-1.));
#9965 = ( GEOMETRIC_REPRESENTATION_CONTEXT(2) 
PARAMETRIC_REPRESENTATION_CONTEXT() REPRESENTATION_CONTEXT('2D SPACE',''
  ) );
#9966 = PCURVE('',#4704,#9967);
#9967 = DEFINITIONAL_REPRESENTATION('',(#9968),#9972);
#9968 = LINE('',#9969,#9970);
#9969 = CARTESIAN_POINT('',(1.,0.));
#9970 = VECTOR('',#9971,1.);
#9971 = DIRECTION('',(0.,-1.));
#9972 = ( GEOMETRIC_REPRESENTATION_CONTEXT(2) 
PARAMETRIC_REPRESENTATION_CONTEXT() REPRESENTATION_CONTEXT('2D SPACE',''
  ) );
#9973 = ORIENTED_EDGE('',*,*,#4725,.F.);
#9974 = ORIENTED_EDGE('',*,*,#9855,.F.);
#9975 = ADVANCED_FACE('',(#9976),#4362,.F.);
#9976 = FACE_BOUND('',#9977,.F.);
#9977 = EDGE_LOOP('',(#9978,#10001,#10002,#10003));
#9978 = ORIENTED_EDGE('',*,*,#9979,.F.);
#9979 = EDGE_CURVE('',#9882,#9980,#9982,.T.);
#9980 = VERTEX_POINT('',#9981);
#9981 = CARTESIAN_POINT('',(79.552998046875,-42.26599639892,32.9));
#9982 = SURFACE_CURVE('',#9983,(#9987,#9994),.PCURVE_S1.);
#9983 = B_SPLINE_CURVE_WITH_KNOTS('',2,(#9984,#9985,#9986),
  .UNSPECIFIED.,.F.,.F.,(3,3),(0.,1.),.PIECEWISE_BEZIER_KNOTS.);
#9984 = CARTESIAN_POINT('',(78.962001953125,-42.41000030517,32.9));
#9985 = CARTESIAN_POINT('',(79.205009765625,-42.26599639892,32.9));
#9986 = CARTESIAN_POINT('',(79.552998046875,-42.26599639892,32.9));
#9987 = PCURVE('',#4362,#9988);
#9988 = DEFINITIONAL_REPRESENTATION('',(#9989),#9993);
#9989 = LINE('',#9990,#9991);
#9990 = CARTESIAN_POINT('',(0.,0.));
#9991 = VECTOR('',#9992,1.);
#9992 = DIRECTION('',(1.,0.));
#9993 = ( GEOMETRIC_REPRESENTATION_CONTEXT(2) 
PARAMETRIC_REPRESENTATION_CONTEXT() REPRESENTATION_CONTEXT('2D SPACE',''
  ) );
#9994 = PCURVE('',#9627,#9995);
#9995 = DEFINITIONAL_REPRESENTATION('',(#9996),#10000);
#9996 = B_SPLINE_CURVE_WITH_KNOTS('',2,(#9997,#9998,#9999),
  .UNSPECIFIED.,.F.,.F.,(3,3),(0.,1.),.PIECEWISE_BEZIER_KNOTS.);
#9997 = CARTESIAN_POINT('',(1.275,3.09));
#9998 = CARTESIAN_POINT('',(1.5180078125,3.23400390625));
#9999 = CARTESIAN_POINT('',(1.86599609375,3.23400390625));
#10000 = ( GEOMETRIC_REPRESENTATION_CONTEXT(2) 
PARAMETRIC_REPRESENTATION_CONTEXT() REPRESENTATION_CONTEXT('2D SPACE',''
  ) );
#10001 = ORIENTED_EDGE('',*,*,#9906,.T.);
#10002 = ORIENTED_EDGE('',*,*,#4338,.F.);
#10003 = ORIENTED_EDGE('',*,*,#10004,.F.);
#10004 = EDGE_CURVE('',#9980,#4339,#10005,.T.);
#10005 = SURFACE_CURVE('',#10006,(#10010,#10017),.PCURVE_S1.);
#10006 = LINE('',#10007,#10008);
#10007 = CARTESIAN_POINT('',(79.552998046875,-42.26599639892,32.9));
#10008 = VECTOR('',#10009,1.);
#10009 = DIRECTION('',(0.,0.,1.));
#10010 = PCURVE('',#4362,#10011);
#10011 = DEFINITIONAL_REPRESENTATION('',(#10012),#10016);
#10012 = LINE('',#10013,#10014);
#10013 = CARTESIAN_POINT('',(1.,0.));
#10014 = VECTOR('',#10015,1.);
#10015 = DIRECTION('',(0.,-1.));
#10016 = ( GEOMETRIC_REPRESENTATION_CONTEXT(2) 
PARAMETRIC_REPRESENTATION_CONTEXT() REPRESENTATION_CONTEXT('2D SPACE',''
  ) );
#10017 = PCURVE('',#4418,#10018);
#10018 = DEFINITIONAL_REPRESENTATION('',(#10019),#10023);
#10019 = LINE('',#10020,#10021);
#10020 = CARTESIAN_POINT('',(0.,0.));
#10021 = VECTOR('',#10022,1.);
#10022 = DIRECTION('',(0.,-1.));
#10023 = ( GEOMETRIC_REPRESENTATION_CONTEXT(2) 
PARAMETRIC_REPRESENTATION_CONTEXT() REPRESENTATION_CONTEXT('2D SPACE',''
  ) );
#10024 = ADVANCED_FACE('',(#10025),#4704,.F.);
#10025 = FACE_BOUND('',#10026,.F.);
#10026 = EDGE_LOOP('',(#10027,#10050,#10071,#10072));
#10027 = ORIENTED_EDGE('',*,*,#10028,.F.);
#10028 = EDGE_CURVE('',#10029,#9931,#10031,.T.);
#10029 = VERTEX_POINT('',#10030);
#10030 = CARTESIAN_POINT('',(79.402998046875,-42.70400421142,32.9));
#10031 = SURFACE_CURVE('',#10032,(#10036,#10043),.PCURVE_S1.);
#10032 = B_SPLINE_CURVE_WITH_KNOTS('',2,(#10033,#10034,#10035),
  .UNSPECIFIED.,.F.,.F.,(3,3),(0.,1.),.PIECEWISE_BEZIER_KNOTS.);
#10033 = CARTESIAN_POINT('',(79.402998046875,-42.70400421142,32.9));
#10034 = CARTESIAN_POINT('',(79.018994140625,-42.70400421142,32.9));
#10035 = CARTESIAN_POINT('',(78.785,-42.99500030517,32.9));
#10036 = PCURVE('',#4704,#10037);
#10037 = DEFINITIONAL_REPRESENTATION('',(#10038),#10042);
#10038 = LINE('',#10039,#10040);
#10039 = CARTESIAN_POINT('',(0.,0.));
#10040 = VECTOR('',#10041,1.);
#10041 = DIRECTION('',(1.,0.));
#10042 = ( GEOMETRIC_REPRESENTATION_CONTEXT(2) 
PARAMETRIC_REPRESENTATION_CONTEXT() REPRESENTATION_CONTEXT('2D SPACE',''
  ) );
#10043 = PCURVE('',#9627,#10044);
#10044 = DEFINITIONAL_REPRESENTATION('',(#10045),#10049);
#10045 = B_SPLINE_CURVE_WITH_KNOTS('',2,(#10046,#10047,#10048),
  .UNSPECIFIED.,.F.,.F.,(3,3),(0.,1.),.PIECEWISE_BEZIER_KNOTS.);
#10046 = CARTESIAN_POINT('',(1.71599609375,2.79599609375));
#10047 = CARTESIAN_POINT('',(1.3319921875,2.79599609375));
#10048 = CARTESIAN_POINT('',(1.097998046875,2.505));
#10049 = ( GEOMETRIC_REPRESENTATION_CONTEXT(2) 
PARAMETRIC_REPRESENTATION_CONTEXT() REPRESENTATION_CONTEXT('2D SPACE',''
  ) );
#10050 = ORIENTED_EDGE('',*,*,#10051,.T.);
#10051 = EDGE_CURVE('',#10029,#4624,#10052,.T.);
#10052 = SURFACE_CURVE('',#10053,(#10057,#10064),.PCURVE_S1.);
#10053 = LINE('',#10054,#10055);
#10054 = CARTESIAN_POINT('',(79.402998046875,-42.70400421142,32.9));
#10055 = VECTOR('',#10056,1.);
#10056 = DIRECTION('',(0.,0.,1.));
#10057 = PCURVE('',#4704,#10058);
#10058 = DEFINITIONAL_REPRESENTATION('',(#10059),#10063);
#10059 = LINE('',#10060,#10061);
#10060 = CARTESIAN_POINT('',(0.,0.));
#10061 = VECTOR('',#10062,1.);
#10062 = DIRECTION('',(0.,-1.));
#10063 = ( GEOMETRIC_REPRESENTATION_CONTEXT(2) 
PARAMETRIC_REPRESENTATION_CONTEXT() REPRESENTATION_CONTEXT('2D SPACE',''
  ) );
#10064 = PCURVE('',#4653,#10065);
#10065 = DEFINITIONAL_REPRESENTATION('',(#10066),#10070);
#10066 = LINE('',#10067,#10068);
#10067 = CARTESIAN_POINT('',(1.,0.));
#10068 = VECTOR('',#10069,1.);
#10069 = DIRECTION('',(0.,-1.));
#10070 = ( GEOMETRIC_REPRESENTATION_CONTEXT(2) 
PARAMETRIC_REPRESENTATION_CONTEXT() REPRESENTATION_CONTEXT('2D SPACE',''
  ) );
#10071 = ORIENTED_EDGE('',*,*,#4674,.F.);
#10072 = ORIENTED_EDGE('',*,*,#9953,.F.);
#10073 = ADVANCED_FACE('',(#10074),#4418,.F.);
#10074 = FACE_BOUND('',#10075,.F.);
#10075 = EDGE_LOOP('',(#10076,#10099,#10100,#10101));
#10076 = ORIENTED_EDGE('',*,*,#10077,.F.);
#10077 = EDGE_CURVE('',#9980,#10078,#10080,.T.);
#10078 = VERTEX_POINT('',#10079);
#10079 = CARTESIAN_POINT('',(80.278994140625,-42.50000030517,32.9));
#10080 = SURFACE_CURVE('',#10081,(#10085,#10092),.PCURVE_S1.);
#10081 = B_SPLINE_CURVE_WITH_KNOTS('',2,(#10082,#10083,#10084),
  .UNSPECIFIED.,.F.,.F.,(3,3),(0.,1.),.PIECEWISE_BEZIER_KNOTS.);
#10082 = CARTESIAN_POINT('',(79.552998046875,-42.26599639892,32.9));
#10083 = CARTESIAN_POINT('',(80.008994140625,-42.26599639892,32.9));
#10084 = CARTESIAN_POINT('',(80.278994140625,-42.50000030517,32.9));
#10085 = PCURVE('',#4418,#10086);
#10086 = DEFINITIONAL_REPRESENTATION('',(#10087),#10091);
#10087 = LINE('',#10088,#10089);
#10088 = CARTESIAN_POINT('',(0.,0.));
#10089 = VECTOR('',#10090,1.);
#10090 = DIRECTION('',(1.,0.));
#10091 = ( GEOMETRIC_REPRESENTATION_CONTEXT(2) 
PARAMETRIC_REPRESENTATION_CONTEXT() REPRESENTATION_CONTEXT('2D SPACE',''
  ) );
#10092 = PCURVE('',#9627,#10093);
#10093 = DEFINITIONAL_REPRESENTATION('',(#10094),#10098);
#10094 = B_SPLINE_CURVE_WITH_KNOTS('',2,(#10095,#10096,#10097),
  .UNSPECIFIED.,.F.,.F.,(3,3),(0.,1.),.PIECEWISE_BEZIER_KNOTS.);
#10095 = CARTESIAN_POINT('',(1.86599609375,3.23400390625));
#10096 = CARTESIAN_POINT('',(2.3219921875,3.23400390625));
#10097 = CARTESIAN_POINT('',(2.5919921875,3.));
#10098 = ( GEOMETRIC_REPRESENTATION_CONTEXT(2) 
PARAMETRIC_REPRESENTATION_CONTEXT() REPRESENTATION_CONTEXT('2D SPACE',''
  ) );
#10099 = ORIENTED_EDGE('',*,*,#10004,.T.);
#10100 = ORIENTED_EDGE('',*,*,#4380,.F.);
#10101 = ORIENTED_EDGE('',*,*,#10102,.F.);
#10102 = EDGE_CURVE('',#10078,#4381,#10103,.T.);
#10103 = SURFACE_CURVE('',#10104,(#10108,#10115),.PCURVE_S1.);
#10104 = LINE('',#10105,#10106);
#10105 = CARTESIAN_POINT('',(80.278994140625,-42.50000030517,32.9));
#10106 = VECTOR('',#10107,1.);
#10107 = DIRECTION('',(0.,0.,1.));
#10108 = PCURVE('',#4418,#10109);
#10109 = DEFINITIONAL_REPRESENTATION('',(#10110),#10114);
#10110 = LINE('',#10111,#10112);
#10111 = CARTESIAN_POINT('',(1.,0.));
#10112 = VECTOR('',#10113,1.);
#10113 = DIRECTION('',(0.,-1.));
#10114 = ( GEOMETRIC_REPRESENTATION_CONTEXT(2) 
PARAMETRIC_REPRESENTATION_CONTEXT() REPRESENTATION_CONTEXT('2D SPACE',''
  ) );
#10115 = PCURVE('',#4473,#10116);
#10116 = DEFINITIONAL_REPRESENTATION('',(#10117),#10121);
#10117 = LINE('',#10118,#10119);
#10118 = CARTESIAN_POINT('',(0.,0.));
#10119 = VECTOR('',#10120,1.);
#10120 = DIRECTION('',(0.,-1.));
#10121 = ( GEOMETRIC_REPRESENTATION_CONTEXT(2) 
PARAMETRIC_REPRESENTATION_CONTEXT() REPRESENTATION_CONTEXT('2D SPACE',''
  ) );
#10122 = ADVANCED_FACE('',(#10123),#4653,.F.);
#10123 = FACE_BOUND('',#10124,.F.);
#10124 = EDGE_LOOP('',(#10125,#10148,#10169,#10170));
#10125 = ORIENTED_EDGE('',*,*,#10126,.F.);
#10126 = EDGE_CURVE('',#10127,#10029,#10129,.T.);
#10127 = VERTEX_POINT('',#10128);
#10128 = CARTESIAN_POINT('',(79.877001953125,-42.8720022583,32.9));
#10129 = SURFACE_CURVE('',#10130,(#10134,#10141),.PCURVE_S1.);
#10130 = B_SPLINE_CURVE_WITH_KNOTS('',2,(#10131,#10132,#10133),
  .UNSPECIFIED.,.F.,.F.,(3,3),(0.,1.),.PIECEWISE_BEZIER_KNOTS.);
#10131 = CARTESIAN_POINT('',(79.877001953125,-42.8720022583,32.9));
#10132 = CARTESIAN_POINT('',(79.702998046875,-42.70400421142,32.9));
#10133 = CARTESIAN_POINT('',(79.402998046875,-42.70400421142,32.9));
#10134 = PCURVE('',#4653,#10135);
#10135 = DEFINITIONAL_REPRESENTATION('',(#10136),#10140);
#10136 = LINE('',#10137,#10138);
#10137 = CARTESIAN_POINT('',(0.,0.));
#10138 = VECTOR('',#10139,1.);
#10139 = DIRECTION('',(1.,0.));
#10140 = ( GEOMETRIC_REPRESENTATION_CONTEXT(2) 
PARAMETRIC_REPRESENTATION_CONTEXT() REPRESENTATION_CONTEXT('2D SPACE',''
  ) );
#10141 = PCURVE('',#9627,#10142);
#10142 = DEFINITIONAL_REPRESENTATION('',(#10143),#10147);
#10143 = B_SPLINE_CURVE_WITH_KNOTS('',2,(#10144,#10145,#10146),
  .UNSPECIFIED.,.F.,.F.,(3,3),(0.,1.),.PIECEWISE_BEZIER_KNOTS.);
#10144 = CARTESIAN_POINT('',(2.19,2.627998046875));
#10145 = CARTESIAN_POINT('',(2.01599609375,2.79599609375));
#10146 = CARTESIAN_POINT('',(1.71599609375,2.79599609375));
#10147 = ( GEOMETRIC_REPRESENTATION_CONTEXT(2) 
PARAMETRIC_REPRESENTATION_CONTEXT() REPRESENTATION_CONTEXT('2D SPACE',''
  ) );
#10148 = ORIENTED_EDGE('',*,*,#10149,.T.);
#10149 = EDGE_CURVE('',#10127,#4573,#10150,.T.);
#10150 = SURFACE_CURVE('',#10151,(#10155,#10162),.PCURVE_S1.);
#10151 = LINE('',#10152,#10153);
#10152 = CARTESIAN_POINT('',(79.877001953125,-42.8720022583,32.9));
#10153 = VECTOR('',#10154,1.);
#10154 = DIRECTION('',(0.,0.,1.));
#10155 = PCURVE('',#4653,#10156);
#10156 = DEFINITIONAL_REPRESENTATION('',(#10157),#10161);
#10157 = LINE('',#10158,#10159);
#10158 = CARTESIAN_POINT('',(0.,0.));
#10159 = VECTOR('',#10160,1.);
#10160 = DIRECTION('',(0.,-1.));
#10161 = ( GEOMETRIC_REPRESENTATION_CONTEXT(2) 
PARAMETRIC_REPRESENTATION_CONTEXT() REPRESENTATION_CONTEXT('2D SPACE',''
  ) );
#10162 = PCURVE('',#4602,#10163);
#10163 = DEFINITIONAL_REPRESENTATION('',(#10164),#10168);
#10164 = LINE('',#10165,#10166);
#10165 = CARTESIAN_POINT('',(1.,0.));
#10166 = VECTOR('',#10167,1.);
#10167 = DIRECTION('',(0.,-1.));
#10168 = ( GEOMETRIC_REPRESENTATION_CONTEXT(2) 
PARAMETRIC_REPRESENTATION_CONTEXT() REPRESENTATION_CONTEXT('2D SPACE',''
  ) );
#10169 = ORIENTED_EDGE('',*,*,#4623,.F.);
#10170 = ORIENTED_EDGE('',*,*,#10051,.F.);
#10171 = ADVANCED_FACE('',(#10172),#4473,.F.);
#10172 = FACE_BOUND('',#10173,.F.);
#10173 = EDGE_LOOP('',(#10174,#10197,#10198,#10199));
#10174 = ORIENTED_EDGE('',*,*,#10175,.F.);
#10175 = EDGE_CURVE('',#10078,#10176,#10178,.T.);
#10176 = VERTEX_POINT('',#10177);
#10177 = CARTESIAN_POINT('',(80.548994140625,-43.12400421142,32.9));
#10178 = SURFACE_CURVE('',#10179,(#10183,#10190),.PCURVE_S1.);
#10179 = B_SPLINE_CURVE_WITH_KNOTS('',2,(#10180,#10181,#10182),
  .UNSPECIFIED.,.F.,.F.,(3,3),(0.,1.),.PIECEWISE_BEZIER_KNOTS.);
#10180 = CARTESIAN_POINT('',(80.278994140625,-42.50000030517,32.9));
#10181 = CARTESIAN_POINT('',(80.548994140625,-42.73400421142,32.9));
#10182 = CARTESIAN_POINT('',(80.548994140625,-43.12400421142,32.9));
#10183 = PCURVE('',#4473,#10184);
#10184 = DEFINITIONAL_REPRESENTATION('',(#10185),#10189);
#10185 = LINE('',#10186,#10187);
#10186 = CARTESIAN_POINT('',(0.,0.));
#10187 = VECTOR('',#10188,1.);
#10188 = DIRECTION('',(1.,0.));
#10189 = ( GEOMETRIC_REPRESENTATION_CONTEXT(2) 
PARAMETRIC_REPRESENTATION_CONTEXT() REPRESENTATION_CONTEXT('2D SPACE',''
  ) );
#10190 = PCURVE('',#9627,#10191);
#10191 = DEFINITIONAL_REPRESENTATION('',(#10192),#10196);
#10192 = B_SPLINE_CURVE_WITH_KNOTS('',2,(#10193,#10194,#10195),
  .UNSPECIFIED.,.F.,.F.,(3,3),(0.,1.),.PIECEWISE_BEZIER_KNOTS.);
#10193 = CARTESIAN_POINT('',(2.5919921875,3.));
#10194 = CARTESIAN_POINT('',(2.8619921875,2.76599609375));
#10195 = CARTESIAN_POINT('',(2.8619921875,2.37599609375));
#10196 = ( GEOMETRIC_REPRESENTATION_CONTEXT(2) 
PARAMETRIC_REPRESENTATION_CONTEXT() REPRESENTATION_CONTEXT('2D SPACE',''
  ) );
#10197 = ORIENTED_EDGE('',*,*,#10102,.T.);
#10198 = ORIENTED_EDGE('',*,*,#4443,.F.);
#10199 = ORIENTED_EDGE('',*,*,#10200,.F.);
#10200 = EDGE_CURVE('',#10176,#4444,#10201,.T.);
#10201 = SURFACE_CURVE('',#10202,(#10206,#10213),.PCURVE_S1.);
#10202 = LINE('',#10203,#10204);
#10203 = CARTESIAN_POINT('',(80.548994140625,-43.12400421142,32.9));
#10204 = VECTOR('',#10205,1.);
#10205 = DIRECTION('',(0.,0.,1.));
#10206 = PCURVE('',#4473,#10207);
#10207 = DEFINITIONAL_REPRESENTATION('',(#10208),#10212);
#10208 = LINE('',#10209,#10210);
#10209 = CARTESIAN_POINT('',(1.,0.));
#10210 = VECTOR('',#10211,1.);
#10211 = DIRECTION('',(0.,-1.));
#10212 = ( GEOMETRIC_REPRESENTATION_CONTEXT(2) 
PARAMETRIC_REPRESENTATION_CONTEXT() REPRESENTATION_CONTEXT('2D SPACE',''
  ) );
#10213 = PCURVE('',#4509,#10214);
#10214 = DEFINITIONAL_REPRESENTATION('',(#10215),#10219);
#10215 = LINE('',#10216,#10217);
#10216 = CARTESIAN_POINT('',(0.,0.));
#10217 = VECTOR('',#10218,1.);
#10218 = DIRECTION('',(0.,-1.));
#10219 = ( GEOMETRIC_REPRESENTATION_CONTEXT(2) 
PARAMETRIC_REPRESENTATION_CONTEXT() REPRESENTATION_CONTEXT('2D SPACE',''
  ) );
#10220 = ADVANCED_FACE('',(#10221),#4602,.F.);
#10221 = FACE_BOUND('',#10222,.F.);
#10222 = EDGE_LOOP('',(#10223,#10246,#10267,#10268));
#10223 = ORIENTED_EDGE('',*,*,#10224,.F.);
#10224 = EDGE_CURVE('',#10225,#10127,#10227,.T.);
#10225 = VERTEX_POINT('',#10226);
#10226 = CARTESIAN_POINT('',(80.051005859375,-43.32199249267,32.9));
#10227 = SURFACE_CURVE('',#10228,(#10232,#10239),.PCURVE_S1.);
#10228 = B_SPLINE_CURVE_WITH_KNOTS('',2,(#10229,#10230,#10231),
  .UNSPECIFIED.,.F.,.F.,(3,3),(0.,1.),.PIECEWISE_BEZIER_KNOTS.);
#10229 = CARTESIAN_POINT('',(80.051005859375,-43.32199249267,32.9));
#10230 = CARTESIAN_POINT('',(80.051005859375,-43.04000030517,32.9));
#10231 = CARTESIAN_POINT('',(79.877001953125,-42.8720022583,32.9));
#10232 = PCURVE('',#4602,#10233);
#10233 = DEFINITIONAL_REPRESENTATION('',(#10234),#10238);
#10234 = LINE('',#10235,#10236);
#10235 = CARTESIAN_POINT('',(0.,0.));
#10236 = VECTOR('',#10237,1.);
#10237 = DIRECTION('',(1.,0.));
#10238 = ( GEOMETRIC_REPRESENTATION_CONTEXT(2) 
PARAMETRIC_REPRESENTATION_CONTEXT() REPRESENTATION_CONTEXT('2D SPACE',''
  ) );
#10239 = PCURVE('',#9627,#10240);
#10240 = DEFINITIONAL_REPRESENTATION('',(#10241),#10245);
#10241 = B_SPLINE_CURVE_WITH_KNOTS('',2,(#10242,#10243,#10244),
  .UNSPECIFIED.,.F.,.F.,(3,3),(0.,1.),.PIECEWISE_BEZIER_KNOTS.);
#10242 = CARTESIAN_POINT('',(2.36400390625,2.1780078125));
#10243 = CARTESIAN_POINT('',(2.36400390625,2.46));
#10244 = CARTESIAN_POINT('',(2.19,2.627998046875));
#10245 = ( GEOMETRIC_REPRESENTATION_CONTEXT(2) 
PARAMETRIC_REPRESENTATION_CONTEXT() REPRESENTATION_CONTEXT('2D SPACE',''
  ) );
#10246 = ORIENTED_EDGE('',*,*,#10247,.T.);
#10247 = EDGE_CURVE('',#10225,#4547,#10248,.T.);
#10248 = SURFACE_CURVE('',#10249,(#10253,#10260),.PCURVE_S1.);
#10249 = LINE('',#10250,#10251);
#10250 = CARTESIAN_POINT('',(80.051005859375,-43.32199249267,32.9));
#10251 = VECTOR('',#10252,1.);
#10252 = DIRECTION('',(0.,0.,1.));
#10253 = PCURVE('',#4602,#10254);
#10254 = DEFINITIONAL_REPRESENTATION('',(#10255),#10259);
#10255 = LINE('',#10256,#10257);
#10256 = CARTESIAN_POINT('',(0.,0.));
#10257 = VECTOR('',#10258,1.);
#10258 = DIRECTION('',(0.,-1.));
#10259 = ( GEOMETRIC_REPRESENTATION_CONTEXT(2) 
PARAMETRIC_REPRESENTATION_CONTEXT() REPRESENTATION_CONTEXT('2D SPACE',''
  ) );
#10260 = PCURVE('',#4561,#10261);
#10261 = DEFINITIONAL_REPRESENTATION('',(#10262),#10266);
#10262 = LINE('',#10263,#10264);
#10263 = CARTESIAN_POINT('',(2.1780078125,0.));
#10264 = VECTOR('',#10265,1.);
#10265 = DIRECTION('',(0.,-1.));
#10266 = ( GEOMETRIC_REPRESENTATION_CONTEXT(2) 
PARAMETRIC_REPRESENTATION_CONTEXT() REPRESENTATION_CONTEXT('2D SPACE',''
  ) );
#10267 = ORIENTED_EDGE('',*,*,#4572,.F.);
#10268 = ORIENTED_EDGE('',*,*,#10149,.F.);
#10269 = ADVANCED_FACE('',(#10270),#4509,.F.);
#10270 = FACE_BOUND('',#10271,.F.);
#10271 = EDGE_LOOP('',(#10272,#10295,#10296,#10297));
#10272 = ORIENTED_EDGE('',*,*,#10273,.F.);
#10273 = EDGE_CURVE('',#10176,#10274,#10276,.T.);
#10274 = VERTEX_POINT('',#10275);
#10275 = CARTESIAN_POINT('',(80.548994140625,-45.50000030517,32.9));
#10276 = SURFACE_CURVE('',#10277,(#10281,#10288),.PCURVE_S1.);
#10277 = LINE('',#10278,#10279);
#10278 = CARTESIAN_POINT('',(80.548994140625,-43.12400421142,32.9));
#10279 = VECTOR('',#10280,1.);
#10280 = DIRECTION('',(0.,-1.,0.));
#10281 = PCURVE('',#4509,#10282);
#10282 = DEFINITIONAL_REPRESENTATION('',(#10283),#10287);
#10283 = LINE('',#10284,#10285);
#10284 = CARTESIAN_POINT('',(0.,0.));
#10285 = VECTOR('',#10286,1.);
#10286 = DIRECTION('',(1.,0.));
#10287 = ( GEOMETRIC_REPRESENTATION_CONTEXT(2) 
PARAMETRIC_REPRESENTATION_CONTEXT() REPRESENTATION_CONTEXT('2D SPACE',''
  ) );
#10288 = PCURVE('',#9627,#10289);
#10289 = DEFINITIONAL_REPRESENTATION('',(#10290),#10294);
#10290 = LINE('',#10291,#10292);
#10291 = CARTESIAN_POINT('',(2.8619921875,2.37599609375));
#10292 = VECTOR('',#10293,1.);
#10293 = DIRECTION('',(0.,-1.));
#10294 = ( GEOMETRIC_REPRESENTATION_CONTEXT(2) 
PARAMETRIC_REPRESENTATION_CONTEXT() REPRESENTATION_CONTEXT('2D SPACE',''
  ) );
#10295 = ORIENTED_EDGE('',*,*,#10200,.T.);
#10296 = ORIENTED_EDGE('',*,*,#4494,.F.);
#10297 = ORIENTED_EDGE('',*,*,#10298,.F.);
#10298 = EDGE_CURVE('',#10274,#4495,#10299,.T.);
#10299 = SURFACE_CURVE('',#10300,(#10304,#10311),.PCURVE_S1.);
#10300 = LINE('',#10301,#10302);
#10301 = CARTESIAN_POINT('',(80.548994140625,-45.50000030517,32.9));
#10302 = VECTOR('',#10303,1.);
#10303 = DIRECTION('',(0.,0.,1.));
#10304 = PCURVE('',#4509,#10305);
#10305 = DEFINITIONAL_REPRESENTATION('',(#10306),#10310);
#10306 = LINE('',#10307,#10308);
#10307 = CARTESIAN_POINT('',(2.37599609375,0.));
#10308 = VECTOR('',#10309,1.);
#10309 = DIRECTION('',(0.,-1.));
#10310 = ( GEOMETRIC_REPRESENTATION_CONTEXT(2) 
PARAMETRIC_REPRESENTATION_CONTEXT() REPRESENTATION_CONTEXT('2D SPACE',''
  ) );
#10311 = PCURVE('',#4535,#10312);
#10312 = DEFINITIONAL_REPRESENTATION('',(#10313),#10317);
#10313 = LINE('',#10314,#10315);
#10314 = CARTESIAN_POINT('',(0.,-0.));
#10315 = VECTOR('',#10316,1.);
#10316 = DIRECTION('',(0.,-1.));
#10317 = ( GEOMETRIC_REPRESENTATION_CONTEXT(2) 
PARAMETRIC_REPRESENTATION_CONTEXT() REPRESENTATION_CONTEXT('2D SPACE',''
  ) );
#10318 = ADVANCED_FACE('',(#10319),#4561,.F.);
#10319 = FACE_BOUND('',#10320,.F.);
#10320 = EDGE_LOOP('',(#10321,#10344,#10365,#10366));
#10321 = ORIENTED_EDGE('',*,*,#10322,.F.);
#10322 = EDGE_CURVE('',#10323,#10225,#10325,.T.);
#10323 = VERTEX_POINT('',#10324);
#10324 = CARTESIAN_POINT('',(80.051005859375,-45.50000030517,32.9));
#10325 = SURFACE_CURVE('',#10326,(#10330,#10337),.PCURVE_S1.);
#10326 = LINE('',#10327,#10328);
#10327 = CARTESIAN_POINT('',(80.051005859375,-45.50000030517,32.9));
#10328 = VECTOR('',#10329,1.);
#10329 = DIRECTION('',(0.,1.,0.));
#10330 = PCURVE('',#4561,#10331);
#10331 = DEFINITIONAL_REPRESENTATION('',(#10332),#10336);
#10332 = LINE('',#10333,#10334);
#10333 = CARTESIAN_POINT('',(0.,0.));
#10334 = VECTOR('',#10335,1.);
#10335 = DIRECTION('',(1.,0.));
#10336 = ( GEOMETRIC_REPRESENTATION_CONTEXT(2) 
PARAMETRIC_REPRESENTATION_CONTEXT() REPRESENTATION_CONTEXT('2D SPACE',''
  ) );
#10337 = PCURVE('',#9627,#10338);
#10338 = DEFINITIONAL_REPRESENTATION('',(#10339),#10343);
#10339 = LINE('',#10340,#10341);
#10340 = CARTESIAN_POINT('',(2.36400390625,0.));
#10341 = VECTOR('',#10342,1.);
#10342 = DIRECTION('',(0.,1.));
#10343 = ( GEOMETRIC_REPRESENTATION_CONTEXT(2) 
PARAMETRIC_REPRESENTATION_CONTEXT() REPRESENTATION_CONTEXT('2D SPACE',''
  ) );
#10344 = ORIENTED_EDGE('',*,*,#10345,.T.);
#10345 = EDGE_CURVE('',#10323,#4521,#10346,.T.);
#10346 = SURFACE_CURVE('',#10347,(#10351,#10358),.PCURVE_S1.);
#10347 = LINE('',#10348,#10349);
#10348 = CARTESIAN_POINT('',(80.051005859375,-45.50000030517,32.9));
#10349 = VECTOR('',#10350,1.);
#10350 = DIRECTION('',(0.,0.,1.));
#10351 = PCURVE('',#4561,#10352);
#10352 = DEFINITIONAL_REPRESENTATION('',(#10353),#10357);
#10353 = LINE('',#10354,#10355);
#10354 = CARTESIAN_POINT('',(0.,0.));
#10355 = VECTOR('',#10356,1.);
#10356 = DIRECTION('',(0.,-1.));
#10357 = ( GEOMETRIC_REPRESENTATION_CONTEXT(2) 
PARAMETRIC_REPRESENTATION_CONTEXT() REPRESENTATION_CONTEXT('2D SPACE',''
  ) );
#10358 = PCURVE('',#4535,#10359);
#10359 = DEFINITIONAL_REPRESENTATION('',(#10360),#10364);
#10360 = LINE('',#10361,#10362);
#10361 = CARTESIAN_POINT('',(0.49798828125,0.));
#10362 = VECTOR('',#10363,1.);
#10363 = DIRECTION('',(0.,-1.));
#10364 = ( GEOMETRIC_REPRESENTATION_CONTEXT(2) 
PARAMETRIC_REPRESENTATION_CONTEXT() REPRESENTATION_CONTEXT('2D SPACE',''
  ) );
#10365 = ORIENTED_EDGE('',*,*,#4546,.F.);
#10366 = ORIENTED_EDGE('',*,*,#10247,.F.);
#10367 = ADVANCED_FACE('',(#10368),#4535,.F.);
#10368 = FACE_BOUND('',#10369,.F.);
#10369 = EDGE_LOOP('',(#10370,#10391,#10392,#10393));
#10370 = ORIENTED_EDGE('',*,*,#10371,.F.);
#10371 = EDGE_CURVE('',#10274,#10323,#10372,.T.);
#10372 = SURFACE_CURVE('',#10373,(#10377,#10384),.PCURVE_S1.);
#10373 = LINE('',#10374,#10375);
#10374 = CARTESIAN_POINT('',(80.548994140625,-45.50000030517,32.9));
#10375 = VECTOR('',#10376,1.);
#10376 = DIRECTION('',(-1.,0.,0.));
#10377 = PCURVE('',#4535,#10378);
#10378 = DEFINITIONAL_REPRESENTATION('',(#10379),#10383);
#10379 = LINE('',#10380,#10381);
#10380 = CARTESIAN_POINT('',(1.42108547152E-14,0.));
#10381 = VECTOR('',#10382,1.);
#10382 = DIRECTION('',(1.,0.));
#10383 = ( GEOMETRIC_REPRESENTATION_CONTEXT(2) 
PARAMETRIC_REPRESENTATION_CONTEXT() REPRESENTATION_CONTEXT('2D SPACE',''
  ) );
#10384 = PCURVE('',#9627,#10385);
#10385 = DEFINITIONAL_REPRESENTATION('',(#10386),#10390);
#10386 = LINE('',#10387,#10388);
#10387 = CARTESIAN_POINT('',(2.8619921875,0.));
#10388 = VECTOR('',#10389,1.);
#10389 = DIRECTION('',(-1.,0.));
#10390 = ( GEOMETRIC_REPRESENTATION_CONTEXT(2) 
PARAMETRIC_REPRESENTATION_CONTEXT() REPRESENTATION_CONTEXT('2D SPACE',''
  ) );
#10391 = ORIENTED_EDGE('',*,*,#10298,.T.);
#10392 = ORIENTED_EDGE('',*,*,#4520,.F.);
#10393 = ORIENTED_EDGE('',*,*,#10345,.F.);
#10394 = ADVANCED_FACE('',(#10395),#4849,.F.);
#10395 = FACE_BOUND('',#10396,.T.);
#10396 = EDGE_LOOP('',(#10397,#10398,#10419,#10420));
#10397 = ORIENTED_EDGE('',*,*,#6949,.F.);
#10398 = ORIENTED_EDGE('',*,*,#10399,.T.);
#10399 = EDGE_CURVE('',#6950,#4829,#10400,.T.);
#10400 = SEAM_CURVE('',#10401,(#10405,#10412),.PCURVE_S1.);
#10401 = LINE('',#10402,#10403);
#10402 = CARTESIAN_POINT('',(97.1,-58.5,32.3));
#10403 = VECTOR('',#10404,1.);
#10404 = DIRECTION('',(0.,0.,1.));
#10405 = PCURVE('',#4849,#10406);
#10406 = DEFINITIONAL_REPRESENTATION('',(#10407),#10411);
#10407 = LINE('',#10408,#10409);
#10408 = CARTESIAN_POINT('',(-6.28318530718,0.));
#10409 = VECTOR('',#10410,1.);
#10410 = DIRECTION('',(-0.,-1.));
#10411 = ( GEOMETRIC_REPRESENTATION_CONTEXT(2) 
PARAMETRIC_REPRESENTATION_CONTEXT() REPRESENTATION_CONTEXT('2D SPACE',''
  ) );
#10412 = PCURVE('',#4849,#10413);
#10413 = DEFINITIONAL_REPRESENTATION('',(#10414),#10418);
#10414 = LINE('',#10415,#10416);
#10415 = CARTESIAN_POINT('',(-0.,0.));
#10416 = VECTOR('',#10417,1.);
#10417 = DIRECTION('',(-0.,-1.));
#10418 = ( GEOMETRIC_REPRESENTATION_CONTEXT(2) 
PARAMETRIC_REPRESENTATION_CONTEXT() REPRESENTATION_CONTEXT('2D SPACE',''
  ) );
#10419 = ORIENTED_EDGE('',*,*,#4828,.F.);
#10420 = ORIENTED_EDGE('',*,*,#10399,.F.);
#10421 = ADVANCED_FACE('',(#10422),#4903,.F.);
#10422 = FACE_BOUND('',#10423,.F.);
#10423 = EDGE_LOOP('',(#10424,#10454,#10475,#10476));
#10424 = ORIENTED_EDGE('',*,*,#10425,.F.);
#10425 = EDGE_CURVE('',#10426,#10428,#10430,.T.);
#10426 = VERTEX_POINT('',#10427);
#10427 = CARTESIAN_POINT('',(82.444990234375,-42.26599639892,32.9));
#10428 = VERTEX_POINT('',#10429);
#10429 = CARTESIAN_POINT('',(83.497998046875,-42.71299835205,32.9));
#10430 = SURFACE_CURVE('',#10431,(#10435,#10442),.PCURVE_S1.);
#10431 = B_SPLINE_CURVE_WITH_KNOTS('',2,(#10432,#10433,#10434),
  .UNSPECIFIED.,.F.,.F.,(3,3),(0.,1.),.PIECEWISE_BEZIER_KNOTS.);
#10432 = CARTESIAN_POINT('',(82.444990234375,-42.26599639892,32.9));
#10433 = CARTESIAN_POINT('',(83.122998046875,-42.26599639892,32.9));
#10434 = CARTESIAN_POINT('',(83.497998046875,-42.71299835205,32.9));
#10435 = PCURVE('',#4903,#10436);
#10436 = DEFINITIONAL_REPRESENTATION('',(#10437),#10441);
#10437 = LINE('',#10438,#10439);
#10438 = CARTESIAN_POINT('',(0.,0.));
#10439 = VECTOR('',#10440,1.);
#10440 = DIRECTION('',(1.,0.));
#10441 = ( GEOMETRIC_REPRESENTATION_CONTEXT(2) 
PARAMETRIC_REPRESENTATION_CONTEXT() REPRESENTATION_CONTEXT('2D SPACE',''
  ) );
#10442 = PCURVE('',#10443,#10448);
#10443 = PLANE('',#10444);
#10444 = AXIS2_PLACEMENT_3D('',#10445,#10446,#10447);
#10445 = CARTESIAN_POINT('',(80.848994140625,-45.50000030517,32.9));
#10446 = DIRECTION('',(0.,0.,1.));
#10447 = DIRECTION('',(1.,0.,0.));
#10448 = DEFINITIONAL_REPRESENTATION('',(#10449),#10453);
#10449 = B_SPLINE_CURVE_WITH_KNOTS('',2,(#10450,#10451,#10452),
  .UNSPECIFIED.,.F.,.F.,(3,3),(0.,1.),.PIECEWISE_BEZIER_KNOTS.);
#10450 = CARTESIAN_POINT('',(1.59599609375,3.23400390625));
#10451 = CARTESIAN_POINT('',(2.27400390625,3.23400390625));
#10452 = CARTESIAN_POINT('',(2.64900390625,2.787001953125));
#10453 = ( GEOMETRIC_REPRESENTATION_CONTEXT(2) 
PARAMETRIC_REPRESENTATION_CONTEXT() REPRESENTATION_CONTEXT('2D SPACE',''
  ) );
#10454 = ORIENTED_EDGE('',*,*,#10455,.T.);
#10455 = EDGE_CURVE('',#10426,#4866,#10456,.T.);
#10456 = SURFACE_CURVE('',#10457,(#10461,#10468),.PCURVE_S1.);
#10457 = LINE('',#10458,#10459);
#10458 = CARTESIAN_POINT('',(82.444990234375,-42.26599639892,32.9));
#10459 = VECTOR('',#10460,1.);
#10460 = DIRECTION('',(0.,0.,1.));
#10461 = PCURVE('',#4903,#10462);
#10462 = DEFINITIONAL_REPRESENTATION('',(#10463),#10467);
#10463 = LINE('',#10464,#10465);
#10464 = CARTESIAN_POINT('',(0.,0.));
#10465 = VECTOR('',#10466,1.);
#10466 = DIRECTION('',(0.,-1.));
#10467 = ( GEOMETRIC_REPRESENTATION_CONTEXT(2) 
PARAMETRIC_REPRESENTATION_CONTEXT() REPRESENTATION_CONTEXT('2D SPACE',''
  ) );
#10468 = PCURVE('',#5318,#10469);
#10469 = DEFINITIONAL_REPRESENTATION('',(#10470),#10474);
#10470 = LINE('',#10471,#10472);
#10471 = CARTESIAN_POINT('',(1.,0.));
#10472 = VECTOR('',#10473,1.);
#10473 = DIRECTION('',(0.,-1.));
#10474 = ( GEOMETRIC_REPRESENTATION_CONTEXT(2) 
PARAMETRIC_REPRESENTATION_CONTEXT() REPRESENTATION_CONTEXT('2D SPACE',''
  ) );
#10475 = ORIENTED_EDGE('',*,*,#4863,.F.);
#10476 = ORIENTED_EDGE('',*,*,#10477,.F.);
#10477 = EDGE_CURVE('',#10428,#4864,#10478,.T.);
#10478 = SURFACE_CURVE('',#10479,(#10483,#10490),.PCURVE_S1.);
#10479 = LINE('',#10480,#10481);
#10480 = CARTESIAN_POINT('',(83.497998046875,-42.71299835205,32.9));
#10481 = VECTOR('',#10482,1.);
#10482 = DIRECTION('',(0.,0.,1.));
#10483 = PCURVE('',#4903,#10484);
#10484 = DEFINITIONAL_REPRESENTATION('',(#10485),#10489);
#10485 = LINE('',#10486,#10487);
#10486 = CARTESIAN_POINT('',(1.,0.));
#10487 = VECTOR('',#10488,1.);
#10488 = DIRECTION('',(0.,-1.));
#10489 = ( GEOMETRIC_REPRESENTATION_CONTEXT(2) 
PARAMETRIC_REPRESENTATION_CONTEXT() REPRESENTATION_CONTEXT('2D SPACE',''
  ) );
#10490 = PCURVE('',#4962,#10491);
#10491 = DEFINITIONAL_REPRESENTATION('',(#10492),#10496);
#10492 = LINE('',#10493,#10494);
#10493 = CARTESIAN_POINT('',(0.,0.));
#10494 = VECTOR('',#10495,1.);
#10495 = DIRECTION('',(0.,-1.));
#10496 = ( GEOMETRIC_REPRESENTATION_CONTEXT(2) 
PARAMETRIC_REPRESENTATION_CONTEXT() REPRESENTATION_CONTEXT('2D SPACE',''
  ) );
#10497 = ADVANCED_FACE('',(#10498),#4962,.F.);
#10498 = FACE_BOUND('',#10499,.F.);
#10499 = EDGE_LOOP('',(#10500,#10523,#10524,#10525));
#10500 = ORIENTED_EDGE('',*,*,#10501,.F.);
#10501 = EDGE_CURVE('',#10428,#10502,#10504,.T.);
#10502 = VERTEX_POINT('',#10503);
#10503 = CARTESIAN_POINT('',(83.872998046875,-43.97599639892,32.9));
#10504 = SURFACE_CURVE('',#10505,(#10509,#10516),.PCURVE_S1.);
#10505 = B_SPLINE_CURVE_WITH_KNOTS('',2,(#10506,#10507,#10508),
  .UNSPECIFIED.,.F.,.F.,(3,3),(0.,1.),.PIECEWISE_BEZIER_KNOTS.);
#10506 = CARTESIAN_POINT('',(83.497998046875,-42.71299835205,32.9));
#10507 = CARTESIAN_POINT('',(83.872998046875,-43.16000030517,32.9));
#10508 = CARTESIAN_POINT('',(83.872998046875,-43.97599639892,32.9));
#10509 = PCURVE('',#4962,#10510);
#10510 = DEFINITIONAL_REPRESENTATION('',(#10511),#10515);
#10511 = LINE('',#10512,#10513);
#10512 = CARTESIAN_POINT('',(0.,0.));
#10513 = VECTOR('',#10514,1.);
#10514 = DIRECTION('',(1.,0.));
#10515 = ( GEOMETRIC_REPRESENTATION_CONTEXT(2) 
PARAMETRIC_REPRESENTATION_CONTEXT() REPRESENTATION_CONTEXT('2D SPACE',''
  ) );
#10516 = PCURVE('',#10443,#10517);
#10517 = DEFINITIONAL_REPRESENTATION('',(#10518),#10522);
#10518 = B_SPLINE_CURVE_WITH_KNOTS('',2,(#10519,#10520,#10521),
  .UNSPECIFIED.,.F.,.F.,(3,3),(0.,1.),.PIECEWISE_BEZIER_KNOTS.);
#10519 = CARTESIAN_POINT('',(2.64900390625,2.787001953125));
#10520 = CARTESIAN_POINT('',(3.02400390625,2.34));
#10521 = CARTESIAN_POINT('',(3.02400390625,1.52400390625));
#10522 = ( GEOMETRIC_REPRESENTATION_CONTEXT(2) 
PARAMETRIC_REPRESENTATION_CONTEXT() REPRESENTATION_CONTEXT('2D SPACE',''
  ) );
#10523 = ORIENTED_EDGE('',*,*,#10477,.T.);
#10524 = ORIENTED_EDGE('',*,*,#4928,.F.);
#10525 = ORIENTED_EDGE('',*,*,#10526,.F.);
#10526 = EDGE_CURVE('',#10502,#4929,#10527,.T.);
#10527 = SURFACE_CURVE('',#10528,(#10532,#10539),.PCURVE_S1.);
#10528 = LINE('',#10529,#10530);
#10529 = CARTESIAN_POINT('',(83.872998046875,-43.97599639892,32.9));
#10530 = VECTOR('',#10531,1.);
#10531 = DIRECTION('',(0.,0.,1.));
#10532 = PCURVE('',#4962,#10533);
#10533 = DEFINITIONAL_REPRESENTATION('',(#10534),#10538);
#10534 = LINE('',#10535,#10536);
#10535 = CARTESIAN_POINT('',(1.,0.));
#10536 = VECTOR('',#10537,1.);
#10537 = DIRECTION('',(0.,-1.));
#10538 = ( GEOMETRIC_REPRESENTATION_CONTEXT(2) 
PARAMETRIC_REPRESENTATION_CONTEXT() REPRESENTATION_CONTEXT('2D SPACE',''
  ) );
#10539 = PCURVE('',#5019,#10540);
#10540 = DEFINITIONAL_REPRESENTATION('',(#10541),#10545);
#10541 = LINE('',#10542,#10543);
#10542 = CARTESIAN_POINT('',(0.,0.));
#10543 = VECTOR('',#10544,1.);
#10544 = DIRECTION('',(0.,-1.));
#10545 = ( GEOMETRIC_REPRESENTATION_CONTEXT(2) 
PARAMETRIC_REPRESENTATION_CONTEXT() REPRESENTATION_CONTEXT('2D SPACE',''
  ) );
#10546 = ADVANCED_FACE('',(#10547),#5318,.F.);
#10547 = FACE_BOUND('',#10548,.F.);
#10548 = EDGE_LOOP('',(#10549,#10572,#10593,#10594));
#10549 = ORIENTED_EDGE('',*,*,#10550,.F.);
#10550 = EDGE_CURVE('',#10551,#10426,#10553,.T.);
#10551 = VERTEX_POINT('',#10552);
#10552 = CARTESIAN_POINT('',(81.4069921875,-42.71299835205,32.9));
#10553 = SURFACE_CURVE('',#10554,(#10558,#10565),.PCURVE_S1.);
#10554 = B_SPLINE_CURVE_WITH_KNOTS('',2,(#10555,#10556,#10557),
  .UNSPECIFIED.,.F.,.F.,(3,3),(0.,1.),.PIECEWISE_BEZIER_KNOTS.);
#10555 = CARTESIAN_POINT('',(81.4069921875,-42.71299835205,32.9));
#10556 = CARTESIAN_POINT('',(81.784990234375,-42.26599639892,32.9));
#10557 = CARTESIAN_POINT('',(82.444990234375,-42.26599639892,32.9));
#10558 = PCURVE('',#5318,#10559);
#10559 = DEFINITIONAL_REPRESENTATION('',(#10560),#10564);
#10560 = LINE('',#10561,#10562);
#10561 = CARTESIAN_POINT('',(0.,0.));
#10562 = VECTOR('',#10563,1.);
#10563 = DIRECTION('',(1.,0.));
#10564 = ( GEOMETRIC_REPRESENTATION_CONTEXT(2) 
PARAMETRIC_REPRESENTATION_CONTEXT() REPRESENTATION_CONTEXT('2D SPACE',''
  ) );
#10565 = PCURVE('',#10443,#10566);
#10566 = DEFINITIONAL_REPRESENTATION('',(#10567),#10571);
#10567 = B_SPLINE_CURVE_WITH_KNOTS('',2,(#10568,#10569,#10570),
  .UNSPECIFIED.,.F.,.F.,(3,3),(0.,1.),.PIECEWISE_BEZIER_KNOTS.);
#10568 = CARTESIAN_POINT('',(0.557998046875,2.787001953125));
#10569 = CARTESIAN_POINT('',(0.93599609375,3.23400390625));
#10570 = CARTESIAN_POINT('',(1.59599609375,3.23400390625));
#10571 = ( GEOMETRIC_REPRESENTATION_CONTEXT(2) 
PARAMETRIC_REPRESENTATION_CONTEXT() REPRESENTATION_CONTEXT('2D SPACE',''
  ) );
#10572 = ORIENTED_EDGE('',*,*,#10573,.T.);
#10573 = EDGE_CURVE('',#10551,#5226,#10574,.T.);
#10574 = SURFACE_CURVE('',#10575,(#10579,#10586),.PCURVE_S1.);
#10575 = LINE('',#10576,#10577);
#10576 = CARTESIAN_POINT('',(81.4069921875,-42.71299835205,32.9));
#10577 = VECTOR('',#10578,1.);
#10578 = DIRECTION('',(0.,0.,1.));
#10579 = PCURVE('',#5318,#10580);
#10580 = DEFINITIONAL_REPRESENTATION('',(#10581),#10585);
#10581 = LINE('',#10582,#10583);
#10582 = CARTESIAN_POINT('',(0.,0.));
#10583 = VECTOR('',#10584,1.);
#10584 = DIRECTION('',(0.,-1.));
#10585 = ( GEOMETRIC_REPRESENTATION_CONTEXT(2) 
PARAMETRIC_REPRESENTATION_CONTEXT() REPRESENTATION_CONTEXT('2D SPACE',''
  ) );
#10586 = PCURVE('',#5259,#10587);
#10587 = DEFINITIONAL_REPRESENTATION('',(#10588),#10592);
#10588 = LINE('',#10589,#10590);
#10589 = CARTESIAN_POINT('',(1.,0.));
#10590 = VECTOR('',#10591,1.);
#10591 = DIRECTION('',(0.,-1.));
#10592 = ( GEOMETRIC_REPRESENTATION_CONTEXT(2) 
PARAMETRIC_REPRESENTATION_CONTEXT() REPRESENTATION_CONTEXT('2D SPACE',''
  ) );
#10593 = ORIENTED_EDGE('',*,*,#5282,.F.);
#10594 = ORIENTED_EDGE('',*,*,#10455,.F.);
#10595 = ADVANCED_FACE('',(#10596),#5019,.F.);
#10596 = FACE_BOUND('',#10597,.F.);
#10597 = EDGE_LOOP('',(#10598,#10621,#10622,#10623));
#10598 = ORIENTED_EDGE('',*,*,#10599,.F.);
#10599 = EDGE_CURVE('',#10502,#10600,#10602,.T.);
#10600 = VERTEX_POINT('',#10601);
#10601 = CARTESIAN_POINT('',(83.4919921875,-45.19400421142,32.9));
#10602 = SURFACE_CURVE('',#10603,(#10607,#10614),.PCURVE_S1.);
#10603 = B_SPLINE_CURVE_WITH_KNOTS('',2,(#10604,#10605,#10606),
  .UNSPECIFIED.,.F.,.F.,(3,3),(0.,1.),.PIECEWISE_BEZIER_KNOTS.);
#10604 = CARTESIAN_POINT('',(83.872998046875,-43.97599639892,32.9));
#10605 = CARTESIAN_POINT('',(83.872998046875,-44.75000030517,32.9));
#10606 = CARTESIAN_POINT('',(83.4919921875,-45.19400421142,32.9));
#10607 = PCURVE('',#5019,#10608);
#10608 = DEFINITIONAL_REPRESENTATION('',(#10609),#10613);
#10609 = LINE('',#10610,#10611);
#10610 = CARTESIAN_POINT('',(0.,0.));
#10611 = VECTOR('',#10612,1.);
#10612 = DIRECTION('',(1.,0.));
#10613 = ( GEOMETRIC_REPRESENTATION_CONTEXT(2) 
PARAMETRIC_REPRESENTATION_CONTEXT() REPRESENTATION_CONTEXT('2D SPACE',''
  ) );
#10614 = PCURVE('',#10443,#10615);
#10615 = DEFINITIONAL_REPRESENTATION('',(#10616),#10620);
#10616 = B_SPLINE_CURVE_WITH_KNOTS('',2,(#10617,#10618,#10619),
  .UNSPECIFIED.,.F.,.F.,(3,3),(0.,1.),.PIECEWISE_BEZIER_KNOTS.);
#10617 = CARTESIAN_POINT('',(3.02400390625,1.52400390625));
#10618 = CARTESIAN_POINT('',(3.02400390625,0.75));
#10619 = CARTESIAN_POINT('',(2.642998046875,0.30599609375));
#10620 = ( GEOMETRIC_REPRESENTATION_CONTEXT(2) 
PARAMETRIC_REPRESENTATION_CONTEXT() REPRESENTATION_CONTEXT('2D SPACE',''
  ) );
#10621 = ORIENTED_EDGE('',*,*,#10526,.T.);
#10622 = ORIENTED_EDGE('',*,*,#4985,.F.);
#10623 = ORIENTED_EDGE('',*,*,#10624,.F.);
#10624 = EDGE_CURVE('',#10600,#4986,#10625,.T.);
#10625 = SURFACE_CURVE('',#10626,(#10630,#10637),.PCURVE_S1.);
#10626 = LINE('',#10627,#10628);
#10627 = CARTESIAN_POINT('',(83.4919921875,-45.19400421142,32.9));
#10628 = VECTOR('',#10629,1.);
#10629 = DIRECTION('',(0.,0.,1.));
#10630 = PCURVE('',#5019,#10631);
#10631 = DEFINITIONAL_REPRESENTATION('',(#10632),#10636);
#10632 = LINE('',#10633,#10634);
#10633 = CARTESIAN_POINT('',(1.,0.));
#10634 = VECTOR('',#10635,1.);
#10635 = DIRECTION('',(0.,-1.));
#10636 = ( GEOMETRIC_REPRESENTATION_CONTEXT(2) 
PARAMETRIC_REPRESENTATION_CONTEXT() REPRESENTATION_CONTEXT('2D SPACE',''
  ) );
#10637 = PCURVE('',#5080,#10638);
#10638 = DEFINITIONAL_REPRESENTATION('',(#10639),#10643);
#10639 = LINE('',#10640,#10641);
#10640 = CARTESIAN_POINT('',(0.,0.));
#10641 = VECTOR('',#10642,1.);
#10642 = DIRECTION('',(0.,-1.));
#10643 = ( GEOMETRIC_REPRESENTATION_CONTEXT(2) 
PARAMETRIC_REPRESENTATION_CONTEXT() REPRESENTATION_CONTEXT('2D SPACE',''
  ) );
#10644 = ADVANCED_FACE('',(#10645),#5259,.F.);
#10645 = FACE_BOUND('',#10646,.F.);
#10646 = EDGE_LOOP('',(#10647,#10670,#10691,#10692));
#10647 = ORIENTED_EDGE('',*,*,#10648,.F.);
#10648 = EDGE_CURVE('',#10649,#10551,#10651,.T.);
#10649 = VERTEX_POINT('',#10650);
#10650 = CARTESIAN_POINT('',(81.028994140625,-43.9520022583,32.9));
#10651 = SURFACE_CURVE('',#10652,(#10656,#10663),.PCURVE_S1.);
#10652 = B_SPLINE_CURVE_WITH_KNOTS('',2,(#10653,#10654,#10655),
  .UNSPECIFIED.,.F.,.F.,(3,3),(0.,1.),.PIECEWISE_BEZIER_KNOTS.);
#10653 = CARTESIAN_POINT('',(81.028994140625,-43.9520022583,32.9));
#10654 = CARTESIAN_POINT('',(81.028994140625,-43.16000030517,32.9));
#10655 = CARTESIAN_POINT('',(81.4069921875,-42.71299835205,32.9));
#10656 = PCURVE('',#5259,#10657);
#10657 = DEFINITIONAL_REPRESENTATION('',(#10658),#10662);
#10658 = LINE('',#10659,#10660);
#10659 = CARTESIAN_POINT('',(0.,0.));
#10660 = VECTOR('',#10661,1.);
#10661 = DIRECTION('',(1.,0.));
#10662 = ( GEOMETRIC_REPRESENTATION_CONTEXT(2) 
PARAMETRIC_REPRESENTATION_CONTEXT() REPRESENTATION_CONTEXT('2D SPACE',''
  ) );
#10663 = PCURVE('',#10443,#10664);
#10664 = DEFINITIONAL_REPRESENTATION('',(#10665),#10669);
#10665 = B_SPLINE_CURVE_WITH_KNOTS('',2,(#10666,#10667,#10668),
  .UNSPECIFIED.,.F.,.F.,(3,3),(0.,1.),.PIECEWISE_BEZIER_KNOTS.);
#10666 = CARTESIAN_POINT('',(0.18,1.547998046875));
#10667 = CARTESIAN_POINT('',(0.18,2.34));
#10668 = CARTESIAN_POINT('',(0.557998046875,2.787001953125));
#10669 = ( GEOMETRIC_REPRESENTATION_CONTEXT(2) 
PARAMETRIC_REPRESENTATION_CONTEXT() REPRESENTATION_CONTEXT('2D SPACE',''
  ) );
#10670 = ORIENTED_EDGE('',*,*,#10671,.T.);
#10671 = EDGE_CURVE('',#10649,#5169,#10672,.T.);
#10672 = SURFACE_CURVE('',#10673,(#10677,#10684),.PCURVE_S1.);
#10673 = LINE('',#10674,#10675);
#10674 = CARTESIAN_POINT('',(81.028994140625,-43.9520022583,32.9));
#10675 = VECTOR('',#10676,1.);
#10676 = DIRECTION('',(0.,0.,1.));
#10677 = PCURVE('',#5259,#10678);
#10678 = DEFINITIONAL_REPRESENTATION('',(#10679),#10683);
#10679 = LINE('',#10680,#10681);
#10680 = CARTESIAN_POINT('',(0.,0.));
#10681 = VECTOR('',#10682,1.);
#10682 = DIRECTION('',(0.,-1.));
#10683 = ( GEOMETRIC_REPRESENTATION_CONTEXT(2) 
PARAMETRIC_REPRESENTATION_CONTEXT() REPRESENTATION_CONTEXT('2D SPACE',''
  ) );
#10684 = PCURVE('',#5202,#10685);
#10685 = DEFINITIONAL_REPRESENTATION('',(#10686),#10690);
#10686 = LINE('',#10687,#10688);
#10687 = CARTESIAN_POINT('',(1.,0.));
#10688 = VECTOR('',#10689,1.);
#10689 = DIRECTION('',(0.,-1.));
#10690 = ( GEOMETRIC_REPRESENTATION_CONTEXT(2) 
PARAMETRIC_REPRESENTATION_CONTEXT() REPRESENTATION_CONTEXT('2D SPACE',''
  ) );
#10691 = ORIENTED_EDGE('',*,*,#5225,.F.);
#10692 = ORIENTED_EDGE('',*,*,#10573,.F.);
#10693 = ADVANCED_FACE('',(#10694),#5080,.F.);
#10694 = FACE_BOUND('',#10695,.F.);
#10695 = EDGE_LOOP('',(#10696,#10719,#10720,#10721));
#10696 = ORIENTED_EDGE('',*,*,#10697,.F.);
#10697 = EDGE_CURVE('',#10600,#10698,#10700,.T.);
#10698 = VERTEX_POINT('',#10699);
#10699 = CARTESIAN_POINT('',(82.450986328125,-45.63800811767,32.9));
#10700 = SURFACE_CURVE('',#10701,(#10705,#10712),.PCURVE_S1.);
#10701 = B_SPLINE_CURVE_WITH_KNOTS('',2,(#10702,#10703,#10704),
  .UNSPECIFIED.,.F.,.F.,(3,3),(0.,1.),.PIECEWISE_BEZIER_KNOTS.);
#10702 = CARTESIAN_POINT('',(83.4919921875,-45.19400421142,32.9));
#10703 = CARTESIAN_POINT('',(83.110986328125,-45.63800811767,32.9));
#10704 = CARTESIAN_POINT('',(82.450986328125,-45.63800811767,32.9));
#10705 = PCURVE('',#5080,#10706);
#10706 = DEFINITIONAL_REPRESENTATION('',(#10707),#10711);
#10707 = LINE('',#10708,#10709);
#10708 = CARTESIAN_POINT('',(0.,0.));
#10709 = VECTOR('',#10710,1.);
#10710 = DIRECTION('',(1.,0.));
#10711 = ( GEOMETRIC_REPRESENTATION_CONTEXT(2) 
PARAMETRIC_REPRESENTATION_CONTEXT() REPRESENTATION_CONTEXT('2D SPACE',''
  ) );
#10712 = PCURVE('',#10443,#10713);
#10713 = DEFINITIONAL_REPRESENTATION('',(#10714),#10718);
#10714 = B_SPLINE_CURVE_WITH_KNOTS('',2,(#10715,#10716,#10717),
  .UNSPECIFIED.,.F.,.F.,(3,3),(0.,1.),.PIECEWISE_BEZIER_KNOTS.);
#10715 = CARTESIAN_POINT('',(2.642998046875,0.30599609375));
#10716 = CARTESIAN_POINT('',(2.2619921875,-0.1380078125));
#10717 = CARTESIAN_POINT('',(1.6019921875,-0.1380078125));
#10718 = ( GEOMETRIC_REPRESENTATION_CONTEXT(2) 
PARAMETRIC_REPRESENTATION_CONTEXT() REPRESENTATION_CONTEXT('2D SPACE',''
  ) );
#10719 = ORIENTED_EDGE('',*,*,#10624,.T.);
#10720 = ORIENTED_EDGE('',*,*,#5042,.F.);
#10721 = ORIENTED_EDGE('',*,*,#10722,.F.);
#10722 = EDGE_CURVE('',#10698,#5043,#10723,.T.);
#10723 = SURFACE_CURVE('',#10724,(#10728,#10735),.PCURVE_S1.);
#10724 = LINE('',#10725,#10726);
#10725 = CARTESIAN_POINT('',(82.450986328125,-45.63800811767,32.9));
#10726 = VECTOR('',#10727,1.);
#10727 = DIRECTION('',(0.,0.,1.));
#10728 = PCURVE('',#5080,#10729);
#10729 = DEFINITIONAL_REPRESENTATION('',(#10730),#10734);
#10730 = LINE('',#10731,#10732);
#10731 = CARTESIAN_POINT('',(1.,0.));
#10732 = VECTOR('',#10733,1.);
#10733 = DIRECTION('',(0.,-1.));
#10734 = ( GEOMETRIC_REPRESENTATION_CONTEXT(2) 
PARAMETRIC_REPRESENTATION_CONTEXT() REPRESENTATION_CONTEXT('2D SPACE',''
  ) );
#10735 = PCURVE('',#5143,#10736);
#10736 = DEFINITIONAL_REPRESENTATION('',(#10737),#10741);
#10737 = LINE('',#10738,#10739);
#10738 = CARTESIAN_POINT('',(0.,0.));
#10739 = VECTOR('',#10740,1.);
#10740 = DIRECTION('',(0.,-1.));
#10741 = ( GEOMETRIC_REPRESENTATION_CONTEXT(2) 
PARAMETRIC_REPRESENTATION_CONTEXT() REPRESENTATION_CONTEXT('2D SPACE',''
  ) );
#10742 = ADVANCED_FACE('',(#10743),#5202,.F.);
#10743 = FACE_BOUND('',#10744,.F.);
#10744 = EDGE_LOOP('',(#10745,#10768,#10789,#10790));
#10745 = ORIENTED_EDGE('',*,*,#10746,.F.);
#10746 = EDGE_CURVE('',#10747,#10649,#10749,.T.);
#10747 = VERTEX_POINT('',#10748);
#10748 = CARTESIAN_POINT('',(81.403994140625,-45.19100616455,32.9));
#10749 = SURFACE_CURVE('',#10750,(#10754,#10761),.PCURVE_S1.);
#10750 = B_SPLINE_CURVE_WITH_KNOTS('',2,(#10751,#10752,#10753),
  .UNSPECIFIED.,.F.,.F.,(3,3),(0.,1.),.PIECEWISE_BEZIER_KNOTS.);
#10751 = CARTESIAN_POINT('',(81.403994140625,-45.19100616455,32.9));
#10752 = CARTESIAN_POINT('',(81.028994140625,-44.74400421142,32.9));
#10753 = CARTESIAN_POINT('',(81.028994140625,-43.9520022583,32.9));
#10754 = PCURVE('',#5202,#10755);
#10755 = DEFINITIONAL_REPRESENTATION('',(#10756),#10760);
#10756 = LINE('',#10757,#10758);
#10757 = CARTESIAN_POINT('',(0.,0.));
#10758 = VECTOR('',#10759,1.);
#10759 = DIRECTION('',(1.,0.));
#10760 = ( GEOMETRIC_REPRESENTATION_CONTEXT(2) 
PARAMETRIC_REPRESENTATION_CONTEXT() REPRESENTATION_CONTEXT('2D SPACE',''
  ) );
#10761 = PCURVE('',#10443,#10762);
#10762 = DEFINITIONAL_REPRESENTATION('',(#10763),#10767);
#10763 = B_SPLINE_CURVE_WITH_KNOTS('',2,(#10764,#10765,#10766),
  .UNSPECIFIED.,.F.,.F.,(3,3),(0.,1.),.PIECEWISE_BEZIER_KNOTS.);
#10764 = CARTESIAN_POINT('',(0.555,0.308994140625));
#10765 = CARTESIAN_POINT('',(0.18,0.75599609375));
#10766 = CARTESIAN_POINT('',(0.18,1.547998046875));
#10767 = ( GEOMETRIC_REPRESENTATION_CONTEXT(2) 
PARAMETRIC_REPRESENTATION_CONTEXT() REPRESENTATION_CONTEXT('2D SPACE',''
  ) );
#10768 = ORIENTED_EDGE('',*,*,#10769,.T.);
#10769 = EDGE_CURVE('',#10747,#5106,#10770,.T.);
#10770 = SURFACE_CURVE('',#10771,(#10775,#10782),.PCURVE_S1.);
#10771 = LINE('',#10772,#10773);
#10772 = CARTESIAN_POINT('',(81.403994140625,-45.19100616455,32.9));
#10773 = VECTOR('',#10774,1.);
#10774 = DIRECTION('',(0.,0.,1.));
#10775 = PCURVE('',#5202,#10776);
#10776 = DEFINITIONAL_REPRESENTATION('',(#10777),#10781);
#10777 = LINE('',#10778,#10779);
#10778 = CARTESIAN_POINT('',(0.,0.));
#10779 = VECTOR('',#10780,1.);
#10780 = DIRECTION('',(0.,-1.));
#10781 = ( GEOMETRIC_REPRESENTATION_CONTEXT(2) 
PARAMETRIC_REPRESENTATION_CONTEXT() REPRESENTATION_CONTEXT('2D SPACE',''
  ) );
#10782 = PCURVE('',#5143,#10783);
#10783 = DEFINITIONAL_REPRESENTATION('',(#10784),#10788);
#10784 = LINE('',#10785,#10786);
#10785 = CARTESIAN_POINT('',(1.,0.));
#10786 = VECTOR('',#10787,1.);
#10787 = DIRECTION('',(0.,-1.));
#10788 = ( GEOMETRIC_REPRESENTATION_CONTEXT(2) 
PARAMETRIC_REPRESENTATION_CONTEXT() REPRESENTATION_CONTEXT('2D SPACE',''
  ) );
#10789 = ORIENTED_EDGE('',*,*,#5168,.F.);
#10790 = ORIENTED_EDGE('',*,*,#10671,.F.);
#10791 = ADVANCED_FACE('',(#10792),#5143,.F.);
#10792 = FACE_BOUND('',#10793,.F.);
#10793 = EDGE_LOOP('',(#10794,#10815,#10816,#10817));
#10794 = ORIENTED_EDGE('',*,*,#10795,.F.);
#10795 = EDGE_CURVE('',#10698,#10747,#10796,.T.);
#10796 = SURFACE_CURVE('',#10797,(#10801,#10808),.PCURVE_S1.);
#10797 = B_SPLINE_CURVE_WITH_KNOTS('',2,(#10798,#10799,#10800),
  .UNSPECIFIED.,.F.,.F.,(3,3),(0.,1.),.PIECEWISE_BEZIER_KNOTS.);
#10798 = CARTESIAN_POINT('',(82.450986328125,-45.63800811767,32.9));
#10799 = CARTESIAN_POINT('',(81.778994140625,-45.63800811767,32.9));
#10800 = CARTESIAN_POINT('',(81.403994140625,-45.19100616455,32.9));
#10801 = PCURVE('',#5143,#10802);
#10802 = DEFINITIONAL_REPRESENTATION('',(#10803),#10807);
#10803 = LINE('',#10804,#10805);
#10804 = CARTESIAN_POINT('',(0.,0.));
#10805 = VECTOR('',#10806,1.);
#10806 = DIRECTION('',(1.,0.));
#10807 = ( GEOMETRIC_REPRESENTATION_CONTEXT(2) 
PARAMETRIC_REPRESENTATION_CONTEXT() REPRESENTATION_CONTEXT('2D SPACE',''
  ) );
#10808 = PCURVE('',#10443,#10809);
#10809 = DEFINITIONAL_REPRESENTATION('',(#10810),#10814);
#10810 = B_SPLINE_CURVE_WITH_KNOTS('',2,(#10811,#10812,#10813),
  .UNSPECIFIED.,.F.,.F.,(3,3),(0.,1.),.PIECEWISE_BEZIER_KNOTS.);
#10811 = CARTESIAN_POINT('',(1.6019921875,-0.1380078125));
#10812 = CARTESIAN_POINT('',(0.93,-0.1380078125));
#10813 = CARTESIAN_POINT('',(0.555,0.308994140625));
#10814 = ( GEOMETRIC_REPRESENTATION_CONTEXT(2) 
PARAMETRIC_REPRESENTATION_CONTEXT() REPRESENTATION_CONTEXT('2D SPACE',''
  ) );
#10815 = ORIENTED_EDGE('',*,*,#10722,.T.);
#10816 = ORIENTED_EDGE('',*,*,#5105,.F.);
#10817 = ORIENTED_EDGE('',*,*,#10769,.F.);
#10818 = ADVANCED_FACE('',(#10819),#5362,.F.);
#10819 = FACE_BOUND('',#10820,.F.);
#10820 = EDGE_LOOP('',(#10821,#10851,#10872,#10873));
#10821 = ORIENTED_EDGE('',*,*,#10822,.F.);
#10822 = EDGE_CURVE('',#10823,#10825,#10827,.T.);
#10823 = VERTEX_POINT('',#10824);
#10824 = CARTESIAN_POINT('',(88.264990234375,-42.35599639892,32.9));
#10825 = VERTEX_POINT('',#10826);
#10826 = CARTESIAN_POINT('',(87.341005859375,-45.50000030517,32.9));
#10827 = SURFACE_CURVE('',#10828,(#10832,#10839),.PCURVE_S1.);
#10828 = LINE('',#10829,#10830);
#10829 = CARTESIAN_POINT('',(88.264990234375,-42.35599639892,32.9));
#10830 = VECTOR('',#10831,1.);
#10831 = DIRECTION('',(-0.281963349481,-0.959425176629,0.));
#10832 = PCURVE('',#5362,#10833);
#10833 = DEFINITIONAL_REPRESENTATION('',(#10834),#10838);
#10834 = LINE('',#10835,#10836);
#10835 = CARTESIAN_POINT('',(0.,0.));
#10836 = VECTOR('',#10837,1.);
#10837 = DIRECTION('',(1.,-0.));
#10838 = ( GEOMETRIC_REPRESENTATION_CONTEXT(2) 
PARAMETRIC_REPRESENTATION_CONTEXT() REPRESENTATION_CONTEXT('2D SPACE',''
  ) );
#10839 = PCURVE('',#10840,#10845);
#10840 = PLANE('',#10841);
#10841 = AXIS2_PLACEMENT_3D('',#10842,#10843,#10844);
#10842 = CARTESIAN_POINT('',(83.992998046875,-45.50000030517,32.9));
#10843 = DIRECTION('',(0.,0.,1.));
#10844 = DIRECTION('',(1.,0.,0.));
#10845 = DEFINITIONAL_REPRESENTATION('',(#10846),#10850);
#10846 = LINE('',#10847,#10848);
#10847 = CARTESIAN_POINT('',(4.2719921875,3.14400390625));
#10848 = VECTOR('',#10849,1.);
#10849 = DIRECTION('',(-0.281963349481,-0.959425176629));
#10850 = ( GEOMETRIC_REPRESENTATION_CONTEXT(2) 
PARAMETRIC_REPRESENTATION_CONTEXT() REPRESENTATION_CONTEXT('2D SPACE',''
  ) );
#10851 = ORIENTED_EDGE('',*,*,#10852,.T.);
#10852 = EDGE_CURVE('',#10823,#5348,#10853,.T.);
#10853 = SURFACE_CURVE('',#10854,(#10858,#10865),.PCURVE_S1.);
#10854 = LINE('',#10855,#10856);
#10855 = CARTESIAN_POINT('',(88.264990234375,-42.35599639892,32.9));
#10856 = VECTOR('',#10857,1.);
#10857 = DIRECTION('',(0.,0.,1.));
#10858 = PCURVE('',#5362,#10859);
#10859 = DEFINITIONAL_REPRESENTATION('',(#10860),#10864);
#10860 = LINE('',#10861,#10862);
#10861 = CARTESIAN_POINT('',(0.,0.));
#10862 = VECTOR('',#10863,1.);
#10863 = DIRECTION('',(0.,-1.));
#10864 = ( GEOMETRIC_REPRESENTATION_CONTEXT(2) 
PARAMETRIC_REPRESENTATION_CONTEXT() REPRESENTATION_CONTEXT('2D SPACE',''
  ) );
#10865 = PCURVE('',#5672,#10866);
#10866 = DEFINITIONAL_REPRESENTATION('',(#10867),#10871);
#10867 = LINE('',#10868,#10869);
#10868 = CARTESIAN_POINT('',(0.563984375,0.));
#10869 = VECTOR('',#10870,1.);
#10870 = DIRECTION('',(0.,-1.));
#10871 = ( GEOMETRIC_REPRESENTATION_CONTEXT(2) 
PARAMETRIC_REPRESENTATION_CONTEXT() REPRESENTATION_CONTEXT('2D SPACE',''
  ) );
#10872 = ORIENTED_EDGE('',*,*,#5345,.F.);
#10873 = ORIENTED_EDGE('',*,*,#10874,.F.);
#10874 = EDGE_CURVE('',#10825,#5346,#10875,.T.);
#10875 = SURFACE_CURVE('',#10876,(#10880,#10887),.PCURVE_S1.);
#10876 = LINE('',#10877,#10878);
#10877 = CARTESIAN_POINT('',(87.341005859375,-45.50000030517,32.9));
#10878 = VECTOR('',#10879,1.);
#10879 = DIRECTION('',(0.,0.,1.));
#10880 = PCURVE('',#5362,#10881);
#10881 = DEFINITIONAL_REPRESENTATION('',(#10882),#10886);
#10882 = LINE('',#10883,#10884);
#10883 = CARTESIAN_POINT('',(3.276966232319,-0.));
#10884 = VECTOR('',#10885,1.);
#10885 = DIRECTION('',(0.,-1.));
#10886 = ( GEOMETRIC_REPRESENTATION_CONTEXT(2) 
PARAMETRIC_REPRESENTATION_CONTEXT() REPRESENTATION_CONTEXT('2D SPACE',''
  ) );
#10887 = PCURVE('',#5388,#10888);
#10888 = DEFINITIONAL_REPRESENTATION('',(#10889),#10893);
#10889 = LINE('',#10890,#10891);
#10890 = CARTESIAN_POINT('',(0.,-0.));
#10891 = VECTOR('',#10892,1.);
#10892 = DIRECTION('',(0.,-1.));
#10893 = ( GEOMETRIC_REPRESENTATION_CONTEXT(2) 
PARAMETRIC_REPRESENTATION_CONTEXT() REPRESENTATION_CONTEXT('2D SPACE',''
  ) );
#10894 = ADVANCED_FACE('',(#10895),#5388,.F.);
#10895 = FACE_BOUND('',#10896,.F.);
#10896 = EDGE_LOOP('',(#10897,#10920,#10921,#10922));
#10897 = ORIENTED_EDGE('',*,*,#10898,.F.);
#10898 = EDGE_CURVE('',#10825,#10899,#10901,.T.);
#10899 = VERTEX_POINT('',#10900);
#10900 = CARTESIAN_POINT('',(86.771005859375,-45.50000030517,32.9));
#10901 = SURFACE_CURVE('',#10902,(#10906,#10913),.PCURVE_S1.);
#10902 = LINE('',#10903,#10904);
#10903 = CARTESIAN_POINT('',(87.341005859375,-45.50000030517,32.9));
#10904 = VECTOR('',#10905,1.);
#10905 = DIRECTION('',(-1.,0.,0.));
#10906 = PCURVE('',#5388,#10907);
#10907 = DEFINITIONAL_REPRESENTATION('',(#10908),#10912);
#10908 = LINE('',#10909,#10910);
#10909 = CARTESIAN_POINT('',(0.,-0.));
#10910 = VECTOR('',#10911,1.);
#10911 = DIRECTION('',(1.,0.));
#10912 = ( GEOMETRIC_REPRESENTATION_CONTEXT(2) 
PARAMETRIC_REPRESENTATION_CONTEXT() REPRESENTATION_CONTEXT('2D SPACE',''
  ) );
#10913 = PCURVE('',#10840,#10914);
#10914 = DEFINITIONAL_REPRESENTATION('',(#10915),#10919);
#10915 = LINE('',#10916,#10917);
#10916 = CARTESIAN_POINT('',(3.3480078125,0.));
#10917 = VECTOR('',#10918,1.);
#10918 = DIRECTION('',(-1.,0.));
#10919 = ( GEOMETRIC_REPRESENTATION_CONTEXT(2) 
PARAMETRIC_REPRESENTATION_CONTEXT() REPRESENTATION_CONTEXT('2D SPACE',''
  ) );
#10920 = ORIENTED_EDGE('',*,*,#10874,.T.);
#10921 = ORIENTED_EDGE('',*,*,#5373,.F.);
#10922 = ORIENTED_EDGE('',*,*,#10923,.F.);
#10923 = EDGE_CURVE('',#10899,#5374,#10924,.T.);
#10924 = SURFACE_CURVE('',#10925,(#10929,#10936),.PCURVE_S1.);
#10925 = LINE('',#10926,#10927);
#10926 = CARTESIAN_POINT('',(86.771005859375,-45.50000030517,32.9));
#10927 = VECTOR('',#10928,1.);
#10928 = DIRECTION('',(0.,0.,1.));
#10929 = PCURVE('',#5388,#10930);
#10930 = DEFINITIONAL_REPRESENTATION('',(#10931),#10935);
#10931 = LINE('',#10932,#10933);
#10932 = CARTESIAN_POINT('',(0.57,0.));
#10933 = VECTOR('',#10934,1.);
#10934 = DIRECTION('',(0.,-1.));
#10935 = ( GEOMETRIC_REPRESENTATION_CONTEXT(2) 
PARAMETRIC_REPRESENTATION_CONTEXT() REPRESENTATION_CONTEXT('2D SPACE',''
  ) );
#10936 = PCURVE('',#5414,#10937);
#10937 = DEFINITIONAL_REPRESENTATION('',(#10938),#10942);
#10938 = LINE('',#10939,#10940);
#10939 = CARTESIAN_POINT('',(0.,0.));
#10940 = VECTOR('',#10941,1.);
#10941 = DIRECTION('',(0.,-1.));
#10942 = ( GEOMETRIC_REPRESENTATION_CONTEXT(2) 
PARAMETRIC_REPRESENTATION_CONTEXT() REPRESENTATION_CONTEXT('2D SPACE',''
  ) );
#10943 = ADVANCED_FACE('',(#10944),#5672,.F.);
#10944 = FACE_BOUND('',#10945,.F.);
#10945 = EDGE_LOOP('',(#10946,#10969,#10990,#10991));
#10946 = ORIENTED_EDGE('',*,*,#10947,.F.);
#10947 = EDGE_CURVE('',#10948,#10823,#10950,.T.);
#10948 = VERTEX_POINT('',#10949);
#10949 = CARTESIAN_POINT('',(87.701005859375,-42.35599639892,32.9));
#10950 = SURFACE_CURVE('',#10951,(#10955,#10962),.PCURVE_S1.);
#10951 = LINE('',#10952,#10953);
#10952 = CARTESIAN_POINT('',(87.701005859375,-42.35599639892,32.9));
#10953 = VECTOR('',#10954,1.);
#10954 = DIRECTION('',(1.,0.,0.));
#10955 = PCURVE('',#5672,#10956);
#10956 = DEFINITIONAL_REPRESENTATION('',(#10957),#10961);
#10957 = LINE('',#10958,#10959);
#10958 = CARTESIAN_POINT('',(0.,0.));
#10959 = VECTOR('',#10960,1.);
#10960 = DIRECTION('',(1.,0.));
#10961 = ( GEOMETRIC_REPRESENTATION_CONTEXT(2) 
PARAMETRIC_REPRESENTATION_CONTEXT() REPRESENTATION_CONTEXT('2D SPACE',''
  ) );
#10962 = PCURVE('',#10840,#10963);
#10963 = DEFINITIONAL_REPRESENTATION('',(#10964),#10968);
#10964 = LINE('',#10965,#10966);
#10965 = CARTESIAN_POINT('',(3.7080078125,3.14400390625));
#10966 = VECTOR('',#10967,1.);
#10967 = DIRECTION('',(1.,0.));
#10968 = ( GEOMETRIC_REPRESENTATION_CONTEXT(2) 
PARAMETRIC_REPRESENTATION_CONTEXT() REPRESENTATION_CONTEXT('2D SPACE',''
  ) );
#10969 = ORIENTED_EDGE('',*,*,#10970,.T.);
#10970 = EDGE_CURVE('',#10948,#5634,#10971,.T.);
#10971 = SURFACE_CURVE('',#10972,(#10976,#10983),.PCURVE_S1.);
#10972 = LINE('',#10973,#10974);
#10973 = CARTESIAN_POINT('',(87.701005859375,-42.35599639892,32.9));
#10974 = VECTOR('',#10975,1.);
#10975 = DIRECTION('',(0.,0.,1.));
#10976 = PCURVE('',#5672,#10977);
#10977 = DEFINITIONAL_REPRESENTATION('',(#10978),#10982);
#10978 = LINE('',#10979,#10980);
#10979 = CARTESIAN_POINT('',(0.,0.));
#10980 = VECTOR('',#10981,1.);
#10981 = DIRECTION('',(0.,-1.));
#10982 = ( GEOMETRIC_REPRESENTATION_CONTEXT(2) 
PARAMETRIC_REPRESENTATION_CONTEXT() REPRESENTATION_CONTEXT('2D SPACE',''
  ) );
#10983 = PCURVE('',#5648,#10984);
#10984 = DEFINITIONAL_REPRESENTATION('',(#10985),#10989);
#10985 = LINE('',#10986,#10987);
#10986 = CARTESIAN_POINT('',(2.526286429738,0.));
#10987 = VECTOR('',#10988,1.);
#10988 = DIRECTION('',(0.,-1.));
#10989 = ( GEOMETRIC_REPRESENTATION_CONTEXT(2) 
PARAMETRIC_REPRESENTATION_CONTEXT() REPRESENTATION_CONTEXT('2D SPACE',''
  ) );
#10990 = ORIENTED_EDGE('',*,*,#5659,.F.);
#10991 = ORIENTED_EDGE('',*,*,#10852,.F.);
#10992 = ADVANCED_FACE('',(#10993),#5414,.F.);
#10993 = FACE_BOUND('',#10994,.F.);
#10994 = EDGE_LOOP('',(#10995,#11018,#11019,#11020));
#10995 = ORIENTED_EDGE('',*,*,#10996,.F.);
#10996 = EDGE_CURVE('',#10899,#10997,#10999,.T.);
#10997 = VERTEX_POINT('',#10998);
#10998 = CARTESIAN_POINT('',(86.134990234375,-43.03400421142,32.9));
#10999 = SURFACE_CURVE('',#11000,(#11004,#11011),.PCURVE_S1.);
#11000 = LINE('',#11001,#11002);
#11001 = CARTESIAN_POINT('',(86.771005859375,-45.50000030517,32.9));
#11002 = VECTOR('',#11003,1.);
#11003 = DIRECTION('',(-0.249741630995,0.968312510375,0.));
#11004 = PCURVE('',#5414,#11005);
#11005 = DEFINITIONAL_REPRESENTATION('',(#11006),#11010);
#11006 = LINE('',#11007,#11008);
#11007 = CARTESIAN_POINT('',(0.,0.));
#11008 = VECTOR('',#11009,1.);
#11009 = DIRECTION('',(1.,0.));
#11010 = ( GEOMETRIC_REPRESENTATION_CONTEXT(2) 
PARAMETRIC_REPRESENTATION_CONTEXT() REPRESENTATION_CONTEXT('2D SPACE',''
  ) );
#11011 = PCURVE('',#10840,#11012);
#11012 = DEFINITIONAL_REPRESENTATION('',(#11013),#11017);
#11013 = LINE('',#11014,#11015);
#11014 = CARTESIAN_POINT('',(2.7780078125,0.));
#11015 = VECTOR('',#11016,1.);
#11016 = DIRECTION('',(-0.249741630995,0.968312510375));
#11017 = ( GEOMETRIC_REPRESENTATION_CONTEXT(2) 
PARAMETRIC_REPRESENTATION_CONTEXT() REPRESENTATION_CONTEXT('2D SPACE',''
  ) );
#11018 = ORIENTED_EDGE('',*,*,#10923,.T.);
#11019 = ORIENTED_EDGE('',*,*,#5399,.F.);
#11020 = ORIENTED_EDGE('',*,*,#11021,.F.);
#11021 = EDGE_CURVE('',#10997,#5400,#11022,.T.);
#11022 = SURFACE_CURVE('',#11023,(#11027,#11034),.PCURVE_S1.);
#11023 = LINE('',#11024,#11025);
#11024 = CARTESIAN_POINT('',(86.134990234375,-43.03400421142,32.9));
#11025 = VECTOR('',#11026,1.);
#11026 = DIRECTION('',(0.,0.,1.));
#11027 = PCURVE('',#5414,#11028);
#11028 = DEFINITIONAL_REPRESENTATION('',(#11029),#11033);
#11029 = LINE('',#11030,#11031);
#11030 = CARTESIAN_POINT('',(2.546694447639,0.));
#11031 = VECTOR('',#11032,1.);
#11032 = DIRECTION('',(0.,-1.));
#11033 = ( GEOMETRIC_REPRESENTATION_CONTEXT(2) 
PARAMETRIC_REPRESENTATION_CONTEXT() REPRESENTATION_CONTEXT('2D SPACE',''
  ) );
#11034 = PCURVE('',#5440,#11035);
#11035 = DEFINITIONAL_REPRESENTATION('',(#11036),#11040);
#11036 = LINE('',#11037,#11038);
#11037 = CARTESIAN_POINT('',(0.,0.));
#11038 = VECTOR('',#11039,1.);
#11039 = DIRECTION('',(0.,-1.));
#11040 = ( GEOMETRIC_REPRESENTATION_CONTEXT(2) 
PARAMETRIC_REPRESENTATION_CONTEXT() REPRESENTATION_CONTEXT('2D SPACE',''
  ) );
#11041 = ADVANCED_FACE('',(#11042),#5648,.F.);
#11042 = FACE_BOUND('',#11043,.F.);
#11043 = EDGE_LOOP('',(#11044,#11067,#11088,#11089));
#11044 = ORIENTED_EDGE('',*,*,#11045,.F.);
#11045 = EDGE_CURVE('',#11046,#10948,#11048,.T.);
#11046 = VERTEX_POINT('',#11047);
#11047 = CARTESIAN_POINT('',(87.077001953125,-44.80400421142,32.9));
#11048 = SURFACE_CURVE('',#11049,(#11053,#11060),.PCURVE_S1.);
#11049 = LINE('',#11050,#11051);
#11050 = CARTESIAN_POINT('',(87.077001953125,-44.80400421142,32.9));
#11051 = VECTOR('',#11052,1.);
#11052 = DIRECTION('',(0.247004416801,0.969014353909,0.));
#11053 = PCURVE('',#5648,#11054);
#11054 = DEFINITIONAL_REPRESENTATION('',(#11055),#11059);
#11055 = LINE('',#11056,#11057);
#11056 = CARTESIAN_POINT('',(0.,0.));
#11057 = VECTOR('',#11058,1.);
#11058 = DIRECTION('',(1.,0.));
#11059 = ( GEOMETRIC_REPRESENTATION_CONTEXT(2) 
PARAMETRIC_REPRESENTATION_CONTEXT() REPRESENTATION_CONTEXT('2D SPACE',''
  ) );
#11060 = PCURVE('',#10840,#11061);
#11061 = DEFINITIONAL_REPRESENTATION('',(#11062),#11066);
#11062 = LINE('',#11063,#11064);
#11063 = CARTESIAN_POINT('',(3.08400390625,0.69599609375));
#11064 = VECTOR('',#11065,1.);
#11065 = DIRECTION('',(0.247004416801,0.969014353909));
#11066 = ( GEOMETRIC_REPRESENTATION_CONTEXT(2) 
PARAMETRIC_REPRESENTATION_CONTEXT() REPRESENTATION_CONTEXT('2D SPACE',''
  ) );
#11067 = ORIENTED_EDGE('',*,*,#11068,.T.);
#11068 = EDGE_CURVE('',#11046,#5608,#11069,.T.);
#11069 = SURFACE_CURVE('',#11070,(#11074,#11081),.PCURVE_S1.);
#11070 = LINE('',#11071,#11072);
#11071 = CARTESIAN_POINT('',(87.077001953125,-44.80400421142,32.9));
#11072 = VECTOR('',#11073,1.);
#11073 = DIRECTION('',(0.,0.,1.));
#11074 = PCURVE('',#5648,#11075);
#11075 = DEFINITIONAL_REPRESENTATION('',(#11076),#11080);
#11076 = LINE('',#11077,#11078);
#11077 = CARTESIAN_POINT('',(0.,0.));
#11078 = VECTOR('',#11079,1.);
#11079 = DIRECTION('',(0.,-1.));
#11080 = ( GEOMETRIC_REPRESENTATION_CONTEXT(2) 
PARAMETRIC_REPRESENTATION_CONTEXT() REPRESENTATION_CONTEXT('2D SPACE',''
  ) );
#11081 = PCURVE('',#5622,#11082);
#11082 = DEFINITIONAL_REPRESENTATION('',(#11083),#11087);
#11083 = LINE('',#11084,#11085);
#11084 = CARTESIAN_POINT('',(2.524812053673,0.));
#11085 = VECTOR('',#11086,1.);
#11086 = DIRECTION('',(0.,-1.));
#11087 = ( GEOMETRIC_REPRESENTATION_CONTEXT(2) 
PARAMETRIC_REPRESENTATION_CONTEXT() REPRESENTATION_CONTEXT('2D SPACE',''
  ) );
#11088 = ORIENTED_EDGE('',*,*,#5633,.F.);
#11089 = ORIENTED_EDGE('',*,*,#10970,.F.);
#11090 = ADVANCED_FACE('',(#11091),#5440,.F.);
#11091 = FACE_BOUND('',#11092,.F.);
#11092 = EDGE_LOOP('',(#11093,#11116,#11117,#11118));
#11093 = ORIENTED_EDGE('',*,*,#11094,.F.);
#11094 = EDGE_CURVE('',#10997,#11095,#11097,.T.);
#11095 = VERTEX_POINT('',#11096);
#11096 = CARTESIAN_POINT('',(85.528994140625,-45.50000030517,32.9));
#11097 = SURFACE_CURVE('',#11098,(#11102,#11109),.PCURVE_S1.);
#11098 = LINE('',#11099,#11100);
#11099 = CARTESIAN_POINT('',(86.134990234375,-43.03400421142,32.9));
#11100 = VECTOR('',#11101,1.);
#11101 = DIRECTION('',(-0.238640921657,-0.971107877896,0.));
#11102 = PCURVE('',#5440,#11103);
#11103 = DEFINITIONAL_REPRESENTATION('',(#11104),#11108);
#11104 = LINE('',#11105,#11106);
#11105 = CARTESIAN_POINT('',(0.,0.));
#11106 = VECTOR('',#11107,1.);
#11107 = DIRECTION('',(1.,-0.));
#11108 = ( GEOMETRIC_REPRESENTATION_CONTEXT(2) 
PARAMETRIC_REPRESENTATION_CONTEXT() REPRESENTATION_CONTEXT('2D SPACE',''
  ) );
#11109 = PCURVE('',#10840,#11110);
#11110 = DEFINITIONAL_REPRESENTATION('',(#11111),#11115);
#11111 = LINE('',#11112,#11113);
#11112 = CARTESIAN_POINT('',(2.1419921875,2.46599609375));
#11113 = VECTOR('',#11114,1.);
#11114 = DIRECTION('',(-0.238640921657,-0.971107877896));
#11115 = ( GEOMETRIC_REPRESENTATION_CONTEXT(2) 
PARAMETRIC_REPRESENTATION_CONTEXT() REPRESENTATION_CONTEXT('2D SPACE',''
  ) );
#11116 = ORIENTED_EDGE('',*,*,#11021,.T.);
#11117 = ORIENTED_EDGE('',*,*,#5425,.F.);
#11118 = ORIENTED_EDGE('',*,*,#11119,.F.);
#11119 = EDGE_CURVE('',#11095,#5426,#11120,.T.);
#11120 = SURFACE_CURVE('',#11121,(#11125,#11132),.PCURVE_S1.);
#11121 = LINE('',#11122,#11123);
#11122 = CARTESIAN_POINT('',(85.528994140625,-45.50000030517,32.9));
#11123 = VECTOR('',#11124,1.);
#11124 = DIRECTION('',(0.,0.,1.));
#11125 = PCURVE('',#5440,#11126);
#11126 = DEFINITIONAL_REPRESENTATION('',(#11127),#11131);
#11127 = LINE('',#11128,#11129);
#11128 = CARTESIAN_POINT('',(2.539363699833,-0.));
#11129 = VECTOR('',#11130,1.);
#11130 = DIRECTION('',(0.,-1.));
#11131 = ( GEOMETRIC_REPRESENTATION_CONTEXT(2) 
PARAMETRIC_REPRESENTATION_CONTEXT() REPRESENTATION_CONTEXT('2D SPACE',''
  ) );
#11132 = PCURVE('',#5466,#11133);
#11133 = DEFINITIONAL_REPRESENTATION('',(#11134),#11138);
#11134 = LINE('',#11135,#11136);
#11135 = CARTESIAN_POINT('',(0.,-0.));
#11136 = VECTOR('',#11137,1.);
#11137 = DIRECTION('',(0.,-1.));
#11138 = ( GEOMETRIC_REPRESENTATION_CONTEXT(2) 
PARAMETRIC_REPRESENTATION_CONTEXT() REPRESENTATION_CONTEXT('2D SPACE',''
  ) );
#11139 = ADVANCED_FACE('',(#11140),#5622,.F.);
#11140 = FACE_BOUND('',#11141,.F.);
#11141 = EDGE_LOOP('',(#11142,#11165,#11186,#11187));
#11142 = ORIENTED_EDGE('',*,*,#11143,.F.);
#11143 = EDGE_CURVE('',#11144,#11046,#11146,.T.);
#11144 = VERTEX_POINT('',#11145);
#11145 = CARTESIAN_POINT('',(86.458994140625,-42.35599639892,32.9));
#11146 = SURFACE_CURVE('',#11147,(#11151,#11158),.PCURVE_S1.);
#11147 = LINE('',#11148,#11149);
#11148 = CARTESIAN_POINT('',(86.458994140625,-42.35599639892,32.9));
#11149 = VECTOR('',#11150,1.);
#11150 = DIRECTION('',(0.244773788845,-0.969580214471,0.));
#11151 = PCURVE('',#5622,#11152);
#11152 = DEFINITIONAL_REPRESENTATION('',(#11153),#11157);
#11153 = LINE('',#11154,#11155);
#11154 = CARTESIAN_POINT('',(0.,0.));
#11155 = VECTOR('',#11156,1.);
#11156 = DIRECTION('',(1.,0.));
#11157 = ( GEOMETRIC_REPRESENTATION_CONTEXT(2) 
PARAMETRIC_REPRESENTATION_CONTEXT() REPRESENTATION_CONTEXT('2D SPACE',''
  ) );
#11158 = PCURVE('',#10840,#11159);
#11159 = DEFINITIONAL_REPRESENTATION('',(#11160),#11164);
#11160 = LINE('',#11161,#11162);
#11161 = CARTESIAN_POINT('',(2.46599609375,3.14400390625));
#11162 = VECTOR('',#11163,1.);
#11163 = DIRECTION('',(0.244773788845,-0.969580214471));
#11164 = ( GEOMETRIC_REPRESENTATION_CONTEXT(2) 
PARAMETRIC_REPRESENTATION_CONTEXT() REPRESENTATION_CONTEXT('2D SPACE',''
  ) );
#11165 = ORIENTED_EDGE('',*,*,#11166,.T.);
#11166 = EDGE_CURVE('',#11144,#5582,#11167,.T.);
#11167 = SURFACE_CURVE('',#11168,(#11172,#11179),.PCURVE_S1.);
#11168 = LINE('',#11169,#11170);
#11169 = CARTESIAN_POINT('',(86.458994140625,-42.35599639892,32.9));
#11170 = VECTOR('',#11171,1.);
#11171 = DIRECTION('',(0.,0.,1.));
#11172 = PCURVE('',#5622,#11173);
#11173 = DEFINITIONAL_REPRESENTATION('',(#11174),#11178);
#11174 = LINE('',#11175,#11176);
#11175 = CARTESIAN_POINT('',(0.,0.));
#11176 = VECTOR('',#11177,1.);
#11177 = DIRECTION('',(0.,-1.));
#11178 = ( GEOMETRIC_REPRESENTATION_CONTEXT(2) 
PARAMETRIC_REPRESENTATION_CONTEXT() REPRESENTATION_CONTEXT('2D SPACE',''
  ) );
#11179 = PCURVE('',#5596,#11180);
#11180 = DEFINITIONAL_REPRESENTATION('',(#11181),#11185);
#11181 = LINE('',#11182,#11183);
#11182 = CARTESIAN_POINT('',(0.6119921875,0.));
#11183 = VECTOR('',#11184,1.);
#11184 = DIRECTION('',(0.,-1.));
#11185 = ( GEOMETRIC_REPRESENTATION_CONTEXT(2) 
PARAMETRIC_REPRESENTATION_CONTEXT() REPRESENTATION_CONTEXT('2D SPACE',''
  ) );
#11186 = ORIENTED_EDGE('',*,*,#5607,.F.);
#11187 = ORIENTED_EDGE('',*,*,#11068,.F.);
#11188 = ADVANCED_FACE('',(#11189),#5466,.F.);
#11189 = FACE_BOUND('',#11190,.F.);
#11190 = EDGE_LOOP('',(#11191,#11214,#11215,#11216));
#11191 = ORIENTED_EDGE('',*,*,#11192,.F.);
#11192 = EDGE_CURVE('',#11095,#11193,#11195,.T.);
#11193 = VERTEX_POINT('',#11194);
#11194 = CARTESIAN_POINT('',(84.964990234375,-45.50000030517,32.9));
#11195 = SURFACE_CURVE('',#11196,(#11200,#11207),.PCURVE_S1.);
#11196 = LINE('',#11197,#11198);
#11197 = CARTESIAN_POINT('',(85.528994140625,-45.50000030517,32.9));
#11198 = VECTOR('',#11199,1.);
#11199 = DIRECTION('',(-1.,0.,0.));
#11200 = PCURVE('',#5466,#11201);
#11201 = DEFINITIONAL_REPRESENTATION('',(#11202),#11206);
#11202 = LINE('',#11203,#11204);
#11203 = CARTESIAN_POINT('',(0.,-0.));
#11204 = VECTOR('',#11205,1.);
#11205 = DIRECTION('',(1.,0.));
#11206 = ( GEOMETRIC_REPRESENTATION_CONTEXT(2) 
PARAMETRIC_REPRESENTATION_CONTEXT() REPRESENTATION_CONTEXT('2D SPACE',''
  ) );
#11207 = PCURVE('',#10840,#11208);
#11208 = DEFINITIONAL_REPRESENTATION('',(#11209),#11213);
#11209 = LINE('',#11210,#11211);
#11210 = CARTESIAN_POINT('',(1.53599609375,0.));
#11211 = VECTOR('',#11212,1.);
#11212 = DIRECTION('',(-1.,0.));
#11213 = ( GEOMETRIC_REPRESENTATION_CONTEXT(2) 
PARAMETRIC_REPRESENTATION_CONTEXT() REPRESENTATION_CONTEXT('2D SPACE',''
  ) );
#11214 = ORIENTED_EDGE('',*,*,#11119,.T.);
#11215 = ORIENTED_EDGE('',*,*,#5451,.F.);
#11216 = ORIENTED_EDGE('',*,*,#11217,.F.);
#11217 = EDGE_CURVE('',#11193,#5452,#11218,.T.);
#11218 = SURFACE_CURVE('',#11219,(#11223,#11230),.PCURVE_S1.);
#11219 = LINE('',#11220,#11221);
#11220 = CARTESIAN_POINT('',(84.964990234375,-45.50000030517,32.9));
#11221 = VECTOR('',#11222,1.);
#11222 = DIRECTION('',(0.,0.,1.));
#11223 = PCURVE('',#5466,#11224);
#11224 = DEFINITIONAL_REPRESENTATION('',(#11225),#11229);
#11225 = LINE('',#11226,#11227);
#11226 = CARTESIAN_POINT('',(0.56400390625,0.));
#11227 = VECTOR('',#11228,1.);
#11228 = DIRECTION('',(0.,-1.));
#11229 = ( GEOMETRIC_REPRESENTATION_CONTEXT(2) 
PARAMETRIC_REPRESENTATION_CONTEXT() REPRESENTATION_CONTEXT('2D SPACE',''
  ) );
#11230 = PCURVE('',#5492,#11231);
#11231 = DEFINITIONAL_REPRESENTATION('',(#11232),#11236);
#11232 = LINE('',#11233,#11234);
#11233 = CARTESIAN_POINT('',(0.,0.));
#11234 = VECTOR('',#11235,1.);
#11235 = DIRECTION('',(0.,-1.));
#11236 = ( GEOMETRIC_REPRESENTATION_CONTEXT(2) 
PARAMETRIC_REPRESENTATION_CONTEXT() REPRESENTATION_CONTEXT('2D SPACE',''
  ) );
#11237 = ADVANCED_FACE('',(#11238),#5596,.F.);
#11238 = FACE_BOUND('',#11239,.F.);
#11239 = EDGE_LOOP('',(#11240,#11263,#11284,#11285));
#11240 = ORIENTED_EDGE('',*,*,#11241,.F.);
#11241 = EDGE_CURVE('',#11242,#11144,#11244,.T.);
#11242 = VERTEX_POINT('',#11243);
#11243 = CARTESIAN_POINT('',(85.847001953125,-42.35599639892,32.9));
#11244 = SURFACE_CURVE('',#11245,(#11249,#11256),.PCURVE_S1.);
#11245 = LINE('',#11246,#11247);
#11246 = CARTESIAN_POINT('',(85.847001953125,-42.35599639892,32.9));
#11247 = VECTOR('',#11248,1.);
#11248 = DIRECTION('',(1.,0.,0.));
#11249 = PCURVE('',#5596,#11250);
#11250 = DEFINITIONAL_REPRESENTATION('',(#11251),#11255);
#11251 = LINE('',#11252,#11253);
#11252 = CARTESIAN_POINT('',(0.,0.));
#11253 = VECTOR('',#11254,1.);
#11254 = DIRECTION('',(1.,0.));
#11255 = ( GEOMETRIC_REPRESENTATION_CONTEXT(2) 
PARAMETRIC_REPRESENTATION_CONTEXT() REPRESENTATION_CONTEXT('2D SPACE',''
  ) );
#11256 = PCURVE('',#10840,#11257);
#11257 = DEFINITIONAL_REPRESENTATION('',(#11258),#11262);
#11258 = LINE('',#11259,#11260);
#11259 = CARTESIAN_POINT('',(1.85400390625,3.14400390625));
#11260 = VECTOR('',#11261,1.);
#11261 = DIRECTION('',(1.,0.));
#11262 = ( GEOMETRIC_REPRESENTATION_CONTEXT(2) 
PARAMETRIC_REPRESENTATION_CONTEXT() REPRESENTATION_CONTEXT('2D SPACE',''
  ) );
#11263 = ORIENTED_EDGE('',*,*,#11264,.T.);
#11264 = EDGE_CURVE('',#11242,#5556,#11265,.T.);
#11265 = SURFACE_CURVE('',#11266,(#11270,#11277),.PCURVE_S1.);
#11266 = LINE('',#11267,#11268);
#11267 = CARTESIAN_POINT('',(85.847001953125,-42.35599639892,32.9));
#11268 = VECTOR('',#11269,1.);
#11269 = DIRECTION('',(0.,0.,1.));
#11270 = PCURVE('',#5596,#11271);
#11271 = DEFINITIONAL_REPRESENTATION('',(#11272),#11276);
#11272 = LINE('',#11273,#11274);
#11273 = CARTESIAN_POINT('',(0.,0.));
#11274 = VECTOR('',#11275,1.);
#11275 = DIRECTION('',(0.,-1.));
#11276 = ( GEOMETRIC_REPRESENTATION_CONTEXT(2) 
PARAMETRIC_REPRESENTATION_CONTEXT() REPRESENTATION_CONTEXT('2D SPACE',''
  ) );
#11277 = PCURVE('',#5570,#11278);
#11278 = DEFINITIONAL_REPRESENTATION('',(#11279),#11283);
#11279 = LINE('',#11280,#11281);
#11280 = CARTESIAN_POINT('',(2.52046468931,0.));
#11281 = VECTOR('',#11282,1.);
#11282 = DIRECTION('',(0.,-1.));
#11283 = ( GEOMETRIC_REPRESENTATION_CONTEXT(2) 
PARAMETRIC_REPRESENTATION_CONTEXT() REPRESENTATION_CONTEXT('2D SPACE',''
  ) );
#11284 = ORIENTED_EDGE('',*,*,#5581,.F.);
#11285 = ORIENTED_EDGE('',*,*,#11166,.F.);
#11286 = ADVANCED_FACE('',(#11287),#5492,.F.);
#11287 = FACE_BOUND('',#11288,.F.);
#11288 = EDGE_LOOP('',(#11289,#11312,#11313,#11314));
#11289 = ORIENTED_EDGE('',*,*,#11290,.F.);
#11290 = EDGE_CURVE('',#11193,#11291,#11293,.T.);
#11291 = VERTEX_POINT('',#11292);
#11292 = CARTESIAN_POINT('',(84.052998046875,-42.35599639892,32.9));
#11293 = SURFACE_CURVE('',#11294,(#11298,#11305),.PCURVE_S1.);
#11294 = LINE('',#11295,#11296);
#11295 = CARTESIAN_POINT('',(84.964990234375,-45.50000030517,32.9));
#11296 = VECTOR('',#11297,1.);
#11297 = DIRECTION('',(-0.278589555327,0.960410255913,0.));
#11298 = PCURVE('',#5492,#11299);
#11299 = DEFINITIONAL_REPRESENTATION('',(#11300),#11304);
#11300 = LINE('',#11301,#11302);
#11301 = CARTESIAN_POINT('',(0.,0.));
#11302 = VECTOR('',#11303,1.);
#11303 = DIRECTION('',(1.,0.));
#11304 = ( GEOMETRIC_REPRESENTATION_CONTEXT(2) 
PARAMETRIC_REPRESENTATION_CONTEXT() REPRESENTATION_CONTEXT('2D SPACE',''
  ) );
#11305 = PCURVE('',#10840,#11306);
#11306 = DEFINITIONAL_REPRESENTATION('',(#11307),#11311);
#11307 = LINE('',#11308,#11309);
#11308 = CARTESIAN_POINT('',(0.9719921875,0.));
#11309 = VECTOR('',#11310,1.);
#11310 = DIRECTION('',(-0.278589555327,0.960410255913));
#11311 = ( GEOMETRIC_REPRESENTATION_CONTEXT(2) 
PARAMETRIC_REPRESENTATION_CONTEXT() REPRESENTATION_CONTEXT('2D SPACE',''
  ) );
#11312 = ORIENTED_EDGE('',*,*,#11217,.T.);
#11313 = ORIENTED_EDGE('',*,*,#5477,.F.);
#11314 = ORIENTED_EDGE('',*,*,#11315,.F.);
#11315 = EDGE_CURVE('',#11291,#5478,#11316,.T.);
#11316 = SURFACE_CURVE('',#11317,(#11321,#11328),.PCURVE_S1.);
#11317 = LINE('',#11318,#11319);
#11318 = CARTESIAN_POINT('',(84.052998046875,-42.35599639892,32.9));
#11319 = VECTOR('',#11320,1.);
#11320 = DIRECTION('',(0.,0.,1.));
#11321 = PCURVE('',#5492,#11322);
#11322 = DEFINITIONAL_REPRESENTATION('',(#11323),#11327);
#11323 = LINE('',#11324,#11325);
#11324 = CARTESIAN_POINT('',(3.27360509417,0.));
#11325 = VECTOR('',#11326,1.);
#11326 = DIRECTION('',(0.,-1.));
#11327 = ( GEOMETRIC_REPRESENTATION_CONTEXT(2) 
PARAMETRIC_REPRESENTATION_CONTEXT() REPRESENTATION_CONTEXT('2D SPACE',''
  ) );
#11328 = PCURVE('',#5518,#11329);
#11329 = DEFINITIONAL_REPRESENTATION('',(#11330),#11334);
#11330 = LINE('',#11331,#11332);
#11331 = CARTESIAN_POINT('',(0.,0.));
#11332 = VECTOR('',#11333,1.);
#11333 = DIRECTION('',(0.,-1.));
#11334 = ( GEOMETRIC_REPRESENTATION_CONTEXT(2) 
PARAMETRIC_REPRESENTATION_CONTEXT() REPRESENTATION_CONTEXT('2D SPACE',''
  ) );
#11335 = ADVANCED_FACE('',(#11336),#5570,.F.);
#11336 = FACE_BOUND('',#11337,.F.);
#11337 = EDGE_LOOP('',(#11338,#11361,#11382,#11383));
#11338 = ORIENTED_EDGE('',*,*,#11339,.F.);
#11339 = EDGE_CURVE('',#11340,#11242,#11342,.T.);
#11340 = VERTEX_POINT('',#11341);
#11341 = CARTESIAN_POINT('',(85.247001953125,-44.80400421142,32.9));
#11342 = SURFACE_CURVE('',#11343,(#11347,#11354),.PCURVE_S1.);
#11343 = LINE('',#11344,#11345);
#11344 = CARTESIAN_POINT('',(85.247001953125,-44.80400421142,32.9));
#11345 = VECTOR('',#11346,1.);
#11346 = DIRECTION('',(0.238051341304,0.971252572148,0.));
#11347 = PCURVE('',#5570,#11348);
#11348 = DEFINITIONAL_REPRESENTATION('',(#11349),#11353);
#11349 = LINE('',#11350,#11351);
#11350 = CARTESIAN_POINT('',(0.,0.));
#11351 = VECTOR('',#11352,1.);
#11352 = DIRECTION('',(1.,0.));
#11353 = ( GEOMETRIC_REPRESENTATION_CONTEXT(2) 
PARAMETRIC_REPRESENTATION_CONTEXT() REPRESENTATION_CONTEXT('2D SPACE',''
  ) );
#11354 = PCURVE('',#10840,#11355);
#11355 = DEFINITIONAL_REPRESENTATION('',(#11356),#11360);
#11356 = LINE('',#11357,#11358);
#11357 = CARTESIAN_POINT('',(1.25400390625,0.69599609375));
#11358 = VECTOR('',#11359,1.);
#11359 = DIRECTION('',(0.238051341304,0.971252572148));
#11360 = ( GEOMETRIC_REPRESENTATION_CONTEXT(2) 
PARAMETRIC_REPRESENTATION_CONTEXT() REPRESENTATION_CONTEXT('2D SPACE',''
  ) );
#11361 = ORIENTED_EDGE('',*,*,#11362,.T.);
#11362 = EDGE_CURVE('',#11340,#5530,#11363,.T.);
#11363 = SURFACE_CURVE('',#11364,(#11368,#11375),.PCURVE_S1.);
#11364 = LINE('',#11365,#11366);
#11365 = CARTESIAN_POINT('',(85.247001953125,-44.80400421142,32.9));
#11366 = VECTOR('',#11367,1.);
#11367 = DIRECTION('',(0.,0.,1.));
#11368 = PCURVE('',#5570,#11369);
#11369 = DEFINITIONAL_REPRESENTATION('',(#11370),#11374);
#11370 = LINE('',#11371,#11372);
#11371 = CARTESIAN_POINT('',(0.,0.));
#11372 = VECTOR('',#11373,1.);
#11373 = DIRECTION('',(0.,-1.));
#11374 = ( GEOMETRIC_REPRESENTATION_CONTEXT(2) 
PARAMETRIC_REPRESENTATION_CONTEXT() REPRESENTATION_CONTEXT('2D SPACE',''
  ) );
#11375 = PCURVE('',#5544,#11376);
#11376 = DEFINITIONAL_REPRESENTATION('',(#11377),#11381);
#11377 = LINE('',#11378,#11379);
#11378 = CARTESIAN_POINT('',(2.530794597962,0.));
#11379 = VECTOR('',#11380,1.);
#11380 = DIRECTION('',(0.,-1.));
#11381 = ( GEOMETRIC_REPRESENTATION_CONTEXT(2) 
PARAMETRIC_REPRESENTATION_CONTEXT() REPRESENTATION_CONTEXT('2D SPACE',''
  ) );
#11382 = ORIENTED_EDGE('',*,*,#5555,.F.);
#11383 = ORIENTED_EDGE('',*,*,#11264,.F.);
#11384 = ADVANCED_FACE('',(#11385),#5518,.F.);
#11385 = FACE_BOUND('',#11386,.F.);
#11386 = EDGE_LOOP('',(#11387,#11410,#11411,#11412));
#11387 = ORIENTED_EDGE('',*,*,#11388,.F.);
#11388 = EDGE_CURVE('',#11291,#11389,#11391,.T.);
#11389 = VERTEX_POINT('',#11390);
#11390 = CARTESIAN_POINT('',(84.604990234375,-42.35599639892,32.9));
#11391 = SURFACE_CURVE('',#11392,(#11396,#11403),.PCURVE_S1.);
#11392 = LINE('',#11393,#11394);
#11393 = CARTESIAN_POINT('',(84.052998046875,-42.35599639892,32.9));
#11394 = VECTOR('',#11395,1.);
#11395 = DIRECTION('',(1.,0.,0.));
#11396 = PCURVE('',#5518,#11397);
#11397 = DEFINITIONAL_REPRESENTATION('',(#11398),#11402);
#11398 = LINE('',#11399,#11400);
#11399 = CARTESIAN_POINT('',(0.,0.));
#11400 = VECTOR('',#11401,1.);
#11401 = DIRECTION('',(1.,0.));
#11402 = ( GEOMETRIC_REPRESENTATION_CONTEXT(2) 
PARAMETRIC_REPRESENTATION_CONTEXT() REPRESENTATION_CONTEXT('2D SPACE',''
  ) );
#11403 = PCURVE('',#10840,#11404);
#11404 = DEFINITIONAL_REPRESENTATION('',(#11405),#11409);
#11405 = LINE('',#11406,#11407);
#11406 = CARTESIAN_POINT('',(6.E-02,3.14400390625));
#11407 = VECTOR('',#11408,1.);
#11408 = DIRECTION('',(1.,0.));
#11409 = ( GEOMETRIC_REPRESENTATION_CONTEXT(2) 
PARAMETRIC_REPRESENTATION_CONTEXT() REPRESENTATION_CONTEXT('2D SPACE',''
  ) );
#11410 = ORIENTED_EDGE('',*,*,#11315,.T.);
#11411 = ORIENTED_EDGE('',*,*,#5503,.F.);
#11412 = ORIENTED_EDGE('',*,*,#11413,.F.);
#11413 = EDGE_CURVE('',#11389,#5504,#11414,.T.);
#11414 = SURFACE_CURVE('',#11415,(#11419,#11426),.PCURVE_S1.);
#11415 = LINE('',#11416,#11417);
#11416 = CARTESIAN_POINT('',(84.604990234375,-42.35599639892,32.9));
#11417 = VECTOR('',#11418,1.);
#11418 = DIRECTION('',(0.,0.,1.));
#11419 = PCURVE('',#5518,#11420);
#11420 = DEFINITIONAL_REPRESENTATION('',(#11421),#11425);
#11421 = LINE('',#11422,#11423);
#11422 = CARTESIAN_POINT('',(0.5519921875,0.));
#11423 = VECTOR('',#11424,1.);
#11424 = DIRECTION('',(0.,-1.));
#11425 = ( GEOMETRIC_REPRESENTATION_CONTEXT(2) 
PARAMETRIC_REPRESENTATION_CONTEXT() REPRESENTATION_CONTEXT('2D SPACE',''
  ) );
#11426 = PCURVE('',#5544,#11427);
#11427 = DEFINITIONAL_REPRESENTATION('',(#11428),#11432);
#11428 = LINE('',#11429,#11430);
#11429 = CARTESIAN_POINT('',(0.,0.));
#11430 = VECTOR('',#11431,1.);
#11431 = DIRECTION('',(0.,-1.));
#11432 = ( GEOMETRIC_REPRESENTATION_CONTEXT(2) 
PARAMETRIC_REPRESENTATION_CONTEXT() REPRESENTATION_CONTEXT('2D SPACE',''
  ) );
#11433 = ADVANCED_FACE('',(#11434),#5544,.F.);
#11434 = FACE_BOUND('',#11435,.F.);
#11435 = EDGE_LOOP('',(#11436,#11457,#11458,#11459));
#11436 = ORIENTED_EDGE('',*,*,#11437,.F.);
#11437 = EDGE_CURVE('',#11389,#11340,#11438,.T.);
#11438 = SURFACE_CURVE('',#11439,(#11443,#11450),.PCURVE_S1.);
#11439 = LINE('',#11440,#11441);
#11440 = CARTESIAN_POINT('',(84.604990234375,-42.35599639892,32.9));
#11441 = VECTOR('',#11442,1.);
#11442 = DIRECTION('',(0.253679899296,-0.967288224209,0.));
#11443 = PCURVE('',#5544,#11444);
#11444 = DEFINITIONAL_REPRESENTATION('',(#11445),#11449);
#11445 = LINE('',#11446,#11447);
#11446 = CARTESIAN_POINT('',(0.,0.));
#11447 = VECTOR('',#11448,1.);
#11448 = DIRECTION('',(1.,0.));
#11449 = ( GEOMETRIC_REPRESENTATION_CONTEXT(2) 
PARAMETRIC_REPRESENTATION_CONTEXT() REPRESENTATION_CONTEXT('2D SPACE',''
  ) );
#11450 = PCURVE('',#10840,#11451);
#11451 = DEFINITIONAL_REPRESENTATION('',(#11452),#11456);
#11452 = LINE('',#11453,#11454);
#11453 = CARTESIAN_POINT('',(0.6119921875,3.14400390625));
#11454 = VECTOR('',#11455,1.);
#11455 = DIRECTION('',(0.253679899296,-0.967288224209));
#11456 = ( GEOMETRIC_REPRESENTATION_CONTEXT(2) 
PARAMETRIC_REPRESENTATION_CONTEXT() REPRESENTATION_CONTEXT('2D SPACE',''
  ) );
#11457 = ORIENTED_EDGE('',*,*,#11413,.T.);
#11458 = ORIENTED_EDGE('',*,*,#5529,.F.);
#11459 = ORIENTED_EDGE('',*,*,#11362,.F.);
#11460 = ADVANCED_FACE('',(#11461),#5706,.F.);
#11461 = FACE_BOUND('',#11462,.T.);
#11462 = EDGE_LOOP('',(#11463,#11464,#11485,#11486));
#11463 = ORIENTED_EDGE('',*,*,#6979,.F.);
#11464 = ORIENTED_EDGE('',*,*,#11465,.T.);
#11465 = EDGE_CURVE('',#6980,#5686,#11466,.T.);
#11466 = SEAM_CURVE('',#11467,(#11471,#11478),.PCURVE_S1.);
#11467 = LINE('',#11468,#11469);
#11468 = CARTESIAN_POINT('',(107.65,-45.,32.3));
#11469 = VECTOR('',#11470,1.);
#11470 = DIRECTION('',(0.,0.,1.));
#11471 = PCURVE('',#5706,#11472);
#11472 = DEFINITIONAL_REPRESENTATION('',(#11473),#11477);
#11473 = LINE('',#11474,#11475);
#11474 = CARTESIAN_POINT('',(-6.28318530718,0.));
#11475 = VECTOR('',#11476,1.);
#11476 = DIRECTION('',(-0.,-1.));
#11477 = ( GEOMETRIC_REPRESENTATION_CONTEXT(2) 
PARAMETRIC_REPRESENTATION_CONTEXT() REPRESENTATION_CONTEXT('2D SPACE',''
  ) );
#11478 = PCURVE('',#5706,#11479);
#11479 = DEFINITIONAL_REPRESENTATION('',(#11480),#11484);
#11480 = LINE('',#11481,#11482);
#11481 = CARTESIAN_POINT('',(-0.,0.));
#11482 = VECTOR('',#11483,1.);
#11483 = DIRECTION('',(-0.,-1.));
#11484 = ( GEOMETRIC_REPRESENTATION_CONTEXT(2) 
PARAMETRIC_REPRESENTATION_CONTEXT() REPRESENTATION_CONTEXT('2D SPACE',''
  ) );
#11485 = ORIENTED_EDGE('',*,*,#5685,.F.);
#11486 = ORIENTED_EDGE('',*,*,#11465,.F.);
#11487 = ADVANCED_FACE('',(#11488),#5737,.F.);
#11488 = FACE_BOUND('',#11489,.F.);
#11489 = EDGE_LOOP('',(#11490,#11520,#11541,#11542));
#11490 = ORIENTED_EDGE('',*,*,#11491,.F.);
#11491 = EDGE_CURVE('',#11492,#11494,#11496,.T.);
#11492 = VERTEX_POINT('',#11493);
#11493 = CARTESIAN_POINT('',(84.903505859375,-28.91700210571,32.9));
#11494 = VERTEX_POINT('',#11495);
#11495 = CARTESIAN_POINT('',(84.288505859375,-30.75000015258,32.9));
#11496 = SURFACE_CURVE('',#11497,(#11501,#11508),.PCURVE_S1.);
#11497 = LINE('',#11498,#11499);
#11498 = CARTESIAN_POINT('',(84.903505859375,-28.91700210571,32.9));
#11499 = VECTOR('',#11500,1.);
#11500 = DIRECTION('',(-0.318089446792,-0.948060706832,0.));
#11501 = PCURVE('',#5737,#11502);
#11502 = DEFINITIONAL_REPRESENTATION('',(#11503),#11507);
#11503 = LINE('',#11504,#11505);
#11504 = CARTESIAN_POINT('',(0.,0.));
#11505 = VECTOR('',#11506,1.);
#11506 = DIRECTION('',(1.,-0.));
#11507 = ( GEOMETRIC_REPRESENTATION_CONTEXT(2) 
PARAMETRIC_REPRESENTATION_CONTEXT() REPRESENTATION_CONTEXT('2D SPACE',''
  ) );
#11508 = PCURVE('',#11509,#11514);
#11509 = PLANE('',#11510);
#11510 = AXIS2_PLACEMENT_3D('',#11511,#11512,#11513);
#11511 = CARTESIAN_POINT('',(82.869501953125,-30.75000015258,32.9));
#11512 = DIRECTION('',(0.,0.,1.));
#11513 = DIRECTION('',(1.,0.,0.));
#11514 = DEFINITIONAL_REPRESENTATION('',(#11515),#11519);
#11515 = LINE('',#11516,#11517);
#11516 = CARTESIAN_POINT('',(2.03400390625,1.832998046875));
#11517 = VECTOR('',#11518,1.);
#11518 = DIRECTION('',(-0.318089446792,-0.948060706832));
#11519 = ( GEOMETRIC_REPRESENTATION_CONTEXT(2) 
PARAMETRIC_REPRESENTATION_CONTEXT() REPRESENTATION_CONTEXT('2D SPACE',''
  ) );
#11520 = ORIENTED_EDGE('',*,*,#11521,.T.);
#11521 = EDGE_CURVE('',#11492,#5723,#11522,.T.);
#11522 = SURFACE_CURVE('',#11523,(#11527,#11534),.PCURVE_S1.);
#11523 = LINE('',#11524,#11525);
#11524 = CARTESIAN_POINT('',(84.903505859375,-28.91700210571,32.9));
#11525 = VECTOR('',#11526,1.);
#11526 = DIRECTION('',(0.,0.,1.));
#11527 = PCURVE('',#5737,#11528);
#11528 = DEFINITIONAL_REPRESENTATION('',(#11529),#11533);
#11529 = LINE('',#11530,#11531);
#11530 = CARTESIAN_POINT('',(0.,0.));
#11531 = VECTOR('',#11532,1.);
#11532 = DIRECTION('',(0.,-1.));
#11533 = ( GEOMETRIC_REPRESENTATION_CONTEXT(2) 
PARAMETRIC_REPRESENTATION_CONTEXT() REPRESENTATION_CONTEXT('2D SPACE',''
  ) );
#11534 = PCURVE('',#6047,#11535);
#11535 = DEFINITIONAL_REPRESENTATION('',(#11536),#11540);
#11536 = LINE('',#11537,#11538);
#11537 = CARTESIAN_POINT('',(1.832998046875,0.));
#11538 = VECTOR('',#11539,1.);
#11539 = DIRECTION('',(0.,-1.));
#11540 = ( GEOMETRIC_REPRESENTATION_CONTEXT(2) 
PARAMETRIC_REPRESENTATION_CONTEXT() REPRESENTATION_CONTEXT('2D SPACE',''
  ) );
#11541 = ORIENTED_EDGE('',*,*,#5720,.F.);
#11542 = ORIENTED_EDGE('',*,*,#11543,.F.);
#11543 = EDGE_CURVE('',#11494,#5721,#11544,.T.);
#11544 = SURFACE_CURVE('',#11545,(#11549,#11556),.PCURVE_S1.);
#11545 = LINE('',#11546,#11547);
#11546 = CARTESIAN_POINT('',(84.288505859375,-30.75000015258,32.9));
#11547 = VECTOR('',#11548,1.);
#11548 = DIRECTION('',(0.,0.,1.));
#11549 = PCURVE('',#5737,#11550);
#11550 = DEFINITIONAL_REPRESENTATION('',(#11551),#11555);
#11551 = LINE('',#11552,#11553);
#11552 = CARTESIAN_POINT('',(1.93341843372,-0.));
#11553 = VECTOR('',#11554,1.);
#11554 = DIRECTION('',(0.,-1.));
#11555 = ( GEOMETRIC_REPRESENTATION_CONTEXT(2) 
PARAMETRIC_REPRESENTATION_CONTEXT() REPRESENTATION_CONTEXT('2D SPACE',''
  ) );
#11556 = PCURVE('',#5763,#11557);
#11557 = DEFINITIONAL_REPRESENTATION('',(#11558),#11562);
#11558 = LINE('',#11559,#11560);
#11559 = CARTESIAN_POINT('',(0.,-0.));
#11560 = VECTOR('',#11561,1.);
#11561 = DIRECTION('',(0.,-1.));
#11562 = ( GEOMETRIC_REPRESENTATION_CONTEXT(2) 
PARAMETRIC_REPRESENTATION_CONTEXT() REPRESENTATION_CONTEXT('2D SPACE',''
  ) );
#11563 = ADVANCED_FACE('',(#11564),#6047,.F.);
#11564 = FACE_BOUND('',#11565,.F.);
#11565 = EDGE_LOOP('',(#11566,#11589,#11610,#11611));
#11566 = ORIENTED_EDGE('',*,*,#11567,.F.);
#11567 = EDGE_CURVE('',#11568,#11492,#11570,.T.);
#11568 = VERTEX_POINT('',#11569);
#11569 = CARTESIAN_POINT('',(84.903505859375,-30.75000015258,32.9));
#11570 = SURFACE_CURVE('',#11571,(#11575,#11582),.PCURVE_S1.);
#11571 = LINE('',#11572,#11573);
#11572 = CARTESIAN_POINT('',(84.903505859375,-30.75000015258,32.9));
#11573 = VECTOR('',#11574,1.);
#11574 = DIRECTION('',(0.,1.,0.));
#11575 = PCURVE('',#6047,#11576);
#11576 = DEFINITIONAL_REPRESENTATION('',(#11577),#11581);
#11577 = LINE('',#11578,#11579);
#11578 = CARTESIAN_POINT('',(0.,0.));
#11579 = VECTOR('',#11580,1.);
#11580 = DIRECTION('',(1.,0.));
#11581 = ( GEOMETRIC_REPRESENTATION_CONTEXT(2) 
PARAMETRIC_REPRESENTATION_CONTEXT() REPRESENTATION_CONTEXT('2D SPACE',''
  ) );
#11582 = PCURVE('',#11509,#11583);
#11583 = DEFINITIONAL_REPRESENTATION('',(#11584),#11588);
#11584 = LINE('',#11585,#11586);
#11585 = CARTESIAN_POINT('',(2.03400390625,0.));
#11586 = VECTOR('',#11587,1.);
#11587 = DIRECTION('',(0.,1.));
#11588 = ( GEOMETRIC_REPRESENTATION_CONTEXT(2) 
PARAMETRIC_REPRESENTATION_CONTEXT() REPRESENTATION_CONTEXT('2D SPACE',''
  ) );
#11589 = ORIENTED_EDGE('',*,*,#11590,.T.);
#11590 = EDGE_CURVE('',#11568,#6009,#11591,.T.);
#11591 = SURFACE_CURVE('',#11592,(#11596,#11603),.PCURVE_S1.);
#11592 = LINE('',#11593,#11594);
#11593 = CARTESIAN_POINT('',(84.903505859375,-30.75000015258,32.9));
#11594 = VECTOR('',#11595,1.);
#11595 = DIRECTION('',(0.,0.,1.));
#11596 = PCURVE('',#6047,#11597);
#11597 = DEFINITIONAL_REPRESENTATION('',(#11598),#11602);
#11598 = LINE('',#11599,#11600);
#11599 = CARTESIAN_POINT('',(0.,0.));
#11600 = VECTOR('',#11601,1.);
#11601 = DIRECTION('',(0.,-1.));
#11602 = ( GEOMETRIC_REPRESENTATION_CONTEXT(2) 
PARAMETRIC_REPRESENTATION_CONTEXT() REPRESENTATION_CONTEXT('2D SPACE',''
  ) );
#11603 = PCURVE('',#6023,#11604);
#11604 = DEFINITIONAL_REPRESENTATION('',(#11605),#11609);
#11605 = LINE('',#11606,#11607);
#11606 = CARTESIAN_POINT('',(0.263994140625,0.));
#11607 = VECTOR('',#11608,1.);
#11608 = DIRECTION('',(0.,-1.));
#11609 = ( GEOMETRIC_REPRESENTATION_CONTEXT(2) 
PARAMETRIC_REPRESENTATION_CONTEXT() REPRESENTATION_CONTEXT('2D SPACE',''
  ) );
#11610 = ORIENTED_EDGE('',*,*,#6034,.F.);
#11611 = ORIENTED_EDGE('',*,*,#11521,.F.);
#11612 = ADVANCED_FACE('',(#11613),#6023,.F.);
#11613 = FACE_BOUND('',#11614,.F.);
#11614 = EDGE_LOOP('',(#11615,#11638,#11659,#11660));
#11615 = ORIENTED_EDGE('',*,*,#11616,.F.);
#11616 = EDGE_CURVE('',#11617,#11568,#11619,.T.);
#11617 = VERTEX_POINT('',#11618);
#11618 = CARTESIAN_POINT('',(85.1675,-30.75000015258,32.9));
#11619 = SURFACE_CURVE('',#11620,(#11624,#11631),.PCURVE_S1.);
#11620 = LINE('',#11621,#11622);
#11621 = CARTESIAN_POINT('',(85.1675,-30.75000015258,32.9));
#11622 = VECTOR('',#11623,1.);
#11623 = DIRECTION('',(-1.,0.,0.));
#11624 = PCURVE('',#6023,#11625);
#11625 = DEFINITIONAL_REPRESENTATION('',(#11626),#11630);
#11626 = LINE('',#11627,#11628);
#11627 = CARTESIAN_POINT('',(1.42108547152E-14,0.));
#11628 = VECTOR('',#11629,1.);
#11629 = DIRECTION('',(1.,0.));
#11630 = ( GEOMETRIC_REPRESENTATION_CONTEXT(2) 
PARAMETRIC_REPRESENTATION_CONTEXT() REPRESENTATION_CONTEXT('2D SPACE',''
  ) );
#11631 = PCURVE('',#11509,#11632);
#11632 = DEFINITIONAL_REPRESENTATION('',(#11633),#11637);
#11633 = LINE('',#11634,#11635);
#11634 = CARTESIAN_POINT('',(2.297998046875,0.));
#11635 = VECTOR('',#11636,1.);
#11636 = DIRECTION('',(-1.,0.));
#11637 = ( GEOMETRIC_REPRESENTATION_CONTEXT(2) 
PARAMETRIC_REPRESENTATION_CONTEXT() REPRESENTATION_CONTEXT('2D SPACE',''
  ) );
#11638 = ORIENTED_EDGE('',*,*,#11639,.T.);
#11639 = EDGE_CURVE('',#11617,#5983,#11640,.T.);
#11640 = SURFACE_CURVE('',#11641,(#11645,#11652),.PCURVE_S1.);
#11641 = LINE('',#11642,#11643);
#11642 = CARTESIAN_POINT('',(85.1675,-30.75000015258,32.9));
#11643 = VECTOR('',#11644,1.);
#11644 = DIRECTION('',(0.,0.,1.));
#11645 = PCURVE('',#6023,#11646);
#11646 = DEFINITIONAL_REPRESENTATION('',(#11647),#11651);
#11647 = LINE('',#11648,#11649);
#11648 = CARTESIAN_POINT('',(0.,-0.));
#11649 = VECTOR('',#11650,1.);
#11650 = DIRECTION('',(0.,-1.));
#11651 = ( GEOMETRIC_REPRESENTATION_CONTEXT(2) 
PARAMETRIC_REPRESENTATION_CONTEXT() REPRESENTATION_CONTEXT('2D SPACE',''
  ) );
#11652 = PCURVE('',#5997,#11653);
#11653 = DEFINITIONAL_REPRESENTATION('',(#11654),#11658);
#11654 = LINE('',#11655,#11656);
#11655 = CARTESIAN_POINT('',(2.187001953125,0.));
#11656 = VECTOR('',#11657,1.);
#11657 = DIRECTION('',(0.,-1.));
#11658 = ( GEOMETRIC_REPRESENTATION_CONTEXT(2) 
PARAMETRIC_REPRESENTATION_CONTEXT() REPRESENTATION_CONTEXT('2D SPACE',''
  ) );
#11659 = ORIENTED_EDGE('',*,*,#6008,.F.);
#11660 = ORIENTED_EDGE('',*,*,#11590,.F.);
#11661 = ADVANCED_FACE('',(#11662),#5997,.F.);
#11662 = FACE_BOUND('',#11663,.F.);
#11663 = EDGE_LOOP('',(#11664,#11687,#11708,#11709));
#11664 = ORIENTED_EDGE('',*,*,#11665,.F.);
#11665 = EDGE_CURVE('',#11666,#11617,#11668,.T.);
#11666 = VERTEX_POINT('',#11667);
#11667 = CARTESIAN_POINT('',(85.1675,-28.56299819946,32.9));
#11668 = SURFACE_CURVE('',#11669,(#11673,#11680),.PCURVE_S1.);
#11669 = LINE('',#11670,#11671);
#11670 = CARTESIAN_POINT('',(85.1675,-28.56299819946,32.9));
#11671 = VECTOR('',#11672,1.);
#11672 = DIRECTION('',(0.,-1.,0.));
#11673 = PCURVE('',#5997,#11674);
#11674 = DEFINITIONAL_REPRESENTATION('',(#11675),#11679);
#11675 = LINE('',#11676,#11677);
#11676 = CARTESIAN_POINT('',(0.,0.));
#11677 = VECTOR('',#11678,1.);
#11678 = DIRECTION('',(1.,0.));
#11679 = ( GEOMETRIC_REPRESENTATION_CONTEXT(2) 
PARAMETRIC_REPRESENTATION_CONTEXT() REPRESENTATION_CONTEXT('2D SPACE',''
  ) );
#11680 = PCURVE('',#11509,#11681);
#11681 = DEFINITIONAL_REPRESENTATION('',(#11682),#11686);
#11682 = LINE('',#11683,#11684);
#11683 = CARTESIAN_POINT('',(2.297998046875,2.187001953125));
#11684 = VECTOR('',#11685,1.);
#11685 = DIRECTION('',(0.,-1.));
#11686 = ( GEOMETRIC_REPRESENTATION_CONTEXT(2) 
PARAMETRIC_REPRESENTATION_CONTEXT() REPRESENTATION_CONTEXT('2D SPACE',''
  ) );
#11687 = ORIENTED_EDGE('',*,*,#11688,.T.);
#11688 = EDGE_CURVE('',#11666,#5957,#11689,.T.);
#11689 = SURFACE_CURVE('',#11690,(#11694,#11701),.PCURVE_S1.);
#11690 = LINE('',#11691,#11692);
#11691 = CARTESIAN_POINT('',(85.1675,-28.56299819946,32.9));
#11692 = VECTOR('',#11693,1.);
#11693 = DIRECTION('',(0.,0.,1.));
#11694 = PCURVE('',#5997,#11695);
#11695 = DEFINITIONAL_REPRESENTATION('',(#11696),#11700);
#11696 = LINE('',#11697,#11698);
#11697 = CARTESIAN_POINT('',(0.,0.));
#11698 = VECTOR('',#11699,1.);
#11699 = DIRECTION('',(0.,-1.));
#11700 = ( GEOMETRIC_REPRESENTATION_CONTEXT(2) 
PARAMETRIC_REPRESENTATION_CONTEXT() REPRESENTATION_CONTEXT('2D SPACE',''
  ) );
#11701 = PCURVE('',#5971,#11702);
#11702 = DEFINITIONAL_REPRESENTATION('',(#11703),#11707);
#11703 = LINE('',#11704,#11705);
#11704 = CARTESIAN_POINT('',(0.387001953125,0.));
#11705 = VECTOR('',#11706,1.);
#11706 = DIRECTION('',(0.,-1.));
#11707 = ( GEOMETRIC_REPRESENTATION_CONTEXT(2) 
PARAMETRIC_REPRESENTATION_CONTEXT() REPRESENTATION_CONTEXT('2D SPACE',''
  ) );
#11708 = ORIENTED_EDGE('',*,*,#5982,.F.);
#11709 = ORIENTED_EDGE('',*,*,#11639,.F.);
#11710 = ADVANCED_FACE('',(#11711),#5971,.F.);
#11711 = FACE_BOUND('',#11712,.F.);
#11712 = EDGE_LOOP('',(#11713,#11736,#11757,#11758));
#11713 = ORIENTED_EDGE('',*,*,#11714,.F.);
#11714 = EDGE_CURVE('',#11715,#11666,#11717,.T.);
#11715 = VERTEX_POINT('',#11716);
#11716 = CARTESIAN_POINT('',(84.780498046875,-28.56299819946,32.9));
#11717 = SURFACE_CURVE('',#11718,(#11722,#11729),.PCURVE_S1.);
#11718 = LINE('',#11719,#11720);
#11719 = CARTESIAN_POINT('',(84.780498046875,-28.56299819946,32.9));
#11720 = VECTOR('',#11721,1.);
#11721 = DIRECTION('',(1.,0.,0.));
#11722 = PCURVE('',#5971,#11723);
#11723 = DEFINITIONAL_REPRESENTATION('',(#11724),#11728);
#11724 = LINE('',#11725,#11726);
#11725 = CARTESIAN_POINT('',(0.,0.));
#11726 = VECTOR('',#11727,1.);
#11727 = DIRECTION('',(1.,0.));
#11728 = ( GEOMETRIC_REPRESENTATION_CONTEXT(2) 
PARAMETRIC_REPRESENTATION_CONTEXT() REPRESENTATION_CONTEXT('2D SPACE',''
  ) );
#11729 = PCURVE('',#11509,#11730);
#11730 = DEFINITIONAL_REPRESENTATION('',(#11731),#11735);
#11731 = LINE('',#11732,#11733);
#11732 = CARTESIAN_POINT('',(1.91099609375,2.187001953125));
#11733 = VECTOR('',#11734,1.);
#11734 = DIRECTION('',(1.,0.));
#11735 = ( GEOMETRIC_REPRESENTATION_CONTEXT(2) 
PARAMETRIC_REPRESENTATION_CONTEXT() REPRESENTATION_CONTEXT('2D SPACE',''
  ) );
#11736 = ORIENTED_EDGE('',*,*,#11737,.T.);
#11737 = EDGE_CURVE('',#11715,#5931,#11738,.T.);
#11738 = SURFACE_CURVE('',#11739,(#11743,#11750),.PCURVE_S1.);
#11739 = LINE('',#11740,#11741);
#11740 = CARTESIAN_POINT('',(84.780498046875,-28.56299819946,32.9));
#11741 = VECTOR('',#11742,1.);
#11742 = DIRECTION('',(0.,0.,1.));
#11743 = PCURVE('',#5971,#11744);
#11744 = DEFINITIONAL_REPRESENTATION('',(#11745),#11749);
#11745 = LINE('',#11746,#11747);
#11746 = CARTESIAN_POINT('',(0.,0.));
#11747 = VECTOR('',#11748,1.);
#11748 = DIRECTION('',(0.,-1.));
#11749 = ( GEOMETRIC_REPRESENTATION_CONTEXT(2) 
PARAMETRIC_REPRESENTATION_CONTEXT() REPRESENTATION_CONTEXT('2D SPACE',''
  ) );
#11750 = PCURVE('',#5945,#11751);
#11751 = DEFINITIONAL_REPRESENTATION('',(#11752),#11756);
#11752 = LINE('',#11753,#11754);
#11753 = CARTESIAN_POINT('',(2.008361529024,0.));
#11754 = VECTOR('',#11755,1.);
#11755 = DIRECTION('',(0.,-1.));
#11756 = ( GEOMETRIC_REPRESENTATION_CONTEXT(2) 
PARAMETRIC_REPRESENTATION_CONTEXT() REPRESENTATION_CONTEXT('2D SPACE',''
  ) );
#11757 = ORIENTED_EDGE('',*,*,#5956,.F.);
#11758 = ORIENTED_EDGE('',*,*,#11688,.F.);
#11759 = ADVANCED_FACE('',(#11760),#5945,.F.);
#11760 = FACE_BOUND('',#11761,.F.);
#11761 = EDGE_LOOP('',(#11762,#11785,#11806,#11807));
#11762 = ORIENTED_EDGE('',*,*,#11763,.F.);
#11763 = EDGE_CURVE('',#11764,#11715,#11766,.T.);
#11764 = VERTEX_POINT('',#11765);
#11765 = CARTESIAN_POINT('',(84.144501953125,-30.46799819946,32.9));
#11766 = SURFACE_CURVE('',#11767,(#11771,#11778),.PCURVE_S1.);
#11767 = LINE('',#11768,#11769);
#11768 = CARTESIAN_POINT('',(84.144501953125,-30.46799819946,32.9));
#11769 = VECTOR('',#11770,1.);
#11770 = DIRECTION('',(0.316674107006,0.948534401038,0.));
#11771 = PCURVE('',#5945,#11772);
#11772 = DEFINITIONAL_REPRESENTATION('',(#11773),#11777);
#11773 = LINE('',#11774,#11775);
#11774 = CARTESIAN_POINT('',(0.,0.));
#11775 = VECTOR('',#11776,1.);
#11776 = DIRECTION('',(1.,0.));
#11777 = ( GEOMETRIC_REPRESENTATION_CONTEXT(2) 
PARAMETRIC_REPRESENTATION_CONTEXT() REPRESENTATION_CONTEXT('2D SPACE',''
  ) );
#11778 = PCURVE('',#11509,#11779);
#11779 = DEFINITIONAL_REPRESENTATION('',(#11780),#11784);
#11780 = LINE('',#11781,#11782);
#11781 = CARTESIAN_POINT('',(1.275,0.282001953125));
#11782 = VECTOR('',#11783,1.);
#11783 = DIRECTION('',(0.316674107006,0.948534401038));
#11784 = ( GEOMETRIC_REPRESENTATION_CONTEXT(2) 
PARAMETRIC_REPRESENTATION_CONTEXT() REPRESENTATION_CONTEXT('2D SPACE',''
  ) );
#11785 = ORIENTED_EDGE('',*,*,#11786,.T.);
#11786 = EDGE_CURVE('',#11764,#5905,#11787,.T.);
#11787 = SURFACE_CURVE('',#11788,(#11792,#11799),.PCURVE_S1.);
#11788 = LINE('',#11789,#11790);
#11789 = CARTESIAN_POINT('',(84.144501953125,-30.46799819946,32.9));
#11790 = VECTOR('',#11791,1.);
#11791 = DIRECTION('',(0.,0.,1.));
#11792 = PCURVE('',#5945,#11793);
#11793 = DEFINITIONAL_REPRESENTATION('',(#11794),#11798);
#11794 = LINE('',#11795,#11796);
#11795 = CARTESIAN_POINT('',(0.,0.));
#11796 = VECTOR('',#11797,1.);
#11797 = DIRECTION('',(0.,-1.));
#11798 = ( GEOMETRIC_REPRESENTATION_CONTEXT(2) 
PARAMETRIC_REPRESENTATION_CONTEXT() REPRESENTATION_CONTEXT('2D SPACE',''
  ) );
#11799 = PCURVE('',#5919,#11800);
#11800 = DEFINITIONAL_REPRESENTATION('',(#11801),#11805);
#11801 = LINE('',#11802,#11803);
#11802 = CARTESIAN_POINT('',(2.01219444109,0.));
#11803 = VECTOR('',#11804,1.);
#11804 = DIRECTION('',(0.,-1.));
#11805 = ( GEOMETRIC_REPRESENTATION_CONTEXT(2) 
PARAMETRIC_REPRESENTATION_CONTEXT() REPRESENTATION_CONTEXT('2D SPACE',''
  ) );
#11806 = ORIENTED_EDGE('',*,*,#5930,.F.);
#11807 = ORIENTED_EDGE('',*,*,#11737,.F.);
#11808 = ADVANCED_FACE('',(#11809),#5919,.F.);
#11809 = FACE_BOUND('',#11810,.F.);
#11810 = EDGE_LOOP('',(#11811,#11834,#11855,#11856));
#11811 = ORIENTED_EDGE('',*,*,#11812,.F.);
#11812 = EDGE_CURVE('',#11813,#11764,#11815,.T.);
#11813 = VERTEX_POINT('',#11814);
#11814 = CARTESIAN_POINT('',(83.49650390625,-28.56299819946,32.9));
#11815 = SURFACE_CURVE('',#11816,(#11820,#11827),.PCURVE_S1.);
#11816 = LINE('',#11817,#11818);
#11817 = CARTESIAN_POINT('',(83.49650390625,-28.56299819946,32.9));
#11818 = VECTOR('',#11819,1.);
#11819 = DIRECTION('',(0.322035501959,-0.946727593069,0.));
#11820 = PCURVE('',#5919,#11821);
#11821 = DEFINITIONAL_REPRESENTATION('',(#11822),#11826);
#11822 = LINE('',#11823,#11824);
#11823 = CARTESIAN_POINT('',(0.,0.));
#11824 = VECTOR('',#11825,1.);
#11825 = DIRECTION('',(1.,0.));
#11826 = ( GEOMETRIC_REPRESENTATION_CONTEXT(2) 
PARAMETRIC_REPRESENTATION_CONTEXT() REPRESENTATION_CONTEXT('2D SPACE',''
  ) );
#11827 = PCURVE('',#11509,#11828);
#11828 = DEFINITIONAL_REPRESENTATION('',(#11829),#11833);
#11829 = LINE('',#11830,#11831);
#11830 = CARTESIAN_POINT('',(0.627001953125,2.187001953125));
#11831 = VECTOR('',#11832,1.);
#11832 = DIRECTION('',(0.322035501959,-0.946727593069));
#11833 = ( GEOMETRIC_REPRESENTATION_CONTEXT(2) 
PARAMETRIC_REPRESENTATION_CONTEXT() REPRESENTATION_CONTEXT('2D SPACE',''
  ) );
#11834 = ORIENTED_EDGE('',*,*,#11835,.T.);
#11835 = EDGE_CURVE('',#11813,#5879,#11836,.T.);
#11836 = SURFACE_CURVE('',#11837,(#11841,#11848),.PCURVE_S1.);
#11837 = LINE('',#11838,#11839);
#11838 = CARTESIAN_POINT('',(83.49650390625,-28.56299819946,32.9));
#11839 = VECTOR('',#11840,1.);
#11840 = DIRECTION('',(0.,0.,1.));
#11841 = PCURVE('',#5919,#11842);
#11842 = DEFINITIONAL_REPRESENTATION('',(#11843),#11847);
#11843 = LINE('',#11844,#11845);
#11844 = CARTESIAN_POINT('',(0.,0.));
#11845 = VECTOR('',#11846,1.);
#11846 = DIRECTION('',(0.,-1.));
#11847 = ( GEOMETRIC_REPRESENTATION_CONTEXT(2) 
PARAMETRIC_REPRESENTATION_CONTEXT() REPRESENTATION_CONTEXT('2D SPACE',''
  ) );
#11848 = PCURVE('',#5893,#11849);
#11849 = DEFINITIONAL_REPRESENTATION('',(#11850),#11854);
#11850 = LINE('',#11851,#11852);
#11851 = CARTESIAN_POINT('',(0.387001953125,0.));
#11852 = VECTOR('',#11853,1.);
#11853 = DIRECTION('',(0.,-1.));
#11854 = ( GEOMETRIC_REPRESENTATION_CONTEXT(2) 
PARAMETRIC_REPRESENTATION_CONTEXT() REPRESENTATION_CONTEXT('2D SPACE',''
  ) );
#11855 = ORIENTED_EDGE('',*,*,#5904,.F.);
#11856 = ORIENTED_EDGE('',*,*,#11786,.F.);
#11857 = ADVANCED_FACE('',(#11858),#5893,.F.);
#11858 = FACE_BOUND('',#11859,.F.);
#11859 = EDGE_LOOP('',(#11860,#11883,#11904,#11905));
#11860 = ORIENTED_EDGE('',*,*,#11861,.F.);
#11861 = EDGE_CURVE('',#11862,#11813,#11864,.T.);
#11862 = VERTEX_POINT('',#11863);
#11863 = CARTESIAN_POINT('',(83.109501953125,-28.56299819946,32.9));
#11864 = SURFACE_CURVE('',#11865,(#11869,#11876),.PCURVE_S1.);
#11865 = LINE('',#11866,#11867);
#11866 = CARTESIAN_POINT('',(83.109501953125,-28.56299819946,32.9));
#11867 = VECTOR('',#11868,1.);
#11868 = DIRECTION('',(1.,0.,0.));
#11869 = PCURVE('',#5893,#11870);
#11870 = DEFINITIONAL_REPRESENTATION('',(#11871),#11875);
#11871 = LINE('',#11872,#11873);
#11872 = CARTESIAN_POINT('',(-1.42108547152E-14,0.));
#11873 = VECTOR('',#11874,1.);
#11874 = DIRECTION('',(1.,0.));
#11875 = ( GEOMETRIC_REPRESENTATION_CONTEXT(2) 
PARAMETRIC_REPRESENTATION_CONTEXT() REPRESENTATION_CONTEXT('2D SPACE',''
  ) );
#11876 = PCURVE('',#11509,#11877);
#11877 = DEFINITIONAL_REPRESENTATION('',(#11878),#11882);
#11878 = LINE('',#11879,#11880);
#11879 = CARTESIAN_POINT('',(0.24,2.187001953125));
#11880 = VECTOR('',#11881,1.);
#11881 = DIRECTION('',(1.,0.));
#11882 = ( GEOMETRIC_REPRESENTATION_CONTEXT(2) 
PARAMETRIC_REPRESENTATION_CONTEXT() REPRESENTATION_CONTEXT('2D SPACE',''
  ) );
#11883 = ORIENTED_EDGE('',*,*,#11884,.T.);
#11884 = EDGE_CURVE('',#11862,#5853,#11885,.T.);
#11885 = SURFACE_CURVE('',#11886,(#11890,#11897),.PCURVE_S1.);
#11886 = LINE('',#11887,#11888);
#11887 = CARTESIAN_POINT('',(83.109501953125,-28.56299819946,32.9));
#11888 = VECTOR('',#11889,1.);
#11889 = DIRECTION('',(0.,0.,1.));
#11890 = PCURVE('',#5893,#11891);
#11891 = DEFINITIONAL_REPRESENTATION('',(#11892),#11896);
#11892 = LINE('',#11893,#11894);
#11893 = CARTESIAN_POINT('',(0.,0.));
#11894 = VECTOR('',#11895,1.);
#11895 = DIRECTION('',(0.,-1.));
#11896 = ( GEOMETRIC_REPRESENTATION_CONTEXT(2) 
PARAMETRIC_REPRESENTATION_CONTEXT() REPRESENTATION_CONTEXT('2D SPACE',''
  ) );
#11897 = PCURVE('',#5867,#11898);
#11898 = DEFINITIONAL_REPRESENTATION('',(#11899),#11903);
#11899 = LINE('',#11900,#11901);
#11900 = CARTESIAN_POINT('',(2.187001953125,0.));
#11901 = VECTOR('',#11902,1.);
#11902 = DIRECTION('',(0.,-1.));
#11903 = ( GEOMETRIC_REPRESENTATION_CONTEXT(2) 
PARAMETRIC_REPRESENTATION_CONTEXT() REPRESENTATION_CONTEXT('2D SPACE',''
  ) );
#11904 = ORIENTED_EDGE('',*,*,#5878,.F.);
#11905 = ORIENTED_EDGE('',*,*,#11835,.F.);
#11906 = ADVANCED_FACE('',(#11907),#5867,.F.);
#11907 = FACE_BOUND('',#11908,.F.);
#11908 = EDGE_LOOP('',(#11909,#11932,#11953,#11954));
#11909 = ORIENTED_EDGE('',*,*,#11910,.F.);
#11910 = EDGE_CURVE('',#11911,#11862,#11913,.T.);
#11911 = VERTEX_POINT('',#11912);
#11912 = CARTESIAN_POINT('',(83.109501953125,-30.75000015258,32.9));
#11913 = SURFACE_CURVE('',#11914,(#11918,#11925),.PCURVE_S1.);
#11914 = LINE('',#11915,#11916);
#11915 = CARTESIAN_POINT('',(83.109501953125,-30.75000015258,32.9));
#11916 = VECTOR('',#11917,1.);
#11917 = DIRECTION('',(0.,1.,0.));
#11918 = PCURVE('',#5867,#11919);
#11919 = DEFINITIONAL_REPRESENTATION('',(#11920),#11924);
#11920 = LINE('',#11921,#11922);
#11921 = CARTESIAN_POINT('',(0.,0.));
#11922 = VECTOR('',#11923,1.);
#11923 = DIRECTION('',(1.,0.));
#11924 = ( GEOMETRIC_REPRESENTATION_CONTEXT(2) 
PARAMETRIC_REPRESENTATION_CONTEXT() REPRESENTATION_CONTEXT('2D SPACE',''
  ) );
#11925 = PCURVE('',#11509,#11926);
#11926 = DEFINITIONAL_REPRESENTATION('',(#11927),#11931);
#11927 = LINE('',#11928,#11929);
#11928 = CARTESIAN_POINT('',(0.24,0.));
#11929 = VECTOR('',#11930,1.);
#11930 = DIRECTION('',(0.,1.));
#11931 = ( GEOMETRIC_REPRESENTATION_CONTEXT(2) 
PARAMETRIC_REPRESENTATION_CONTEXT() REPRESENTATION_CONTEXT('2D SPACE',''
  ) );
#11932 = ORIENTED_EDGE('',*,*,#11933,.T.);
#11933 = EDGE_CURVE('',#11911,#5827,#11934,.T.);
#11934 = SURFACE_CURVE('',#11935,(#11939,#11946),.PCURVE_S1.);
#11935 = LINE('',#11936,#11937);
#11936 = CARTESIAN_POINT('',(83.109501953125,-30.75000015258,32.9));
#11937 = VECTOR('',#11938,1.);
#11938 = DIRECTION('',(0.,0.,1.));
#11939 = PCURVE('',#5867,#11940);
#11940 = DEFINITIONAL_REPRESENTATION('',(#11941),#11945);
#11941 = LINE('',#11942,#11943);
#11942 = CARTESIAN_POINT('',(0.,0.));
#11943 = VECTOR('',#11944,1.);
#11944 = DIRECTION('',(0.,-1.));
#11945 = ( GEOMETRIC_REPRESENTATION_CONTEXT(2) 
PARAMETRIC_REPRESENTATION_CONTEXT() REPRESENTATION_CONTEXT('2D SPACE',''
  ) );
#11946 = PCURVE('',#5841,#11947);
#11947 = DEFINITIONAL_REPRESENTATION('',(#11948),#11952);
#11948 = LINE('',#11949,#11950);
#11949 = CARTESIAN_POINT('',(0.26400390625,0.));
#11950 = VECTOR('',#11951,1.);
#11951 = DIRECTION('',(0.,-1.));
#11952 = ( GEOMETRIC_REPRESENTATION_CONTEXT(2) 
PARAMETRIC_REPRESENTATION_CONTEXT() REPRESENTATION_CONTEXT('2D SPACE',''
  ) );
#11953 = ORIENTED_EDGE('',*,*,#5852,.F.);
#11954 = ORIENTED_EDGE('',*,*,#11884,.F.);
#11955 = ADVANCED_FACE('',(#11956),#5841,.F.);
#11956 = FACE_BOUND('',#11957,.F.);
#11957 = EDGE_LOOP('',(#11958,#11981,#12002,#12003));
#11958 = ORIENTED_EDGE('',*,*,#11959,.F.);
#11959 = EDGE_CURVE('',#11960,#11911,#11962,.T.);
#11960 = VERTEX_POINT('',#11961);
#11961 = CARTESIAN_POINT('',(83.373505859375,-30.75000015258,32.9));
#11962 = SURFACE_CURVE('',#11963,(#11967,#11974),.PCURVE_S1.);
#11963 = LINE('',#11964,#11965);
#11964 = CARTESIAN_POINT('',(83.373505859375,-30.75000015258,32.9));
#11965 = VECTOR('',#11966,1.);
#11966 = DIRECTION('',(-1.,0.,0.));
#11967 = PCURVE('',#5841,#11968);
#11968 = DEFINITIONAL_REPRESENTATION('',(#11969),#11973);
#11969 = LINE('',#11970,#11971);
#11970 = CARTESIAN_POINT('',(0.,-0.));
#11971 = VECTOR('',#11972,1.);
#11972 = DIRECTION('',(1.,0.));
#11973 = ( GEOMETRIC_REPRESENTATION_CONTEXT(2) 
PARAMETRIC_REPRESENTATION_CONTEXT() REPRESENTATION_CONTEXT('2D SPACE',''
  ) );
#11974 = PCURVE('',#11509,#11975);
#11975 = DEFINITIONAL_REPRESENTATION('',(#11976),#11980);
#11976 = LINE('',#11977,#11978);
#11977 = CARTESIAN_POINT('',(0.50400390625,0.));
#11978 = VECTOR('',#11979,1.);
#11979 = DIRECTION('',(-1.,0.));
#11980 = ( GEOMETRIC_REPRESENTATION_CONTEXT(2) 
PARAMETRIC_REPRESENTATION_CONTEXT() REPRESENTATION_CONTEXT('2D SPACE',''
  ) );
#11981 = ORIENTED_EDGE('',*,*,#11982,.T.);
#11982 = EDGE_CURVE('',#11960,#5801,#11983,.T.);
#11983 = SURFACE_CURVE('',#11984,(#11988,#11995),.PCURVE_S1.);
#11984 = LINE('',#11985,#11986);
#11985 = CARTESIAN_POINT('',(83.373505859375,-30.75000015258,32.9));
#11986 = VECTOR('',#11987,1.);
#11987 = DIRECTION('',(0.,0.,1.));
#11988 = PCURVE('',#5841,#11989);
#11989 = DEFINITIONAL_REPRESENTATION('',(#11990),#11994);
#11990 = LINE('',#11991,#11992);
#11991 = CARTESIAN_POINT('',(0.,-0.));
#11992 = VECTOR('',#11993,1.);
#11993 = DIRECTION('',(0.,-1.));
#11994 = ( GEOMETRIC_REPRESENTATION_CONTEXT(2) 
PARAMETRIC_REPRESENTATION_CONTEXT() REPRESENTATION_CONTEXT('2D SPACE',''
  ) );
#11995 = PCURVE('',#5815,#11996);
#11996 = DEFINITIONAL_REPRESENTATION('',(#11997),#12001);
#11997 = LINE('',#11998,#11999);
#11998 = CARTESIAN_POINT('',(1.832998046875,0.));
#11999 = VECTOR('',#12000,1.);
#12000 = DIRECTION('',(0.,-1.));
#12001 = ( GEOMETRIC_REPRESENTATION_CONTEXT(2) 
PARAMETRIC_REPRESENTATION_CONTEXT() REPRESENTATION_CONTEXT('2D SPACE',''
  ) );
#12002 = ORIENTED_EDGE('',*,*,#5826,.F.);
#12003 = ORIENTED_EDGE('',*,*,#11933,.F.);
#12004 = ADVANCED_FACE('',(#12005),#5815,.F.);
#12005 = FACE_BOUND('',#12006,.F.);
#12006 = EDGE_LOOP('',(#12007,#12030,#12051,#12052));
#12007 = ORIENTED_EDGE('',*,*,#12008,.F.);
#12008 = EDGE_CURVE('',#12009,#11960,#12011,.T.);
#12009 = VERTEX_POINT('',#12010);
#12010 = CARTESIAN_POINT('',(83.373505859375,-28.91700210571,32.9));
#12011 = SURFACE_CURVE('',#12012,(#12016,#12023),.PCURVE_S1.);
#12012 = LINE('',#12013,#12014);
#12013 = CARTESIAN_POINT('',(83.373505859375,-28.91700210571,32.9));
#12014 = VECTOR('',#12015,1.);
#12015 = DIRECTION('',(0.,-1.,0.));
#12016 = PCURVE('',#5815,#12017);
#12017 = DEFINITIONAL_REPRESENTATION('',(#12018),#12022);
#12018 = LINE('',#12019,#12020);
#12019 = CARTESIAN_POINT('',(0.,0.));
#12020 = VECTOR('',#12021,1.);
#12021 = DIRECTION('',(1.,0.));
#12022 = ( GEOMETRIC_REPRESENTATION_CONTEXT(2) 
PARAMETRIC_REPRESENTATION_CONTEXT() REPRESENTATION_CONTEXT('2D SPACE',''
  ) );
#12023 = PCURVE('',#11509,#12024);
#12024 = DEFINITIONAL_REPRESENTATION('',(#12025),#12029);
#12025 = LINE('',#12026,#12027);
#12026 = CARTESIAN_POINT('',(0.50400390625,1.832998046875));
#12027 = VECTOR('',#12028,1.);
#12028 = DIRECTION('',(0.,-1.));
#12029 = ( GEOMETRIC_REPRESENTATION_CONTEXT(2) 
PARAMETRIC_REPRESENTATION_CONTEXT() REPRESENTATION_CONTEXT('2D SPACE',''
  ) );
#12030 = ORIENTED_EDGE('',*,*,#12031,.T.);
#12031 = EDGE_CURVE('',#12009,#5775,#12032,.T.);
#12032 = SURFACE_CURVE('',#12033,(#12037,#12044),.PCURVE_S1.);
#12033 = LINE('',#12034,#12035);
#12034 = CARTESIAN_POINT('',(83.373505859375,-28.91700210571,32.9));
#12035 = VECTOR('',#12036,1.);
#12036 = DIRECTION('',(0.,0.,1.));
#12037 = PCURVE('',#5815,#12038);
#12038 = DEFINITIONAL_REPRESENTATION('',(#12039),#12043);
#12039 = LINE('',#12040,#12041);
#12040 = CARTESIAN_POINT('',(0.,0.));
#12041 = VECTOR('',#12042,1.);
#12042 = DIRECTION('',(0.,-1.));
#12043 = ( GEOMETRIC_REPRESENTATION_CONTEXT(2) 
PARAMETRIC_REPRESENTATION_CONTEXT() REPRESENTATION_CONTEXT('2D SPACE',''
  ) );
#12044 = PCURVE('',#5789,#12045);
#12045 = DEFINITIONAL_REPRESENTATION('',(#12046),#12050);
#12046 = LINE('',#12047,#12048);
#12047 = CARTESIAN_POINT('',(1.935334076665,0.));
#12048 = VECTOR('',#12049,1.);
#12049 = DIRECTION('',(0.,-1.));
#12050 = ( GEOMETRIC_REPRESENTATION_CONTEXT(2) 
PARAMETRIC_REPRESENTATION_CONTEXT() REPRESENTATION_CONTEXT('2D SPACE',''
  ) );
#12051 = ORIENTED_EDGE('',*,*,#5800,.F.);
#12052 = ORIENTED_EDGE('',*,*,#11982,.F.);
#12053 = ADVANCED_FACE('',(#12054),#5789,.F.);
#12054 = FACE_BOUND('',#12055,.F.);
#12055 = EDGE_LOOP('',(#12056,#12079,#12100,#12101));
#12056 = ORIENTED_EDGE('',*,*,#12057,.F.);
#12057 = EDGE_CURVE('',#12058,#12009,#12060,.T.);
#12058 = VERTEX_POINT('',#12059);
#12059 = CARTESIAN_POINT('',(83.994501953125,-30.75000015258,32.9));
#12060 = SURFACE_CURVE('',#12061,(#12065,#12072),.PCURVE_S1.);
#12061 = LINE('',#12062,#12063);
#12062 = CARTESIAN_POINT('',(83.994501953125,-30.75000015258,32.9));
#12063 = VECTOR('',#12064,1.);
#12064 = DIRECTION('',(-0.320872815313,0.947122292206,0.));
#12065 = PCURVE('',#5789,#12066);
#12066 = DEFINITIONAL_REPRESENTATION('',(#12067),#12071);
#12067 = LINE('',#12068,#12069);
#12068 = CARTESIAN_POINT('',(0.,0.));
#12069 = VECTOR('',#12070,1.);
#12070 = DIRECTION('',(1.,0.));
#12071 = ( GEOMETRIC_REPRESENTATION_CONTEXT(2) 
PARAMETRIC_REPRESENTATION_CONTEXT() REPRESENTATION_CONTEXT('2D SPACE',''
  ) );
#12072 = PCURVE('',#11509,#12073);
#12073 = DEFINITIONAL_REPRESENTATION('',(#12074),#12078);
#12074 = LINE('',#12075,#12076);
#12075 = CARTESIAN_POINT('',(1.125,0.));
#12076 = VECTOR('',#12077,1.);
#12077 = DIRECTION('',(-0.320872815313,0.947122292206));
#12078 = ( GEOMETRIC_REPRESENTATION_CONTEXT(2) 
PARAMETRIC_REPRESENTATION_CONTEXT() REPRESENTATION_CONTEXT('2D SPACE',''
  ) );
#12079 = ORIENTED_EDGE('',*,*,#12080,.T.);
#12080 = EDGE_CURVE('',#12058,#5749,#12081,.T.);
#12081 = SURFACE_CURVE('',#12082,(#12086,#12093),.PCURVE_S1.);
#12082 = LINE('',#12083,#12084);
#12083 = CARTESIAN_POINT('',(83.994501953125,-30.75000015258,32.9));
#12084 = VECTOR('',#12085,1.);
#12085 = DIRECTION('',(0.,0.,1.));
#12086 = PCURVE('',#5789,#12087);
#12087 = DEFINITIONAL_REPRESENTATION('',(#12088),#12092);
#12088 = LINE('',#12089,#12090);
#12089 = CARTESIAN_POINT('',(0.,0.));
#12090 = VECTOR('',#12091,1.);
#12091 = DIRECTION('',(0.,-1.));
#12092 = ( GEOMETRIC_REPRESENTATION_CONTEXT(2) 
PARAMETRIC_REPRESENTATION_CONTEXT() REPRESENTATION_CONTEXT('2D SPACE',''
  ) );
#12093 = PCURVE('',#5763,#12094);
#12094 = DEFINITIONAL_REPRESENTATION('',(#12095),#12099);
#12095 = LINE('',#12096,#12097);
#12096 = CARTESIAN_POINT('',(0.29400390625,0.));
#12097 = VECTOR('',#12098,1.);
#12098 = DIRECTION('',(0.,-1.));
#12099 = ( GEOMETRIC_REPRESENTATION_CONTEXT(2) 
PARAMETRIC_REPRESENTATION_CONTEXT() REPRESENTATION_CONTEXT('2D SPACE',''
  ) );
#12100 = ORIENTED_EDGE('',*,*,#5774,.F.);
#12101 = ORIENTED_EDGE('',*,*,#12031,.F.);
#12102 = ADVANCED_FACE('',(#12103),#5763,.F.);
#12103 = FACE_BOUND('',#12104,.F.);
#12104 = EDGE_LOOP('',(#12105,#12126,#12127,#12128));
#12105 = ORIENTED_EDGE('',*,*,#12106,.F.);
#12106 = EDGE_CURVE('',#11494,#12058,#12107,.T.);
#12107 = SURFACE_CURVE('',#12108,(#12112,#12119),.PCURVE_S1.);
#12108 = LINE('',#12109,#12110);
#12109 = CARTESIAN_POINT('',(84.288505859375,-30.75000015258,32.9));
#12110 = VECTOR('',#12111,1.);
#12111 = DIRECTION('',(-1.,0.,0.));
#12112 = PCURVE('',#5763,#12113);
#12113 = DEFINITIONAL_REPRESENTATION('',(#12114),#12118);
#12114 = LINE('',#12115,#12116);
#12115 = CARTESIAN_POINT('',(0.,-0.));
#12116 = VECTOR('',#12117,1.);
#12117 = DIRECTION('',(1.,0.));
#12118 = ( GEOMETRIC_REPRESENTATION_CONTEXT(2) 
PARAMETRIC_REPRESENTATION_CONTEXT() REPRESENTATION_CONTEXT('2D SPACE',''
  ) );
#12119 = PCURVE('',#11509,#12120);
#12120 = DEFINITIONAL_REPRESENTATION('',(#12121),#12125);
#12121 = LINE('',#12122,#12123);
#12122 = CARTESIAN_POINT('',(1.41900390625,0.));
#12123 = VECTOR('',#12124,1.);
#12124 = DIRECTION('',(-1.,0.));
#12125 = ( GEOMETRIC_REPRESENTATION_CONTEXT(2) 
PARAMETRIC_REPRESENTATION_CONTEXT() REPRESENTATION_CONTEXT('2D SPACE',''
  ) );
#12126 = ORIENTED_EDGE('',*,*,#11543,.T.);
#12127 = ORIENTED_EDGE('',*,*,#5748,.F.);
#12128 = ORIENTED_EDGE('',*,*,#12080,.F.);
#12129 = ADVANCED_FACE('',(#12130),#6077,.F.);
#12130 = FACE_BOUND('',#12131,.F.);
#12131 = EDGE_LOOP('',(#12132,#12162,#12183,#12184));
#12132 = ORIENTED_EDGE('',*,*,#12133,.F.);
#12133 = EDGE_CURVE('',#12134,#12136,#12138,.T.);
#12134 = VERTEX_POINT('',#12135);
#12135 = CARTESIAN_POINT('',(86.98849609375,-30.75000015258,32.9));
#12136 = VERTEX_POINT('',#12137);
#12137 = CARTESIAN_POINT('',(86.76349609375,-30.09299819946,32.9));
#12138 = SURFACE_CURVE('',#12139,(#12143,#12150),.PCURVE_S1.);
#12139 = LINE('',#12140,#12141);
#12140 = CARTESIAN_POINT('',(86.98849609375,-30.75000015258,32.9));
#12141 = VECTOR('',#12142,1.);
#12142 = DIRECTION('',(-0.323992112815,0.94605978185,0.));
#12143 = PCURVE('',#6077,#12144);
#12144 = DEFINITIONAL_REPRESENTATION('',(#12145),#12149);
#12145 = LINE('',#12146,#12147);
#12146 = CARTESIAN_POINT('',(0.,0.));
#12147 = VECTOR('',#12148,1.);
#12148 = DIRECTION('',(1.,0.));
#12149 = ( GEOMETRIC_REPRESENTATION_CONTEXT(2) 
PARAMETRIC_REPRESENTATION_CONTEXT() REPRESENTATION_CONTEXT('2D SPACE',''
  ) );
#12150 = PCURVE('',#12151,#12156);
#12151 = PLANE('',#12152);
#12152 = AXIS2_PLACEMENT_3D('',#12153,#12154,#12155);
#12153 = CARTESIAN_POINT('',(85.3475,-30.75000015258,32.9));
#12154 = DIRECTION('',(0.,0.,1.));
#12155 = DIRECTION('',(1.,0.,0.));
#12156 = DEFINITIONAL_REPRESENTATION('',(#12157),#12161);
#12157 = LINE('',#12158,#12159);
#12158 = CARTESIAN_POINT('',(1.64099609375,0.));
#12159 = VECTOR('',#12160,1.);
#12160 = DIRECTION('',(-0.323992112815,0.94605978185));
#12161 = ( GEOMETRIC_REPRESENTATION_CONTEXT(2) 
PARAMETRIC_REPRESENTATION_CONTEXT() REPRESENTATION_CONTEXT('2D SPACE',''
  ) );
#12162 = ORIENTED_EDGE('',*,*,#12163,.T.);
#12163 = EDGE_CURVE('',#12134,#6063,#12164,.T.);
#12164 = SURFACE_CURVE('',#12165,(#12169,#12176),.PCURVE_S1.);
#12165 = LINE('',#12166,#12167);
#12166 = CARTESIAN_POINT('',(86.98849609375,-30.75000015258,32.9));
#12167 = VECTOR('',#12168,1.);
#12168 = DIRECTION('',(0.,0.,1.));
#12169 = PCURVE('',#6077,#12170);
#12170 = DEFINITIONAL_REPRESENTATION('',(#12171),#12175);
#12171 = LINE('',#12172,#12173);
#12172 = CARTESIAN_POINT('',(0.,0.));
#12173 = VECTOR('',#12174,1.);
#12174 = DIRECTION('',(0.,-1.));
#12175 = ( GEOMETRIC_REPRESENTATION_CONTEXT(2) 
PARAMETRIC_REPRESENTATION_CONTEXT() REPRESENTATION_CONTEXT('2D SPACE',''
  ) );
#12176 = PCURVE('',#6257,#12177);
#12177 = DEFINITIONAL_REPRESENTATION('',(#12178),#12182);
#12178 = LINE('',#12179,#12180);
#12179 = CARTESIAN_POINT('',(0.312001953125,0.));
#12180 = VECTOR('',#12181,1.);
#12181 = DIRECTION('',(0.,-1.));
#12182 = ( GEOMETRIC_REPRESENTATION_CONTEXT(2) 
PARAMETRIC_REPRESENTATION_CONTEXT() REPRESENTATION_CONTEXT('2D SPACE',''
  ) );
#12183 = ORIENTED_EDGE('',*,*,#6060,.F.);
#12184 = ORIENTED_EDGE('',*,*,#12185,.F.);
#12185 = EDGE_CURVE('',#12136,#6061,#12186,.T.);
#12186 = SURFACE_CURVE('',#12187,(#12191,#12198),.PCURVE_S1.);
#12187 = LINE('',#12188,#12189);
#12188 = CARTESIAN_POINT('',(86.76349609375,-30.09299819946,32.9));
#12189 = VECTOR('',#12190,1.);
#12190 = DIRECTION('',(0.,0.,1.));
#12191 = PCURVE('',#6077,#12192);
#12192 = DEFINITIONAL_REPRESENTATION('',(#12193),#12197);
#12193 = LINE('',#12194,#12195);
#12194 = CARTESIAN_POINT('',(0.694461349832,0.));
#12195 = VECTOR('',#12196,1.);
#12196 = DIRECTION('',(0.,-1.));
#12197 = ( GEOMETRIC_REPRESENTATION_CONTEXT(2) 
PARAMETRIC_REPRESENTATION_CONTEXT() REPRESENTATION_CONTEXT('2D SPACE',''
  ) );
#12198 = PCURVE('',#6103,#12199);
#12199 = DEFINITIONAL_REPRESENTATION('',(#12200),#12204);
#12200 = LINE('',#12201,#12202);
#12201 = CARTESIAN_POINT('',(0.,-0.));
#12202 = VECTOR('',#12203,1.);
#12203 = DIRECTION('',(0.,-1.));
#12204 = ( GEOMETRIC_REPRESENTATION_CONTEXT(2) 
PARAMETRIC_REPRESENTATION_CONTEXT() REPRESENTATION_CONTEXT('2D SPACE',''
  ) );
#12205 = ADVANCED_FACE('',(#12206),#6257,.F.);
#12206 = FACE_BOUND('',#12207,.F.);
#12207 = EDGE_LOOP('',(#12208,#12231,#12252,#12253));
#12208 = ORIENTED_EDGE('',*,*,#12209,.F.);
#12209 = EDGE_CURVE('',#12210,#12134,#12212,.T.);
#12210 = VERTEX_POINT('',#12211);
#12211 = CARTESIAN_POINT('',(87.300498046875,-30.75000015258,32.9));
#12212 = SURFACE_CURVE('',#12213,(#12217,#12224),.PCURVE_S1.);
#12213 = LINE('',#12214,#12215);
#12214 = CARTESIAN_POINT('',(87.300498046875,-30.75000015258,32.9));
#12215 = VECTOR('',#12216,1.);
#12216 = DIRECTION('',(-1.,0.,0.));
#12217 = PCURVE('',#6257,#12218);
#12218 = DEFINITIONAL_REPRESENTATION('',(#12219),#12223);
#12219 = LINE('',#12220,#12221);
#12220 = CARTESIAN_POINT('',(1.42108547152E-14,0.));
#12221 = VECTOR('',#12222,1.);
#12222 = DIRECTION('',(1.,0.));
#12223 = ( GEOMETRIC_REPRESENTATION_CONTEXT(2) 
PARAMETRIC_REPRESENTATION_CONTEXT() REPRESENTATION_CONTEXT('2D SPACE',''
  ) );
#12224 = PCURVE('',#12151,#12225);
#12225 = DEFINITIONAL_REPRESENTATION('',(#12226),#12230);
#12226 = LINE('',#12227,#12228);
#12227 = CARTESIAN_POINT('',(1.952998046875,0.));
#12228 = VECTOR('',#12229,1.);
#12229 = DIRECTION('',(-1.,0.));
#12230 = ( GEOMETRIC_REPRESENTATION_CONTEXT(2) 
PARAMETRIC_REPRESENTATION_CONTEXT() REPRESENTATION_CONTEXT('2D SPACE',''
  ) );
#12231 = ORIENTED_EDGE('',*,*,#12232,.T.);
#12232 = EDGE_CURVE('',#12210,#6219,#12233,.T.);
#12233 = SURFACE_CURVE('',#12234,(#12238,#12245),.PCURVE_S1.);
#12234 = LINE('',#12235,#12236);
#12235 = CARTESIAN_POINT('',(87.300498046875,-30.75000015258,32.9));
#12236 = VECTOR('',#12237,1.);
#12237 = DIRECTION('',(0.,0.,1.));
#12238 = PCURVE('',#6257,#12239);
#12239 = DEFINITIONAL_REPRESENTATION('',(#12240),#12244);
#12240 = LINE('',#12241,#12242);
#12241 = CARTESIAN_POINT('',(0.,-0.));
#12242 = VECTOR('',#12243,1.);
#12243 = DIRECTION('',(0.,-1.));
#12244 = ( GEOMETRIC_REPRESENTATION_CONTEXT(2) 
PARAMETRIC_REPRESENTATION_CONTEXT() REPRESENTATION_CONTEXT('2D SPACE',''
  ) );
#12245 = PCURVE('',#6233,#12246);
#12246 = DEFINITIONAL_REPRESENTATION('',(#12247),#12251);
#12247 = LINE('',#12248,#12249);
#12248 = CARTESIAN_POINT('',(2.317929796818,0.));
#12249 = VECTOR('',#12250,1.);
#12250 = DIRECTION('',(0.,-1.));
#12251 = ( GEOMETRIC_REPRESENTATION_CONTEXT(2) 
PARAMETRIC_REPRESENTATION_CONTEXT() REPRESENTATION_CONTEXT('2D SPACE',''
  ) );
#12252 = ORIENTED_EDGE('',*,*,#6244,.F.);
#12253 = ORIENTED_EDGE('',*,*,#12163,.F.);
#12254 = ADVANCED_FACE('',(#12255),#6233,.F.);
#12255 = FACE_BOUND('',#12256,.F.);
#12256 = EDGE_LOOP('',(#12257,#12280,#12301,#12302));
#12257 = ORIENTED_EDGE('',*,*,#12258,.F.);
#12258 = EDGE_CURVE('',#12259,#12210,#12261,.T.);
#12259 = VERTEX_POINT('',#12260);
#12260 = CARTESIAN_POINT('',(86.5325,-28.56299819946,32.9));
#12261 = SURFACE_CURVE('',#12262,(#12266,#12273),.PCURVE_S1.);
#12262 = LINE('',#12263,#12264);
#12263 = CARTESIAN_POINT('',(86.5325,-28.56299819946,32.9));
#12264 = VECTOR('',#12265,1.);
#12265 = DIRECTION('',(0.331329295619,-0.943515181576,0.));
#12266 = PCURVE('',#6233,#12267);
#12267 = DEFINITIONAL_REPRESENTATION('',(#12268),#12272);
#12268 = LINE('',#12269,#12270);
#12269 = CARTESIAN_POINT('',(0.,0.));
#12270 = VECTOR('',#12271,1.);
#12271 = DIRECTION('',(1.,0.));
#12272 = ( GEOMETRIC_REPRESENTATION_CONTEXT(2) 
PARAMETRIC_REPRESENTATION_CONTEXT() REPRESENTATION_CONTEXT('2D SPACE',''
  ) );
#12273 = PCURVE('',#12151,#12274);
#12274 = DEFINITIONAL_REPRESENTATION('',(#12275),#12279);
#12275 = LINE('',#12276,#12277);
#12276 = CARTESIAN_POINT('',(1.185,2.187001953125));
#12277 = VECTOR('',#12278,1.);
#12278 = DIRECTION('',(0.331329295619,-0.943515181576));
#12279 = ( GEOMETRIC_REPRESENTATION_CONTEXT(2) 
PARAMETRIC_REPRESENTATION_CONTEXT() REPRESENTATION_CONTEXT('2D SPACE',''
  ) );
#12280 = ORIENTED_EDGE('',*,*,#12281,.T.);
#12281 = EDGE_CURVE('',#12259,#6193,#12282,.T.);
#12282 = SURFACE_CURVE('',#12283,(#12287,#12294),.PCURVE_S1.);
#12283 = LINE('',#12284,#12285);
#12284 = CARTESIAN_POINT('',(86.5325,-28.56299819946,32.9));
#12285 = VECTOR('',#12286,1.);
#12286 = DIRECTION('',(0.,0.,1.));
#12287 = PCURVE('',#6233,#12288);
#12288 = DEFINITIONAL_REPRESENTATION('',(#12289),#12293);
#12289 = LINE('',#12290,#12291);
#12290 = CARTESIAN_POINT('',(0.,0.));
#12291 = VECTOR('',#12292,1.);
#12292 = DIRECTION('',(0.,-1.));
#12293 = ( GEOMETRIC_REPRESENTATION_CONTEXT(2) 
PARAMETRIC_REPRESENTATION_CONTEXT() REPRESENTATION_CONTEXT('2D SPACE',''
  ) );
#12294 = PCURVE('',#6207,#12295);
#12295 = DEFINITIONAL_REPRESENTATION('',(#12296),#12300);
#12296 = LINE('',#12297,#12298);
#12297 = CARTESIAN_POINT('',(0.36,0.));
#12298 = VECTOR('',#12299,1.);
#12299 = DIRECTION('',(0.,-1.));
#12300 = ( GEOMETRIC_REPRESENTATION_CONTEXT(2) 
PARAMETRIC_REPRESENTATION_CONTEXT() REPRESENTATION_CONTEXT('2D SPACE',''
  ) );
#12301 = ORIENTED_EDGE('',*,*,#6218,.F.);
#12302 = ORIENTED_EDGE('',*,*,#12232,.F.);
#12303 = ADVANCED_FACE('',(#12304),#6207,.F.);
#12304 = FACE_BOUND('',#12305,.F.);
#12305 = EDGE_LOOP('',(#12306,#12329,#12350,#12351));
#12306 = ORIENTED_EDGE('',*,*,#12307,.F.);
#12307 = EDGE_CURVE('',#12308,#12259,#12310,.T.);
#12308 = VERTEX_POINT('',#12309);
#12309 = CARTESIAN_POINT('',(86.1725,-28.56299819946,32.9));
#12310 = SURFACE_CURVE('',#12311,(#12315,#12322),.PCURVE_S1.);
#12311 = LINE('',#12312,#12313);
#12312 = CARTESIAN_POINT('',(86.1725,-28.56299819946,32.9));
#12313 = VECTOR('',#12314,1.);
#12314 = DIRECTION('',(1.,0.,0.));
#12315 = PCURVE('',#6207,#12316);
#12316 = DEFINITIONAL_REPRESENTATION('',(#12317),#12321);
#12317 = LINE('',#12318,#12319);
#12318 = CARTESIAN_POINT('',(0.,0.));
#12319 = VECTOR('',#12320,1.);
#12320 = DIRECTION('',(1.,0.));
#12321 = ( GEOMETRIC_REPRESENTATION_CONTEXT(2) 
PARAMETRIC_REPRESENTATION_CONTEXT() REPRESENTATION_CONTEXT('2D SPACE',''
  ) );
#12322 = PCURVE('',#12151,#12323);
#12323 = DEFINITIONAL_REPRESENTATION('',(#12324),#12328);
#12324 = LINE('',#12325,#12326);
#12325 = CARTESIAN_POINT('',(0.825,2.187001953125));
#12326 = VECTOR('',#12327,1.);
#12327 = DIRECTION('',(1.,0.));
#12328 = ( GEOMETRIC_REPRESENTATION_CONTEXT(2) 
PARAMETRIC_REPRESENTATION_CONTEXT() REPRESENTATION_CONTEXT('2D SPACE',''
  ) );
#12329 = ORIENTED_EDGE('',*,*,#12330,.T.);
#12330 = EDGE_CURVE('',#12308,#6167,#12331,.T.);
#12331 = SURFACE_CURVE('',#12332,(#12336,#12343),.PCURVE_S1.);
#12332 = LINE('',#12333,#12334);
#12333 = CARTESIAN_POINT('',(86.1725,-28.56299819946,32.9));
#12334 = VECTOR('',#12335,1.);
#12335 = DIRECTION('',(0.,0.,1.));
#12336 = PCURVE('',#6207,#12337);
#12337 = DEFINITIONAL_REPRESENTATION('',(#12338),#12342);
#12338 = LINE('',#12339,#12340);
#12339 = CARTESIAN_POINT('',(0.,0.));
#12340 = VECTOR('',#12341,1.);
#12341 = DIRECTION('',(0.,-1.));
#12342 = ( GEOMETRIC_REPRESENTATION_CONTEXT(2) 
PARAMETRIC_REPRESENTATION_CONTEXT() REPRESENTATION_CONTEXT('2D SPACE',''
  ) );
#12343 = PCURVE('',#6181,#12344);
#12344 = DEFINITIONAL_REPRESENTATION('',(#12345),#12349);
#12345 = LINE('',#12346,#12347);
#12346 = CARTESIAN_POINT('',(2.321934009177,0.));
#12347 = VECTOR('',#12348,1.);
#12348 = DIRECTION('',(0.,-1.));
#12349 = ( GEOMETRIC_REPRESENTATION_CONTEXT(2) 
PARAMETRIC_REPRESENTATION_CONTEXT() REPRESENTATION_CONTEXT('2D SPACE',''
  ) );
#12350 = ORIENTED_EDGE('',*,*,#6192,.F.);
#12351 = ORIENTED_EDGE('',*,*,#12281,.F.);
#12352 = ADVANCED_FACE('',(#12353),#6181,.F.);
#12353 = FACE_BOUND('',#12354,.F.);
#12354 = EDGE_LOOP('',(#12355,#12378,#12399,#12400));
#12355 = ORIENTED_EDGE('',*,*,#12356,.F.);
#12356 = EDGE_CURVE('',#12357,#12308,#12359,.T.);
#12357 = VERTEX_POINT('',#12358);
#12358 = CARTESIAN_POINT('',(85.3925,-30.75000015258,32.9));
#12359 = SURFACE_CURVE('',#12360,(#12364,#12371),.PCURVE_S1.);
#12360 = LINE('',#12361,#12362);
#12361 = CARTESIAN_POINT('',(85.3925,-30.75000015258,32.9));
#12362 = VECTOR('',#12363,1.);
#12363 = DIRECTION('',(0.335926859643,0.941888074545,0.));
#12364 = PCURVE('',#6181,#12365);
#12365 = DEFINITIONAL_REPRESENTATION('',(#12366),#12370);
#12366 = LINE('',#12367,#12368);
#12367 = CARTESIAN_POINT('',(0.,0.));
#12368 = VECTOR('',#12369,1.);
#12369 = DIRECTION('',(1.,0.));
#12370 = ( GEOMETRIC_REPRESENTATION_CONTEXT(2) 
PARAMETRIC_REPRESENTATION_CONTEXT() REPRESENTATION_CONTEXT('2D SPACE',''
  ) );
#12371 = PCURVE('',#12151,#12372);
#12372 = DEFINITIONAL_REPRESENTATION('',(#12373),#12377);
#12373 = LINE('',#12374,#12375);
#12374 = CARTESIAN_POINT('',(4.5E-02,0.));
#12375 = VECTOR('',#12376,1.);
#12376 = DIRECTION('',(0.335926859643,0.941888074545));
#12377 = ( GEOMETRIC_REPRESENTATION_CONTEXT(2) 
PARAMETRIC_REPRESENTATION_CONTEXT() REPRESENTATION_CONTEXT('2D SPACE',''
  ) );
#12378 = ORIENTED_EDGE('',*,*,#12379,.T.);
#12379 = EDGE_CURVE('',#12357,#6141,#12380,.T.);
#12380 = SURFACE_CURVE('',#12381,(#12385,#12392),.PCURVE_S1.);
#12381 = LINE('',#12382,#12383);
#12382 = CARTESIAN_POINT('',(85.3925,-30.75000015258,32.9));
#12383 = VECTOR('',#12384,1.);
#12384 = DIRECTION('',(0.,0.,1.));
#12385 = PCURVE('',#6181,#12386);
#12386 = DEFINITIONAL_REPRESENTATION('',(#12387),#12391);
#12387 = LINE('',#12388,#12389);
#12388 = CARTESIAN_POINT('',(0.,0.));
#12389 = VECTOR('',#12390,1.);
#12390 = DIRECTION('',(0.,-1.));
#12391 = ( GEOMETRIC_REPRESENTATION_CONTEXT(2) 
PARAMETRIC_REPRESENTATION_CONTEXT() REPRESENTATION_CONTEXT('2D SPACE',''
  ) );
#12392 = PCURVE('',#6155,#12393);
#12393 = DEFINITIONAL_REPRESENTATION('',(#12394),#12398);
#12394 = LINE('',#12395,#12396);
#12395 = CARTESIAN_POINT('',(0.297001953125,0.));
#12396 = VECTOR('',#12397,1.);
#12397 = DIRECTION('',(0.,-1.));
#12398 = ( GEOMETRIC_REPRESENTATION_CONTEXT(2) 
PARAMETRIC_REPRESENTATION_CONTEXT() REPRESENTATION_CONTEXT('2D SPACE',''
  ) );
#12399 = ORIENTED_EDGE('',*,*,#6166,.F.);
#12400 = ORIENTED_EDGE('',*,*,#12330,.F.);
#12401 = ADVANCED_FACE('',(#12402),#6155,.F.);
#12402 = FACE_BOUND('',#12403,.F.);
#12403 = EDGE_LOOP('',(#12404,#12427,#12448,#12449));
#12404 = ORIENTED_EDGE('',*,*,#12405,.F.);
#12405 = EDGE_CURVE('',#12406,#12357,#12408,.T.);
#12406 = VERTEX_POINT('',#12407);
#12407 = CARTESIAN_POINT('',(85.689501953125,-30.75000015258,32.9));
#12408 = SURFACE_CURVE('',#12409,(#12413,#12420),.PCURVE_S1.);
#12409 = LINE('',#12410,#12411);
#12410 = CARTESIAN_POINT('',(85.689501953125,-30.75000015258,32.9));
#12411 = VECTOR('',#12412,1.);
#12412 = DIRECTION('',(-1.,0.,0.));
#12413 = PCURVE('',#6155,#12414);
#12414 = DEFINITIONAL_REPRESENTATION('',(#12415),#12419);
#12415 = LINE('',#12416,#12417);
#12416 = CARTESIAN_POINT('',(0.,-0.));
#12417 = VECTOR('',#12418,1.);
#12418 = DIRECTION('',(1.,0.));
#12419 = ( GEOMETRIC_REPRESENTATION_CONTEXT(2) 
PARAMETRIC_REPRESENTATION_CONTEXT() REPRESENTATION_CONTEXT('2D SPACE',''
  ) );
#12420 = PCURVE('',#12151,#12421);
#12421 = DEFINITIONAL_REPRESENTATION('',(#12422),#12426);
#12422 = LINE('',#12423,#12424);
#12423 = CARTESIAN_POINT('',(0.342001953125,0.));
#12424 = VECTOR('',#12425,1.);
#12425 = DIRECTION('',(-1.,0.));
#12426 = ( GEOMETRIC_REPRESENTATION_CONTEXT(2) 
PARAMETRIC_REPRESENTATION_CONTEXT() REPRESENTATION_CONTEXT('2D SPACE',''
  ) );
#12427 = ORIENTED_EDGE('',*,*,#12428,.T.);
#12428 = EDGE_CURVE('',#12406,#6115,#12429,.T.);
#12429 = SURFACE_CURVE('',#12430,(#12434,#12441),.PCURVE_S1.);
#12430 = LINE('',#12431,#12432);
#12431 = CARTESIAN_POINT('',(85.689501953125,-30.75000015258,32.9));
#12432 = VECTOR('',#12433,1.);
#12433 = DIRECTION('',(0.,0.,1.));
#12434 = PCURVE('',#6155,#12435);
#12435 = DEFINITIONAL_REPRESENTATION('',(#12436),#12440);
#12436 = LINE('',#12437,#12438);
#12437 = CARTESIAN_POINT('',(0.,-0.));
#12438 = VECTOR('',#12439,1.);
#12439 = DIRECTION('',(0.,-1.));
#12440 = ( GEOMETRIC_REPRESENTATION_CONTEXT(2) 
PARAMETRIC_REPRESENTATION_CONTEXT() REPRESENTATION_CONTEXT('2D SPACE',''
  ) );
#12441 = PCURVE('',#6129,#12442);
#12442 = DEFINITIONAL_REPRESENTATION('',(#12443),#12447);
#12443 = LINE('',#12444,#12445);
#12444 = CARTESIAN_POINT('',(0.696427140294,-0.));
#12445 = VECTOR('',#12446,1.);
#12446 = DIRECTION('',(0.,-1.));
#12447 = ( GEOMETRIC_REPRESENTATION_CONTEXT(2) 
PARAMETRIC_REPRESENTATION_CONTEXT() REPRESENTATION_CONTEXT('2D SPACE',''
  ) );
#12448 = ORIENTED_EDGE('',*,*,#6140,.F.);
#12449 = ORIENTED_EDGE('',*,*,#12379,.F.);
#12450 = ADVANCED_FACE('',(#12451),#6129,.F.);
#12451 = FACE_BOUND('',#12452,.F.);
#12452 = EDGE_LOOP('',(#12453,#12476,#12497,#12498));
#12453 = ORIENTED_EDGE('',*,*,#12454,.F.);
#12454 = EDGE_CURVE('',#12455,#12406,#12457,.T.);
#12455 = VERTEX_POINT('',#12456);
#12456 = CARTESIAN_POINT('',(85.920498046875,-30.09299819946,32.9));
#12457 = SURFACE_CURVE('',#12458,(#12462,#12469),.PCURVE_S1.);
#12458 = LINE('',#12459,#12460);
#12459 = CARTESIAN_POINT('',(85.920498046875,-30.09299819946,32.9));
#12460 = VECTOR('',#12461,1.);
#12461 = DIRECTION('',(-0.331687380323,-0.943389358502,0.));
#12462 = PCURVE('',#6129,#12463);
#12463 = DEFINITIONAL_REPRESENTATION('',(#12464),#12468);
#12464 = LINE('',#12465,#12466);
#12465 = CARTESIAN_POINT('',(0.,0.));
#12466 = VECTOR('',#12467,1.);
#12467 = DIRECTION('',(1.,-0.));
#12468 = ( GEOMETRIC_REPRESENTATION_CONTEXT(2) 
PARAMETRIC_REPRESENTATION_CONTEXT() REPRESENTATION_CONTEXT('2D SPACE',''
  ) );
#12469 = PCURVE('',#12151,#12470);
#12470 = DEFINITIONAL_REPRESENTATION('',(#12471),#12475);
#12471 = LINE('',#12472,#12473);
#12472 = CARTESIAN_POINT('',(0.572998046875,0.657001953125));
#12473 = VECTOR('',#12474,1.);
#12474 = DIRECTION('',(-0.331687380323,-0.943389358502));
#12475 = ( GEOMETRIC_REPRESENTATION_CONTEXT(2) 
PARAMETRIC_REPRESENTATION_CONTEXT() REPRESENTATION_CONTEXT('2D SPACE',''
  ) );
#12476 = ORIENTED_EDGE('',*,*,#12477,.T.);
#12477 = EDGE_CURVE('',#12455,#6089,#12478,.T.);
#12478 = SURFACE_CURVE('',#12479,(#12483,#12490),.PCURVE_S1.);
#12479 = LINE('',#12480,#12481);
#12480 = CARTESIAN_POINT('',(85.920498046875,-30.09299819946,32.9));
#12481 = VECTOR('',#12482,1.);
#12482 = DIRECTION('',(0.,0.,1.));
#12483 = PCURVE('',#6129,#12484);
#12484 = DEFINITIONAL_REPRESENTATION('',(#12485),#12489);
#12485 = LINE('',#12486,#12487);
#12486 = CARTESIAN_POINT('',(0.,0.));
#12487 = VECTOR('',#12488,1.);
#12488 = DIRECTION('',(0.,-1.));
#12489 = ( GEOMETRIC_REPRESENTATION_CONTEXT(2) 
PARAMETRIC_REPRESENTATION_CONTEXT() REPRESENTATION_CONTEXT('2D SPACE',''
  ) );
#12490 = PCURVE('',#6103,#12491);
#12491 = DEFINITIONAL_REPRESENTATION('',(#12492),#12496);
#12492 = LINE('',#12493,#12494);
#12493 = CARTESIAN_POINT('',(0.842998046875,0.));
#12494 = VECTOR('',#12495,1.);
#12495 = DIRECTION('',(0.,-1.));
#12496 = ( GEOMETRIC_REPRESENTATION_CONTEXT(2) 
PARAMETRIC_REPRESENTATION_CONTEXT() REPRESENTATION_CONTEXT('2D SPACE',''
  ) );
#12497 = ORIENTED_EDGE('',*,*,#6114,.F.);
#12498 = ORIENTED_EDGE('',*,*,#12428,.F.);
#12499 = ADVANCED_FACE('',(#12500),#6103,.F.);
#12500 = FACE_BOUND('',#12501,.F.);
#12501 = EDGE_LOOP('',(#12502,#12523,#12524,#12525));
#12502 = ORIENTED_EDGE('',*,*,#12503,.F.);
#12503 = EDGE_CURVE('',#12136,#12455,#12504,.T.);
#12504 = SURFACE_CURVE('',#12505,(#12509,#12516),.PCURVE_S1.);
#12505 = LINE('',#12506,#12507);
#12506 = CARTESIAN_POINT('',(86.76349609375,-30.09299819946,32.9));
#12507 = VECTOR('',#12508,1.);
#12508 = DIRECTION('',(-1.,0.,0.));
#12509 = PCURVE('',#6103,#12510);
#12510 = DEFINITIONAL_REPRESENTATION('',(#12511),#12515);
#12511 = LINE('',#12512,#12513);
#12512 = CARTESIAN_POINT('',(1.42108547152E-14,0.));
#12513 = VECTOR('',#12514,1.);
#12514 = DIRECTION('',(1.,0.));
#12515 = ( GEOMETRIC_REPRESENTATION_CONTEXT(2) 
PARAMETRIC_REPRESENTATION_CONTEXT() REPRESENTATION_CONTEXT('2D SPACE',''
  ) );
#12516 = PCURVE('',#12151,#12517);
#12517 = DEFINITIONAL_REPRESENTATION('',(#12518),#12522);
#12518 = LINE('',#12519,#12520);
#12519 = CARTESIAN_POINT('',(1.41599609375,0.657001953125));
#12520 = VECTOR('',#12521,1.);
#12521 = DIRECTION('',(-1.,0.));
#12522 = ( GEOMETRIC_REPRESENTATION_CONTEXT(2) 
PARAMETRIC_REPRESENTATION_CONTEXT() REPRESENTATION_CONTEXT('2D SPACE',''
  ) );
#12523 = ORIENTED_EDGE('',*,*,#12185,.T.);
#12524 = ORIENTED_EDGE('',*,*,#6088,.F.);
#12525 = ORIENTED_EDGE('',*,*,#12477,.F.);
#12526 = ADVANCED_FACE('',(#12527),#6287,.F.);
#12527 = FACE_BOUND('',#12528,.F.);
#12528 = EDGE_LOOP('',(#12529,#12559,#12580,#12581));
#12529 = ORIENTED_EDGE('',*,*,#12530,.F.);
#12530 = EDGE_CURVE('',#12531,#12533,#12535,.T.);
#12531 = VERTEX_POINT('',#12532);
#12532 = CARTESIAN_POINT('',(87.600498046875,-28.56299819946,32.9));
#12533 = VERTEX_POINT('',#12534);
#12534 = CARTESIAN_POINT('',(87.8825,-28.56299819946,32.9));
#12535 = SURFACE_CURVE('',#12536,(#12540,#12547),.PCURVE_S1.);
#12536 = LINE('',#12537,#12538);
#12537 = CARTESIAN_POINT('',(87.600498046875,-28.56299819946,32.9));
#12538 = VECTOR('',#12539,1.);
#12539 = DIRECTION('',(1.,0.,0.));
#12540 = PCURVE('',#6287,#12541);
#12541 = DEFINITIONAL_REPRESENTATION('',(#12542),#12546);
#12542 = LINE('',#12543,#12544);
#12543 = CARTESIAN_POINT('',(0.,0.));
#12544 = VECTOR('',#12545,1.);
#12545 = DIRECTION('',(1.,0.));
#12546 = ( GEOMETRIC_REPRESENTATION_CONTEXT(2) 
PARAMETRIC_REPRESENTATION_CONTEXT() REPRESENTATION_CONTEXT('2D SPACE',''
  ) );
#12547 = PCURVE('',#12548,#12553);
#12548 = PLANE('',#12549);
#12549 = AXIS2_PLACEMENT_3D('',#12550,#12551,#12552);
#12550 = CARTESIAN_POINT('',(87.300498046875,-30.75000015258,32.9));
#12551 = DIRECTION('',(0.,0.,1.));
#12552 = DIRECTION('',(1.,0.,0.));
#12553 = DEFINITIONAL_REPRESENTATION('',(#12554),#12558);
#12554 = LINE('',#12555,#12556);
#12555 = CARTESIAN_POINT('',(0.3,2.187001953125));
#12556 = VECTOR('',#12557,1.);
#12557 = DIRECTION('',(1.,0.));
#12558 = ( GEOMETRIC_REPRESENTATION_CONTEXT(2) 
PARAMETRIC_REPRESENTATION_CONTEXT() REPRESENTATION_CONTEXT('2D SPACE',''
  ) );
#12559 = ORIENTED_EDGE('',*,*,#12560,.T.);
#12560 = EDGE_CURVE('',#12531,#6273,#12561,.T.);
#12561 = SURFACE_CURVE('',#12562,(#12566,#12573),.PCURVE_S1.);
#12562 = LINE('',#12563,#12564);
#12563 = CARTESIAN_POINT('',(87.600498046875,-28.56299819946,32.9));
#12564 = VECTOR('',#12565,1.);
#12565 = DIRECTION('',(0.,0.,1.));
#12566 = PCURVE('',#6287,#12567);
#12567 = DEFINITIONAL_REPRESENTATION('',(#12568),#12572);
#12568 = LINE('',#12569,#12570);
#12569 = CARTESIAN_POINT('',(0.,0.));
#12570 = VECTOR('',#12571,1.);
#12571 = DIRECTION('',(0.,-1.));
#12572 = ( GEOMETRIC_REPRESENTATION_CONTEXT(2) 
PARAMETRIC_REPRESENTATION_CONTEXT() REPRESENTATION_CONTEXT('2D SPACE',''
  ) );
#12573 = PCURVE('',#6363,#12574);
#12574 = DEFINITIONAL_REPRESENTATION('',(#12575),#12579);
#12575 = LINE('',#12576,#12577);
#12576 = CARTESIAN_POINT('',(2.187001953125,0.));
#12577 = VECTOR('',#12578,1.);
#12578 = DIRECTION('',(0.,-1.));
#12579 = ( GEOMETRIC_REPRESENTATION_CONTEXT(2) 
PARAMETRIC_REPRESENTATION_CONTEXT() REPRESENTATION_CONTEXT('2D SPACE',''
  ) );
#12580 = ORIENTED_EDGE('',*,*,#6270,.F.);
#12581 = ORIENTED_EDGE('',*,*,#12582,.F.);
#12582 = EDGE_CURVE('',#12533,#6271,#12583,.T.);
#12583 = SURFACE_CURVE('',#12584,(#12588,#12595),.PCURVE_S1.);
#12584 = LINE('',#12585,#12586);
#12585 = CARTESIAN_POINT('',(87.8825,-28.56299819946,32.9));
#12586 = VECTOR('',#12587,1.);
#12587 = DIRECTION('',(0.,0.,1.));
#12588 = PCURVE('',#6287,#12589);
#12589 = DEFINITIONAL_REPRESENTATION('',(#12590),#12594);
#12590 = LINE('',#12591,#12592);
#12591 = CARTESIAN_POINT('',(0.282001953125,0.));
#12592 = VECTOR('',#12593,1.);
#12593 = DIRECTION('',(0.,-1.));
#12594 = ( GEOMETRIC_REPRESENTATION_CONTEXT(2) 
PARAMETRIC_REPRESENTATION_CONTEXT() REPRESENTATION_CONTEXT('2D SPACE',''
  ) );
#12595 = PCURVE('',#6313,#12596);
#12596 = DEFINITIONAL_REPRESENTATION('',(#12597),#12601);
#12597 = LINE('',#12598,#12599);
#12598 = CARTESIAN_POINT('',(0.,0.));
#12599 = VECTOR('',#12600,1.);
#12600 = DIRECTION('',(0.,-1.));
#12601 = ( GEOMETRIC_REPRESENTATION_CONTEXT(2) 
PARAMETRIC_REPRESENTATION_CONTEXT() REPRESENTATION_CONTEXT('2D SPACE',''
  ) );
#12602 = ADVANCED_FACE('',(#12603),#6363,.F.);
#12603 = FACE_BOUND('',#12604,.F.);
#12604 = EDGE_LOOP('',(#12605,#12628,#12649,#12650));
#12605 = ORIENTED_EDGE('',*,*,#12606,.F.);
#12606 = EDGE_CURVE('',#12607,#12531,#12609,.T.);
#12607 = VERTEX_POINT('',#12608);
#12608 = CARTESIAN_POINT('',(87.600498046875,-30.75000015258,32.9));
#12609 = SURFACE_CURVE('',#12610,(#12614,#12621),.PCURVE_S1.);
#12610 = LINE('',#12611,#12612);
#12611 = CARTESIAN_POINT('',(87.600498046875,-30.75000015258,32.9));
#12612 = VECTOR('',#12613,1.);
#12613 = DIRECTION('',(0.,1.,0.));
#12614 = PCURVE('',#6363,#12615);
#12615 = DEFINITIONAL_REPRESENTATION('',(#12616),#12620);
#12616 = LINE('',#12617,#12618);
#12617 = CARTESIAN_POINT('',(0.,0.));
#12618 = VECTOR('',#12619,1.);
#12619 = DIRECTION('',(1.,0.));
#12620 = ( GEOMETRIC_REPRESENTATION_CONTEXT(2) 
PARAMETRIC_REPRESENTATION_CONTEXT() REPRESENTATION_CONTEXT('2D SPACE',''
  ) );
#12621 = PCURVE('',#12548,#12622);
#12622 = DEFINITIONAL_REPRESENTATION('',(#12623),#12627);
#12623 = LINE('',#12624,#12625);
#12624 = CARTESIAN_POINT('',(0.3,0.));
#12625 = VECTOR('',#12626,1.);
#12626 = DIRECTION('',(0.,1.));
#12627 = ( GEOMETRIC_REPRESENTATION_CONTEXT(2) 
PARAMETRIC_REPRESENTATION_CONTEXT() REPRESENTATION_CONTEXT('2D SPACE',''
  ) );
#12628 = ORIENTED_EDGE('',*,*,#12629,.T.);
#12629 = EDGE_CURVE('',#12607,#6325,#12630,.T.);
#12630 = SURFACE_CURVE('',#12631,(#12635,#12642),.PCURVE_S1.);
#12631 = LINE('',#12632,#12633);
#12632 = CARTESIAN_POINT('',(87.600498046875,-30.75000015258,32.9));
#12633 = VECTOR('',#12634,1.);
#12634 = DIRECTION('',(0.,0.,1.));
#12635 = PCURVE('',#6363,#12636);
#12636 = DEFINITIONAL_REPRESENTATION('',(#12637),#12641);
#12637 = LINE('',#12638,#12639);
#12638 = CARTESIAN_POINT('',(0.,0.));
#12639 = VECTOR('',#12640,1.);
#12640 = DIRECTION('',(0.,-1.));
#12641 = ( GEOMETRIC_REPRESENTATION_CONTEXT(2) 
PARAMETRIC_REPRESENTATION_CONTEXT() REPRESENTATION_CONTEXT('2D SPACE',''
  ) );
#12642 = PCURVE('',#6339,#12643);
#12643 = DEFINITIONAL_REPRESENTATION('',(#12644),#12648);
#12644 = LINE('',#12645,#12646);
#12645 = CARTESIAN_POINT('',(0.282001953125,0.));
#12646 = VECTOR('',#12647,1.);
#12647 = DIRECTION('',(0.,-1.));
#12648 = ( GEOMETRIC_REPRESENTATION_CONTEXT(2) 
PARAMETRIC_REPRESENTATION_CONTEXT() REPRESENTATION_CONTEXT('2D SPACE',''
  ) );
#12649 = ORIENTED_EDGE('',*,*,#6350,.F.);
#12650 = ORIENTED_EDGE('',*,*,#12560,.F.);
#12651 = ADVANCED_FACE('',(#12652),#6339,.F.);
#12652 = FACE_BOUND('',#12653,.F.);
#12653 = EDGE_LOOP('',(#12654,#12677,#12698,#12699));
#12654 = ORIENTED_EDGE('',*,*,#12655,.F.);
#12655 = EDGE_CURVE('',#12656,#12607,#12658,.T.);
#12656 = VERTEX_POINT('',#12657);
#12657 = CARTESIAN_POINT('',(87.8825,-30.75000015258,32.9));
#12658 = SURFACE_CURVE('',#12659,(#12663,#12670),.PCURVE_S1.);
#12659 = LINE('',#12660,#12661);
#12660 = CARTESIAN_POINT('',(87.8825,-30.75000015258,32.9));
#12661 = VECTOR('',#12662,1.);
#12662 = DIRECTION('',(-1.,0.,0.));
#12663 = PCURVE('',#6339,#12664);
#12664 = DEFINITIONAL_REPRESENTATION('',(#12665),#12669);
#12665 = LINE('',#12666,#12667);
#12666 = CARTESIAN_POINT('',(-1.42108547152E-14,-0.));
#12667 = VECTOR('',#12668,1.);
#12668 = DIRECTION('',(1.,0.));
#12669 = ( GEOMETRIC_REPRESENTATION_CONTEXT(2) 
PARAMETRIC_REPRESENTATION_CONTEXT() REPRESENTATION_CONTEXT('2D SPACE',''
  ) );
#12670 = PCURVE('',#12548,#12671);
#12671 = DEFINITIONAL_REPRESENTATION('',(#12672),#12676);
#12672 = LINE('',#12673,#12674);
#12673 = CARTESIAN_POINT('',(0.582001953125,0.));
#12674 = VECTOR('',#12675,1.);
#12675 = DIRECTION('',(-1.,0.));
#12676 = ( GEOMETRIC_REPRESENTATION_CONTEXT(2) 
PARAMETRIC_REPRESENTATION_CONTEXT() REPRESENTATION_CONTEXT('2D SPACE',''
  ) );
#12677 = ORIENTED_EDGE('',*,*,#12678,.T.);
#12678 = EDGE_CURVE('',#12656,#6299,#12679,.T.);
#12679 = SURFACE_CURVE('',#12680,(#12684,#12691),.PCURVE_S1.);
#12680 = LINE('',#12681,#12682);
#12681 = CARTESIAN_POINT('',(87.8825,-30.75000015258,32.9));
#12682 = VECTOR('',#12683,1.);
#12683 = DIRECTION('',(0.,0.,1.));
#12684 = PCURVE('',#6339,#12685);
#12685 = DEFINITIONAL_REPRESENTATION('',(#12686),#12690);
#12686 = LINE('',#12687,#12688);
#12687 = CARTESIAN_POINT('',(0.,-0.));
#12688 = VECTOR('',#12689,1.);
#12689 = DIRECTION('',(0.,-1.));
#12690 = ( GEOMETRIC_REPRESENTATION_CONTEXT(2) 
PARAMETRIC_REPRESENTATION_CONTEXT() REPRESENTATION_CONTEXT('2D SPACE',''
  ) );
#12691 = PCURVE('',#6313,#12692);
#12692 = DEFINITIONAL_REPRESENTATION('',(#12693),#12697);
#12693 = LINE('',#12694,#12695);
#12694 = CARTESIAN_POINT('',(2.187001953125,0.));
#12695 = VECTOR('',#12696,1.);
#12696 = DIRECTION('',(0.,-1.));
#12697 = ( GEOMETRIC_REPRESENTATION_CONTEXT(2) 
PARAMETRIC_REPRESENTATION_CONTEXT() REPRESENTATION_CONTEXT('2D SPACE',''
  ) );
#12698 = ORIENTED_EDGE('',*,*,#6324,.F.);
#12699 = ORIENTED_EDGE('',*,*,#12629,.F.);
#12700 = ADVANCED_FACE('',(#12701),#6313,.F.);
#12701 = FACE_BOUND('',#12702,.F.);
#12702 = EDGE_LOOP('',(#12703,#12724,#12725,#12726));
#12703 = ORIENTED_EDGE('',*,*,#12704,.F.);
#12704 = EDGE_CURVE('',#12533,#12656,#12705,.T.);
#12705 = SURFACE_CURVE('',#12706,(#12710,#12717),.PCURVE_S1.);
#12706 = LINE('',#12707,#12708);
#12707 = CARTESIAN_POINT('',(87.8825,-28.56299819946,32.9));
#12708 = VECTOR('',#12709,1.);
#12709 = DIRECTION('',(0.,-1.,0.));
#12710 = PCURVE('',#6313,#12711);
#12711 = DEFINITIONAL_REPRESENTATION('',(#12712),#12716);
#12712 = LINE('',#12713,#12714);
#12713 = CARTESIAN_POINT('',(0.,0.));
#12714 = VECTOR('',#12715,1.);
#12715 = DIRECTION('',(1.,0.));
#12716 = ( GEOMETRIC_REPRESENTATION_CONTEXT(2) 
PARAMETRIC_REPRESENTATION_CONTEXT() REPRESENTATION_CONTEXT('2D SPACE',''
  ) );
#12717 = PCURVE('',#12548,#12718);
#12718 = DEFINITIONAL_REPRESENTATION('',(#12719),#12723);
#12719 = LINE('',#12720,#12721);
#12720 = CARTESIAN_POINT('',(0.582001953125,2.187001953125));
#12721 = VECTOR('',#12722,1.);
#12722 = DIRECTION('',(0.,-1.));
#12723 = ( GEOMETRIC_REPRESENTATION_CONTEXT(2) 
PARAMETRIC_REPRESENTATION_CONTEXT() REPRESENTATION_CONTEXT('2D SPACE',''
  ) );
#12724 = ORIENTED_EDGE('',*,*,#12582,.T.);
#12725 = ORIENTED_EDGE('',*,*,#6298,.F.);
#12726 = ORIENTED_EDGE('',*,*,#12678,.F.);
#12727 = ADVANCED_FACE('',(#12728),#6397,.F.);
#12728 = FACE_BOUND('',#12729,.T.);
#12729 = EDGE_LOOP('',(#12730,#12763,#12784,#12785));
#12730 = ORIENTED_EDGE('',*,*,#12731,.T.);
#12731 = EDGE_CURVE('',#12732,#12732,#12734,.T.);
#12732 = VERTEX_POINT('',#12733);
#12733 = CARTESIAN_POINT('',(88.5,-24.5,31.));
#12734 = SURFACE_CURVE('',#12735,(#12740,#12747),.PCURVE_S1.);
#12735 = CIRCLE('',#12736,1.);
#12736 = AXIS2_PLACEMENT_3D('',#12737,#12738,#12739);
#12737 = CARTESIAN_POINT('',(87.5,-24.5,31.));
#12738 = DIRECTION('',(0.,0.,-1.));
#12739 = DIRECTION('',(1.,0.,0.));
#12740 = PCURVE('',#6397,#12741);
#12741 = DEFINITIONAL_REPRESENTATION('',(#12742),#12746);
#12742 = LINE('',#12743,#12744);
#12743 = CARTESIAN_POINT('',(-6.28318530718,-1.));
#12744 = VECTOR('',#12745,1.);
#12745 = DIRECTION('',(1.,-0.));
#12746 = ( GEOMETRIC_REPRESENTATION_CONTEXT(2) 
PARAMETRIC_REPRESENTATION_CONTEXT() REPRESENTATION_CONTEXT('2D SPACE',''
  ) );
#12747 = PCURVE('',#12748,#12753);
#12748 = PLANE('',#12749);
#12749 = AXIS2_PLACEMENT_3D('',#12750,#12751,#12752);
#12750 = CARTESIAN_POINT('',(87.5,-24.5,31.));
#12751 = DIRECTION('',(0.,0.,1.));
#12752 = DIRECTION('',(1.,0.,-0.));
#12753 = DEFINITIONAL_REPRESENTATION('',(#12754),#12762);
#12754 = ( BOUNDED_CURVE() B_SPLINE_CURVE(2,(#12755,#12756,#12757,#12758
    ,#12759,#12760,#12761),.UNSPECIFIED.,.T.,.F.) 
B_SPLINE_CURVE_WITH_KNOTS((1,2,2,2,2,1),(-2.094395102393,0.,
    2.094395102393,4.188790204786,6.28318530718,8.377580409573),
.UNSPECIFIED.) CURVE() GEOMETRIC_REPRESENTATION_ITEM() 
RATIONAL_B_SPLINE_CURVE((1.,0.5,1.,0.5,1.,0.5,1.)) REPRESENTATION_ITEM(
  '') );
#12755 = CARTESIAN_POINT('',(1.,0.));
#12756 = CARTESIAN_POINT('',(1.,-1.732050807569));
#12757 = CARTESIAN_POINT('',(-0.5,-0.866025403784));
#12758 = CARTESIAN_POINT('',(-2.,-2.449293598295E-16));
#12759 = CARTESIAN_POINT('',(-0.5,0.866025403784));
#12760 = CARTESIAN_POINT('',(1.,1.732050807569));
#12761 = CARTESIAN_POINT('',(1.,0.));
#12762 = ( GEOMETRIC_REPRESENTATION_CONTEXT(2) 
PARAMETRIC_REPRESENTATION_CONTEXT() REPRESENTATION_CONTEXT('2D SPACE',''
  ) );
#12763 = ORIENTED_EDGE('',*,*,#12764,.T.);
#12764 = EDGE_CURVE('',#12732,#6377,#12765,.T.);
#12765 = SEAM_CURVE('',#12766,(#12770,#12777),.PCURVE_S1.);
#12766 = LINE('',#12767,#12768);
#12767 = CARTESIAN_POINT('',(88.5,-24.5,30.));
#12768 = VECTOR('',#12769,1.);
#12769 = DIRECTION('',(0.,0.,1.));
#12770 = PCURVE('',#6397,#12771);
#12771 = DEFINITIONAL_REPRESENTATION('',(#12772),#12776);
#12772 = LINE('',#12773,#12774);
#12773 = CARTESIAN_POINT('',(-6.28318530718,0.));
#12774 = VECTOR('',#12775,1.);
#12775 = DIRECTION('',(-0.,-1.));
#12776 = ( GEOMETRIC_REPRESENTATION_CONTEXT(2) 
PARAMETRIC_REPRESENTATION_CONTEXT() REPRESENTATION_CONTEXT('2D SPACE',''
  ) );
#12777 = PCURVE('',#6397,#12778);
#12778 = DEFINITIONAL_REPRESENTATION('',(#12779),#12783);
#12779 = LINE('',#12780,#12781);
#12780 = CARTESIAN_POINT('',(-0.,0.));
#12781 = VECTOR('',#12782,1.);
#12782 = DIRECTION('',(-0.,-1.));
#12783 = ( GEOMETRIC_REPRESENTATION_CONTEXT(2) 
PARAMETRIC_REPRESENTATION_CONTEXT() REPRESENTATION_CONTEXT('2D SPACE',''
  ) );
#12784 = ORIENTED_EDGE('',*,*,#6376,.F.);
#12785 = ORIENTED_EDGE('',*,*,#12764,.F.);
#12786 = ADVANCED_FACE('',(#12787),#6428,.F.);
#12787 = FACE_BOUND('',#12788,.F.);
#12788 = EDGE_LOOP('',(#12789,#12819,#12840,#12841));
#12789 = ORIENTED_EDGE('',*,*,#12790,.F.);
#12790 = EDGE_CURVE('',#12791,#12793,#12795,.T.);
#12791 = VERTEX_POINT('',#12792);
#12792 = CARTESIAN_POINT('',(89.760498046875,-28.56299819946,32.9));
#12793 = VERTEX_POINT('',#12794);
#12794 = CARTESIAN_POINT('',(90.024501953125,-28.56299819946,32.9));
#12795 = SURFACE_CURVE('',#12796,(#12800,#12807),.PCURVE_S1.);
#12796 = LINE('',#12797,#12798);
#12797 = CARTESIAN_POINT('',(89.760498046875,-28.56299819946,32.9));
#12798 = VECTOR('',#12799,1.);
#12799 = DIRECTION('',(1.,0.,0.));
#12800 = PCURVE('',#6428,#12801);
#12801 = DEFINITIONAL_REPRESENTATION('',(#12802),#12806);
#12802 = LINE('',#12803,#12804);
#12803 = CARTESIAN_POINT('',(0.,0.));
#12804 = VECTOR('',#12805,1.);
#12805 = DIRECTION('',(1.,0.));
#12806 = ( GEOMETRIC_REPRESENTATION_CONTEXT(2) 
PARAMETRIC_REPRESENTATION_CONTEXT() REPRESENTATION_CONTEXT('2D SPACE',''
  ) );
#12807 = PCURVE('',#12808,#12813);
#12808 = PLANE('',#12809);
#12809 = AXIS2_PLACEMENT_3D('',#12810,#12811,#12812);
#12810 = CARTESIAN_POINT('',(88.074501953125,-30.75000015258,32.9));
#12811 = DIRECTION('',(0.,0.,1.));
#12812 = DIRECTION('',(1.,0.,0.));
#12813 = DEFINITIONAL_REPRESENTATION('',(#12814),#12818);
#12814 = LINE('',#12815,#12816);
#12815 = CARTESIAN_POINT('',(1.68599609375,2.187001953125));
#12816 = VECTOR('',#12817,1.);
#12817 = DIRECTION('',(1.,0.));
#12818 = ( GEOMETRIC_REPRESENTATION_CONTEXT(2) 
PARAMETRIC_REPRESENTATION_CONTEXT() REPRESENTATION_CONTEXT('2D SPACE',''
  ) );
#12819 = ORIENTED_EDGE('',*,*,#12820,.T.);
#12820 = EDGE_CURVE('',#12791,#6414,#12821,.T.);
#12821 = SURFACE_CURVE('',#12822,(#12826,#12833),.PCURVE_S1.);
#12822 = LINE('',#12823,#12824);
#12823 = CARTESIAN_POINT('',(89.760498046875,-28.56299819946,32.9));
#12824 = VECTOR('',#12825,1.);
#12825 = DIRECTION('',(0.,0.,1.));
#12826 = PCURVE('',#6428,#12827);
#12827 = DEFINITIONAL_REPRESENTATION('',(#12828),#12832);
#12828 = LINE('',#12829,#12830);
#12829 = CARTESIAN_POINT('',(0.,0.));
#12830 = VECTOR('',#12831,1.);
#12831 = DIRECTION('',(0.,-1.));
#12832 = ( GEOMETRIC_REPRESENTATION_CONTEXT(2) 
PARAMETRIC_REPRESENTATION_CONTEXT() REPRESENTATION_CONTEXT('2D SPACE',''
  ) );
#12833 = PCURVE('',#6660,#12834);
#12834 = DEFINITIONAL_REPRESENTATION('',(#12835),#12839);
#12835 = LINE('',#12836,#12837);
#12836 = CARTESIAN_POINT('',(1.787998046875,0.));
#12837 = VECTOR('',#12838,1.);
#12838 = DIRECTION('',(0.,-1.));
#12839 = ( GEOMETRIC_REPRESENTATION_CONTEXT(2) 
PARAMETRIC_REPRESENTATION_CONTEXT() REPRESENTATION_CONTEXT('2D SPACE',''
  ) );
#12840 = ORIENTED_EDGE('',*,*,#6411,.F.);
#12841 = ORIENTED_EDGE('',*,*,#12842,.F.);
#12842 = EDGE_CURVE('',#12793,#6412,#12843,.T.);
#12843 = SURFACE_CURVE('',#12844,(#12848,#12855),.PCURVE_S1.);
#12844 = LINE('',#12845,#12846);
#12845 = CARTESIAN_POINT('',(90.024501953125,-28.56299819946,32.9));
#12846 = VECTOR('',#12847,1.);
#12847 = DIRECTION('',(0.,0.,1.));
#12848 = PCURVE('',#6428,#12849);
#12849 = DEFINITIONAL_REPRESENTATION('',(#12850),#12854);
#12850 = LINE('',#12851,#12852);
#12851 = CARTESIAN_POINT('',(0.26400390625,0.));
#12852 = VECTOR('',#12853,1.);
#12853 = DIRECTION('',(0.,-1.));
#12854 = ( GEOMETRIC_REPRESENTATION_CONTEXT(2) 
PARAMETRIC_REPRESENTATION_CONTEXT() REPRESENTATION_CONTEXT('2D SPACE',''
  ) );
#12855 = PCURVE('',#6454,#12856);
#12856 = DEFINITIONAL_REPRESENTATION('',(#12857),#12861);
#12857 = LINE('',#12858,#12859);
#12858 = CARTESIAN_POINT('',(0.,0.));
#12859 = VECTOR('',#12860,1.);
#12860 = DIRECTION('',(0.,-1.));
#12861 = ( GEOMETRIC_REPRESENTATION_CONTEXT(2) 
PARAMETRIC_REPRESENTATION_CONTEXT() REPRESENTATION_CONTEXT('2D SPACE',''
  ) );
#12862 = ADVANCED_FACE('',(#12863),#6660,.F.);
#12863 = FACE_BOUND('',#12864,.F.);
#12864 = EDGE_LOOP('',(#12865,#12888,#12909,#12910));
#12865 = ORIENTED_EDGE('',*,*,#12866,.F.);
#12866 = EDGE_CURVE('',#12867,#12791,#12869,.T.);
#12867 = VERTEX_POINT('',#12868);
#12868 = CARTESIAN_POINT('',(89.760498046875,-30.35099624633,32.9));
#12869 = SURFACE_CURVE('',#12870,(#12874,#12881),.PCURVE_S1.);
#12870 = LINE('',#12871,#12872);
#12871 = CARTESIAN_POINT('',(89.760498046875,-30.35099624633,32.9));
#12872 = VECTOR('',#12873,1.);
#12873 = DIRECTION('',(0.,1.,0.));
#12874 = PCURVE('',#6660,#12875);
#12875 = DEFINITIONAL_REPRESENTATION('',(#12876),#12880);
#12876 = LINE('',#12877,#12878);
#12877 = CARTESIAN_POINT('',(0.,0.));
#12878 = VECTOR('',#12879,1.);
#12879 = DIRECTION('',(1.,0.));
#12880 = ( GEOMETRIC_REPRESENTATION_CONTEXT(2) 
PARAMETRIC_REPRESENTATION_CONTEXT() REPRESENTATION_CONTEXT('2D SPACE',''
  ) );
#12881 = PCURVE('',#12808,#12882);
#12882 = DEFINITIONAL_REPRESENTATION('',(#12883),#12887);
#12883 = LINE('',#12884,#12885);
#12884 = CARTESIAN_POINT('',(1.68599609375,0.39900390625));
#12885 = VECTOR('',#12886,1.);
#12886 = DIRECTION('',(0.,1.));
#12887 = ( GEOMETRIC_REPRESENTATION_CONTEXT(2) 
PARAMETRIC_REPRESENTATION_CONTEXT() REPRESENTATION_CONTEXT('2D SPACE',''
  ) );
#12888 = ORIENTED_EDGE('',*,*,#12889,.T.);
#12889 = EDGE_CURVE('',#12867,#6622,#12890,.T.);
#12890 = SURFACE_CURVE('',#12891,(#12895,#12902),.PCURVE_S1.);
#12891 = LINE('',#12892,#12893);
#12892 = CARTESIAN_POINT('',(89.760498046875,-30.35099624633,32.9));
#12893 = VECTOR('',#12894,1.);
#12894 = DIRECTION('',(0.,0.,1.));
#12895 = PCURVE('',#6660,#12896);
#12896 = DEFINITIONAL_REPRESENTATION('',(#12897),#12901);
#12897 = LINE('',#12898,#12899);
#12898 = CARTESIAN_POINT('',(0.,0.));
#12899 = VECTOR('',#12900,1.);
#12900 = DIRECTION('',(0.,-1.));
#12901 = ( GEOMETRIC_REPRESENTATION_CONTEXT(2) 
PARAMETRIC_REPRESENTATION_CONTEXT() REPRESENTATION_CONTEXT('2D SPACE',''
  ) );
#12902 = PCURVE('',#6636,#12903);
#12903 = DEFINITIONAL_REPRESENTATION('',(#12904),#12908);
#12904 = LINE('',#12905,#12906);
#12905 = CARTESIAN_POINT('',(2.122117233046,0.));
#12906 = VECTOR('',#12907,1.);
#12907 = DIRECTION('',(0.,-1.));
#12908 = ( GEOMETRIC_REPRESENTATION_CONTEXT(2) 
PARAMETRIC_REPRESENTATION_CONTEXT() REPRESENTATION_CONTEXT('2D SPACE',''
  ) );
#12909 = ORIENTED_EDGE('',*,*,#6647,.F.);
#12910 = ORIENTED_EDGE('',*,*,#12820,.F.);
#12911 = ADVANCED_FACE('',(#12912),#6636,.F.);
#12912 = FACE_BOUND('',#12913,.F.);
#12913 = EDGE_LOOP('',(#12914,#12937,#12958,#12959));
#12914 = ORIENTED_EDGE('',*,*,#12915,.F.);
#12915 = EDGE_CURVE('',#12916,#12867,#12918,.T.);
#12916 = VERTEX_POINT('',#12917);
#12917 = CARTESIAN_POINT('',(88.6175,-28.56299819946,32.9));
#12918 = SURFACE_CURVE('',#12919,(#12923,#12930),.PCURVE_S1.);
#12919 = LINE('',#12920,#12921);
#12920 = CARTESIAN_POINT('',(88.6175,-28.56299819946,32.9));
#12921 = VECTOR('',#12922,1.);
#12922 = DIRECTION('',(0.538612112977,-0.842553850952,0.));
#12923 = PCURVE('',#6636,#12924);
#12924 = DEFINITIONAL_REPRESENTATION('',(#12925),#12929);
#12925 = LINE('',#12926,#12927);
#12926 = CARTESIAN_POINT('',(-5.986705182809E-15,0.));
#12927 = VECTOR('',#12928,1.);
#12928 = DIRECTION('',(1.,0.));
#12929 = ( GEOMETRIC_REPRESENTATION_CONTEXT(2) 
PARAMETRIC_REPRESENTATION_CONTEXT() REPRESENTATION_CONTEXT('2D SPACE',''
  ) );
#12930 = PCURVE('',#12808,#12931);
#12931 = DEFINITIONAL_REPRESENTATION('',(#12932),#12936);
#12932 = LINE('',#12933,#12934);
#12933 = CARTESIAN_POINT('',(0.542998046875,2.187001953125));
#12934 = VECTOR('',#12935,1.);
#12935 = DIRECTION('',(0.538612112977,-0.842553850952));
#12936 = ( GEOMETRIC_REPRESENTATION_CONTEXT(2) 
PARAMETRIC_REPRESENTATION_CONTEXT() REPRESENTATION_CONTEXT('2D SPACE',''
  ) );
#12937 = ORIENTED_EDGE('',*,*,#12938,.T.);
#12938 = EDGE_CURVE('',#12916,#6596,#12939,.T.);
#12939 = SURFACE_CURVE('',#12940,(#12944,#12951),.PCURVE_S1.);
#12940 = LINE('',#12941,#12942);
#12941 = CARTESIAN_POINT('',(88.6175,-28.56299819946,32.9));
#12942 = VECTOR('',#12943,1.);
#12943 = DIRECTION('',(0.,0.,1.));
#12944 = PCURVE('',#6636,#12945);
#12945 = DEFINITIONAL_REPRESENTATION('',(#12946),#12950);
#12946 = LINE('',#12947,#12948);
#12947 = CARTESIAN_POINT('',(0.,0.));
#12948 = VECTOR('',#12949,1.);
#12949 = DIRECTION('',(0.,-1.));
#12950 = ( GEOMETRIC_REPRESENTATION_CONTEXT(2) 
PARAMETRIC_REPRESENTATION_CONTEXT() REPRESENTATION_CONTEXT('2D SPACE',''
  ) );
#12951 = PCURVE('',#6610,#12952);
#12952 = DEFINITIONAL_REPRESENTATION('',(#12953),#12957);
#12953 = LINE('',#12954,#12955);
#12954 = CARTESIAN_POINT('',(0.302998046875,0.));
#12955 = VECTOR('',#12956,1.);
#12956 = DIRECTION('',(0.,-1.));
#12957 = ( GEOMETRIC_REPRESENTATION_CONTEXT(2) 
PARAMETRIC_REPRESENTATION_CONTEXT() REPRESENTATION_CONTEXT('2D SPACE',''
  ) );
#12958 = ORIENTED_EDGE('',*,*,#6621,.F.);
#12959 = ORIENTED_EDGE('',*,*,#12889,.F.);
#12960 = ADVANCED_FACE('',(#12961),#6610,.F.);
#12961 = FACE_BOUND('',#12962,.F.);
#12962 = EDGE_LOOP('',(#12963,#12986,#13007,#13008));
#12963 = ORIENTED_EDGE('',*,*,#12964,.F.);
#12964 = EDGE_CURVE('',#12965,#12916,#12967,.T.);
#12965 = VERTEX_POINT('',#12966);
#12966 = CARTESIAN_POINT('',(88.314501953125,-28.56299819946,32.9));
#12967 = SURFACE_CURVE('',#12968,(#12972,#12979),.PCURVE_S1.);
#12968 = LINE('',#12969,#12970);
#12969 = CARTESIAN_POINT('',(88.314501953125,-28.56299819946,32.9));
#12970 = VECTOR('',#12971,1.);
#12971 = DIRECTION('',(1.,0.,0.));
#12972 = PCURVE('',#6610,#12973);
#12973 = DEFINITIONAL_REPRESENTATION('',(#12974),#12978);
#12974 = LINE('',#12975,#12976);
#12975 = CARTESIAN_POINT('',(-1.42108547152E-14,0.));
#12976 = VECTOR('',#12977,1.);
#12977 = DIRECTION('',(1.,0.));
#12978 = ( GEOMETRIC_REPRESENTATION_CONTEXT(2) 
PARAMETRIC_REPRESENTATION_CONTEXT() REPRESENTATION_CONTEXT('2D SPACE',''
  ) );
#12979 = PCURVE('',#12808,#12980);
#12980 = DEFINITIONAL_REPRESENTATION('',(#12981),#12985);
#12981 = LINE('',#12982,#12983);
#12982 = CARTESIAN_POINT('',(0.24,2.187001953125));
#12983 = VECTOR('',#12984,1.);
#12984 = DIRECTION('',(1.,0.));
#12985 = ( GEOMETRIC_REPRESENTATION_CONTEXT(2) 
PARAMETRIC_REPRESENTATION_CONTEXT() REPRESENTATION_CONTEXT('2D SPACE',''
  ) );
#12986 = ORIENTED_EDGE('',*,*,#12987,.T.);
#12987 = EDGE_CURVE('',#12965,#6570,#12988,.T.);
#12988 = SURFACE_CURVE('',#12989,(#12993,#13000),.PCURVE_S1.);
#12989 = LINE('',#12990,#12991);
#12990 = CARTESIAN_POINT('',(88.314501953125,-28.56299819946,32.9));
#12991 = VECTOR('',#12992,1.);
#12992 = DIRECTION('',(0.,0.,1.));
#12993 = PCURVE('',#6610,#12994);
#12994 = DEFINITIONAL_REPRESENTATION('',(#12995),#12999);
#12995 = LINE('',#12996,#12997);
#12996 = CARTESIAN_POINT('',(0.,0.));
#12997 = VECTOR('',#12998,1.);
#12998 = DIRECTION('',(0.,-1.));
#12999 = ( GEOMETRIC_REPRESENTATION_CONTEXT(2) 
PARAMETRIC_REPRESENTATION_CONTEXT() REPRESENTATION_CONTEXT('2D SPACE',''
  ) );
#13000 = PCURVE('',#6584,#13001);
#13001 = DEFINITIONAL_REPRESENTATION('',(#13002),#13006);
#13002 = LINE('',#13003,#13004);
#13003 = CARTESIAN_POINT('',(2.187001953125,0.));
#13004 = VECTOR('',#13005,1.);
#13005 = DIRECTION('',(0.,-1.));
#13006 = ( GEOMETRIC_REPRESENTATION_CONTEXT(2) 
PARAMETRIC_REPRESENTATION_CONTEXT() REPRESENTATION_CONTEXT('2D SPACE',''
  ) );
#13007 = ORIENTED_EDGE('',*,*,#6595,.F.);
#13008 = ORIENTED_EDGE('',*,*,#12938,.F.);
#13009 = ADVANCED_FACE('',(#13010),#6584,.F.);
#13010 = FACE_BOUND('',#13011,.F.);
#13011 = EDGE_LOOP('',(#13012,#13035,#13056,#13057));
#13012 = ORIENTED_EDGE('',*,*,#13013,.F.);
#13013 = EDGE_CURVE('',#13014,#12965,#13016,.T.);
#13014 = VERTEX_POINT('',#13015);
#13015 = CARTESIAN_POINT('',(88.314501953125,-30.75000015258,32.9));
#13016 = SURFACE_CURVE('',#13017,(#13021,#13028),.PCURVE_S1.);
#13017 = LINE('',#13018,#13019);
#13018 = CARTESIAN_POINT('',(88.314501953125,-30.75000015258,32.9));
#13019 = VECTOR('',#13020,1.);
#13020 = DIRECTION('',(0.,1.,0.));
#13021 = PCURVE('',#6584,#13022);
#13022 = DEFINITIONAL_REPRESENTATION('',(#13023),#13027);
#13023 = LINE('',#13024,#13025);
#13024 = CARTESIAN_POINT('',(0.,0.));
#13025 = VECTOR('',#13026,1.);
#13026 = DIRECTION('',(1.,0.));
#13027 = ( GEOMETRIC_REPRESENTATION_CONTEXT(2) 
PARAMETRIC_REPRESENTATION_CONTEXT() REPRESENTATION_CONTEXT('2D SPACE',''
  ) );
#13028 = PCURVE('',#12808,#13029);
#13029 = DEFINITIONAL_REPRESENTATION('',(#13030),#13034);
#13030 = LINE('',#13031,#13032);
#13031 = CARTESIAN_POINT('',(0.24,0.));
#13032 = VECTOR('',#13033,1.);
#13033 = DIRECTION('',(0.,1.));
#13034 = ( GEOMETRIC_REPRESENTATION_CONTEXT(2) 
PARAMETRIC_REPRESENTATION_CONTEXT() REPRESENTATION_CONTEXT('2D SPACE',''
  ) );
#13035 = ORIENTED_EDGE('',*,*,#13036,.T.);
#13036 = EDGE_CURVE('',#13014,#6544,#13037,.T.);
#13037 = SURFACE_CURVE('',#13038,(#13042,#13049),.PCURVE_S1.);
#13038 = LINE('',#13039,#13040);
#13039 = CARTESIAN_POINT('',(88.314501953125,-30.75000015258,32.9));
#13040 = VECTOR('',#13041,1.);
#13041 = DIRECTION('',(0.,0.,1.));
#13042 = PCURVE('',#6584,#13043);
#13043 = DEFINITIONAL_REPRESENTATION('',(#13044),#13048);
#13044 = LINE('',#13045,#13046);
#13045 = CARTESIAN_POINT('',(0.,0.));
#13046 = VECTOR('',#13047,1.);
#13047 = DIRECTION('',(0.,-1.));
#13048 = ( GEOMETRIC_REPRESENTATION_CONTEXT(2) 
PARAMETRIC_REPRESENTATION_CONTEXT() REPRESENTATION_CONTEXT('2D SPACE',''
  ) );
#13049 = PCURVE('',#6558,#13050);
#13050 = DEFINITIONAL_REPRESENTATION('',(#13051),#13055);
#13051 = LINE('',#13052,#13053);
#13052 = CARTESIAN_POINT('',(0.26400390625,0.));
#13053 = VECTOR('',#13054,1.);
#13054 = DIRECTION('',(0.,-1.));
#13055 = ( GEOMETRIC_REPRESENTATION_CONTEXT(2) 
PARAMETRIC_REPRESENTATION_CONTEXT() REPRESENTATION_CONTEXT('2D SPACE',''
  ) );
#13056 = ORIENTED_EDGE('',*,*,#6569,.F.);
#13057 = ORIENTED_EDGE('',*,*,#12987,.F.);
#13058 = ADVANCED_FACE('',(#13059),#6558,.F.);
#13059 = FACE_BOUND('',#13060,.F.);
#13060 = EDGE_LOOP('',(#13061,#13084,#13105,#13106));
#13061 = ORIENTED_EDGE('',*,*,#13062,.F.);
#13062 = EDGE_CURVE('',#13063,#13014,#13065,.T.);
#13063 = VERTEX_POINT('',#13064);
#13064 = CARTESIAN_POINT('',(88.578505859375,-30.75000015258,32.9));
#13065 = SURFACE_CURVE('',#13066,(#13070,#13077),.PCURVE_S1.);
#13066 = LINE('',#13067,#13068);
#13067 = CARTESIAN_POINT('',(88.578505859375,-30.75000015258,32.9));
#13068 = VECTOR('',#13069,1.);
#13069 = DIRECTION('',(-1.,0.,0.));
#13070 = PCURVE('',#6558,#13071);
#13071 = DEFINITIONAL_REPRESENTATION('',(#13072),#13076);
#13072 = LINE('',#13073,#13074);
#13073 = CARTESIAN_POINT('',(0.,-0.));
#13074 = VECTOR('',#13075,1.);
#13075 = DIRECTION('',(1.,0.));
#13076 = ( GEOMETRIC_REPRESENTATION_CONTEXT(2) 
PARAMETRIC_REPRESENTATION_CONTEXT() REPRESENTATION_CONTEXT('2D SPACE',''
  ) );
#13077 = PCURVE('',#12808,#13078);
#13078 = DEFINITIONAL_REPRESENTATION('',(#13079),#13083);
#13079 = LINE('',#13080,#13081);
#13080 = CARTESIAN_POINT('',(0.50400390625,0.));
#13081 = VECTOR('',#13082,1.);
#13082 = DIRECTION('',(-1.,0.));
#13083 = ( GEOMETRIC_REPRESENTATION_CONTEXT(2) 
PARAMETRIC_REPRESENTATION_CONTEXT() REPRESENTATION_CONTEXT('2D SPACE',''
  ) );
#13084 = ORIENTED_EDGE('',*,*,#13085,.T.);
#13085 = EDGE_CURVE('',#13063,#6518,#13086,.T.);
#13086 = SURFACE_CURVE('',#13087,(#13091,#13098),.PCURVE_S1.);
#13087 = LINE('',#13088,#13089);
#13088 = CARTESIAN_POINT('',(88.578505859375,-30.75000015258,32.9));
#13089 = VECTOR('',#13090,1.);
#13090 = DIRECTION('',(0.,0.,1.));
#13091 = PCURVE('',#6558,#13092);
#13092 = DEFINITIONAL_REPRESENTATION('',(#13093),#13097);
#13093 = LINE('',#13094,#13095);
#13094 = CARTESIAN_POINT('',(0.,-0.));
#13095 = VECTOR('',#13096,1.);
#13096 = DIRECTION('',(0.,-1.));
#13097 = ( GEOMETRIC_REPRESENTATION_CONTEXT(2) 
PARAMETRIC_REPRESENTATION_CONTEXT() REPRESENTATION_CONTEXT('2D SPACE',''
  ) );
#13098 = PCURVE('',#6532,#13099);
#13099 = DEFINITIONAL_REPRESENTATION('',(#13100),#13104);
#13100 = LINE('',#13101,#13102);
#13101 = CARTESIAN_POINT('',(1.772998046875,0.));
#13102 = VECTOR('',#13103,1.);
#13103 = DIRECTION('',(0.,-1.));
#13104 = ( GEOMETRIC_REPRESENTATION_CONTEXT(2) 
PARAMETRIC_REPRESENTATION_CONTEXT() REPRESENTATION_CONTEXT('2D SPACE',''
  ) );
#13105 = ORIENTED_EDGE('',*,*,#6543,.F.);
#13106 = ORIENTED_EDGE('',*,*,#13036,.F.);
#13107 = ADVANCED_FACE('',(#13108),#6532,.F.);
#13108 = FACE_BOUND('',#13109,.F.);
#13109 = EDGE_LOOP('',(#13110,#13133,#13154,#13155));
#13110 = ORIENTED_EDGE('',*,*,#13111,.F.);
#13111 = EDGE_CURVE('',#13112,#13063,#13114,.T.);
#13112 = VERTEX_POINT('',#13113);
#13113 = CARTESIAN_POINT('',(88.578505859375,-28.97700210571,32.9));
#13114 = SURFACE_CURVE('',#13115,(#13119,#13126),.PCURVE_S1.);
#13115 = LINE('',#13116,#13117);
#13116 = CARTESIAN_POINT('',(88.578505859375,-28.97700210571,32.9));
#13117 = VECTOR('',#13118,1.);
#13118 = DIRECTION('',(0.,-1.,0.));
#13119 = PCURVE('',#6532,#13120);
#13120 = DEFINITIONAL_REPRESENTATION('',(#13121),#13125);
#13121 = LINE('',#13122,#13123);
#13122 = CARTESIAN_POINT('',(0.,0.));
#13123 = VECTOR('',#13124,1.);
#13124 = DIRECTION('',(1.,0.));
#13125 = ( GEOMETRIC_REPRESENTATION_CONTEXT(2) 
PARAMETRIC_REPRESENTATION_CONTEXT() REPRESENTATION_CONTEXT('2D SPACE',''
  ) );
#13126 = PCURVE('',#12808,#13127);
#13127 = DEFINITIONAL_REPRESENTATION('',(#13128),#13132);
#13128 = LINE('',#13129,#13130);
#13129 = CARTESIAN_POINT('',(0.50400390625,1.772998046875));
#13130 = VECTOR('',#13131,1.);
#13131 = DIRECTION('',(0.,-1.));
#13132 = ( GEOMETRIC_REPRESENTATION_CONTEXT(2) 
PARAMETRIC_REPRESENTATION_CONTEXT() REPRESENTATION_CONTEXT('2D SPACE',''
  ) );
#13133 = ORIENTED_EDGE('',*,*,#13134,.T.);
#13134 = EDGE_CURVE('',#13112,#6492,#13135,.T.);
#13135 = SURFACE_CURVE('',#13136,(#13140,#13147),.PCURVE_S1.);
#13136 = LINE('',#13137,#13138);
#13137 = CARTESIAN_POINT('',(88.578505859375,-28.97700210571,32.9));
#13138 = VECTOR('',#13139,1.);
#13139 = DIRECTION('',(0.,0.,1.));
#13140 = PCURVE('',#6532,#13141);
#13141 = DEFINITIONAL_REPRESENTATION('',(#13142),#13146);
#13142 = LINE('',#13143,#13144);
#13143 = CARTESIAN_POINT('',(0.,0.));
#13144 = VECTOR('',#13145,1.);
#13145 = DIRECTION('',(0.,-1.));
#13146 = ( GEOMETRIC_REPRESENTATION_CONTEXT(2) 
PARAMETRIC_REPRESENTATION_CONTEXT() REPRESENTATION_CONTEXT('2D SPACE',''
  ) );
#13147 = PCURVE('',#6506,#13148);
#13148 = DEFINITIONAL_REPRESENTATION('',(#13149),#13153);
#13149 = LINE('',#13150,#13151);
#13150 = CARTESIAN_POINT('',(2.103015510713,0.));
#13151 = VECTOR('',#13152,1.);
#13152 = DIRECTION('',(0.,-1.));
#13153 = ( GEOMETRIC_REPRESENTATION_CONTEXT(2) 
PARAMETRIC_REPRESENTATION_CONTEXT() REPRESENTATION_CONTEXT('2D SPACE',''
  ) );
#13154 = ORIENTED_EDGE('',*,*,#6517,.F.);
#13155 = ORIENTED_EDGE('',*,*,#13085,.F.);
#13156 = ADVANCED_FACE('',(#13157),#6506,.F.);
#13157 = FACE_BOUND('',#13158,.F.);
#13158 = EDGE_LOOP('',(#13159,#13182,#13203,#13204));
#13159 = ORIENTED_EDGE('',*,*,#13160,.F.);
#13160 = EDGE_CURVE('',#13161,#13112,#13163,.T.);
#13161 = VERTEX_POINT('',#13162);
#13162 = CARTESIAN_POINT('',(89.709501953125,-30.75000015258,32.9));
#13163 = SURFACE_CURVE('',#13164,(#13168,#13175),.PCURVE_S1.);
#13164 = LINE('',#13165,#13166);
#13165 = CARTESIAN_POINT('',(89.709501953125,-30.75000015258,32.9));
#13166 = VECTOR('',#13167,1.);
#13167 = DIRECTION('',(-0.537797314375,0.84307416557,0.));
#13168 = PCURVE('',#6506,#13169);
#13169 = DEFINITIONAL_REPRESENTATION('',(#13170),#13174);
#13170 = LINE('',#13171,#13172);
#13171 = CARTESIAN_POINT('',(0.,0.));
#13172 = VECTOR('',#13173,1.);
#13173 = DIRECTION('',(1.,0.));
#13174 = ( GEOMETRIC_REPRESENTATION_CONTEXT(2) 
PARAMETRIC_REPRESENTATION_CONTEXT() REPRESENTATION_CONTEXT('2D SPACE',''
  ) );
#13175 = PCURVE('',#12808,#13176);
#13176 = DEFINITIONAL_REPRESENTATION('',(#13177),#13181);
#13177 = LINE('',#13178,#13179);
#13178 = CARTESIAN_POINT('',(1.635,0.));
#13179 = VECTOR('',#13180,1.);
#13180 = DIRECTION('',(-0.537797314375,0.84307416557));
#13181 = ( GEOMETRIC_REPRESENTATION_CONTEXT(2) 
PARAMETRIC_REPRESENTATION_CONTEXT() REPRESENTATION_CONTEXT('2D SPACE',''
  ) );
#13182 = ORIENTED_EDGE('',*,*,#13183,.T.);
#13183 = EDGE_CURVE('',#13161,#6466,#13184,.T.);
#13184 = SURFACE_CURVE('',#13185,(#13189,#13196),.PCURVE_S1.);
#13185 = LINE('',#13186,#13187);
#13186 = CARTESIAN_POINT('',(89.709501953125,-30.75000015258,32.9));
#13187 = VECTOR('',#13188,1.);
#13188 = DIRECTION('',(0.,0.,1.));
#13189 = PCURVE('',#6506,#13190);
#13190 = DEFINITIONAL_REPRESENTATION('',(#13191),#13195);
#13191 = LINE('',#13192,#13193);
#13192 = CARTESIAN_POINT('',(0.,0.));
#13193 = VECTOR('',#13194,1.);
#13194 = DIRECTION('',(0.,-1.));
#13195 = ( GEOMETRIC_REPRESENTATION_CONTEXT(2) 
PARAMETRIC_REPRESENTATION_CONTEXT() REPRESENTATION_CONTEXT('2D SPACE',''
  ) );
#13196 = PCURVE('',#6480,#13197);
#13197 = DEFINITIONAL_REPRESENTATION('',(#13198),#13202);
#13198 = LINE('',#13199,#13200);
#13199 = CARTESIAN_POINT('',(0.315,0.));
#13200 = VECTOR('',#13201,1.);
#13201 = DIRECTION('',(0.,-1.));
#13202 = ( GEOMETRIC_REPRESENTATION_CONTEXT(2) 
PARAMETRIC_REPRESENTATION_CONTEXT() REPRESENTATION_CONTEXT('2D SPACE',''
  ) );
#13203 = ORIENTED_EDGE('',*,*,#6491,.F.);
#13204 = ORIENTED_EDGE('',*,*,#13134,.F.);
#13205 = ADVANCED_FACE('',(#13206),#6480,.F.);
#13206 = FACE_BOUND('',#13207,.F.);
#13207 = EDGE_LOOP('',(#13208,#13231,#13252,#13253));
#13208 = ORIENTED_EDGE('',*,*,#13209,.F.);
#13209 = EDGE_CURVE('',#13210,#13161,#13212,.T.);
#13210 = VERTEX_POINT('',#13211);
#13211 = CARTESIAN_POINT('',(90.024501953125,-30.75000015258,32.9));
#13212 = SURFACE_CURVE('',#13213,(#13217,#13224),.PCURVE_S1.);
#13213 = LINE('',#13214,#13215);
#13214 = CARTESIAN_POINT('',(90.024501953125,-30.75000015258,32.9));
#13215 = VECTOR('',#13216,1.);
#13216 = DIRECTION('',(-1.,0.,0.));
#13217 = PCURVE('',#6480,#13218);
#13218 = DEFINITIONAL_REPRESENTATION('',(#13219),#13223);
#13219 = LINE('',#13220,#13221);
#13220 = CARTESIAN_POINT('',(0.,-0.));
#13221 = VECTOR('',#13222,1.);
#13222 = DIRECTION('',(1.,0.));
#13223 = ( GEOMETRIC_REPRESENTATION_CONTEXT(2) 
PARAMETRIC_REPRESENTATION_CONTEXT() REPRESENTATION_CONTEXT('2D SPACE',''
  ) );
#13224 = PCURVE('',#12808,#13225);
#13225 = DEFINITIONAL_REPRESENTATION('',(#13226),#13230);
#13226 = LINE('',#13227,#13228);
#13227 = CARTESIAN_POINT('',(1.95,0.));
#13228 = VECTOR('',#13229,1.);
#13229 = DIRECTION('',(-1.,0.));
#13230 = ( GEOMETRIC_REPRESENTATION_CONTEXT(2) 
PARAMETRIC_REPRESENTATION_CONTEXT() REPRESENTATION_CONTEXT('2D SPACE',''
  ) );
#13231 = ORIENTED_EDGE('',*,*,#13232,.T.);
#13232 = EDGE_CURVE('',#13210,#6440,#13233,.T.);
#13233 = SURFACE_CURVE('',#13234,(#13238,#13245),.PCURVE_S1.);
#13234 = LINE('',#13235,#13236);
#13235 = CARTESIAN_POINT('',(90.024501953125,-30.75000015258,32.9));
#13236 = VECTOR('',#13237,1.);
#13237 = DIRECTION('',(0.,0.,1.));
#13238 = PCURVE('',#6480,#13239);
#13239 = DEFINITIONAL_REPRESENTATION('',(#13240),#13244);
#13240 = LINE('',#13241,#13242);
#13241 = CARTESIAN_POINT('',(0.,-0.));
#13242 = VECTOR('',#13243,1.);
#13243 = DIRECTION('',(0.,-1.));
#13244 = ( GEOMETRIC_REPRESENTATION_CONTEXT(2) 
PARAMETRIC_REPRESENTATION_CONTEXT() REPRESENTATION_CONTEXT('2D SPACE',''
  ) );
#13245 = PCURVE('',#6454,#13246);
#13246 = DEFINITIONAL_REPRESENTATION('',(#13247),#13251);
#13247 = LINE('',#13248,#13249);
#13248 = CARTESIAN_POINT('',(2.187001953125,0.));
#13249 = VECTOR('',#13250,1.);
#13250 = DIRECTION('',(0.,-1.));
#13251 = ( GEOMETRIC_REPRESENTATION_CONTEXT(2) 
PARAMETRIC_REPRESENTATION_CONTEXT() REPRESENTATION_CONTEXT('2D SPACE',''
  ) );
#13252 = ORIENTED_EDGE('',*,*,#6465,.F.);
#13253 = ORIENTED_EDGE('',*,*,#13183,.F.);
#13254 = ADVANCED_FACE('',(#13255),#6454,.F.);
#13255 = FACE_BOUND('',#13256,.F.);
#13256 = EDGE_LOOP('',(#13257,#13278,#13279,#13280));
#13257 = ORIENTED_EDGE('',*,*,#13258,.F.);
#13258 = EDGE_CURVE('',#12793,#13210,#13259,.T.);
#13259 = SURFACE_CURVE('',#13260,(#13264,#13271),.PCURVE_S1.);
#13260 = LINE('',#13261,#13262);
#13261 = CARTESIAN_POINT('',(90.024501953125,-28.56299819946,32.9));
#13262 = VECTOR('',#13263,1.);
#13263 = DIRECTION('',(0.,-1.,0.));
#13264 = PCURVE('',#6454,#13265);
#13265 = DEFINITIONAL_REPRESENTATION('',(#13266),#13270);
#13266 = LINE('',#13267,#13268);
#13267 = CARTESIAN_POINT('',(0.,0.));
#13268 = VECTOR('',#13269,1.);
#13269 = DIRECTION('',(1.,0.));
#13270 = ( GEOMETRIC_REPRESENTATION_CONTEXT(2) 
PARAMETRIC_REPRESENTATION_CONTEXT() REPRESENTATION_CONTEXT('2D SPACE',''
  ) );
#13271 = PCURVE('',#12808,#13272);
#13272 = DEFINITIONAL_REPRESENTATION('',(#13273),#13277);
#13273 = LINE('',#13274,#13275);
#13274 = CARTESIAN_POINT('',(1.95,2.187001953125));
#13275 = VECTOR('',#13276,1.);
#13276 = DIRECTION('',(0.,-1.));
#13277 = ( GEOMETRIC_REPRESENTATION_CONTEXT(2) 
PARAMETRIC_REPRESENTATION_CONTEXT() REPRESENTATION_CONTEXT('2D SPACE',''
  ) );
#13278 = ORIENTED_EDGE('',*,*,#12842,.T.);
#13279 = ORIENTED_EDGE('',*,*,#6439,.F.);
#13280 = ORIENTED_EDGE('',*,*,#13232,.F.);
#13281 = ADVANCED_FACE('',(#13282),#6690,.F.);
#13282 = FACE_BOUND('',#13283,.F.);
#13283 = EDGE_LOOP('',(#13284,#13314,#13335,#13336));
#13284 = ORIENTED_EDGE('',*,*,#13285,.F.);
#13285 = EDGE_CURVE('',#13286,#13288,#13290,.T.);
#13286 = VERTEX_POINT('',#13287);
#13287 = CARTESIAN_POINT('',(92.040498046875,-28.80900405883,32.9));
#13288 = VERTEX_POINT('',#13289);
#13289 = CARTESIAN_POINT('',(91.323505859375,-28.80900405883,32.9));
#13290 = SURFACE_CURVE('',#13291,(#13295,#13302),.PCURVE_S1.);
#13291 = LINE('',#13292,#13293);
#13292 = CARTESIAN_POINT('',(92.040498046875,-28.80900405883,32.9));
#13293 = VECTOR('',#13294,1.);
#13294 = DIRECTION('',(-1.,0.,0.));
#13295 = PCURVE('',#6690,#13296);
#13296 = DEFINITIONAL_REPRESENTATION('',(#13297),#13301);
#13297 = LINE('',#13298,#13299);
#13298 = CARTESIAN_POINT('',(0.,-0.));
#13299 = VECTOR('',#13300,1.);
#13300 = DIRECTION('',(1.,0.));
#13301 = ( GEOMETRIC_REPRESENTATION_CONTEXT(2) 
PARAMETRIC_REPRESENTATION_CONTEXT() REPRESENTATION_CONTEXT('2D SPACE',''
  ) );
#13302 = PCURVE('',#13303,#13308);
#13303 = PLANE('',#13304);
#13304 = AXIS2_PLACEMENT_3D('',#13305,#13306,#13307);
#13305 = CARTESIAN_POINT('',(90.234501953125,-30.75000015258,32.9));
#13306 = DIRECTION('',(0.,0.,1.));
#13307 = DIRECTION('',(1.,0.,0.));
#13308 = DEFINITIONAL_REPRESENTATION('',(#13309),#13313);
#13309 = LINE('',#13310,#13311);
#13310 = CARTESIAN_POINT('',(1.80599609375,1.94099609375));
#13311 = VECTOR('',#13312,1.);
#13312 = DIRECTION('',(-1.,0.));
#13313 = ( GEOMETRIC_REPRESENTATION_CONTEXT(2) 
PARAMETRIC_REPRESENTATION_CONTEXT() REPRESENTATION_CONTEXT('2D SPACE',''
  ) );
#13314 = ORIENTED_EDGE('',*,*,#13315,.T.);
#13315 = EDGE_CURVE('',#13286,#6676,#13316,.T.);
#13316 = SURFACE_CURVE('',#13317,(#13321,#13328),.PCURVE_S1.);
#13317 = LINE('',#13318,#13319);
#13318 = CARTESIAN_POINT('',(92.040498046875,-28.80900405883,32.9));
#13319 = VECTOR('',#13320,1.);
#13320 = DIRECTION('',(0.,0.,1.));
#13321 = PCURVE('',#6690,#13322);
#13322 = DEFINITIONAL_REPRESENTATION('',(#13323),#13327);
#13323 = LINE('',#13324,#13325);
#13324 = CARTESIAN_POINT('',(0.,-0.));
#13325 = VECTOR('',#13326,1.);
#13326 = DIRECTION('',(0.,-1.));
#13327 = ( GEOMETRIC_REPRESENTATION_CONTEXT(2) 
PARAMETRIC_REPRESENTATION_CONTEXT() REPRESENTATION_CONTEXT('2D SPACE',''
  ) );
#13328 = PCURVE('',#6870,#13329);
#13329 = DEFINITIONAL_REPRESENTATION('',(#13330),#13334);
#13330 = LINE('',#13331,#13332);
#13331 = CARTESIAN_POINT('',(0.246005859375,0.));
#13332 = VECTOR('',#13333,1.);
#13333 = DIRECTION('',(0.,-1.));
#13334 = ( GEOMETRIC_REPRESENTATION_CONTEXT(2) 
PARAMETRIC_REPRESENTATION_CONTEXT() REPRESENTATION_CONTEXT('2D SPACE',''
  ) );
#13335 = ORIENTED_EDGE('',*,*,#6673,.F.);
#13336 = ORIENTED_EDGE('',*,*,#13337,.F.);
#13337 = EDGE_CURVE('',#13288,#6674,#13338,.T.);
#13338 = SURFACE_CURVE('',#13339,(#13343,#13350),.PCURVE_S1.);
#13339 = LINE('',#13340,#13341);
#13340 = CARTESIAN_POINT('',(91.323505859375,-28.80900405883,32.9));
#13341 = VECTOR('',#13342,1.);
#13342 = DIRECTION('',(0.,0.,1.));
#13343 = PCURVE('',#6690,#13344);
#13344 = DEFINITIONAL_REPRESENTATION('',(#13345),#13349);
#13345 = LINE('',#13346,#13347);
#13346 = CARTESIAN_POINT('',(0.7169921875,0.));
#13347 = VECTOR('',#13348,1.);
#13348 = DIRECTION('',(0.,-1.));
#13349 = ( GEOMETRIC_REPRESENTATION_CONTEXT(2) 
PARAMETRIC_REPRESENTATION_CONTEXT() REPRESENTATION_CONTEXT('2D SPACE',''
  ) );
#13350 = PCURVE('',#6716,#13351);
#13351 = DEFINITIONAL_REPRESENTATION('',(#13352),#13356);
#13352 = LINE('',#13353,#13354);
#13353 = CARTESIAN_POINT('',(0.,0.));
#13354 = VECTOR('',#13355,1.);
#13355 = DIRECTION('',(0.,-1.));
#13356 = ( GEOMETRIC_REPRESENTATION_CONTEXT(2) 
PARAMETRIC_REPRESENTATION_CONTEXT() REPRESENTATION_CONTEXT('2D SPACE',''
  ) );
#13357 = ADVANCED_FACE('',(#13358),#6870,.F.);
#13358 = FACE_BOUND('',#13359,.F.);
#13359 = EDGE_LOOP('',(#13360,#13383,#13404,#13405));
#13360 = ORIENTED_EDGE('',*,*,#13361,.F.);
#13361 = EDGE_CURVE('',#13362,#13286,#13364,.T.);
#13362 = VERTEX_POINT('',#13363);
#13363 = CARTESIAN_POINT('',(92.040498046875,-28.56299819946,32.9));
#13364 = SURFACE_CURVE('',#13365,(#13369,#13376),.PCURVE_S1.);
#13365 = LINE('',#13366,#13367);
#13366 = CARTESIAN_POINT('',(92.040498046875,-28.56299819946,32.9));
#13367 = VECTOR('',#13368,1.);
#13368 = DIRECTION('',(0.,-1.,0.));
#13369 = PCURVE('',#6870,#13370);
#13370 = DEFINITIONAL_REPRESENTATION('',(#13371),#13375);
#13371 = LINE('',#13372,#13373);
#13372 = CARTESIAN_POINT('',(0.,0.));
#13373 = VECTOR('',#13374,1.);
#13374 = DIRECTION('',(1.,0.));
#13375 = ( GEOMETRIC_REPRESENTATION_CONTEXT(2) 
PARAMETRIC_REPRESENTATION_CONTEXT() REPRESENTATION_CONTEXT('2D SPACE',''
  ) );
#13376 = PCURVE('',#13303,#13377);
#13377 = DEFINITIONAL_REPRESENTATION('',(#13378),#13382);
#13378 = LINE('',#13379,#13380);
#13379 = CARTESIAN_POINT('',(1.80599609375,2.187001953125));
#13380 = VECTOR('',#13381,1.);
#13381 = DIRECTION('',(0.,-1.));
#13382 = ( GEOMETRIC_REPRESENTATION_CONTEXT(2) 
PARAMETRIC_REPRESENTATION_CONTEXT() REPRESENTATION_CONTEXT('2D SPACE',''
  ) );
#13383 = ORIENTED_EDGE('',*,*,#13384,.T.);
#13384 = EDGE_CURVE('',#13362,#6832,#13385,.T.);
#13385 = SURFACE_CURVE('',#13386,(#13390,#13397),.PCURVE_S1.);
#13386 = LINE('',#13387,#13388);
#13387 = CARTESIAN_POINT('',(92.040498046875,-28.56299819946,32.9));
#13388 = VECTOR('',#13389,1.);
#13389 = DIRECTION('',(0.,0.,1.));
#13390 = PCURVE('',#6870,#13391);
#13391 = DEFINITIONAL_REPRESENTATION('',(#13392),#13396);
#13392 = LINE('',#13393,#13394);
#13393 = CARTESIAN_POINT('',(0.,0.));
#13394 = VECTOR('',#13395,1.);
#13395 = DIRECTION('',(0.,-1.));
#13396 = ( GEOMETRIC_REPRESENTATION_CONTEXT(2) 
PARAMETRIC_REPRESENTATION_CONTEXT() REPRESENTATION_CONTEXT('2D SPACE',''
  ) );
#13397 = PCURVE('',#6846,#13398);
#13398 = DEFINITIONAL_REPRESENTATION('',(#13399),#13403);
#13399 = LINE('',#13400,#13401);
#13400 = CARTESIAN_POINT('',(1.71599609375,0.));
#13401 = VECTOR('',#13402,1.);
#13402 = DIRECTION('',(0.,-1.));
#13403 = ( GEOMETRIC_REPRESENTATION_CONTEXT(2) 
PARAMETRIC_REPRESENTATION_CONTEXT() REPRESENTATION_CONTEXT('2D SPACE',''
  ) );
#13404 = ORIENTED_EDGE('',*,*,#6857,.F.);
#13405 = ORIENTED_EDGE('',*,*,#13315,.F.);
#13406 = ADVANCED_FACE('',(#13407),#6846,.F.);
#13407 = FACE_BOUND('',#13408,.F.);
#13408 = EDGE_LOOP('',(#13409,#13432,#13453,#13454));
#13409 = ORIENTED_EDGE('',*,*,#13410,.F.);
#13410 = EDGE_CURVE('',#13411,#13362,#13413,.T.);
#13411 = VERTEX_POINT('',#13412);
#13412 = CARTESIAN_POINT('',(90.324501953125,-28.56299819946,32.9));
#13413 = SURFACE_CURVE('',#13414,(#13418,#13425),.PCURVE_S1.);
#13414 = LINE('',#13415,#13416);
#13415 = CARTESIAN_POINT('',(90.324501953125,-28.56299819946,32.9));
#13416 = VECTOR('',#13417,1.);
#13417 = DIRECTION('',(1.,0.,0.));
#13418 = PCURVE('',#6846,#13419);
#13419 = DEFINITIONAL_REPRESENTATION('',(#13420),#13424);
#13420 = LINE('',#13421,#13422);
#13421 = CARTESIAN_POINT('',(1.42108547152E-14,0.));
#13422 = VECTOR('',#13423,1.);
#13423 = DIRECTION('',(1.,0.));
#13424 = ( GEOMETRIC_REPRESENTATION_CONTEXT(2) 
PARAMETRIC_REPRESENTATION_CONTEXT() REPRESENTATION_CONTEXT('2D SPACE',''
  ) );
#13425 = PCURVE('',#13303,#13426);
#13426 = DEFINITIONAL_REPRESENTATION('',(#13427),#13431);
#13427 = LINE('',#13428,#13429);
#13428 = CARTESIAN_POINT('',(9.E-02,2.187001953125));
#13429 = VECTOR('',#13430,1.);
#13430 = DIRECTION('',(1.,0.));
#13431 = ( GEOMETRIC_REPRESENTATION_CONTEXT(2) 
PARAMETRIC_REPRESENTATION_CONTEXT() REPRESENTATION_CONTEXT('2D SPACE',''
  ) );
#13432 = ORIENTED_EDGE('',*,*,#13433,.T.);
#13433 = EDGE_CURVE('',#13411,#6806,#13434,.T.);
#13434 = SURFACE_CURVE('',#13435,(#13439,#13446),.PCURVE_S1.);
#13435 = LINE('',#13436,#13437);
#13436 = CARTESIAN_POINT('',(90.324501953125,-28.56299819946,32.9));
#13437 = VECTOR('',#13438,1.);
#13438 = DIRECTION('',(0.,0.,1.));
#13439 = PCURVE('',#6846,#13440);
#13440 = DEFINITIONAL_REPRESENTATION('',(#13441),#13445);
#13441 = LINE('',#13442,#13443);
#13442 = CARTESIAN_POINT('',(0.,0.));
#13443 = VECTOR('',#13444,1.);
#13444 = DIRECTION('',(0.,-1.));
#13445 = ( GEOMETRIC_REPRESENTATION_CONTEXT(2) 
PARAMETRIC_REPRESENTATION_CONTEXT() REPRESENTATION_CONTEXT('2D SPACE',''
  ) );
#13446 = PCURVE('',#6820,#13447);
#13447 = DEFINITIONAL_REPRESENTATION('',(#13448),#13452);
#13448 = LINE('',#13449,#13450);
#13449 = CARTESIAN_POINT('',(0.246005859375,0.));
#13450 = VECTOR('',#13451,1.);
#13451 = DIRECTION('',(0.,-1.));
#13452 = ( GEOMETRIC_REPRESENTATION_CONTEXT(2) 
PARAMETRIC_REPRESENTATION_CONTEXT() REPRESENTATION_CONTEXT('2D SPACE',''
  ) );
#13453 = ORIENTED_EDGE('',*,*,#6831,.F.);
#13454 = ORIENTED_EDGE('',*,*,#13384,.F.);
#13455 = ADVANCED_FACE('',(#13456),#6820,.F.);
#13456 = FACE_BOUND('',#13457,.F.);
#13457 = EDGE_LOOP('',(#13458,#13481,#13502,#13503));
#13458 = ORIENTED_EDGE('',*,*,#13459,.F.);
#13459 = EDGE_CURVE('',#13460,#13411,#13462,.T.);
#13460 = VERTEX_POINT('',#13461);
#13461 = CARTESIAN_POINT('',(90.324501953125,-28.80900405883,32.9));
#13462 = SURFACE_CURVE('',#13463,(#13467,#13474),.PCURVE_S1.);
#13463 = LINE('',#13464,#13465);
#13464 = CARTESIAN_POINT('',(90.324501953125,-28.80900405883,32.9));
#13465 = VECTOR('',#13466,1.);
#13466 = DIRECTION('',(0.,1.,0.));
#13467 = PCURVE('',#6820,#13468);
#13468 = DEFINITIONAL_REPRESENTATION('',(#13469),#13473);
#13469 = LINE('',#13470,#13471);
#13470 = CARTESIAN_POINT('',(0.,0.));
#13471 = VECTOR('',#13472,1.);
#13472 = DIRECTION('',(1.,0.));
#13473 = ( GEOMETRIC_REPRESENTATION_CONTEXT(2) 
PARAMETRIC_REPRESENTATION_CONTEXT() REPRESENTATION_CONTEXT('2D SPACE',''
  ) );
#13474 = PCURVE('',#13303,#13475);
#13475 = DEFINITIONAL_REPRESENTATION('',(#13476),#13480);
#13476 = LINE('',#13477,#13478);
#13477 = CARTESIAN_POINT('',(9.E-02,1.94099609375));
#13478 = VECTOR('',#13479,1.);
#13479 = DIRECTION('',(0.,1.));
#13480 = ( GEOMETRIC_REPRESENTATION_CONTEXT(2) 
PARAMETRIC_REPRESENTATION_CONTEXT() REPRESENTATION_CONTEXT('2D SPACE',''
  ) );
#13481 = ORIENTED_EDGE('',*,*,#13482,.T.);
#13482 = EDGE_CURVE('',#13460,#6780,#13483,.T.);
#13483 = SURFACE_CURVE('',#13484,(#13488,#13495),.PCURVE_S1.);
#13484 = LINE('',#13485,#13486);
#13485 = CARTESIAN_POINT('',(90.324501953125,-28.80900405883,32.9));
#13486 = VECTOR('',#13487,1.);
#13487 = DIRECTION('',(0.,0.,1.));
#13488 = PCURVE('',#6820,#13489);
#13489 = DEFINITIONAL_REPRESENTATION('',(#13490),#13494);
#13490 = LINE('',#13491,#13492);
#13491 = CARTESIAN_POINT('',(0.,0.));
#13492 = VECTOR('',#13493,1.);
#13493 = DIRECTION('',(0.,-1.));
#13494 = ( GEOMETRIC_REPRESENTATION_CONTEXT(2) 
PARAMETRIC_REPRESENTATION_CONTEXT() REPRESENTATION_CONTEXT('2D SPACE',''
  ) );
#13495 = PCURVE('',#6794,#13496);
#13496 = DEFINITIONAL_REPRESENTATION('',(#13497),#13501);
#13497 = LINE('',#13498,#13499);
#13498 = CARTESIAN_POINT('',(0.72,0.));
#13499 = VECTOR('',#13500,1.);
#13500 = DIRECTION('',(0.,-1.));
#13501 = ( GEOMETRIC_REPRESENTATION_CONTEXT(2) 
PARAMETRIC_REPRESENTATION_CONTEXT() REPRESENTATION_CONTEXT('2D SPACE',''
  ) );
#13502 = ORIENTED_EDGE('',*,*,#6805,.F.);
#13503 = ORIENTED_EDGE('',*,*,#13433,.F.);
#13504 = ADVANCED_FACE('',(#13505),#6794,.F.);
#13505 = FACE_BOUND('',#13506,.F.);
#13506 = EDGE_LOOP('',(#13507,#13530,#13551,#13552));
#13507 = ORIENTED_EDGE('',*,*,#13508,.F.);
#13508 = EDGE_CURVE('',#13509,#13460,#13511,.T.);
#13509 = VERTEX_POINT('',#13510);
#13510 = CARTESIAN_POINT('',(91.044501953125,-28.80900405883,32.9));
#13511 = SURFACE_CURVE('',#13512,(#13516,#13523),.PCURVE_S1.);
#13512 = LINE('',#13513,#13514);
#13513 = CARTESIAN_POINT('',(91.044501953125,-28.80900405883,32.9));
#13514 = VECTOR('',#13515,1.);
#13515 = DIRECTION('',(-1.,0.,0.));
#13516 = PCURVE('',#6794,#13517);
#13517 = DEFINITIONAL_REPRESENTATION('',(#13518),#13522);
#13518 = LINE('',#13519,#13520);
#13519 = CARTESIAN_POINT('',(0.,-0.));
#13520 = VECTOR('',#13521,1.);
#13521 = DIRECTION('',(1.,0.));
#13522 = ( GEOMETRIC_REPRESENTATION_CONTEXT(2) 
PARAMETRIC_REPRESENTATION_CONTEXT() REPRESENTATION_CONTEXT('2D SPACE',''
  ) );
#13523 = PCURVE('',#13303,#13524);
#13524 = DEFINITIONAL_REPRESENTATION('',(#13525),#13529);
#13525 = LINE('',#13526,#13527);
#13526 = CARTESIAN_POINT('',(0.81,1.94099609375));
#13527 = VECTOR('',#13528,1.);
#13528 = DIRECTION('',(-1.,0.));
#13529 = ( GEOMETRIC_REPRESENTATION_CONTEXT(2) 
PARAMETRIC_REPRESENTATION_CONTEXT() REPRESENTATION_CONTEXT('2D SPACE',''
  ) );
#13530 = ORIENTED_EDGE('',*,*,#13531,.T.);
#13531 = EDGE_CURVE('',#13509,#6754,#13532,.T.);
#13532 = SURFACE_CURVE('',#13533,(#13537,#13544),.PCURVE_S1.);
#13533 = LINE('',#13534,#13535);
#13534 = CARTESIAN_POINT('',(91.044501953125,-28.80900405883,32.9));
#13535 = VECTOR('',#13536,1.);
#13536 = DIRECTION('',(0.,0.,1.));
#13537 = PCURVE('',#6794,#13538);
#13538 = DEFINITIONAL_REPRESENTATION('',(#13539),#13543);
#13539 = LINE('',#13540,#13541);
#13540 = CARTESIAN_POINT('',(0.,-0.));
#13541 = VECTOR('',#13542,1.);
#13542 = DIRECTION('',(0.,-1.));
#13543 = ( GEOMETRIC_REPRESENTATION_CONTEXT(2) 
PARAMETRIC_REPRESENTATION_CONTEXT() REPRESENTATION_CONTEXT('2D SPACE',''
  ) );
#13544 = PCURVE('',#6768,#13545);
#13545 = DEFINITIONAL_REPRESENTATION('',(#13546),#13550);
#13546 = LINE('',#13547,#13548);
#13547 = CARTESIAN_POINT('',(1.94099609375,0.));
#13548 = VECTOR('',#13549,1.);
#13549 = DIRECTION('',(0.,-1.));
#13550 = ( GEOMETRIC_REPRESENTATION_CONTEXT(2) 
PARAMETRIC_REPRESENTATION_CONTEXT() REPRESENTATION_CONTEXT('2D SPACE',''
  ) );
#13551 = ORIENTED_EDGE('',*,*,#6779,.F.);
#13552 = ORIENTED_EDGE('',*,*,#13482,.F.);
#13553 = ADVANCED_FACE('',(#13554),#6768,.F.);
#13554 = FACE_BOUND('',#13555,.F.);
#13555 = EDGE_LOOP('',(#13556,#13579,#13600,#13601));
#13556 = ORIENTED_EDGE('',*,*,#13557,.F.);
#13557 = EDGE_CURVE('',#13558,#13509,#13560,.T.);
#13558 = VERTEX_POINT('',#13559);
#13559 = CARTESIAN_POINT('',(91.044501953125,-30.75000015258,32.9));
#13560 = SURFACE_CURVE('',#13561,(#13565,#13572),.PCURVE_S1.);
#13561 = LINE('',#13562,#13563);
#13562 = CARTESIAN_POINT('',(91.044501953125,-30.75000015258,32.9));
#13563 = VECTOR('',#13564,1.);
#13564 = DIRECTION('',(0.,1.,0.));
#13565 = PCURVE('',#6768,#13566);
#13566 = DEFINITIONAL_REPRESENTATION('',(#13567),#13571);
#13567 = LINE('',#13568,#13569);
#13568 = CARTESIAN_POINT('',(0.,0.));
#13569 = VECTOR('',#13570,1.);
#13570 = DIRECTION('',(1.,0.));
#13571 = ( GEOMETRIC_REPRESENTATION_CONTEXT(2) 
PARAMETRIC_REPRESENTATION_CONTEXT() REPRESENTATION_CONTEXT('2D SPACE',''
  ) );
#13572 = PCURVE('',#13303,#13573);
#13573 = DEFINITIONAL_REPRESENTATION('',(#13574),#13578);
#13574 = LINE('',#13575,#13576);
#13575 = CARTESIAN_POINT('',(0.81,0.));
#13576 = VECTOR('',#13577,1.);
#13577 = DIRECTION('',(0.,1.));
#13578 = ( GEOMETRIC_REPRESENTATION_CONTEXT(2) 
PARAMETRIC_REPRESENTATION_CONTEXT() REPRESENTATION_CONTEXT('2D SPACE',''
  ) );
#13579 = ORIENTED_EDGE('',*,*,#13580,.T.);
#13580 = EDGE_CURVE('',#13558,#6728,#13581,.T.);
#13581 = SURFACE_CURVE('',#13582,(#13586,#13593),.PCURVE_S1.);
#13582 = LINE('',#13583,#13584);
#13583 = CARTESIAN_POINT('',(91.044501953125,-30.75000015258,32.9));
#13584 = VECTOR('',#13585,1.);
#13585 = DIRECTION('',(0.,0.,1.));
#13586 = PCURVE('',#6768,#13587);
#13587 = DEFINITIONAL_REPRESENTATION('',(#13588),#13592);
#13588 = LINE('',#13589,#13590);
#13589 = CARTESIAN_POINT('',(0.,0.));
#13590 = VECTOR('',#13591,1.);
#13591 = DIRECTION('',(0.,-1.));
#13592 = ( GEOMETRIC_REPRESENTATION_CONTEXT(2) 
PARAMETRIC_REPRESENTATION_CONTEXT() REPRESENTATION_CONTEXT('2D SPACE',''
  ) );
#13593 = PCURVE('',#6742,#13594);
#13594 = DEFINITIONAL_REPRESENTATION('',(#13595),#13599);
#13595 = LINE('',#13596,#13597);
#13596 = CARTESIAN_POINT('',(0.27900390625,0.));
#13597 = VECTOR('',#13598,1.);
#13598 = DIRECTION('',(0.,-1.));
#13599 = ( GEOMETRIC_REPRESENTATION_CONTEXT(2) 
PARAMETRIC_REPRESENTATION_CONTEXT() REPRESENTATION_CONTEXT('2D SPACE',''
  ) );
#13600 = ORIENTED_EDGE('',*,*,#6753,.F.);
#13601 = ORIENTED_EDGE('',*,*,#13531,.F.);
#13602 = ADVANCED_FACE('',(#13603),#6742,.F.);
#13603 = FACE_BOUND('',#13604,.F.);
#13604 = EDGE_LOOP('',(#13605,#13628,#13649,#13650));
#13605 = ORIENTED_EDGE('',*,*,#13606,.F.);
#13606 = EDGE_CURVE('',#13607,#13558,#13609,.T.);
#13607 = VERTEX_POINT('',#13608);
#13608 = CARTESIAN_POINT('',(91.323505859375,-30.75000015258,32.9));
#13609 = SURFACE_CURVE('',#13610,(#13614,#13621),.PCURVE_S1.);
#13610 = LINE('',#13611,#13612);
#13611 = CARTESIAN_POINT('',(91.323505859375,-30.75000015258,32.9));
#13612 = VECTOR('',#13613,1.);
#13613 = DIRECTION('',(-1.,0.,0.));
#13614 = PCURVE('',#6742,#13615);
#13615 = DEFINITIONAL_REPRESENTATION('',(#13616),#13620);
#13616 = LINE('',#13617,#13618);
#13617 = CARTESIAN_POINT('',(0.,-0.));
#13618 = VECTOR('',#13619,1.);
#13619 = DIRECTION('',(1.,0.));
#13620 = ( GEOMETRIC_REPRESENTATION_CONTEXT(2) 
PARAMETRIC_REPRESENTATION_CONTEXT() REPRESENTATION_CONTEXT('2D SPACE',''
  ) );
#13621 = PCURVE('',#13303,#13622);
#13622 = DEFINITIONAL_REPRESENTATION('',(#13623),#13627);
#13623 = LINE('',#13624,#13625);
#13624 = CARTESIAN_POINT('',(1.08900390625,0.));
#13625 = VECTOR('',#13626,1.);
#13626 = DIRECTION('',(-1.,0.));
#13627 = ( GEOMETRIC_REPRESENTATION_CONTEXT(2) 
PARAMETRIC_REPRESENTATION_CONTEXT() REPRESENTATION_CONTEXT('2D SPACE',''
  ) );
#13628 = ORIENTED_EDGE('',*,*,#13629,.T.);
#13629 = EDGE_CURVE('',#13607,#6702,#13630,.T.);
#13630 = SURFACE_CURVE('',#13631,(#13635,#13642),.PCURVE_S1.);
#13631 = LINE('',#13632,#13633);
#13632 = CARTESIAN_POINT('',(91.323505859375,-30.75000015258,32.9));
#13633 = VECTOR('',#13634,1.);
#13634 = DIRECTION('',(0.,0.,1.));
#13635 = PCURVE('',#6742,#13636);
#13636 = DEFINITIONAL_REPRESENTATION('',(#13637),#13641);
#13637 = LINE('',#13638,#13639);
#13638 = CARTESIAN_POINT('',(0.,-0.));
#13639 = VECTOR('',#13640,1.);
#13640 = DIRECTION('',(0.,-1.));
#13641 = ( GEOMETRIC_REPRESENTATION_CONTEXT(2) 
PARAMETRIC_REPRESENTATION_CONTEXT() REPRESENTATION_CONTEXT('2D SPACE',''
  ) );
#13642 = PCURVE('',#6716,#13643);
#13643 = DEFINITIONAL_REPRESENTATION('',(#13644),#13648);
#13644 = LINE('',#13645,#13646);
#13645 = CARTESIAN_POINT('',(1.94099609375,0.));
#13646 = VECTOR('',#13647,1.);
#13647 = DIRECTION('',(0.,-1.));
#13648 = ( GEOMETRIC_REPRESENTATION_CONTEXT(2) 
PARAMETRIC_REPRESENTATION_CONTEXT() REPRESENTATION_CONTEXT('2D SPACE',''
  ) );
#13649 = ORIENTED_EDGE('',*,*,#6727,.F.);
#13650 = ORIENTED_EDGE('',*,*,#13580,.F.);
#13651 = ADVANCED_FACE('',(#13652),#6716,.F.);
#13652 = FACE_BOUND('',#13653,.F.);
#13653 = EDGE_LOOP('',(#13654,#13675,#13676,#13677));
#13654 = ORIENTED_EDGE('',*,*,#13655,.F.);
#13655 = EDGE_CURVE('',#13288,#13607,#13656,.T.);
#13656 = SURFACE_CURVE('',#13657,(#13661,#13668),.PCURVE_S1.);
#13657 = LINE('',#13658,#13659);
#13658 = CARTESIAN_POINT('',(91.323505859375,-28.80900405883,32.9));
#13659 = VECTOR('',#13660,1.);
#13660 = DIRECTION('',(0.,-1.,0.));
#13661 = PCURVE('',#6716,#13662);
#13662 = DEFINITIONAL_REPRESENTATION('',(#13663),#13667);
#13663 = LINE('',#13664,#13665);
#13664 = CARTESIAN_POINT('',(0.,0.));
#13665 = VECTOR('',#13666,1.);
#13666 = DIRECTION('',(1.,0.));
#13667 = ( GEOMETRIC_REPRESENTATION_CONTEXT(2) 
PARAMETRIC_REPRESENTATION_CONTEXT() REPRESENTATION_CONTEXT('2D SPACE',''
  ) );
#13668 = PCURVE('',#13303,#13669);
#13669 = DEFINITIONAL_REPRESENTATION('',(#13670),#13674);
#13670 = LINE('',#13671,#13672);
#13671 = CARTESIAN_POINT('',(1.08900390625,1.94099609375));
#13672 = VECTOR('',#13673,1.);
#13673 = DIRECTION('',(0.,-1.));
#13674 = ( GEOMETRIC_REPRESENTATION_CONTEXT(2) 
PARAMETRIC_REPRESENTATION_CONTEXT() REPRESENTATION_CONTEXT('2D SPACE',''
  ) );
#13675 = ORIENTED_EDGE('',*,*,#13337,.T.);
#13676 = ORIENTED_EDGE('',*,*,#6701,.F.);
#13677 = ORIENTED_EDGE('',*,*,#13629,.F.);
#13678 = ADVANCED_FACE('',(#13679),#6904,.F.);
#13679 = FACE_BOUND('',#13680,.T.);
#13680 = EDGE_LOOP('',(#13681,#13682,#13703,#13704));
#13681 = ORIENTED_EDGE('',*,*,#7009,.F.);
#13682 = ORIENTED_EDGE('',*,*,#13683,.T.);
#13683 = EDGE_CURVE('',#7010,#6884,#13684,.T.);
#13684 = SEAM_CURVE('',#13685,(#13689,#13696),.PCURVE_S1.);
#13685 = LINE('',#13686,#13687);
#13686 = CARTESIAN_POINT('',(61.1,16.,32.3));
#13687 = VECTOR('',#13688,1.);
#13688 = DIRECTION('',(0.,0.,1.));
#13689 = PCURVE('',#6904,#13690);
#13690 = DEFINITIONAL_REPRESENTATION('',(#13691),#13695);
#13691 = LINE('',#13692,#13693);
#13692 = CARTESIAN_POINT('',(-6.28318530718,0.));
#13693 = VECTOR('',#13694,1.);
#13694 = DIRECTION('',(-0.,-1.));
#13695 = ( GEOMETRIC_REPRESENTATION_CONTEXT(2) 
PARAMETRIC_REPRESENTATION_CONTEXT() REPRESENTATION_CONTEXT('2D SPACE',''
  ) );
#13696 = PCURVE('',#6904,#13697);
#13697 = DEFINITIONAL_REPRESENTATION('',(#13698),#13702);
#13698 = LINE('',#13699,#13700);
#13699 = CARTESIAN_POINT('',(-0.,0.));
#13700 = VECTOR('',#13701,1.);
#13701 = DIRECTION('',(-0.,-1.));
#13702 = ( GEOMETRIC_REPRESENTATION_CONTEXT(2) 
PARAMETRIC_REPRESENTATION_CONTEXT() REPRESENTATION_CONTEXT('2D SPACE',''
  ) );
#13703 = ORIENTED_EDGE('',*,*,#6883,.F.);
#13704 = ORIENTED_EDGE('',*,*,#13683,.F.);
#13705 = ADVANCED_FACE('',(#13706),#7063,.F.);
#13706 = FACE_BOUND('',#13707,.T.);
#13707 = EDGE_LOOP('',(#13708,#13709,#13732,#13754));
#13708 = ORIENTED_EDGE('',*,*,#7042,.T.);
#13709 = ORIENTED_EDGE('',*,*,#13710,.T.);
#13710 = EDGE_CURVE('',#7043,#13711,#13713,.T.);
#13711 = VERTEX_POINT('',#13712);
#13712 = CARTESIAN_POINT('',(89.65,-24.5,31.));
#13713 = SEAM_CURVE('',#13714,(#13718,#13725),.PCURVE_S1.);
#13714 = LINE('',#13715,#13716);
#13715 = CARTESIAN_POINT('',(89.65,-24.5,21.));
#13716 = VECTOR('',#13717,1.);
#13717 = DIRECTION('',(0.,0.,1.));
#13718 = PCURVE('',#7063,#13719);
#13719 = DEFINITIONAL_REPRESENTATION('',(#13720),#13724);
#13720 = LINE('',#13721,#13722);
#13721 = CARTESIAN_POINT('',(-6.28318530718,0.));
#13722 = VECTOR('',#13723,1.);
#13723 = DIRECTION('',(-0.,-1.));
#13724 = ( GEOMETRIC_REPRESENTATION_CONTEXT(2) 
PARAMETRIC_REPRESENTATION_CONTEXT() REPRESENTATION_CONTEXT('2D SPACE',''
  ) );
#13725 = PCURVE('',#7063,#13726);
#13726 = DEFINITIONAL_REPRESENTATION('',(#13727),#13731);
#13727 = LINE('',#13728,#13729);
#13728 = CARTESIAN_POINT('',(-0.,0.));
#13729 = VECTOR('',#13730,1.);
#13730 = DIRECTION('',(-0.,-1.));
#13731 = ( GEOMETRIC_REPRESENTATION_CONTEXT(2) 
PARAMETRIC_REPRESENTATION_CONTEXT() REPRESENTATION_CONTEXT('2D SPACE',''
  ) );
#13732 = ORIENTED_EDGE('',*,*,#13733,.T.);
#13733 = EDGE_CURVE('',#13711,#13711,#13734,.T.);
#13734 = SURFACE_CURVE('',#13735,(#13740,#13747),.PCURVE_S1.);
#13735 = CIRCLE('',#13736,2.15);
#13736 = AXIS2_PLACEMENT_3D('',#13737,#13738,#13739);
#13737 = CARTESIAN_POINT('',(87.5,-24.5,31.));
#13738 = DIRECTION('',(0.,0.,1.));
#13739 = DIRECTION('',(1.,0.,0.));
#13740 = PCURVE('',#7063,#13741);
#13741 = DEFINITIONAL_REPRESENTATION('',(#13742),#13746);
#13742 = LINE('',#13743,#13744);
#13743 = CARTESIAN_POINT('',(-0.,-10.));
#13744 = VECTOR('',#13745,1.);
#13745 = DIRECTION('',(-1.,0.));
#13746 = ( GEOMETRIC_REPRESENTATION_CONTEXT(2) 
PARAMETRIC_REPRESENTATION_CONTEXT() REPRESENTATION_CONTEXT('2D SPACE',''
  ) );
#13747 = PCURVE('',#12748,#13748);
#13748 = DEFINITIONAL_REPRESENTATION('',(#13749),#13753);
#13749 = CIRCLE('',#13750,2.15);
#13750 = AXIS2_PLACEMENT_2D('',#13751,#13752);
#13751 = CARTESIAN_POINT('',(0.,0.));
#13752 = DIRECTION('',(1.,0.));
#13753 = ( GEOMETRIC_REPRESENTATION_CONTEXT(2) 
PARAMETRIC_REPRESENTATION_CONTEXT() REPRESENTATION_CONTEXT('2D SPACE',''
  ) );
#13754 = ORIENTED_EDGE('',*,*,#13710,.F.);
#13755 = ADVANCED_FACE('',(#13756),#7102,.F.);
#13756 = FACE_BOUND('',#13757,.T.);
#13757 = EDGE_LOOP('',(#13758,#13759,#13782,#13809));
#13758 = ORIENTED_EDGE('',*,*,#7081,.T.);
#13759 = ORIENTED_EDGE('',*,*,#13760,.T.);
#13760 = EDGE_CURVE('',#7082,#13761,#13763,.T.);
#13761 = VERTEX_POINT('',#13762);
#13762 = CARTESIAN_POINT('',(67.8,-4.5,30.5));
#13763 = SEAM_CURVE('',#13764,(#13768,#13775),.PCURVE_S1.);
#13764 = LINE('',#13765,#13766);
#13765 = CARTESIAN_POINT('',(67.8,-4.5,8.6));
#13766 = VECTOR('',#13767,1.);
#13767 = DIRECTION('',(0.,0.,1.));
#13768 = PCURVE('',#7102,#13769);
#13769 = DEFINITIONAL_REPRESENTATION('',(#13770),#13774);
#13770 = LINE('',#13771,#13772);
#13771 = CARTESIAN_POINT('',(-6.28318530718,0.));
#13772 = VECTOR('',#13773,1.);
#13773 = DIRECTION('',(-0.,-1.));
#13774 = ( GEOMETRIC_REPRESENTATION_CONTEXT(2) 
PARAMETRIC_REPRESENTATION_CONTEXT() REPRESENTATION_CONTEXT('2D SPACE',''
  ) );
#13775 = PCURVE('',#7102,#13776);
#13776 = DEFINITIONAL_REPRESENTATION('',(#13777),#13781);
#13777 = LINE('',#13778,#13779);
#13778 = CARTESIAN_POINT('',(-0.,0.));
#13779 = VECTOR('',#13780,1.);
#13780 = DIRECTION('',(-0.,-1.));
#13781 = ( GEOMETRIC_REPRESENTATION_CONTEXT(2) 
PARAMETRIC_REPRESENTATION_CONTEXT() REPRESENTATION_CONTEXT('2D SPACE',''
  ) );
#13782 = ORIENTED_EDGE('',*,*,#13783,.T.);
#13783 = EDGE_CURVE('',#13761,#13761,#13784,.T.);
#13784 = SURFACE_CURVE('',#13785,(#13790,#13797),.PCURVE_S1.);
#13785 = CIRCLE('',#13786,1.8);
#13786 = AXIS2_PLACEMENT_3D('',#13787,#13788,#13789);
#13787 = CARTESIAN_POINT('',(66.,-4.5,30.5));
#13788 = DIRECTION('',(0.,0.,1.));
#13789 = DIRECTION('',(1.,0.,0.));
#13790 = PCURVE('',#7102,#13791);
#13791 = DEFINITIONAL_REPRESENTATION('',(#13792),#13796);
#13792 = LINE('',#13793,#13794);
#13793 = CARTESIAN_POINT('',(-0.,-21.9));
#13794 = VECTOR('',#13795,1.);
#13795 = DIRECTION('',(-1.,0.));
#13796 = ( GEOMETRIC_REPRESENTATION_CONTEXT(2) 
PARAMETRIC_REPRESENTATION_CONTEXT() REPRESENTATION_CONTEXT('2D SPACE',''
  ) );
#13797 = PCURVE('',#13798,#13803);
#13798 = PLANE('',#13799);
#13799 = AXIS2_PLACEMENT_3D('',#13800,#13801,#13802);
#13800 = CARTESIAN_POINT('',(66.,-4.5,30.5));
#13801 = DIRECTION('',(0.,0.,1.));
#13802 = DIRECTION('',(1.,0.,-0.));
#13803 = DEFINITIONAL_REPRESENTATION('',(#13804),#13808);
#13804 = CIRCLE('',#13805,1.8);
#13805 = AXIS2_PLACEMENT_2D('',#13806,#13807);
#13806 = CARTESIAN_POINT('',(0.,0.));
#13807 = DIRECTION('',(1.,0.));
#13808 = ( GEOMETRIC_REPRESENTATION_CONTEXT(2) 
PARAMETRIC_REPRESENTATION_CONTEXT() REPRESENTATION_CONTEXT('2D SPACE',''
  ) );
#13809 = ORIENTED_EDGE('',*,*,#13760,.F.);
#13810 = ADVANCED_FACE('',(#13811,#13825),#7162,.T.);
#13811 = FACE_BOUND('',#13812,.F.);
#13812 = EDGE_LOOP('',(#13813,#13814,#13815,#13816,#13817,#13818,#13819,
    #13820,#13821,#13822,#13823,#13824));
#13813 = ORIENTED_EDGE('',*,*,#7144,.T.);
#13814 = ORIENTED_EDGE('',*,*,#7220,.T.);
#13815 = ORIENTED_EDGE('',*,*,#7318,.T.);
#13816 = ORIENTED_EDGE('',*,*,#7416,.T.);
#13817 = ORIENTED_EDGE('',*,*,#7514,.T.);
#13818 = ORIENTED_EDGE('',*,*,#7612,.T.);
#13819 = ORIENTED_EDGE('',*,*,#7710,.T.);
#13820 = ORIENTED_EDGE('',*,*,#7661,.T.);
#13821 = ORIENTED_EDGE('',*,*,#7563,.T.);
#13822 = ORIENTED_EDGE('',*,*,#7465,.T.);
#13823 = ORIENTED_EDGE('',*,*,#7367,.T.);
#13824 = ORIENTED_EDGE('',*,*,#7269,.T.);
#13825 = FACE_BOUND('',#13826,.F.);
#13826 = EDGE_LOOP('',(#13827,#13859,#13889,#13919,#13949,#13979,#14009,
    #14039));
#13827 = ORIENTED_EDGE('',*,*,#13828,.T.);
#13828 = EDGE_CURVE('',#13829,#13831,#13833,.T.);
#13829 = VERTEX_POINT('',#13830);
#13830 = CARTESIAN_POINT('',(68.339013671875,-42.73400421142,32.9));
#13831 = VERTEX_POINT('',#13832);
#13832 = CARTESIAN_POINT('',(67.67900390625,-43.07000030517,32.9));
#13833 = SURFACE_CURVE('',#13834,(#13838,#13845),.PCURVE_S1.);
#13834 = B_SPLINE_CURVE_WITH_KNOTS('',2,(#13835,#13836,#13837),
  .UNSPECIFIED.,.F.,.F.,(3,3),(0.,1.),.PIECEWISE_BEZIER_KNOTS.);
#13835 = CARTESIAN_POINT('',(68.339013671875,-42.73400421142,32.9));
#13836 = CARTESIAN_POINT('',(67.931005859375,-42.73400421142,32.9));
#13837 = CARTESIAN_POINT('',(67.67900390625,-43.07000030517,32.9));
#13838 = PCURVE('',#7162,#13839);
#13839 = DEFINITIONAL_REPRESENTATION('',(#13840),#13844);
#13840 = B_SPLINE_CURVE_WITH_KNOTS('',2,(#13841,#13842,#13843),
  .UNSPECIFIED.,.F.,.F.,(3,3),(0.,1.),.PIECEWISE_BEZIER_KNOTS.);
#13841 = CARTESIAN_POINT('',(1.61400390625,2.76599609375));
#13842 = CARTESIAN_POINT('',(1.20599609375,2.76599609375));
#13843 = CARTESIAN_POINT('',(0.953994140625,2.43));
#13844 = ( GEOMETRIC_REPRESENTATION_CONTEXT(2) 
PARAMETRIC_REPRESENTATION_CONTEXT() REPRESENTATION_CONTEXT('2D SPACE',''
  ) );
#13845 = PCURVE('',#13846,#13853);
#13846 = SURFACE_OF_LINEAR_EXTRUSION('',#13847,#13851);
#13847 = B_SPLINE_CURVE_WITH_KNOTS('',2,(#13848,#13849,#13850),
  .UNSPECIFIED.,.F.,.F.,(3,3),(0.,1.),.PIECEWISE_BEZIER_KNOTS.);
#13848 = CARTESIAN_POINT('',(68.339013671875,-42.73400421142,32.9));
#13849 = CARTESIAN_POINT('',(67.931005859375,-42.73400421142,32.9));
#13850 = CARTESIAN_POINT('',(67.67900390625,-43.07000030517,32.9));
#13851 = VECTOR('',#13852,1.);
#13852 = DIRECTION('',(-0.,-0.,-1.));
#13853 = DEFINITIONAL_REPRESENTATION('',(#13854),#13858);
#13854 = LINE('',#13855,#13856);
#13855 = CARTESIAN_POINT('',(0.,0.));
#13856 = VECTOR('',#13857,1.);
#13857 = DIRECTION('',(1.,0.));
#13858 = ( GEOMETRIC_REPRESENTATION_CONTEXT(2) 
PARAMETRIC_REPRESENTATION_CONTEXT() REPRESENTATION_CONTEXT('2D SPACE',''
  ) );
#13859 = ORIENTED_EDGE('',*,*,#13860,.T.);
#13860 = EDGE_CURVE('',#13831,#13861,#13863,.T.);
#13861 = VERTEX_POINT('',#13862);
#13862 = CARTESIAN_POINT('',(67.427001953125,-43.95199249267,32.9));
#13863 = SURFACE_CURVE('',#13864,(#13868,#13875),.PCURVE_S1.);
#13864 = B_SPLINE_CURVE_WITH_KNOTS('',2,(#13865,#13866,#13867),
  .UNSPECIFIED.,.F.,.F.,(3,3),(0.,1.),.PIECEWISE_BEZIER_KNOTS.);
#13865 = CARTESIAN_POINT('',(67.67900390625,-43.07000030517,32.9));
#13866 = CARTESIAN_POINT('',(67.427001953125,-43.40599639892,32.9));
#13867 = CARTESIAN_POINT('',(67.427001953125,-43.95199249267,32.9));
#13868 = PCURVE('',#7162,#13869);
#13869 = DEFINITIONAL_REPRESENTATION('',(#13870),#13874);
#13870 = B_SPLINE_CURVE_WITH_KNOTS('',2,(#13871,#13872,#13873),
  .UNSPECIFIED.,.F.,.F.,(3,3),(0.,1.),.PIECEWISE_BEZIER_KNOTS.);
#13871 = CARTESIAN_POINT('',(0.953994140625,2.43));
#13872 = CARTESIAN_POINT('',(0.7019921875,2.09400390625));
#13873 = CARTESIAN_POINT('',(0.7019921875,1.5480078125));
#13874 = ( GEOMETRIC_REPRESENTATION_CONTEXT(2) 
PARAMETRIC_REPRESENTATION_CONTEXT() REPRESENTATION_CONTEXT('2D SPACE',''
  ) );
#13875 = PCURVE('',#13876,#13883);
#13876 = SURFACE_OF_LINEAR_EXTRUSION('',#13877,#13881);
#13877 = B_SPLINE_CURVE_WITH_KNOTS('',2,(#13878,#13879,#13880),
  .UNSPECIFIED.,.F.,.F.,(3,3),(0.,1.),.PIECEWISE_BEZIER_KNOTS.);
#13878 = CARTESIAN_POINT('',(67.67900390625,-43.07000030517,32.9));
#13879 = CARTESIAN_POINT('',(67.427001953125,-43.40599639892,32.9));
#13880 = CARTESIAN_POINT('',(67.427001953125,-43.95199249267,32.9));
#13881 = VECTOR('',#13882,1.);
#13882 = DIRECTION('',(-0.,-0.,-1.));
#13883 = DEFINITIONAL_REPRESENTATION('',(#13884),#13888);
#13884 = LINE('',#13885,#13886);
#13885 = CARTESIAN_POINT('',(0.,0.));
#13886 = VECTOR('',#13887,1.);
#13887 = DIRECTION('',(1.,0.));
#13888 = ( GEOMETRIC_REPRESENTATION_CONTEXT(2) 
PARAMETRIC_REPRESENTATION_CONTEXT() REPRESENTATION_CONTEXT('2D SPACE',''
  ) );
#13889 = ORIENTED_EDGE('',*,*,#13890,.T.);
#13890 = EDGE_CURVE('',#13861,#13891,#13893,.T.);
#13891 = VERTEX_POINT('',#13892);
#13892 = CARTESIAN_POINT('',(67.67900390625,-44.8370022583,32.9));
#13893 = SURFACE_CURVE('',#13894,(#13898,#13905),.PCURVE_S1.);
#13894 = B_SPLINE_CURVE_WITH_KNOTS('',2,(#13895,#13896,#13897),
  .UNSPECIFIED.,.F.,.F.,(3,3),(0.,1.),.PIECEWISE_BEZIER_KNOTS.);
#13895 = CARTESIAN_POINT('',(67.427001953125,-43.95199249267,32.9));
#13896 = CARTESIAN_POINT('',(67.427001953125,-44.50400421142,32.9));
#13897 = CARTESIAN_POINT('',(67.67900390625,-44.8370022583,32.9));
#13898 = PCURVE('',#7162,#13899);
#13899 = DEFINITIONAL_REPRESENTATION('',(#13900),#13904);
#13900 = B_SPLINE_CURVE_WITH_KNOTS('',2,(#13901,#13902,#13903),
  .UNSPECIFIED.,.F.,.F.,(3,3),(0.,1.),.PIECEWISE_BEZIER_KNOTS.);
#13901 = CARTESIAN_POINT('',(0.7019921875,1.5480078125));
#13902 = CARTESIAN_POINT('',(0.7019921875,0.99599609375));
#13903 = CARTESIAN_POINT('',(0.953994140625,0.662998046875));
#13904 = ( GEOMETRIC_REPRESENTATION_CONTEXT(2) 
PARAMETRIC_REPRESENTATION_CONTEXT() REPRESENTATION_CONTEXT('2D SPACE',''
  ) );
#13905 = PCURVE('',#13906,#13913);
#13906 = SURFACE_OF_LINEAR_EXTRUSION('',#13907,#13911);
#13907 = B_SPLINE_CURVE_WITH_KNOTS('',2,(#13908,#13909,#13910),
  .UNSPECIFIED.,.F.,.F.,(3,3),(0.,1.),.PIECEWISE_BEZIER_KNOTS.);
#13908 = CARTESIAN_POINT('',(67.427001953125,-43.95199249267,32.9));
#13909 = CARTESIAN_POINT('',(67.427001953125,-44.50400421142,32.9));
#13910 = CARTESIAN_POINT('',(67.67900390625,-44.8370022583,32.9));
#13911 = VECTOR('',#13912,1.);
#13912 = DIRECTION('',(-0.,-0.,-1.));
#13913 = DEFINITIONAL_REPRESENTATION('',(#13914),#13918);
#13914 = LINE('',#13915,#13916);
#13915 = CARTESIAN_POINT('',(0.,0.));
#13916 = VECTOR('',#13917,1.);
#13917 = DIRECTION('',(1.,0.));
#13918 = ( GEOMETRIC_REPRESENTATION_CONTEXT(2) 
PARAMETRIC_REPRESENTATION_CONTEXT() REPRESENTATION_CONTEXT('2D SPACE',''
  ) );
#13919 = ORIENTED_EDGE('',*,*,#13920,.T.);
#13920 = EDGE_CURVE('',#13891,#13921,#13923,.T.);
#13921 = VERTEX_POINT('',#13922);
#13922 = CARTESIAN_POINT('',(68.345009765625,-45.17000030517,32.9));
#13923 = SURFACE_CURVE('',#13924,(#13928,#13935),.PCURVE_S1.);
#13924 = B_SPLINE_CURVE_WITH_KNOTS('',2,(#13925,#13926,#13927),
  .UNSPECIFIED.,.F.,.F.,(3,3),(0.,1.),.PIECEWISE_BEZIER_KNOTS.);
#13925 = CARTESIAN_POINT('',(67.67900390625,-44.8370022583,32.9));
#13926 = CARTESIAN_POINT('',(67.931005859375,-45.17000030517,32.9));
#13927 = CARTESIAN_POINT('',(68.345009765625,-45.17000030517,32.9));
#13928 = PCURVE('',#7162,#13929);
#13929 = DEFINITIONAL_REPRESENTATION('',(#13930),#13934);
#13930 = B_SPLINE_CURVE_WITH_KNOTS('',2,(#13931,#13932,#13933),
  .UNSPECIFIED.,.F.,.F.,(3,3),(0.,1.),.PIECEWISE_BEZIER_KNOTS.);
#13931 = CARTESIAN_POINT('',(0.953994140625,0.662998046875));
#13932 = CARTESIAN_POINT('',(1.20599609375,0.33));
#13933 = CARTESIAN_POINT('',(1.62,0.33));
#13934 = ( GEOMETRIC_REPRESENTATION_CONTEXT(2) 
PARAMETRIC_REPRESENTATION_CONTEXT() REPRESENTATION_CONTEXT('2D SPACE',''
  ) );
#13935 = PCURVE('',#13936,#13943);
#13936 = SURFACE_OF_LINEAR_EXTRUSION('',#13937,#13941);
#13937 = B_SPLINE_CURVE_WITH_KNOTS('',2,(#13938,#13939,#13940),
  .UNSPECIFIED.,.F.,.F.,(3,3),(0.,1.),.PIECEWISE_BEZIER_KNOTS.);
#13938 = CARTESIAN_POINT('',(67.67900390625,-44.8370022583,32.9));
#13939 = CARTESIAN_POINT('',(67.931005859375,-45.17000030517,32.9));
#13940 = CARTESIAN_POINT('',(68.345009765625,-45.17000030517,32.9));
#13941 = VECTOR('',#13942,1.);
#13942 = DIRECTION('',(-0.,-0.,-1.));
#13943 = DEFINITIONAL_REPRESENTATION('',(#13944),#13948);
#13944 = LINE('',#13945,#13946);
#13945 = CARTESIAN_POINT('',(0.,0.));
#13946 = VECTOR('',#13947,1.);
#13947 = DIRECTION('',(1.,0.));
#13948 = ( GEOMETRIC_REPRESENTATION_CONTEXT(2) 
PARAMETRIC_REPRESENTATION_CONTEXT() REPRESENTATION_CONTEXT('2D SPACE',''
  ) );
#13949 = ORIENTED_EDGE('',*,*,#13950,.T.);
#13950 = EDGE_CURVE('',#13921,#13951,#13953,.T.);
#13951 = VERTEX_POINT('',#13952);
#13952 = CARTESIAN_POINT('',(68.981005859375,-44.84000030517,32.9));
#13953 = SURFACE_CURVE('',#13954,(#13958,#13965),.PCURVE_S1.);
#13954 = B_SPLINE_CURVE_WITH_KNOTS('',2,(#13955,#13956,#13957),
  .UNSPECIFIED.,.F.,.F.,(3,3),(0.,1.),.PIECEWISE_BEZIER_KNOTS.);
#13955 = CARTESIAN_POINT('',(68.345009765625,-45.17000030517,32.9));
#13956 = CARTESIAN_POINT('',(68.741005859375,-45.17000030517,32.9));
#13957 = CARTESIAN_POINT('',(68.981005859375,-44.84000030517,32.9));
#13958 = PCURVE('',#7162,#13959);
#13959 = DEFINITIONAL_REPRESENTATION('',(#13960),#13964);
#13960 = B_SPLINE_CURVE_WITH_KNOTS('',2,(#13961,#13962,#13963),
  .UNSPECIFIED.,.F.,.F.,(3,3),(0.,1.),.PIECEWISE_BEZIER_KNOTS.);
#13961 = CARTESIAN_POINT('',(1.62,0.33));
#13962 = CARTESIAN_POINT('',(2.01599609375,0.33));
#13963 = CARTESIAN_POINT('',(2.25599609375,0.66));
#13964 = ( GEOMETRIC_REPRESENTATION_CONTEXT(2) 
PARAMETRIC_REPRESENTATION_CONTEXT() REPRESENTATION_CONTEXT('2D SPACE',''
  ) );
#13965 = PCURVE('',#13966,#13973);
#13966 = SURFACE_OF_LINEAR_EXTRUSION('',#13967,#13971);
#13967 = B_SPLINE_CURVE_WITH_KNOTS('',2,(#13968,#13969,#13970),
  .UNSPECIFIED.,.F.,.F.,(3,3),(0.,1.),.PIECEWISE_BEZIER_KNOTS.);
#13968 = CARTESIAN_POINT('',(68.345009765625,-45.17000030517,32.9));
#13969 = CARTESIAN_POINT('',(68.741005859375,-45.17000030517,32.9));
#13970 = CARTESIAN_POINT('',(68.981005859375,-44.84000030517,32.9));
#13971 = VECTOR('',#13972,1.);
#13972 = DIRECTION('',(-0.,-0.,-1.));
#13973 = DEFINITIONAL_REPRESENTATION('',(#13974),#13978);
#13974 = LINE('',#13975,#13976);
#13975 = CARTESIAN_POINT('',(0.,0.));
#13976 = VECTOR('',#13977,1.);
#13977 = DIRECTION('',(1.,0.));
#13978 = ( GEOMETRIC_REPRESENTATION_CONTEXT(2) 
PARAMETRIC_REPRESENTATION_CONTEXT() REPRESENTATION_CONTEXT('2D SPACE',''
  ) );
#13979 = ORIENTED_EDGE('',*,*,#13980,.T.);
#13980 = EDGE_CURVE('',#13951,#13981,#13983,.T.);
#13981 = VERTEX_POINT('',#13982);
#13982 = CARTESIAN_POINT('',(69.221005859375,-43.96400421142,32.9));
#13983 = SURFACE_CURVE('',#13984,(#13988,#13995),.PCURVE_S1.);
#13984 = B_SPLINE_CURVE_WITH_KNOTS('',2,(#13985,#13986,#13987),
  .UNSPECIFIED.,.F.,.F.,(3,3),(0.,1.),.PIECEWISE_BEZIER_KNOTS.);
#13985 = CARTESIAN_POINT('',(68.981005859375,-44.84000030517,32.9));
#13986 = CARTESIAN_POINT('',(69.221005859375,-44.51000030517,32.9));
#13987 = CARTESIAN_POINT('',(69.221005859375,-43.96400421142,32.9));
#13988 = PCURVE('',#7162,#13989);
#13989 = DEFINITIONAL_REPRESENTATION('',(#13990),#13994);
#13990 = B_SPLINE_CURVE_WITH_KNOTS('',2,(#13991,#13992,#13993),
  .UNSPECIFIED.,.F.,.F.,(3,3),(0.,1.),.PIECEWISE_BEZIER_KNOTS.);
#13991 = CARTESIAN_POINT('',(2.25599609375,0.66));
#13992 = CARTESIAN_POINT('',(2.49599609375,0.99));
#13993 = CARTESIAN_POINT('',(2.49599609375,1.53599609375));
#13994 = ( GEOMETRIC_REPRESENTATION_CONTEXT(2) 
PARAMETRIC_REPRESENTATION_CONTEXT() REPRESENTATION_CONTEXT('2D SPACE',''
  ) );
#13995 = PCURVE('',#13996,#14003);
#13996 = SURFACE_OF_LINEAR_EXTRUSION('',#13997,#14001);
#13997 = B_SPLINE_CURVE_WITH_KNOTS('',2,(#13998,#13999,#14000),
  .UNSPECIFIED.,.F.,.F.,(3,3),(0.,1.),.PIECEWISE_BEZIER_KNOTS.);
#13998 = CARTESIAN_POINT('',(68.981005859375,-44.84000030517,32.9));
#13999 = CARTESIAN_POINT('',(69.221005859375,-44.51000030517,32.9));
#14000 = CARTESIAN_POINT('',(69.221005859375,-43.96400421142,32.9));
#14001 = VECTOR('',#14002,1.);
#14002 = DIRECTION('',(-0.,-0.,-1.));
#14003 = DEFINITIONAL_REPRESENTATION('',(#14004),#14008);
#14004 = LINE('',#14005,#14006);
#14005 = CARTESIAN_POINT('',(0.,0.));
#14006 = VECTOR('',#14007,1.);
#14007 = DIRECTION('',(1.,0.));
#14008 = ( GEOMETRIC_REPRESENTATION_CONTEXT(2) 
PARAMETRIC_REPRESENTATION_CONTEXT() REPRESENTATION_CONTEXT('2D SPACE',''
  ) );
#14009 = ORIENTED_EDGE('',*,*,#14010,.T.);
#14010 = EDGE_CURVE('',#13981,#14011,#14013,.T.);
#14011 = VERTEX_POINT('',#14012);
#14012 = CARTESIAN_POINT('',(68.981005859375,-43.0670022583,32.9));
#14013 = SURFACE_CURVE('',#14014,(#14018,#14025),.PCURVE_S1.);
#14014 = B_SPLINE_CURVE_WITH_KNOTS('',2,(#14015,#14016,#14017),
  .UNSPECIFIED.,.F.,.F.,(3,3),(0.,1.),.PIECEWISE_BEZIER_KNOTS.);
#14015 = CARTESIAN_POINT('',(69.221005859375,-43.96400421142,32.9));
#14016 = CARTESIAN_POINT('',(69.221005859375,-43.40000030517,32.9));
#14017 = CARTESIAN_POINT('',(68.981005859375,-43.0670022583,32.9));
#14018 = PCURVE('',#7162,#14019);
#14019 = DEFINITIONAL_REPRESENTATION('',(#14020),#14024);
#14020 = B_SPLINE_CURVE_WITH_KNOTS('',2,(#14021,#14022,#14023),
  .UNSPECIFIED.,.F.,.F.,(3,3),(0.,1.),.PIECEWISE_BEZIER_KNOTS.);
#14021 = CARTESIAN_POINT('',(2.49599609375,1.53599609375));
#14022 = CARTESIAN_POINT('',(2.49599609375,2.1));
#14023 = CARTESIAN_POINT('',(2.25599609375,2.432998046875));
#14024 = ( GEOMETRIC_REPRESENTATION_CONTEXT(2) 
PARAMETRIC_REPRESENTATION_CONTEXT() REPRESENTATION_CONTEXT('2D SPACE',''
  ) );
#14025 = PCURVE('',#14026,#14033);
#14026 = SURFACE_OF_LINEAR_EXTRUSION('',#14027,#14031);
#14027 = B_SPLINE_CURVE_WITH_KNOTS('',2,(#14028,#14029,#14030),
  .UNSPECIFIED.,.F.,.F.,(3,3),(0.,1.),.PIECEWISE_BEZIER_KNOTS.);
#14028 = CARTESIAN_POINT('',(69.221005859375,-43.96400421142,32.9));
#14029 = CARTESIAN_POINT('',(69.221005859375,-43.40000030517,32.9));
#14030 = CARTESIAN_POINT('',(68.981005859375,-43.0670022583,32.9));
#14031 = VECTOR('',#14032,1.);
#14032 = DIRECTION('',(-0.,-0.,-1.));
#14033 = DEFINITIONAL_REPRESENTATION('',(#14034),#14038);
#14034 = LINE('',#14035,#14036);
#14035 = CARTESIAN_POINT('',(0.,0.));
#14036 = VECTOR('',#14037,1.);
#14037 = DIRECTION('',(1.,0.));
#14038 = ( GEOMETRIC_REPRESENTATION_CONTEXT(2) 
PARAMETRIC_REPRESENTATION_CONTEXT() REPRESENTATION_CONTEXT('2D SPACE',''
  ) );
#14039 = ORIENTED_EDGE('',*,*,#14040,.T.);
#14040 = EDGE_CURVE('',#14011,#13829,#14041,.T.);
#14041 = SURFACE_CURVE('',#14042,(#14046,#14053),.PCURVE_S1.);
#14042 = B_SPLINE_CURVE_WITH_KNOTS('',2,(#14043,#14044,#14045),
  .UNSPECIFIED.,.F.,.F.,(3,3),(0.,1.),.PIECEWISE_BEZIER_KNOTS.);
#14043 = CARTESIAN_POINT('',(68.981005859375,-43.0670022583,32.9));
#14044 = CARTESIAN_POINT('',(68.741005859375,-42.73400421142,32.9));
#14045 = CARTESIAN_POINT('',(68.339013671875,-42.73400421142,32.9));
#14046 = PCURVE('',#7162,#14047);
#14047 = DEFINITIONAL_REPRESENTATION('',(#14048),#14052);
#14048 = B_SPLINE_CURVE_WITH_KNOTS('',2,(#14049,#14050,#14051),
  .UNSPECIFIED.,.F.,.F.,(3,3),(0.,1.),.PIECEWISE_BEZIER_KNOTS.);
#14049 = CARTESIAN_POINT('',(2.25599609375,2.432998046875));
#14050 = CARTESIAN_POINT('',(2.01599609375,2.76599609375));
#14051 = CARTESIAN_POINT('',(1.61400390625,2.76599609375));
#14052 = ( GEOMETRIC_REPRESENTATION_CONTEXT(2) 
PARAMETRIC_REPRESENTATION_CONTEXT() REPRESENTATION_CONTEXT('2D SPACE',''
  ) );
#14053 = PCURVE('',#14054,#14061);
#14054 = SURFACE_OF_LINEAR_EXTRUSION('',#14055,#14059);
#14055 = B_SPLINE_CURVE_WITH_KNOTS('',2,(#14056,#14057,#14058),
  .UNSPECIFIED.,.F.,.F.,(3,3),(0.,1.),.PIECEWISE_BEZIER_KNOTS.);
#14056 = CARTESIAN_POINT('',(68.981005859375,-43.0670022583,32.9));
#14057 = CARTESIAN_POINT('',(68.741005859375,-42.73400421142,32.9));
#14058 = CARTESIAN_POINT('',(68.339013671875,-42.73400421142,32.9));
#14059 = VECTOR('',#14060,1.);
#14060 = DIRECTION('',(-0.,-0.,-1.));
#14061 = DEFINITIONAL_REPRESENTATION('',(#14062),#14066);
#14062 = LINE('',#14063,#14064);
#14063 = CARTESIAN_POINT('',(0.,0.));
#14064 = VECTOR('',#14065,1.);
#14065 = DIRECTION('',(1.,0.));
#14066 = ( GEOMETRIC_REPRESENTATION_CONTEXT(2) 
PARAMETRIC_REPRESENTATION_CONTEXT() REPRESENTATION_CONTEXT('2D SPACE',''
  ) );
#14067 = ADVANCED_FACE('',(#14068),#7755,.T.);
#14068 = FACE_BOUND('',#14069,.F.);
#14069 = EDGE_LOOP('',(#14070,#14071,#14072,#14073,#14074,#14075,#14076,
    #14077,#14078,#14079,#14080,#14081,#14082,#14083,#14084,#14085,
    #14086,#14087,#14088,#14089,#14090,#14091,#14092,#14093,#14094,
    #14095));
#14070 = ORIENTED_EDGE('',*,*,#7737,.T.);
#14071 = ORIENTED_EDGE('',*,*,#7813,.T.);
#14072 = ORIENTED_EDGE('',*,*,#7911,.T.);
#14073 = ORIENTED_EDGE('',*,*,#8009,.T.);
#14074 = ORIENTED_EDGE('',*,*,#8107,.T.);
#14075 = ORIENTED_EDGE('',*,*,#8205,.T.);
#14076 = ORIENTED_EDGE('',*,*,#8303,.T.);
#14077 = ORIENTED_EDGE('',*,*,#8401,.T.);
#14078 = ORIENTED_EDGE('',*,*,#8499,.T.);
#14079 = ORIENTED_EDGE('',*,*,#8597,.T.);
#14080 = ORIENTED_EDGE('',*,*,#8695,.T.);
#14081 = ORIENTED_EDGE('',*,*,#8793,.T.);
#14082 = ORIENTED_EDGE('',*,*,#8891,.T.);
#14083 = ORIENTED_EDGE('',*,*,#8989,.T.);
#14084 = ORIENTED_EDGE('',*,*,#8940,.T.);
#14085 = ORIENTED_EDGE('',*,*,#8842,.T.);
#14086 = ORIENTED_EDGE('',*,*,#8744,.T.);
#14087 = ORIENTED_EDGE('',*,*,#8646,.T.);
#14088 = ORIENTED_EDGE('',*,*,#8548,.T.);
#14089 = ORIENTED_EDGE('',*,*,#8450,.T.);
#14090 = ORIENTED_EDGE('',*,*,#8352,.T.);
#14091 = ORIENTED_EDGE('',*,*,#8254,.T.);
#14092 = ORIENTED_EDGE('',*,*,#8156,.T.);
#14093 = ORIENTED_EDGE('',*,*,#8058,.T.);
#14094 = ORIENTED_EDGE('',*,*,#7960,.T.);
#14095 = ORIENTED_EDGE('',*,*,#7862,.T.);
#14096 = ADVANCED_FACE('',(#14097),#9034,.T.);
#14097 = FACE_BOUND('',#14098,.F.);
#14098 = EDGE_LOOP('',(#14099,#14100,#14101,#14102,#14103,#14104,#14105,
    #14106,#14107,#14108,#14109,#14110));
#14099 = ORIENTED_EDGE('',*,*,#9016,.T.);
#14100 = ORIENTED_EDGE('',*,*,#9092,.T.);
#14101 = ORIENTED_EDGE('',*,*,#9190,.T.);
#14102 = ORIENTED_EDGE('',*,*,#9288,.T.);
#14103 = ORIENTED_EDGE('',*,*,#9386,.T.);
#14104 = ORIENTED_EDGE('',*,*,#9484,.T.);
#14105 = ORIENTED_EDGE('',*,*,#9582,.T.);
#14106 = ORIENTED_EDGE('',*,*,#9533,.T.);
#14107 = ORIENTED_EDGE('',*,*,#9435,.T.);
#14108 = ORIENTED_EDGE('',*,*,#9337,.T.);
#14109 = ORIENTED_EDGE('',*,*,#9239,.T.);
#14110 = ORIENTED_EDGE('',*,*,#9141,.T.);
#14111 = ADVANCED_FACE('',(#14112),#9627,.T.);
#14112 = FACE_BOUND('',#14113,.F.);
#14113 = EDGE_LOOP('',(#14114,#14115,#14116,#14117,#14118,#14119,#14120,
    #14121,#14122,#14123,#14124,#14125,#14126,#14127,#14128,#14129));
#14114 = ORIENTED_EDGE('',*,*,#9609,.T.);
#14115 = ORIENTED_EDGE('',*,*,#9685,.T.);
#14116 = ORIENTED_EDGE('',*,*,#9783,.T.);
#14117 = ORIENTED_EDGE('',*,*,#9881,.T.);
#14118 = ORIENTED_EDGE('',*,*,#9979,.T.);
#14119 = ORIENTED_EDGE('',*,*,#10077,.T.);
#14120 = ORIENTED_EDGE('',*,*,#10175,.T.);
#14121 = ORIENTED_EDGE('',*,*,#10273,.T.);
#14122 = ORIENTED_EDGE('',*,*,#10371,.T.);
#14123 = ORIENTED_EDGE('',*,*,#10322,.T.);
#14124 = ORIENTED_EDGE('',*,*,#10224,.T.);
#14125 = ORIENTED_EDGE('',*,*,#10126,.T.);
#14126 = ORIENTED_EDGE('',*,*,#10028,.T.);
#14127 = ORIENTED_EDGE('',*,*,#9930,.T.);
#14128 = ORIENTED_EDGE('',*,*,#9832,.T.);
#14129 = ORIENTED_EDGE('',*,*,#9734,.T.);
#14130 = ADVANCED_FACE('',(#14131,#14141),#10443,.T.);
#14131 = FACE_BOUND('',#14132,.F.);
#14132 = EDGE_LOOP('',(#14133,#14134,#14135,#14136,#14137,#14138,#14139,
    #14140));
#14133 = ORIENTED_EDGE('',*,*,#10425,.T.);
#14134 = ORIENTED_EDGE('',*,*,#10501,.T.);
#14135 = ORIENTED_EDGE('',*,*,#10599,.T.);
#14136 = ORIENTED_EDGE('',*,*,#10697,.T.);
#14137 = ORIENTED_EDGE('',*,*,#10795,.T.);
#14138 = ORIENTED_EDGE('',*,*,#10746,.T.);
#14139 = ORIENTED_EDGE('',*,*,#10648,.T.);
#14140 = ORIENTED_EDGE('',*,*,#10550,.T.);
#14141 = FACE_BOUND('',#14142,.F.);
#14142 = EDGE_LOOP('',(#14143,#14175,#14205,#14235,#14265,#14295,#14325,
    #14355));
#14143 = ORIENTED_EDGE('',*,*,#14144,.T.);
#14144 = EDGE_CURVE('',#14145,#14147,#14149,.T.);
#14145 = VERTEX_POINT('',#14146);
#14146 = CARTESIAN_POINT('',(82.450986328125,-42.72800811767,32.9));
#14147 = VERTEX_POINT('',#14148);
#14148 = CARTESIAN_POINT('',(81.790986328125,-43.05500030517,32.9));
#14149 = SURFACE_CURVE('',#14150,(#14154,#14161),.PCURVE_S1.);
#14150 = B_SPLINE_CURVE_WITH_KNOTS('',2,(#14151,#14152,#14153),
  .UNSPECIFIED.,.F.,.F.,(3,3),(0.,1.),.PIECEWISE_BEZIER_KNOTS.);
#14151 = CARTESIAN_POINT('',(82.450986328125,-42.72800811767,32.9));
#14152 = CARTESIAN_POINT('',(82.030986328125,-42.72800811767,32.9));
#14153 = CARTESIAN_POINT('',(81.790986328125,-43.05500030517,32.9));
#14154 = PCURVE('',#10443,#14155);
#14155 = DEFINITIONAL_REPRESENTATION('',(#14156),#14160);
#14156 = B_SPLINE_CURVE_WITH_KNOTS('',2,(#14157,#14158,#14159),
  .UNSPECIFIED.,.F.,.F.,(3,3),(0.,1.),.PIECEWISE_BEZIER_KNOTS.);
#14157 = CARTESIAN_POINT('',(1.6019921875,2.7719921875));
#14158 = CARTESIAN_POINT('',(1.1819921875,2.7719921875));
#14159 = CARTESIAN_POINT('',(0.9419921875,2.445));
#14160 = ( GEOMETRIC_REPRESENTATION_CONTEXT(2) 
PARAMETRIC_REPRESENTATION_CONTEXT() REPRESENTATION_CONTEXT('2D SPACE',''
  ) );
#14161 = PCURVE('',#14162,#14169);
#14162 = SURFACE_OF_LINEAR_EXTRUSION('',#14163,#14167);
#14163 = B_SPLINE_CURVE_WITH_KNOTS('',2,(#14164,#14165,#14166),
  .UNSPECIFIED.,.F.,.F.,(3,3),(0.,1.),.PIECEWISE_BEZIER_KNOTS.);
#14164 = CARTESIAN_POINT('',(82.450986328125,-42.72800811767,32.9));
#14165 = CARTESIAN_POINT('',(82.030986328125,-42.72800811767,32.9));
#14166 = CARTESIAN_POINT('',(81.790986328125,-43.05500030517,32.9));
#14167 = VECTOR('',#14168,1.);
#14168 = DIRECTION('',(-0.,-0.,-1.));
#14169 = DEFINITIONAL_REPRESENTATION('',(#14170),#14174);
#14170 = LINE('',#14171,#14172);
#14171 = CARTESIAN_POINT('',(0.,0.));
#14172 = VECTOR('',#14173,1.);
#14173 = DIRECTION('',(1.,0.));
#14174 = ( GEOMETRIC_REPRESENTATION_CONTEXT(2) 
PARAMETRIC_REPRESENTATION_CONTEXT() REPRESENTATION_CONTEXT('2D SPACE',''
  ) );
#14175 = ORIENTED_EDGE('',*,*,#14176,.T.);
#14176 = EDGE_CURVE('',#14147,#14177,#14179,.T.);
#14177 = VERTEX_POINT('',#14178);
#14178 = CARTESIAN_POINT('',(81.550986328125,-43.95199249267,32.9));
#14179 = SURFACE_CURVE('',#14180,(#14184,#14191),.PCURVE_S1.);
#14180 = B_SPLINE_CURVE_WITH_KNOTS('',2,(#14181,#14182,#14183),
  .UNSPECIFIED.,.F.,.F.,(3,3),(0.,1.),.PIECEWISE_BEZIER_KNOTS.);
#14181 = CARTESIAN_POINT('',(81.790986328125,-43.05500030517,32.9));
#14182 = CARTESIAN_POINT('',(81.550986328125,-43.38199249267,32.9));
#14183 = CARTESIAN_POINT('',(81.550986328125,-43.95199249267,32.9));
#14184 = PCURVE('',#10443,#14185);
#14185 = DEFINITIONAL_REPRESENTATION('',(#14186),#14190);
#14186 = B_SPLINE_CURVE_WITH_KNOTS('',2,(#14187,#14188,#14189),
  .UNSPECIFIED.,.F.,.F.,(3,3),(0.,1.),.PIECEWISE_BEZIER_KNOTS.);
#14187 = CARTESIAN_POINT('',(0.9419921875,2.445));
#14188 = CARTESIAN_POINT('',(0.7019921875,2.1180078125));
#14189 = CARTESIAN_POINT('',(0.7019921875,1.5480078125));
#14190 = ( GEOMETRIC_REPRESENTATION_CONTEXT(2) 
PARAMETRIC_REPRESENTATION_CONTEXT() REPRESENTATION_CONTEXT('2D SPACE',''
  ) );
#14191 = PCURVE('',#14192,#14199);
#14192 = SURFACE_OF_LINEAR_EXTRUSION('',#14193,#14197);
#14193 = B_SPLINE_CURVE_WITH_KNOTS('',2,(#14194,#14195,#14196),
  .UNSPECIFIED.,.F.,.F.,(3,3),(0.,1.),.PIECEWISE_BEZIER_KNOTS.);
#14194 = CARTESIAN_POINT('',(81.790986328125,-43.05500030517,32.9));
#14195 = CARTESIAN_POINT('',(81.550986328125,-43.38199249267,32.9));
#14196 = CARTESIAN_POINT('',(81.550986328125,-43.95199249267,32.9));
#14197 = VECTOR('',#14198,1.);
#14198 = DIRECTION('',(-0.,-0.,-1.));
#14199 = DEFINITIONAL_REPRESENTATION('',(#14200),#14204);
#14200 = LINE('',#14201,#14202);
#14201 = CARTESIAN_POINT('',(0.,0.));
#14202 = VECTOR('',#14203,1.);
#14203 = DIRECTION('',(1.,0.));
#14204 = ( GEOMETRIC_REPRESENTATION_CONTEXT(2) 
PARAMETRIC_REPRESENTATION_CONTEXT() REPRESENTATION_CONTEXT('2D SPACE',''
  ) );
#14205 = ORIENTED_EDGE('',*,*,#14206,.T.);
#14206 = EDGE_CURVE('',#14177,#14207,#14209,.T.);
#14207 = VERTEX_POINT('',#14208);
#14208 = CARTESIAN_POINT('',(81.790986328125,-44.8489944458,32.9));
#14209 = SURFACE_CURVE('',#14210,(#14214,#14221),.PCURVE_S1.);
#14210 = B_SPLINE_CURVE_WITH_KNOTS('',2,(#14211,#14212,#14213),
  .UNSPECIFIED.,.F.,.F.,(3,3),(0.,1.),.PIECEWISE_BEZIER_KNOTS.);
#14211 = CARTESIAN_POINT('',(81.550986328125,-43.95199249267,32.9));
#14212 = CARTESIAN_POINT('',(81.550986328125,-44.52199249267,32.9));
#14213 = CARTESIAN_POINT('',(81.790986328125,-44.8489944458,32.9));
#14214 = PCURVE('',#10443,#14215);
#14215 = DEFINITIONAL_REPRESENTATION('',(#14216),#14220);
#14216 = B_SPLINE_CURVE_WITH_KNOTS('',2,(#14217,#14218,#14219),
  .UNSPECIFIED.,.F.,.F.,(3,3),(0.,1.),.PIECEWISE_BEZIER_KNOTS.);
#14217 = CARTESIAN_POINT('',(0.7019921875,1.5480078125));
#14218 = CARTESIAN_POINT('',(0.7019921875,0.9780078125));
#14219 = CARTESIAN_POINT('',(0.9419921875,0.651005859375));
#14220 = ( GEOMETRIC_REPRESENTATION_CONTEXT(2) 
PARAMETRIC_REPRESENTATION_CONTEXT() REPRESENTATION_CONTEXT('2D SPACE',''
  ) );
#14221 = PCURVE('',#14222,#14229);
#14222 = SURFACE_OF_LINEAR_EXTRUSION('',#14223,#14227);
#14223 = B_SPLINE_CURVE_WITH_KNOTS('',2,(#14224,#14225,#14226),
  .UNSPECIFIED.,.F.,.F.,(3,3),(0.,1.),.PIECEWISE_BEZIER_KNOTS.);
#14224 = CARTESIAN_POINT('',(81.550986328125,-43.95199249267,32.9));
#14225 = CARTESIAN_POINT('',(81.550986328125,-44.52199249267,32.9));
#14226 = CARTESIAN_POINT('',(81.790986328125,-44.8489944458,32.9));
#14227 = VECTOR('',#14228,1.);
#14228 = DIRECTION('',(-0.,-0.,-1.));
#14229 = DEFINITIONAL_REPRESENTATION('',(#14230),#14234);
#14230 = LINE('',#14231,#14232);
#14231 = CARTESIAN_POINT('',(0.,0.));
#14232 = VECTOR('',#14233,1.);
#14233 = DIRECTION('',(1.,0.));
#14234 = ( GEOMETRIC_REPRESENTATION_CONTEXT(2) 
PARAMETRIC_REPRESENTATION_CONTEXT() REPRESENTATION_CONTEXT('2D SPACE',''
  ) );
#14235 = ORIENTED_EDGE('',*,*,#14236,.T.);
#14236 = EDGE_CURVE('',#14207,#14237,#14239,.T.);
#14237 = VERTEX_POINT('',#14238);
#14238 = CARTESIAN_POINT('',(82.450986328125,-45.17599639892,32.9));
#14239 = SURFACE_CURVE('',#14240,(#14244,#14251),.PCURVE_S1.);
#14240 = B_SPLINE_CURVE_WITH_KNOTS('',2,(#14241,#14242,#14243),
  .UNSPECIFIED.,.F.,.F.,(3,3),(0.,1.),.PIECEWISE_BEZIER_KNOTS.);
#14241 = CARTESIAN_POINT('',(81.790986328125,-44.8489944458,32.9));
#14242 = CARTESIAN_POINT('',(82.030986328125,-45.17599639892,32.9));
#14243 = CARTESIAN_POINT('',(82.450986328125,-45.17599639892,32.9));
#14244 = PCURVE('',#10443,#14245);
#14245 = DEFINITIONAL_REPRESENTATION('',(#14246),#14250);
#14246 = B_SPLINE_CURVE_WITH_KNOTS('',2,(#14247,#14248,#14249),
  .UNSPECIFIED.,.F.,.F.,(3,3),(0.,1.),.PIECEWISE_BEZIER_KNOTS.);
#14247 = CARTESIAN_POINT('',(0.9419921875,0.651005859375));
#14248 = CARTESIAN_POINT('',(1.1819921875,0.32400390625));
#14249 = CARTESIAN_POINT('',(1.6019921875,0.32400390625));
#14250 = ( GEOMETRIC_REPRESENTATION_CONTEXT(2) 
PARAMETRIC_REPRESENTATION_CONTEXT() REPRESENTATION_CONTEXT('2D SPACE',''
  ) );
#14251 = PCURVE('',#14252,#14259);
#14252 = SURFACE_OF_LINEAR_EXTRUSION('',#14253,#14257);
#14253 = B_SPLINE_CURVE_WITH_KNOTS('',2,(#14254,#14255,#14256),
  .UNSPECIFIED.,.F.,.F.,(3,3),(0.,1.),.PIECEWISE_BEZIER_KNOTS.);
#14254 = CARTESIAN_POINT('',(81.790986328125,-44.8489944458,32.9));
#14255 = CARTESIAN_POINT('',(82.030986328125,-45.17599639892,32.9));
#14256 = CARTESIAN_POINT('',(82.450986328125,-45.17599639892,32.9));
#14257 = VECTOR('',#14258,1.);
#14258 = DIRECTION('',(-0.,-0.,-1.));
#14259 = DEFINITIONAL_REPRESENTATION('',(#14260),#14264);
#14260 = LINE('',#14261,#14262);
#14261 = CARTESIAN_POINT('',(0.,0.));
#14262 = VECTOR('',#14263,1.);
#14263 = DIRECTION('',(1.,0.));
#14264 = ( GEOMETRIC_REPRESENTATION_CONTEXT(2) 
PARAMETRIC_REPRESENTATION_CONTEXT() REPRESENTATION_CONTEXT('2D SPACE',''
  ) );
#14265 = ORIENTED_EDGE('',*,*,#14266,.T.);
#14266 = EDGE_CURVE('',#14237,#14267,#14269,.T.);
#14267 = VERTEX_POINT('',#14268);
#14268 = CARTESIAN_POINT('',(83.10798828125,-44.8489944458,32.9));
#14269 = SURFACE_CURVE('',#14270,(#14274,#14281),.PCURVE_S1.);
#14270 = B_SPLINE_CURVE_WITH_KNOTS('',2,(#14271,#14272,#14273),
  .UNSPECIFIED.,.F.,.F.,(3,3),(0.,1.),.PIECEWISE_BEZIER_KNOTS.);
#14271 = CARTESIAN_POINT('',(82.450986328125,-45.17599639892,32.9));
#14272 = CARTESIAN_POINT('',(82.864990234375,-45.17599639892,32.9));
#14273 = CARTESIAN_POINT('',(83.10798828125,-44.8489944458,32.9));
#14274 = PCURVE('',#10443,#14275);
#14275 = DEFINITIONAL_REPRESENTATION('',(#14276),#14280);
#14276 = B_SPLINE_CURVE_WITH_KNOTS('',2,(#14277,#14278,#14279),
  .UNSPECIFIED.,.F.,.F.,(3,3),(0.,1.),.PIECEWISE_BEZIER_KNOTS.);
#14277 = CARTESIAN_POINT('',(1.6019921875,0.32400390625));
#14278 = CARTESIAN_POINT('',(2.01599609375,0.32400390625));
#14279 = CARTESIAN_POINT('',(2.258994140625,0.651005859375));
#14280 = ( GEOMETRIC_REPRESENTATION_CONTEXT(2) 
PARAMETRIC_REPRESENTATION_CONTEXT() REPRESENTATION_CONTEXT('2D SPACE',''
  ) );
#14281 = PCURVE('',#14282,#14289);
#14282 = SURFACE_OF_LINEAR_EXTRUSION('',#14283,#14287);
#14283 = B_SPLINE_CURVE_WITH_KNOTS('',2,(#14284,#14285,#14286),
  .UNSPECIFIED.,.F.,.F.,(3,3),(0.,1.),.PIECEWISE_BEZIER_KNOTS.);
#14284 = CARTESIAN_POINT('',(82.450986328125,-45.17599639892,32.9));
#14285 = CARTESIAN_POINT('',(82.864990234375,-45.17599639892,32.9));
#14286 = CARTESIAN_POINT('',(83.10798828125,-44.8489944458,32.9));
#14287 = VECTOR('',#14288,1.);
#14288 = DIRECTION('',(-0.,-0.,-1.));
#14289 = DEFINITIONAL_REPRESENTATION('',(#14290),#14294);
#14290 = LINE('',#14291,#14292);
#14291 = CARTESIAN_POINT('',(0.,0.));
#14292 = VECTOR('',#14293,1.);
#14293 = DIRECTION('',(1.,0.));
#14294 = ( GEOMETRIC_REPRESENTATION_CONTEXT(2) 
PARAMETRIC_REPRESENTATION_CONTEXT() REPRESENTATION_CONTEXT('2D SPACE',''
  ) );
#14295 = ORIENTED_EDGE('',*,*,#14296,.T.);
#14296 = EDGE_CURVE('',#14267,#14297,#14299,.T.);
#14297 = VERTEX_POINT('',#14298);
#14298 = CARTESIAN_POINT('',(83.350986328125,-43.97000030517,32.9));
#14299 = SURFACE_CURVE('',#14300,(#14304,#14311),.PCURVE_S1.);
#14300 = B_SPLINE_CURVE_WITH_KNOTS('',2,(#14301,#14302,#14303),
  .UNSPECIFIED.,.F.,.F.,(3,3),(0.,1.),.PIECEWISE_BEZIER_KNOTS.);
#14301 = CARTESIAN_POINT('',(83.10798828125,-44.8489944458,32.9));
#14302 = CARTESIAN_POINT('',(83.350986328125,-44.52199249267,32.9));
#14303 = CARTESIAN_POINT('',(83.350986328125,-43.97000030517,32.9));
#14304 = PCURVE('',#10443,#14305);
#14305 = DEFINITIONAL_REPRESENTATION('',(#14306),#14310);
#14306 = B_SPLINE_CURVE_WITH_KNOTS('',2,(#14307,#14308,#14309),
  .UNSPECIFIED.,.F.,.F.,(3,3),(0.,1.),.PIECEWISE_BEZIER_KNOTS.);
#14307 = CARTESIAN_POINT('',(2.258994140625,0.651005859375));
#14308 = CARTESIAN_POINT('',(2.5019921875,0.9780078125));
#14309 = CARTESIAN_POINT('',(2.5019921875,1.53));
#14310 = ( GEOMETRIC_REPRESENTATION_CONTEXT(2) 
PARAMETRIC_REPRESENTATION_CONTEXT() REPRESENTATION_CONTEXT('2D SPACE',''
  ) );
#14311 = PCURVE('',#14312,#14319);
#14312 = SURFACE_OF_LINEAR_EXTRUSION('',#14313,#14317);
#14313 = B_SPLINE_CURVE_WITH_KNOTS('',2,(#14314,#14315,#14316),
  .UNSPECIFIED.,.F.,.F.,(3,3),(0.,1.),.PIECEWISE_BEZIER_KNOTS.);
#14314 = CARTESIAN_POINT('',(83.10798828125,-44.8489944458,32.9));
#14315 = CARTESIAN_POINT('',(83.350986328125,-44.52199249267,32.9));
#14316 = CARTESIAN_POINT('',(83.350986328125,-43.97000030517,32.9));
#14317 = VECTOR('',#14318,1.);
#14318 = DIRECTION('',(-0.,-0.,-1.));
#14319 = DEFINITIONAL_REPRESENTATION('',(#14320),#14324);
#14320 = LINE('',#14321,#14322);
#14321 = CARTESIAN_POINT('',(0.,0.));
#14322 = VECTOR('',#14323,1.);
#14323 = DIRECTION('',(1.,0.));
#14324 = ( GEOMETRIC_REPRESENTATION_CONTEXT(2) 
PARAMETRIC_REPRESENTATION_CONTEXT() REPRESENTATION_CONTEXT('2D SPACE',''
  ) );
#14325 = ORIENTED_EDGE('',*,*,#14326,.T.);
#14326 = EDGE_CURVE('',#14297,#14327,#14329,.T.);
#14327 = VERTEX_POINT('',#14328);
#14328 = CARTESIAN_POINT('',(83.113994140625,-43.05800811767,32.9));
#14329 = SURFACE_CURVE('',#14330,(#14334,#14341),.PCURVE_S1.);
#14330 = B_SPLINE_CURVE_WITH_KNOTS('',2,(#14331,#14332,#14333),
  .UNSPECIFIED.,.F.,.F.,(3,3),(0.,1.),.PIECEWISE_BEZIER_KNOTS.);
#14331 = CARTESIAN_POINT('',(83.350986328125,-43.97000030517,32.9));
#14332 = CARTESIAN_POINT('',(83.350986328125,-43.38800811767,32.9));
#14333 = CARTESIAN_POINT('',(83.113994140625,-43.05800811767,32.9));
#14334 = PCURVE('',#10443,#14335);
#14335 = DEFINITIONAL_REPRESENTATION('',(#14336),#14340);
#14336 = B_SPLINE_CURVE_WITH_KNOTS('',2,(#14337,#14338,#14339),
  .UNSPECIFIED.,.F.,.F.,(3,3),(0.,1.),.PIECEWISE_BEZIER_KNOTS.);
#14337 = CARTESIAN_POINT('',(2.5019921875,1.53));
#14338 = CARTESIAN_POINT('',(2.5019921875,2.1119921875));
#14339 = CARTESIAN_POINT('',(2.265,2.4419921875));
#14340 = ( GEOMETRIC_REPRESENTATION_CONTEXT(2) 
PARAMETRIC_REPRESENTATION_CONTEXT() REPRESENTATION_CONTEXT('2D SPACE',''
  ) );
#14341 = PCURVE('',#14342,#14349);
#14342 = SURFACE_OF_LINEAR_EXTRUSION('',#14343,#14347);
#14343 = B_SPLINE_CURVE_WITH_KNOTS('',2,(#14344,#14345,#14346),
  .UNSPECIFIED.,.F.,.F.,(3,3),(0.,1.),.PIECEWISE_BEZIER_KNOTS.);
#14344 = CARTESIAN_POINT('',(83.350986328125,-43.97000030517,32.9));
#14345 = CARTESIAN_POINT('',(83.350986328125,-43.38800811767,32.9));
#14346 = CARTESIAN_POINT('',(83.113994140625,-43.05800811767,32.9));
#14347 = VECTOR('',#14348,1.);
#14348 = DIRECTION('',(-0.,-0.,-1.));
#14349 = DEFINITIONAL_REPRESENTATION('',(#14350),#14354);
#14350 = LINE('',#14351,#14352);
#14351 = CARTESIAN_POINT('',(0.,0.));
#14352 = VECTOR('',#14353,1.);
#14353 = DIRECTION('',(1.,0.));
#14354 = ( GEOMETRIC_REPRESENTATION_CONTEXT(2) 
PARAMETRIC_REPRESENTATION_CONTEXT() REPRESENTATION_CONTEXT('2D SPACE',''
  ) );
#14355 = ORIENTED_EDGE('',*,*,#14356,.T.);
#14356 = EDGE_CURVE('',#14327,#14145,#14357,.T.);
#14357 = SURFACE_CURVE('',#14358,(#14362,#14369),.PCURVE_S1.);
#14358 = B_SPLINE_CURVE_WITH_KNOTS('',2,(#14359,#14360,#14361),
  .UNSPECIFIED.,.F.,.F.,(3,3),(0.,1.),.PIECEWISE_BEZIER_KNOTS.);
#14359 = CARTESIAN_POINT('',(83.113994140625,-43.05800811767,32.9));
#14360 = CARTESIAN_POINT('',(82.877001953125,-42.72800811767,32.9));
#14361 = CARTESIAN_POINT('',(82.450986328125,-42.72800811767,32.9));
#14362 = PCURVE('',#10443,#14363);
#14363 = DEFINITIONAL_REPRESENTATION('',(#14364),#14368);
#14364 = B_SPLINE_CURVE_WITH_KNOTS('',2,(#14365,#14366,#14367),
  .UNSPECIFIED.,.F.,.F.,(3,3),(0.,1.),.PIECEWISE_BEZIER_KNOTS.);
#14365 = CARTESIAN_POINT('',(2.265,2.4419921875));
#14366 = CARTESIAN_POINT('',(2.0280078125,2.7719921875));
#14367 = CARTESIAN_POINT('',(1.6019921875,2.7719921875));
#14368 = ( GEOMETRIC_REPRESENTATION_CONTEXT(2) 
PARAMETRIC_REPRESENTATION_CONTEXT() REPRESENTATION_CONTEXT('2D SPACE',''
  ) );
#14369 = PCURVE('',#14370,#14377);
#14370 = SURFACE_OF_LINEAR_EXTRUSION('',#14371,#14375);
#14371 = B_SPLINE_CURVE_WITH_KNOTS('',2,(#14372,#14373,#14374),
  .UNSPECIFIED.,.F.,.F.,(3,3),(0.,1.),.PIECEWISE_BEZIER_KNOTS.);
#14372 = CARTESIAN_POINT('',(83.113994140625,-43.05800811767,32.9));
#14373 = CARTESIAN_POINT('',(82.877001953125,-42.72800811767,32.9));
#14374 = CARTESIAN_POINT('',(82.450986328125,-42.72800811767,32.9));
#14375 = VECTOR('',#14376,1.);
#14376 = DIRECTION('',(-0.,-0.,-1.));
#14377 = DEFINITIONAL_REPRESENTATION('',(#14378),#14382);
#14378 = LINE('',#14379,#14380);
#14379 = CARTESIAN_POINT('',(0.,0.));
#14380 = VECTOR('',#14381,1.);
#14381 = DIRECTION('',(1.,0.));
#14382 = ( GEOMETRIC_REPRESENTATION_CONTEXT(2) 
PARAMETRIC_REPRESENTATION_CONTEXT() REPRESENTATION_CONTEXT('2D SPACE',''
  ) );
#14383 = ADVANCED_FACE('',(#14384),#10840,.T.);
#14384 = FACE_BOUND('',#14385,.F.);
#14385 = EDGE_LOOP('',(#14386,#14387,#14388,#14389,#14390,#14391,#14392,
    #14393,#14394,#14395,#14396,#14397,#14398));
#14386 = ORIENTED_EDGE('',*,*,#10822,.T.);
#14387 = ORIENTED_EDGE('',*,*,#10898,.T.);
#14388 = ORIENTED_EDGE('',*,*,#10996,.T.);
#14389 = ORIENTED_EDGE('',*,*,#11094,.T.);
#14390 = ORIENTED_EDGE('',*,*,#11192,.T.);
#14391 = ORIENTED_EDGE('',*,*,#11290,.T.);
#14392 = ORIENTED_EDGE('',*,*,#11388,.T.);
#14393 = ORIENTED_EDGE('',*,*,#11437,.T.);
#14394 = ORIENTED_EDGE('',*,*,#11339,.T.);
#14395 = ORIENTED_EDGE('',*,*,#11241,.T.);
#14396 = ORIENTED_EDGE('',*,*,#11143,.T.);
#14397 = ORIENTED_EDGE('',*,*,#11045,.T.);
#14398 = ORIENTED_EDGE('',*,*,#10947,.T.);
#14399 = ADVANCED_FACE('',(#14400),#11509,.T.);
#14400 = FACE_BOUND('',#14401,.F.);
#14401 = EDGE_LOOP('',(#14402,#14403,#14404,#14405,#14406,#14407,#14408,
    #14409,#14410,#14411,#14412,#14413,#14414));
#14402 = ORIENTED_EDGE('',*,*,#11491,.T.);
#14403 = ORIENTED_EDGE('',*,*,#12106,.T.);
#14404 = ORIENTED_EDGE('',*,*,#12057,.T.);
#14405 = ORIENTED_EDGE('',*,*,#12008,.T.);
#14406 = ORIENTED_EDGE('',*,*,#11959,.T.);
#14407 = ORIENTED_EDGE('',*,*,#11910,.T.);
#14408 = ORIENTED_EDGE('',*,*,#11861,.T.);
#14409 = ORIENTED_EDGE('',*,*,#11812,.T.);
#14410 = ORIENTED_EDGE('',*,*,#11763,.T.);
#14411 = ORIENTED_EDGE('',*,*,#11714,.T.);
#14412 = ORIENTED_EDGE('',*,*,#11665,.T.);
#14413 = ORIENTED_EDGE('',*,*,#11616,.T.);
#14414 = ORIENTED_EDGE('',*,*,#11567,.T.);
#14415 = ADVANCED_FACE('',(#14416,#14426),#12151,.T.);
#14416 = FACE_BOUND('',#14417,.F.);
#14417 = EDGE_LOOP('',(#14418,#14419,#14420,#14421,#14422,#14423,#14424,
    #14425));
#14418 = ORIENTED_EDGE('',*,*,#12133,.T.);
#14419 = ORIENTED_EDGE('',*,*,#12503,.T.);
#14420 = ORIENTED_EDGE('',*,*,#12454,.T.);
#14421 = ORIENTED_EDGE('',*,*,#12405,.T.);
#14422 = ORIENTED_EDGE('',*,*,#12356,.T.);
#14423 = ORIENTED_EDGE('',*,*,#12307,.T.);
#14424 = ORIENTED_EDGE('',*,*,#12258,.T.);
#14425 = ORIENTED_EDGE('',*,*,#12209,.T.);
#14426 = FACE_BOUND('',#14427,.F.);
#14427 = EDGE_LOOP('',(#14428,#14458,#14486));
#14428 = ORIENTED_EDGE('',*,*,#14429,.T.);
#14429 = EDGE_CURVE('',#14430,#14432,#14434,.T.);
#14430 = VERTEX_POINT('',#14431);
#14431 = CARTESIAN_POINT('',(85.989501953125,-29.85900405883,32.9));
#14432 = VERTEX_POINT('',#14433);
#14433 = CARTESIAN_POINT('',(86.685498046875,-29.85900405883,32.9));
#14434 = SURFACE_CURVE('',#14435,(#14439,#14446),.PCURVE_S1.);
#14435 = LINE('',#14436,#14437);
#14436 = CARTESIAN_POINT('',(85.989501953125,-29.85900405883,32.9));
#14437 = VECTOR('',#14438,1.);
#14438 = DIRECTION('',(1.,0.,0.));
#14439 = PCURVE('',#12151,#14440);
#14440 = DEFINITIONAL_REPRESENTATION('',(#14441),#14445);
#14441 = LINE('',#14442,#14443);
#14442 = CARTESIAN_POINT('',(0.642001953125,0.89099609375));
#14443 = VECTOR('',#14444,1.);
#14444 = DIRECTION('',(1.,0.));
#14445 = ( GEOMETRIC_REPRESENTATION_CONTEXT(2) 
PARAMETRIC_REPRESENTATION_CONTEXT() REPRESENTATION_CONTEXT('2D SPACE',''
  ) );
#14446 = PCURVE('',#14447,#14452);
#14447 = PLANE('',#14448);
#14448 = AXIS2_PLACEMENT_3D('',#14449,#14450,#14451);
#14449 = CARTESIAN_POINT('',(85.989501953125,-29.85900405883,32.9));
#14450 = DIRECTION('',(0.,1.,0.));
#14451 = DIRECTION('',(1.,0.,0.));
#14452 = DEFINITIONAL_REPRESENTATION('',(#14453),#14457);
#14453 = LINE('',#14454,#14455);
#14454 = CARTESIAN_POINT('',(0.,0.));
#14455 = VECTOR('',#14456,1.);
#14456 = DIRECTION('',(1.,0.));
#14457 = ( GEOMETRIC_REPRESENTATION_CONTEXT(2) 
PARAMETRIC_REPRESENTATION_CONTEXT() REPRESENTATION_CONTEXT('2D SPACE',''
  ) );
#14458 = ORIENTED_EDGE('',*,*,#14459,.T.);
#14459 = EDGE_CURVE('',#14432,#14460,#14462,.T.);
#14460 = VERTEX_POINT('',#14461);
#14461 = CARTESIAN_POINT('',(86.349501953125,-28.86299819946,32.9));
#14462 = SURFACE_CURVE('',#14463,(#14467,#14474),.PCURVE_S1.);
#14463 = LINE('',#14464,#14465);
#14464 = CARTESIAN_POINT('',(86.685498046875,-29.85900405883,32.9));
#14465 = VECTOR('',#14466,1.);
#14466 = DIRECTION('',(-0.319645507704,0.947537202122,0.));
#14467 = PCURVE('',#12151,#14468);
#14468 = DEFINITIONAL_REPRESENTATION('',(#14469),#14473);
#14469 = LINE('',#14470,#14471);
#14470 = CARTESIAN_POINT('',(1.337998046875,0.89099609375));
#14471 = VECTOR('',#14472,1.);
#14472 = DIRECTION('',(-0.319645507704,0.947537202122));
#14473 = ( GEOMETRIC_REPRESENTATION_CONTEXT(2) 
PARAMETRIC_REPRESENTATION_CONTEXT() REPRESENTATION_CONTEXT('2D SPACE',''
  ) );
#14474 = PCURVE('',#14475,#14480);
#14475 = PLANE('',#14476);
#14476 = AXIS2_PLACEMENT_3D('',#14477,#14478,#14479);
#14477 = CARTESIAN_POINT('',(86.685498046875,-29.85900405883,32.9));
#14478 = DIRECTION('',(-0.947537202122,-0.319645507704,0.));
#14479 = DIRECTION('',(-0.319645507704,0.947537202122,0.));
#14480 = DEFINITIONAL_REPRESENTATION('',(#14481),#14485);
#14481 = LINE('',#14482,#14483);
#14482 = CARTESIAN_POINT('',(0.,0.));
#14483 = VECTOR('',#14484,1.);
#14484 = DIRECTION('',(1.,0.));
#14485 = ( GEOMETRIC_REPRESENTATION_CONTEXT(2) 
PARAMETRIC_REPRESENTATION_CONTEXT() REPRESENTATION_CONTEXT('2D SPACE',''
  ) );
#14486 = ORIENTED_EDGE('',*,*,#14487,.T.);
#14487 = EDGE_CURVE('',#14460,#14430,#14488,.T.);
#14488 = SURFACE_CURVE('',#14489,(#14493,#14500),.PCURVE_S1.);
#14489 = LINE('',#14490,#14491);
#14490 = CARTESIAN_POINT('',(86.349501953125,-28.86299819946,32.9));
#14491 = VECTOR('',#14492,1.);
#14492 = DIRECTION('',(-0.33992111536,-0.940453951734,0.));
#14493 = PCURVE('',#12151,#14494);
#14494 = DEFINITIONAL_REPRESENTATION('',(#14495),#14499);
#14495 = LINE('',#14496,#14497);
#14496 = CARTESIAN_POINT('',(1.002001953125,1.887001953125));
#14497 = VECTOR('',#14498,1.);
#14498 = DIRECTION('',(-0.33992111536,-0.940453951734));
#14499 = ( GEOMETRIC_REPRESENTATION_CONTEXT(2) 
PARAMETRIC_REPRESENTATION_CONTEXT() REPRESENTATION_CONTEXT('2D SPACE',''
  ) );
#14500 = PCURVE('',#14501,#14506);
#14501 = PLANE('',#14502);
#14502 = AXIS2_PLACEMENT_3D('',#14503,#14504,#14505);
#14503 = CARTESIAN_POINT('',(86.349501953125,-28.86299819946,32.9));
#14504 = DIRECTION('',(0.940453951734,-0.33992111536,0.));
#14505 = DIRECTION('',(-0.33992111536,-0.940453951734,0.));
#14506 = DEFINITIONAL_REPRESENTATION('',(#14507),#14511);
#14507 = LINE('',#14508,#14509);
#14508 = CARTESIAN_POINT('',(0.,0.));
#14509 = VECTOR('',#14510,1.);
#14510 = DIRECTION('',(1.,-0.));
#14511 = ( GEOMETRIC_REPRESENTATION_CONTEXT(2) 
PARAMETRIC_REPRESENTATION_CONTEXT() REPRESENTATION_CONTEXT('2D SPACE',''
  ) );
#14512 = ADVANCED_FACE('',(#14513),#12548,.T.);
#14513 = FACE_BOUND('',#14514,.F.);
#14514 = EDGE_LOOP('',(#14515,#14516,#14517,#14518));
#14515 = ORIENTED_EDGE('',*,*,#12530,.T.);
#14516 = ORIENTED_EDGE('',*,*,#12704,.T.);
#14517 = ORIENTED_EDGE('',*,*,#12655,.T.);
#14518 = ORIENTED_EDGE('',*,*,#12606,.T.);
#14519 = ADVANCED_FACE('',(#14520,#14523),#12748,.F.);
#14520 = FACE_BOUND('',#14521,.F.);
#14521 = EDGE_LOOP('',(#14522));
#14522 = ORIENTED_EDGE('',*,*,#13733,.T.);
#14523 = FACE_BOUND('',#14524,.F.);
#14524 = EDGE_LOOP('',(#14525));
#14525 = ORIENTED_EDGE('',*,*,#12731,.T.);
#14526 = ADVANCED_FACE('',(#14527),#12808,.T.);
#14527 = FACE_BOUND('',#14528,.F.);
#14528 = EDGE_LOOP('',(#14529,#14530,#14531,#14532,#14533,#14534,#14535,
    #14536,#14537,#14538));
#14529 = ORIENTED_EDGE('',*,*,#12790,.T.);
#14530 = ORIENTED_EDGE('',*,*,#13258,.T.);
#14531 = ORIENTED_EDGE('',*,*,#13209,.T.);
#14532 = ORIENTED_EDGE('',*,*,#13160,.T.);
#14533 = ORIENTED_EDGE('',*,*,#13111,.T.);
#14534 = ORIENTED_EDGE('',*,*,#13062,.T.);
#14535 = ORIENTED_EDGE('',*,*,#13013,.T.);
#14536 = ORIENTED_EDGE('',*,*,#12964,.T.);
#14537 = ORIENTED_EDGE('',*,*,#12915,.T.);
#14538 = ORIENTED_EDGE('',*,*,#12866,.T.);
#14539 = ADVANCED_FACE('',(#14540),#13303,.T.);
#14540 = FACE_BOUND('',#14541,.F.);
#14541 = EDGE_LOOP('',(#14542,#14543,#14544,#14545,#14546,#14547,#14548,
    #14549));
#14542 = ORIENTED_EDGE('',*,*,#13285,.T.);
#14543 = ORIENTED_EDGE('',*,*,#13655,.T.);
#14544 = ORIENTED_EDGE('',*,*,#13606,.T.);
#14545 = ORIENTED_EDGE('',*,*,#13557,.T.);
#14546 = ORIENTED_EDGE('',*,*,#13508,.T.);
#14547 = ORIENTED_EDGE('',*,*,#13459,.T.);
#14548 = ORIENTED_EDGE('',*,*,#13410,.T.);
#14549 = ORIENTED_EDGE('',*,*,#13361,.T.);
#14550 = ADVANCED_FACE('',(#14551),#13798,.F.);
#14551 = FACE_BOUND('',#14552,.F.);
#14552 = EDGE_LOOP('',(#14553));
#14553 = ORIENTED_EDGE('',*,*,#13783,.T.);
#14554 = ADVANCED_FACE('',(#14555),#13846,.F.);
#14555 = FACE_BOUND('',#14556,.F.);
#14556 = EDGE_LOOP('',(#14557,#14558,#14581,#14630));
#14557 = ORIENTED_EDGE('',*,*,#13828,.F.);
#14558 = ORIENTED_EDGE('',*,*,#14559,.T.);
#14559 = EDGE_CURVE('',#13829,#14560,#14562,.T.);
#14560 = VERTEX_POINT('',#14561);
#14561 = CARTESIAN_POINT('',(68.339013671875,-42.73400421142,33.5));
#14562 = SURFACE_CURVE('',#14563,(#14567,#14574),.PCURVE_S1.);
#14563 = LINE('',#14564,#14565);
#14564 = CARTESIAN_POINT('',(68.339013671875,-42.73400421142,32.9));
#14565 = VECTOR('',#14566,1.);
#14566 = DIRECTION('',(0.,0.,1.));
#14567 = PCURVE('',#13846,#14568);
#14568 = DEFINITIONAL_REPRESENTATION('',(#14569),#14573);
#14569 = LINE('',#14570,#14571);
#14570 = CARTESIAN_POINT('',(0.,0.));
#14571 = VECTOR('',#14572,1.);
#14572 = DIRECTION('',(0.,-1.));
#14573 = ( GEOMETRIC_REPRESENTATION_CONTEXT(2) 
PARAMETRIC_REPRESENTATION_CONTEXT() REPRESENTATION_CONTEXT('2D SPACE',''
  ) );
#14574 = PCURVE('',#14054,#14575);
#14575 = DEFINITIONAL_REPRESENTATION('',(#14576),#14580);
#14576 = LINE('',#14577,#14578);
#14577 = CARTESIAN_POINT('',(1.,0.));
#14578 = VECTOR('',#14579,1.);
#14579 = DIRECTION('',(0.,-1.));
#14580 = ( GEOMETRIC_REPRESENTATION_CONTEXT(2) 
PARAMETRIC_REPRESENTATION_CONTEXT() REPRESENTATION_CONTEXT('2D SPACE',''
  ) );
#14581 = ORIENTED_EDGE('',*,*,#14582,.F.);
#14582 = EDGE_CURVE('',#14583,#14560,#14585,.T.);
#14583 = VERTEX_POINT('',#14584);
#14584 = CARTESIAN_POINT('',(67.67900390625,-43.07000030517,33.5));
#14585 = SURFACE_CURVE('',#14586,(#14597,#14611),.PCURVE_S1.);
#14586 = B_SPLINE_CURVE_WITH_KNOTS('',5,(#14587,#14588,#14589,#14590,
    #14591,#14592,#14593,#14594,#14595,#14596),.UNSPECIFIED.,.F.,.F.,(6,
    4,6),(0.,0.537020845872,1.),.UNSPECIFIED.);
#14587 = CARTESIAN_POINT('',(67.67900390625,-43.07000030517,33.5));
#14588 = CARTESIAN_POINT('',(67.731329918433,-43.00023364076,33.5));
#14589 = CARTESIAN_POINT('',(67.789050806289,-42.93793365416,33.5));
#14590 = CARTESIAN_POINT('',(67.852266375417,-42.88429739171,33.5));
#14591 = CARTESIAN_POINT('',(67.920810620432,-42.8403266421,33.5));
#14592 = CARTESIAN_POINT('',(68.057042276065,-42.7770445257,33.5));
#14593 = CARTESIAN_POINT('',(68.123569058851,-42.75515765463,33.5));
#14594 = CARTESIAN_POINT('',(68.193105802338,-42.74089462547,33.5));
#14595 = CARTESIAN_POINT('',(68.26510736159,-42.73400421142,33.5));
#14596 = CARTESIAN_POINT('',(68.339013671875,-42.73400421142,33.5));
#14597 = PCURVE('',#13846,#14598);
#14598 = DEFINITIONAL_REPRESENTATION('',(#14599),#14610);
#14599 = B_SPLINE_CURVE_WITH_KNOTS('',5,(#14600,#14601,#14602,#14603,
    #14604,#14605,#14606,#14607,#14608,#14609),.UNSPECIFIED.,.F.,.F.,(6,
    4,6),(0.,0.537020845872,1.),.UNSPECIFIED.);
#14600 = CARTESIAN_POINT('',(1.,-0.6));
#14601 = CARTESIAN_POINT('',(0.896179351918,-0.6));
#14602 = CARTESIAN_POINT('',(0.78999596315,-0.6));
#14603 = CARTESIAN_POINT('',(0.682008638251,-0.6));
#14604 = CARTESIAN_POINT('',(0.572990823737,-0.6));
#14605 = CARTESIAN_POINT('',(0.37003627444,-0.6));
#14606 = CARTESIAN_POINT('',(0.276056402208,-0.6));
#14607 = CARTESIAN_POINT('',(0.182725848785,-0.6));
#14608 = CARTESIAN_POINT('',(9.056972442736E-02,-0.6));
#14609 = CARTESIAN_POINT('',(0.,-0.6));
#14610 = ( GEOMETRIC_REPRESENTATION_CONTEXT(2) 
PARAMETRIC_REPRESENTATION_CONTEXT() REPRESENTATION_CONTEXT('2D SPACE',''
  ) );
#14611 = PCURVE('',#14612,#14617);
#14612 = PLANE('',#14613);
#14613 = AXIS2_PLACEMENT_3D('',#14614,#14615,#14616);
#14614 = CARTESIAN_POINT('',(58.,-58.5,33.5));
#14615 = DIRECTION('',(0.,0.,1.));
#14616 = DIRECTION('',(1.,0.,-0.));
#14617 = DEFINITIONAL_REPRESENTATION('',(#14618),#14629);
#14618 = B_SPLINE_CURVE_WITH_KNOTS('',5,(#14619,#14620,#14621,#14622,
    #14623,#14624,#14625,#14626,#14627,#14628),.UNSPECIFIED.,.F.,.F.,(6,
    4,6),(0.,0.537020845872,1.),.UNSPECIFIED.);
#14619 = CARTESIAN_POINT('',(9.67900390625,15.429999694824));
#14620 = CARTESIAN_POINT('',(9.731329918433,15.499766359236));
#14621 = CARTESIAN_POINT('',(9.789050806289,15.562066345833));
#14622 = CARTESIAN_POINT('',(9.852266375417,15.615702608287));
#14623 = CARTESIAN_POINT('',(9.920810620432,15.659673357898));
#14624 = CARTESIAN_POINT('',(10.057042276065,15.722955474295));
#14625 = CARTESIAN_POINT('',(10.123569058851,15.74484234537));
#14626 = CARTESIAN_POINT('',(10.193105802338,15.759105374522));
#14627 = CARTESIAN_POINT('',(10.26510736159,15.765995788574));
#14628 = CARTESIAN_POINT('',(10.339013671875,15.765995788574));
#14629 = ( GEOMETRIC_REPRESENTATION_CONTEXT(2) 
PARAMETRIC_REPRESENTATION_CONTEXT() REPRESENTATION_CONTEXT('2D SPACE',''
  ) );
#14630 = ORIENTED_EDGE('',*,*,#14631,.F.);
#14631 = EDGE_CURVE('',#13831,#14583,#14632,.T.);
#14632 = SURFACE_CURVE('',#14633,(#14637,#14644),.PCURVE_S1.);
#14633 = LINE('',#14634,#14635);
#14634 = CARTESIAN_POINT('',(67.67900390625,-43.07000030517,32.9));
#14635 = VECTOR('',#14636,1.);
#14636 = DIRECTION('',(0.,0.,1.));
#14637 = PCURVE('',#13846,#14638);
#14638 = DEFINITIONAL_REPRESENTATION('',(#14639),#14643);
#14639 = LINE('',#14640,#14641);
#14640 = CARTESIAN_POINT('',(1.,0.));
#14641 = VECTOR('',#14642,1.);
#14642 = DIRECTION('',(0.,-1.));
#14643 = ( GEOMETRIC_REPRESENTATION_CONTEXT(2) 
PARAMETRIC_REPRESENTATION_CONTEXT() REPRESENTATION_CONTEXT('2D SPACE',''
  ) );
#14644 = PCURVE('',#13876,#14645);
#14645 = DEFINITIONAL_REPRESENTATION('',(#14646),#14650);
#14646 = LINE('',#14647,#14648);
#14647 = CARTESIAN_POINT('',(0.,0.));
#14648 = VECTOR('',#14649,1.);
#14649 = DIRECTION('',(0.,-1.));
#14650 = ( GEOMETRIC_REPRESENTATION_CONTEXT(2) 
PARAMETRIC_REPRESENTATION_CONTEXT() REPRESENTATION_CONTEXT('2D SPACE',''
  ) );
#14651 = ADVANCED_FACE('',(#14652),#13876,.F.);
#14652 = FACE_BOUND('',#14653,.F.);
#14653 = EDGE_LOOP('',(#14654,#14655,#14656,#14700));
#14654 = ORIENTED_EDGE('',*,*,#13860,.F.);
#14655 = ORIENTED_EDGE('',*,*,#14631,.T.);
#14656 = ORIENTED_EDGE('',*,*,#14657,.F.);
#14657 = EDGE_CURVE('',#14658,#14583,#14660,.T.);
#14658 = VERTEX_POINT('',#14659);
#14659 = CARTESIAN_POINT('',(67.427001953125,-43.95199249267,33.5));
#14660 = SURFACE_CURVE('',#14661,(#14672,#14686),.PCURVE_S1.);
#14661 = B_SPLINE_CURVE_WITH_KNOTS('',5,(#14662,#14663,#14664,#14665,
    #14666,#14667,#14668,#14669,#14670,#14671),.UNSPECIFIED.,.F.,.F.,(6,
    4,6),(0.,0.516173518625,1.),.UNSPECIFIED.);
#14662 = CARTESIAN_POINT('',(67.427001953125,-43.95199249267,33.5));
#14663 = CARTESIAN_POINT('',(67.427001953125,-43.84775640181,33.5));
#14664 = CARTESIAN_POINT('',(67.432742996386,-43.74570148998,33.5));
#14665 = CARTESIAN_POINT('',(67.444794299762,-43.64634273562,33.5));
#14666 = CARTESIAN_POINT('',(67.463754228291,-43.55036361906,33.5));
#14667 = CARTESIAN_POINT('',(67.51460575819,-43.37238622033,33.5));
#14668 = CARTESIAN_POINT('',(67.545614630424,-43.28987931017,33.5));
#14669 = CARTESIAN_POINT('',(67.583331051065,-43.21160935229,33.5));
#14670 = CARTESIAN_POINT('',(67.6278746624,-43.13817130939,33.5));
#14671 = CARTESIAN_POINT('',(67.67900390625,-43.07000030517,33.5));
#14672 = PCURVE('',#13876,#14673);
#14673 = DEFINITIONAL_REPRESENTATION('',(#14674),#14685);
#14674 = B_SPLINE_CURVE_WITH_KNOTS('',5,(#14675,#14676,#14677,#14678,
    #14679,#14680,#14681,#14682,#14683,#14684),.UNSPECIFIED.,.F.,.F.,(6,
    4,6),(0.,0.516173518625,1.),.UNSPECIFIED.);
#14675 = CARTESIAN_POINT('',(1.,-0.6));
#14676 = CARTESIAN_POINT('',(0.904545021426,-0.6));
#14677 = CARTESIAN_POINT('',(0.80670633843,-0.6));
#14678 = CARTESIAN_POINT('',(0.706521162573,-0.6));
#14679 = CARTESIAN_POINT('',(0.604158768574,-0.6));
#14680 = CARTESIAN_POINT('',(0.402368547233,-0.6));
#14681 = CARTESIAN_POINT('',(0.303148572967,-0.6));
#14682 = CARTESIAN_POINT('',(0.202689919441,-0.6));
#14683 = CARTESIAN_POINT('',(0.101446126144,-0.6));
#14684 = CARTESIAN_POINT('',(0.,-0.6));
#14685 = ( GEOMETRIC_REPRESENTATION_CONTEXT(2) 
PARAMETRIC_REPRESENTATION_CONTEXT() REPRESENTATION_CONTEXT('2D SPACE',''
  ) );
#14686 = PCURVE('',#14612,#14687);
#14687 = DEFINITIONAL_REPRESENTATION('',(#14688),#14699);
#14688 = B_SPLINE_CURVE_WITH_KNOTS('',5,(#14689,#14690,#14691,#14692,
    #14693,#14694,#14695,#14696,#14697,#14698),.UNSPECIFIED.,.F.,.F.,(6,
    4,6),(0.,0.516173518625,1.),.UNSPECIFIED.);
#14689 = CARTESIAN_POINT('',(9.427001953125,14.548007507324));
#14690 = CARTESIAN_POINT('',(9.427001953125,14.652243598185));
#14691 = CARTESIAN_POINT('',(9.432742996386,14.754298510014));
#14692 = CARTESIAN_POINT('',(9.444794299762,14.853657264376));
#14693 = CARTESIAN_POINT('',(9.463754228291,14.949636380933));
#14694 = CARTESIAN_POINT('',(9.51460575819,15.127613779669));
#14695 = CARTESIAN_POINT('',(9.545614630424,15.210120689827));
#14696 = CARTESIAN_POINT('',(9.583331051065,15.288390647708));
#14697 = CARTESIAN_POINT('',(9.6278746624,15.361828690603));
#14698 = CARTESIAN_POINT('',(9.67900390625,15.429999694824));
#14699 = ( GEOMETRIC_REPRESENTATION_CONTEXT(2) 
PARAMETRIC_REPRESENTATION_CONTEXT() REPRESENTATION_CONTEXT('2D SPACE',''
  ) );
#14700 = ORIENTED_EDGE('',*,*,#14701,.F.);
#14701 = EDGE_CURVE('',#13861,#14658,#14702,.T.);
#14702 = SURFACE_CURVE('',#14703,(#14707,#14714),.PCURVE_S1.);
#14703 = LINE('',#14704,#14705);
#14704 = CARTESIAN_POINT('',(67.427001953125,-43.95199249267,32.9));
#14705 = VECTOR('',#14706,1.);
#14706 = DIRECTION('',(0.,0.,1.));
#14707 = PCURVE('',#13876,#14708);
#14708 = DEFINITIONAL_REPRESENTATION('',(#14709),#14713);
#14709 = LINE('',#14710,#14711);
#14710 = CARTESIAN_POINT('',(1.,0.));
#14711 = VECTOR('',#14712,1.);
#14712 = DIRECTION('',(0.,-1.));
#14713 = ( GEOMETRIC_REPRESENTATION_CONTEXT(2) 
PARAMETRIC_REPRESENTATION_CONTEXT() REPRESENTATION_CONTEXT('2D SPACE',''
  ) );
#14714 = PCURVE('',#13906,#14715);
#14715 = DEFINITIONAL_REPRESENTATION('',(#14716),#14720);
#14716 = LINE('',#14717,#14718);
#14717 = CARTESIAN_POINT('',(0.,0.));
#14718 = VECTOR('',#14719,1.);
#14719 = DIRECTION('',(0.,-1.));
#14720 = ( GEOMETRIC_REPRESENTATION_CONTEXT(2) 
PARAMETRIC_REPRESENTATION_CONTEXT() REPRESENTATION_CONTEXT('2D SPACE',''
  ) );
#14721 = ADVANCED_FACE('',(#14722),#13906,.F.);
#14722 = FACE_BOUND('',#14723,.F.);
#14723 = EDGE_LOOP('',(#14724,#14725,#14726,#14770));
#14724 = ORIENTED_EDGE('',*,*,#13890,.F.);
#14725 = ORIENTED_EDGE('',*,*,#14701,.T.);
#14726 = ORIENTED_EDGE('',*,*,#14727,.F.);
#14727 = EDGE_CURVE('',#14728,#14658,#14730,.T.);
#14728 = VERTEX_POINT('',#14729);
#14729 = CARTESIAN_POINT('',(67.67900390625,-44.8370022583,33.5));
#14730 = SURFACE_CURVE('',#14731,(#14742,#14756),.PCURVE_S1.);
#14731 = B_SPLINE_CURVE_WITH_KNOTS('',5,(#14732,#14733,#14734,#14735,
    #14736,#14737,#14738,#14739,#14740,#14741),.UNSPECIFIED.,.F.,.F.,(6,
    4,6),(0.,0.484723131443,1.),.UNSPECIFIED.);
#14732 = CARTESIAN_POINT('',(67.67900390625,-44.8370022583,33.5));
#14733 = CARTESIAN_POINT('',(67.627573386353,-44.7690414252,33.5));
#14734 = CARTESIAN_POINT('',(67.582843497889,-44.69556442326,33.5));
#14735 = CARTESIAN_POINT('',(67.545052038943,-44.61704391971,33.5));
#14736 = CARTESIAN_POINT('',(67.514048153638,-44.53412482634,33.5));
#14737 = CARTESIAN_POINT('',(67.463403349341,-44.35537344673,33.5));
#14738 = CARTESIAN_POINT('',(67.444599515725,-44.25904609386,33.5));
#14739 = CARTESIAN_POINT('',(67.432673825472,-44.15926540931,33.5));
#14740 = CARTESIAN_POINT('',(67.427001953125,-44.05673971245,33.5));
#14741 = CARTESIAN_POINT('',(67.427001953125,-43.95199249267,33.5));
#14742 = PCURVE('',#13906,#14743);
#14743 = DEFINITIONAL_REPRESENTATION('',(#14744),#14755);
#14744 = B_SPLINE_CURVE_WITH_KNOTS('',5,(#14745,#14746,#14747,#14748,
    #14749,#14750,#14751,#14752,#14753,#14754),.UNSPECIFIED.,.F.,.F.,(6,
    4,6),(0.,0.484723131443,1.),.UNSPECIFIED.);
#14745 = CARTESIAN_POINT('',(1.,-0.6));
#14746 = CARTESIAN_POINT('',(0.897956108555,-0.6));
#14747 = CARTESIAN_POINT('',(0.79619057836,-0.6));
#14748 = CARTESIAN_POINT('',(0.69531873729,-0.6));
#14749 = CARTESIAN_POINT('',(0.595805977351,-0.6));
#14750 = CARTESIAN_POINT('',(0.394028981358,-0.6));
#14751 = CARTESIAN_POINT('',(0.291975284499,-0.6));
#14752 = CARTESIAN_POINT('',(0.192208159812,-0.6));
#14753 = CARTESIAN_POINT('',(9.487771384011E-02,-0.6));
#14754 = CARTESIAN_POINT('',(0.,-0.6));
#14755 = ( GEOMETRIC_REPRESENTATION_CONTEXT(2) 
PARAMETRIC_REPRESENTATION_CONTEXT() REPRESENTATION_CONTEXT('2D SPACE',''
  ) );
#14756 = PCURVE('',#14612,#14757);
#14757 = DEFINITIONAL_REPRESENTATION('',(#14758),#14769);
#14758 = B_SPLINE_CURVE_WITH_KNOTS('',5,(#14759,#14760,#14761,#14762,
    #14763,#14764,#14765,#14766,#14767,#14768),.UNSPECIFIED.,.F.,.F.,(6,
    4,6),(0.,0.484723131443,1.),.UNSPECIFIED.);
#14759 = CARTESIAN_POINT('',(9.67900390625,13.662997741699));
#14760 = CARTESIAN_POINT('',(9.627573386353,13.730958574793));
#14761 = CARTESIAN_POINT('',(9.582843497889,13.804435576733));
#14762 = CARTESIAN_POINT('',(9.545052038943,13.882956080284));
#14763 = CARTESIAN_POINT('',(9.514048153638,13.965875173652));
#14764 = CARTESIAN_POINT('',(9.463403349341,14.144626553267));
#14765 = CARTESIAN_POINT('',(9.444599515725,14.240953906139));
#14766 = CARTESIAN_POINT('',(9.432673825472,14.340734590685));
#14767 = CARTESIAN_POINT('',(9.427001953125,14.443260287548));
#14768 = CARTESIAN_POINT('',(9.427001953125,14.548007507324));
#14769 = ( GEOMETRIC_REPRESENTATION_CONTEXT(2) 
PARAMETRIC_REPRESENTATION_CONTEXT() REPRESENTATION_CONTEXT('2D SPACE',''
  ) );
#14770 = ORIENTED_EDGE('',*,*,#14771,.F.);
#14771 = EDGE_CURVE('',#13891,#14728,#14772,.T.);
#14772 = SURFACE_CURVE('',#14773,(#14777,#14784),.PCURVE_S1.);
#14773 = LINE('',#14774,#14775);
#14774 = CARTESIAN_POINT('',(67.67900390625,-44.8370022583,32.9));
#14775 = VECTOR('',#14776,1.);
#14776 = DIRECTION('',(0.,0.,1.));
#14777 = PCURVE('',#13906,#14778);
#14778 = DEFINITIONAL_REPRESENTATION('',(#14779),#14783);
#14779 = LINE('',#14780,#14781);
#14780 = CARTESIAN_POINT('',(1.,0.));
#14781 = VECTOR('',#14782,1.);
#14782 = DIRECTION('',(0.,-1.));
#14783 = ( GEOMETRIC_REPRESENTATION_CONTEXT(2) 
PARAMETRIC_REPRESENTATION_CONTEXT() REPRESENTATION_CONTEXT('2D SPACE',''
  ) );
#14784 = PCURVE('',#13936,#14785);
#14785 = DEFINITIONAL_REPRESENTATION('',(#14786),#14790);
#14786 = LINE('',#14787,#14788);
#14787 = CARTESIAN_POINT('',(0.,0.));
#14788 = VECTOR('',#14789,1.);
#14789 = DIRECTION('',(0.,-1.));
#14790 = ( GEOMETRIC_REPRESENTATION_CONTEXT(2) 
PARAMETRIC_REPRESENTATION_CONTEXT() REPRESENTATION_CONTEXT('2D SPACE',''
  ) );
#14791 = ADVANCED_FACE('',(#14792),#13936,.F.);
#14792 = FACE_BOUND('',#14793,.F.);
#14793 = EDGE_LOOP('',(#14794,#14795,#14796,#14840));
#14794 = ORIENTED_EDGE('',*,*,#13920,.F.);
#14795 = ORIENTED_EDGE('',*,*,#14771,.T.);
#14796 = ORIENTED_EDGE('',*,*,#14797,.F.);
#14797 = EDGE_CURVE('',#14798,#14728,#14800,.T.);
#14798 = VERTEX_POINT('',#14799);
#14799 = CARTESIAN_POINT('',(68.345009765625,-45.17000030517,33.5));
#14800 = SURFACE_CURVE('',#14801,(#14812,#14826),.PCURVE_S1.);
#14801 = B_SPLINE_CURVE_WITH_KNOTS('',5,(#14802,#14803,#14804,#14805,
    #14806,#14807,#14808,#14809,#14810,#14811),.UNSPECIFIED.,.F.,.F.,(6,
    4,6),(0.,0.489679415024,1.),.UNSPECIFIED.);
#14802 = CARTESIAN_POINT('',(68.345009765625,-45.17000030517,33.5));
#14803 = CARTESIAN_POINT('',(68.266011744238,-45.17000030517,33.5));
#14804 = CARTESIAN_POINT('',(68.189180440577,-45.16242232258,33.5));
#14805 = CARTESIAN_POINT('',(68.115183339382,-45.14668416725,33.5));
#14806 = CARTESIAN_POINT('',(68.044676128603,-45.12247108523,33.5));
#14807 = CARTESIAN_POINT('',(67.908886221742,-45.05625712949,33.5));
#14808 = CARTESIAN_POINT('',(67.843919843679,-45.01353517322,33.5));
#14809 = CARTESIAN_POINT('',(67.783885820389,-44.9621685592,33.5));
#14810 = CARTESIAN_POINT('',(67.728939032843,-44.90298706286,33.5));
#14811 = CARTESIAN_POINT('',(67.67900390625,-44.8370022583,33.5));
#14812 = PCURVE('',#13936,#14813);
#14813 = DEFINITIONAL_REPRESENTATION('',(#14814),#14825);
#14814 = B_SPLINE_CURVE_WITH_KNOTS('',5,(#14815,#14816,#14817,#14818,
    #14819,#14820,#14821,#14822,#14823,#14824),.UNSPECIFIED.,.F.,.F.,(6,
    4,6),(0.,0.489679415024,1.),.UNSPECIFIED.);
#14815 = CARTESIAN_POINT('',(1.,-0.6));
#14816 = CARTESIAN_POINT('',(0.904592661815,-0.6));
#14817 = CARTESIAN_POINT('',(0.807349671302,-0.6));
#14818 = CARTESIAN_POINT('',(0.708735096573,-0.6));
#14819 = CARTESIAN_POINT('',(0.609355890433,-0.6));
#14820 = CARTESIAN_POINT('',(0.406456018834,-0.6));
#14821 = CARTESIAN_POINT('',(0.302893704992,-0.6));
#14822 = CARTESIAN_POINT('',(0.200209124684,-0.6));
#14823 = CARTESIAN_POINT('',(9.907686423396E-02,-0.6));
#14824 = CARTESIAN_POINT('',(0.,-0.6));
#14825 = ( GEOMETRIC_REPRESENTATION_CONTEXT(2) 
PARAMETRIC_REPRESENTATION_CONTEXT() REPRESENTATION_CONTEXT('2D SPACE',''
  ) );
#14826 = PCURVE('',#14612,#14827);
#14827 = DEFINITIONAL_REPRESENTATION('',(#14828),#14839);
#14828 = B_SPLINE_CURVE_WITH_KNOTS('',5,(#14829,#14830,#14831,#14832,
    #14833,#14834,#14835,#14836,#14837,#14838),.UNSPECIFIED.,.F.,.F.,(6,
    4,6),(0.,0.489679415024,1.),.UNSPECIFIED.);
#14829 = CARTESIAN_POINT('',(10.345009765625,13.329999694824));
#14830 = CARTESIAN_POINT('',(10.266011744238,13.329999694824));
#14831 = CARTESIAN_POINT('',(10.189180440577,13.337577677415));
#14832 = CARTESIAN_POINT('',(10.115183339382,13.353315832746));
#14833 = CARTESIAN_POINT('',(10.044676128603,13.377528914769));
#14834 = CARTESIAN_POINT('',(9.908886221742,13.443742870503));
#14835 = CARTESIAN_POINT('',(9.843919843679,13.486464826772));
#14836 = CARTESIAN_POINT('',(9.783885820389,13.537831440798));
#14837 = CARTESIAN_POINT('',(9.728939032843,13.597012937138));
#14838 = CARTESIAN_POINT('',(9.67900390625,13.662997741699));
#14839 = ( GEOMETRIC_REPRESENTATION_CONTEXT(2) 
PARAMETRIC_REPRESENTATION_CONTEXT() REPRESENTATION_CONTEXT('2D SPACE',''
  ) );
#14840 = ORIENTED_EDGE('',*,*,#14841,.F.);
#14841 = EDGE_CURVE('',#13921,#14798,#14842,.T.);
#14842 = SURFACE_CURVE('',#14843,(#14847,#14854),.PCURVE_S1.);
#14843 = LINE('',#14844,#14845);
#14844 = CARTESIAN_POINT('',(68.345009765625,-45.17000030517,32.9));
#14845 = VECTOR('',#14846,1.);
#14846 = DIRECTION('',(0.,0.,1.));
#14847 = PCURVE('',#13936,#14848);
#14848 = DEFINITIONAL_REPRESENTATION('',(#14849),#14853);
#14849 = LINE('',#14850,#14851);
#14850 = CARTESIAN_POINT('',(1.,0.));
#14851 = VECTOR('',#14852,1.);
#14852 = DIRECTION('',(0.,-1.));
#14853 = ( GEOMETRIC_REPRESENTATION_CONTEXT(2) 
PARAMETRIC_REPRESENTATION_CONTEXT() REPRESENTATION_CONTEXT('2D SPACE',''
  ) );
#14854 = PCURVE('',#13966,#14855);
#14855 = DEFINITIONAL_REPRESENTATION('',(#14856),#14860);
#14856 = LINE('',#14857,#14858);
#14857 = CARTESIAN_POINT('',(0.,0.));
#14858 = VECTOR('',#14859,1.);
#14859 = DIRECTION('',(0.,-1.));
#14860 = ( GEOMETRIC_REPRESENTATION_CONTEXT(2) 
PARAMETRIC_REPRESENTATION_CONTEXT() REPRESENTATION_CONTEXT('2D SPACE',''
  ) );
#14861 = ADVANCED_FACE('',(#14862),#13966,.F.);
#14862 = FACE_BOUND('',#14863,.F.);
#14863 = EDGE_LOOP('',(#14864,#14865,#14866,#14910));
#14864 = ORIENTED_EDGE('',*,*,#13950,.F.);
#14865 = ORIENTED_EDGE('',*,*,#14841,.T.);
#14866 = ORIENTED_EDGE('',*,*,#14867,.F.);
#14867 = EDGE_CURVE('',#14868,#14798,#14870,.T.);
#14868 = VERTEX_POINT('',#14869);
#14869 = CARTESIAN_POINT('',(68.981005859375,-44.84000030517,33.5));
#14870 = SURFACE_CURVE('',#14871,(#14882,#14896),.PCURVE_S1.);
#14871 = B_SPLINE_CURVE_WITH_KNOTS('',5,(#14872,#14873,#14874,#14875,
    #14876,#14877,#14878,#14879,#14880,#14881),.UNSPECIFIED.,.F.,.F.,(6,
    4,6),(0.,0.537022021367,1.),.UNSPECIFIED.);
#14872 = CARTESIAN_POINT('',(68.981005859375,-44.84000030517,33.5));
#14873 = CARTESIAN_POINT('',(68.931162743515,-44.90853458948,33.5));
#14874 = CARTESIAN_POINT('',(68.87598636681,-44.96972366283,33.5));
#14875 = CARTESIAN_POINT('',(68.815364540627,-45.02239739855,33.5));
#14876 = CARTESIAN_POINT('',(68.749444325708,-45.06557829043,33.5));
#14877 = CARTESIAN_POINT('',(68.618098650342,-45.12772534104,33.5));
#14878 = CARTESIAN_POINT('',(68.553835037842,-45.14922044258,33.5));
#14879 = CARTESIAN_POINT('',(68.486543186167,-45.16323060278,33.5));
#14880 = CARTESIAN_POINT('',(68.416752234948,-45.17000030517,33.5));
#14881 = CARTESIAN_POINT('',(68.345009765625,-45.17000030517,33.5));
#14882 = PCURVE('',#13966,#14883);
#14883 = DEFINITIONAL_REPRESENTATION('',(#14884),#14895);
#14884 = B_SPLINE_CURVE_WITH_KNOTS('',5,(#14885,#14886,#14887,#14888,
    #14889,#14890,#14891,#14892,#14893,#14894),.UNSPECIFIED.,.F.,.F.,(6,
    4,6),(0.,0.537022021367,1.),.UNSPECIFIED.);
#14885 = CARTESIAN_POINT('',(1.,-0.6));
#14886 = CARTESIAN_POINT('',(0.896160175292,-0.6));
#14887 = CARTESIAN_POINT('',(0.789970496279,-0.6));
#14888 = CARTESIAN_POINT('',(0.681987721375,-0.6));
#14889 = CARTESIAN_POINT('',(0.572980978135,-0.6));
#14890 = CARTESIAN_POINT('',(0.37004520679,-0.6));
#14891 = CARTESIAN_POINT('',(0.276073725805,-0.6));
#14892 = CARTESIAN_POINT('',(0.182746200834,-0.6));
#14893 = CARTESIAN_POINT('',(9.058481946527E-02,-0.6));
#14894 = CARTESIAN_POINT('',(0.,-0.6));
#14895 = ( GEOMETRIC_REPRESENTATION_CONTEXT(2) 
PARAMETRIC_REPRESENTATION_CONTEXT() REPRESENTATION_CONTEXT('2D SPACE',''
  ) );
#14896 = PCURVE('',#14612,#14897);
#14897 = DEFINITIONAL_REPRESENTATION('',(#14898),#14909);
#14898 = B_SPLINE_CURVE_WITH_KNOTS('',5,(#14899,#14900,#14901,#14902,
    #14903,#14904,#14905,#14906,#14907,#14908),.UNSPECIFIED.,.F.,.F.,(6,
    4,6),(0.,0.537022021367,1.),.UNSPECIFIED.);
#14899 = CARTESIAN_POINT('',(10.981005859375,13.659999694824));
#14900 = CARTESIAN_POINT('',(10.931162743515,13.591465410517));
#14901 = CARTESIAN_POINT('',(10.87598636681,13.530276337161));
#14902 = CARTESIAN_POINT('',(10.815364540627,13.477602601442));
#14903 = CARTESIAN_POINT('',(10.749444325708,13.434421709568));
#14904 = CARTESIAN_POINT('',(10.618098650342,13.372274658952));
#14905 = CARTESIAN_POINT('',(10.553835037842,13.350779557412));
#14906 = CARTESIAN_POINT('',(10.486543186167,13.336769397213));
#14907 = CARTESIAN_POINT('',(10.416752234948,13.329999694824));
#14908 = CARTESIAN_POINT('',(10.345009765625,13.329999694824));
#14909 = ( GEOMETRIC_REPRESENTATION_CONTEXT(2) 
PARAMETRIC_REPRESENTATION_CONTEXT() REPRESENTATION_CONTEXT('2D SPACE',''
  ) );
#14910 = ORIENTED_EDGE('',*,*,#14911,.F.);
#14911 = EDGE_CURVE('',#13951,#14868,#14912,.T.);
#14912 = SURFACE_CURVE('',#14913,(#14917,#14924),.PCURVE_S1.);
#14913 = LINE('',#14914,#14915);
#14914 = CARTESIAN_POINT('',(68.981005859375,-44.84000030517,32.9));
#14915 = VECTOR('',#14916,1.);
#14916 = DIRECTION('',(0.,0.,1.));
#14917 = PCURVE('',#13966,#14918);
#14918 = DEFINITIONAL_REPRESENTATION('',(#14919),#14923);
#14919 = LINE('',#14920,#14921);
#14920 = CARTESIAN_POINT('',(1.,0.));
#14921 = VECTOR('',#14922,1.);
#14922 = DIRECTION('',(0.,-1.));
#14923 = ( GEOMETRIC_REPRESENTATION_CONTEXT(2) 
PARAMETRIC_REPRESENTATION_CONTEXT() REPRESENTATION_CONTEXT('2D SPACE',''
  ) );
#14924 = PCURVE('',#13996,#14925);
#14925 = DEFINITIONAL_REPRESENTATION('',(#14926),#14930);
#14926 = LINE('',#14927,#14928);
#14927 = CARTESIAN_POINT('',(0.,0.));
#14928 = VECTOR('',#14929,1.);
#14929 = DIRECTION('',(0.,-1.));
#14930 = ( GEOMETRIC_REPRESENTATION_CONTEXT(2) 
PARAMETRIC_REPRESENTATION_CONTEXT() REPRESENTATION_CONTEXT('2D SPACE',''
  ) );
#14931 = ADVANCED_FACE('',(#14932),#13996,.F.);
#14932 = FACE_BOUND('',#14933,.F.);
#14933 = EDGE_LOOP('',(#14934,#14935,#14936,#14980));
#14934 = ORIENTED_EDGE('',*,*,#13980,.F.);
#14935 = ORIENTED_EDGE('',*,*,#14911,.T.);
#14936 = ORIENTED_EDGE('',*,*,#14937,.F.);
#14937 = EDGE_CURVE('',#14938,#14868,#14940,.T.);
#14938 = VERTEX_POINT('',#14939);
#14939 = CARTESIAN_POINT('',(69.221005859375,-43.96400421142,33.5));
#14940 = SURFACE_CURVE('',#14941,(#14952,#14966),.PCURVE_S1.);
#14941 = B_SPLINE_CURVE_WITH_KNOTS('',5,(#14942,#14943,#14944,#14945,
    #14946,#14947,#14948,#14949,#14950,#14951),.UNSPECIFIED.,.F.,.F.,(6,
    4,6),(0.,0.517660224798,1.),.UNSPECIFIED.);
#14942 = CARTESIAN_POINT('',(69.221005859375,-43.96400421142,33.5));
#14943 = CARTESIAN_POINT('',(69.221005859375,-44.0680371974,33.5));
#14944 = CARTESIAN_POINT('',(69.215559517061,-44.16983392037,33.5));
#14945 = CARTESIAN_POINT('',(69.204112778598,-44.26889075059,33.5));
#14946 = CARTESIAN_POINT('',(69.18606737721,-44.36452714954,33.5));
#14947 = CARTESIAN_POINT('',(69.137654312744,-44.54123404687,33.5));
#14948 = CARTESIAN_POINT('',(69.108209925824,-44.62286024704,33.5));
#14949 = CARTESIAN_POINT('',(69.072346040979,-44.70025135713,33.5));
#14950 = CARTESIAN_POINT('',(69.029887343477,-44.77278826453,33.5));
#14951 = CARTESIAN_POINT('',(68.981005859375,-44.84000030517,33.5));
#14952 = PCURVE('',#13996,#14953);
#14953 = DEFINITIONAL_REPRESENTATION('',(#14954),#14965);
#14954 = B_SPLINE_CURVE_WITH_KNOTS('',5,(#14955,#14956,#14957,#14958,
    #14959,#14960,#14961,#14962,#14963,#14964),.UNSPECIFIED.,.F.,.F.,(6,
    4,6),(0.,0.517660224798,1.),.UNSPECIFIED.);
#14955 = CARTESIAN_POINT('',(1.,-0.6));
#14956 = CARTESIAN_POINT('',(0.904731016242,-0.6));
#14957 = CARTESIAN_POINT('',(0.807021212428,-0.6));
#14958 = CARTESIAN_POINT('',(0.706875158472,-0.6));
#14959 = CARTESIAN_POINT('',(0.604422990978,-0.6));
#14960 = CARTESIAN_POINT('',(0.402701889035,-0.6));
#14961 = CARTESIAN_POINT('',(0.303685000087,-0.6));
#14962 = CARTESIAN_POINT('',(0.203255689342,-0.6));
#14963 = CARTESIAN_POINT('',(0.101836425213,-0.6));
#14964 = CARTESIAN_POINT('',(0.,-0.6));
#14965 = ( GEOMETRIC_REPRESENTATION_CONTEXT(2) 
PARAMETRIC_REPRESENTATION_CONTEXT() REPRESENTATION_CONTEXT('2D SPACE',''
  ) );
#14966 = PCURVE('',#14612,#14967);
#14967 = DEFINITIONAL_REPRESENTATION('',(#14968),#14979);
#14968 = B_SPLINE_CURVE_WITH_KNOTS('',5,(#14969,#14970,#14971,#14972,
    #14973,#14974,#14975,#14976,#14977,#14978),.UNSPECIFIED.,.F.,.F.,(6,
    4,6),(0.,0.517660224798,1.),.UNSPECIFIED.);
#14969 = CARTESIAN_POINT('',(11.221005859375,14.535995788574));
#14970 = CARTESIAN_POINT('',(11.221005859375,14.431962802599));
#14971 = CARTESIAN_POINT('',(11.215559517061,14.33016607963));
#14972 = CARTESIAN_POINT('',(11.204112778598,14.23110924941));
#14973 = CARTESIAN_POINT('',(11.18606737721,14.135472850456));
#14974 = CARTESIAN_POINT('',(11.137654312744,13.958765953128));
#14975 = CARTESIAN_POINT('',(11.108209925824,13.877139752955));
#14976 = CARTESIAN_POINT('',(11.072346040979,13.799748642864));
#14977 = CARTESIAN_POINT('',(11.029887343477,13.727211735465));
#14978 = CARTESIAN_POINT('',(10.981005859375,13.659999694824));
#14979 = ( GEOMETRIC_REPRESENTATION_CONTEXT(2) 
PARAMETRIC_REPRESENTATION_CONTEXT() REPRESENTATION_CONTEXT('2D SPACE',''
  ) );
#14980 = ORIENTED_EDGE('',*,*,#14981,.F.);
#14981 = EDGE_CURVE('',#13981,#14938,#14982,.T.);
#14982 = SURFACE_CURVE('',#14983,(#14987,#14994),.PCURVE_S1.);
#14983 = LINE('',#14984,#14985);
#14984 = CARTESIAN_POINT('',(69.221005859375,-43.96400421142,32.9));
#14985 = VECTOR('',#14986,1.);
#14986 = DIRECTION('',(0.,0.,1.));
#14987 = PCURVE('',#13996,#14988);
#14988 = DEFINITIONAL_REPRESENTATION('',(#14989),#14993);
#14989 = LINE('',#14990,#14991);
#14990 = CARTESIAN_POINT('',(1.,0.));
#14991 = VECTOR('',#14992,1.);
#14992 = DIRECTION('',(0.,-1.));
#14993 = ( GEOMETRIC_REPRESENTATION_CONTEXT(2) 
PARAMETRIC_REPRESENTATION_CONTEXT() REPRESENTATION_CONTEXT('2D SPACE',''
  ) );
#14994 = PCURVE('',#14026,#14995);
#14995 = DEFINITIONAL_REPRESENTATION('',(#14996),#15000);
#14996 = LINE('',#14997,#14998);
#14997 = CARTESIAN_POINT('',(0.,0.));
#14998 = VECTOR('',#14999,1.);
#14999 = DIRECTION('',(0.,-1.));
#15000 = ( GEOMETRIC_REPRESENTATION_CONTEXT(2) 
PARAMETRIC_REPRESENTATION_CONTEXT() REPRESENTATION_CONTEXT('2D SPACE',''
  ) );
#15001 = ADVANCED_FACE('',(#15002),#14026,.F.);
#15002 = FACE_BOUND('',#15003,.F.);
#15003 = EDGE_LOOP('',(#15004,#15005,#15006,#15050));
#15004 = ORIENTED_EDGE('',*,*,#14010,.F.);
#15005 = ORIENTED_EDGE('',*,*,#14981,.T.);
#15006 = ORIENTED_EDGE('',*,*,#15007,.F.);
#15007 = EDGE_CURVE('',#15008,#14938,#15010,.T.);
#15008 = VERTEX_POINT('',#15009);
#15009 = CARTESIAN_POINT('',(68.981005859375,-43.0670022583,33.5));
#15010 = SURFACE_CURVE('',#15011,(#15022,#15036),.PCURVE_S1.);
#15011 = B_SPLINE_CURVE_WITH_KNOTS('',5,(#15012,#15013,#15014,#15015,
    #15016,#15017,#15018,#15019,#15020,#15021),.UNSPECIFIED.,.F.,.F.,(6,
    4,6),(0.,0.482318386404,1.),.UNSPECIFIED.);
#15012 = CARTESIAN_POINT('',(68.981005859375,-43.0670022583,33.5));
#15013 = CARTESIAN_POINT('',(69.030274333557,-43.13536186528,33.5));
#15014 = CARTESIAN_POINT('',(69.072933114701,-43.20940637777,33.5));
#15015 = CARTESIAN_POINT('',(69.10883915978,-43.2885859415,33.5));
#15016 = CARTESIAN_POINT('',(69.138230522953,-43.37219433575,33.5));
#15017 = CARTESIAN_POINT('',(69.186444269469,-43.5533036707,33.5));
#15018 = CARTESIAN_POINT('',(69.204335149855,-43.65138065809,33.5));
#15019 = CARTESIAN_POINT('',(69.215641209376,-43.75296997572,33.5));
#15020 = CARTESIAN_POINT('',(69.221005859375,-43.85734976064,33.5));
#15021 = CARTESIAN_POINT('',(69.221005859375,-43.96400421142,33.5));
#15022 = PCURVE('',#14026,#15023);
#15023 = DEFINITIONAL_REPRESENTATION('',(#15024),#15035);
#15024 = B_SPLINE_CURVE_WITH_KNOTS('',5,(#15025,#15026,#15027,#15028,
    #15029,#15030,#15031,#15032,#15033,#15034),.UNSPECIFIED.,.F.,.F.,(6,
    4,6),(0.,0.482318386404,1.),.UNSPECIFIED.);
#15025 = CARTESIAN_POINT('',(1.,-0.6));
#15026 = CARTESIAN_POINT('',(0.897357345454,-0.6));
#15027 = CARTESIAN_POINT('',(0.795314939773,-0.6));
#15028 = CARTESIAN_POINT('',(0.694482297059,-0.6));
#15029 = CARTESIAN_POINT('',(0.595282364552,-0.6));
#15030 = CARTESIAN_POINT('',(0.393584964465,-0.6));
#15031 = CARTESIAN_POINT('',(0.29137166835,-0.6));
#15032 = CARTESIAN_POINT('',(0.191663426355,-0.6));
#15033 = CARTESIAN_POINT('',(9.455116321198E-02,-0.6));
#15034 = CARTESIAN_POINT('',(0.,-0.6));
#15035 = ( GEOMETRIC_REPRESENTATION_CONTEXT(2) 
PARAMETRIC_REPRESENTATION_CONTEXT() REPRESENTATION_CONTEXT('2D SPACE',''
  ) );
#15036 = PCURVE('',#14612,#15037);
#15037 = DEFINITIONAL_REPRESENTATION('',(#15038),#15049);
#15038 = B_SPLINE_CURVE_WITH_KNOTS('',5,(#15039,#15040,#15041,#15042,
    #15043,#15044,#15045,#15046,#15047,#15048),.UNSPECIFIED.,.F.,.F.,(6,
    4,6),(0.,0.482318386404,1.),.UNSPECIFIED.);
#15039 = CARTESIAN_POINT('',(10.981005859375,15.432997741699));
#15040 = CARTESIAN_POINT('',(11.030274333557,15.364638134719));
#15041 = CARTESIAN_POINT('',(11.072933114701,15.290593622229));
#15042 = CARTESIAN_POINT('',(11.10883915978,15.211414058495));
#15043 = CARTESIAN_POINT('',(11.138230522953,15.127805664243));
#15044 = CARTESIAN_POINT('',(11.186444269469,14.9466963293));
#15045 = CARTESIAN_POINT('',(11.204335149855,14.848619341902));
#15046 = CARTESIAN_POINT('',(11.215641209376,14.747030024277));
#15047 = CARTESIAN_POINT('',(11.221005859375,14.642650239358));
#15048 = CARTESIAN_POINT('',(11.221005859375,14.535995788574));
#15049 = ( GEOMETRIC_REPRESENTATION_CONTEXT(2) 
PARAMETRIC_REPRESENTATION_CONTEXT() REPRESENTATION_CONTEXT('2D SPACE',''
  ) );
#15050 = ORIENTED_EDGE('',*,*,#15051,.F.);
#15051 = EDGE_CURVE('',#14011,#15008,#15052,.T.);
#15052 = SURFACE_CURVE('',#15053,(#15057,#15064),.PCURVE_S1.);
#15053 = LINE('',#15054,#15055);
#15054 = CARTESIAN_POINT('',(68.981005859375,-43.0670022583,32.9));
#15055 = VECTOR('',#15056,1.);
#15056 = DIRECTION('',(0.,0.,1.));
#15057 = PCURVE('',#14026,#15058);
#15058 = DEFINITIONAL_REPRESENTATION('',(#15059),#15063);
#15059 = LINE('',#15060,#15061);
#15060 = CARTESIAN_POINT('',(1.,0.));
#15061 = VECTOR('',#15062,1.);
#15062 = DIRECTION('',(0.,-1.));
#15063 = ( GEOMETRIC_REPRESENTATION_CONTEXT(2) 
PARAMETRIC_REPRESENTATION_CONTEXT() REPRESENTATION_CONTEXT('2D SPACE',''
  ) );
#15064 = PCURVE('',#14054,#15065);
#15065 = DEFINITIONAL_REPRESENTATION('',(#15066),#15070);
#15066 = LINE('',#15067,#15068);
#15067 = CARTESIAN_POINT('',(0.,0.));
#15068 = VECTOR('',#15069,1.);
#15069 = DIRECTION('',(0.,-1.));
#15070 = ( GEOMETRIC_REPRESENTATION_CONTEXT(2) 
PARAMETRIC_REPRESENTATION_CONTEXT() REPRESENTATION_CONTEXT('2D SPACE',''
  ) );
#15071 = ADVANCED_FACE('',(#15072),#14054,.F.);
#15072 = FACE_BOUND('',#15073,.F.);
#15073 = EDGE_LOOP('',(#15074,#15075,#15076,#15118));
#15074 = ORIENTED_EDGE('',*,*,#14040,.F.);
#15075 = ORIENTED_EDGE('',*,*,#15051,.T.);
#15076 = ORIENTED_EDGE('',*,*,#15077,.F.);
#15077 = EDGE_CURVE('',#14560,#15008,#15078,.T.);
#15078 = SURFACE_CURVE('',#15079,(#15090,#15104),.PCURVE_S1.);
#15079 = B_SPLINE_CURVE_WITH_KNOTS('',5,(#15080,#15081,#15082,#15083,
    #15084,#15085,#15086,#15087,#15088,#15089),.UNSPECIFIED.,.F.,.F.,(6,
    4,6),(0.,0.473293058593,1.),.UNSPECIFIED.);
#15080 = CARTESIAN_POINT('',(68.339013671875,-42.73400421142,33.5));
#15081 = CARTESIAN_POINT('',(68.413290240009,-42.73400421142,33.5));
#15082 = CARTESIAN_POINT('',(68.485484898831,-42.74110975181,33.5));
#15083 = CARTESIAN_POINT('',(68.55499226967,-42.75584606377,33.5));
#15084 = CARTESIAN_POINT('',(68.621222625783,-42.77849405423,33.5));
#15085 = CARTESIAN_POINT('',(68.753242062765,-42.84257026625,33.5));
#15086 = CARTESIAN_POINT('',(68.818168969078,-42.88584480604,33.5));
#15087 = CARTESIAN_POINT('',(68.877823924761,-42.93833462238,33.5));
#15088 = CARTESIAN_POINT('',(68.932065221119,-42.999097521,33.5));
#15089 = CARTESIAN_POINT('',(68.981005859375,-43.0670022583,33.5));
#15090 = PCURVE('',#14054,#15091);
#15091 = DEFINITIONAL_REPRESENTATION('',(#15092),#15103);
#15092 = B_SPLINE_CURVE_WITH_KNOTS('',5,(#15093,#15094,#15095,#15096,
    #15097,#15098,#15099,#15100,#15101,#15102),.UNSPECIFIED.,.F.,.F.,(6,
    4,6),(0.,0.473293058593,1.),.UNSPECIFIED.);
#15093 = CARTESIAN_POINT('',(1.,-0.6));
#15094 = CARTESIAN_POINT('',(0.90761441336,-0.6));
#15095 = CARTESIAN_POINT('',(0.813518975532,-0.6));
#15096 = CARTESIAN_POINT('',(0.718148858685,-0.6));
#15097 = CARTESIAN_POINT('',(0.622067600025,-0.6));
#15098 = CARTESIAN_POINT('',(0.419090610863,-0.6));
#15099 = CARTESIAN_POINT('',(0.312150108021,-0.6));
#15100 = CARTESIAN_POINT('',(0.206191008614,-0.6));
#15101 = CARTESIAN_POINT('',(0.101959663033,-0.6));
#15102 = CARTESIAN_POINT('',(0.,-0.6));
#15103 = ( GEOMETRIC_REPRESENTATION_CONTEXT(2) 
PARAMETRIC_REPRESENTATION_CONTEXT() REPRESENTATION_CONTEXT('2D SPACE',''
  ) );
#15104 = PCURVE('',#14612,#15105);
#15105 = DEFINITIONAL_REPRESENTATION('',(#15106),#15117);
#15106 = B_SPLINE_CURVE_WITH_KNOTS('',5,(#15107,#15108,#15109,#15110,
    #15111,#15112,#15113,#15114,#15115,#15116),.UNSPECIFIED.,.F.,.F.,(6,
    4,6),(0.,0.473293058593,1.),.UNSPECIFIED.);
#15107 = CARTESIAN_POINT('',(10.339013671875,15.765995788574));
#15108 = CARTESIAN_POINT('',(10.413290240009,15.765995788574));
#15109 = CARTESIAN_POINT('',(10.485484898831,15.758890248183));
#15110 = CARTESIAN_POINT('',(10.55499226967,15.744153936222));
#15111 = CARTESIAN_POINT('',(10.621222625783,15.721505945766));
#15112 = CARTESIAN_POINT('',(10.753242062765,15.657429733743));
#15113 = CARTESIAN_POINT('',(10.818168969078,15.614155193954));
#15114 = CARTESIAN_POINT('',(10.877823924761,15.56166537762));
#15115 = CARTESIAN_POINT('',(10.932065221119,15.500902478999));
#15116 = CARTESIAN_POINT('',(10.981005859375,15.432997741699));
#15117 = ( GEOMETRIC_REPRESENTATION_CONTEXT(2) 
PARAMETRIC_REPRESENTATION_CONTEXT() REPRESENTATION_CONTEXT('2D SPACE',''
  ) );
#15118 = ORIENTED_EDGE('',*,*,#14559,.F.);
#15119 = ADVANCED_FACE('',(#15120),#14162,.F.);
#15120 = FACE_BOUND('',#15121,.F.);
#15121 = EDGE_LOOP('',(#15122,#15123,#15146,#15195));
#15122 = ORIENTED_EDGE('',*,*,#14144,.F.);
#15123 = ORIENTED_EDGE('',*,*,#15124,.T.);
#15124 = EDGE_CURVE('',#14145,#15125,#15127,.T.);
#15125 = VERTEX_POINT('',#15126);
#15126 = CARTESIAN_POINT('',(82.450986328125,-42.72800811767,33.5));
#15127 = SURFACE_CURVE('',#15128,(#15132,#15139),.PCURVE_S1.);
#15128 = LINE('',#15129,#15130);
#15129 = CARTESIAN_POINT('',(82.450986328125,-42.72800811767,32.9));
#15130 = VECTOR('',#15131,1.);
#15131 = DIRECTION('',(0.,0.,1.));
#15132 = PCURVE('',#14162,#15133);
#15133 = DEFINITIONAL_REPRESENTATION('',(#15134),#15138);
#15134 = LINE('',#15135,#15136);
#15135 = CARTESIAN_POINT('',(0.,0.));
#15136 = VECTOR('',#15137,1.);
#15137 = DIRECTION('',(0.,-1.));
#15138 = ( GEOMETRIC_REPRESENTATION_CONTEXT(2) 
PARAMETRIC_REPRESENTATION_CONTEXT() REPRESENTATION_CONTEXT('2D SPACE',''
  ) );
#15139 = PCURVE('',#14370,#15140);
#15140 = DEFINITIONAL_REPRESENTATION('',(#15141),#15145);
#15141 = LINE('',#15142,#15143);
#15142 = CARTESIAN_POINT('',(1.,0.));
#15143 = VECTOR('',#15144,1.);
#15144 = DIRECTION('',(0.,-1.));
#15145 = ( GEOMETRIC_REPRESENTATION_CONTEXT(2) 
PARAMETRIC_REPRESENTATION_CONTEXT() REPRESENTATION_CONTEXT('2D SPACE',''
  ) );
#15146 = ORIENTED_EDGE('',*,*,#15147,.F.);
#15147 = EDGE_CURVE('',#15148,#15125,#15150,.T.);
#15148 = VERTEX_POINT('',#15149);
#15149 = CARTESIAN_POINT('',(81.790986328125,-43.05500030517,33.5));
#15150 = SURFACE_CURVE('',#15151,(#15162,#15176),.PCURVE_S1.);
#15151 = B_SPLINE_CURVE_WITH_KNOTS('',5,(#15152,#15153,#15154,#15155,
    #15156,#15157,#15158,#15159,#15160,#15161),.UNSPECIFIED.,.F.,.F.,(6,
    4,6),(0.,0.456771044083,1.),.UNSPECIFIED.);
#15152 = CARTESIAN_POINT('',(81.790986328125,-43.05500030517,33.5));
#15153 = CARTESIAN_POINT('',(81.833905865681,-42.99652383237,33.5));
#15154 = CARTESIAN_POINT('',(81.881169742841,-42.94356627689,33.5));
#15155 = CARTESIAN_POINT('',(81.932833443702,-42.89684688794,33.5));
#15156 = CARTESIAN_POINT('',(81.988779231535,-42.85693837307,33.5));
#15157 = CARTESIAN_POINT('',(82.11970832033,-42.78497294781,33.5));
#15158 = CARTESIAN_POINT('',(82.196323911451,-42.75581410414,33.5));
#15159 = CARTESIAN_POINT('',(82.277712620707,-42.73699472158,33.5));
#15160 = CARTESIAN_POINT('',(82.362916499927,-42.72800811767,33.5));
#15161 = CARTESIAN_POINT('',(82.450986328125,-42.72800811767,33.5));
#15162 = PCURVE('',#14162,#15163);
#15163 = DEFINITIONAL_REPRESENTATION('',(#15164),#15175);
#15164 = B_SPLINE_CURVE_WITH_KNOTS('',5,(#15165,#15166,#15167,#15168,
    #15169,#15170,#15171,#15172,#15173,#15174),.UNSPECIFIED.,.F.,.F.,(6,
    4,6),(0.,0.456771044083,1.),.UNSPECIFIED.);
#15165 = CARTESIAN_POINT('',(1.,-0.6));
#15166 = CARTESIAN_POINT('',(0.910584296757,-0.6));
#15167 = CARTESIAN_POINT('',(0.819613437701,-0.6));
#15168 = CARTESIAN_POINT('',(0.727492711362,-0.6));
#15169 = CARTESIAN_POINT('',(0.634737589303,-0.6));
#15170 = CARTESIAN_POINT('',(0.431708981198,-0.6));
#15171 = CARTESIAN_POINT('',(0.32139146424,-0.6));
#15172 = CARTESIAN_POINT('',(0.212167357207,-0.6));
#15173 = CARTESIAN_POINT('',(0.104845033569,-0.6));
#15174 = CARTESIAN_POINT('',(0.,-0.6));
#15175 = ( GEOMETRIC_REPRESENTATION_CONTEXT(2) 
PARAMETRIC_REPRESENTATION_CONTEXT() REPRESENTATION_CONTEXT('2D SPACE',''
  ) );
#15176 = PCURVE('',#15177,#15182);
#15177 = PLANE('',#15178);
#15178 = AXIS2_PLACEMENT_3D('',#15179,#15180,#15181);
#15179 = CARTESIAN_POINT('',(58.,-58.5,33.5));
#15180 = DIRECTION('',(0.,0.,1.));
#15181 = DIRECTION('',(1.,0.,-0.));
#15182 = DEFINITIONAL_REPRESENTATION('',(#15183),#15194);
#15183 = B_SPLINE_CURVE_WITH_KNOTS('',5,(#15184,#15185,#15186,#15187,
    #15188,#15189,#15190,#15191,#15192,#15193),.UNSPECIFIED.,.F.,.F.,(6,
    4,6),(0.,0.456771044083,1.),.UNSPECIFIED.);
#15184 = CARTESIAN_POINT('',(23.790986328125,15.444999694824));
#15185 = CARTESIAN_POINT('',(23.833905865681,15.503476167625));
#15186 = CARTESIAN_POINT('',(23.881169742841,15.55643372311));
#15187 = CARTESIAN_POINT('',(23.932833443702,15.603153112052));
#15188 = CARTESIAN_POINT('',(23.988779231535,15.643061626922));
#15189 = CARTESIAN_POINT('',(24.11970832033,15.715027052181));
#15190 = CARTESIAN_POINT('',(24.196323911451,15.744185895859));
#15191 = CARTESIAN_POINT('',(24.277712620707,15.763005278412));
#15192 = CARTESIAN_POINT('',(24.362916499927,15.771991882324));
#15193 = CARTESIAN_POINT('',(24.450986328125,15.771991882324));
#15194 = ( GEOMETRIC_REPRESENTATION_CONTEXT(2) 
PARAMETRIC_REPRESENTATION_CONTEXT() REPRESENTATION_CONTEXT('2D SPACE',''
  ) );
#15195 = ORIENTED_EDGE('',*,*,#15196,.F.);
#15196 = EDGE_CURVE('',#14147,#15148,#15197,.T.);
#15197 = SURFACE_CURVE('',#15198,(#15202,#15209),.PCURVE_S1.);
#15198 = LINE('',#15199,#15200);
#15199 = CARTESIAN_POINT('',(81.790986328125,-43.05500030517,32.9));
#15200 = VECTOR('',#15201,1.);
#15201 = DIRECTION('',(0.,0.,1.));
#15202 = PCURVE('',#14162,#15203);
#15203 = DEFINITIONAL_REPRESENTATION('',(#15204),#15208);
#15204 = LINE('',#15205,#15206);
#15205 = CARTESIAN_POINT('',(1.,0.));
#15206 = VECTOR('',#15207,1.);
#15207 = DIRECTION('',(0.,-1.));
#15208 = ( GEOMETRIC_REPRESENTATION_CONTEXT(2) 
PARAMETRIC_REPRESENTATION_CONTEXT() REPRESENTATION_CONTEXT('2D SPACE',''
  ) );
#15209 = PCURVE('',#14192,#15210);
#15210 = DEFINITIONAL_REPRESENTATION('',(#15211),#15215);
#15211 = LINE('',#15212,#15213);
#15212 = CARTESIAN_POINT('',(0.,0.));
#15213 = VECTOR('',#15214,1.);
#15214 = DIRECTION('',(0.,-1.));
#15215 = ( GEOMETRIC_REPRESENTATION_CONTEXT(2) 
PARAMETRIC_REPRESENTATION_CONTEXT() REPRESENTATION_CONTEXT('2D SPACE',''
  ) );
#15216 = ADVANCED_FACE('',(#15217),#14192,.F.);
#15217 = FACE_BOUND('',#15218,.F.);
#15218 = EDGE_LOOP('',(#15219,#15220,#15221,#15271));
#15219 = ORIENTED_EDGE('',*,*,#14176,.F.);
#15220 = ORIENTED_EDGE('',*,*,#15196,.T.);
#15221 = ORIENTED_EDGE('',*,*,#15222,.F.);
#15222 = EDGE_CURVE('',#15223,#15148,#15225,.T.);
#15223 = VERTEX_POINT('',#15224);
#15224 = CARTESIAN_POINT('',(81.550986328125,-43.95199249267,33.5));
#15225 = SURFACE_CURVE('',#15226,(#15239,#15255),.PCURVE_S1.);
#15226 = B_SPLINE_CURVE_WITH_KNOTS('',6,(#15227,#15228,#15229,#15230,
    #15231,#15232,#15233,#15234,#15235,#15236,#15237,#15238),
  .UNSPECIFIED.,.F.,.F.,(7,5,7),(0.,0.521061807352,1.),.UNSPECIFIED.);
#15227 = CARTESIAN_POINT('',(81.550986328125,-43.95199249267,33.5));
#15228 = CARTESIAN_POINT('',(81.550986328125,-43.86208799576,33.5));
#15229 = CARTESIAN_POINT('',(81.554568711096,-43.77376308877,33.5));
#15230 = CARTESIAN_POINT('',(81.562039658206,-43.68729087041,33.5));
#15231 = CARTESIAN_POINT('',(81.573725862886,-43.60301860781,33.5));
#15232 = CARTESIAN_POINT('',(81.589952895057,-43.5213562172,33.5));
#15233 = CARTESIAN_POINT('',(81.630319378977,-43.37048779757,33.5));
#15234 = CARTESIAN_POINT('',(81.653714296949,-43.30080515311,33.5));
#15235 = CARTESIAN_POINT('',(81.681371673281,-43.23405670186,33.5));
#15236 = CARTESIAN_POINT('',(81.713447508083,-43.17061518136,33.5));
#15237 = CARTESIAN_POINT('',(81.750008332038,-43.11083149092,33.5));
#15238 = CARTESIAN_POINT('',(81.790986328125,-43.05500030517,33.5));
#15239 = PCURVE('',#14192,#15240);
#15240 = DEFINITIONAL_REPRESENTATION('',(#15241),#15254);
#15241 = B_SPLINE_CURVE_WITH_KNOTS('',6,(#15242,#15243,#15244,#15245,
    #15246,#15247,#15248,#15249,#15250,#15251,#15252,#15253),
  .UNSPECIFIED.,.F.,.F.,(7,5,7),(0.,0.521061807352,1.),.UNSPECIFIED.);
#15242 = CARTESIAN_POINT('',(1.,-0.6));
#15243 = CARTESIAN_POINT('',(0.921136406217,-0.6));
#15244 = CARTESIAN_POINT('',(0.840476593621,-0.6));
#15245 = CARTESIAN_POINT('',(0.757988176512,-0.6));
#15246 = CARTESIAN_POINT('',(0.6736856105,-0.6));
#15247 = CARTESIAN_POINT('',(0.587639304448,-0.6));
#15248 = CARTESIAN_POINT('',(0.41944562145,-0.6));
#15249 = CARTESIAN_POINT('',(0.337541445611,-0.6));
#15250 = CARTESIAN_POINT('',(0.254425265702,-0.6));
#15251 = CARTESIAN_POINT('',(0.170285487311,-0.6));
#15252 = CARTESIAN_POINT('',(8.537082518054E-02,-0.6));
#15253 = CARTESIAN_POINT('',(0.,-0.6));
#15254 = ( GEOMETRIC_REPRESENTATION_CONTEXT(2) 
PARAMETRIC_REPRESENTATION_CONTEXT() REPRESENTATION_CONTEXT('2D SPACE',''
  ) );
#15255 = PCURVE('',#15177,#15256);
#15256 = DEFINITIONAL_REPRESENTATION('',(#15257),#15270);
#15257 = B_SPLINE_CURVE_WITH_KNOTS('',6,(#15258,#15259,#15260,#15261,
    #15262,#15263,#15264,#15265,#15266,#15267,#15268,#15269),
  .UNSPECIFIED.,.F.,.F.,(7,5,7),(0.,0.521061807352,1.),.UNSPECIFIED.);
#15258 = CARTESIAN_POINT('',(23.550986328125,14.548007507324));
#15259 = CARTESIAN_POINT('',(23.550986328125,14.637912004237));
#15260 = CARTESIAN_POINT('',(23.554568711096,14.726236911225));
#15261 = CARTESIAN_POINT('',(23.562039658206,14.812709129584));
#15262 = CARTESIAN_POINT('',(23.573725862886,14.896981392189));
#15263 = CARTESIAN_POINT('',(23.589952895057,14.978643782791));
#15264 = CARTESIAN_POINT('',(23.630319378977,15.129512202428));
#15265 = CARTESIAN_POINT('',(23.653714296949,15.199194846884));
#15266 = CARTESIAN_POINT('',(23.681371673281,15.265943298138));
#15267 = CARTESIAN_POINT('',(23.713447508083,15.329384818633));
#15268 = CARTESIAN_POINT('',(23.750008332038,15.389168509075));
#15269 = CARTESIAN_POINT('',(23.790986328125,15.444999694824));
#15270 = ( GEOMETRIC_REPRESENTATION_CONTEXT(2) 
PARAMETRIC_REPRESENTATION_CONTEXT() REPRESENTATION_CONTEXT('2D SPACE',''
  ) );
#15271 = ORIENTED_EDGE('',*,*,#15272,.F.);
#15272 = EDGE_CURVE('',#14177,#15223,#15273,.T.);
#15273 = SURFACE_CURVE('',#15274,(#15278,#15285),.PCURVE_S1.);
#15274 = LINE('',#15275,#15276);
#15275 = CARTESIAN_POINT('',(81.550986328125,-43.95199249267,32.9));
#15276 = VECTOR('',#15277,1.);
#15277 = DIRECTION('',(0.,0.,1.));
#15278 = PCURVE('',#14192,#15279);
#15279 = DEFINITIONAL_REPRESENTATION('',(#15280),#15284);
#15280 = LINE('',#15281,#15282);
#15281 = CARTESIAN_POINT('',(1.,0.));
#15282 = VECTOR('',#15283,1.);
#15283 = DIRECTION('',(0.,-1.));
#15284 = ( GEOMETRIC_REPRESENTATION_CONTEXT(2) 
PARAMETRIC_REPRESENTATION_CONTEXT() REPRESENTATION_CONTEXT('2D SPACE',''
  ) );
#15285 = PCURVE('',#14222,#15286);
#15286 = DEFINITIONAL_REPRESENTATION('',(#15287),#15291);
#15287 = LINE('',#15288,#15289);
#15288 = CARTESIAN_POINT('',(0.,0.));
#15289 = VECTOR('',#15290,1.);
#15290 = DIRECTION('',(0.,-1.));
#15291 = ( GEOMETRIC_REPRESENTATION_CONTEXT(2) 
PARAMETRIC_REPRESENTATION_CONTEXT() REPRESENTATION_CONTEXT('2D SPACE',''
  ) );
#15292 = ADVANCED_FACE('',(#15293),#14222,.F.);
#15293 = FACE_BOUND('',#15294,.F.);
#15294 = EDGE_LOOP('',(#15295,#15296,#15297,#15347));
#15295 = ORIENTED_EDGE('',*,*,#14206,.F.);
#15296 = ORIENTED_EDGE('',*,*,#15272,.T.);
#15297 = ORIENTED_EDGE('',*,*,#15298,.F.);
#15298 = EDGE_CURVE('',#15299,#15223,#15301,.T.);
#15299 = VERTEX_POINT('',#15300);
#15300 = CARTESIAN_POINT('',(81.790986328125,-44.8489944458,33.5));
#15301 = SURFACE_CURVE('',#15302,(#15315,#15331),.PCURVE_S1.);
#15302 = B_SPLINE_CURVE_WITH_KNOTS('',6,(#15303,#15304,#15305,#15306,
    #15307,#15308,#15309,#15310,#15311,#15312,#15313,#15314),
  .UNSPECIFIED.,.F.,.F.,(7,5,7),(0.,0.480921325963,1.),.UNSPECIFIED.);
#15303 = CARTESIAN_POINT('',(81.790986328125,-44.8489944458,33.5));
#15304 = CARTESIAN_POINT('',(81.749838794742,-44.7929305967,33.5));
#15305 = CARTESIAN_POINT('',(81.713145039983,-44.7328816144,33.5));
#15306 = CARTESIAN_POINT('',(81.680973742786,-44.66914588981,33.5));
#15307 = CARTESIAN_POINT('',(81.653256981735,-44.60207890426,33.5));
#15308 = CARTESIAN_POINT('',(81.629836052977,-44.5320581424,33.5));
#15309 = CARTESIAN_POINT('',(81.589644936866,-44.38107682087,33.5));
#15310 = CARTESIAN_POINT('',(81.573548457468,-44.2996850315,33.5));
#15311 = CARTESIAN_POINT('',(81.561954604601,-44.21570796978,33.5));
#15312 = CARTESIAN_POINT('',(81.554541524401,-44.12955035218,33.5));
#15313 = CARTESIAN_POINT('',(81.550986328125,-44.04155519029,33.5));
#15314 = CARTESIAN_POINT('',(81.550986328125,-43.95199249267,33.5));
#15315 = PCURVE('',#14222,#15316);
#15316 = DEFINITIONAL_REPRESENTATION('',(#15317),#15330);
#15317 = B_SPLINE_CURVE_WITH_KNOTS('',6,(#15318,#15319,#15320,#15321,
    #15322,#15323,#15324,#15325,#15326,#15327,#15328,#15329),
  .UNSPECIFIED.,.F.,.F.,(7,5,7),(0.,0.480921325963,1.),.UNSPECIFIED.);
#15318 = CARTESIAN_POINT('',(1.,-0.6));
#15319 = CARTESIAN_POINT('',(0.91427597212,-0.6));
#15320 = CARTESIAN_POINT('',(0.829011840204,-0.6));
#15321 = CARTESIAN_POINT('',(0.74453034793,-0.6));
#15322 = CARTESIAN_POINT('',(0.661082996572,-0.6));
#15323 = CARTESIAN_POINT('',(0.578859960056,-0.6));
#15324 = CARTESIAN_POINT('',(0.410724434158,-0.6));
#15325 = CARTESIAN_POINT('',(0.325032027351,-0.6));
#15326 = CARTESIAN_POINT('',(0.241070848934,-0.6));
#15327 = CARTESIAN_POINT('',(0.158910058599,-0.6));
#15328 = CARTESIAN_POINT('',(7.856376984518E-02,-0.6));
#15329 = CARTESIAN_POINT('',(0.,-0.6));
#15330 = ( GEOMETRIC_REPRESENTATION_CONTEXT(2) 
PARAMETRIC_REPRESENTATION_CONTEXT() REPRESENTATION_CONTEXT('2D SPACE',''
  ) );
#15331 = PCURVE('',#15177,#15332);
#15332 = DEFINITIONAL_REPRESENTATION('',(#15333),#15346);
#15333 = B_SPLINE_CURVE_WITH_KNOTS('',6,(#15334,#15335,#15336,#15337,
    #15338,#15339,#15340,#15341,#15342,#15343,#15344,#15345),
  .UNSPECIFIED.,.F.,.F.,(7,5,7),(0.,0.480921325963,1.),.UNSPECIFIED.);
#15334 = CARTESIAN_POINT('',(23.790986328125,13.651005554199));
#15335 = CARTESIAN_POINT('',(23.749838794742,13.707069403293));
#15336 = CARTESIAN_POINT('',(23.713145039983,13.767118385597));
#15337 = CARTESIAN_POINT('',(23.680973742786,13.830854110188));
#15338 = CARTESIAN_POINT('',(23.653256981735,13.897921095732));
#15339 = CARTESIAN_POINT('',(23.629836052977,13.967941857592));
#15340 = CARTESIAN_POINT('',(23.589644936866,14.11892317913));
#15341 = CARTESIAN_POINT('',(23.573548457468,14.200314968492));
#15342 = CARTESIAN_POINT('',(23.561954604601,14.284292030211));
#15343 = CARTESIAN_POINT('',(23.554541524401,14.370449647819));
#15344 = CARTESIAN_POINT('',(23.550986328125,14.458444809701));
#15345 = CARTESIAN_POINT('',(23.550986328125,14.548007507324));
#15346 = ( GEOMETRIC_REPRESENTATION_CONTEXT(2) 
PARAMETRIC_REPRESENTATION_CONTEXT() REPRESENTATION_CONTEXT('2D SPACE',''
  ) );
#15347 = ORIENTED_EDGE('',*,*,#15348,.F.);
#15348 = EDGE_CURVE('',#14207,#15299,#15349,.T.);
#15349 = SURFACE_CURVE('',#15350,(#15354,#15361),.PCURVE_S1.);
#15350 = LINE('',#15351,#15352);
#15351 = CARTESIAN_POINT('',(81.790986328125,-44.8489944458,32.9));
#15352 = VECTOR('',#15353,1.);
#15353 = DIRECTION('',(0.,0.,1.));
#15354 = PCURVE('',#14222,#15355);
#15355 = DEFINITIONAL_REPRESENTATION('',(#15356),#15360);
#15356 = LINE('',#15357,#15358);
#15357 = CARTESIAN_POINT('',(1.,0.));
#15358 = VECTOR('',#15359,1.);
#15359 = DIRECTION('',(0.,-1.));
#15360 = ( GEOMETRIC_REPRESENTATION_CONTEXT(2) 
PARAMETRIC_REPRESENTATION_CONTEXT() REPRESENTATION_CONTEXT('2D SPACE',''
  ) );
#15361 = PCURVE('',#14252,#15362);
#15362 = DEFINITIONAL_REPRESENTATION('',(#15363),#15367);
#15363 = LINE('',#15364,#15365);
#15364 = CARTESIAN_POINT('',(0.,0.));
#15365 = VECTOR('',#15366,1.);
#15366 = DIRECTION('',(0.,-1.));
#15367 = ( GEOMETRIC_REPRESENTATION_CONTEXT(2) 
PARAMETRIC_REPRESENTATION_CONTEXT() REPRESENTATION_CONTEXT('2D SPACE',''
  ) );
#15368 = ADVANCED_FACE('',(#15369),#14252,.F.);
#15369 = FACE_BOUND('',#15370,.F.);
#15370 = EDGE_LOOP('',(#15371,#15372,#15373,#15417));
#15371 = ORIENTED_EDGE('',*,*,#14236,.F.);
#15372 = ORIENTED_EDGE('',*,*,#15348,.T.);
#15373 = ORIENTED_EDGE('',*,*,#15374,.F.);
#15374 = EDGE_CURVE('',#15375,#15299,#15377,.T.);
#15375 = VERTEX_POINT('',#15376);
#15376 = CARTESIAN_POINT('',(82.450986328125,-45.17599639892,33.5));
#15377 = SURFACE_CURVE('',#15378,(#15389,#15403),.PCURVE_S1.);
#15378 = B_SPLINE_CURVE_WITH_KNOTS('',5,(#15379,#15380,#15381,#15382,
    #15383,#15384,#15385,#15386,#15387,#15388),.UNSPECIFIED.,.F.,.F.,(6,
    4,6),(0.,0.543227927286,1.),.UNSPECIFIED.);
#15379 = CARTESIAN_POINT('',(82.450986328125,-45.17599639892,33.5));
#15380 = CARTESIAN_POINT('',(82.362916431027,-45.17599639892,33.5));
#15381 = CARTESIAN_POINT('',(82.277712483425,-45.16700951266,33.5));
#15382 = CARTESIAN_POINT('',(82.196323749681,-45.14818953596,33.5));
#15383 = CARTESIAN_POINT('',(82.119708203058,-45.11902980306,33.5));
#15384 = CARTESIAN_POINT('',(81.988779082222,-45.04706221094,33.5));
#15385 = CARTESIAN_POINT('',(81.932833226702,-45.00715242118,33.5));
#15386 = CARTESIAN_POINT('',(81.8811695433,-44.9604315936,33.5));
#15387 = CARTESIAN_POINT('',(81.83390574647,-44.90747250257,33.5));
#15388 = CARTESIAN_POINT('',(81.790986328125,-44.8489944458,33.5));
#15389 = PCURVE('',#14252,#15390);
#15390 = DEFINITIONAL_REPRESENTATION('',(#15391),#15402);
#15391 = B_SPLINE_CURVE_WITH_KNOTS('',5,(#15392,#15393,#15394,#15395,
    #15396,#15397,#15398,#15399,#15400,#15401),.UNSPECIFIED.,.F.,.F.,(6,
    4,6),(0.,0.543227927286,1.),.UNSPECIFIED.);
#15392 = CARTESIAN_POINT('',(1.,-0.6));
#15393 = CARTESIAN_POINT('',(0.895154884408,-0.6));
#15394 = CARTESIAN_POINT('',(0.78783247021,-0.6));
#15395 = CARTESIAN_POINT('',(0.678608312985,-0.6));
#15396 = CARTESIAN_POINT('',(0.568290836951,-0.6));
#15397 = CARTESIAN_POINT('',(0.365262179161,-0.6));
#15398 = CARTESIAN_POINT('',(0.272506922118,-0.6));
#15399 = CARTESIAN_POINT('',(0.180386188143,-0.6));
#15400 = CARTESIAN_POINT('',(8.941545488519E-02,-0.6));
#15401 = CARTESIAN_POINT('',(0.,-0.6));
#15402 = ( GEOMETRIC_REPRESENTATION_CONTEXT(2) 
PARAMETRIC_REPRESENTATION_CONTEXT() REPRESENTATION_CONTEXT('2D SPACE',''
  ) );
#15403 = PCURVE('',#15177,#15404);
#15404 = DEFINITIONAL_REPRESENTATION('',(#15405),#15416);
#15405 = B_SPLINE_CURVE_WITH_KNOTS('',5,(#15406,#15407,#15408,#15409,
    #15410,#15411,#15412,#15413,#15414,#15415),.UNSPECIFIED.,.F.,.F.,(6,
    4,6),(0.,0.543227927286,1.),.UNSPECIFIED.);
#15406 = CARTESIAN_POINT('',(24.450986328125,13.324003601074));
#15407 = CARTESIAN_POINT('',(24.362916431027,13.324003601074));
#15408 = CARTESIAN_POINT('',(24.277712483425,13.33299048734));
#15409 = CARTESIAN_POINT('',(24.196323749681,13.351810464039));
#15410 = CARTESIAN_POINT('',(24.119708203058,13.380970196933));
#15411 = CARTESIAN_POINT('',(23.988779082222,13.452937789053));
#15412 = CARTESIAN_POINT('',(23.932833226702,13.492847578812));
#15413 = CARTESIAN_POINT('',(23.8811695433,13.5395684064));
#15414 = CARTESIAN_POINT('',(23.83390574647,13.592527497425));
#15415 = CARTESIAN_POINT('',(23.790986328125,13.651005554199));
#15416 = ( GEOMETRIC_REPRESENTATION_CONTEXT(2) 
PARAMETRIC_REPRESENTATION_CONTEXT() REPRESENTATION_CONTEXT('2D SPACE',''
  ) );
#15417 = ORIENTED_EDGE('',*,*,#15418,.F.);
#15418 = EDGE_CURVE('',#14237,#15375,#15419,.T.);
#15419 = SURFACE_CURVE('',#15420,(#15424,#15431),.PCURVE_S1.);
#15420 = LINE('',#15421,#15422);
#15421 = CARTESIAN_POINT('',(82.450986328125,-45.17599639892,32.9));
#15422 = VECTOR('',#15423,1.);
#15423 = DIRECTION('',(0.,0.,1.));
#15424 = PCURVE('',#14252,#15425);
#15425 = DEFINITIONAL_REPRESENTATION('',(#15426),#15430);
#15426 = LINE('',#15427,#15428);
#15427 = CARTESIAN_POINT('',(1.,0.));
#15428 = VECTOR('',#15429,1.);
#15429 = DIRECTION('',(0.,-1.));
#15430 = ( GEOMETRIC_REPRESENTATION_CONTEXT(2) 
PARAMETRIC_REPRESENTATION_CONTEXT() REPRESENTATION_CONTEXT('2D SPACE',''
  ) );
#15431 = PCURVE('',#14282,#15432);
#15432 = DEFINITIONAL_REPRESENTATION('',(#15433),#15437);
#15433 = LINE('',#15434,#15435);
#15434 = CARTESIAN_POINT('',(0.,0.));
#15435 = VECTOR('',#15436,1.);
#15436 = DIRECTION('',(0.,-1.));
#15437 = ( GEOMETRIC_REPRESENTATION_CONTEXT(2) 
PARAMETRIC_REPRESENTATION_CONTEXT() REPRESENTATION_CONTEXT('2D SPACE',''
  ) );
#15438 = ADVANCED_FACE('',(#15439),#14282,.F.);
#15439 = FACE_BOUND('',#15440,.F.);
#15440 = EDGE_LOOP('',(#15441,#15442,#15443,#15487));
#15441 = ORIENTED_EDGE('',*,*,#14266,.F.);
#15442 = ORIENTED_EDGE('',*,*,#15418,.T.);
#15443 = ORIENTED_EDGE('',*,*,#15444,.F.);
#15444 = EDGE_CURVE('',#15445,#15375,#15447,.T.);
#15445 = VERTEX_POINT('',#15446);
#15446 = CARTESIAN_POINT('',(83.10798828125,-44.8489944458,33.5));
#15447 = SURFACE_CURVE('',#15448,(#15459,#15473),.PCURVE_S1.);
#15448 = B_SPLINE_CURVE_WITH_KNOTS('',5,(#15449,#15450,#15451,#15452,
    #15453,#15454,#15455,#15456,#15457,#15458),.UNSPECIFIED.,.F.,.F.,(6,
    4,6),(0.,0.479439771683,1.),.UNSPECIFIED.);
#15449 = CARTESIAN_POINT('',(83.10798828125,-44.8489944458,33.5));
#15450 = CARTESIAN_POINT('',(83.062527104599,-44.9101714542,33.5));
#15451 = CARTESIAN_POINT('',(83.012478667422,-44.9653340214,33.5));
#15452 = CARTESIAN_POINT('',(82.957780375551,-45.01366016851,33.5));
#15453 = CARTESIAN_POINT('',(82.898562933473,-45.05448938254,33.5));
#15454 = CARTESIAN_POINT('',(82.766632853911,-45.12349844313,33.5));
#15455 = CARTESIAN_POINT('',(82.69316862309,-45.15030846037,33.5));
#15456 = CARTESIAN_POINT('',(82.615536127823,-45.16767192037,33.5));
#15457 = CARTESIAN_POINT('',(82.534539020817,-45.17599639892,33.5));
#15458 = CARTESIAN_POINT('',(82.450986328125,-45.17599639892,33.5));
#15459 = PCURVE('',#14282,#15460);
#15460 = DEFINITIONAL_REPRESENTATION('',(#15461),#15472);
#15461 = B_SPLINE_CURVE_WITH_KNOTS('',5,(#15462,#15463,#15464,#15465,
    #15466,#15467,#15468,#15469,#15470,#15471),.UNSPECIFIED.,.F.,.F.,(6,
    4,6),(0.,0.479439771683,1.),.UNSPECIFIED.);
#15462 = CARTESIAN_POINT('',(1.,-0.6));
#15463 = CARTESIAN_POINT('',(0.906457732406,-0.6));
#15464 = CARTESIAN_POINT('',(0.811173929267,-0.6));
#15465 = CARTESIAN_POINT('',(0.71459213731,-0.6));
#15466 = CARTESIAN_POINT('',(0.617287375432,-0.6));
#15467 = CARTESIAN_POINT('',(0.414368508083,-0.6));
#15468 = CARTESIAN_POINT('',(0.308711842254,-0.6));
#15469 = CARTESIAN_POINT('',(0.203987315084,-0.6));
#15470 = CARTESIAN_POINT('',(0.100908097038,-0.6));
#15471 = CARTESIAN_POINT('',(0.,-0.6));
#15472 = ( GEOMETRIC_REPRESENTATION_CONTEXT(2) 
PARAMETRIC_REPRESENTATION_CONTEXT() REPRESENTATION_CONTEXT('2D SPACE',''
  ) );
#15473 = PCURVE('',#15177,#15474);
#15474 = DEFINITIONAL_REPRESENTATION('',(#15475),#15486);
#15475 = B_SPLINE_CURVE_WITH_KNOTS('',5,(#15476,#15477,#15478,#15479,
    #15480,#15481,#15482,#15483,#15484,#15485),.UNSPECIFIED.,.F.,.F.,(6,
    4,6),(0.,0.479439771683,1.),.UNSPECIFIED.);
#15476 = CARTESIAN_POINT('',(25.10798828125,13.651005554199));
#15477 = CARTESIAN_POINT('',(25.062527104599,13.589828545793));
#15478 = CARTESIAN_POINT('',(25.012478667422,13.534665978598));
#15479 = CARTESIAN_POINT('',(24.957780375551,13.486339831484));
#15480 = CARTESIAN_POINT('',(24.898562933473,13.445510617451));
#15481 = CARTESIAN_POINT('',(24.766632853911,13.376501556864));
#15482 = CARTESIAN_POINT('',(24.69316862309,13.349691539625));
#15483 = CARTESIAN_POINT('',(24.615536127823,13.332328079624));
#15484 = CARTESIAN_POINT('',(24.534539020817,13.324003601074));
#15485 = CARTESIAN_POINT('',(24.450986328125,13.324003601074));
#15486 = ( GEOMETRIC_REPRESENTATION_CONTEXT(2) 
PARAMETRIC_REPRESENTATION_CONTEXT() REPRESENTATION_CONTEXT('2D SPACE',''
  ) );
#15487 = ORIENTED_EDGE('',*,*,#15488,.F.);
#15488 = EDGE_CURVE('',#14267,#15445,#15489,.T.);
#15489 = SURFACE_CURVE('',#15490,(#15494,#15501),.PCURVE_S1.);
#15490 = LINE('',#15491,#15492);
#15491 = CARTESIAN_POINT('',(83.10798828125,-44.8489944458,32.9));
#15492 = VECTOR('',#15493,1.);
#15493 = DIRECTION('',(0.,0.,1.));
#15494 = PCURVE('',#14282,#15495);
#15495 = DEFINITIONAL_REPRESENTATION('',(#15496),#15500);
#15496 = LINE('',#15497,#15498);
#15497 = CARTESIAN_POINT('',(1.,0.));
#15498 = VECTOR('',#15499,1.);
#15499 = DIRECTION('',(0.,-1.));
#15500 = ( GEOMETRIC_REPRESENTATION_CONTEXT(2) 
PARAMETRIC_REPRESENTATION_CONTEXT() REPRESENTATION_CONTEXT('2D SPACE',''
  ) );
#15501 = PCURVE('',#14312,#15502);
#15502 = DEFINITIONAL_REPRESENTATION('',(#15503),#15507);
#15503 = LINE('',#15504,#15505);
#15504 = CARTESIAN_POINT('',(0.,0.));
#15505 = VECTOR('',#15506,1.);
#15506 = DIRECTION('',(0.,-1.));
#15507 = ( GEOMETRIC_REPRESENTATION_CONTEXT(2) 
PARAMETRIC_REPRESENTATION_CONTEXT() REPRESENTATION_CONTEXT('2D SPACE',''
  ) );
#15508 = ADVANCED_FACE('',(#15509),#14312,.F.);
#15509 = FACE_BOUND('',#15510,.F.);
#15510 = EDGE_LOOP('',(#15511,#15512,#15513,#15557));
#15511 = ORIENTED_EDGE('',*,*,#14296,.F.);
#15512 = ORIENTED_EDGE('',*,*,#15488,.T.);
#15513 = ORIENTED_EDGE('',*,*,#15514,.F.);
#15514 = EDGE_CURVE('',#15515,#15445,#15517,.T.);
#15515 = VERTEX_POINT('',#15516);
#15516 = CARTESIAN_POINT('',(83.350986328125,-43.97000030517,33.5));
#15517 = SURFACE_CURVE('',#15518,(#15529,#15543),.PCURVE_S1.);
#15518 = B_SPLINE_CURVE_WITH_KNOTS('',5,(#15519,#15520,#15521,#15522,
    #15523,#15524,#15525,#15526,#15527,#15528),.UNSPECIFIED.,.F.,.F.,(6,
    4,6),(0.,0.518529649705,1.),.UNSPECIFIED.);
#15519 = CARTESIAN_POINT('',(83.350986328125,-43.97000030517,33.5));
#15520 = CARTESIAN_POINT('',(83.350986328125,-44.0749556357,33.5));
#15521 = CARTESIAN_POINT('',(83.345494937663,-44.17761821596,33.5));
#15522 = CARTESIAN_POINT('',(83.333932495191,-44.27746366959,33.5));
#15523 = CARTESIAN_POINT('',(83.31566325567,-44.37377015725,33.5));
#15524 = CARTESIAN_POINT('',(83.266627604038,-44.5511462762,33.5));
#15525 = CARTESIAN_POINT('',(83.236846156741,-44.63282022406,33.5));
#15526 = CARTESIAN_POINT('',(83.200544661212,-44.71010045306,33.5));
#15527 = CARTESIAN_POINT('',(83.157531084113,-44.78232480171,33.5));
#15528 = CARTESIAN_POINT('',(83.10798828125,-44.8489944458,33.5));
#15529 = PCURVE('',#14312,#15530);
#15530 = DEFINITIONAL_REPRESENTATION('',(#15531),#15542);
#15531 = B_SPLINE_CURVE_WITH_KNOTS('',5,(#15532,#15533,#15534,#15535,
    #15536,#15537,#15538,#15539,#15540,#15541),.UNSPECIFIED.,.F.,.F.,(6,
    4,6),(0.,0.518529649705,1.),.UNSPECIFIED.);
#15532 = CARTESIAN_POINT('',(1.,-0.6));
#15533 = CARTESIAN_POINT('',(0.904930420302,-0.6));
#15534 = CARTESIAN_POINT('',(0.807332099451,-0.6));
#15535 = CARTESIAN_POINT('',(0.707193870363,-0.6));
#15536 = CARTESIAN_POINT('',(0.604636393548,-0.6));
#15537 = CARTESIAN_POINT('',(0.402841966542,-0.6));
#15538 = CARTESIAN_POINT('',(0.303883693877,-0.6));
#15539 = CARTESIAN_POINT('',(0.203437040236,-0.6));
#15540 = CARTESIAN_POINT('',(0.101940742941,-0.6));
#15541 = CARTESIAN_POINT('',(0.,-0.6));
#15542 = ( GEOMETRIC_REPRESENTATION_CONTEXT(2) 
PARAMETRIC_REPRESENTATION_CONTEXT() REPRESENTATION_CONTEXT('2D SPACE',''
  ) );
#15543 = PCURVE('',#15177,#15544);
#15544 = DEFINITIONAL_REPRESENTATION('',(#15545),#15556);
#15545 = B_SPLINE_CURVE_WITH_KNOTS('',5,(#15546,#15547,#15548,#15549,
    #15550,#15551,#15552,#15553,#15554,#15555),.UNSPECIFIED.,.F.,.F.,(6,
    4,6),(0.,0.518529649705,1.),.UNSPECIFIED.);
#15546 = CARTESIAN_POINT('',(25.350986328125,14.529999694824));
#15547 = CARTESIAN_POINT('',(25.350986328125,14.425044364299));
#15548 = CARTESIAN_POINT('',(25.345494937663,14.322381784032));
#15549 = CARTESIAN_POINT('',(25.333932495191,14.222536330409));
#15550 = CARTESIAN_POINT('',(25.31566325567,14.126229842743));
#15551 = CARTESIAN_POINT('',(25.266627604038,13.948853723794));
#15552 = CARTESIAN_POINT('',(25.236846156741,13.86717977594));
#15553 = CARTESIAN_POINT('',(25.200544661212,13.789899546936));
#15554 = CARTESIAN_POINT('',(25.157531084113,13.717675198289));
#15555 = CARTESIAN_POINT('',(25.10798828125,13.651005554199));
#15556 = ( GEOMETRIC_REPRESENTATION_CONTEXT(2) 
PARAMETRIC_REPRESENTATION_CONTEXT() REPRESENTATION_CONTEXT('2D SPACE',''
  ) );
#15557 = ORIENTED_EDGE('',*,*,#15558,.F.);
#15558 = EDGE_CURVE('',#14297,#15515,#15559,.T.);
#15559 = SURFACE_CURVE('',#15560,(#15564,#15571),.PCURVE_S1.);
#15560 = LINE('',#15561,#15562);
#15561 = CARTESIAN_POINT('',(83.350986328125,-43.97000030517,32.9));
#15562 = VECTOR('',#15563,1.);
#15563 = DIRECTION('',(0.,0.,1.));
#15564 = PCURVE('',#14312,#15565);
#15565 = DEFINITIONAL_REPRESENTATION('',(#15566),#15570);
#15566 = LINE('',#15567,#15568);
#15567 = CARTESIAN_POINT('',(1.,0.));
#15568 = VECTOR('',#15569,1.);
#15569 = DIRECTION('',(0.,-1.));
#15570 = ( GEOMETRIC_REPRESENTATION_CONTEXT(2) 
PARAMETRIC_REPRESENTATION_CONTEXT() REPRESENTATION_CONTEXT('2D SPACE',''
  ) );
#15571 = PCURVE('',#14342,#15572);
#15572 = DEFINITIONAL_REPRESENTATION('',(#15573),#15577);
#15573 = LINE('',#15574,#15575);
#15574 = CARTESIAN_POINT('',(0.,0.));
#15575 = VECTOR('',#15576,1.);
#15576 = DIRECTION('',(0.,-1.));
#15577 = ( GEOMETRIC_REPRESENTATION_CONTEXT(2) 
PARAMETRIC_REPRESENTATION_CONTEXT() REPRESENTATION_CONTEXT('2D SPACE',''
  ) );
#15578 = ADVANCED_FACE('',(#15579),#14342,.F.);
#15579 = FACE_BOUND('',#15580,.F.);
#15580 = EDGE_LOOP('',(#15581,#15582,#15583,#15633));
#15581 = ORIENTED_EDGE('',*,*,#14326,.F.);
#15582 = ORIENTED_EDGE('',*,*,#15558,.T.);
#15583 = ORIENTED_EDGE('',*,*,#15584,.F.);
#15584 = EDGE_CURVE('',#15585,#15515,#15587,.T.);
#15585 = VERTEX_POINT('',#15586);
#15586 = CARTESIAN_POINT('',(83.113994140625,-43.05800811767,33.5));
#15587 = SURFACE_CURVE('',#15588,(#15601,#15617),.PCURVE_S1.);
#15588 = B_SPLINE_CURVE_WITH_KNOTS('',6,(#15589,#15590,#15591,#15592,
    #15593,#15594,#15595,#15596,#15597,#15598,#15599,#15600),
  .UNSPECIFIED.,.F.,.F.,(7,5,7),(0.,0.479485941366,1.),.UNSPECIFIED.);
#15589 = CARTESIAN_POINT('',(83.113994140625,-43.05800811767,33.5));
#15590 = CARTESIAN_POINT('',(83.154755260845,-43.11476597883,33.5));
#15591 = CARTESIAN_POINT('',(83.191038086273,-43.17561857701,33.5));
#15592 = CARTESIAN_POINT('',(83.222795015667,-43.24023806629,33.5));
#15593 = CARTESIAN_POINT('',(83.250116870177,-43.30824172421,33.5));
#15594 = CARTESIAN_POINT('',(83.27318298777,-43.37923109902,33.5));
#15595 = CARTESIAN_POINT('',(83.312867842412,-43.53272894227,33.5));
#15596 = CARTESIAN_POINT('',(83.328767140826,-43.61570593721,33.5));
#15597 = CARTESIAN_POINT('',(83.340196016847,-43.70130542995,33.5));
#15598 = CARTESIAN_POINT('',(83.347491826157,-43.78910822652,33.5));
#15599 = CARTESIAN_POINT('',(83.350986328125,-43.8787636998,33.5));
#15600 = CARTESIAN_POINT('',(83.350986328125,-43.97000030517,33.5));
#15601 = PCURVE('',#14342,#15602);
#15602 = DEFINITIONAL_REPRESENTATION('',(#15603),#15616);
#15603 = B_SPLINE_CURVE_WITH_KNOTS('',6,(#15604,#15605,#15606,#15607,
    #15608,#15609,#15610,#15611,#15612,#15613,#15614,#15615),
  .UNSPECIFIED.,.F.,.F.,(7,5,7),(0.,0.479485941366,1.),.UNSPECIFIED.);
#15604 = CARTESIAN_POINT('',(1.,-0.6));
#15605 = CARTESIAN_POINT('',(0.914003240676,-0.6));
#15606 = CARTESIAN_POINT('',(0.828579516091,-0.6));
#15607 = CARTESIAN_POINT('',(0.744053968081,-0.6));
#15608 = CARTESIAN_POINT('',(0.660672435804,-0.6));
#15609 = CARTESIAN_POINT('',(0.578613412126,-0.6));
#15610 = CARTESIAN_POINT('',(0.4104887495,-0.6));
#15611 = CARTESIAN_POINT('',(0.324677794148,-0.6));
#15612 = CARTESIAN_POINT('',(0.240697509456,-0.6));
#15613 = CARTESIAN_POINT('',(0.158599860006,-0.6));
#15614 = CARTESIAN_POINT('',(7.83830155561E-02,-0.6));
#15615 = CARTESIAN_POINT('',(0.,-0.6));
#15616 = ( GEOMETRIC_REPRESENTATION_CONTEXT(2) 
PARAMETRIC_REPRESENTATION_CONTEXT() REPRESENTATION_CONTEXT('2D SPACE',''
  ) );
#15617 = PCURVE('',#15177,#15618);
#15618 = DEFINITIONAL_REPRESENTATION('',(#15619),#15632);
#15619 = B_SPLINE_CURVE_WITH_KNOTS('',6,(#15620,#15621,#15622,#15623,
    #15624,#15625,#15626,#15627,#15628,#15629,#15630,#15631),
  .UNSPECIFIED.,.F.,.F.,(7,5,7),(0.,0.479485941366,1.),.UNSPECIFIED.);
#15620 = CARTESIAN_POINT('',(25.113994140625,15.441991882324));
#15621 = CARTESIAN_POINT('',(25.154755260845,15.38523402117));
#15622 = CARTESIAN_POINT('',(25.191038086273,15.324381422984));
#15623 = CARTESIAN_POINT('',(25.222795015667,15.259761933703));
#15624 = CARTESIAN_POINT('',(25.250116870177,15.191758275782));
#15625 = CARTESIAN_POINT('',(25.27318298777,15.120768900972));
#15626 = CARTESIAN_POINT('',(25.312867842412,14.967271057726));
#15627 = CARTESIAN_POINT('',(25.328767140826,14.884294062787));
#15628 = CARTESIAN_POINT('',(25.340196016847,14.798694570047));
#15629 = CARTESIAN_POINT('',(25.347491826157,14.710891773479));
#15630 = CARTESIAN_POINT('',(25.350986328125,14.621236300197));
#15631 = CARTESIAN_POINT('',(25.350986328125,14.529999694824));
#15632 = ( GEOMETRIC_REPRESENTATION_CONTEXT(2) 
PARAMETRIC_REPRESENTATION_CONTEXT() REPRESENTATION_CONTEXT('2D SPACE',''
  ) );
#15633 = ORIENTED_EDGE('',*,*,#15634,.F.);
#15634 = EDGE_CURVE('',#14327,#15585,#15635,.T.);
#15635 = SURFACE_CURVE('',#15636,(#15640,#15647),.PCURVE_S1.);
#15636 = LINE('',#15637,#15638);
#15637 = CARTESIAN_POINT('',(83.113994140625,-43.05800811767,32.9));
#15638 = VECTOR('',#15639,1.);
#15639 = DIRECTION('',(0.,0.,1.));
#15640 = PCURVE('',#14342,#15641);
#15641 = DEFINITIONAL_REPRESENTATION('',(#15642),#15646);
#15642 = LINE('',#15643,#15644);
#15643 = CARTESIAN_POINT('',(1.,0.));
#15644 = VECTOR('',#15645,1.);
#15645 = DIRECTION('',(0.,-1.));
#15646 = ( GEOMETRIC_REPRESENTATION_CONTEXT(2) 
PARAMETRIC_REPRESENTATION_CONTEXT() REPRESENTATION_CONTEXT('2D SPACE',''
  ) );
#15647 = PCURVE('',#14370,#15648);
#15648 = DEFINITIONAL_REPRESENTATION('',(#15649),#15653);
#15649 = LINE('',#15650,#15651);
#15650 = CARTESIAN_POINT('',(0.,0.));
#15651 = VECTOR('',#15652,1.);
#15652 = DIRECTION('',(0.,-1.));
#15653 = ( GEOMETRIC_REPRESENTATION_CONTEXT(2) 
PARAMETRIC_REPRESENTATION_CONTEXT() REPRESENTATION_CONTEXT('2D SPACE',''
  ) );
#15654 = ADVANCED_FACE('',(#15655),#14370,.F.);
#15655 = FACE_BOUND('',#15656,.F.);
#15656 = EDGE_LOOP('',(#15657,#15658,#15659,#15701));
#15657 = ORIENTED_EDGE('',*,*,#14356,.F.);
#15658 = ORIENTED_EDGE('',*,*,#15634,.T.);
#15659 = ORIENTED_EDGE('',*,*,#15660,.F.);
#15660 = EDGE_CURVE('',#15125,#15585,#15661,.T.);
#15661 = SURFACE_CURVE('',#15662,(#15673,#15687),.PCURVE_S1.);
#15662 = B_SPLINE_CURVE_WITH_KNOTS('',5,(#15663,#15664,#15665,#15666,
    #15667,#15668,#15669,#15670,#15671,#15672),.UNSPECIFIED.,.F.,.F.,(6,
    4,6),(0.,0.55768118587,1.),.UNSPECIFIED.);
#15663 = CARTESIAN_POINT('',(82.450986328125,-42.72800811767,33.5));
#15664 = CARTESIAN_POINT('',(82.542370188418,-42.72800811767,33.5));
#15665 = CARTESIAN_POINT('',(82.630645863889,-42.73749913933,33.5));
#15666 = CARTESIAN_POINT('',(82.714740504787,-42.75744381728,33.5));
#15667 = CARTESIAN_POINT('',(82.793554534126,-42.78844238964,33.5));
#15668 = CARTESIAN_POINT('',(82.92396456313,-42.8630022082,33.5));
#15669 = CARTESIAN_POINT('',(82.977841446777,-42.90265108073,33.5));
#15670 = CARTESIAN_POINT('',(83.027516212271,-42.94874964141,33.5));
#15671 = CARTESIAN_POINT('',(83.072881198162,-43.0007603613,33.5));
#15672 = CARTESIAN_POINT('',(83.113994140625,-43.05800811767,33.5));
#15673 = PCURVE('',#14370,#15674);
#15674 = DEFINITIONAL_REPRESENTATION('',(#15675),#15686);
#15675 = B_SPLINE_CURVE_WITH_KNOTS('',5,(#15676,#15677,#15678,#15679,
    #15680,#15681,#15682,#15683,#15684,#15685),.UNSPECIFIED.,.F.,.F.,(6,
    4,6),(0.,0.55768118587,1.),.UNSPECIFIED.);
#15676 = CARTESIAN_POINT('',(1.,-0.6));
#15677 = CARTESIAN_POINT('',(0.892745881923,-0.6));
#15678 = CARTESIAN_POINT('',(0.782759168993,-0.6));
#15679 = CARTESIAN_POINT('',(0.670651874302,-0.6));
#15680 = CARTESIAN_POINT('',(0.557311009459,-0.6));
#15681 = CARTESIAN_POINT('',(0.354128595689,-0.6));
#15682 = CARTESIAN_POINT('',(0.264240237429,-0.6));
#15683 = CARTESIAN_POINT('',(0.174947805403,-0.6));
#15684 = CARTESIAN_POINT('',(8.673902481098E-02,-0.6));
#15685 = CARTESIAN_POINT('',(0.,-0.6));
#15686 = ( GEOMETRIC_REPRESENTATION_CONTEXT(2) 
PARAMETRIC_REPRESENTATION_CONTEXT() REPRESENTATION_CONTEXT('2D SPACE',''
  ) );
#15687 = PCURVE('',#15177,#15688);
#15688 = DEFINITIONAL_REPRESENTATION('',(#15689),#15700);
#15689 = B_SPLINE_CURVE_WITH_KNOTS('',5,(#15690,#15691,#15692,#15693,
    #15694,#15695,#15696,#15697,#15698,#15699),.UNSPECIFIED.,.F.,.F.,(6,
    4,6),(0.,0.55768118587,1.),.UNSPECIFIED.);
#15690 = CARTESIAN_POINT('',(24.450986328125,15.771991882324));
#15691 = CARTESIAN_POINT('',(24.542370188418,15.771991882324));
#15692 = CARTESIAN_POINT('',(24.630645863889,15.762500860663));
#15693 = CARTESIAN_POINT('',(24.714740504787,15.742556182715));
#15694 = CARTESIAN_POINT('',(24.793554534126,15.711557610355));
#15695 = CARTESIAN_POINT('',(24.92396456313,15.636997791798));
#15696 = CARTESIAN_POINT('',(24.977841446777,15.597348919268));
#15697 = CARTESIAN_POINT('',(25.027516212271,15.551250358588));
#15698 = CARTESIAN_POINT('',(25.072881198162,15.499239638699));
#15699 = CARTESIAN_POINT('',(25.113994140625,15.441991882324));
#15700 = ( GEOMETRIC_REPRESENTATION_CONTEXT(2) 
PARAMETRIC_REPRESENTATION_CONTEXT() REPRESENTATION_CONTEXT('2D SPACE',''
  ) );
#15701 = ORIENTED_EDGE('',*,*,#15124,.F.);
#15702 = ADVANCED_FACE('',(#15703),#14447,.F.);
#15703 = FACE_BOUND('',#15704,.F.);
#15704 = EDGE_LOOP('',(#15705,#15706,#15729,#15755));
#15705 = ORIENTED_EDGE('',*,*,#14429,.F.);
#15706 = ORIENTED_EDGE('',*,*,#15707,.T.);
#15707 = EDGE_CURVE('',#14430,#15708,#15710,.T.);
#15708 = VERTEX_POINT('',#15709);
#15709 = CARTESIAN_POINT('',(85.989501953125,-29.85900405883,33.5));
#15710 = SURFACE_CURVE('',#15711,(#15715,#15722),.PCURVE_S1.);
#15711 = LINE('',#15712,#15713);
#15712 = CARTESIAN_POINT('',(85.989501953125,-29.85900405883,32.9));
#15713 = VECTOR('',#15714,1.);
#15714 = DIRECTION('',(0.,0.,1.));
#15715 = PCURVE('',#14447,#15716);
#15716 = DEFINITIONAL_REPRESENTATION('',(#15717),#15721);
#15717 = LINE('',#15718,#15719);
#15718 = CARTESIAN_POINT('',(0.,0.));
#15719 = VECTOR('',#15720,1.);
#15720 = DIRECTION('',(0.,-1.));
#15721 = ( GEOMETRIC_REPRESENTATION_CONTEXT(2) 
PARAMETRIC_REPRESENTATION_CONTEXT() REPRESENTATION_CONTEXT('2D SPACE',''
  ) );
#15722 = PCURVE('',#14501,#15723);
#15723 = DEFINITIONAL_REPRESENTATION('',(#15724),#15728);
#15724 = LINE('',#15725,#15726);
#15725 = CARTESIAN_POINT('',(1.059069247929,-0.));
#15726 = VECTOR('',#15727,1.);
#15727 = DIRECTION('',(0.,-1.));
#15728 = ( GEOMETRIC_REPRESENTATION_CONTEXT(2) 
PARAMETRIC_REPRESENTATION_CONTEXT() REPRESENTATION_CONTEXT('2D SPACE',''
  ) );
#15729 = ORIENTED_EDGE('',*,*,#15730,.F.);
#15730 = EDGE_CURVE('',#15731,#15708,#15733,.T.);
#15731 = VERTEX_POINT('',#15732);
#15732 = CARTESIAN_POINT('',(86.685498046875,-29.85900405883,33.5));
#15733 = SURFACE_CURVE('',#15734,(#15738,#15744),.PCURVE_S1.);
#15734 = LINE('',#15735,#15736);
#15735 = CARTESIAN_POINT('',(71.994750976562,-29.85900405883,33.5));
#15736 = VECTOR('',#15737,1.);
#15737 = DIRECTION('',(-1.,0.,0.));
#15738 = PCURVE('',#14447,#15739);
#15739 = DEFINITIONAL_REPRESENTATION('',(#15740),#15743);
#15740 = B_SPLINE_CURVE_WITH_KNOTS('',1,(#15741,#15742),.UNSPECIFIED.,
  .F.,.F.,(2,2),(-14.69074707031,-13.99475097656),
  .PIECEWISE_BEZIER_KNOTS.);
#15741 = CARTESIAN_POINT('',(0.69599609375,-0.6));
#15742 = CARTESIAN_POINT('',(0.,-0.6));
#15743 = ( GEOMETRIC_REPRESENTATION_CONTEXT(2) 
PARAMETRIC_REPRESENTATION_CONTEXT() REPRESENTATION_CONTEXT('2D SPACE',''
  ) );
#15744 = PCURVE('',#15745,#15750);
#15745 = PLANE('',#15746);
#15746 = AXIS2_PLACEMENT_3D('',#15747,#15748,#15749);
#15747 = CARTESIAN_POINT('',(58.,-58.5,33.5));
#15748 = DIRECTION('',(0.,0.,1.));
#15749 = DIRECTION('',(1.,0.,-0.));
#15750 = DEFINITIONAL_REPRESENTATION('',(#15751),#15754);
#15751 = B_SPLINE_CURVE_WITH_KNOTS('',1,(#15752,#15753),.UNSPECIFIED.,
  .F.,.F.,(2,2),(-14.69074707031,-13.99475097656),
  .PIECEWISE_BEZIER_KNOTS.);
#15752 = CARTESIAN_POINT('',(28.685498046875,28.640995941162));
#15753 = CARTESIAN_POINT('',(27.989501953125,28.640995941162));
#15754 = ( GEOMETRIC_REPRESENTATION_CONTEXT(2) 
PARAMETRIC_REPRESENTATION_CONTEXT() REPRESENTATION_CONTEXT('2D SPACE',''
  ) );
#15755 = ORIENTED_EDGE('',*,*,#15756,.F.);
#15756 = EDGE_CURVE('',#14432,#15731,#15757,.T.);
#15757 = SURFACE_CURVE('',#15758,(#15762,#15769),.PCURVE_S1.);
#15758 = LINE('',#15759,#15760);
#15759 = CARTESIAN_POINT('',(86.685498046875,-29.85900405883,32.9));
#15760 = VECTOR('',#15761,1.);
#15761 = DIRECTION('',(0.,0.,1.));
#15762 = PCURVE('',#14447,#15763);
#15763 = DEFINITIONAL_REPRESENTATION('',(#15764),#15768);
#15764 = LINE('',#15765,#15766);
#15765 = CARTESIAN_POINT('',(0.69599609375,0.));
#15766 = VECTOR('',#15767,1.);
#15767 = DIRECTION('',(0.,-1.));
#15768 = ( GEOMETRIC_REPRESENTATION_CONTEXT(2) 
PARAMETRIC_REPRESENTATION_CONTEXT() REPRESENTATION_CONTEXT('2D SPACE',''
  ) );
#15769 = PCURVE('',#14475,#15770);
#15770 = DEFINITIONAL_REPRESENTATION('',(#15771),#15775);
#15771 = LINE('',#15772,#15773);
#15772 = CARTESIAN_POINT('',(0.,0.));
#15773 = VECTOR('',#15774,1.);
#15774 = DIRECTION('',(0.,-1.));
#15775 = ( GEOMETRIC_REPRESENTATION_CONTEXT(2) 
PARAMETRIC_REPRESENTATION_CONTEXT() REPRESENTATION_CONTEXT('2D SPACE',''
  ) );
#15776 = ADVANCED_FACE('',(#15777),#14475,.F.);
#15777 = FACE_BOUND('',#15778,.F.);
#15778 = EDGE_LOOP('',(#15779,#15780,#15781,#15802));
#15779 = ORIENTED_EDGE('',*,*,#14459,.F.);
#15780 = ORIENTED_EDGE('',*,*,#15756,.T.);
#15781 = ORIENTED_EDGE('',*,*,#15782,.F.);
#15782 = EDGE_CURVE('',#15783,#15731,#15785,.T.);
#15783 = VERTEX_POINT('',#15784);
#15784 = CARTESIAN_POINT('',(86.349501953125,-28.86299819946,33.5));
#15785 = SURFACE_CURVE('',#15786,(#15790,#15796),.PCURVE_S1.);
#15786 = LINE('',#15787,#15788);
#15787 = CARTESIAN_POINT('',(89.557388043801,-38.37225560439,33.5));
#15788 = VECTOR('',#15789,1.);
#15789 = DIRECTION('',(0.319645507704,-0.947537202122,0.));
#15790 = PCURVE('',#14475,#15791);
#15791 = DEFINITIONAL_REPRESENTATION('',(#15792),#15795);
#15792 = B_SPLINE_CURVE_WITH_KNOTS('',1,(#15793,#15794),.UNSPECIFIED.,
  .F.,.F.,(2,2),(-10.03576153383,-8.984609286573),
  .PIECEWISE_BEZIER_KNOTS.);
#15793 = CARTESIAN_POINT('',(1.051152247262,-0.6));
#15794 = CARTESIAN_POINT('',(0.,-0.6));
#15795 = ( GEOMETRIC_REPRESENTATION_CONTEXT(2) 
PARAMETRIC_REPRESENTATION_CONTEXT() REPRESENTATION_CONTEXT('2D SPACE',''
  ) );
#15796 = PCURVE('',#15745,#15797);
#15797 = DEFINITIONAL_REPRESENTATION('',(#15798),#15801);
#15798 = B_SPLINE_CURVE_WITH_KNOTS('',1,(#15799,#15800),.UNSPECIFIED.,
  .F.,.F.,(2,2),(-10.03576153383,-8.984609286573),
  .PIECEWISE_BEZIER_KNOTS.);
#15799 = CARTESIAN_POINT('',(28.349501953125,29.637001800537));
#15800 = CARTESIAN_POINT('',(28.685498046875,28.640995941162));
#15801 = ( GEOMETRIC_REPRESENTATION_CONTEXT(2) 
PARAMETRIC_REPRESENTATION_CONTEXT() REPRESENTATION_CONTEXT('2D SPACE',''
  ) );
#15802 = ORIENTED_EDGE('',*,*,#15803,.F.);
#15803 = EDGE_CURVE('',#14460,#15783,#15804,.T.);
#15804 = SURFACE_CURVE('',#15805,(#15809,#15816),.PCURVE_S1.);
#15805 = LINE('',#15806,#15807);
#15806 = CARTESIAN_POINT('',(86.349501953125,-28.86299819946,32.9));
#15807 = VECTOR('',#15808,1.);
#15808 = DIRECTION('',(0.,0.,1.));
#15809 = PCURVE('',#14475,#15810);
#15810 = DEFINITIONAL_REPRESENTATION('',(#15811),#15815);
#15811 = LINE('',#15812,#15813);
#15812 = CARTESIAN_POINT('',(1.051152247262,0.));
#15813 = VECTOR('',#15814,1.);
#15814 = DIRECTION('',(0.,-1.));
#15815 = ( GEOMETRIC_REPRESENTATION_CONTEXT(2) 
PARAMETRIC_REPRESENTATION_CONTEXT() REPRESENTATION_CONTEXT('2D SPACE',''
  ) );
#15816 = PCURVE('',#14501,#15817);
#15817 = DEFINITIONAL_REPRESENTATION('',(#15818),#15822);
#15818 = LINE('',#15819,#15820);
#15819 = CARTESIAN_POINT('',(0.,0.));
#15820 = VECTOR('',#15821,1.);
#15821 = DIRECTION('',(0.,-1.));
#15822 = ( GEOMETRIC_REPRESENTATION_CONTEXT(2) 
PARAMETRIC_REPRESENTATION_CONTEXT() REPRESENTATION_CONTEXT('2D SPACE',''
  ) );
#15823 = ADVANCED_FACE('',(#15824),#14501,.F.);
#15824 = FACE_BOUND('',#15825,.F.);
#15825 = EDGE_LOOP('',(#15826,#15827,#15828,#15847));
#15826 = ORIENTED_EDGE('',*,*,#14487,.F.);
#15827 = ORIENTED_EDGE('',*,*,#15803,.T.);
#15828 = ORIENTED_EDGE('',*,*,#15829,.F.);
#15829 = EDGE_CURVE('',#15708,#15783,#15830,.T.);
#15830 = SURFACE_CURVE('',#15831,(#15835,#15841),.PCURVE_S1.);
#15831 = LINE('',#15832,#15833);
#15832 = CARTESIAN_POINT('',(79.974480324989,-46.50066179742,33.5));
#15833 = VECTOR('',#15834,1.);
#15834 = DIRECTION('',(0.33992111536,0.940453951734,-0.));
#15835 = PCURVE('',#14501,#15836);
#15836 = DEFINITIONAL_REPRESENTATION('',(#15837),#15840);
#15837 = B_SPLINE_CURVE_WITH_KNOTS('',1,(#15838,#15839),.UNSPECIFIED.,
  .F.,.F.,(2,2),(17.695345644412,18.754414892341),
  .PIECEWISE_BEZIER_KNOTS.);
#15838 = CARTESIAN_POINT('',(1.059069247929,-0.6));
#15839 = CARTESIAN_POINT('',(0.,-0.6));
#15840 = ( GEOMETRIC_REPRESENTATION_CONTEXT(2) 
PARAMETRIC_REPRESENTATION_CONTEXT() REPRESENTATION_CONTEXT('2D SPACE',''
  ) );
#15841 = PCURVE('',#15745,#15842);
#15842 = DEFINITIONAL_REPRESENTATION('',(#15843),#15846);
#15843 = B_SPLINE_CURVE_WITH_KNOTS('',1,(#15844,#15845),.UNSPECIFIED.,
  .F.,.F.,(2,2),(17.695345644412,18.754414892341),
  .PIECEWISE_BEZIER_KNOTS.);
#15844 = CARTESIAN_POINT('',(27.989501953125,28.640995941162));
#15845 = CARTESIAN_POINT('',(28.349501953125,29.637001800537));
#15846 = ( GEOMETRIC_REPRESENTATION_CONTEXT(2) 
PARAMETRIC_REPRESENTATION_CONTEXT() REPRESENTATION_CONTEXT('2D SPACE',''
  ) );
#15847 = ORIENTED_EDGE('',*,*,#15707,.F.);
#15848 = ADVANCED_FACE('',(#15849),#14612,.T.);
#15849 = FACE_BOUND('',#15850,.T.);
#15850 = EDGE_LOOP('',(#15851,#15852,#15853,#15854,#15855,#15856,#15857,
    #15858));
#15851 = ORIENTED_EDGE('',*,*,#14582,.F.);
#15852 = ORIENTED_EDGE('',*,*,#14657,.F.);
#15853 = ORIENTED_EDGE('',*,*,#14727,.F.);
#15854 = ORIENTED_EDGE('',*,*,#14797,.F.);
#15855 = ORIENTED_EDGE('',*,*,#14867,.F.);
#15856 = ORIENTED_EDGE('',*,*,#14937,.F.);
#15857 = ORIENTED_EDGE('',*,*,#15007,.F.);
#15858 = ORIENTED_EDGE('',*,*,#15077,.F.);
#15859 = ADVANCED_FACE('',(#15860),#15177,.T.);
#15860 = FACE_BOUND('',#15861,.T.);
#15861 = EDGE_LOOP('',(#15862,#15863,#15864,#15865,#15866,#15867,#15868,
    #15869));
#15862 = ORIENTED_EDGE('',*,*,#15147,.F.);
#15863 = ORIENTED_EDGE('',*,*,#15222,.F.);
#15864 = ORIENTED_EDGE('',*,*,#15298,.F.);
#15865 = ORIENTED_EDGE('',*,*,#15374,.F.);
#15866 = ORIENTED_EDGE('',*,*,#15444,.F.);
#15867 = ORIENTED_EDGE('',*,*,#15514,.F.);
#15868 = ORIENTED_EDGE('',*,*,#15584,.F.);
#15869 = ORIENTED_EDGE('',*,*,#15660,.F.);
#15870 = ADVANCED_FACE('',(#15871),#15745,.T.);
#15871 = FACE_BOUND('',#15872,.T.);
#15872 = EDGE_LOOP('',(#15873,#15874,#15875));
#15873 = ORIENTED_EDGE('',*,*,#15730,.F.);
#15874 = ORIENTED_EDGE('',*,*,#15782,.F.);
#15875 = ORIENTED_EDGE('',*,*,#15829,.F.);
#15876 = ( GEOMETRIC_REPRESENTATION_CONTEXT(3) 
GLOBAL_UNCERTAINTY_ASSIGNED_CONTEXT((#15880)) 
GLOBAL_UNIT_ASSIGNED_CONTEXT((#15877,#15878,#15879)) 
REPRESENTATION_CONTEXT('Context #1',
  '3D Context with UNIT and UNCERTAINTY') );
#15877 = ( LENGTH_UNIT() NAMED_UNIT(*) SI_UNIT(.MILLI.,.METRE.) );
#15878 = ( NAMED_UNIT(*) PLANE_ANGLE_UNIT() SI_UNIT($,.RADIAN.) );
#15879 = ( NAMED_UNIT(*) SI_UNIT($,.STERADIAN.) SOLID_ANGLE_UNIT() );
#15880 = UNCERTAINTY_MEASURE_WITH_UNIT(LENGTH_MEASURE(1.E-06),#15877,
  'distance_accuracy_value','confusion accuracy');
#15881 = PRODUCT_RELATED_PRODUCT_CATEGORY('part',$,(#7));
ENDSEC;
END-ISO-10303-21;
