ISO-10303-21;
HEADER;
FILE_DESCRIPTION(('Open CASCADE Model'),'2;1');
FILE_NAME('Open CASCADE Shape Model','2026-09-26T22:26:41',('Author'),(
    'Open CASCADE'),'Open CASCADE STEP processor 7.9','Open CASCADE 7.9'
  ,'Unknown');
FILE_SCHEMA(('AUTOMOTIVE_DESIGN { 1 0 10303 214 1 1 1 1 }'));
ENDSEC;
DATA;
#1 = APPLICATION_PROTOCOL_DEFINITION('international standard',
  'automotive_design',2000,#2);
#2 = APPLICATION_CONTEXT(
  'core data for automotive mechanical design processes');
#3 = SHAPE_DEFINITION_REPRESENTATION(#4,#10);
#4 = PRODUCT_DEFINITION_SHAPE('','',#5);
#5 = PRODUCT_DEFINITION('design','',#6,#9);
#6 = PRODUCT_DEFINITION_FORMATION('','',#7);
#7 = PRODUCT('Open CASCADE STEP translator 7.9 11',
  'Open CASCADE STEP translator 7.9 11','',(#8));
#8 = PRODUCT_CONTEXT('',#2,'mechanical');
#9 = PRODUCT_DEFINITION_CONTEXT('part definition',#2,'design');
#10 = ADVANCED_BREP_SHAPE_REPRESENTATION('',(#11,#15),#16132);
#11 = AXIS2_PLACEMENT_3D('',#12,#13,#14);
#12 = CARTESIAN_POINT('',(0.,0.,0.));
#13 = DIRECTION('',(0.,0.,1.));
#14 = DIRECTION('',(1.,0.,-0.));
#15 = MANIFOLD_SOLID_BREP('',#16);
#16 = CLOSED_SHELL('',(#17,#347,#419,#530,#577,#1056,#1105,#1221,#1269,
    #1407,#1434,#1461,#1540,#1610,#1636,#1643,#1690,#1738,#1787,#1834,
    #1882,#1931,#1958,#2017,#2076,#2135,#2194,#2201,#2357,#2385,#2440,
    #7108,#7138,#7168,#7198,#7228,#7262,#7303,#7342,#7369,#7445,#7494,
    #7543,#7592,#7641,#7690,#7739,#7788,#7837,#7886,#7935,#7962,#8038,
    #8087,#8136,#8185,#8234,#8283,#8332,#8381,#8430,#8479,#8528,#8577,
    #8626,#8675,#8724,#8773,#8822,#8871,#8920,#8969,#9018,#9067,#9116,
    #9165,#9214,#9241,#9317,#9366,#9415,#9464,#9513,#9562,#9611,#9660,
    #9709,#9758,#9807,#9834,#9910,#9959,#10008,#10057,#10106,#10155,
    #10204,#10253,#10302,#10351,#10400,#10449,#10498,#10547,#10596,
    #10623,#10650,#10726,#10775,#10824,#10873,#10922,#10971,#11020,
    #11047,#11123,#11172,#11221,#11270,#11319,#11368,#11417,#11466,
    #11515,#11564,#11613,#11662,#11689,#11716,#11792,#11841,#11890,
    #11939,#11988,#12037,#12086,#12135,#12184,#12233,#12282,#12331,
    #12358,#12434,#12483,#12532,#12581,#12630,#12679,#12728,#12755,
    #12831,#12880,#12929,#12956,#12983,#13042,#13118,#13167,#13216,
    #13265,#13314,#13363,#13412,#13461,#13510,#13537,#13613,#13662,
    #13711,#13760,#13809,#13858,#13907,#13934,#13961,#14011,#14066,
    #14323,#14352,#14367,#14386,#14639,#14655,#14671,#14768,#14775,
    #14782,#14795,#14806,#14810,#14907,#14977,#15047,#15117,#15187,
    #15257,#15327,#15375,#15472,#15548,#15624,#15694,#15764,#15834,
    #15910,#15958,#16032,#16079,#16104,#16115,#16126));
#17 = ADVANCED_FACE('',(#18),#32,.F.);
#18 = FACE_BOUND('',#19,.F.);
#19 = EDGE_LOOP('',(#20,#55,#83,#111,#139,#166,#194,#221,#244,#272,#295,
    #323));
#20 = ORIENTED_EDGE('',*,*,#21,.F.);
#21 = EDGE_CURVE('',#22,#24,#26,.T.);
#22 = VERTEX_POINT('',#23);
#23 = CARTESIAN_POINT('',(51.5,-57.,31.));
#24 = VERTEX_POINT('',#25);
#25 = CARTESIAN_POINT('',(51.5,-57.,32.25));
#26 = SURFACE_CURVE('',#27,(#31,#43),.PCURVE_S1.);
#27 = LINE('',#28,#29);
#28 = CARTESIAN_POINT('',(51.5,-57.,31.));
#29 = VECTOR('',#30,1.);
#30 = DIRECTION('',(0.,0.,1.));
#31 = PCURVE('',#32,#37);
#32 = PLANE('',#33);
#33 = AXIS2_PLACEMENT_3D('',#34,#35,#36);
#34 = CARTESIAN_POINT('',(51.5,-57.,31.));
#35 = DIRECTION('',(1.,0.,0.));
#36 = DIRECTION('',(0.,0.,1.));
#37 = DEFINITIONAL_REPRESENTATION('',(#38),#42);
#38 = LINE('',#39,#40);
#39 = CARTESIAN_POINT('',(0.,0.));
#40 = VECTOR('',#41,1.);
#41 = DIRECTION('',(1.,0.));
#42 = ( GEOMETRIC_REPRESENTATION_CONTEXT(2) 
PARAMETRIC_REPRESENTATION_CONTEXT() REPRESENTATION_CONTEXT('2D SPACE',''
  ) );
#43 = PCURVE('',#44,#49);
#44 = PLANE('',#45);
#45 = AXIS2_PLACEMENT_3D('',#46,#47,#48);
#46 = CARTESIAN_POINT('',(51.5,-57.,31.));
#47 = DIRECTION('',(0.,1.,0.));
#48 = DIRECTION('',(0.,0.,1.));
#49 = DEFINITIONAL_REPRESENTATION('',(#50),#54);
#50 = LINE('',#51,#52);
#51 = CARTESIAN_POINT('',(0.,0.));
#52 = VECTOR('',#53,1.);
#53 = DIRECTION('',(1.,0.));
#54 = ( GEOMETRIC_REPRESENTATION_CONTEXT(2) 
PARAMETRIC_REPRESENTATION_CONTEXT() REPRESENTATION_CONTEXT('2D SPACE',''
  ) );
#55 = ORIENTED_EDGE('',*,*,#56,.T.);
#56 = EDGE_CURVE('',#22,#57,#59,.T.);
#57 = VERTEX_POINT('',#58);
#58 = CARTESIAN_POINT('',(51.5,-54.2,31.));
#59 = SURFACE_CURVE('',#60,(#64,#71),.PCURVE_S1.);
#60 = LINE('',#61,#62);
#61 = CARTESIAN_POINT('',(51.5,-57.,31.));
#62 = VECTOR('',#63,1.);
#63 = DIRECTION('',(0.,1.,0.));
#64 = PCURVE('',#32,#65);
#65 = DEFINITIONAL_REPRESENTATION('',(#66),#70);
#66 = LINE('',#67,#68);
#67 = CARTESIAN_POINT('',(0.,0.));
#68 = VECTOR('',#69,1.);
#69 = DIRECTION('',(0.,-1.));
#70 = ( GEOMETRIC_REPRESENTATION_CONTEXT(2) 
PARAMETRIC_REPRESENTATION_CONTEXT() REPRESENTATION_CONTEXT('2D SPACE',''
  ) );
#71 = PCURVE('',#72,#77);
#72 = PLANE('',#73);
#73 = AXIS2_PLACEMENT_3D('',#74,#75,#76);
#74 = CARTESIAN_POINT('',(51.5,-57.,31.));
#75 = DIRECTION('',(0.,0.,1.));
#76 = DIRECTION('',(1.,0.,0.));
#77 = DEFINITIONAL_REPRESENTATION('',(#78),#82);
#78 = LINE('',#79,#80);
#79 = CARTESIAN_POINT('',(0.,0.));
#80 = VECTOR('',#81,1.);
#81 = DIRECTION('',(0.,1.));
#82 = ( GEOMETRIC_REPRESENTATION_CONTEXT(2) 
PARAMETRIC_REPRESENTATION_CONTEXT() REPRESENTATION_CONTEXT('2D SPACE',''
  ) );
#83 = ORIENTED_EDGE('',*,*,#84,.F.);
#84 = EDGE_CURVE('',#85,#57,#87,.T.);
#85 = VERTEX_POINT('',#86);
#86 = CARTESIAN_POINT('',(51.5,-54.2,30.));
#87 = SURFACE_CURVE('',#88,(#92,#99),.PCURVE_S1.);
#88 = LINE('',#89,#90);
#89 = CARTESIAN_POINT('',(51.5,-54.2,30.));
#90 = VECTOR('',#91,1.);
#91 = DIRECTION('',(0.,0.,1.));
#92 = PCURVE('',#32,#93);
#93 = DEFINITIONAL_REPRESENTATION('',(#94),#98);
#94 = LINE('',#95,#96);
#95 = CARTESIAN_POINT('',(-1.,-2.8));
#96 = VECTOR('',#97,1.);
#97 = DIRECTION('',(1.,0.));
#98 = ( GEOMETRIC_REPRESENTATION_CONTEXT(2) 
PARAMETRIC_REPRESENTATION_CONTEXT() REPRESENTATION_CONTEXT('2D SPACE',''
  ) );
#99 = PCURVE('',#100,#105);
#100 = PLANE('',#101);
#101 = AXIS2_PLACEMENT_3D('',#102,#103,#104);
#102 = CARTESIAN_POINT('',(51.5,-54.2,30.));
#103 = DIRECTION('',(0.,1.,0.));
#104 = DIRECTION('',(0.,0.,1.));
#105 = DEFINITIONAL_REPRESENTATION('',(#106),#110);
#106 = LINE('',#107,#108);
#107 = CARTESIAN_POINT('',(0.,0.));
#108 = VECTOR('',#109,1.);
#109 = DIRECTION('',(1.,0.));
#110 = ( GEOMETRIC_REPRESENTATION_CONTEXT(2) 
PARAMETRIC_REPRESENTATION_CONTEXT() REPRESENTATION_CONTEXT('2D SPACE',''
  ) );
#111 = ORIENTED_EDGE('',*,*,#112,.T.);
#112 = EDGE_CURVE('',#85,#113,#115,.T.);
#113 = VERTEX_POINT('',#114);
#114 = CARTESIAN_POINT('',(51.5,-53.,30.));
#115 = SURFACE_CURVE('',#116,(#120,#127),.PCURVE_S1.);
#116 = LINE('',#117,#118);
#117 = CARTESIAN_POINT('',(51.5,-54.2,30.));
#118 = VECTOR('',#119,1.);
#119 = DIRECTION('',(0.,1.,0.));
#120 = PCURVE('',#32,#121);
#121 = DEFINITIONAL_REPRESENTATION('',(#122),#126);
#122 = LINE('',#123,#124);
#123 = CARTESIAN_POINT('',(-1.,-2.8));
#124 = VECTOR('',#125,1.);
#125 = DIRECTION('',(0.,-1.));
#126 = ( GEOMETRIC_REPRESENTATION_CONTEXT(2) 
PARAMETRIC_REPRESENTATION_CONTEXT() REPRESENTATION_CONTEXT('2D SPACE',''
  ) );
#127 = PCURVE('',#128,#133);
#128 = PLANE('',#129);
#129 = AXIS2_PLACEMENT_3D('',#130,#131,#132);
#130 = CARTESIAN_POINT('',(51.5,-54.2,30.));
#131 = DIRECTION('',(0.,0.,1.));
#132 = DIRECTION('',(1.,0.,0.));
#133 = DEFINITIONAL_REPRESENTATION('',(#134),#138);
#134 = LINE('',#135,#136);
#135 = CARTESIAN_POINT('',(0.,0.));
#136 = VECTOR('',#137,1.);
#137 = DIRECTION('',(0.,1.));
#138 = ( GEOMETRIC_REPRESENTATION_CONTEXT(2) 
PARAMETRIC_REPRESENTATION_CONTEXT() REPRESENTATION_CONTEXT('2D SPACE',''
  ) );
#139 = ORIENTED_EDGE('',*,*,#140,.T.);
#140 = EDGE_CURVE('',#113,#141,#143,.T.);
#141 = VERTEX_POINT('',#142);
#142 = CARTESIAN_POINT('',(51.5,-53.,31.));
#143 = SURFACE_CURVE('',#144,(#148,#155),.PCURVE_S1.);
#144 = LINE('',#145,#146);
#145 = CARTESIAN_POINT('',(51.5,-53.,29.));
#146 = VECTOR('',#147,1.);
#147 = DIRECTION('',(0.,0.,1.));
#148 = PCURVE('',#32,#149);
#149 = DEFINITIONAL_REPRESENTATION('',(#150),#154);
#150 = LINE('',#151,#152);
#151 = CARTESIAN_POINT('',(-2.,-4.));
#152 = VECTOR('',#153,1.);
#153 = DIRECTION('',(1.,0.));
#154 = ( GEOMETRIC_REPRESENTATION_CONTEXT(2) 
PARAMETRIC_REPRESENTATION_CONTEXT() REPRESENTATION_CONTEXT('2D SPACE',''
  ) );
#155 = PCURVE('',#156,#161);
#156 = PLANE('',#157);
#157 = AXIS2_PLACEMENT_3D('',#158,#159,#160);
#158 = CARTESIAN_POINT('',(50.5,-53.,28.));
#159 = DIRECTION('',(0.,1.,0.));
#160 = DIRECTION('',(0.,0.,1.));
#161 = DEFINITIONAL_REPRESENTATION('',(#162),#165);
#162 = B_SPLINE_CURVE_WITH_KNOTS('',1,(#163,#164),.UNSPECIFIED.,.F.,.F.,
  (2,2),(1.,2.),.PIECEWISE_BEZIER_KNOTS.);
#163 = CARTESIAN_POINT('',(2.,1.));
#164 = CARTESIAN_POINT('',(3.,1.));
#165 = ( GEOMETRIC_REPRESENTATION_CONTEXT(2) 
PARAMETRIC_REPRESENTATION_CONTEXT() REPRESENTATION_CONTEXT('2D SPACE',''
  ) );
#166 = ORIENTED_EDGE('',*,*,#167,.T.);
#167 = EDGE_CURVE('',#141,#168,#170,.T.);
#168 = VERTEX_POINT('',#169);
#169 = CARTESIAN_POINT('',(51.5,10.5,31.));
#170 = SURFACE_CURVE('',#171,(#175,#182),.PCURVE_S1.);
#171 = LINE('',#172,#173);
#172 = CARTESIAN_POINT('',(51.5,-57.,31.));
#173 = VECTOR('',#174,1.);
#174 = DIRECTION('',(0.,1.,0.));
#175 = PCURVE('',#32,#176);
#176 = DEFINITIONAL_REPRESENTATION('',(#177),#181);
#177 = LINE('',#178,#179);
#178 = CARTESIAN_POINT('',(0.,0.));
#179 = VECTOR('',#180,1.);
#180 = DIRECTION('',(0.,-1.));
#181 = ( GEOMETRIC_REPRESENTATION_CONTEXT(2) 
PARAMETRIC_REPRESENTATION_CONTEXT() REPRESENTATION_CONTEXT('2D SPACE',''
  ) );
#182 = PCURVE('',#183,#188);
#183 = PLANE('',#184);
#184 = AXIS2_PLACEMENT_3D('',#185,#186,#187);
#185 = CARTESIAN_POINT('',(51.5,-57.,31.));
#186 = DIRECTION('',(0.,0.,1.));
#187 = DIRECTION('',(1.,0.,0.));
#188 = DEFINITIONAL_REPRESENTATION('',(#189),#193);
#189 = LINE('',#190,#191);
#190 = CARTESIAN_POINT('',(0.,0.));
#191 = VECTOR('',#192,1.);
#192 = DIRECTION('',(0.,1.));
#193 = ( GEOMETRIC_REPRESENTATION_CONTEXT(2) 
PARAMETRIC_REPRESENTATION_CONTEXT() REPRESENTATION_CONTEXT('2D SPACE',''
  ) );
#194 = ORIENTED_EDGE('',*,*,#195,.F.);
#195 = EDGE_CURVE('',#196,#168,#198,.T.);
#196 = VERTEX_POINT('',#197);
#197 = CARTESIAN_POINT('',(51.5,10.5,30.));
#198 = SURFACE_CURVE('',#199,(#203,#210),.PCURVE_S1.);
#199 = LINE('',#200,#201);
#200 = CARTESIAN_POINT('',(51.5,10.5,29.));
#201 = VECTOR('',#202,1.);
#202 = DIRECTION('',(0.,0.,1.));
#203 = PCURVE('',#32,#204);
#204 = DEFINITIONAL_REPRESENTATION('',(#205),#209);
#205 = LINE('',#206,#207);
#206 = CARTESIAN_POINT('',(-2.,-67.5));
#207 = VECTOR('',#208,1.);
#208 = DIRECTION('',(1.,0.));
#209 = ( GEOMETRIC_REPRESENTATION_CONTEXT(2) 
PARAMETRIC_REPRESENTATION_CONTEXT() REPRESENTATION_CONTEXT('2D SPACE',''
  ) );
#210 = PCURVE('',#211,#216);
#211 = PLANE('',#212);
#212 = AXIS2_PLACEMENT_3D('',#213,#214,#215);
#213 = CARTESIAN_POINT('',(50.5,10.5,28.));
#214 = DIRECTION('',(0.,1.,0.));
#215 = DIRECTION('',(0.,0.,1.));
#216 = DEFINITIONAL_REPRESENTATION('',(#217),#220);
#217 = B_SPLINE_CURVE_WITH_KNOTS('',1,(#218,#219),.UNSPECIFIED.,.F.,.F.,
  (2,2),(1.,2.),.PIECEWISE_BEZIER_KNOTS.);
#218 = CARTESIAN_POINT('',(2.,1.));
#219 = CARTESIAN_POINT('',(3.,1.));
#220 = ( GEOMETRIC_REPRESENTATION_CONTEXT(2) 
PARAMETRIC_REPRESENTATION_CONTEXT() REPRESENTATION_CONTEXT('2D SPACE',''
  ) );
#221 = ORIENTED_EDGE('',*,*,#222,.T.);
#222 = EDGE_CURVE('',#196,#223,#225,.T.);
#223 = VERTEX_POINT('',#224);
#224 = CARTESIAN_POINT('',(51.5,11.7,30.));
#225 = SURFACE_CURVE('',#226,(#230,#237),.PCURVE_S1.);
#226 = LINE('',#227,#228);
#227 = CARTESIAN_POINT('',(51.5,-54.2,30.));
#228 = VECTOR('',#229,1.);
#229 = DIRECTION('',(0.,1.,0.));
#230 = PCURVE('',#32,#231);
#231 = DEFINITIONAL_REPRESENTATION('',(#232),#236);
#232 = LINE('',#233,#234);
#233 = CARTESIAN_POINT('',(-1.,-2.8));
#234 = VECTOR('',#235,1.);
#235 = DIRECTION('',(0.,-1.));
#236 = ( GEOMETRIC_REPRESENTATION_CONTEXT(2) 
PARAMETRIC_REPRESENTATION_CONTEXT() REPRESENTATION_CONTEXT('2D SPACE',''
  ) );
#237 = PCURVE('',#128,#238);
#238 = DEFINITIONAL_REPRESENTATION('',(#239),#243);
#239 = LINE('',#240,#241);
#240 = CARTESIAN_POINT('',(0.,0.));
#241 = VECTOR('',#242,1.);
#242 = DIRECTION('',(0.,1.));
#243 = ( GEOMETRIC_REPRESENTATION_CONTEXT(2) 
PARAMETRIC_REPRESENTATION_CONTEXT() REPRESENTATION_CONTEXT('2D SPACE',''
  ) );
#244 = ORIENTED_EDGE('',*,*,#245,.T.);
#245 = EDGE_CURVE('',#223,#246,#248,.T.);
#246 = VERTEX_POINT('',#247);
#247 = CARTESIAN_POINT('',(51.5,11.7,31.));
#248 = SURFACE_CURVE('',#249,(#253,#260),.PCURVE_S1.);
#249 = LINE('',#250,#251);
#250 = CARTESIAN_POINT('',(51.5,11.7,30.));
#251 = VECTOR('',#252,1.);
#252 = DIRECTION('',(0.,0.,1.));
#253 = PCURVE('',#32,#254);
#254 = DEFINITIONAL_REPRESENTATION('',(#255),#259);
#255 = LINE('',#256,#257);
#256 = CARTESIAN_POINT('',(-1.,-68.7));
#257 = VECTOR('',#258,1.);
#258 = DIRECTION('',(1.,0.));
#259 = ( GEOMETRIC_REPRESENTATION_CONTEXT(2) 
PARAMETRIC_REPRESENTATION_CONTEXT() REPRESENTATION_CONTEXT('2D SPACE',''
  ) );
#260 = PCURVE('',#261,#266);
#261 = PLANE('',#262);
#262 = AXIS2_PLACEMENT_3D('',#263,#264,#265);
#263 = CARTESIAN_POINT('',(51.5,11.7,30.));
#264 = DIRECTION('',(0.,1.,0.));
#265 = DIRECTION('',(0.,0.,1.));
#266 = DEFINITIONAL_REPRESENTATION('',(#267),#271);
#267 = LINE('',#268,#269);
#268 = CARTESIAN_POINT('',(0.,0.));
#269 = VECTOR('',#270,1.);
#270 = DIRECTION('',(1.,0.));
#271 = ( GEOMETRIC_REPRESENTATION_CONTEXT(2) 
PARAMETRIC_REPRESENTATION_CONTEXT() REPRESENTATION_CONTEXT('2D SPACE',''
  ) );
#272 = ORIENTED_EDGE('',*,*,#273,.T.);
#273 = EDGE_CURVE('',#246,#274,#276,.T.);
#274 = VERTEX_POINT('',#275);
#275 = CARTESIAN_POINT('',(51.5,14.5,31.));
#276 = SURFACE_CURVE('',#277,(#281,#288),.PCURVE_S1.);
#277 = LINE('',#278,#279);
#278 = CARTESIAN_POINT('',(51.5,-57.,31.));
#279 = VECTOR('',#280,1.);
#280 = DIRECTION('',(0.,1.,0.));
#281 = PCURVE('',#32,#282);
#282 = DEFINITIONAL_REPRESENTATION('',(#283),#287);
#283 = LINE('',#284,#285);
#284 = CARTESIAN_POINT('',(0.,0.));
#285 = VECTOR('',#286,1.);
#286 = DIRECTION('',(0.,-1.));
#287 = ( GEOMETRIC_REPRESENTATION_CONTEXT(2) 
PARAMETRIC_REPRESENTATION_CONTEXT() REPRESENTATION_CONTEXT('2D SPACE',''
  ) );
#288 = PCURVE('',#72,#289);
#289 = DEFINITIONAL_REPRESENTATION('',(#290),#294);
#290 = LINE('',#291,#292);
#291 = CARTESIAN_POINT('',(0.,0.));
#292 = VECTOR('',#293,1.);
#293 = DIRECTION('',(0.,1.));
#294 = ( GEOMETRIC_REPRESENTATION_CONTEXT(2) 
PARAMETRIC_REPRESENTATION_CONTEXT() REPRESENTATION_CONTEXT('2D SPACE',''
  ) );
#295 = ORIENTED_EDGE('',*,*,#296,.T.);
#296 = EDGE_CURVE('',#274,#297,#299,.T.);
#297 = VERTEX_POINT('',#298);
#298 = CARTESIAN_POINT('',(51.5,14.5,32.25));
#299 = SURFACE_CURVE('',#300,(#304,#311),.PCURVE_S1.);
#300 = LINE('',#301,#302);
#301 = CARTESIAN_POINT('',(51.5,14.5,31.));
#302 = VECTOR('',#303,1.);
#303 = DIRECTION('',(0.,0.,1.));
#304 = PCURVE('',#32,#305);
#305 = DEFINITIONAL_REPRESENTATION('',(#306),#310);
#306 = LINE('',#307,#308);
#307 = CARTESIAN_POINT('',(0.,-71.5));
#308 = VECTOR('',#309,1.);
#309 = DIRECTION('',(1.,0.));
#310 = ( GEOMETRIC_REPRESENTATION_CONTEXT(2) 
PARAMETRIC_REPRESENTATION_CONTEXT() REPRESENTATION_CONTEXT('2D SPACE',''
  ) );
#311 = PCURVE('',#312,#317);
#312 = PLANE('',#313);
#313 = AXIS2_PLACEMENT_3D('',#314,#315,#316);
#314 = CARTESIAN_POINT('',(51.5,14.5,31.));
#315 = DIRECTION('',(0.,1.,0.));
#316 = DIRECTION('',(0.,0.,1.));
#317 = DEFINITIONAL_REPRESENTATION('',(#318),#322);
#318 = LINE('',#319,#320);
#319 = CARTESIAN_POINT('',(0.,0.));
#320 = VECTOR('',#321,1.);
#321 = DIRECTION('',(1.,0.));
#322 = ( GEOMETRIC_REPRESENTATION_CONTEXT(2) 
PARAMETRIC_REPRESENTATION_CONTEXT() REPRESENTATION_CONTEXT('2D SPACE',''
  ) );
#323 = ORIENTED_EDGE('',*,*,#324,.T.);
#324 = EDGE_CURVE('',#297,#24,#325,.T.);
#325 = SURFACE_CURVE('',#326,(#330,#336),.PCURVE_S1.);
#326 = LINE('',#327,#328);
#327 = CARTESIAN_POINT('',(51.5,-57.5,32.25));
#328 = VECTOR('',#329,1.);
#329 = DIRECTION('',(0.,-1.,0.));
#330 = PCURVE('',#32,#331);
#331 = DEFINITIONAL_REPRESENTATION('',(#332),#335);
#332 = B_SPLINE_CURVE_WITH_KNOTS('',1,(#333,#334),.UNSPECIFIED.,.F.,.F.,
  (2,2),(-72.,-0.5),.PIECEWISE_BEZIER_KNOTS.);
#333 = CARTESIAN_POINT('',(1.25,-71.5));
#334 = CARTESIAN_POINT('',(1.25,0.));
#335 = ( GEOMETRIC_REPRESENTATION_CONTEXT(2) 
PARAMETRIC_REPRESENTATION_CONTEXT() REPRESENTATION_CONTEXT('2D SPACE',''
  ) );
#336 = PCURVE('',#337,#342);
#337 = PLANE('',#338);
#338 = AXIS2_PLACEMENT_3D('',#339,#340,#341);
#339 = CARTESIAN_POINT('',(50.5,-58.,32.25));
#340 = DIRECTION('',(0.,0.,1.));
#341 = DIRECTION('',(1.,0.,0.));
#342 = DEFINITIONAL_REPRESENTATION('',(#343),#346);
#343 = B_SPLINE_CURVE_WITH_KNOTS('',1,(#344,#345),.UNSPECIFIED.,.F.,.F.,
  (2,2),(-72.,-0.5),.PIECEWISE_BEZIER_KNOTS.);
#344 = CARTESIAN_POINT('',(1.,72.5));
#345 = CARTESIAN_POINT('',(1.,1.));
#346 = ( GEOMETRIC_REPRESENTATION_CONTEXT(2) 
PARAMETRIC_REPRESENTATION_CONTEXT() REPRESENTATION_CONTEXT('2D SPACE',''
  ) );
#347 = ADVANCED_FACE('',(#348),#44,.F.);
#348 = FACE_BOUND('',#349,.F.);
#349 = EDGE_LOOP('',(#350,#378,#399,#400));
#350 = ORIENTED_EDGE('',*,*,#351,.T.);
#351 = EDGE_CURVE('',#352,#354,#356,.T.);
#352 = VERTEX_POINT('',#353);
#353 = CARTESIAN_POINT('',(54.291900756452,-57.,32.25));
#354 = VERTEX_POINT('',#355);
#355 = CARTESIAN_POINT('',(54.291900756452,-57.,31.));
#356 = SURFACE_CURVE('',#357,(#361,#367),.PCURVE_S1.);
#357 = LINE('',#358,#359);
#358 = CARTESIAN_POINT('',(54.291900756452,-57.,31.));
#359 = VECTOR('',#360,1.);
#360 = DIRECTION('',(-0.,-0.,-1.));
#361 = PCURVE('',#44,#362);
#362 = DEFINITIONAL_REPRESENTATION('',(#363),#366);
#363 = B_SPLINE_CURVE_WITH_KNOTS('',1,(#364,#365),.UNSPECIFIED.,.F.,.F.,
  (2,2),(-2.5000006,5.999999999062E-07),.PIECEWISE_BEZIER_KNOTS.);
#364 = CARTESIAN_POINT('',(2.5000006,2.791900756452));
#365 = CARTESIAN_POINT('',(-5.999999999062E-07,2.791900756452));
#366 = ( GEOMETRIC_REPRESENTATION_CONTEXT(2) 
PARAMETRIC_REPRESENTATION_CONTEXT() REPRESENTATION_CONTEXT('2D SPACE',''
  ) );
#367 = PCURVE('',#368,#373);
#368 = CYLINDRICAL_SURFACE('',#369,4.);
#369 = AXIS2_PLACEMENT_3D('',#370,#371,#372);
#370 = CARTESIAN_POINT('',(58.,-58.5,31.));
#371 = DIRECTION('',(-0.,-0.,-1.));
#372 = DIRECTION('',(1.,0.,0.));
#373 = DEFINITIONAL_REPRESENTATION('',(#374),#377);
#374 = B_SPLINE_CURVE_WITH_KNOTS('',1,(#375,#376),.UNSPECIFIED.,.F.,.F.,
  (2,2),(-1.25,-0.),.PIECEWISE_BEZIER_KNOTS.);
#375 = CARTESIAN_POINT('',(-2.757195879094,-1.25));
#376 = CARTESIAN_POINT('',(-2.757195879094,0.));
#377 = ( GEOMETRIC_REPRESENTATION_CONTEXT(2) 
PARAMETRIC_REPRESENTATION_CONTEXT() REPRESENTATION_CONTEXT('2D SPACE',''
  ) );
#378 = ORIENTED_EDGE('',*,*,#379,.F.);
#379 = EDGE_CURVE('',#22,#354,#380,.T.);
#380 = SURFACE_CURVE('',#381,(#385,#392),.PCURVE_S1.);
#381 = LINE('',#382,#383);
#382 = CARTESIAN_POINT('',(51.5,-57.,31.));
#383 = VECTOR('',#384,1.);
#384 = DIRECTION('',(1.,0.,0.));
#385 = PCURVE('',#44,#386);
#386 = DEFINITIONAL_REPRESENTATION('',(#387),#391);
#387 = LINE('',#388,#389);
#388 = CARTESIAN_POINT('',(0.,0.));
#389 = VECTOR('',#390,1.);
#390 = DIRECTION('',(0.,1.));
#391 = ( GEOMETRIC_REPRESENTATION_CONTEXT(2) 
PARAMETRIC_REPRESENTATION_CONTEXT() REPRESENTATION_CONTEXT('2D SPACE',''
  ) );
#392 = PCURVE('',#72,#393);
#393 = DEFINITIONAL_REPRESENTATION('',(#394),#398);
#394 = LINE('',#395,#396);
#395 = CARTESIAN_POINT('',(0.,0.));
#396 = VECTOR('',#397,1.);
#397 = DIRECTION('',(1.,0.));
#398 = ( GEOMETRIC_REPRESENTATION_CONTEXT(2) 
PARAMETRIC_REPRESENTATION_CONTEXT() REPRESENTATION_CONTEXT('2D SPACE',''
  ) );
#399 = ORIENTED_EDGE('',*,*,#21,.T.);
#400 = ORIENTED_EDGE('',*,*,#401,.T.);
#401 = EDGE_CURVE('',#24,#352,#402,.T.);
#402 = SURFACE_CURVE('',#403,(#407,#413),.PCURVE_S1.);
#403 = LINE('',#404,#405);
#404 = CARTESIAN_POINT('',(51.,-57.,32.25));
#405 = VECTOR('',#406,1.);
#406 = DIRECTION('',(1.,0.,0.));
#407 = PCURVE('',#44,#408);
#408 = DEFINITIONAL_REPRESENTATION('',(#409),#412);
#409 = B_SPLINE_CURVE_WITH_KNOTS('',1,(#410,#411),.UNSPECIFIED.,.F.,.F.,
  (2,2),(0.5,3.5),.PIECEWISE_BEZIER_KNOTS.);
#410 = CARTESIAN_POINT('',(1.25,0.));
#411 = CARTESIAN_POINT('',(1.25,3.));
#412 = ( GEOMETRIC_REPRESENTATION_CONTEXT(2) 
PARAMETRIC_REPRESENTATION_CONTEXT() REPRESENTATION_CONTEXT('2D SPACE',''
  ) );
#413 = PCURVE('',#337,#414);
#414 = DEFINITIONAL_REPRESENTATION('',(#415),#418);
#415 = B_SPLINE_CURVE_WITH_KNOTS('',1,(#416,#417),.UNSPECIFIED.,.F.,.F.,
  (2,2),(0.5,3.5),.PIECEWISE_BEZIER_KNOTS.);
#416 = CARTESIAN_POINT('',(1.,1.));
#417 = CARTESIAN_POINT('',(4.,1.));
#418 = ( GEOMETRIC_REPRESENTATION_CONTEXT(2) 
PARAMETRIC_REPRESENTATION_CONTEXT() REPRESENTATION_CONTEXT('2D SPACE',''
  ) );
#419 = ADVANCED_FACE('',(#420),#337,.T.);
#420 = FACE_BOUND('',#421,.T.);
#421 = EDGE_LOOP('',(#422,#423,#424,#451,#479,#511));
#422 = ORIENTED_EDGE('',*,*,#324,.T.);
#423 = ORIENTED_EDGE('',*,*,#401,.T.);
#424 = ORIENTED_EDGE('',*,*,#425,.T.);
#425 = EDGE_CURVE('',#352,#426,#428,.T.);
#426 = VERTEX_POINT('',#427);
#427 = CARTESIAN_POINT('',(54.5,-56.56350832689,32.25));
#428 = SURFACE_CURVE('',#429,(#434,#445),.PCURVE_S1.);
#429 = CIRCLE('',#430,4.);
#430 = AXIS2_PLACEMENT_3D('',#431,#432,#433);
#431 = CARTESIAN_POINT('',(58.,-58.5,32.25));
#432 = DIRECTION('',(0.,0.,-1.));
#433 = DIRECTION('',(1.,0.,0.));
#434 = PCURVE('',#337,#435);
#435 = DEFINITIONAL_REPRESENTATION('',(#436),#444);
#436 = ( BOUNDED_CURVE() B_SPLINE_CURVE(2,(#437,#438,#439,#440,#441,#442
,#443),.UNSPECIFIED.,.T.,.F.) B_SPLINE_CURVE_WITH_KNOTS((1,2,2,2,2,1),(
    -2.094395102393,0.,2.094395102393,4.188790204786,6.28318530718,
8.377580409573),.UNSPECIFIED.) CURVE() GEOMETRIC_REPRESENTATION_ITEM() 
RATIONAL_B_SPLINE_CURVE((1.,0.5,1.,0.5,1.,0.5,1.)) REPRESENTATION_ITEM(
  '') );
#437 = CARTESIAN_POINT('',(11.5,-0.5));
#438 = CARTESIAN_POINT('',(11.5,-7.428203230276));
#439 = CARTESIAN_POINT('',(5.5,-3.964101615138));
#440 = CARTESIAN_POINT('',(-0.5,-0.5));
#441 = CARTESIAN_POINT('',(5.5,2.964101615138));
#442 = CARTESIAN_POINT('',(11.5,6.428203230276));
#443 = CARTESIAN_POINT('',(11.5,-0.5));
#444 = ( GEOMETRIC_REPRESENTATION_CONTEXT(2) 
PARAMETRIC_REPRESENTATION_CONTEXT() REPRESENTATION_CONTEXT('2D SPACE',''
  ) );
#445 = PCURVE('',#368,#446);
#446 = DEFINITIONAL_REPRESENTATION('',(#447),#450);
#447 = B_SPLINE_CURVE_WITH_KNOTS('',1,(#448,#449),.UNSPECIFIED.,.F.,.F.,
  (2,2),(3.525989428085,3.646953163874),.PIECEWISE_BEZIER_KNOTS.);
#448 = CARTESIAN_POINT('',(-2.757195879094,-1.25));
#449 = CARTESIAN_POINT('',(-2.636232143306,-1.25));
#450 = ( GEOMETRIC_REPRESENTATION_CONTEXT(2) 
PARAMETRIC_REPRESENTATION_CONTEXT() REPRESENTATION_CONTEXT('2D SPACE',''
  ) );
#451 = ORIENTED_EDGE('',*,*,#452,.T.);
#452 = EDGE_CURVE('',#426,#453,#455,.T.);
#453 = VERTEX_POINT('',#454);
#454 = CARTESIAN_POINT('',(54.5,14.063508326896,32.25));
#455 = SURFACE_CURVE('',#456,(#460,#467),.PCURVE_S1.);
#456 = LINE('',#457,#458);
#457 = CARTESIAN_POINT('',(54.5,-58.,32.25));
#458 = VECTOR('',#459,1.);
#459 = DIRECTION('',(0.,1.,0.));
#460 = PCURVE('',#337,#461);
#461 = DEFINITIONAL_REPRESENTATION('',(#462),#466);
#462 = LINE('',#463,#464);
#463 = CARTESIAN_POINT('',(4.,0.));
#464 = VECTOR('',#465,1.);
#465 = DIRECTION('',(0.,1.));
#466 = ( GEOMETRIC_REPRESENTATION_CONTEXT(2) 
PARAMETRIC_REPRESENTATION_CONTEXT() REPRESENTATION_CONTEXT('2D SPACE',''
  ) );
#467 = PCURVE('',#468,#473);
#468 = PLANE('',#469);
#469 = AXIS2_PLACEMENT_3D('',#470,#471,#472);
#470 = CARTESIAN_POINT('',(54.5,-58.,32.25));
#471 = DIRECTION('',(1.,0.,0.));
#472 = DIRECTION('',(0.,0.,1.));
#473 = DEFINITIONAL_REPRESENTATION('',(#474),#478);
#474 = LINE('',#475,#476);
#475 = CARTESIAN_POINT('',(0.,0.));
#476 = VECTOR('',#477,1.);
#477 = DIRECTION('',(0.,-1.));
#478 = ( GEOMETRIC_REPRESENTATION_CONTEXT(2) 
PARAMETRIC_REPRESENTATION_CONTEXT() REPRESENTATION_CONTEXT('2D SPACE',''
  ) );
#479 = ORIENTED_EDGE('',*,*,#480,.T.);
#480 = EDGE_CURVE('',#453,#481,#483,.T.);
#481 = VERTEX_POINT('',#482);
#482 = CARTESIAN_POINT('',(54.291900756452,14.5,32.25));
#483 = SURFACE_CURVE('',#484,(#489,#500),.PCURVE_S1.);
#484 = CIRCLE('',#485,4.);
#485 = AXIS2_PLACEMENT_3D('',#486,#487,#488);
#486 = CARTESIAN_POINT('',(58.,16.,32.25));
#487 = DIRECTION('',(0.,0.,-1.));
#488 = DIRECTION('',(1.,0.,0.));
#489 = PCURVE('',#337,#490);
#490 = DEFINITIONAL_REPRESENTATION('',(#491),#499);
#491 = ( BOUNDED_CURVE() B_SPLINE_CURVE(2,(#492,#493,#494,#495,#496,#497
,#498),.UNSPECIFIED.,.T.,.F.) B_SPLINE_CURVE_WITH_KNOTS((1,2,2,2,2,1),(
    -2.094395102393,0.,2.094395102393,4.188790204786,6.28318530718,
8.377580409573),.UNSPECIFIED.) CURVE() GEOMETRIC_REPRESENTATION_ITEM() 
RATIONAL_B_SPLINE_CURVE((1.,0.5,1.,0.5,1.,0.5,1.)) REPRESENTATION_ITEM(
  '') );
#492 = CARTESIAN_POINT('',(11.5,74.));
#493 = CARTESIAN_POINT('',(11.5,67.071796769725));
#494 = CARTESIAN_POINT('',(5.5,70.535898384862));
#495 = CARTESIAN_POINT('',(-0.5,74.));
#496 = CARTESIAN_POINT('',(5.5,77.464101615138));
#497 = CARTESIAN_POINT('',(11.5,80.928203230276));
#498 = CARTESIAN_POINT('',(11.5,74.));
#499 = ( GEOMETRIC_REPRESENTATION_CONTEXT(2) 
PARAMETRIC_REPRESENTATION_CONTEXT() REPRESENTATION_CONTEXT('2D SPACE',''
  ) );
#500 = PCURVE('',#501,#506);
#501 = CYLINDRICAL_SURFACE('',#502,4.);
#502 = AXIS2_PLACEMENT_3D('',#503,#504,#505);
#503 = CARTESIAN_POINT('',(58.,16.,31.));
#504 = DIRECTION('',(-0.,-0.,-1.));
#505 = DIRECTION('',(1.,0.,0.));
#506 = DEFINITIONAL_REPRESENTATION('',(#507),#510);
#507 = B_SPLINE_CURVE_WITH_KNOTS('',1,(#508,#509),.UNSPECIFIED.,.F.,.F.,
  (2,2),(2.636232143306,2.757195879094),.PIECEWISE_BEZIER_KNOTS.);
#508 = CARTESIAN_POINT('',(-9.930138471054,-1.25));
#509 = CARTESIAN_POINT('',(-9.809174735265,-1.25));
#510 = ( GEOMETRIC_REPRESENTATION_CONTEXT(2) 
PARAMETRIC_REPRESENTATION_CONTEXT() REPRESENTATION_CONTEXT('2D SPACE',''
  ) );
#511 = ORIENTED_EDGE('',*,*,#512,.F.);
#512 = EDGE_CURVE('',#297,#481,#513,.T.);
#513 = SURFACE_CURVE('',#514,(#518,#524),.PCURVE_S1.);
#514 = LINE('',#515,#516);
#515 = CARTESIAN_POINT('',(51.,14.5,32.25));
#516 = VECTOR('',#517,1.);
#517 = DIRECTION('',(1.,0.,0.));
#518 = PCURVE('',#337,#519);
#519 = DEFINITIONAL_REPRESENTATION('',(#520),#523);
#520 = B_SPLINE_CURVE_WITH_KNOTS('',1,(#521,#522),.UNSPECIFIED.,.F.,.F.,
  (2,2),(0.5,3.5),.PIECEWISE_BEZIER_KNOTS.);
#521 = CARTESIAN_POINT('',(1.,72.5));
#522 = CARTESIAN_POINT('',(4.,72.5));
#523 = ( GEOMETRIC_REPRESENTATION_CONTEXT(2) 
PARAMETRIC_REPRESENTATION_CONTEXT() REPRESENTATION_CONTEXT('2D SPACE',''
  ) );
#524 = PCURVE('',#312,#525);
#525 = DEFINITIONAL_REPRESENTATION('',(#526),#529);
#526 = B_SPLINE_CURVE_WITH_KNOTS('',1,(#527,#528),.UNSPECIFIED.,.F.,.F.,
  (2,2),(0.5,3.5),.PIECEWISE_BEZIER_KNOTS.);
#527 = CARTESIAN_POINT('',(1.25,0.));
#528 = CARTESIAN_POINT('',(1.25,3.));
#529 = ( GEOMETRIC_REPRESENTATION_CONTEXT(2) 
PARAMETRIC_REPRESENTATION_CONTEXT() REPRESENTATION_CONTEXT('2D SPACE',''
  ) );
#530 = ADVANCED_FACE('',(#531),#312,.T.);
#531 = FACE_BOUND('',#532,.T.);
#532 = EDGE_LOOP('',(#533,#554,#575,#576));
#533 = ORIENTED_EDGE('',*,*,#534,.T.);
#534 = EDGE_CURVE('',#481,#535,#537,.T.);
#535 = VERTEX_POINT('',#536);
#536 = CARTESIAN_POINT('',(54.291900756452,14.5,31.));
#537 = SURFACE_CURVE('',#538,(#542,#548),.PCURVE_S1.);
#538 = LINE('',#539,#540);
#539 = CARTESIAN_POINT('',(54.291900756452,14.5,31.));
#540 = VECTOR('',#541,1.);
#541 = DIRECTION('',(-0.,-0.,-1.));
#542 = PCURVE('',#312,#543);
#543 = DEFINITIONAL_REPRESENTATION('',(#544),#547);
#544 = B_SPLINE_CURVE_WITH_KNOTS('',1,(#545,#546),.UNSPECIFIED.,.F.,.F.,
  (2,2),(-2.5000006,5.999999999062E-07),.PIECEWISE_BEZIER_KNOTS.);
#545 = CARTESIAN_POINT('',(2.5000006,2.791900756452));
#546 = CARTESIAN_POINT('',(-5.999999999062E-07,2.791900756452));
#547 = ( GEOMETRIC_REPRESENTATION_CONTEXT(2) 
PARAMETRIC_REPRESENTATION_CONTEXT() REPRESENTATION_CONTEXT('2D SPACE',''
  ) );
#548 = PCURVE('',#501,#549);
#549 = DEFINITIONAL_REPRESENTATION('',(#550),#553);
#550 = B_SPLINE_CURVE_WITH_KNOTS('',1,(#551,#552),.UNSPECIFIED.,.F.,.F.,
  (2,2),(-1.25,0.),.PIECEWISE_BEZIER_KNOTS.);
#551 = CARTESIAN_POINT('',(-9.809174735265,-1.25));
#552 = CARTESIAN_POINT('',(-9.809174735265,0.));
#553 = ( GEOMETRIC_REPRESENTATION_CONTEXT(2) 
PARAMETRIC_REPRESENTATION_CONTEXT() REPRESENTATION_CONTEXT('2D SPACE',''
  ) );
#554 = ORIENTED_EDGE('',*,*,#555,.F.);
#555 = EDGE_CURVE('',#274,#535,#556,.T.);
#556 = SURFACE_CURVE('',#557,(#561,#568),.PCURVE_S1.);
#557 = LINE('',#558,#559);
#558 = CARTESIAN_POINT('',(51.5,14.5,31.));
#559 = VECTOR('',#560,1.);
#560 = DIRECTION('',(1.,0.,0.));
#561 = PCURVE('',#312,#562);
#562 = DEFINITIONAL_REPRESENTATION('',(#563),#567);
#563 = LINE('',#564,#565);
#564 = CARTESIAN_POINT('',(0.,0.));
#565 = VECTOR('',#566,1.);
#566 = DIRECTION('',(0.,1.));
#567 = ( GEOMETRIC_REPRESENTATION_CONTEXT(2) 
PARAMETRIC_REPRESENTATION_CONTEXT() REPRESENTATION_CONTEXT('2D SPACE',''
  ) );
#568 = PCURVE('',#72,#569);
#569 = DEFINITIONAL_REPRESENTATION('',(#570),#574);
#570 = LINE('',#571,#572);
#571 = CARTESIAN_POINT('',(0.,71.5));
#572 = VECTOR('',#573,1.);
#573 = DIRECTION('',(1.,0.));
#574 = ( GEOMETRIC_REPRESENTATION_CONTEXT(2) 
PARAMETRIC_REPRESENTATION_CONTEXT() REPRESENTATION_CONTEXT('2D SPACE',''
  ) );
#575 = ORIENTED_EDGE('',*,*,#296,.T.);
#576 = ORIENTED_EDGE('',*,*,#512,.T.);
#577 = ADVANCED_FACE('',(#578,#916,#951,#986,#1021),#72,.F.);
#578 = FACE_BOUND('',#579,.F.);
#579 = EDGE_LOOP('',(#580,#581,#582,#610,#638,#671,#699,#727,#760,#788,
    #816,#842,#843,#844,#867,#895));
#580 = ORIENTED_EDGE('',*,*,#56,.F.);
#581 = ORIENTED_EDGE('',*,*,#379,.T.);
#582 = ORIENTED_EDGE('',*,*,#583,.F.);
#583 = EDGE_CURVE('',#584,#354,#586,.T.);
#584 = VERTEX_POINT('',#585);
#585 = CARTESIAN_POINT('',(61.708099243548,-57.,31.));
#586 = SURFACE_CURVE('',#587,(#592,#603),.PCURVE_S1.);
#587 = CIRCLE('',#588,4.);
#588 = AXIS2_PLACEMENT_3D('',#589,#590,#591);
#589 = CARTESIAN_POINT('',(58.,-58.5,31.));
#590 = DIRECTION('',(0.,0.,-1.));
#591 = DIRECTION('',(0.927024810887,0.375,0.));
#592 = PCURVE('',#72,#593);
#593 = DEFINITIONAL_REPRESENTATION('',(#594),#602);
#594 = ( BOUNDED_CURVE() B_SPLINE_CURVE(2,(#595,#596,#597,#598,#599,#600
,#601),.UNSPECIFIED.,.T.,.F.) B_SPLINE_CURVE_WITH_KNOTS((1,2,2,2,2,1),(
    -2.094395102393,0.,2.094395102393,4.188790204786,6.28318530718,
8.377580409573),.UNSPECIFIED.) CURVE() GEOMETRIC_REPRESENTATION_ITEM() 
RATIONAL_B_SPLINE_CURVE((1.,0.5,1.,0.5,1.,0.5,1.)) REPRESENTATION_ITEM(
  '') );
#595 = CARTESIAN_POINT('',(10.208099243548,-3.907985046681E-14));
#596 = CARTESIAN_POINT('',(12.806175454901,-6.422616289333));
#597 = CARTESIAN_POINT('',(5.944988483903,-5.461308144666));
#598 = CARTESIAN_POINT('',(-0.916198487096,-4.5));
#599 = CARTESIAN_POINT('',(3.346912272549,0.961308144666));
#600 = CARTESIAN_POINT('',(7.610023032195,6.422616289333));
#601 = CARTESIAN_POINT('',(10.208099243548,-3.907985046681E-14));
#602 = ( GEOMETRIC_REPRESENTATION_CONTEXT(2) 
PARAMETRIC_REPRESENTATION_CONTEXT() REPRESENTATION_CONTEXT('2D SPACE',''
  ) );
#603 = PCURVE('',#368,#604);
#604 = DEFINITIONAL_REPRESENTATION('',(#605),#609);
#605 = LINE('',#606,#607);
#606 = CARTESIAN_POINT('',(-6.667582081675,0.));
#607 = VECTOR('',#608,1.);
#608 = DIRECTION('',(1.,-0.));
#609 = ( GEOMETRIC_REPRESENTATION_CONTEXT(2) 
PARAMETRIC_REPRESENTATION_CONTEXT() REPRESENTATION_CONTEXT('2D SPACE',''
  ) );
#610 = ORIENTED_EDGE('',*,*,#611,.T.);
#611 = EDGE_CURVE('',#584,#612,#614,.T.);
#612 = VERTEX_POINT('',#613);
#613 = CARTESIAN_POINT('',(90.291900756452,-57.,31.));
#614 = SURFACE_CURVE('',#615,(#619,#626),.PCURVE_S1.);
#615 = LINE('',#616,#617);
#616 = CARTESIAN_POINT('',(51.5,-57.,31.));
#617 = VECTOR('',#618,1.);
#618 = DIRECTION('',(1.,0.,0.));
#619 = PCURVE('',#72,#620);
#620 = DEFINITIONAL_REPRESENTATION('',(#621),#625);
#621 = LINE('',#622,#623);
#622 = CARTESIAN_POINT('',(0.,0.));
#623 = VECTOR('',#624,1.);
#624 = DIRECTION('',(1.,0.));
#625 = ( GEOMETRIC_REPRESENTATION_CONTEXT(2) 
PARAMETRIC_REPRESENTATION_CONTEXT() REPRESENTATION_CONTEXT('2D SPACE',''
  ) );
#626 = PCURVE('',#627,#632);
#627 = PLANE('',#628);
#628 = AXIS2_PLACEMENT_3D('',#629,#630,#631);
#629 = CARTESIAN_POINT('',(51.5,-57.,31.));
#630 = DIRECTION('',(0.,1.,0.));
#631 = DIRECTION('',(0.,0.,1.));
#632 = DEFINITIONAL_REPRESENTATION('',(#633),#637);
#633 = LINE('',#634,#635);
#634 = CARTESIAN_POINT('',(0.,0.));
#635 = VECTOR('',#636,1.);
#636 = DIRECTION('',(0.,1.));
#637 = ( GEOMETRIC_REPRESENTATION_CONTEXT(2) 
PARAMETRIC_REPRESENTATION_CONTEXT() REPRESENTATION_CONTEXT('2D SPACE',''
  ) );
#638 = ORIENTED_EDGE('',*,*,#639,.F.);
#639 = EDGE_CURVE('',#640,#612,#642,.T.);
#640 = VERTEX_POINT('',#641);
#641 = CARTESIAN_POINT('',(97.708099243548,-57.,31.));
#642 = SURFACE_CURVE('',#643,(#648,#659),.PCURVE_S1.);
#643 = CIRCLE('',#644,4.);
#644 = AXIS2_PLACEMENT_3D('',#645,#646,#647);
#645 = CARTESIAN_POINT('',(94.,-58.5,31.));
#646 = DIRECTION('',(0.,0.,-1.));
#647 = DIRECTION('',(0.927024810887,0.375,0.));
#648 = PCURVE('',#72,#649);
#649 = DEFINITIONAL_REPRESENTATION('',(#650),#658);
#650 = ( BOUNDED_CURVE() B_SPLINE_CURVE(2,(#651,#652,#653,#654,#655,#656
,#657),.UNSPECIFIED.,.T.,.F.) B_SPLINE_CURVE_WITH_KNOTS((1,2,2,2,2,1),(
    -2.094395102393,0.,2.094395102393,4.188790204786,6.28318530718,
8.377580409573),.UNSPECIFIED.) CURVE() GEOMETRIC_REPRESENTATION_ITEM() 
RATIONAL_B_SPLINE_CURVE((1.,0.5,1.,0.5,1.,0.5,1.)) REPRESENTATION_ITEM(
  '') );
#651 = CARTESIAN_POINT('',(46.208099243548,-4.152234112098E-14));
#652 = CARTESIAN_POINT('',(48.806175454901,-6.422616289333));
#653 = CARTESIAN_POINT('',(41.944988483903,-5.461308144666));
#654 = CARTESIAN_POINT('',(35.083801512904,-4.5));
#655 = CARTESIAN_POINT('',(39.346912272549,0.961308144666));
#656 = CARTESIAN_POINT('',(43.610023032195,6.422616289333));
#657 = CARTESIAN_POINT('',(46.208099243548,-4.152234112098E-14));
#658 = ( GEOMETRIC_REPRESENTATION_CONTEXT(2) 
PARAMETRIC_REPRESENTATION_CONTEXT() REPRESENTATION_CONTEXT('2D SPACE',''
  ) );
#659 = PCURVE('',#660,#665);
#660 = CYLINDRICAL_SURFACE('',#661,4.);
#661 = AXIS2_PLACEMENT_3D('',#662,#663,#664);
#662 = CARTESIAN_POINT('',(94.,-58.5,31.));
#663 = DIRECTION('',(-0.,-0.,-1.));
#664 = DIRECTION('',(1.,0.,0.));
#665 = DEFINITIONAL_REPRESENTATION('',(#666),#670);
#666 = LINE('',#667,#668);
#667 = CARTESIAN_POINT('',(-6.667582081675,0.));
#668 = VECTOR('',#669,1.);
#669 = DIRECTION('',(1.,-0.));
#670 = ( GEOMETRIC_REPRESENTATION_CONTEXT(2) 
PARAMETRIC_REPRESENTATION_CONTEXT() REPRESENTATION_CONTEXT('2D SPACE',''
  ) );
#671 = ORIENTED_EDGE('',*,*,#672,.T.);
#672 = EDGE_CURVE('',#640,#673,#675,.T.);
#673 = VERTEX_POINT('',#674);
#674 = CARTESIAN_POINT('',(103.05,-57.,31.));
#675 = SURFACE_CURVE('',#676,(#680,#687),.PCURVE_S1.);
#676 = LINE('',#677,#678);
#677 = CARTESIAN_POINT('',(51.5,-57.,31.));
#678 = VECTOR('',#679,1.);
#679 = DIRECTION('',(1.,0.,0.));
#680 = PCURVE('',#72,#681);
#681 = DEFINITIONAL_REPRESENTATION('',(#682),#686);
#682 = LINE('',#683,#684);
#683 = CARTESIAN_POINT('',(0.,0.));
#684 = VECTOR('',#685,1.);
#685 = DIRECTION('',(1.,0.));
#686 = ( GEOMETRIC_REPRESENTATION_CONTEXT(2) 
PARAMETRIC_REPRESENTATION_CONTEXT() REPRESENTATION_CONTEXT('2D SPACE',''
  ) );
#687 = PCURVE('',#688,#693);
#688 = PLANE('',#689);
#689 = AXIS2_PLACEMENT_3D('',#690,#691,#692);
#690 = CARTESIAN_POINT('',(51.5,-57.,31.));
#691 = DIRECTION('',(0.,1.,0.));
#692 = DIRECTION('',(0.,0.,1.));
#693 = DEFINITIONAL_REPRESENTATION('',(#694),#698);
#694 = LINE('',#695,#696);
#695 = CARTESIAN_POINT('',(0.,0.));
#696 = VECTOR('',#697,1.);
#697 = DIRECTION('',(0.,1.));
#698 = ( GEOMETRIC_REPRESENTATION_CONTEXT(2) 
PARAMETRIC_REPRESENTATION_CONTEXT() REPRESENTATION_CONTEXT('2D SPACE',''
  ) );
#699 = ORIENTED_EDGE('',*,*,#700,.T.);
#700 = EDGE_CURVE('',#673,#701,#703,.T.);
#701 = VERTEX_POINT('',#702);
#702 = CARTESIAN_POINT('',(103.05,-48.70809924354,31.));
#703 = SURFACE_CURVE('',#704,(#708,#715),.PCURVE_S1.);
#704 = LINE('',#705,#706);
#705 = CARTESIAN_POINT('',(103.05,-57.,31.));
#706 = VECTOR('',#707,1.);
#707 = DIRECTION('',(0.,1.,0.));
#708 = PCURVE('',#72,#709);
#709 = DEFINITIONAL_REPRESENTATION('',(#710),#714);
#710 = LINE('',#711,#712);
#711 = CARTESIAN_POINT('',(51.55,0.));
#712 = VECTOR('',#713,1.);
#713 = DIRECTION('',(0.,1.));
#714 = ( GEOMETRIC_REPRESENTATION_CONTEXT(2) 
PARAMETRIC_REPRESENTATION_CONTEXT() REPRESENTATION_CONTEXT('2D SPACE',''
  ) );
#715 = PCURVE('',#716,#721);
#716 = PLANE('',#717);
#717 = AXIS2_PLACEMENT_3D('',#718,#719,#720);
#718 = CARTESIAN_POINT('',(103.05,-57.,31.));
#719 = DIRECTION('',(1.,0.,0.));
#720 = DIRECTION('',(0.,0.,1.));
#721 = DEFINITIONAL_REPRESENTATION('',(#722),#726);
#722 = LINE('',#723,#724);
#723 = CARTESIAN_POINT('',(0.,0.));
#724 = VECTOR('',#725,1.);
#725 = DIRECTION('',(0.,-1.));
#726 = ( GEOMETRIC_REPRESENTATION_CONTEXT(2) 
PARAMETRIC_REPRESENTATION_CONTEXT() REPRESENTATION_CONTEXT('2D SPACE',''
  ) );
#727 = ORIENTED_EDGE('',*,*,#728,.F.);
#728 = EDGE_CURVE('',#729,#701,#731,.T.);
#729 = VERTEX_POINT('',#730);
#730 = CARTESIAN_POINT('',(103.05,-41.29190075645,31.));
#731 = SURFACE_CURVE('',#732,(#737,#748),.PCURVE_S1.);
#732 = CIRCLE('',#733,4.);
#733 = AXIS2_PLACEMENT_3D('',#734,#735,#736);
#734 = CARTESIAN_POINT('',(104.55,-45.,31.));
#735 = DIRECTION('',(0.,0.,-1.));
#736 = DIRECTION('',(-0.375,0.927024810887,0.));
#737 = PCURVE('',#72,#738);
#738 = DEFINITIONAL_REPRESENTATION('',(#739),#747);
#739 = ( BOUNDED_CURVE() B_SPLINE_CURVE(2,(#740,#741,#742,#743,#744,#745
,#746),.UNSPECIFIED.,.T.,.F.) B_SPLINE_CURVE_WITH_KNOTS((1,2,2,2,2,1),(
    -2.094395102393,0.,2.094395102393,4.188790204786,6.28318530718,
8.377580409573),.UNSPECIFIED.) CURVE() GEOMETRIC_REPRESENTATION_ITEM() 
RATIONAL_B_SPLINE_CURVE((1.,0.5,1.,0.5,1.,0.5,1.)) REPRESENTATION_ITEM(
  '') );
#740 = CARTESIAN_POINT('',(51.55,15.708099243548));
#741 = CARTESIAN_POINT('',(57.972616289333,18.306175454901));
#742 = CARTESIAN_POINT('',(57.011308144666,11.444988483903));
#743 = CARTESIAN_POINT('',(56.05,4.583801512904));
#744 = CARTESIAN_POINT('',(50.588691855334,8.846912272549));
#745 = CARTESIAN_POINT('',(45.127383710667,13.110023032194));
#746 = CARTESIAN_POINT('',(51.55,15.708099243548));
#747 = ( GEOMETRIC_REPRESENTATION_CONTEXT(2) 
PARAMETRIC_REPRESENTATION_CONTEXT() REPRESENTATION_CONTEXT('2D SPACE',''
  ) );
#748 = PCURVE('',#749,#754);
#749 = CYLINDRICAL_SURFACE('',#750,4.);
#750 = AXIS2_PLACEMENT_3D('',#751,#752,#753);
#751 = CARTESIAN_POINT('',(104.55,-45.,31.));
#752 = DIRECTION('',(-0.,-0.,-1.));
#753 = DIRECTION('',(1.,0.,0.));
#754 = DEFINITIONAL_REPRESENTATION('',(#755),#759);
#755 = LINE('',#756,#757);
#756 = CARTESIAN_POINT('',(-8.23837840847,0.));
#757 = VECTOR('',#758,1.);
#758 = DIRECTION('',(1.,-0.));
#759 = ( GEOMETRIC_REPRESENTATION_CONTEXT(2) 
PARAMETRIC_REPRESENTATION_CONTEXT() REPRESENTATION_CONTEXT('2D SPACE',''
  ) );
#760 = ORIENTED_EDGE('',*,*,#761,.T.);
#761 = EDGE_CURVE('',#729,#762,#764,.T.);
#762 = VERTEX_POINT('',#763);
#763 = CARTESIAN_POINT('',(103.05,14.5,31.));
#764 = SURFACE_CURVE('',#765,(#769,#776),.PCURVE_S1.);
#765 = LINE('',#766,#767);
#766 = CARTESIAN_POINT('',(103.05,-57.,31.));
#767 = VECTOR('',#768,1.);
#768 = DIRECTION('',(0.,1.,0.));
#769 = PCURVE('',#72,#770);
#770 = DEFINITIONAL_REPRESENTATION('',(#771),#775);
#771 = LINE('',#772,#773);
#772 = CARTESIAN_POINT('',(51.55,0.));
#773 = VECTOR('',#774,1.);
#774 = DIRECTION('',(0.,1.));
#775 = ( GEOMETRIC_REPRESENTATION_CONTEXT(2) 
PARAMETRIC_REPRESENTATION_CONTEXT() REPRESENTATION_CONTEXT('2D SPACE',''
  ) );
#776 = PCURVE('',#777,#782);
#777 = PLANE('',#778);
#778 = AXIS2_PLACEMENT_3D('',#779,#780,#781);
#779 = CARTESIAN_POINT('',(103.05,-57.,31.));
#780 = DIRECTION('',(1.,0.,0.));
#781 = DIRECTION('',(0.,0.,1.));
#782 = DEFINITIONAL_REPRESENTATION('',(#783),#787);
#783 = LINE('',#784,#785);
#784 = CARTESIAN_POINT('',(0.,0.));
#785 = VECTOR('',#786,1.);
#786 = DIRECTION('',(0.,-1.));
#787 = ( GEOMETRIC_REPRESENTATION_CONTEXT(2) 
PARAMETRIC_REPRESENTATION_CONTEXT() REPRESENTATION_CONTEXT('2D SPACE',''
  ) );
#788 = ORIENTED_EDGE('',*,*,#789,.F.);
#789 = EDGE_CURVE('',#790,#762,#792,.T.);
#790 = VERTEX_POINT('',#791);
#791 = CARTESIAN_POINT('',(61.708099243548,14.5,31.));
#792 = SURFACE_CURVE('',#793,(#797,#804),.PCURVE_S1.);
#793 = LINE('',#794,#795);
#794 = CARTESIAN_POINT('',(51.5,14.5,31.));
#795 = VECTOR('',#796,1.);
#796 = DIRECTION('',(1.,0.,0.));
#797 = PCURVE('',#72,#798);
#798 = DEFINITIONAL_REPRESENTATION('',(#799),#803);
#799 = LINE('',#800,#801);
#800 = CARTESIAN_POINT('',(0.,71.5));
#801 = VECTOR('',#802,1.);
#802 = DIRECTION('',(1.,0.));
#803 = ( GEOMETRIC_REPRESENTATION_CONTEXT(2) 
PARAMETRIC_REPRESENTATION_CONTEXT() REPRESENTATION_CONTEXT('2D SPACE',''
  ) );
#804 = PCURVE('',#805,#810);
#805 = PLANE('',#806);
#806 = AXIS2_PLACEMENT_3D('',#807,#808,#809);
#807 = CARTESIAN_POINT('',(51.5,14.5,31.));
#808 = DIRECTION('',(0.,1.,0.));
#809 = DIRECTION('',(0.,0.,1.));
#810 = DEFINITIONAL_REPRESENTATION('',(#811),#815);
#811 = LINE('',#812,#813);
#812 = CARTESIAN_POINT('',(0.,0.));
#813 = VECTOR('',#814,1.);
#814 = DIRECTION('',(0.,1.));
#815 = ( GEOMETRIC_REPRESENTATION_CONTEXT(2) 
PARAMETRIC_REPRESENTATION_CONTEXT() REPRESENTATION_CONTEXT('2D SPACE',''
  ) );
#816 = ORIENTED_EDGE('',*,*,#817,.F.);
#817 = EDGE_CURVE('',#535,#790,#818,.T.);
#818 = SURFACE_CURVE('',#819,(#824,#835),.PCURVE_S1.);
#819 = CIRCLE('',#820,4.);
#820 = AXIS2_PLACEMENT_3D('',#821,#822,#823);
#821 = CARTESIAN_POINT('',(58.,16.,31.));
#822 = DIRECTION('',(-0.,0.,-1.));
#823 = DIRECTION('',(-0.927024810887,-0.375,0.));
#824 = PCURVE('',#72,#825);
#825 = DEFINITIONAL_REPRESENTATION('',(#826),#834);
#826 = ( BOUNDED_CURVE() B_SPLINE_CURVE(2,(#827,#828,#829,#830,#831,#832
,#833),.UNSPECIFIED.,.T.,.F.) B_SPLINE_CURVE_WITH_KNOTS((1,2,2,2,2,1),(
    -2.094395102393,0.,2.094395102393,4.188790204786,6.28318530718,
8.377580409573),.UNSPECIFIED.) CURVE() GEOMETRIC_REPRESENTATION_ITEM() 
RATIONAL_B_SPLINE_CURVE((1.,0.5,1.,0.5,1.,0.5,1.)) REPRESENTATION_ITEM(
  '') );
#827 = CARTESIAN_POINT('',(2.791900756452,71.5));
#828 = CARTESIAN_POINT('',(0.193824545099,77.922616289332));
#829 = CARTESIAN_POINT('',(7.055011516097,76.961308144666));
#830 = CARTESIAN_POINT('',(13.916198487096,76.));
#831 = CARTESIAN_POINT('',(9.653087727451,70.538691855334));
#832 = CARTESIAN_POINT('',(5.389976967806,65.077383710667));
#833 = CARTESIAN_POINT('',(2.791900756452,71.5));
#834 = ( GEOMETRIC_REPRESENTATION_CONTEXT(2) 
PARAMETRIC_REPRESENTATION_CONTEXT() REPRESENTATION_CONTEXT('2D SPACE',''
  ) );
#835 = PCURVE('',#501,#836);
#836 = DEFINITIONAL_REPRESENTATION('',(#837),#841);
#837 = LINE('',#838,#839);
#838 = CARTESIAN_POINT('',(-9.809174735265,0.));
#839 = VECTOR('',#840,1.);
#840 = DIRECTION('',(1.,-0.));
#841 = ( GEOMETRIC_REPRESENTATION_CONTEXT(2) 
PARAMETRIC_REPRESENTATION_CONTEXT() REPRESENTATION_CONTEXT('2D SPACE',''
  ) );
#842 = ORIENTED_EDGE('',*,*,#555,.F.);
#843 = ORIENTED_EDGE('',*,*,#273,.F.);
#844 = ORIENTED_EDGE('',*,*,#845,.T.);
#845 = EDGE_CURVE('',#246,#846,#848,.T.);
#846 = VERTEX_POINT('',#847);
#847 = CARTESIAN_POINT('',(100.25,11.7,31.));
#848 = SURFACE_CURVE('',#849,(#853,#860),.PCURVE_S1.);
#849 = LINE('',#850,#851);
#850 = CARTESIAN_POINT('',(51.5,11.7,31.));
#851 = VECTOR('',#852,1.);
#852 = DIRECTION('',(1.,0.,0.));
#853 = PCURVE('',#72,#854);
#854 = DEFINITIONAL_REPRESENTATION('',(#855),#859);
#855 = LINE('',#856,#857);
#856 = CARTESIAN_POINT('',(0.,68.7));
#857 = VECTOR('',#858,1.);
#858 = DIRECTION('',(1.,0.));
#859 = ( GEOMETRIC_REPRESENTATION_CONTEXT(2) 
PARAMETRIC_REPRESENTATION_CONTEXT() REPRESENTATION_CONTEXT('2D SPACE',''
  ) );
#860 = PCURVE('',#261,#861);
#861 = DEFINITIONAL_REPRESENTATION('',(#862),#866);
#862 = LINE('',#863,#864);
#863 = CARTESIAN_POINT('',(1.,0.));
#864 = VECTOR('',#865,1.);
#865 = DIRECTION('',(0.,1.));
#866 = ( GEOMETRIC_REPRESENTATION_CONTEXT(2) 
PARAMETRIC_REPRESENTATION_CONTEXT() REPRESENTATION_CONTEXT('2D SPACE',''
  ) );
#867 = ORIENTED_EDGE('',*,*,#868,.F.);
#868 = EDGE_CURVE('',#869,#846,#871,.T.);
#869 = VERTEX_POINT('',#870);
#870 = CARTESIAN_POINT('',(100.25,-54.2,31.));
#871 = SURFACE_CURVE('',#872,(#876,#883),.PCURVE_S1.);
#872 = LINE('',#873,#874);
#873 = CARTESIAN_POINT('',(100.25,-54.2,31.));
#874 = VECTOR('',#875,1.);
#875 = DIRECTION('',(0.,1.,0.));
#876 = PCURVE('',#72,#877);
#877 = DEFINITIONAL_REPRESENTATION('',(#878),#882);
#878 = LINE('',#879,#880);
#879 = CARTESIAN_POINT('',(48.75,2.8));
#880 = VECTOR('',#881,1.);
#881 = DIRECTION('',(0.,1.));
#882 = ( GEOMETRIC_REPRESENTATION_CONTEXT(2) 
PARAMETRIC_REPRESENTATION_CONTEXT() REPRESENTATION_CONTEXT('2D SPACE',''
  ) );
#883 = PCURVE('',#884,#889);
#884 = PLANE('',#885);
#885 = AXIS2_PLACEMENT_3D('',#886,#887,#888);
#886 = CARTESIAN_POINT('',(100.25,-54.2,30.));
#887 = DIRECTION('',(1.,0.,0.));
#888 = DIRECTION('',(0.,0.,1.));
#889 = DEFINITIONAL_REPRESENTATION('',(#890),#894);
#890 = LINE('',#891,#892);
#891 = CARTESIAN_POINT('',(1.,0.));
#892 = VECTOR('',#893,1.);
#893 = DIRECTION('',(0.,-1.));
#894 = ( GEOMETRIC_REPRESENTATION_CONTEXT(2) 
PARAMETRIC_REPRESENTATION_CONTEXT() REPRESENTATION_CONTEXT('2D SPACE',''
  ) );
#895 = ORIENTED_EDGE('',*,*,#896,.F.);
#896 = EDGE_CURVE('',#57,#869,#897,.T.);
#897 = SURFACE_CURVE('',#898,(#902,#909),.PCURVE_S1.);
#898 = LINE('',#899,#900);
#899 = CARTESIAN_POINT('',(51.5,-54.2,31.));
#900 = VECTOR('',#901,1.);
#901 = DIRECTION('',(1.,0.,0.));
#902 = PCURVE('',#72,#903);
#903 = DEFINITIONAL_REPRESENTATION('',(#904),#908);
#904 = LINE('',#905,#906);
#905 = CARTESIAN_POINT('',(0.,2.8));
#906 = VECTOR('',#907,1.);
#907 = DIRECTION('',(1.,0.));
#908 = ( GEOMETRIC_REPRESENTATION_CONTEXT(2) 
PARAMETRIC_REPRESENTATION_CONTEXT() REPRESENTATION_CONTEXT('2D SPACE',''
  ) );
#909 = PCURVE('',#100,#910);
#910 = DEFINITIONAL_REPRESENTATION('',(#911),#915);
#911 = LINE('',#912,#913);
#912 = CARTESIAN_POINT('',(1.,0.));
#913 = VECTOR('',#914,1.);
#914 = DIRECTION('',(0.,1.));
#915 = ( GEOMETRIC_REPRESENTATION_CONTEXT(2) 
PARAMETRIC_REPRESENTATION_CONTEXT() REPRESENTATION_CONTEXT('2D SPACE',''
  ) );
#916 = FACE_BOUND('',#917,.F.);
#917 = EDGE_LOOP('',(#918));
#918 = ORIENTED_EDGE('',*,*,#919,.T.);
#919 = EDGE_CURVE('',#920,#920,#922,.T.);
#920 = VERTEX_POINT('',#921);
#921 = CARTESIAN_POINT('',(59.7,-58.5,31.));
#922 = SURFACE_CURVE('',#923,(#928,#939),.PCURVE_S1.);
#923 = CIRCLE('',#924,1.7);
#924 = AXIS2_PLACEMENT_3D('',#925,#926,#927);
#925 = CARTESIAN_POINT('',(58.,-58.5,31.));
#926 = DIRECTION('',(0.,0.,-1.));
#927 = DIRECTION('',(1.,0.,0.));
#928 = PCURVE('',#72,#929);
#929 = DEFINITIONAL_REPRESENTATION('',(#930),#938);
#930 = ( BOUNDED_CURVE() B_SPLINE_CURVE(2,(#931,#932,#933,#934,#935,#936
,#937),.UNSPECIFIED.,.T.,.F.) B_SPLINE_CURVE_WITH_KNOTS((1,2,2,2,2,1),(
    -2.094395102393,0.,2.094395102393,4.188790204786,6.28318530718,
8.377580409573),.UNSPECIFIED.) CURVE() GEOMETRIC_REPRESENTATION_ITEM() 
RATIONAL_B_SPLINE_CURVE((1.,0.5,1.,0.5,1.,0.5,1.)) REPRESENTATION_ITEM(
  '') );
#931 = CARTESIAN_POINT('',(8.2,-1.5));
#932 = CARTESIAN_POINT('',(8.2,-4.444486372867));
#933 = CARTESIAN_POINT('',(5.65,-2.972243186434));
#934 = CARTESIAN_POINT('',(3.1,-1.5));
#935 = CARTESIAN_POINT('',(5.65,-2.775681356645E-02));
#936 = CARTESIAN_POINT('',(8.2,1.444486372867));
#937 = CARTESIAN_POINT('',(8.2,-1.5));
#938 = ( GEOMETRIC_REPRESENTATION_CONTEXT(2) 
PARAMETRIC_REPRESENTATION_CONTEXT() REPRESENTATION_CONTEXT('2D SPACE',''
  ) );
#939 = PCURVE('',#940,#945);
#940 = CYLINDRICAL_SURFACE('',#941,1.7);
#941 = AXIS2_PLACEMENT_3D('',#942,#943,#944);
#942 = CARTESIAN_POINT('',(58.,-58.5,30.));
#943 = DIRECTION('',(-0.,-0.,-1.));
#944 = DIRECTION('',(1.,0.,0.));
#945 = DEFINITIONAL_REPRESENTATION('',(#946),#950);
#946 = LINE('',#947,#948);
#947 = CARTESIAN_POINT('',(-6.28318530718,-1.));
#948 = VECTOR('',#949,1.);
#949 = DIRECTION('',(1.,-0.));
#950 = ( GEOMETRIC_REPRESENTATION_CONTEXT(2) 
PARAMETRIC_REPRESENTATION_CONTEXT() REPRESENTATION_CONTEXT('2D SPACE',''
  ) );
#951 = FACE_BOUND('',#952,.F.);
#952 = EDGE_LOOP('',(#953));
#953 = ORIENTED_EDGE('',*,*,#954,.T.);
#954 = EDGE_CURVE('',#955,#955,#957,.T.);
#955 = VERTEX_POINT('',#956);
#956 = CARTESIAN_POINT('',(95.7,-58.5,31.));
#957 = SURFACE_CURVE('',#958,(#963,#974),.PCURVE_S1.);
#958 = CIRCLE('',#959,1.7);
#959 = AXIS2_PLACEMENT_3D('',#960,#961,#962);
#960 = CARTESIAN_POINT('',(94.,-58.5,31.));
#961 = DIRECTION('',(0.,0.,-1.));
#962 = DIRECTION('',(1.,0.,0.));
#963 = PCURVE('',#72,#964);
#964 = DEFINITIONAL_REPRESENTATION('',(#965),#973);
#965 = ( BOUNDED_CURVE() B_SPLINE_CURVE(2,(#966,#967,#968,#969,#970,#971
,#972),.UNSPECIFIED.,.T.,.F.) B_SPLINE_CURVE_WITH_KNOTS((1,2,2,2,2,1),(
    -2.094395102393,0.,2.094395102393,4.188790204786,6.28318530718,
8.377580409573),.UNSPECIFIED.) CURVE() GEOMETRIC_REPRESENTATION_ITEM() 
RATIONAL_B_SPLINE_CURVE((1.,0.5,1.,0.5,1.,0.5,1.)) REPRESENTATION_ITEM(
  '') );
#966 = CARTESIAN_POINT('',(44.2,-1.5));
#967 = CARTESIAN_POINT('',(44.2,-4.444486372867));
#968 = CARTESIAN_POINT('',(41.65,-2.972243186434));
#969 = CARTESIAN_POINT('',(39.1,-1.5));
#970 = CARTESIAN_POINT('',(41.65,-2.775681356645E-02));
#971 = CARTESIAN_POINT('',(44.2,1.444486372867));
#972 = CARTESIAN_POINT('',(44.2,-1.5));
#973 = ( GEOMETRIC_REPRESENTATION_CONTEXT(2) 
PARAMETRIC_REPRESENTATION_CONTEXT() REPRESENTATION_CONTEXT('2D SPACE',''
  ) );
#974 = PCURVE('',#975,#980);
#975 = CYLINDRICAL_SURFACE('',#976,1.7);
#976 = AXIS2_PLACEMENT_3D('',#977,#978,#979);
#977 = CARTESIAN_POINT('',(94.,-58.5,30.));
#978 = DIRECTION('',(-0.,-0.,-1.));
#979 = DIRECTION('',(1.,0.,0.));
#980 = DEFINITIONAL_REPRESENTATION('',(#981),#985);
#981 = LINE('',#982,#983);
#982 = CARTESIAN_POINT('',(-6.28318530718,-1.));
#983 = VECTOR('',#984,1.);
#984 = DIRECTION('',(1.,-0.));
#985 = ( GEOMETRIC_REPRESENTATION_CONTEXT(2) 
PARAMETRIC_REPRESENTATION_CONTEXT() REPRESENTATION_CONTEXT('2D SPACE',''
  ) );
#986 = FACE_BOUND('',#987,.F.);
#987 = EDGE_LOOP('',(#988));
#988 = ORIENTED_EDGE('',*,*,#989,.T.);
#989 = EDGE_CURVE('',#990,#990,#992,.T.);
#990 = VERTEX_POINT('',#991);
#991 = CARTESIAN_POINT('',(106.25,-45.,31.));
#992 = SURFACE_CURVE('',#993,(#998,#1009),.PCURVE_S1.);
#993 = CIRCLE('',#994,1.7);
#994 = AXIS2_PLACEMENT_3D('',#995,#996,#997);
#995 = CARTESIAN_POINT('',(104.55,-45.,31.));
#996 = DIRECTION('',(0.,0.,-1.));
#997 = DIRECTION('',(1.,0.,0.));
#998 = PCURVE('',#72,#999);
#999 = DEFINITIONAL_REPRESENTATION('',(#1000),#1008);
#1000 = ( BOUNDED_CURVE() B_SPLINE_CURVE(2,(#1001,#1002,#1003,#1004,
#1005,#1006,#1007),.UNSPECIFIED.,.T.,.F.) B_SPLINE_CURVE_WITH_KNOTS((1,2
    ,2,2,2,1),(-2.094395102393,0.,2.094395102393,4.188790204786,
6.28318530718,8.377580409573),.UNSPECIFIED.) CURVE() 
GEOMETRIC_REPRESENTATION_ITEM() RATIONAL_B_SPLINE_CURVE((1.,0.5,1.,0.5,
1.,0.5,1.)) REPRESENTATION_ITEM('') );
#1001 = CARTESIAN_POINT('',(54.75,12.));
#1002 = CARTESIAN_POINT('',(54.75,9.055513627133));
#1003 = CARTESIAN_POINT('',(52.2,10.527756813566));
#1004 = CARTESIAN_POINT('',(49.65,12.));
#1005 = CARTESIAN_POINT('',(52.2,13.472243186434));
#1006 = CARTESIAN_POINT('',(54.75,14.944486372867));
#1007 = CARTESIAN_POINT('',(54.75,12.));
#1008 = ( GEOMETRIC_REPRESENTATION_CONTEXT(2) 
PARAMETRIC_REPRESENTATION_CONTEXT() REPRESENTATION_CONTEXT('2D SPACE',''
  ) );
#1009 = PCURVE('',#1010,#1015);
#1010 = CYLINDRICAL_SURFACE('',#1011,1.7);
#1011 = AXIS2_PLACEMENT_3D('',#1012,#1013,#1014);
#1012 = CARTESIAN_POINT('',(104.55,-45.,30.));
#1013 = DIRECTION('',(-0.,-0.,-1.));
#1014 = DIRECTION('',(1.,0.,0.));
#1015 = DEFINITIONAL_REPRESENTATION('',(#1016),#1020);
#1016 = LINE('',#1017,#1018);
#1017 = CARTESIAN_POINT('',(-6.28318530718,-1.));
#1018 = VECTOR('',#1019,1.);
#1019 = DIRECTION('',(1.,-0.));
#1020 = ( GEOMETRIC_REPRESENTATION_CONTEXT(2) 
PARAMETRIC_REPRESENTATION_CONTEXT() REPRESENTATION_CONTEXT('2D SPACE',''
  ) );
#1021 = FACE_BOUND('',#1022,.F.);
#1022 = EDGE_LOOP('',(#1023));
#1023 = ORIENTED_EDGE('',*,*,#1024,.T.);
#1024 = EDGE_CURVE('',#1025,#1025,#1027,.T.);
#1025 = VERTEX_POINT('',#1026);
#1026 = CARTESIAN_POINT('',(59.7,16.,31.));
#1027 = SURFACE_CURVE('',#1028,(#1033,#1044),.PCURVE_S1.);
#1028 = CIRCLE('',#1029,1.7);
#1029 = AXIS2_PLACEMENT_3D('',#1030,#1031,#1032);
#1030 = CARTESIAN_POINT('',(58.,16.,31.));
#1031 = DIRECTION('',(0.,0.,-1.));
#1032 = DIRECTION('',(1.,0.,0.));
#1033 = PCURVE('',#72,#1034);
#1034 = DEFINITIONAL_REPRESENTATION('',(#1035),#1043);
#1035 = ( BOUNDED_CURVE() B_SPLINE_CURVE(2,(#1036,#1037,#1038,#1039,
#1040,#1041,#1042),.UNSPECIFIED.,.T.,.F.) B_SPLINE_CURVE_WITH_KNOTS((1,2
    ,2,2,2,1),(-2.094395102393,0.,2.094395102393,4.188790204786,
6.28318530718,8.377580409573),.UNSPECIFIED.) CURVE() 
GEOMETRIC_REPRESENTATION_ITEM() RATIONAL_B_SPLINE_CURVE((1.,0.5,1.,0.5,
1.,0.5,1.)) REPRESENTATION_ITEM('') );
#1036 = CARTESIAN_POINT('',(8.2,73.));
#1037 = CARTESIAN_POINT('',(8.2,70.055513627133));
#1038 = CARTESIAN_POINT('',(5.65,71.527756813566));
#1039 = CARTESIAN_POINT('',(3.1,73.));
#1040 = CARTESIAN_POINT('',(5.65,74.472243186434));
#1041 = CARTESIAN_POINT('',(8.2,75.944486372867));
#1042 = CARTESIAN_POINT('',(8.2,73.));
#1043 = ( GEOMETRIC_REPRESENTATION_CONTEXT(2) 
PARAMETRIC_REPRESENTATION_CONTEXT() REPRESENTATION_CONTEXT('2D SPACE',''
  ) );
#1044 = PCURVE('',#1045,#1050);
#1045 = CYLINDRICAL_SURFACE('',#1046,1.7);
#1046 = AXIS2_PLACEMENT_3D('',#1047,#1048,#1049);
#1047 = CARTESIAN_POINT('',(58.,16.,30.));
#1048 = DIRECTION('',(-0.,-0.,-1.));
#1049 = DIRECTION('',(1.,0.,0.));
#1050 = DEFINITIONAL_REPRESENTATION('',(#1051),#1055);
#1051 = LINE('',#1052,#1053);
#1052 = CARTESIAN_POINT('',(-6.28318530718,-1.));
#1053 = VECTOR('',#1054,1.);
#1054 = DIRECTION('',(1.,-0.));
#1055 = ( GEOMETRIC_REPRESENTATION_CONTEXT(2) 
PARAMETRIC_REPRESENTATION_CONTEXT() REPRESENTATION_CONTEXT('2D SPACE',''
  ) );
#1056 = ADVANCED_FACE('',(#1057),#261,.T.);
#1057 = FACE_BOUND('',#1058,.T.);
#1058 = EDGE_LOOP('',(#1059,#1082,#1083,#1084));
#1059 = ORIENTED_EDGE('',*,*,#1060,.F.);
#1060 = EDGE_CURVE('',#223,#1061,#1063,.T.);
#1061 = VERTEX_POINT('',#1062);
#1062 = CARTESIAN_POINT('',(100.25,11.7,30.));
#1063 = SURFACE_CURVE('',#1064,(#1068,#1075),.PCURVE_S1.);
#1064 = LINE('',#1065,#1066);
#1065 = CARTESIAN_POINT('',(51.5,11.7,30.));
#1066 = VECTOR('',#1067,1.);
#1067 = DIRECTION('',(1.,0.,0.));
#1068 = PCURVE('',#261,#1069);
#1069 = DEFINITIONAL_REPRESENTATION('',(#1070),#1074);
#1070 = LINE('',#1071,#1072);
#1071 = CARTESIAN_POINT('',(0.,0.));
#1072 = VECTOR('',#1073,1.);
#1073 = DIRECTION('',(0.,1.));
#1074 = ( GEOMETRIC_REPRESENTATION_CONTEXT(2) 
PARAMETRIC_REPRESENTATION_CONTEXT() REPRESENTATION_CONTEXT('2D SPACE',''
  ) );
#1075 = PCURVE('',#128,#1076);
#1076 = DEFINITIONAL_REPRESENTATION('',(#1077),#1081);
#1077 = LINE('',#1078,#1079);
#1078 = CARTESIAN_POINT('',(0.,65.9));
#1079 = VECTOR('',#1080,1.);
#1080 = DIRECTION('',(1.,0.));
#1081 = ( GEOMETRIC_REPRESENTATION_CONTEXT(2) 
PARAMETRIC_REPRESENTATION_CONTEXT() REPRESENTATION_CONTEXT('2D SPACE',''
  ) );
#1082 = ORIENTED_EDGE('',*,*,#245,.T.);
#1083 = ORIENTED_EDGE('',*,*,#845,.T.);
#1084 = ORIENTED_EDGE('',*,*,#1085,.F.);
#1085 = EDGE_CURVE('',#1061,#846,#1086,.T.);
#1086 = SURFACE_CURVE('',#1087,(#1091,#1098),.PCURVE_S1.);
#1087 = LINE('',#1088,#1089);
#1088 = CARTESIAN_POINT('',(100.25,11.7,30.));
#1089 = VECTOR('',#1090,1.);
#1090 = DIRECTION('',(0.,0.,1.));
#1091 = PCURVE('',#261,#1092);
#1092 = DEFINITIONAL_REPRESENTATION('',(#1093),#1097);
#1093 = LINE('',#1094,#1095);
#1094 = CARTESIAN_POINT('',(0.,48.75));
#1095 = VECTOR('',#1096,1.);
#1096 = DIRECTION('',(1.,0.));
#1097 = ( GEOMETRIC_REPRESENTATION_CONTEXT(2) 
PARAMETRIC_REPRESENTATION_CONTEXT() REPRESENTATION_CONTEXT('2D SPACE',''
  ) );
#1098 = PCURVE('',#884,#1099);
#1099 = DEFINITIONAL_REPRESENTATION('',(#1100),#1104);
#1100 = LINE('',#1101,#1102);
#1101 = CARTESIAN_POINT('',(0.,-65.9));
#1102 = VECTOR('',#1103,1.);
#1103 = DIRECTION('',(1.,0.));
#1104 = ( GEOMETRIC_REPRESENTATION_CONTEXT(2) 
PARAMETRIC_REPRESENTATION_CONTEXT() REPRESENTATION_CONTEXT('2D SPACE',''
  ) );
#1105 = ADVANCED_FACE('',(#1106),#128,.F.);
#1106 = FACE_BOUND('',#1107,.F.);
#1107 = EDGE_LOOP('',(#1108,#1109,#1132,#1153,#1154,#1155,#1176,#1202));
#1108 = ORIENTED_EDGE('',*,*,#112,.F.);
#1109 = ORIENTED_EDGE('',*,*,#1110,.T.);
#1110 = EDGE_CURVE('',#85,#1111,#1113,.T.);
#1111 = VERTEX_POINT('',#1112);
#1112 = CARTESIAN_POINT('',(100.25,-54.2,30.));
#1113 = SURFACE_CURVE('',#1114,(#1118,#1125),.PCURVE_S1.);
#1114 = LINE('',#1115,#1116);
#1115 = CARTESIAN_POINT('',(51.5,-54.2,30.));
#1116 = VECTOR('',#1117,1.);
#1117 = DIRECTION('',(1.,0.,0.));
#1118 = PCURVE('',#128,#1119);
#1119 = DEFINITIONAL_REPRESENTATION('',(#1120),#1124);
#1120 = LINE('',#1121,#1122);
#1121 = CARTESIAN_POINT('',(0.,0.));
#1122 = VECTOR('',#1123,1.);
#1123 = DIRECTION('',(1.,0.));
#1124 = ( GEOMETRIC_REPRESENTATION_CONTEXT(2) 
PARAMETRIC_REPRESENTATION_CONTEXT() REPRESENTATION_CONTEXT('2D SPACE',''
  ) );
#1125 = PCURVE('',#100,#1126);
#1126 = DEFINITIONAL_REPRESENTATION('',(#1127),#1131);
#1127 = LINE('',#1128,#1129);
#1128 = CARTESIAN_POINT('',(0.,0.));
#1129 = VECTOR('',#1130,1.);
#1130 = DIRECTION('',(0.,1.));
#1131 = ( GEOMETRIC_REPRESENTATION_CONTEXT(2) 
PARAMETRIC_REPRESENTATION_CONTEXT() REPRESENTATION_CONTEXT('2D SPACE',''
  ) );
#1132 = ORIENTED_EDGE('',*,*,#1133,.T.);
#1133 = EDGE_CURVE('',#1111,#1061,#1134,.T.);
#1134 = SURFACE_CURVE('',#1135,(#1139,#1146),.PCURVE_S1.);
#1135 = LINE('',#1136,#1137);
#1136 = CARTESIAN_POINT('',(100.25,-54.2,30.));
#1137 = VECTOR('',#1138,1.);
#1138 = DIRECTION('',(0.,1.,0.));
#1139 = PCURVE('',#128,#1140);
#1140 = DEFINITIONAL_REPRESENTATION('',(#1141),#1145);
#1141 = LINE('',#1142,#1143);
#1142 = CARTESIAN_POINT('',(48.75,0.));
#1143 = VECTOR('',#1144,1.);
#1144 = DIRECTION('',(0.,1.));
#1145 = ( GEOMETRIC_REPRESENTATION_CONTEXT(2) 
PARAMETRIC_REPRESENTATION_CONTEXT() REPRESENTATION_CONTEXT('2D SPACE',''
  ) );
#1146 = PCURVE('',#884,#1147);
#1147 = DEFINITIONAL_REPRESENTATION('',(#1148),#1152);
#1148 = LINE('',#1149,#1150);
#1149 = CARTESIAN_POINT('',(0.,0.));
#1150 = VECTOR('',#1151,1.);
#1151 = DIRECTION('',(0.,-1.));
#1152 = ( GEOMETRIC_REPRESENTATION_CONTEXT(2) 
PARAMETRIC_REPRESENTATION_CONTEXT() REPRESENTATION_CONTEXT('2D SPACE',''
  ) );
#1153 = ORIENTED_EDGE('',*,*,#1060,.F.);
#1154 = ORIENTED_EDGE('',*,*,#222,.F.);
#1155 = ORIENTED_EDGE('',*,*,#1156,.F.);
#1156 = EDGE_CURVE('',#1157,#196,#1159,.T.);
#1157 = VERTEX_POINT('',#1158);
#1158 = CARTESIAN_POINT('',(99.05,10.5,30.));
#1159 = SURFACE_CURVE('',#1160,(#1164,#1170),.PCURVE_S1.);
#1160 = LINE('',#1161,#1162);
#1161 = CARTESIAN_POINT('',(51.,10.5,30.));
#1162 = VECTOR('',#1163,1.);
#1163 = DIRECTION('',(-1.,0.,0.));
#1164 = PCURVE('',#128,#1165);
#1165 = DEFINITIONAL_REPRESENTATION('',(#1166),#1169);
#1166 = B_SPLINE_CURVE_WITH_KNOTS('',1,(#1167,#1168),.UNSPECIFIED.,.F.,
  .F.,(2,2),(-48.05,-0.5),.PIECEWISE_BEZIER_KNOTS.);
#1167 = CARTESIAN_POINT('',(47.55,64.7));
#1168 = CARTESIAN_POINT('',(0.,64.7));
#1169 = ( GEOMETRIC_REPRESENTATION_CONTEXT(2) 
PARAMETRIC_REPRESENTATION_CONTEXT() REPRESENTATION_CONTEXT('2D SPACE',''
  ) );
#1170 = PCURVE('',#211,#1171);
#1171 = DEFINITIONAL_REPRESENTATION('',(#1172),#1175);
#1172 = B_SPLINE_CURVE_WITH_KNOTS('',1,(#1173,#1174),.UNSPECIFIED.,.F.,
  .F.,(2,2),(-48.05,-0.5),.PIECEWISE_BEZIER_KNOTS.);
#1173 = CARTESIAN_POINT('',(2.,48.55));
#1174 = CARTESIAN_POINT('',(2.,1.));
#1175 = ( GEOMETRIC_REPRESENTATION_CONTEXT(2) 
PARAMETRIC_REPRESENTATION_CONTEXT() REPRESENTATION_CONTEXT('2D SPACE',''
  ) );
#1176 = ORIENTED_EDGE('',*,*,#1177,.F.);
#1177 = EDGE_CURVE('',#1178,#1157,#1180,.T.);
#1178 = VERTEX_POINT('',#1179);
#1179 = CARTESIAN_POINT('',(99.05,-53.,30.));
#1180 = SURFACE_CURVE('',#1181,(#1185,#1191),.PCURVE_S1.);
#1181 = LINE('',#1182,#1183);
#1182 = CARTESIAN_POINT('',(99.05,-53.6,30.));
#1183 = VECTOR('',#1184,1.);
#1184 = DIRECTION('',(0.,1.,0.));
#1185 = PCURVE('',#128,#1186);
#1186 = DEFINITIONAL_REPRESENTATION('',(#1187),#1190);
#1187 = B_SPLINE_CURVE_WITH_KNOTS('',1,(#1188,#1189),.UNSPECIFIED.,.F.,
  .F.,(2,2),(0.6,64.1),.PIECEWISE_BEZIER_KNOTS.);
#1188 = CARTESIAN_POINT('',(47.55,1.2));
#1189 = CARTESIAN_POINT('',(47.55,64.7));
#1190 = ( GEOMETRIC_REPRESENTATION_CONTEXT(2) 
PARAMETRIC_REPRESENTATION_CONTEXT() REPRESENTATION_CONTEXT('2D SPACE',''
  ) );
#1191 = PCURVE('',#1192,#1197);
#1192 = PLANE('',#1193);
#1193 = AXIS2_PLACEMENT_3D('',#1194,#1195,#1196);
#1194 = CARTESIAN_POINT('',(99.05,-53.,28.));
#1195 = DIRECTION('',(1.,0.,0.));
#1196 = DIRECTION('',(0.,0.,1.));
#1197 = DEFINITIONAL_REPRESENTATION('',(#1198),#1201);
#1198 = B_SPLINE_CURVE_WITH_KNOTS('',1,(#1199,#1200),.UNSPECIFIED.,.F.,
  .F.,(2,2),(0.6,64.1),.PIECEWISE_BEZIER_KNOTS.);
#1199 = CARTESIAN_POINT('',(2.,0.));
#1200 = CARTESIAN_POINT('',(2.,-63.5));
#1201 = ( GEOMETRIC_REPRESENTATION_CONTEXT(2) 
PARAMETRIC_REPRESENTATION_CONTEXT() REPRESENTATION_CONTEXT('2D SPACE',''
  ) );
#1202 = ORIENTED_EDGE('',*,*,#1203,.T.);
#1203 = EDGE_CURVE('',#1178,#113,#1204,.T.);
#1204 = SURFACE_CURVE('',#1205,(#1209,#1215),.PCURVE_S1.);
#1205 = LINE('',#1206,#1207);
#1206 = CARTESIAN_POINT('',(51.,-53.,30.));
#1207 = VECTOR('',#1208,1.);
#1208 = DIRECTION('',(-1.,0.,0.));
#1209 = PCURVE('',#128,#1210);
#1210 = DEFINITIONAL_REPRESENTATION('',(#1211),#1214);
#1211 = B_SPLINE_CURVE_WITH_KNOTS('',1,(#1212,#1213),.UNSPECIFIED.,.F.,
  .F.,(2,2),(-48.05,-0.5),.PIECEWISE_BEZIER_KNOTS.);
#1212 = CARTESIAN_POINT('',(47.55,1.2));
#1213 = CARTESIAN_POINT('',(0.,1.2));
#1214 = ( GEOMETRIC_REPRESENTATION_CONTEXT(2) 
PARAMETRIC_REPRESENTATION_CONTEXT() REPRESENTATION_CONTEXT('2D SPACE',''
  ) );
#1215 = PCURVE('',#156,#1216);
#1216 = DEFINITIONAL_REPRESENTATION('',(#1217),#1220);
#1217 = B_SPLINE_CURVE_WITH_KNOTS('',1,(#1218,#1219),.UNSPECIFIED.,.F.,
  .F.,(2,2),(-48.05,-0.5),.PIECEWISE_BEZIER_KNOTS.);
#1218 = CARTESIAN_POINT('',(2.,48.55));
#1219 = CARTESIAN_POINT('',(2.,1.));
#1220 = ( GEOMETRIC_REPRESENTATION_CONTEXT(2) 
PARAMETRIC_REPRESENTATION_CONTEXT() REPRESENTATION_CONTEXT('2D SPACE',''
  ) );
#1221 = ADVANCED_FACE('',(#1222),#211,.F.);
#1222 = FACE_BOUND('',#1223,.F.);
#1223 = EDGE_LOOP('',(#1224,#1247,#1248,#1249));
#1224 = ORIENTED_EDGE('',*,*,#1225,.F.);
#1225 = EDGE_CURVE('',#1157,#1226,#1228,.T.);
#1226 = VERTEX_POINT('',#1227);
#1227 = CARTESIAN_POINT('',(99.05,10.5,31.));
#1228 = SURFACE_CURVE('',#1229,(#1233,#1240),.PCURVE_S1.);
#1229 = LINE('',#1230,#1231);
#1230 = CARTESIAN_POINT('',(99.05,10.5,28.));
#1231 = VECTOR('',#1232,1.);
#1232 = DIRECTION('',(0.,0.,1.));
#1233 = PCURVE('',#211,#1234);
#1234 = DEFINITIONAL_REPRESENTATION('',(#1235),#1239);
#1235 = LINE('',#1236,#1237);
#1236 = CARTESIAN_POINT('',(0.,48.55));
#1237 = VECTOR('',#1238,1.);
#1238 = DIRECTION('',(1.,0.));
#1239 = ( GEOMETRIC_REPRESENTATION_CONTEXT(2) 
PARAMETRIC_REPRESENTATION_CONTEXT() REPRESENTATION_CONTEXT('2D SPACE',''
  ) );
#1240 = PCURVE('',#1192,#1241);
#1241 = DEFINITIONAL_REPRESENTATION('',(#1242),#1246);
#1242 = LINE('',#1243,#1244);
#1243 = CARTESIAN_POINT('',(0.,-63.5));
#1244 = VECTOR('',#1245,1.);
#1245 = DIRECTION('',(1.,0.));
#1246 = ( GEOMETRIC_REPRESENTATION_CONTEXT(2) 
PARAMETRIC_REPRESENTATION_CONTEXT() REPRESENTATION_CONTEXT('2D SPACE',''
  ) );
#1247 = ORIENTED_EDGE('',*,*,#1156,.T.);
#1248 = ORIENTED_EDGE('',*,*,#195,.T.);
#1249 = ORIENTED_EDGE('',*,*,#1250,.F.);
#1250 = EDGE_CURVE('',#1226,#168,#1251,.T.);
#1251 = SURFACE_CURVE('',#1252,(#1256,#1262),.PCURVE_S1.);
#1252 = LINE('',#1253,#1254);
#1253 = CARTESIAN_POINT('',(51.,10.5,31.));
#1254 = VECTOR('',#1255,1.);
#1255 = DIRECTION('',(-1.,0.,0.));
#1256 = PCURVE('',#211,#1257);
#1257 = DEFINITIONAL_REPRESENTATION('',(#1258),#1261);
#1258 = B_SPLINE_CURVE_WITH_KNOTS('',1,(#1259,#1260),.UNSPECIFIED.,.F.,
  .F.,(2,2),(-48.05,-0.5),.PIECEWISE_BEZIER_KNOTS.);
#1259 = CARTESIAN_POINT('',(3.,48.55));
#1260 = CARTESIAN_POINT('',(3.,1.));
#1261 = ( GEOMETRIC_REPRESENTATION_CONTEXT(2) 
PARAMETRIC_REPRESENTATION_CONTEXT() REPRESENTATION_CONTEXT('2D SPACE',''
  ) );
#1262 = PCURVE('',#183,#1263);
#1263 = DEFINITIONAL_REPRESENTATION('',(#1264),#1268);
#1264 = LINE('',#1265,#1266);
#1265 = CARTESIAN_POINT('',(-0.5,67.5));
#1266 = VECTOR('',#1267,1.);
#1267 = DIRECTION('',(-1.,0.));
#1268 = ( GEOMETRIC_REPRESENTATION_CONTEXT(2) 
PARAMETRIC_REPRESENTATION_CONTEXT() REPRESENTATION_CONTEXT('2D SPACE',''
  ) );
#1269 = ADVANCED_FACE('',(#1270,#1316,#1376),#183,.F.);
#1270 = FACE_BOUND('',#1271,.F.);
#1271 = EDGE_LOOP('',(#1272,#1273,#1295,#1315));
#1272 = ORIENTED_EDGE('',*,*,#167,.F.);
#1273 = ORIENTED_EDGE('',*,*,#1274,.F.);
#1274 = EDGE_CURVE('',#1275,#141,#1277,.T.);
#1275 = VERTEX_POINT('',#1276);
#1276 = CARTESIAN_POINT('',(99.05,-53.,31.));
#1277 = SURFACE_CURVE('',#1278,(#1282,#1289),.PCURVE_S1.);
#1278 = LINE('',#1279,#1280);
#1279 = CARTESIAN_POINT('',(51.,-53.,31.));
#1280 = VECTOR('',#1281,1.);
#1281 = DIRECTION('',(-1.,0.,0.));
#1282 = PCURVE('',#183,#1283);
#1283 = DEFINITIONAL_REPRESENTATION('',(#1284),#1288);
#1284 = LINE('',#1285,#1286);
#1285 = CARTESIAN_POINT('',(-0.5,4.));
#1286 = VECTOR('',#1287,1.);
#1287 = DIRECTION('',(-1.,0.));
#1288 = ( GEOMETRIC_REPRESENTATION_CONTEXT(2) 
PARAMETRIC_REPRESENTATION_CONTEXT() REPRESENTATION_CONTEXT('2D SPACE',''
  ) );
#1289 = PCURVE('',#156,#1290);
#1290 = DEFINITIONAL_REPRESENTATION('',(#1291),#1294);
#1291 = B_SPLINE_CURVE_WITH_KNOTS('',1,(#1292,#1293),.UNSPECIFIED.,.F.,
  .F.,(2,2),(-48.05,-0.5),.PIECEWISE_BEZIER_KNOTS.);
#1292 = CARTESIAN_POINT('',(3.,48.55));
#1293 = CARTESIAN_POINT('',(3.,1.));
#1294 = ( GEOMETRIC_REPRESENTATION_CONTEXT(2) 
PARAMETRIC_REPRESENTATION_CONTEXT() REPRESENTATION_CONTEXT('2D SPACE',''
  ) );
#1295 = ORIENTED_EDGE('',*,*,#1296,.T.);
#1296 = EDGE_CURVE('',#1275,#1226,#1297,.T.);
#1297 = SURFACE_CURVE('',#1298,(#1302,#1309),.PCURVE_S1.);
#1298 = LINE('',#1299,#1300);
#1299 = CARTESIAN_POINT('',(99.05,-53.6,31.));
#1300 = VECTOR('',#1301,1.);
#1301 = DIRECTION('',(0.,1.,0.));
#1302 = PCURVE('',#183,#1303);
#1303 = DEFINITIONAL_REPRESENTATION('',(#1304),#1308);
#1304 = LINE('',#1305,#1306);
#1305 = CARTESIAN_POINT('',(47.55,3.4));
#1306 = VECTOR('',#1307,1.);
#1307 = DIRECTION('',(0.,1.));
#1308 = ( GEOMETRIC_REPRESENTATION_CONTEXT(2) 
PARAMETRIC_REPRESENTATION_CONTEXT() REPRESENTATION_CONTEXT('2D SPACE',''
  ) );
#1309 = PCURVE('',#1192,#1310);
#1310 = DEFINITIONAL_REPRESENTATION('',(#1311),#1314);
#1311 = B_SPLINE_CURVE_WITH_KNOTS('',1,(#1312,#1313),.UNSPECIFIED.,.F.,
  .F.,(2,2),(0.6,64.1),.PIECEWISE_BEZIER_KNOTS.);
#1312 = CARTESIAN_POINT('',(3.,0.));
#1313 = CARTESIAN_POINT('',(3.,-63.5));
#1314 = ( GEOMETRIC_REPRESENTATION_CONTEXT(2) 
PARAMETRIC_REPRESENTATION_CONTEXT() REPRESENTATION_CONTEXT('2D SPACE',''
  ) );
#1315 = ORIENTED_EDGE('',*,*,#1250,.T.);
#1316 = FACE_BOUND('',#1317,.F.);
#1317 = EDGE_LOOP('',(#1318,#1349));
#1318 = ORIENTED_EDGE('',*,*,#1319,.F.);
#1319 = EDGE_CURVE('',#1320,#1322,#1324,.T.);
#1320 = VERTEX_POINT('',#1321);
#1321 = CARTESIAN_POINT('',(84.498841475145,-23.3895732763,31.));
#1322 = VERTEX_POINT('',#1323);
#1323 = CARTESIAN_POINT('',(84.815792671196,-26.24213404076,31.));
#1324 = SURFACE_CURVE('',#1325,(#1330,#1337),.PCURVE_S1.);
#1325 = CIRCLE('',#1326,2.2);
#1326 = AXIS2_PLACEMENT_3D('',#1327,#1328,#1329);
#1327 = CARTESIAN_POINT('',(83.,-25.,31.));
#1328 = DIRECTION('',(0.,0.,1.));
#1329 = DIRECTION('',(1.,0.,0.));
#1330 = PCURVE('',#183,#1331);
#1331 = DEFINITIONAL_REPRESENTATION('',(#1332),#1336);
#1332 = CIRCLE('',#1333,2.2);
#1333 = AXIS2_PLACEMENT_2D('',#1334,#1335);
#1334 = CARTESIAN_POINT('',(31.5,32.));
#1335 = DIRECTION('',(1.,0.));
#1336 = ( GEOMETRIC_REPRESENTATION_CONTEXT(2) 
PARAMETRIC_REPRESENTATION_CONTEXT() REPRESENTATION_CONTEXT('2D SPACE',''
  ) );
#1337 = PCURVE('',#1338,#1343);
#1338 = CYLINDRICAL_SURFACE('',#1339,2.2);
#1339 = AXIS2_PLACEMENT_3D('',#1340,#1341,#1342);
#1340 = CARTESIAN_POINT('',(83.,-25.,11.6));
#1341 = DIRECTION('',(-0.,-0.,-1.));
#1342 = DIRECTION('',(1.,0.,0.));
#1343 = DEFINITIONAL_REPRESENTATION('',(#1344),#1348);
#1344 = LINE('',#1345,#1346);
#1345 = CARTESIAN_POINT('',(-0.,-19.4));
#1346 = VECTOR('',#1347,1.);
#1347 = DIRECTION('',(-1.,0.));
#1348 = ( GEOMETRIC_REPRESENTATION_CONTEXT(2) 
PARAMETRIC_REPRESENTATION_CONTEXT() REPRESENTATION_CONTEXT('2D SPACE',''
  ) );
#1349 = ORIENTED_EDGE('',*,*,#1350,.F.);
#1350 = EDGE_CURVE('',#1322,#1320,#1351,.T.);
#1351 = SURFACE_CURVE('',#1352,(#1357,#1364),.PCURVE_S1.);
#1352 = CIRCLE('',#1353,3.2);
#1353 = AXIS2_PLACEMENT_3D('',#1354,#1355,#1356);
#1354 = CARTESIAN_POINT('',(87.5,-24.5,31.));
#1355 = DIRECTION('',(0.,0.,1.));
#1356 = DIRECTION('',(-0.838814790251,-0.544416887739,0.));
#1357 = PCURVE('',#183,#1358);
#1358 = DEFINITIONAL_REPRESENTATION('',(#1359),#1363);
#1359 = CIRCLE('',#1360,3.2);
#1360 = AXIS2_PLACEMENT_2D('',#1361,#1362);
#1361 = CARTESIAN_POINT('',(36.,32.5));
#1362 = DIRECTION('',(-0.838814790251,-0.544416887739));
#1363 = ( GEOMETRIC_REPRESENTATION_CONTEXT(2) 
PARAMETRIC_REPRESENTATION_CONTEXT() REPRESENTATION_CONTEXT('2D SPACE',''
  ) );
#1364 = PCURVE('',#1365,#1370);
#1365 = CYLINDRICAL_SURFACE('',#1366,3.2);
#1366 = AXIS2_PLACEMENT_3D('',#1367,#1368,#1369);
#1367 = CARTESIAN_POINT('',(87.5,-24.5,22.));
#1368 = DIRECTION('',(-0.,-0.,-1.));
#1369 = DIRECTION('',(1.,0.,0.));
#1370 = DEFINITIONAL_REPRESENTATION('',(#1371),#1375);
#1371 = LINE('',#1372,#1373);
#1372 = CARTESIAN_POINT('',(-3.717286449266,-9.));
#1373 = VECTOR('',#1374,1.);
#1374 = DIRECTION('',(-1.,0.));
#1375 = ( GEOMETRIC_REPRESENTATION_CONTEXT(2) 
PARAMETRIC_REPRESENTATION_CONTEXT() REPRESENTATION_CONTEXT('2D SPACE',''
  ) );
#1376 = FACE_BOUND('',#1377,.F.);
#1377 = EDGE_LOOP('',(#1378));
#1378 = ORIENTED_EDGE('',*,*,#1379,.F.);
#1379 = EDGE_CURVE('',#1380,#1380,#1382,.T.);
#1380 = VERTEX_POINT('',#1381);
#1381 = CARTESIAN_POINT('',(69.25,-4.5,31.));
#1382 = SURFACE_CURVE('',#1383,(#1388,#1395),.PCURVE_S1.);
#1383 = CIRCLE('',#1384,3.25);
#1384 = AXIS2_PLACEMENT_3D('',#1385,#1386,#1387);
#1385 = CARTESIAN_POINT('',(66.,-4.5,31.));
#1386 = DIRECTION('',(0.,0.,1.));
#1387 = DIRECTION('',(1.,0.,0.));
#1388 = PCURVE('',#183,#1389);
#1389 = DEFINITIONAL_REPRESENTATION('',(#1390),#1394);
#1390 = CIRCLE('',#1391,3.25);
#1391 = AXIS2_PLACEMENT_2D('',#1392,#1393);
#1392 = CARTESIAN_POINT('',(14.5,52.5));
#1393 = DIRECTION('',(1.,0.));
#1394 = ( GEOMETRIC_REPRESENTATION_CONTEXT(2) 
PARAMETRIC_REPRESENTATION_CONTEXT() REPRESENTATION_CONTEXT('2D SPACE',''
  ) );
#1395 = PCURVE('',#1396,#1401);
#1396 = CYLINDRICAL_SURFACE('',#1397,3.25);
#1397 = AXIS2_PLACEMENT_3D('',#1398,#1399,#1400);
#1398 = CARTESIAN_POINT('',(66.,-4.5,8.8));
#1399 = DIRECTION('',(-0.,-0.,-1.));
#1400 = DIRECTION('',(1.,0.,0.));
#1401 = DEFINITIONAL_REPRESENTATION('',(#1402),#1406);
#1402 = LINE('',#1403,#1404);
#1403 = CARTESIAN_POINT('',(-0.,-22.2));
#1404 = VECTOR('',#1405,1.);
#1405 = DIRECTION('',(-1.,0.));
#1406 = ( GEOMETRIC_REPRESENTATION_CONTEXT(2) 
PARAMETRIC_REPRESENTATION_CONTEXT() REPRESENTATION_CONTEXT('2D SPACE',''
  ) );
#1407 = ADVANCED_FACE('',(#1408),#156,.T.);
#1408 = FACE_BOUND('',#1409,.T.);
#1409 = EDGE_LOOP('',(#1410,#1431,#1432,#1433));
#1410 = ORIENTED_EDGE('',*,*,#1411,.F.);
#1411 = EDGE_CURVE('',#1178,#1275,#1412,.T.);
#1412 = SURFACE_CURVE('',#1413,(#1417,#1424),.PCURVE_S1.);
#1413 = LINE('',#1414,#1415);
#1414 = CARTESIAN_POINT('',(99.05,-53.,28.));
#1415 = VECTOR('',#1416,1.);
#1416 = DIRECTION('',(0.,0.,1.));
#1417 = PCURVE('',#156,#1418);
#1418 = DEFINITIONAL_REPRESENTATION('',(#1419),#1423);
#1419 = LINE('',#1420,#1421);
#1420 = CARTESIAN_POINT('',(0.,48.55));
#1421 = VECTOR('',#1422,1.);
#1422 = DIRECTION('',(1.,0.));
#1423 = ( GEOMETRIC_REPRESENTATION_CONTEXT(2) 
PARAMETRIC_REPRESENTATION_CONTEXT() REPRESENTATION_CONTEXT('2D SPACE',''
  ) );
#1424 = PCURVE('',#1192,#1425);
#1425 = DEFINITIONAL_REPRESENTATION('',(#1426),#1430);
#1426 = LINE('',#1427,#1428);
#1427 = CARTESIAN_POINT('',(0.,0.));
#1428 = VECTOR('',#1429,1.);
#1429 = DIRECTION('',(1.,0.));
#1430 = ( GEOMETRIC_REPRESENTATION_CONTEXT(2) 
PARAMETRIC_REPRESENTATION_CONTEXT() REPRESENTATION_CONTEXT('2D SPACE',''
  ) );
#1431 = ORIENTED_EDGE('',*,*,#1203,.T.);
#1432 = ORIENTED_EDGE('',*,*,#140,.T.);
#1433 = ORIENTED_EDGE('',*,*,#1274,.F.);
#1434 = ADVANCED_FACE('',(#1435),#100,.F.);
#1435 = FACE_BOUND('',#1436,.F.);
#1436 = EDGE_LOOP('',(#1437,#1438,#1439,#1440));
#1437 = ORIENTED_EDGE('',*,*,#1110,.F.);
#1438 = ORIENTED_EDGE('',*,*,#84,.T.);
#1439 = ORIENTED_EDGE('',*,*,#896,.T.);
#1440 = ORIENTED_EDGE('',*,*,#1441,.F.);
#1441 = EDGE_CURVE('',#1111,#869,#1442,.T.);
#1442 = SURFACE_CURVE('',#1443,(#1447,#1454),.PCURVE_S1.);
#1443 = LINE('',#1444,#1445);
#1444 = CARTESIAN_POINT('',(100.25,-54.2,30.));
#1445 = VECTOR('',#1446,1.);
#1446 = DIRECTION('',(0.,0.,1.));
#1447 = PCURVE('',#100,#1448);
#1448 = DEFINITIONAL_REPRESENTATION('',(#1449),#1453);
#1449 = LINE('',#1450,#1451);
#1450 = CARTESIAN_POINT('',(0.,48.75));
#1451 = VECTOR('',#1452,1.);
#1452 = DIRECTION('',(1.,0.));
#1453 = ( GEOMETRIC_REPRESENTATION_CONTEXT(2) 
PARAMETRIC_REPRESENTATION_CONTEXT() REPRESENTATION_CONTEXT('2D SPACE',''
  ) );
#1454 = PCURVE('',#884,#1455);
#1455 = DEFINITIONAL_REPRESENTATION('',(#1456),#1460);
#1456 = LINE('',#1457,#1458);
#1457 = CARTESIAN_POINT('',(0.,0.));
#1458 = VECTOR('',#1459,1.);
#1459 = DIRECTION('',(1.,0.));
#1460 = ( GEOMETRIC_REPRESENTATION_CONTEXT(2) 
PARAMETRIC_REPRESENTATION_CONTEXT() REPRESENTATION_CONTEXT('2D SPACE',''
  ) );
#1461 = ADVANCED_FACE('',(#1462),#368,.T.);
#1462 = FACE_BOUND('',#1463,.F.);
#1463 = EDGE_LOOP('',(#1464,#1499,#1518,#1519,#1520,#1521));
#1464 = ORIENTED_EDGE('',*,*,#1465,.F.);
#1465 = EDGE_CURVE('',#1466,#1468,#1470,.T.);
#1466 = VERTEX_POINT('',#1467);
#1467 = CARTESIAN_POINT('',(61.708099243548,-57.,33.5));
#1468 = VERTEX_POINT('',#1469);
#1469 = CARTESIAN_POINT('',(54.5,-56.56350832689,33.5));
#1470 = SURFACE_CURVE('',#1471,(#1476,#1483),.PCURVE_S1.);
#1471 = CIRCLE('',#1472,4.);
#1472 = AXIS2_PLACEMENT_3D('',#1473,#1474,#1475);
#1473 = CARTESIAN_POINT('',(58.,-58.5,33.5));
#1474 = DIRECTION('',(0.,0.,-1.));
#1475 = DIRECTION('',(0.927024810887,0.375,0.));
#1476 = PCURVE('',#368,#1477);
#1477 = DEFINITIONAL_REPRESENTATION('',(#1478),#1482);
#1478 = LINE('',#1479,#1480);
#1479 = CARTESIAN_POINT('',(-6.667582081675,-2.5));
#1480 = VECTOR('',#1481,1.);
#1481 = DIRECTION('',(1.,-0.));
#1482 = ( GEOMETRIC_REPRESENTATION_CONTEXT(2) 
PARAMETRIC_REPRESENTATION_CONTEXT() REPRESENTATION_CONTEXT('2D SPACE',''
  ) );
#1483 = PCURVE('',#1484,#1489);
#1484 = PLANE('',#1485);
#1485 = AXIS2_PLACEMENT_3D('',#1486,#1487,#1488);
#1486 = CARTESIAN_POINT('',(58.,-58.5,33.5));
#1487 = DIRECTION('',(0.,0.,1.));
#1488 = DIRECTION('',(1.,0.,-0.));
#1489 = DEFINITIONAL_REPRESENTATION('',(#1490),#1498);
#1490 = ( BOUNDED_CURVE() B_SPLINE_CURVE(2,(#1491,#1492,#1493,#1494,
#1495,#1496,#1497),.UNSPECIFIED.,.T.,.F.) B_SPLINE_CURVE_WITH_KNOTS((1,2
    ,2,2,2,1),(-2.094395102393,0.,2.094395102393,4.188790204786,
6.28318530718,8.377580409573),.UNSPECIFIED.) CURVE() 
GEOMETRIC_REPRESENTATION_ITEM() RATIONAL_B_SPLINE_CURVE((1.,0.5,1.,0.5,
1.,0.5,1.)) REPRESENTATION_ITEM('') );
#1491 = CARTESIAN_POINT('',(3.708099243548,1.5));
#1492 = CARTESIAN_POINT('',(6.306175454901,-4.922616289332));
#1493 = CARTESIAN_POINT('',(-0.555011516097,-3.961308144666));
#1494 = CARTESIAN_POINT('',(-7.416198487096,-3.));
#1495 = CARTESIAN_POINT('',(-3.153087727451,2.461308144666));
#1496 = CARTESIAN_POINT('',(1.110023032194,7.922616289333));
#1497 = CARTESIAN_POINT('',(3.708099243548,1.5));
#1498 = ( GEOMETRIC_REPRESENTATION_CONTEXT(2) 
PARAMETRIC_REPRESENTATION_CONTEXT() REPRESENTATION_CONTEXT('2D SPACE',''
  ) );
#1499 = ORIENTED_EDGE('',*,*,#1500,.T.);
#1500 = EDGE_CURVE('',#1466,#584,#1501,.T.);
#1501 = SURFACE_CURVE('',#1502,(#1506,#1512),.PCURVE_S1.);
#1502 = LINE('',#1503,#1504);
#1503 = CARTESIAN_POINT('',(61.708099243548,-57.,31.));
#1504 = VECTOR('',#1505,1.);
#1505 = DIRECTION('',(-0.,-0.,-1.));
#1506 = PCURVE('',#368,#1507);
#1507 = DEFINITIONAL_REPRESENTATION('',(#1508),#1511);
#1508 = B_SPLINE_CURVE_WITH_KNOTS('',1,(#1509,#1510),.UNSPECIFIED.,.F.,
  .F.,(2,2),(-2.5,0.),.PIECEWISE_BEZIER_KNOTS.);
#1509 = CARTESIAN_POINT('',(-6.667582081675,-2.5));
#1510 = CARTESIAN_POINT('',(-6.667582081675,0.));
#1511 = ( GEOMETRIC_REPRESENTATION_CONTEXT(2) 
PARAMETRIC_REPRESENTATION_CONTEXT() REPRESENTATION_CONTEXT('2D SPACE',''
  ) );
#1512 = PCURVE('',#627,#1513);
#1513 = DEFINITIONAL_REPRESENTATION('',(#1514),#1517);
#1514 = B_SPLINE_CURVE_WITH_KNOTS('',1,(#1515,#1516),.UNSPECIFIED.,.F.,
  .F.,(2,2),(-2.5000006,5.999999999062E-07),.PIECEWISE_BEZIER_KNOTS.);
#1515 = CARTESIAN_POINT('',(2.5000006,10.208099243548));
#1516 = CARTESIAN_POINT('',(-5.999999999062E-07,10.208099243548));
#1517 = ( GEOMETRIC_REPRESENTATION_CONTEXT(2) 
PARAMETRIC_REPRESENTATION_CONTEXT() REPRESENTATION_CONTEXT('2D SPACE',''
  ) );
#1518 = ORIENTED_EDGE('',*,*,#583,.T.);
#1519 = ORIENTED_EDGE('',*,*,#351,.F.);
#1520 = ORIENTED_EDGE('',*,*,#425,.T.);
#1521 = ORIENTED_EDGE('',*,*,#1522,.F.);
#1522 = EDGE_CURVE('',#1468,#426,#1523,.T.);
#1523 = SURFACE_CURVE('',#1524,(#1528,#1534),.PCURVE_S1.);
#1524 = LINE('',#1525,#1526);
#1525 = CARTESIAN_POINT('',(54.5,-56.56350832689,31.));
#1526 = VECTOR('',#1527,1.);
#1527 = DIRECTION('',(-0.,-0.,-1.));
#1528 = PCURVE('',#368,#1529);
#1529 = DEFINITIONAL_REPRESENTATION('',(#1530),#1533);
#1530 = B_SPLINE_CURVE_WITH_KNOTS('',1,(#1531,#1532),.UNSPECIFIED.,.F.,
  .F.,(2,2),(-2.5,-1.25),.PIECEWISE_BEZIER_KNOTS.);
#1531 = CARTESIAN_POINT('',(-2.636232143306,-2.5));
#1532 = CARTESIAN_POINT('',(-2.636232143306,-1.25));
#1533 = ( GEOMETRIC_REPRESENTATION_CONTEXT(2) 
PARAMETRIC_REPRESENTATION_CONTEXT() REPRESENTATION_CONTEXT('2D SPACE',''
  ) );
#1534 = PCURVE('',#468,#1535);
#1535 = DEFINITIONAL_REPRESENTATION('',(#1536),#1539);
#1536 = B_SPLINE_CURVE_WITH_KNOTS('',1,(#1537,#1538),.UNSPECIFIED.,.F.,
  .F.,(2,2),(-2.5000006,-1.125),.PIECEWISE_BEZIER_KNOTS.);
#1537 = CARTESIAN_POINT('',(1.2500006,-1.436491673104));
#1538 = CARTESIAN_POINT('',(-0.125,-1.436491673104));
#1539 = ( GEOMETRIC_REPRESENTATION_CONTEXT(2) 
PARAMETRIC_REPRESENTATION_CONTEXT() REPRESENTATION_CONTEXT('2D SPACE',''
  ) );
#1540 = ADVANCED_FACE('',(#1541),#501,.T.);
#1541 = FACE_BOUND('',#1542,.F.);
#1542 = EDGE_LOOP('',(#1543,#1544,#1565,#1589,#1608,#1609));
#1543 = ORIENTED_EDGE('',*,*,#817,.T.);
#1544 = ORIENTED_EDGE('',*,*,#1545,.F.);
#1545 = EDGE_CURVE('',#1546,#790,#1548,.T.);
#1546 = VERTEX_POINT('',#1547);
#1547 = CARTESIAN_POINT('',(61.708099243548,14.5,33.5));
#1548 = SURFACE_CURVE('',#1549,(#1553,#1559),.PCURVE_S1.);
#1549 = LINE('',#1550,#1551);
#1550 = CARTESIAN_POINT('',(61.708099243548,14.5,31.));
#1551 = VECTOR('',#1552,1.);
#1552 = DIRECTION('',(-0.,-0.,-1.));
#1553 = PCURVE('',#501,#1554);
#1554 = DEFINITIONAL_REPRESENTATION('',(#1555),#1558);
#1555 = B_SPLINE_CURVE_WITH_KNOTS('',1,(#1556,#1557),.UNSPECIFIED.,.F.,
  .F.,(2,2),(-2.5,-0.),.PIECEWISE_BEZIER_KNOTS.);
#1556 = CARTESIAN_POINT('',(-5.898788532684,-2.5));
#1557 = CARTESIAN_POINT('',(-5.898788532684,0.));
#1558 = ( GEOMETRIC_REPRESENTATION_CONTEXT(2) 
PARAMETRIC_REPRESENTATION_CONTEXT() REPRESENTATION_CONTEXT('2D SPACE',''
  ) );
#1559 = PCURVE('',#805,#1560);
#1560 = DEFINITIONAL_REPRESENTATION('',(#1561),#1564);
#1561 = B_SPLINE_CURVE_WITH_KNOTS('',1,(#1562,#1563),.UNSPECIFIED.,.F.,
  .F.,(2,2),(-2.5000006,5.999999999062E-07),.PIECEWISE_BEZIER_KNOTS.);
#1562 = CARTESIAN_POINT('',(2.5000006,10.208099243548));
#1563 = CARTESIAN_POINT('',(-5.999999999062E-07,10.208099243548));
#1564 = ( GEOMETRIC_REPRESENTATION_CONTEXT(2) 
PARAMETRIC_REPRESENTATION_CONTEXT() REPRESENTATION_CONTEXT('2D SPACE',''
  ) );
#1565 = ORIENTED_EDGE('',*,*,#1566,.T.);
#1566 = EDGE_CURVE('',#1546,#1567,#1569,.T.);
#1567 = VERTEX_POINT('',#1568);
#1568 = CARTESIAN_POINT('',(54.5,14.063508326897,33.5));
#1569 = SURFACE_CURVE('',#1570,(#1575,#1582),.PCURVE_S1.);
#1570 = CIRCLE('',#1571,4.);
#1571 = AXIS2_PLACEMENT_3D('',#1572,#1573,#1574);
#1572 = CARTESIAN_POINT('',(58.,16.,33.5));
#1573 = DIRECTION('',(0.,0.,1.));
#1574 = DIRECTION('',(0.927024810887,-0.375,0.));
#1575 = PCURVE('',#501,#1576);
#1576 = DEFINITIONAL_REPRESENTATION('',(#1577),#1581);
#1577 = LINE('',#1578,#1579);
#1578 = CARTESIAN_POINT('',(-5.898788532684,-2.5));
#1579 = VECTOR('',#1580,1.);
#1580 = DIRECTION('',(-1.,0.));
#1581 = ( GEOMETRIC_REPRESENTATION_CONTEXT(2) 
PARAMETRIC_REPRESENTATION_CONTEXT() REPRESENTATION_CONTEXT('2D SPACE',''
  ) );
#1582 = PCURVE('',#1484,#1583);
#1583 = DEFINITIONAL_REPRESENTATION('',(#1584),#1588);
#1584 = CIRCLE('',#1585,4.);
#1585 = AXIS2_PLACEMENT_2D('',#1586,#1587);
#1586 = CARTESIAN_POINT('',(0.,74.5));
#1587 = DIRECTION('',(0.927024810887,-0.375));
#1588 = ( GEOMETRIC_REPRESENTATION_CONTEXT(2) 
PARAMETRIC_REPRESENTATION_CONTEXT() REPRESENTATION_CONTEXT('2D SPACE',''
  ) );
#1589 = ORIENTED_EDGE('',*,*,#1590,.T.);
#1590 = EDGE_CURVE('',#1567,#453,#1591,.T.);
#1591 = SURFACE_CURVE('',#1592,(#1596,#1602),.PCURVE_S1.);
#1592 = LINE('',#1593,#1594);
#1593 = CARTESIAN_POINT('',(54.5,14.063508326896,31.));
#1594 = VECTOR('',#1595,1.);
#1595 = DIRECTION('',(-0.,-0.,-1.));
#1596 = PCURVE('',#501,#1597);
#1597 = DEFINITIONAL_REPRESENTATION('',(#1598),#1601);
#1598 = B_SPLINE_CURVE_WITH_KNOTS('',1,(#1599,#1600),.UNSPECIFIED.,.F.,
  .F.,(2,2),(-2.5,-1.25),.PIECEWISE_BEZIER_KNOTS.);
#1599 = CARTESIAN_POINT('',(-9.930138471054,-2.5));
#1600 = CARTESIAN_POINT('',(-9.930138471054,-1.25));
#1601 = ( GEOMETRIC_REPRESENTATION_CONTEXT(2) 
PARAMETRIC_REPRESENTATION_CONTEXT() REPRESENTATION_CONTEXT('2D SPACE',''
  ) );
#1602 = PCURVE('',#468,#1603);
#1603 = DEFINITIONAL_REPRESENTATION('',(#1604),#1607);
#1604 = B_SPLINE_CURVE_WITH_KNOTS('',1,(#1605,#1606),.UNSPECIFIED.,.F.,
  .F.,(2,2),(-2.5000006,-1.125),.PIECEWISE_BEZIER_KNOTS.);
#1605 = CARTESIAN_POINT('',(1.2500006,-72.06350832689));
#1606 = CARTESIAN_POINT('',(-0.125,-72.06350832689));
#1607 = ( GEOMETRIC_REPRESENTATION_CONTEXT(2) 
PARAMETRIC_REPRESENTATION_CONTEXT() REPRESENTATION_CONTEXT('2D SPACE',''
  ) );
#1608 = ORIENTED_EDGE('',*,*,#480,.T.);
#1609 = ORIENTED_EDGE('',*,*,#534,.T.);
#1610 = ADVANCED_FACE('',(#1611),#468,.F.);
#1611 = FACE_BOUND('',#1612,.F.);
#1612 = EDGE_LOOP('',(#1613,#1633,#1634,#1635));
#1613 = ORIENTED_EDGE('',*,*,#1614,.F.);
#1614 = EDGE_CURVE('',#1468,#1567,#1615,.T.);
#1615 = SURFACE_CURVE('',#1616,(#1620,#1626),.PCURVE_S1.);
#1616 = LINE('',#1617,#1618);
#1617 = CARTESIAN_POINT('',(54.5,-57.5,33.5));
#1618 = VECTOR('',#1619,1.);
#1619 = DIRECTION('',(0.,1.,0.));
#1620 = PCURVE('',#468,#1621);
#1621 = DEFINITIONAL_REPRESENTATION('',(#1622),#1625);
#1622 = B_SPLINE_CURVE_WITH_KNOTS('',1,(#1623,#1624),.UNSPECIFIED.,.F.,
  .F.,(2,2),(0.5,72.),.PIECEWISE_BEZIER_KNOTS.);
#1623 = CARTESIAN_POINT('',(1.25,-1.));
#1624 = CARTESIAN_POINT('',(1.25,-72.5));
#1625 = ( GEOMETRIC_REPRESENTATION_CONTEXT(2) 
PARAMETRIC_REPRESENTATION_CONTEXT() REPRESENTATION_CONTEXT('2D SPACE',''
  ) );
#1626 = PCURVE('',#1484,#1627);
#1627 = DEFINITIONAL_REPRESENTATION('',(#1628),#1632);
#1628 = LINE('',#1629,#1630);
#1629 = CARTESIAN_POINT('',(-3.5,1.));
#1630 = VECTOR('',#1631,1.);
#1631 = DIRECTION('',(0.,1.));
#1632 = ( GEOMETRIC_REPRESENTATION_CONTEXT(2) 
PARAMETRIC_REPRESENTATION_CONTEXT() REPRESENTATION_CONTEXT('2D SPACE',''
  ) );
#1633 = ORIENTED_EDGE('',*,*,#1522,.T.);
#1634 = ORIENTED_EDGE('',*,*,#452,.T.);
#1635 = ORIENTED_EDGE('',*,*,#1590,.F.);
#1636 = ADVANCED_FACE('',(#1637),#884,.T.);
#1637 = FACE_BOUND('',#1638,.T.);
#1638 = EDGE_LOOP('',(#1639,#1640,#1641,#1642));
#1639 = ORIENTED_EDGE('',*,*,#1441,.F.);
#1640 = ORIENTED_EDGE('',*,*,#1133,.T.);
#1641 = ORIENTED_EDGE('',*,*,#1085,.T.);
#1642 = ORIENTED_EDGE('',*,*,#868,.F.);
#1643 = ADVANCED_FACE('',(#1644),#627,.F.);
#1644 = FACE_BOUND('',#1645,.F.);
#1645 = EDGE_LOOP('',(#1646,#1647,#1670,#1689));
#1646 = ORIENTED_EDGE('',*,*,#1500,.F.);
#1647 = ORIENTED_EDGE('',*,*,#1648,.T.);
#1648 = EDGE_CURVE('',#1466,#1649,#1651,.T.);
#1649 = VERTEX_POINT('',#1650);
#1650 = CARTESIAN_POINT('',(90.291900756452,-57.,33.5));
#1651 = SURFACE_CURVE('',#1652,(#1656,#1663),.PCURVE_S1.);
#1652 = LINE('',#1653,#1654);
#1653 = CARTESIAN_POINT('',(51.5,-57.,33.5));
#1654 = VECTOR('',#1655,1.);
#1655 = DIRECTION('',(1.,0.,0.));
#1656 = PCURVE('',#627,#1657);
#1657 = DEFINITIONAL_REPRESENTATION('',(#1658),#1662);
#1658 = LINE('',#1659,#1660);
#1659 = CARTESIAN_POINT('',(2.5,0.));
#1660 = VECTOR('',#1661,1.);
#1661 = DIRECTION('',(0.,1.));
#1662 = ( GEOMETRIC_REPRESENTATION_CONTEXT(2) 
PARAMETRIC_REPRESENTATION_CONTEXT() REPRESENTATION_CONTEXT('2D SPACE',''
  ) );
#1663 = PCURVE('',#1484,#1664);
#1664 = DEFINITIONAL_REPRESENTATION('',(#1665),#1669);
#1665 = LINE('',#1666,#1667);
#1666 = CARTESIAN_POINT('',(-6.5,1.5));
#1667 = VECTOR('',#1668,1.);
#1668 = DIRECTION('',(1.,0.));
#1669 = ( GEOMETRIC_REPRESENTATION_CONTEXT(2) 
PARAMETRIC_REPRESENTATION_CONTEXT() REPRESENTATION_CONTEXT('2D SPACE',''
  ) );
#1670 = ORIENTED_EDGE('',*,*,#1671,.T.);
#1671 = EDGE_CURVE('',#1649,#612,#1672,.T.);
#1672 = SURFACE_CURVE('',#1673,(#1677,#1683),.PCURVE_S1.);
#1673 = LINE('',#1674,#1675);
#1674 = CARTESIAN_POINT('',(90.291900756452,-57.,31.));
#1675 = VECTOR('',#1676,1.);
#1676 = DIRECTION('',(-0.,-0.,-1.));
#1677 = PCURVE('',#627,#1678);
#1678 = DEFINITIONAL_REPRESENTATION('',(#1679),#1682);
#1679 = B_SPLINE_CURVE_WITH_KNOTS('',1,(#1680,#1681),.UNSPECIFIED.,.F.,
  .F.,(2,2),(-2.5000006,5.999999999062E-07),.PIECEWISE_BEZIER_KNOTS.);
#1680 = CARTESIAN_POINT('',(2.5000006,38.791900756452));
#1681 = CARTESIAN_POINT('',(-5.999999999062E-07,38.791900756452));
#1682 = ( GEOMETRIC_REPRESENTATION_CONTEXT(2) 
PARAMETRIC_REPRESENTATION_CONTEXT() REPRESENTATION_CONTEXT('2D SPACE',''
  ) );
#1683 = PCURVE('',#660,#1684);
#1684 = DEFINITIONAL_REPRESENTATION('',(#1685),#1688);
#1685 = B_SPLINE_CURVE_WITH_KNOTS('',1,(#1686,#1687),.UNSPECIFIED.,.F.,
  .F.,(2,2),(-2.5,-0.),.PIECEWISE_BEZIER_KNOTS.);
#1686 = CARTESIAN_POINT('',(-2.757195879094,-2.5));
#1687 = CARTESIAN_POINT('',(-2.757195879094,0.));
#1688 = ( GEOMETRIC_REPRESENTATION_CONTEXT(2) 
PARAMETRIC_REPRESENTATION_CONTEXT() REPRESENTATION_CONTEXT('2D SPACE',''
  ) );
#1689 = ORIENTED_EDGE('',*,*,#611,.F.);
#1690 = ADVANCED_FACE('',(#1691),#660,.T.);
#1691 = FACE_BOUND('',#1692,.F.);
#1692 = EDGE_LOOP('',(#1693,#1694,#1695,#1719));
#1693 = ORIENTED_EDGE('',*,*,#639,.T.);
#1694 = ORIENTED_EDGE('',*,*,#1671,.F.);
#1695 = ORIENTED_EDGE('',*,*,#1696,.T.);
#1696 = EDGE_CURVE('',#1649,#1697,#1699,.T.);
#1697 = VERTEX_POINT('',#1698);
#1698 = CARTESIAN_POINT('',(97.708099243548,-57.,33.5));
#1699 = SURFACE_CURVE('',#1700,(#1705,#1712),.PCURVE_S1.);
#1700 = CIRCLE('',#1701,4.);
#1701 = AXIS2_PLACEMENT_3D('',#1702,#1703,#1704);
#1702 = CARTESIAN_POINT('',(94.,-58.5,33.5));
#1703 = DIRECTION('',(0.,0.,1.));
#1704 = DIRECTION('',(-0.927024810887,0.375,0.));
#1705 = PCURVE('',#660,#1706);
#1706 = DEFINITIONAL_REPRESENTATION('',(#1707),#1711);
#1707 = LINE('',#1708,#1709);
#1708 = CARTESIAN_POINT('',(-2.757195879094,-2.5));
#1709 = VECTOR('',#1710,1.);
#1710 = DIRECTION('',(-1.,0.));
#1711 = ( GEOMETRIC_REPRESENTATION_CONTEXT(2) 
PARAMETRIC_REPRESENTATION_CONTEXT() REPRESENTATION_CONTEXT('2D SPACE',''
  ) );
#1712 = PCURVE('',#1484,#1713);
#1713 = DEFINITIONAL_REPRESENTATION('',(#1714),#1718);
#1714 = CIRCLE('',#1715,4.);
#1715 = AXIS2_PLACEMENT_2D('',#1716,#1717);
#1716 = CARTESIAN_POINT('',(36.,0.));
#1717 = DIRECTION('',(-0.927024810887,0.375));
#1718 = ( GEOMETRIC_REPRESENTATION_CONTEXT(2) 
PARAMETRIC_REPRESENTATION_CONTEXT() REPRESENTATION_CONTEXT('2D SPACE',''
  ) );
#1719 = ORIENTED_EDGE('',*,*,#1720,.T.);
#1720 = EDGE_CURVE('',#1697,#640,#1721,.T.);
#1721 = SURFACE_CURVE('',#1722,(#1726,#1732),.PCURVE_S1.);
#1722 = LINE('',#1723,#1724);
#1723 = CARTESIAN_POINT('',(97.708099243548,-57.,31.));
#1724 = VECTOR('',#1725,1.);
#1725 = DIRECTION('',(-0.,-0.,-1.));
#1726 = PCURVE('',#660,#1727);
#1727 = DEFINITIONAL_REPRESENTATION('',(#1728),#1731);
#1728 = B_SPLINE_CURVE_WITH_KNOTS('',1,(#1729,#1730),.UNSPECIFIED.,.F.,
  .F.,(2,2),(-2.5,0.),.PIECEWISE_BEZIER_KNOTS.);
#1729 = CARTESIAN_POINT('',(-6.667582081675,-2.5));
#1730 = CARTESIAN_POINT('',(-6.667582081675,0.));
#1731 = ( GEOMETRIC_REPRESENTATION_CONTEXT(2) 
PARAMETRIC_REPRESENTATION_CONTEXT() REPRESENTATION_CONTEXT('2D SPACE',''
  ) );
#1732 = PCURVE('',#688,#1733);
#1733 = DEFINITIONAL_REPRESENTATION('',(#1734),#1737);
#1734 = B_SPLINE_CURVE_WITH_KNOTS('',1,(#1735,#1736),.UNSPECIFIED.,.F.,
  .F.,(2,2),(-2.5000006,5.999999999062E-07),.PIECEWISE_BEZIER_KNOTS.);
#1735 = CARTESIAN_POINT('',(2.5000006,46.208099243548));
#1736 = CARTESIAN_POINT('',(-5.999999999062E-07,46.208099243548));
#1737 = ( GEOMETRIC_REPRESENTATION_CONTEXT(2) 
PARAMETRIC_REPRESENTATION_CONTEXT() REPRESENTATION_CONTEXT('2D SPACE',''
  ) );
#1738 = ADVANCED_FACE('',(#1739),#688,.F.);
#1739 = FACE_BOUND('',#1740,.F.);
#1740 = EDGE_LOOP('',(#1741,#1742,#1765,#1786));
#1741 = ORIENTED_EDGE('',*,*,#1720,.F.);
#1742 = ORIENTED_EDGE('',*,*,#1743,.T.);
#1743 = EDGE_CURVE('',#1697,#1744,#1746,.T.);
#1744 = VERTEX_POINT('',#1745);
#1745 = CARTESIAN_POINT('',(103.05,-57.,33.5));
#1746 = SURFACE_CURVE('',#1747,(#1751,#1758),.PCURVE_S1.);
#1747 = LINE('',#1748,#1749);
#1748 = CARTESIAN_POINT('',(51.5,-57.,33.5));
#1749 = VECTOR('',#1750,1.);
#1750 = DIRECTION('',(1.,0.,0.));
#1751 = PCURVE('',#688,#1752);
#1752 = DEFINITIONAL_REPRESENTATION('',(#1753),#1757);
#1753 = LINE('',#1754,#1755);
#1754 = CARTESIAN_POINT('',(2.5,0.));
#1755 = VECTOR('',#1756,1.);
#1756 = DIRECTION('',(0.,1.));
#1757 = ( GEOMETRIC_REPRESENTATION_CONTEXT(2) 
PARAMETRIC_REPRESENTATION_CONTEXT() REPRESENTATION_CONTEXT('2D SPACE',''
  ) );
#1758 = PCURVE('',#1484,#1759);
#1759 = DEFINITIONAL_REPRESENTATION('',(#1760),#1764);
#1760 = LINE('',#1761,#1762);
#1761 = CARTESIAN_POINT('',(-6.5,1.5));
#1762 = VECTOR('',#1763,1.);
#1763 = DIRECTION('',(1.,0.));
#1764 = ( GEOMETRIC_REPRESENTATION_CONTEXT(2) 
PARAMETRIC_REPRESENTATION_CONTEXT() REPRESENTATION_CONTEXT('2D SPACE',''
  ) );
#1765 = ORIENTED_EDGE('',*,*,#1766,.F.);
#1766 = EDGE_CURVE('',#673,#1744,#1767,.T.);
#1767 = SURFACE_CURVE('',#1768,(#1772,#1779),.PCURVE_S1.);
#1768 = LINE('',#1769,#1770);
#1769 = CARTESIAN_POINT('',(103.05,-57.,31.));
#1770 = VECTOR('',#1771,1.);
#1771 = DIRECTION('',(0.,0.,1.));
#1772 = PCURVE('',#688,#1773);
#1773 = DEFINITIONAL_REPRESENTATION('',(#1774),#1778);
#1774 = LINE('',#1775,#1776);
#1775 = CARTESIAN_POINT('',(0.,51.55));
#1776 = VECTOR('',#1777,1.);
#1777 = DIRECTION('',(1.,0.));
#1778 = ( GEOMETRIC_REPRESENTATION_CONTEXT(2) 
PARAMETRIC_REPRESENTATION_CONTEXT() REPRESENTATION_CONTEXT('2D SPACE',''
  ) );
#1779 = PCURVE('',#716,#1780);
#1780 = DEFINITIONAL_REPRESENTATION('',(#1781),#1785);
#1781 = LINE('',#1782,#1783);
#1782 = CARTESIAN_POINT('',(0.,0.));
#1783 = VECTOR('',#1784,1.);
#1784 = DIRECTION('',(1.,0.));
#1785 = ( GEOMETRIC_REPRESENTATION_CONTEXT(2) 
PARAMETRIC_REPRESENTATION_CONTEXT() REPRESENTATION_CONTEXT('2D SPACE',''
  ) );
#1786 = ORIENTED_EDGE('',*,*,#672,.F.);
#1787 = ADVANCED_FACE('',(#1788),#716,.T.);
#1788 = FACE_BOUND('',#1789,.T.);
#1789 = EDGE_LOOP('',(#1790,#1813,#1814,#1815));
#1790 = ORIENTED_EDGE('',*,*,#1791,.F.);
#1791 = EDGE_CURVE('',#1744,#1792,#1794,.T.);
#1792 = VERTEX_POINT('',#1793);
#1793 = CARTESIAN_POINT('',(103.05,-48.70809924354,33.5));
#1794 = SURFACE_CURVE('',#1795,(#1799,#1806),.PCURVE_S1.);
#1795 = LINE('',#1796,#1797);
#1796 = CARTESIAN_POINT('',(103.05,-57.,33.5));
#1797 = VECTOR('',#1798,1.);
#1798 = DIRECTION('',(0.,1.,0.));
#1799 = PCURVE('',#716,#1800);
#1800 = DEFINITIONAL_REPRESENTATION('',(#1801),#1805);
#1801 = LINE('',#1802,#1803);
#1802 = CARTESIAN_POINT('',(2.5,0.));
#1803 = VECTOR('',#1804,1.);
#1804 = DIRECTION('',(0.,-1.));
#1805 = ( GEOMETRIC_REPRESENTATION_CONTEXT(2) 
PARAMETRIC_REPRESENTATION_CONTEXT() REPRESENTATION_CONTEXT('2D SPACE',''
  ) );
#1806 = PCURVE('',#1484,#1807);
#1807 = DEFINITIONAL_REPRESENTATION('',(#1808),#1812);
#1808 = LINE('',#1809,#1810);
#1809 = CARTESIAN_POINT('',(45.05,1.5));
#1810 = VECTOR('',#1811,1.);
#1811 = DIRECTION('',(0.,1.));
#1812 = ( GEOMETRIC_REPRESENTATION_CONTEXT(2) 
PARAMETRIC_REPRESENTATION_CONTEXT() REPRESENTATION_CONTEXT('2D SPACE',''
  ) );
#1813 = ORIENTED_EDGE('',*,*,#1766,.F.);
#1814 = ORIENTED_EDGE('',*,*,#700,.T.);
#1815 = ORIENTED_EDGE('',*,*,#1816,.F.);
#1816 = EDGE_CURVE('',#1792,#701,#1817,.T.);
#1817 = SURFACE_CURVE('',#1818,(#1822,#1828),.PCURVE_S1.);
#1818 = LINE('',#1819,#1820);
#1819 = CARTESIAN_POINT('',(103.05,-48.70809924354,31.));
#1820 = VECTOR('',#1821,1.);
#1821 = DIRECTION('',(-0.,-0.,-1.));
#1822 = PCURVE('',#716,#1823);
#1823 = DEFINITIONAL_REPRESENTATION('',(#1824),#1827);
#1824 = B_SPLINE_CURVE_WITH_KNOTS('',1,(#1825,#1826),.UNSPECIFIED.,.F.,
  .F.,(2,2),(-2.5000006,5.999999999062E-07),.PIECEWISE_BEZIER_KNOTS.);
#1825 = CARTESIAN_POINT('',(2.5000006,-8.291900756452));
#1826 = CARTESIAN_POINT('',(-5.999999999062E-07,-8.291900756452));
#1827 = ( GEOMETRIC_REPRESENTATION_CONTEXT(2) 
PARAMETRIC_REPRESENTATION_CONTEXT() REPRESENTATION_CONTEXT('2D SPACE',''
  ) );
#1828 = PCURVE('',#749,#1829);
#1829 = DEFINITIONAL_REPRESENTATION('',(#1830),#1833);
#1830 = B_SPLINE_CURVE_WITH_KNOTS('',1,(#1831,#1832),.UNSPECIFIED.,.F.,
  .F.,(2,2),(-2.5,0.),.PIECEWISE_BEZIER_KNOTS.);
#1831 = CARTESIAN_POINT('',(-4.327992205889,-2.5));
#1832 = CARTESIAN_POINT('',(-4.327992205889,0.));
#1833 = ( GEOMETRIC_REPRESENTATION_CONTEXT(2) 
PARAMETRIC_REPRESENTATION_CONTEXT() REPRESENTATION_CONTEXT('2D SPACE',''
  ) );
#1834 = ADVANCED_FACE('',(#1835),#749,.T.);
#1835 = FACE_BOUND('',#1836,.F.);
#1836 = EDGE_LOOP('',(#1837,#1838,#1839,#1863));
#1837 = ORIENTED_EDGE('',*,*,#728,.T.);
#1838 = ORIENTED_EDGE('',*,*,#1816,.F.);
#1839 = ORIENTED_EDGE('',*,*,#1840,.T.);
#1840 = EDGE_CURVE('',#1792,#1841,#1843,.T.);
#1841 = VERTEX_POINT('',#1842);
#1842 = CARTESIAN_POINT('',(103.05,-41.29190075645,33.5));
#1843 = SURFACE_CURVE('',#1844,(#1849,#1856),.PCURVE_S1.);
#1844 = CIRCLE('',#1845,4.);
#1845 = AXIS2_PLACEMENT_3D('',#1846,#1847,#1848);
#1846 = CARTESIAN_POINT('',(104.55,-45.,33.5));
#1847 = DIRECTION('',(0.,0.,1.));
#1848 = DIRECTION('',(-0.375,-0.927024810887,0.));
#1849 = PCURVE('',#749,#1850);
#1850 = DEFINITIONAL_REPRESENTATION('',(#1851),#1855);
#1851 = LINE('',#1852,#1853);
#1852 = CARTESIAN_POINT('',(-4.327992205889,-2.5));
#1853 = VECTOR('',#1854,1.);
#1854 = DIRECTION('',(-1.,0.));
#1855 = ( GEOMETRIC_REPRESENTATION_CONTEXT(2) 
PARAMETRIC_REPRESENTATION_CONTEXT() REPRESENTATION_CONTEXT('2D SPACE',''
  ) );
#1856 = PCURVE('',#1484,#1857);
#1857 = DEFINITIONAL_REPRESENTATION('',(#1858),#1862);
#1858 = CIRCLE('',#1859,4.);
#1859 = AXIS2_PLACEMENT_2D('',#1860,#1861);
#1860 = CARTESIAN_POINT('',(46.55,13.5));
#1861 = DIRECTION('',(-0.375,-0.927024810887));
#1862 = ( GEOMETRIC_REPRESENTATION_CONTEXT(2) 
PARAMETRIC_REPRESENTATION_CONTEXT() REPRESENTATION_CONTEXT('2D SPACE',''
  ) );
#1863 = ORIENTED_EDGE('',*,*,#1864,.T.);
#1864 = EDGE_CURVE('',#1841,#729,#1865,.T.);
#1865 = SURFACE_CURVE('',#1866,(#1870,#1876),.PCURVE_S1.);
#1866 = LINE('',#1867,#1868);
#1867 = CARTESIAN_POINT('',(103.05,-41.29190075645,31.));
#1868 = VECTOR('',#1869,1.);
#1869 = DIRECTION('',(-0.,-0.,-1.));
#1870 = PCURVE('',#749,#1871);
#1871 = DEFINITIONAL_REPRESENTATION('',(#1872),#1875);
#1872 = B_SPLINE_CURVE_WITH_KNOTS('',1,(#1873,#1874),.UNSPECIFIED.,.F.,
  .F.,(2,2),(-2.5,0.),.PIECEWISE_BEZIER_KNOTS.);
#1873 = CARTESIAN_POINT('',(-8.23837840847,-2.5));
#1874 = CARTESIAN_POINT('',(-8.23837840847,0.));
#1875 = ( GEOMETRIC_REPRESENTATION_CONTEXT(2) 
PARAMETRIC_REPRESENTATION_CONTEXT() REPRESENTATION_CONTEXT('2D SPACE',''
  ) );
#1876 = PCURVE('',#777,#1877);
#1877 = DEFINITIONAL_REPRESENTATION('',(#1878),#1881);
#1878 = B_SPLINE_CURVE_WITH_KNOTS('',1,(#1879,#1880),.UNSPECIFIED.,.F.,
  .F.,(2,2),(-2.5000006,5.999999999062E-07),.PIECEWISE_BEZIER_KNOTS.);
#1879 = CARTESIAN_POINT('',(2.5000006,-15.70809924354));
#1880 = CARTESIAN_POINT('',(-5.999999999062E-07,-15.70809924354));
#1881 = ( GEOMETRIC_REPRESENTATION_CONTEXT(2) 
PARAMETRIC_REPRESENTATION_CONTEXT() REPRESENTATION_CONTEXT('2D SPACE',''
  ) );
#1882 = ADVANCED_FACE('',(#1883),#805,.T.);
#1883 = FACE_BOUND('',#1884,.T.);
#1884 = EDGE_LOOP('',(#1885,#1908,#1929,#1930));
#1885 = ORIENTED_EDGE('',*,*,#1886,.T.);
#1886 = EDGE_CURVE('',#1546,#1887,#1889,.T.);
#1887 = VERTEX_POINT('',#1888);
#1888 = CARTESIAN_POINT('',(103.05,14.5,33.5));
#1889 = SURFACE_CURVE('',#1890,(#1894,#1901),.PCURVE_S1.);
#1890 = LINE('',#1891,#1892);
#1891 = CARTESIAN_POINT('',(51.5,14.5,33.5));
#1892 = VECTOR('',#1893,1.);
#1893 = DIRECTION('',(1.,0.,0.));
#1894 = PCURVE('',#805,#1895);
#1895 = DEFINITIONAL_REPRESENTATION('',(#1896),#1900);
#1896 = LINE('',#1897,#1898);
#1897 = CARTESIAN_POINT('',(2.5,0.));
#1898 = VECTOR('',#1899,1.);
#1899 = DIRECTION('',(0.,1.));
#1900 = ( GEOMETRIC_REPRESENTATION_CONTEXT(2) 
PARAMETRIC_REPRESENTATION_CONTEXT() REPRESENTATION_CONTEXT('2D SPACE',''
  ) );
#1901 = PCURVE('',#1484,#1902);
#1902 = DEFINITIONAL_REPRESENTATION('',(#1903),#1907);
#1903 = LINE('',#1904,#1905);
#1904 = CARTESIAN_POINT('',(-6.5,73.));
#1905 = VECTOR('',#1906,1.);
#1906 = DIRECTION('',(1.,0.));
#1907 = ( GEOMETRIC_REPRESENTATION_CONTEXT(2) 
PARAMETRIC_REPRESENTATION_CONTEXT() REPRESENTATION_CONTEXT('2D SPACE',''
  ) );
#1908 = ORIENTED_EDGE('',*,*,#1909,.F.);
#1909 = EDGE_CURVE('',#762,#1887,#1910,.T.);
#1910 = SURFACE_CURVE('',#1911,(#1915,#1922),.PCURVE_S1.);
#1911 = LINE('',#1912,#1913);
#1912 = CARTESIAN_POINT('',(103.05,14.5,31.));
#1913 = VECTOR('',#1914,1.);
#1914 = DIRECTION('',(0.,0.,1.));
#1915 = PCURVE('',#805,#1916);
#1916 = DEFINITIONAL_REPRESENTATION('',(#1917),#1921);
#1917 = LINE('',#1918,#1919);
#1918 = CARTESIAN_POINT('',(0.,51.55));
#1919 = VECTOR('',#1920,1.);
#1920 = DIRECTION('',(1.,0.));
#1921 = ( GEOMETRIC_REPRESENTATION_CONTEXT(2) 
PARAMETRIC_REPRESENTATION_CONTEXT() REPRESENTATION_CONTEXT('2D SPACE',''
  ) );
#1922 = PCURVE('',#777,#1923);
#1923 = DEFINITIONAL_REPRESENTATION('',(#1924),#1928);
#1924 = LINE('',#1925,#1926);
#1925 = CARTESIAN_POINT('',(0.,-71.5));
#1926 = VECTOR('',#1927,1.);
#1927 = DIRECTION('',(1.,0.));
#1928 = ( GEOMETRIC_REPRESENTATION_CONTEXT(2) 
PARAMETRIC_REPRESENTATION_CONTEXT() REPRESENTATION_CONTEXT('2D SPACE',''
  ) );
#1929 = ORIENTED_EDGE('',*,*,#789,.F.);
#1930 = ORIENTED_EDGE('',*,*,#1545,.F.);
#1931 = ADVANCED_FACE('',(#1932),#777,.T.);
#1932 = FACE_BOUND('',#1933,.T.);
#1933 = EDGE_LOOP('',(#1934,#1955,#1956,#1957));
#1934 = ORIENTED_EDGE('',*,*,#1935,.F.);
#1935 = EDGE_CURVE('',#1841,#1887,#1936,.T.);
#1936 = SURFACE_CURVE('',#1937,(#1941,#1948),.PCURVE_S1.);
#1937 = LINE('',#1938,#1939);
#1938 = CARTESIAN_POINT('',(103.05,-57.,33.5));
#1939 = VECTOR('',#1940,1.);
#1940 = DIRECTION('',(0.,1.,0.));
#1941 = PCURVE('',#777,#1942);
#1942 = DEFINITIONAL_REPRESENTATION('',(#1943),#1947);
#1943 = LINE('',#1944,#1945);
#1944 = CARTESIAN_POINT('',(2.5,0.));
#1945 = VECTOR('',#1946,1.);
#1946 = DIRECTION('',(0.,-1.));
#1947 = ( GEOMETRIC_REPRESENTATION_CONTEXT(2) 
PARAMETRIC_REPRESENTATION_CONTEXT() REPRESENTATION_CONTEXT('2D SPACE',''
  ) );
#1948 = PCURVE('',#1484,#1949);
#1949 = DEFINITIONAL_REPRESENTATION('',(#1950),#1954);
#1950 = LINE('',#1951,#1952);
#1951 = CARTESIAN_POINT('',(45.05,1.5));
#1952 = VECTOR('',#1953,1.);
#1953 = DIRECTION('',(0.,1.));
#1954 = ( GEOMETRIC_REPRESENTATION_CONTEXT(2) 
PARAMETRIC_REPRESENTATION_CONTEXT() REPRESENTATION_CONTEXT('2D SPACE',''
  ) );
#1955 = ORIENTED_EDGE('',*,*,#1864,.T.);
#1956 = ORIENTED_EDGE('',*,*,#761,.T.);
#1957 = ORIENTED_EDGE('',*,*,#1909,.T.);
#1958 = ADVANCED_FACE('',(#1959),#940,.F.);
#1959 = FACE_BOUND('',#1960,.T.);
#1960 = EDGE_LOOP('',(#1961,#1984,#1985,#1986));
#1961 = ORIENTED_EDGE('',*,*,#1962,.F.);
#1962 = EDGE_CURVE('',#920,#1963,#1965,.T.);
#1963 = VERTEX_POINT('',#1964);
#1964 = CARTESIAN_POINT('',(59.7,-58.5,32.3));
#1965 = SEAM_CURVE('',#1966,(#1970,#1977),.PCURVE_S1.);
#1966 = LINE('',#1967,#1968);
#1967 = CARTESIAN_POINT('',(59.7,-58.5,30.));
#1968 = VECTOR('',#1969,1.);
#1969 = DIRECTION('',(0.,0.,1.));
#1970 = PCURVE('',#940,#1971);
#1971 = DEFINITIONAL_REPRESENTATION('',(#1972),#1976);
#1972 = LINE('',#1973,#1974);
#1973 = CARTESIAN_POINT('',(-6.28318530718,0.));
#1974 = VECTOR('',#1975,1.);
#1975 = DIRECTION('',(-0.,-1.));
#1976 = ( GEOMETRIC_REPRESENTATION_CONTEXT(2) 
PARAMETRIC_REPRESENTATION_CONTEXT() REPRESENTATION_CONTEXT('2D SPACE',''
  ) );
#1977 = PCURVE('',#940,#1978);
#1978 = DEFINITIONAL_REPRESENTATION('',(#1979),#1983);
#1979 = LINE('',#1980,#1981);
#1980 = CARTESIAN_POINT('',(-0.,0.));
#1981 = VECTOR('',#1982,1.);
#1982 = DIRECTION('',(-0.,-1.));
#1983 = ( GEOMETRIC_REPRESENTATION_CONTEXT(2) 
PARAMETRIC_REPRESENTATION_CONTEXT() REPRESENTATION_CONTEXT('2D SPACE',''
  ) );
#1984 = ORIENTED_EDGE('',*,*,#919,.T.);
#1985 = ORIENTED_EDGE('',*,*,#1962,.T.);
#1986 = ORIENTED_EDGE('',*,*,#1987,.F.);
#1987 = EDGE_CURVE('',#1963,#1963,#1988,.T.);
#1988 = SURFACE_CURVE('',#1989,(#1994,#2001),.PCURVE_S1.);
#1989 = CIRCLE('',#1990,1.7);
#1990 = AXIS2_PLACEMENT_3D('',#1991,#1992,#1993);
#1991 = CARTESIAN_POINT('',(58.,-58.5,32.3));
#1992 = DIRECTION('',(0.,0.,-1.));
#1993 = DIRECTION('',(1.,0.,0.));
#1994 = PCURVE('',#940,#1995);
#1995 = DEFINITIONAL_REPRESENTATION('',(#1996),#2000);
#1996 = LINE('',#1997,#1998);
#1997 = CARTESIAN_POINT('',(-6.28318530718,-2.3));
#1998 = VECTOR('',#1999,1.);
#1999 = DIRECTION('',(1.,-0.));
#2000 = ( GEOMETRIC_REPRESENTATION_CONTEXT(2) 
PARAMETRIC_REPRESENTATION_CONTEXT() REPRESENTATION_CONTEXT('2D SPACE',''
  ) );
#2001 = PCURVE('',#2002,#2007);
#2002 = PLANE('',#2003);
#2003 = AXIS2_PLACEMENT_3D('',#2004,#2005,#2006);
#2004 = CARTESIAN_POINT('',(58.,-58.5,32.3));
#2005 = DIRECTION('',(0.,0.,1.));
#2006 = DIRECTION('',(1.,0.,-0.));
#2007 = DEFINITIONAL_REPRESENTATION('',(#2008),#2016);
#2008 = ( BOUNDED_CURVE() B_SPLINE_CURVE(2,(#2009,#2010,#2011,#2012,
#2013,#2014,#2015),.UNSPECIFIED.,.T.,.F.) B_SPLINE_CURVE_WITH_KNOTS((1,2
    ,2,2,2,1),(-2.094395102393,0.,2.094395102393,4.188790204786,
6.28318530718,8.377580409573),.UNSPECIFIED.) CURVE() 
GEOMETRIC_REPRESENTATION_ITEM() RATIONAL_B_SPLINE_CURVE((1.,0.5,1.,0.5,
1.,0.5,1.)) REPRESENTATION_ITEM('') );
#2009 = CARTESIAN_POINT('',(1.7,0.));
#2010 = CARTESIAN_POINT('',(1.7,-2.944486372867));
#2011 = CARTESIAN_POINT('',(-0.85,-1.472243186434));
#2012 = CARTESIAN_POINT('',(-3.4,-4.163799117101E-16));
#2013 = CARTESIAN_POINT('',(-0.85,1.472243186434));
#2014 = CARTESIAN_POINT('',(1.7,2.944486372867));
#2015 = CARTESIAN_POINT('',(1.7,0.));
#2016 = ( GEOMETRIC_REPRESENTATION_CONTEXT(2) 
PARAMETRIC_REPRESENTATION_CONTEXT() REPRESENTATION_CONTEXT('2D SPACE',''
  ) );
#2017 = ADVANCED_FACE('',(#2018),#975,.F.);
#2018 = FACE_BOUND('',#2019,.T.);
#2019 = EDGE_LOOP('',(#2020,#2043,#2044,#2045));
#2020 = ORIENTED_EDGE('',*,*,#2021,.F.);
#2021 = EDGE_CURVE('',#955,#2022,#2024,.T.);
#2022 = VERTEX_POINT('',#2023);
#2023 = CARTESIAN_POINT('',(95.7,-58.5,32.3));
#2024 = SEAM_CURVE('',#2025,(#2029,#2036),.PCURVE_S1.);
#2025 = LINE('',#2026,#2027);
#2026 = CARTESIAN_POINT('',(95.7,-58.5,30.));
#2027 = VECTOR('',#2028,1.);
#2028 = DIRECTION('',(0.,0.,1.));
#2029 = PCURVE('',#975,#2030);
#2030 = DEFINITIONAL_REPRESENTATION('',(#2031),#2035);
#2031 = LINE('',#2032,#2033);
#2032 = CARTESIAN_POINT('',(-6.28318530718,0.));
#2033 = VECTOR('',#2034,1.);
#2034 = DIRECTION('',(-0.,-1.));
#2035 = ( GEOMETRIC_REPRESENTATION_CONTEXT(2) 
PARAMETRIC_REPRESENTATION_CONTEXT() REPRESENTATION_CONTEXT('2D SPACE',''
  ) );
#2036 = PCURVE('',#975,#2037);
#2037 = DEFINITIONAL_REPRESENTATION('',(#2038),#2042);
#2038 = LINE('',#2039,#2040);
#2039 = CARTESIAN_POINT('',(-0.,0.));
#2040 = VECTOR('',#2041,1.);
#2041 = DIRECTION('',(-0.,-1.));
#2042 = ( GEOMETRIC_REPRESENTATION_CONTEXT(2) 
PARAMETRIC_REPRESENTATION_CONTEXT() REPRESENTATION_CONTEXT('2D SPACE',''
  ) );
#2043 = ORIENTED_EDGE('',*,*,#954,.T.);
#2044 = ORIENTED_EDGE('',*,*,#2021,.T.);
#2045 = ORIENTED_EDGE('',*,*,#2046,.F.);
#2046 = EDGE_CURVE('',#2022,#2022,#2047,.T.);
#2047 = SURFACE_CURVE('',#2048,(#2053,#2060),.PCURVE_S1.);
#2048 = CIRCLE('',#2049,1.7);
#2049 = AXIS2_PLACEMENT_3D('',#2050,#2051,#2052);
#2050 = CARTESIAN_POINT('',(94.,-58.5,32.3));
#2051 = DIRECTION('',(0.,0.,-1.));
#2052 = DIRECTION('',(1.,0.,0.));
#2053 = PCURVE('',#975,#2054);
#2054 = DEFINITIONAL_REPRESENTATION('',(#2055),#2059);
#2055 = LINE('',#2056,#2057);
#2056 = CARTESIAN_POINT('',(-6.28318530718,-2.3));
#2057 = VECTOR('',#2058,1.);
#2058 = DIRECTION('',(1.,-0.));
#2059 = ( GEOMETRIC_REPRESENTATION_CONTEXT(2) 
PARAMETRIC_REPRESENTATION_CONTEXT() REPRESENTATION_CONTEXT('2D SPACE',''
  ) );
#2060 = PCURVE('',#2061,#2066);
#2061 = PLANE('',#2062);
#2062 = AXIS2_PLACEMENT_3D('',#2063,#2064,#2065);
#2063 = CARTESIAN_POINT('',(94.,-58.5,32.3));
#2064 = DIRECTION('',(0.,0.,1.));
#2065 = DIRECTION('',(1.,0.,-0.));
#2066 = DEFINITIONAL_REPRESENTATION('',(#2067),#2075);
#2067 = ( BOUNDED_CURVE() B_SPLINE_CURVE(2,(#2068,#2069,#2070,#2071,
#2072,#2073,#2074),.UNSPECIFIED.,.T.,.F.) B_SPLINE_CURVE_WITH_KNOTS((1,2
    ,2,2,2,1),(-2.094395102393,0.,2.094395102393,4.188790204786,
6.28318530718,8.377580409573),.UNSPECIFIED.) CURVE() 
GEOMETRIC_REPRESENTATION_ITEM() RATIONAL_B_SPLINE_CURVE((1.,0.5,1.,0.5,
1.,0.5,1.)) REPRESENTATION_ITEM('') );
#2068 = CARTESIAN_POINT('',(1.7,0.));
#2069 = CARTESIAN_POINT('',(1.7,-2.944486372867));
#2070 = CARTESIAN_POINT('',(-0.85,-1.472243186434));
#2071 = CARTESIAN_POINT('',(-3.4,-4.163799117101E-16));
#2072 = CARTESIAN_POINT('',(-0.85,1.472243186434));
#2073 = CARTESIAN_POINT('',(1.7,2.944486372867));
#2074 = CARTESIAN_POINT('',(1.7,0.));
#2075 = ( GEOMETRIC_REPRESENTATION_CONTEXT(2) 
PARAMETRIC_REPRESENTATION_CONTEXT() REPRESENTATION_CONTEXT('2D SPACE',''
  ) );
#2076 = ADVANCED_FACE('',(#2077),#1010,.F.);
#2077 = FACE_BOUND('',#2078,.T.);
#2078 = EDGE_LOOP('',(#2079,#2102,#2103,#2104));
#2079 = ORIENTED_EDGE('',*,*,#2080,.F.);
#2080 = EDGE_CURVE('',#990,#2081,#2083,.T.);
#2081 = VERTEX_POINT('',#2082);
#2082 = CARTESIAN_POINT('',(106.25,-45.,32.3));
#2083 = SEAM_CURVE('',#2084,(#2088,#2095),.PCURVE_S1.);
#2084 = LINE('',#2085,#2086);
#2085 = CARTESIAN_POINT('',(106.25,-45.,30.));
#2086 = VECTOR('',#2087,1.);
#2087 = DIRECTION('',(0.,0.,1.));
#2088 = PCURVE('',#1010,#2089);
#2089 = DEFINITIONAL_REPRESENTATION('',(#2090),#2094);
#2090 = LINE('',#2091,#2092);
#2091 = CARTESIAN_POINT('',(-6.28318530718,0.));
#2092 = VECTOR('',#2093,1.);
#2093 = DIRECTION('',(-0.,-1.));
#2094 = ( GEOMETRIC_REPRESENTATION_CONTEXT(2) 
PARAMETRIC_REPRESENTATION_CONTEXT() REPRESENTATION_CONTEXT('2D SPACE',''
  ) );
#2095 = PCURVE('',#1010,#2096);
#2096 = DEFINITIONAL_REPRESENTATION('',(#2097),#2101);
#2097 = LINE('',#2098,#2099);
#2098 = CARTESIAN_POINT('',(-0.,0.));
#2099 = VECTOR('',#2100,1.);
#2100 = DIRECTION('',(-0.,-1.));
#2101 = ( GEOMETRIC_REPRESENTATION_CONTEXT(2) 
PARAMETRIC_REPRESENTATION_CONTEXT() REPRESENTATION_CONTEXT('2D SPACE',''
  ) );
#2102 = ORIENTED_EDGE('',*,*,#989,.T.);
#2103 = ORIENTED_EDGE('',*,*,#2080,.T.);
#2104 = ORIENTED_EDGE('',*,*,#2105,.F.);
#2105 = EDGE_CURVE('',#2081,#2081,#2106,.T.);
#2106 = SURFACE_CURVE('',#2107,(#2112,#2119),.PCURVE_S1.);
#2107 = CIRCLE('',#2108,1.7);
#2108 = AXIS2_PLACEMENT_3D('',#2109,#2110,#2111);
#2109 = CARTESIAN_POINT('',(104.55,-45.,32.3));
#2110 = DIRECTION('',(0.,0.,-1.));
#2111 = DIRECTION('',(1.,0.,0.));
#2112 = PCURVE('',#1010,#2113);
#2113 = DEFINITIONAL_REPRESENTATION('',(#2114),#2118);
#2114 = LINE('',#2115,#2116);
#2115 = CARTESIAN_POINT('',(-6.28318530718,-2.3));
#2116 = VECTOR('',#2117,1.);
#2117 = DIRECTION('',(1.,-0.));
#2118 = ( GEOMETRIC_REPRESENTATION_CONTEXT(2) 
PARAMETRIC_REPRESENTATION_CONTEXT() REPRESENTATION_CONTEXT('2D SPACE',''
  ) );
#2119 = PCURVE('',#2120,#2125);
#2120 = PLANE('',#2121);
#2121 = AXIS2_PLACEMENT_3D('',#2122,#2123,#2124);
#2122 = CARTESIAN_POINT('',(104.55,-45.,32.3));
#2123 = DIRECTION('',(0.,0.,1.));
#2124 = DIRECTION('',(1.,0.,-0.));
#2125 = DEFINITIONAL_REPRESENTATION('',(#2126),#2134);
#2126 = ( BOUNDED_CURVE() B_SPLINE_CURVE(2,(#2127,#2128,#2129,#2130,
#2131,#2132,#2133),.UNSPECIFIED.,.T.,.F.) B_SPLINE_CURVE_WITH_KNOTS((1,2
    ,2,2,2,1),(-2.094395102393,0.,2.094395102393,4.188790204786,
6.28318530718,8.377580409573),.UNSPECIFIED.) CURVE() 
GEOMETRIC_REPRESENTATION_ITEM() RATIONAL_B_SPLINE_CURVE((1.,0.5,1.,0.5,
1.,0.5,1.)) REPRESENTATION_ITEM('') );
#2127 = CARTESIAN_POINT('',(1.7,0.));
#2128 = CARTESIAN_POINT('',(1.7,-2.944486372867));
#2129 = CARTESIAN_POINT('',(-0.85,-1.472243186434));
#2130 = CARTESIAN_POINT('',(-3.4,-4.163799117101E-16));
#2131 = CARTESIAN_POINT('',(-0.85,1.472243186434));
#2132 = CARTESIAN_POINT('',(1.7,2.944486372867));
#2133 = CARTESIAN_POINT('',(1.7,0.));
#2134 = ( GEOMETRIC_REPRESENTATION_CONTEXT(2) 
PARAMETRIC_REPRESENTATION_CONTEXT() REPRESENTATION_CONTEXT('2D SPACE',''
  ) );
#2135 = ADVANCED_FACE('',(#2136),#1045,.F.);
#2136 = FACE_BOUND('',#2137,.T.);
#2137 = EDGE_LOOP('',(#2138,#2161,#2162,#2163));
#2138 = ORIENTED_EDGE('',*,*,#2139,.F.);
#2139 = EDGE_CURVE('',#1025,#2140,#2142,.T.);
#2140 = VERTEX_POINT('',#2141);
#2141 = CARTESIAN_POINT('',(59.7,16.,32.3));
#2142 = SEAM_CURVE('',#2143,(#2147,#2154),.PCURVE_S1.);
#2143 = LINE('',#2144,#2145);
#2144 = CARTESIAN_POINT('',(59.7,16.,30.));
#2145 = VECTOR('',#2146,1.);
#2146 = DIRECTION('',(0.,0.,1.));
#2147 = PCURVE('',#1045,#2148);
#2148 = DEFINITIONAL_REPRESENTATION('',(#2149),#2153);
#2149 = LINE('',#2150,#2151);
#2150 = CARTESIAN_POINT('',(-6.28318530718,0.));
#2151 = VECTOR('',#2152,1.);
#2152 = DIRECTION('',(-0.,-1.));
#2153 = ( GEOMETRIC_REPRESENTATION_CONTEXT(2) 
PARAMETRIC_REPRESENTATION_CONTEXT() REPRESENTATION_CONTEXT('2D SPACE',''
  ) );
#2154 = PCURVE('',#1045,#2155);
#2155 = DEFINITIONAL_REPRESENTATION('',(#2156),#2160);
#2156 = LINE('',#2157,#2158);
#2157 = CARTESIAN_POINT('',(-0.,0.));
#2158 = VECTOR('',#2159,1.);
#2159 = DIRECTION('',(-0.,-1.));
#2160 = ( GEOMETRIC_REPRESENTATION_CONTEXT(2) 
PARAMETRIC_REPRESENTATION_CONTEXT() REPRESENTATION_CONTEXT('2D SPACE',''
  ) );
#2161 = ORIENTED_EDGE('',*,*,#1024,.T.);
#2162 = ORIENTED_EDGE('',*,*,#2139,.T.);
#2163 = ORIENTED_EDGE('',*,*,#2164,.F.);
#2164 = EDGE_CURVE('',#2140,#2140,#2165,.T.);
#2165 = SURFACE_CURVE('',#2166,(#2171,#2178),.PCURVE_S1.);
#2166 = CIRCLE('',#2167,1.7);
#2167 = AXIS2_PLACEMENT_3D('',#2168,#2169,#2170);
#2168 = CARTESIAN_POINT('',(58.,16.,32.3));
#2169 = DIRECTION('',(0.,0.,-1.));
#2170 = DIRECTION('',(1.,0.,0.));
#2171 = PCURVE('',#1045,#2172);
#2172 = DEFINITIONAL_REPRESENTATION('',(#2173),#2177);
#2173 = LINE('',#2174,#2175);
#2174 = CARTESIAN_POINT('',(-6.28318530718,-2.3));
#2175 = VECTOR('',#2176,1.);
#2176 = DIRECTION('',(1.,-0.));
#2177 = ( GEOMETRIC_REPRESENTATION_CONTEXT(2) 
PARAMETRIC_REPRESENTATION_CONTEXT() REPRESENTATION_CONTEXT('2D SPACE',''
  ) );
#2178 = PCURVE('',#2179,#2184);
#2179 = PLANE('',#2180);
#2180 = AXIS2_PLACEMENT_3D('',#2181,#2182,#2183);
#2181 = CARTESIAN_POINT('',(58.,16.,32.3));
#2182 = DIRECTION('',(0.,0.,1.));
#2183 = DIRECTION('',(1.,0.,-0.));
#2184 = DEFINITIONAL_REPRESENTATION('',(#2185),#2193);
#2185 = ( BOUNDED_CURVE() B_SPLINE_CURVE(2,(#2186,#2187,#2188,#2189,
#2190,#2191,#2192),.UNSPECIFIED.,.T.,.F.) B_SPLINE_CURVE_WITH_KNOTS((1,2
    ,2,2,2,1),(-2.094395102393,0.,2.094395102393,4.188790204786,
6.28318530718,8.377580409573),.UNSPECIFIED.) CURVE() 
GEOMETRIC_REPRESENTATION_ITEM() RATIONAL_B_SPLINE_CURVE((1.,0.5,1.,0.5,
1.,0.5,1.)) REPRESENTATION_ITEM('') );
#2186 = CARTESIAN_POINT('',(1.7,0.));
#2187 = CARTESIAN_POINT('',(1.7,-2.944486372867));
#2188 = CARTESIAN_POINT('',(-0.85,-1.472243186434));
#2189 = CARTESIAN_POINT('',(-3.4,-4.163799117101E-16));
#2190 = CARTESIAN_POINT('',(-0.85,1.472243186434));
#2191 = CARTESIAN_POINT('',(1.7,2.944486372867));
#2192 = CARTESIAN_POINT('',(1.7,0.));
#2193 = ( GEOMETRIC_REPRESENTATION_CONTEXT(2) 
PARAMETRIC_REPRESENTATION_CONTEXT() REPRESENTATION_CONTEXT('2D SPACE',''
  ) );
#2194 = ADVANCED_FACE('',(#2195),#1192,.F.);
#2195 = FACE_BOUND('',#2196,.F.);
#2196 = EDGE_LOOP('',(#2197,#2198,#2199,#2200));
#2197 = ORIENTED_EDGE('',*,*,#1411,.F.);
#2198 = ORIENTED_EDGE('',*,*,#1177,.T.);
#2199 = ORIENTED_EDGE('',*,*,#1225,.T.);
#2200 = ORIENTED_EDGE('',*,*,#1296,.F.);
#2201 = ADVANCED_FACE('',(#2202),#1338,.T.);
#2202 = FACE_BOUND('',#2203,.F.);
#2203 = EDGE_LOOP('',(#2204,#2233,#2256,#2289,#2308,#2309,#2330,#2356));
#2204 = ORIENTED_EDGE('',*,*,#2205,.F.);
#2205 = EDGE_CURVE('',#2206,#2206,#2208,.T.);
#2206 = VERTEX_POINT('',#2207);
#2207 = CARTESIAN_POINT('',(85.2,-25.,11.6));
#2208 = SURFACE_CURVE('',#2209,(#2214,#2221),.PCURVE_S1.);
#2209 = CIRCLE('',#2210,2.2);
#2210 = AXIS2_PLACEMENT_3D('',#2211,#2212,#2213);
#2211 = CARTESIAN_POINT('',(83.,-25.,11.6));
#2212 = DIRECTION('',(0.,0.,1.));
#2213 = DIRECTION('',(1.,0.,0.));
#2214 = PCURVE('',#1338,#2215);
#2215 = DEFINITIONAL_REPRESENTATION('',(#2216),#2220);
#2216 = LINE('',#2217,#2218);
#2217 = CARTESIAN_POINT('',(-0.,0.));
#2218 = VECTOR('',#2219,1.);
#2219 = DIRECTION('',(-1.,0.));
#2220 = ( GEOMETRIC_REPRESENTATION_CONTEXT(2) 
PARAMETRIC_REPRESENTATION_CONTEXT() REPRESENTATION_CONTEXT('2D SPACE',''
  ) );
#2221 = PCURVE('',#2222,#2227);
#2222 = PLANE('',#2223);
#2223 = AXIS2_PLACEMENT_3D('',#2224,#2225,#2226);
#2224 = CARTESIAN_POINT('',(83.,-25.,11.6));
#2225 = DIRECTION('',(0.,0.,1.));
#2226 = DIRECTION('',(1.,0.,-0.));
#2227 = DEFINITIONAL_REPRESENTATION('',(#2228),#2232);
#2228 = CIRCLE('',#2229,2.2);
#2229 = AXIS2_PLACEMENT_2D('',#2230,#2231);
#2230 = CARTESIAN_POINT('',(0.,0.));
#2231 = DIRECTION('',(1.,0.));
#2232 = ( GEOMETRIC_REPRESENTATION_CONTEXT(2) 
PARAMETRIC_REPRESENTATION_CONTEXT() REPRESENTATION_CONTEXT('2D SPACE',''
  ) );
#2233 = ORIENTED_EDGE('',*,*,#2234,.T.);
#2234 = EDGE_CURVE('',#2206,#2235,#2237,.T.);
#2235 = VERTEX_POINT('',#2236);
#2236 = CARTESIAN_POINT('',(85.2,-25.,22.));
#2237 = SEAM_CURVE('',#2238,(#2242,#2249),.PCURVE_S1.);
#2238 = LINE('',#2239,#2240);
#2239 = CARTESIAN_POINT('',(85.2,-25.,11.6));
#2240 = VECTOR('',#2241,1.);
#2241 = DIRECTION('',(0.,0.,1.));
#2242 = PCURVE('',#1338,#2243);
#2243 = DEFINITIONAL_REPRESENTATION('',(#2244),#2248);
#2244 = LINE('',#2245,#2246);
#2245 = CARTESIAN_POINT('',(-6.28318530718,0.));
#2246 = VECTOR('',#2247,1.);
#2247 = DIRECTION('',(-0.,-1.));
#2248 = ( GEOMETRIC_REPRESENTATION_CONTEXT(2) 
PARAMETRIC_REPRESENTATION_CONTEXT() REPRESENTATION_CONTEXT('2D SPACE',''
  ) );
#2249 = PCURVE('',#1338,#2250);
#2250 = DEFINITIONAL_REPRESENTATION('',(#2251),#2255);
#2251 = LINE('',#2252,#2253);
#2252 = CARTESIAN_POINT('',(-0.,0.));
#2253 = VECTOR('',#2254,1.);
#2254 = DIRECTION('',(-0.,-1.));
#2255 = ( GEOMETRIC_REPRESENTATION_CONTEXT(2) 
PARAMETRIC_REPRESENTATION_CONTEXT() REPRESENTATION_CONTEXT('2D SPACE',''
  ) );
#2256 = ORIENTED_EDGE('',*,*,#2257,.F.);
#2257 = EDGE_CURVE('',#2258,#2235,#2260,.T.);
#2258 = VERTEX_POINT('',#2259);
#2259 = CARTESIAN_POINT('',(84.498841475145,-23.3895732763,22.));
#2260 = SURFACE_CURVE('',#2261,(#2266,#2273),.PCURVE_S1.);
#2261 = CIRCLE('',#2262,2.2);
#2262 = AXIS2_PLACEMENT_3D('',#2263,#2264,#2265);
#2263 = CARTESIAN_POINT('',(83.,-25.,22.));
#2264 = DIRECTION('',(0.,0.,-1.));
#2265 = DIRECTION('',(1.,0.,0.));
#2266 = PCURVE('',#1338,#2267);
#2267 = DEFINITIONAL_REPRESENTATION('',(#2268),#2272);
#2268 = LINE('',#2269,#2270);
#2269 = CARTESIAN_POINT('',(-6.28318530718,-10.4));
#2270 = VECTOR('',#2271,1.);
#2271 = DIRECTION('',(1.,-0.));
#2272 = ( GEOMETRIC_REPRESENTATION_CONTEXT(2) 
PARAMETRIC_REPRESENTATION_CONTEXT() REPRESENTATION_CONTEXT('2D SPACE',''
  ) );
#2273 = PCURVE('',#2274,#2279);
#2274 = PLANE('',#2275);
#2275 = AXIS2_PLACEMENT_3D('',#2276,#2277,#2278);
#2276 = CARTESIAN_POINT('',(87.5,-24.5,22.));
#2277 = DIRECTION('',(0.,0.,1.));
#2278 = DIRECTION('',(1.,0.,-0.));
#2279 = DEFINITIONAL_REPRESENTATION('',(#2280),#2288);
#2280 = ( BOUNDED_CURVE() B_SPLINE_CURVE(2,(#2281,#2282,#2283,#2284,
#2285,#2286,#2287),.UNSPECIFIED.,.T.,.F.) B_SPLINE_CURVE_WITH_KNOTS((1,2
    ,2,2,2,1),(-2.094395102393,0.,2.094395102393,4.188790204786,
6.28318530718,8.377580409573),.UNSPECIFIED.) CURVE() 
GEOMETRIC_REPRESENTATION_ITEM() RATIONAL_B_SPLINE_CURVE((1.,0.5,1.,0.5,
1.,0.5,1.)) REPRESENTATION_ITEM('') );
#2281 = CARTESIAN_POINT('',(-2.3,-0.5));
#2282 = CARTESIAN_POINT('',(-2.3,-4.310511776652));
#2283 = CARTESIAN_POINT('',(-5.6,-2.405255888326));
#2284 = CARTESIAN_POINT('',(-8.9,-0.5));
#2285 = CARTESIAN_POINT('',(-5.6,1.405255888326));
#2286 = CARTESIAN_POINT('',(-2.3,3.310511776652));
#2287 = CARTESIAN_POINT('',(-2.3,-0.5));
#2288 = ( GEOMETRIC_REPRESENTATION_CONTEXT(2) 
PARAMETRIC_REPRESENTATION_CONTEXT() REPRESENTATION_CONTEXT('2D SPACE',''
  ) );
#2289 = ORIENTED_EDGE('',*,*,#2290,.F.);
#2290 = EDGE_CURVE('',#1320,#2258,#2291,.T.);
#2291 = SURFACE_CURVE('',#2292,(#2296,#2302),.PCURVE_S1.);
#2292 = LINE('',#2293,#2294);
#2293 = CARTESIAN_POINT('',(84.498841475145,-23.3895732763,22.));
#2294 = VECTOR('',#2295,1.);
#2295 = DIRECTION('',(-0.,-0.,-1.));
#2296 = PCURVE('',#1338,#2297);
#2297 = DEFINITIONAL_REPRESENTATION('',(#2298),#2301);
#2298 = B_SPLINE_CURVE_WITH_KNOTS('',1,(#2299,#2300),.UNSPECIFIED.,.F.,
  .F.,(2,2),(-9.0000006,5.999999999062E-07),.PIECEWISE_BEZIER_KNOTS.);
#2299 = CARTESIAN_POINT('',(-0.821270713847,-19.4000006));
#2300 = CARTESIAN_POINT('',(-0.821270713847,-10.3999994));
#2301 = ( GEOMETRIC_REPRESENTATION_CONTEXT(2) 
PARAMETRIC_REPRESENTATION_CONTEXT() REPRESENTATION_CONTEXT('2D SPACE',''
  ) );
#2302 = PCURVE('',#1365,#2303);
#2303 = DEFINITIONAL_REPRESENTATION('',(#2304),#2307);
#2304 = B_SPLINE_CURVE_WITH_KNOTS('',1,(#2305,#2306),.UNSPECIFIED.,.F.,
  .F.,(2,2),(-9.,-0.),.PIECEWISE_BEZIER_KNOTS.);
#2305 = CARTESIAN_POINT('',(-9.070398607441,-9.));
#2306 = CARTESIAN_POINT('',(-9.070398607441,0.));
#2307 = ( GEOMETRIC_REPRESENTATION_CONTEXT(2) 
PARAMETRIC_REPRESENTATION_CONTEXT() REPRESENTATION_CONTEXT('2D SPACE',''
  ) );
#2308 = ORIENTED_EDGE('',*,*,#1319,.T.);
#2309 = ORIENTED_EDGE('',*,*,#2310,.T.);
#2310 = EDGE_CURVE('',#1322,#2311,#2313,.T.);
#2311 = VERTEX_POINT('',#2312);
#2312 = CARTESIAN_POINT('',(84.815792671196,-26.24213404076,22.));
#2313 = SURFACE_CURVE('',#2314,(#2318,#2324),.PCURVE_S1.);
#2314 = LINE('',#2315,#2316);
#2315 = CARTESIAN_POINT('',(84.815792671196,-26.24213404076,22.));
#2316 = VECTOR('',#2317,1.);
#2317 = DIRECTION('',(-0.,-0.,-1.));
#2318 = PCURVE('',#1338,#2319);
#2319 = DEFINITIONAL_REPRESENTATION('',(#2320),#2323);
#2320 = B_SPLINE_CURVE_WITH_KNOTS('',1,(#2321,#2322),.UNSPECIFIED.,.F.,
  .F.,(2,2),(-9.0000006,5.999999999062E-07),.PIECEWISE_BEZIER_KNOTS.);
#2321 = CARTESIAN_POINT('',(-5.68322903568,-19.4000006));
#2322 = CARTESIAN_POINT('',(-5.68322903568,-10.3999994));
#2323 = ( GEOMETRIC_REPRESENTATION_CONTEXT(2) 
PARAMETRIC_REPRESENTATION_CONTEXT() REPRESENTATION_CONTEXT('2D SPACE',''
  ) );
#2324 = PCURVE('',#1365,#2325);
#2325 = DEFINITIONAL_REPRESENTATION('',(#2326),#2329);
#2326 = B_SPLINE_CURVE_WITH_KNOTS('',1,(#2327,#2328),.UNSPECIFIED.,.F.,
  .F.,(2,2),(-9.,0.),.PIECEWISE_BEZIER_KNOTS.);
#2327 = CARTESIAN_POINT('',(-3.717286449266,-9.));
#2328 = CARTESIAN_POINT('',(-3.717286449266,0.));
#2329 = ( GEOMETRIC_REPRESENTATION_CONTEXT(2) 
PARAMETRIC_REPRESENTATION_CONTEXT() REPRESENTATION_CONTEXT('2D SPACE',''
  ) );
#2330 = ORIENTED_EDGE('',*,*,#2331,.F.);
#2331 = EDGE_CURVE('',#2235,#2311,#2332,.T.);
#2332 = SURFACE_CURVE('',#2333,(#2338,#2345),.PCURVE_S1.);
#2333 = CIRCLE('',#2334,2.2);
#2334 = AXIS2_PLACEMENT_3D('',#2335,#2336,#2337);
#2335 = CARTESIAN_POINT('',(83.,-25.,22.));
#2336 = DIRECTION('',(0.,0.,-1.));
#2337 = DIRECTION('',(1.,0.,0.));
#2338 = PCURVE('',#1338,#2339);
#2339 = DEFINITIONAL_REPRESENTATION('',(#2340),#2344);
#2340 = LINE('',#2341,#2342);
#2341 = CARTESIAN_POINT('',(-6.28318530718,-10.4));
#2342 = VECTOR('',#2343,1.);
#2343 = DIRECTION('',(1.,-0.));
#2344 = ( GEOMETRIC_REPRESENTATION_CONTEXT(2) 
PARAMETRIC_REPRESENTATION_CONTEXT() REPRESENTATION_CONTEXT('2D SPACE',''
  ) );
#2345 = PCURVE('',#2274,#2346);
#2346 = DEFINITIONAL_REPRESENTATION('',(#2347),#2355);
#2347 = ( BOUNDED_CURVE() B_SPLINE_CURVE(2,(#2348,#2349,#2350,#2351,
#2352,#2353,#2354),.UNSPECIFIED.,.T.,.F.) B_SPLINE_CURVE_WITH_KNOTS((1,2
    ,2,2,2,1),(-2.094395102393,0.,2.094395102393,4.188790204786,
6.28318530718,8.377580409573),.UNSPECIFIED.) CURVE() 
GEOMETRIC_REPRESENTATION_ITEM() RATIONAL_B_SPLINE_CURVE((1.,0.5,1.,0.5,
1.,0.5,1.)) REPRESENTATION_ITEM('') );
#2348 = CARTESIAN_POINT('',(-2.3,-0.5));
#2349 = CARTESIAN_POINT('',(-2.3,-4.310511776652));
#2350 = CARTESIAN_POINT('',(-5.6,-2.405255888326));
#2351 = CARTESIAN_POINT('',(-8.9,-0.5));
#2352 = CARTESIAN_POINT('',(-5.6,1.405255888326));
#2353 = CARTESIAN_POINT('',(-2.3,3.310511776652));
#2354 = CARTESIAN_POINT('',(-2.3,-0.5));
#2355 = ( GEOMETRIC_REPRESENTATION_CONTEXT(2) 
PARAMETRIC_REPRESENTATION_CONTEXT() REPRESENTATION_CONTEXT('2D SPACE',''
  ) );
#2356 = ORIENTED_EDGE('',*,*,#2234,.F.);
#2357 = ADVANCED_FACE('',(#2358),#1365,.T.);
#2358 = FACE_BOUND('',#2359,.F.);
#2359 = EDGE_LOOP('',(#2360,#2382,#2383,#2384));
#2360 = ORIENTED_EDGE('',*,*,#2361,.F.);
#2361 = EDGE_CURVE('',#2311,#2258,#2362,.T.);
#2362 = SURFACE_CURVE('',#2363,(#2368,#2375),.PCURVE_S1.);
#2363 = CIRCLE('',#2364,3.2);
#2364 = AXIS2_PLACEMENT_3D('',#2365,#2366,#2367);
#2365 = CARTESIAN_POINT('',(87.5,-24.5,22.));
#2366 = DIRECTION('',(0.,0.,1.));
#2367 = DIRECTION('',(-0.838814790251,-0.544416887739,0.));
#2368 = PCURVE('',#1365,#2369);
#2369 = DEFINITIONAL_REPRESENTATION('',(#2370),#2374);
#2370 = LINE('',#2371,#2372);
#2371 = CARTESIAN_POINT('',(-3.717286449266,0.));
#2372 = VECTOR('',#2373,1.);
#2373 = DIRECTION('',(-1.,0.));
#2374 = ( GEOMETRIC_REPRESENTATION_CONTEXT(2) 
PARAMETRIC_REPRESENTATION_CONTEXT() REPRESENTATION_CONTEXT('2D SPACE',''
  ) );
#2375 = PCURVE('',#2274,#2376);
#2376 = DEFINITIONAL_REPRESENTATION('',(#2377),#2381);
#2377 = CIRCLE('',#2378,3.2);
#2378 = AXIS2_PLACEMENT_2D('',#2379,#2380);
#2379 = CARTESIAN_POINT('',(0.,0.));
#2380 = DIRECTION('',(-0.838814790251,-0.544416887739));
#2381 = ( GEOMETRIC_REPRESENTATION_CONTEXT(2) 
PARAMETRIC_REPRESENTATION_CONTEXT() REPRESENTATION_CONTEXT('2D SPACE',''
  ) );
#2382 = ORIENTED_EDGE('',*,*,#2310,.F.);
#2383 = ORIENTED_EDGE('',*,*,#1350,.T.);
#2384 = ORIENTED_EDGE('',*,*,#2290,.T.);
#2385 = ADVANCED_FACE('',(#2386),#1396,.T.);
#2386 = FACE_BOUND('',#2387,.F.);
#2387 = EDGE_LOOP('',(#2388,#2411,#2412,#2413));
#2388 = ORIENTED_EDGE('',*,*,#2389,.T.);
#2389 = EDGE_CURVE('',#2390,#1380,#2392,.T.);
#2390 = VERTEX_POINT('',#2391);
#2391 = CARTESIAN_POINT('',(69.25,-4.5,8.8));
#2392 = SEAM_CURVE('',#2393,(#2397,#2404),.PCURVE_S1.);
#2393 = LINE('',#2394,#2395);
#2394 = CARTESIAN_POINT('',(69.25,-4.5,8.8));
#2395 = VECTOR('',#2396,1.);
#2396 = DIRECTION('',(0.,0.,1.));
#2397 = PCURVE('',#1396,#2398);
#2398 = DEFINITIONAL_REPRESENTATION('',(#2399),#2403);
#2399 = LINE('',#2400,#2401);
#2400 = CARTESIAN_POINT('',(-0.,0.));
#2401 = VECTOR('',#2402,1.);
#2402 = DIRECTION('',(-0.,-1.));
#2403 = ( GEOMETRIC_REPRESENTATION_CONTEXT(2) 
PARAMETRIC_REPRESENTATION_CONTEXT() REPRESENTATION_CONTEXT('2D SPACE',''
  ) );
#2404 = PCURVE('',#1396,#2405);
#2405 = DEFINITIONAL_REPRESENTATION('',(#2406),#2410);
#2406 = LINE('',#2407,#2408);
#2407 = CARTESIAN_POINT('',(-6.28318530718,0.));
#2408 = VECTOR('',#2409,1.);
#2409 = DIRECTION('',(-0.,-1.));
#2410 = ( GEOMETRIC_REPRESENTATION_CONTEXT(2) 
PARAMETRIC_REPRESENTATION_CONTEXT() REPRESENTATION_CONTEXT('2D SPACE',''
  ) );
#2411 = ORIENTED_EDGE('',*,*,#1379,.T.);
#2412 = ORIENTED_EDGE('',*,*,#2389,.F.);
#2413 = ORIENTED_EDGE('',*,*,#2414,.F.);
#2414 = EDGE_CURVE('',#2390,#2390,#2415,.T.);
#2415 = SURFACE_CURVE('',#2416,(#2421,#2428),.PCURVE_S1.);
#2416 = CIRCLE('',#2417,3.25);
#2417 = AXIS2_PLACEMENT_3D('',#2418,#2419,#2420);
#2418 = CARTESIAN_POINT('',(66.,-4.5,8.8));
#2419 = DIRECTION('',(0.,0.,1.));
#2420 = DIRECTION('',(1.,0.,0.));
#2421 = PCURVE('',#1396,#2422);
#2422 = DEFINITIONAL_REPRESENTATION('',(#2423),#2427);
#2423 = LINE('',#2424,#2425);
#2424 = CARTESIAN_POINT('',(-0.,0.));
#2425 = VECTOR('',#2426,1.);
#2426 = DIRECTION('',(-1.,0.));
#2427 = ( GEOMETRIC_REPRESENTATION_CONTEXT(2) 
PARAMETRIC_REPRESENTATION_CONTEXT() REPRESENTATION_CONTEXT('2D SPACE',''
  ) );
#2428 = PCURVE('',#2429,#2434);
#2429 = PLANE('',#2430);
#2430 = AXIS2_PLACEMENT_3D('',#2431,#2432,#2433);
#2431 = CARTESIAN_POINT('',(66.,-4.5,8.8));
#2432 = DIRECTION('',(0.,0.,1.));
#2433 = DIRECTION('',(1.,0.,-0.));
#2434 = DEFINITIONAL_REPRESENTATION('',(#2435),#2439);
#2435 = CIRCLE('',#2436,3.25);
#2436 = AXIS2_PLACEMENT_2D('',#2437,#2438);
#2437 = CARTESIAN_POINT('',(0.,0.));
#2438 = DIRECTION('',(1.,0.));
#2439 = ( GEOMETRIC_REPRESENTATION_CONTEXT(2) 
PARAMETRIC_REPRESENTATION_CONTEXT() REPRESENTATION_CONTEXT('2D SPACE',''
  ) );
#2440 = ADVANCED_FACE('',(#2441,#2453,#2488,#3004,#4057,#4371,#4983,
    #5018,#5500,#5840,#5875,#6215,#6425,#6531,#6566,#6601,#6863,#7073),
  #1484,.T.);
#2441 = FACE_BOUND('',#2442,.T.);
#2442 = EDGE_LOOP('',(#2443,#2444,#2445,#2446,#2447,#2448,#2449,#2450,
    #2451,#2452));
#2443 = ORIENTED_EDGE('',*,*,#1465,.F.);
#2444 = ORIENTED_EDGE('',*,*,#1648,.T.);
#2445 = ORIENTED_EDGE('',*,*,#1696,.T.);
#2446 = ORIENTED_EDGE('',*,*,#1743,.T.);
#2447 = ORIENTED_EDGE('',*,*,#1791,.T.);
#2448 = ORIENTED_EDGE('',*,*,#1840,.T.);
#2449 = ORIENTED_EDGE('',*,*,#1935,.T.);
#2450 = ORIENTED_EDGE('',*,*,#1886,.F.);
#2451 = ORIENTED_EDGE('',*,*,#1566,.T.);
#2452 = ORIENTED_EDGE('',*,*,#1614,.F.);
#2453 = FACE_BOUND('',#2454,.T.);
#2454 = EDGE_LOOP('',(#2455));
#2455 = ORIENTED_EDGE('',*,*,#2456,.T.);
#2456 = EDGE_CURVE('',#2457,#2457,#2459,.T.);
#2457 = VERTEX_POINT('',#2458);
#2458 = CARTESIAN_POINT('',(61.1,-58.5,33.5));
#2459 = SURFACE_CURVE('',#2460,(#2465,#2476),.PCURVE_S1.);
#2460 = CIRCLE('',#2461,3.1);
#2461 = AXIS2_PLACEMENT_3D('',#2462,#2463,#2464);
#2462 = CARTESIAN_POINT('',(58.,-58.5,33.5));
#2463 = DIRECTION('',(0.,0.,-1.));
#2464 = DIRECTION('',(1.,0.,0.));
#2465 = PCURVE('',#1484,#2466);
#2466 = DEFINITIONAL_REPRESENTATION('',(#2467),#2475);
#2467 = ( BOUNDED_CURVE() B_SPLINE_CURVE(2,(#2468,#2469,#2470,#2471,
#2472,#2473,#2474),.UNSPECIFIED.,.T.,.F.) B_SPLINE_CURVE_WITH_KNOTS((1,2
    ,2,2,2,1),(-2.094395102393,0.,2.094395102393,4.188790204786,
6.28318530718,8.377580409573),.UNSPECIFIED.) CURVE() 
GEOMETRIC_REPRESENTATION_ITEM() RATIONAL_B_SPLINE_CURVE((1.,0.5,1.,0.5,
1.,0.5,1.)) REPRESENTATION_ITEM('') );
#2468 = CARTESIAN_POINT('',(3.1,0.));
#2469 = CARTESIAN_POINT('',(3.1,-5.369357503464));
#2470 = CARTESIAN_POINT('',(-1.55,-2.684678751732));
#2471 = CARTESIAN_POINT('',(-6.2,-7.592810154714E-16));
#2472 = CARTESIAN_POINT('',(-1.55,2.684678751732));
#2473 = CARTESIAN_POINT('',(3.1,5.369357503464));
#2474 = CARTESIAN_POINT('',(3.1,0.));
#2475 = ( GEOMETRIC_REPRESENTATION_CONTEXT(2) 
PARAMETRIC_REPRESENTATION_CONTEXT() REPRESENTATION_CONTEXT('2D SPACE',''
  ) );
#2476 = PCURVE('',#2477,#2482);
#2477 = CYLINDRICAL_SURFACE('',#2478,3.1);
#2478 = AXIS2_PLACEMENT_3D('',#2479,#2480,#2481);
#2479 = CARTESIAN_POINT('',(58.,-58.5,32.3));
#2480 = DIRECTION('',(-0.,-0.,-1.));
#2481 = DIRECTION('',(1.,0.,0.));
#2482 = DEFINITIONAL_REPRESENTATION('',(#2483),#2487);
#2483 = LINE('',#2484,#2485);
#2484 = CARTESIAN_POINT('',(-6.28318530718,-1.2));
#2485 = VECTOR('',#2486,1.);
#2486 = DIRECTION('',(1.,-0.));
#2487 = ( GEOMETRIC_REPRESENTATION_CONTEXT(2) 
PARAMETRIC_REPRESENTATION_CONTEXT() REPRESENTATION_CONTEXT('2D SPACE',''
  ) );
#2488 = FACE_BOUND('',#2489,.T.);
#2489 = EDGE_LOOP('',(#2490,#2518,#2544,#2570,#2596,#2638,#2677,#2740,
    #2797,#2854,#2917,#2980));
#2490 = ORIENTED_EDGE('',*,*,#2491,.F.);
#2491 = EDGE_CURVE('',#2492,#2494,#2496,.T.);
#2492 = VERTEX_POINT('',#2493);
#2493 = CARTESIAN_POINT('',(69.719013671875,-41.12599639892,33.5));
#2494 = VERTEX_POINT('',#2495);
#2495 = CARTESIAN_POINT('',(69.221005859375,-41.12599639892,33.5));
#2496 = SURFACE_CURVE('',#2497,(#2501,#2507),.PCURVE_S1.);
#2497 = LINE('',#2498,#2499);
#2498 = CARTESIAN_POINT('',(63.610502929687,-41.12599639892,33.5));
#2499 = VECTOR('',#2500,1.);
#2500 = DIRECTION('',(-1.,0.,0.));
#2501 = PCURVE('',#1484,#2502);
#2502 = DEFINITIONAL_REPRESENTATION('',(#2503),#2506);
#2503 = B_SPLINE_CURVE_WITH_KNOTS('',1,(#2504,#2505),.UNSPECIFIED.,.F.,
  .F.,(2,2),(-6.108510742188,-5.610502929687),.PIECEWISE_BEZIER_KNOTS.);
#2504 = CARTESIAN_POINT('',(11.719013671875,17.374003601074));
#2505 = CARTESIAN_POINT('',(11.221005859375,17.374003601074));
#2506 = ( GEOMETRIC_REPRESENTATION_CONTEXT(2) 
PARAMETRIC_REPRESENTATION_CONTEXT() REPRESENTATION_CONTEXT('2D SPACE',''
  ) );
#2507 = PCURVE('',#2508,#2513);
#2508 = PLANE('',#2509);
#2509 = AXIS2_PLACEMENT_3D('',#2510,#2511,#2512);
#2510 = CARTESIAN_POINT('',(69.221005859375,-41.12599639892,32.9));
#2511 = DIRECTION('',(0.,1.,0.));
#2512 = DIRECTION('',(1.,0.,0.));
#2513 = DEFINITIONAL_REPRESENTATION('',(#2514),#2517);
#2514 = B_SPLINE_CURVE_WITH_KNOTS('',1,(#2515,#2516),.UNSPECIFIED.,.F.,
  .F.,(2,2),(-6.108510742188,-5.610502929687),.PIECEWISE_BEZIER_KNOTS.);
#2515 = CARTESIAN_POINT('',(0.4980078125,-0.6));
#2516 = CARTESIAN_POINT('',(0.,-0.6));
#2517 = ( GEOMETRIC_REPRESENTATION_CONTEXT(2) 
PARAMETRIC_REPRESENTATION_CONTEXT() REPRESENTATION_CONTEXT('2D SPACE',''
  ) );
#2518 = ORIENTED_EDGE('',*,*,#2519,.F.);
#2519 = EDGE_CURVE('',#2520,#2492,#2522,.T.);
#2520 = VERTEX_POINT('',#2521);
#2521 = CARTESIAN_POINT('',(69.719013671875,-45.50000030517,33.5));
#2522 = SURFACE_CURVE('',#2523,(#2527,#2533),.PCURVE_S1.);
#2523 = LINE('',#2524,#2525);
#2524 = CARTESIAN_POINT('',(69.719013671875,-49.81299819946,33.5));
#2525 = VECTOR('',#2526,1.);
#2526 = DIRECTION('',(0.,1.,0.));
#2527 = PCURVE('',#1484,#2528);
#2528 = DEFINITIONAL_REPRESENTATION('',(#2529),#2532);
#2529 = B_SPLINE_CURVE_WITH_KNOTS('',1,(#2530,#2531),.UNSPECIFIED.,.F.,
  .F.,(2,2),(4.312997894287,8.687001800537),.PIECEWISE_BEZIER_KNOTS.);
#2530 = CARTESIAN_POINT('',(11.719013671875,12.999999694824));
#2531 = CARTESIAN_POINT('',(11.719013671875,17.374003601074));
#2532 = ( GEOMETRIC_REPRESENTATION_CONTEXT(2) 
PARAMETRIC_REPRESENTATION_CONTEXT() REPRESENTATION_CONTEXT('2D SPACE',''
  ) );
#2533 = PCURVE('',#2534,#2539);
#2534 = PLANE('',#2535);
#2535 = AXIS2_PLACEMENT_3D('',#2536,#2537,#2538);
#2536 = CARTESIAN_POINT('',(69.719013671875,-41.12599639892,32.9));
#2537 = DIRECTION('',(1.,0.,0.));
#2538 = DIRECTION('',(0.,-1.,0.));
#2539 = DEFINITIONAL_REPRESENTATION('',(#2540),#2543);
#2540 = B_SPLINE_CURVE_WITH_KNOTS('',1,(#2541,#2542),.UNSPECIFIED.,.F.,
  .F.,(2,2),(4.312997894287,8.687001800537),.PIECEWISE_BEZIER_KNOTS.);
#2541 = CARTESIAN_POINT('',(4.37400390625,-0.6));
#2542 = CARTESIAN_POINT('',(0.,-0.6));
#2543 = ( GEOMETRIC_REPRESENTATION_CONTEXT(2) 
PARAMETRIC_REPRESENTATION_CONTEXT() REPRESENTATION_CONTEXT('2D SPACE',''
  ) );
#2544 = ORIENTED_EDGE('',*,*,#2545,.F.);
#2545 = EDGE_CURVE('',#2546,#2520,#2548,.T.);
#2546 = VERTEX_POINT('',#2547);
#2547 = CARTESIAN_POINT('',(69.275009765625,-45.50000030517,33.5));
#2548 = SURFACE_CURVE('',#2549,(#2553,#2559),.PCURVE_S1.);
#2549 = LINE('',#2550,#2551);
#2550 = CARTESIAN_POINT('',(63.859506835938,-45.50000030517,33.5));
#2551 = VECTOR('',#2552,1.);
#2552 = DIRECTION('',(1.,0.,-0.));
#2553 = PCURVE('',#1484,#2554);
#2554 = DEFINITIONAL_REPRESENTATION('',(#2555),#2558);
#2555 = B_SPLINE_CURVE_WITH_KNOTS('',1,(#2556,#2557),.UNSPECIFIED.,.F.,
  .F.,(2,2),(5.415502929687,5.859506835938),.PIECEWISE_BEZIER_KNOTS.);
#2556 = CARTESIAN_POINT('',(11.275009765625,12.999999694824));
#2557 = CARTESIAN_POINT('',(11.719013671875,12.999999694824));
#2558 = ( GEOMETRIC_REPRESENTATION_CONTEXT(2) 
PARAMETRIC_REPRESENTATION_CONTEXT() REPRESENTATION_CONTEXT('2D SPACE',''
  ) );
#2559 = PCURVE('',#2560,#2565);
#2560 = PLANE('',#2561);
#2561 = AXIS2_PLACEMENT_3D('',#2562,#2563,#2564);
#2562 = CARTESIAN_POINT('',(69.719013671875,-45.50000030517,32.9));
#2563 = DIRECTION('',(0.,-1.,0.));
#2564 = DIRECTION('',(-1.,0.,0.));
#2565 = DEFINITIONAL_REPRESENTATION('',(#2566),#2569);
#2566 = B_SPLINE_CURVE_WITH_KNOTS('',1,(#2567,#2568),.UNSPECIFIED.,.F.,
  .F.,(2,2),(5.415502929687,5.859506835938),.PIECEWISE_BEZIER_KNOTS.);
#2567 = CARTESIAN_POINT('',(0.44400390625,-0.6));
#2568 = CARTESIAN_POINT('',(0.,-0.6));
#2569 = ( GEOMETRIC_REPRESENTATION_CONTEXT(2) 
PARAMETRIC_REPRESENTATION_CONTEXT() REPRESENTATION_CONTEXT('2D SPACE',''
  ) );
#2570 = ORIENTED_EDGE('',*,*,#2571,.F.);
#2571 = EDGE_CURVE('',#2572,#2546,#2574,.T.);
#2572 = VERTEX_POINT('',#2573);
#2573 = CARTESIAN_POINT('',(69.275009765625,-45.08599639892,33.5));
#2574 = SURFACE_CURVE('',#2575,(#2579,#2585),.PCURVE_S1.);
#2575 = LINE('',#2576,#2577);
#2576 = CARTESIAN_POINT('',(69.275009765625,-52.00000015258,33.5));
#2577 = VECTOR('',#2578,1.);
#2578 = DIRECTION('',(0.,-1.,0.));
#2579 = PCURVE('',#1484,#2580);
#2580 = DEFINITIONAL_REPRESENTATION('',(#2581),#2584);
#2581 = B_SPLINE_CURVE_WITH_KNOTS('',1,(#2582,#2583),.UNSPECIFIED.,.F.,
  .F.,(2,2),(-6.914003753662,-6.499999847412),.PIECEWISE_BEZIER_KNOTS.);
#2582 = CARTESIAN_POINT('',(11.275009765625,13.414003601074));
#2583 = CARTESIAN_POINT('',(11.275009765625,12.999999694824));
#2584 = ( GEOMETRIC_REPRESENTATION_CONTEXT(2) 
PARAMETRIC_REPRESENTATION_CONTEXT() REPRESENTATION_CONTEXT('2D SPACE',''
  ) );
#2585 = PCURVE('',#2586,#2591);
#2586 = PLANE('',#2587);
#2587 = AXIS2_PLACEMENT_3D('',#2588,#2589,#2590);
#2588 = CARTESIAN_POINT('',(69.275009765625,-45.50000030517,32.9));
#2589 = DIRECTION('',(-1.,0.,0.));
#2590 = DIRECTION('',(0.,1.,0.));
#2591 = DEFINITIONAL_REPRESENTATION('',(#2592),#2595);
#2592 = B_SPLINE_CURVE_WITH_KNOTS('',1,(#2593,#2594),.UNSPECIFIED.,.F.,
  .F.,(2,2),(-6.914003753662,-6.499999847412),.PIECEWISE_BEZIER_KNOTS.);
#2593 = CARTESIAN_POINT('',(0.41400390625,-0.6));
#2594 = CARTESIAN_POINT('',(0.,-0.6));
#2595 = ( GEOMETRIC_REPRESENTATION_CONTEXT(2) 
PARAMETRIC_REPRESENTATION_CONTEXT() REPRESENTATION_CONTEXT('2D SPACE',''
  ) );
#2596 = ORIENTED_EDGE('',*,*,#2597,.F.);
#2597 = EDGE_CURVE('',#2598,#2572,#2600,.T.);
#2598 = VERTEX_POINT('',#2599);
#2599 = CARTESIAN_POINT('',(68.83400390625,-45.50900421142,33.5));
#2600 = SURFACE_CURVE('',#2601,(#2609,#2620),.PCURVE_S1.);
#2601 = B_SPLINE_CURVE_WITH_KNOTS('',6,(#2602,#2603,#2604,#2605,#2606,
    #2607,#2608),.UNSPECIFIED.,.F.,.F.,(7,7),(0.,1.),
  .PIECEWISE_BEZIER_KNOTS.);
#2602 = CARTESIAN_POINT('',(68.83400390625,-45.50900421142,33.5));
#2603 = CARTESIAN_POINT('',(68.915737379835,-45.46451539087,33.5));
#2604 = CARTESIAN_POINT('',(68.994413944901,-45.40863458217,33.5));
#2605 = CARTESIAN_POINT('',(69.069740286343,-45.34194216776,33.5));
#2606 = CARTESIAN_POINT('',(69.141603710497,-45.26530702575,33.5));
#2607 = CARTESIAN_POINT('',(69.21000272457,-45.17968246776,33.5));
#2608 = CARTESIAN_POINT('',(69.275009765625,-45.08599639892,33.5));
#2609 = PCURVE('',#1484,#2610);
#2610 = DEFINITIONAL_REPRESENTATION('',(#2611),#2619);
#2611 = B_SPLINE_CURVE_WITH_KNOTS('',6,(#2612,#2613,#2614,#2615,#2616,
    #2617,#2618),.UNSPECIFIED.,.F.,.F.,(7,7),(0.,1.),
  .PIECEWISE_BEZIER_KNOTS.);
#2612 = CARTESIAN_POINT('',(10.83400390625,12.990995788574));
#2613 = CARTESIAN_POINT('',(10.915737379835,13.035484609129));
#2614 = CARTESIAN_POINT('',(10.994413944901,13.091365417825));
#2615 = CARTESIAN_POINT('',(11.069740286343,13.15805783224));
#2616 = CARTESIAN_POINT('',(11.141603710497,13.234692974245));
#2617 = CARTESIAN_POINT('',(11.21000272457,13.320317532237));
#2618 = CARTESIAN_POINT('',(11.275009765625,13.414003601074));
#2619 = ( GEOMETRIC_REPRESENTATION_CONTEXT(2) 
PARAMETRIC_REPRESENTATION_CONTEXT() REPRESENTATION_CONTEXT('2D SPACE',''
  ) );
#2620 = PCURVE('',#2621,#2628);
#2621 = SURFACE_OF_LINEAR_EXTRUSION('',#2622,#2626);
#2622 = B_SPLINE_CURVE_WITH_KNOTS('',2,(#2623,#2624,#2625),
  .UNSPECIFIED.,.F.,.F.,(3,3),(0.,1.),.PIECEWISE_BEZIER_KNOTS.);
#2623 = CARTESIAN_POINT('',(69.275009765625,-45.08599639892,32.9));
#2624 = CARTESIAN_POINT('',(69.071005859375,-45.38000030517,32.9));
#2625 = CARTESIAN_POINT('',(68.83400390625,-45.50900421142,32.9));
#2626 = VECTOR('',#2627,1.);
#2627 = DIRECTION('',(-0.,-0.,-1.));
#2628 = DEFINITIONAL_REPRESENTATION('',(#2629),#2637);
#2629 = B_SPLINE_CURVE_WITH_KNOTS('',6,(#2630,#2631,#2632,#2633,#2634,
    #2635,#2636),.UNSPECIFIED.,.F.,.F.,(7,7),(0.,1.),
  .PIECEWISE_BEZIER_KNOTS.);
#2630 = CARTESIAN_POINT('',(1.,-0.6));
#2631 = CARTESIAN_POINT('',(0.827567932443,-0.6));
#2632 = CARTESIAN_POINT('',(0.656617299744,-0.6));
#2633 = CARTESIAN_POINT('',(0.487926988585,-0.6));
#2634 = CARTESIAN_POINT('',(0.322042009787,-0.6));
#2635 = CARTESIAN_POINT('',(0.159327932123,-0.6));
#2636 = CARTESIAN_POINT('',(0.,-0.6));
#2637 = ( GEOMETRIC_REPRESENTATION_CONTEXT(2) 
PARAMETRIC_REPRESENTATION_CONTEXT() REPRESENTATION_CONTEXT('2D SPACE',''
  ) );
#2638 = ORIENTED_EDGE('',*,*,#2639,.F.);
#2639 = EDGE_CURVE('',#2640,#2598,#2642,.T.);
#2640 = VERTEX_POINT('',#2641);
#2641 = CARTESIAN_POINT('',(68.273017578125,-45.63800811767,33.5));
#2642 = SURFACE_CURVE('',#2643,(#2650,#2660),.PCURVE_S1.);
#2643 = B_SPLINE_CURVE_WITH_KNOTS('',5,(#2644,#2645,#2646,#2647,#2648,
    #2649),.UNSPECIFIED.,.F.,.F.,(6,6),(0.,1.),
  .PIECEWISE_BEZIER_KNOTS.);
#2644 = CARTESIAN_POINT('',(68.273017578125,-45.63800811767,33.5));
#2645 = CARTESIAN_POINT('',(68.398867936639,-45.63800811767,33.5));
#2646 = CARTESIAN_POINT('',(68.518963685327,-45.62584176142,33.5));
#2647 = CARTESIAN_POINT('',(68.632190679444,-45.60056530046,33.5));
#2648 = CARTESIAN_POINT('',(68.737462523231,-45.56155321095,33.5));
#2649 = CARTESIAN_POINT('',(68.83400390625,-45.50900421142,33.5));
#2650 = PCURVE('',#1484,#2651);
#2651 = DEFINITIONAL_REPRESENTATION('',(#2652),#2659);
#2652 = B_SPLINE_CURVE_WITH_KNOTS('',5,(#2653,#2654,#2655,#2656,#2657,
    #2658),.UNSPECIFIED.,.F.,.F.,(6,6),(0.,1.),
  .PIECEWISE_BEZIER_KNOTS.);
#2653 = CARTESIAN_POINT('',(10.273017578125,12.861991882324));
#2654 = CARTESIAN_POINT('',(10.398867936639,12.861991882324));
#2655 = CARTESIAN_POINT('',(10.518963685327,12.874158238578));
#2656 = CARTESIAN_POINT('',(10.632190679444,12.899434699539));
#2657 = CARTESIAN_POINT('',(10.737462523231,12.938446789041));
#2658 = CARTESIAN_POINT('',(10.83400390625,12.990995788574));
#2659 = ( GEOMETRIC_REPRESENTATION_CONTEXT(2) 
PARAMETRIC_REPRESENTATION_CONTEXT() REPRESENTATION_CONTEXT('2D SPACE',''
  ) );
#2660 = PCURVE('',#2661,#2668);
#2661 = SURFACE_OF_LINEAR_EXTRUSION('',#2662,#2666);
#2662 = B_SPLINE_CURVE_WITH_KNOTS('',2,(#2663,#2664,#2665),
  .UNSPECIFIED.,.F.,.F.,(3,3),(0.,1.),.PIECEWISE_BEZIER_KNOTS.);
#2663 = CARTESIAN_POINT('',(68.83400390625,-45.50900421142,32.9));
#2664 = CARTESIAN_POINT('',(68.597001953125,-45.63800811767,32.9));
#2665 = CARTESIAN_POINT('',(68.273017578125,-45.63800811767,32.9));
#2666 = VECTOR('',#2667,1.);
#2667 = DIRECTION('',(-0.,-0.,-1.));
#2668 = DEFINITIONAL_REPRESENTATION('',(#2669),#2676);
#2669 = B_SPLINE_CURVE_WITH_KNOTS('',5,(#2670,#2671,#2672,#2673,#2674,
    #2675),.UNSPECIFIED.,.F.,.F.,(6,6),(0.,1.),
  .PIECEWISE_BEZIER_KNOTS.);
#2670 = CARTESIAN_POINT('',(1.,-0.6));
#2671 = CARTESIAN_POINT('',(0.805777117316,-0.6));
#2672 = CARTESIAN_POINT('',(0.60777519292,-0.6));
#2673 = CARTESIAN_POINT('',(0.406731625178,-0.6));
#2674 = CARTESIAN_POINT('',(0.203672125368,-0.6));
#2675 = CARTESIAN_POINT('',(0.,-0.6));
#2676 = ( GEOMETRIC_REPRESENTATION_CONTEXT(2) 
PARAMETRIC_REPRESENTATION_CONTEXT() REPRESENTATION_CONTEXT('2D SPACE',''
  ) );
#2677 = ORIENTED_EDGE('',*,*,#2678,.F.);
#2678 = EDGE_CURVE('',#2679,#2640,#2681,.T.);
#2679 = VERTEX_POINT('',#2680);
#2680 = CARTESIAN_POINT('',(67.271005859375,-45.17900421142,33.5));
#2681 = SURFACE_CURVE('',#2682,(#2697,#2715),.PCURVE_S1.);
#2682 = B_SPLINE_CURVE_WITH_KNOTS('',5,(#2683,#2684,#2685,#2686,#2687,
    #2688,#2689,#2690,#2691,#2692,#2693,#2694,#2695,#2696),
  .UNSPECIFIED.,.F.,.F.,(6,4,4,6),(0.,0.389934224552,0.789994423557,1.),
  .UNSPECIFIED.);
#2683 = CARTESIAN_POINT('',(67.271005859375,-45.17900421142,33.5));
#2684 = CARTESIAN_POINT('',(67.327235795155,-45.24952343447,33.5));
#2685 = CARTESIAN_POINT('',(67.388478012855,-45.31456138638,33.5));
#2686 = CARTESIAN_POINT('',(67.454760477848,-45.37329315936,33.5));
#2687 = CARTESIAN_POINT('',(67.525898309202,-45.42502995072,33.5));
#2688 = CARTESIAN_POINT('',(67.67871553473,-45.51501416542,33.5));
#2689 = CARTESIAN_POINT('',(67.760649232143,-45.55289318064,33.5));
#2690 = CARTESIAN_POINT('',(67.846524205379,-45.58271823281,33.5));
#2691 = CARTESIAN_POINT('',(67.935590174061,-45.60468955708,33.5));
#2692 = CARTESIAN_POINT('',(68.07511404836,-45.62693738982,33.5));
#2693 = CARTESIAN_POINT('',(68.123818774304,-45.63256275994,33.5));
#2694 = CARTESIAN_POINT('',(68.173097485525,-45.63622373194,33.5));
#2695 = CARTESIAN_POINT('',(68.222857127804,-45.63800811767,33.5));
#2696 = CARTESIAN_POINT('',(68.273017578125,-45.63800811767,33.5));
#2697 = PCURVE('',#1484,#2698);
#2698 = DEFINITIONAL_REPRESENTATION('',(#2699),#2714);
#2699 = B_SPLINE_CURVE_WITH_KNOTS('',5,(#2700,#2701,#2702,#2703,#2704,
    #2705,#2706,#2707,#2708,#2709,#2710,#2711,#2712,#2713),
  .UNSPECIFIED.,.F.,.F.,(6,4,4,6),(0.,0.389934224552,0.789994423557,1.),
  .UNSPECIFIED.);
#2700 = CARTESIAN_POINT('',(9.271005859375,13.320995788574));
#2701 = CARTESIAN_POINT('',(9.327235795155,13.250476565522));
#2702 = CARTESIAN_POINT('',(9.388478012855,13.185438613617));
#2703 = CARTESIAN_POINT('',(9.454760477848,13.126706840637));
#2704 = CARTESIAN_POINT('',(9.525898309202,13.074970049272));
#2705 = CARTESIAN_POINT('',(9.67871553473,12.984985834571));
#2706 = CARTESIAN_POINT('',(9.760649232143,12.947106819351));
#2707 = CARTESIAN_POINT('',(9.846524205379,12.917281767189));
#2708 = CARTESIAN_POINT('',(9.935590174061,12.895310442911));
#2709 = CARTESIAN_POINT('',(10.07511404836,12.873062610175));
#2710 = CARTESIAN_POINT('',(10.123818774304,12.867437240058));
#2711 = CARTESIAN_POINT('',(10.173097485525,12.863776268052));
#2712 = CARTESIAN_POINT('',(10.222857127804,12.861991882324));
#2713 = CARTESIAN_POINT('',(10.273017578125,12.861991882324));
#2714 = ( GEOMETRIC_REPRESENTATION_CONTEXT(2) 
PARAMETRIC_REPRESENTATION_CONTEXT() REPRESENTATION_CONTEXT('2D SPACE',''
  ) );
#2715 = PCURVE('',#2716,#2723);
#2716 = SURFACE_OF_LINEAR_EXTRUSION('',#2717,#2721);
#2717 = B_SPLINE_CURVE_WITH_KNOTS('',2,(#2718,#2719,#2720),
  .UNSPECIFIED.,.F.,.F.,(3,3),(0.,1.),.PIECEWISE_BEZIER_KNOTS.);
#2718 = CARTESIAN_POINT('',(68.273017578125,-45.63800811767,32.9));
#2719 = CARTESIAN_POINT('',(67.637001953125,-45.63800811767,32.9));
#2720 = CARTESIAN_POINT('',(67.271005859375,-45.17900421142,32.9));
#2721 = VECTOR('',#2722,1.);
#2722 = DIRECTION('',(-0.,-0.,-1.));
#2723 = DEFINITIONAL_REPRESENTATION('',(#2724),#2739);
#2724 = B_SPLINE_CURVE_WITH_KNOTS('',5,(#2725,#2726,#2727,#2728,#2729,
    #2730,#2731,#2732,#2733,#2734,#2735,#2736,#2737,#2738),
  .UNSPECIFIED.,.F.,.F.,(6,4,4,6),(0.,0.389934224552,0.789994423557,1.),
  .UNSPECIFIED.);
#2725 = CARTESIAN_POINT('',(1.,-0.6));
#2726 = CARTESIAN_POINT('',(0.92318232798,-0.6));
#2727 = CARTESIAN_POINT('',(0.844959188148,-0.6));
#2728 = CARTESIAN_POINT('',(0.765690088549,-0.6));
#2729 = CARTESIAN_POINT('',(0.685838920966,-0.6));
#2730 = CARTESIAN_POINT('',(0.52408778866,-0.6));
#2731 = CARTESIAN_POINT('',(0.44215828162,-0.6));
#2732 = CARTESIAN_POINT('',(0.360855057852,-0.6));
#2733 = CARTESIAN_POINT('',(0.280675343712,-0.6));
#2734 = CARTESIAN_POINT('',(0.160700563192,-0.6));
#2735 = CARTESIAN_POINT('',(0.119810075324,-0.6));
#2736 = CARTESIAN_POINT('',(7.937682211763E-02,-0.6));
#2737 = CARTESIAN_POINT('',(3.943334750685E-02,-0.6));
#2738 = CARTESIAN_POINT('',(0.,-0.6));
#2739 = ( GEOMETRIC_REPRESENTATION_CONTEXT(2) 
PARAMETRIC_REPRESENTATION_CONTEXT() REPRESENTATION_CONTEXT('2D SPACE',''
  ) );
#2740 = ORIENTED_EDGE('',*,*,#2741,.F.);
#2741 = EDGE_CURVE('',#2742,#2679,#2744,.T.);
#2742 = VERTEX_POINT('',#2743);
#2743 = CARTESIAN_POINT('',(66.905009765625,-43.92199249267,33.5));
#2744 = SURFACE_CURVE('',#2745,(#2758,#2774),.PCURVE_S1.);
#2745 = B_SPLINE_CURVE_WITH_KNOTS('',6,(#2746,#2747,#2748,#2749,#2750,
    #2751,#2752,#2753,#2754,#2755,#2756,#2757),.UNSPECIFIED.,.F.,.F.,(7,
    5,7),(0.,0.526082401718,1.),.UNSPECIFIED.);
#2746 = CARTESIAN_POINT('',(66.905009765625,-43.92199249267,33.5));
#2747 = CARTESIAN_POINT('',(66.905009765625,-44.0460163164,33.5));
#2748 = CARTESIAN_POINT('',(66.910313890535,-44.16864574998,33.5));
#2749 = CARTESIAN_POINT('',(66.921487272251,-44.28950795795,33.5));
#2750 = CARTESIAN_POINT('',(66.939160991804,-44.40805367799,33.5));
#2751 = CARTESIAN_POINT('',(66.963992336219,-44.52357173703,33.5));
#2752 = CARTESIAN_POINT('',(67.025801004856,-44.73585329447,33.5));
#2753 = CARTESIAN_POINT('',(67.061332983903,-44.83335184203,33.5));
#2754 = CARTESIAN_POINT('',(67.103473509941,-44.92708578458,33.5));
#2755 = CARTESIAN_POINT('',(67.152483193147,-45.01636211115,33.5));
#2756 = CARTESIAN_POINT('',(67.208421671182,-45.10051597797,33.5));
#2757 = CARTESIAN_POINT('',(67.271005859375,-45.17900421142,33.5));
#2758 = PCURVE('',#1484,#2759);
#2759 = DEFINITIONAL_REPRESENTATION('',(#2760),#2773);
#2760 = B_SPLINE_CURVE_WITH_KNOTS('',6,(#2761,#2762,#2763,#2764,#2765,
    #2766,#2767,#2768,#2769,#2770,#2771,#2772),.UNSPECIFIED.,.F.,.F.,(7,
    5,7),(0.,0.526082401718,1.),.UNSPECIFIED.);
#2761 = CARTESIAN_POINT('',(8.905009765625,14.578007507324));
#2762 = CARTESIAN_POINT('',(8.905009765625,14.453983683591));
#2763 = CARTESIAN_POINT('',(8.910313890535,14.331354250014));
#2764 = CARTESIAN_POINT('',(8.921487272251,14.210492042041));
#2765 = CARTESIAN_POINT('',(8.939160991804,14.091946322008));
#2766 = CARTESIAN_POINT('',(8.963992336219,13.976428262962));
#2767 = CARTESIAN_POINT('',(9.025801004856,13.764146705528));
#2768 = CARTESIAN_POINT('',(9.061332983903,13.666648157961));
#2769 = CARTESIAN_POINT('',(9.103473509941,13.572914215416));
#2770 = CARTESIAN_POINT('',(9.152483193147,13.483637888843));
#2771 = CARTESIAN_POINT('',(9.208421671182,13.39948402203));
#2772 = CARTESIAN_POINT('',(9.271005859375,13.320995788574));
#2773 = ( GEOMETRIC_REPRESENTATION_CONTEXT(2) 
PARAMETRIC_REPRESENTATION_CONTEXT() REPRESENTATION_CONTEXT('2D SPACE',''
  ) );
#2774 = PCURVE('',#2775,#2782);
#2775 = SURFACE_OF_LINEAR_EXTRUSION('',#2776,#2780);
#2776 = B_SPLINE_CURVE_WITH_KNOTS('',2,(#2777,#2778,#2779),
  .UNSPECIFIED.,.F.,.F.,(3,3),(0.,1.),.PIECEWISE_BEZIER_KNOTS.);
#2777 = CARTESIAN_POINT('',(67.271005859375,-45.17900421142,32.9));
#2778 = CARTESIAN_POINT('',(66.905009765625,-44.72000030517,32.9));
#2779 = CARTESIAN_POINT('',(66.905009765625,-43.92199249267,32.9));
#2780 = VECTOR('',#2781,1.);
#2781 = DIRECTION('',(-0.,-0.,-1.));
#2782 = DEFINITIONAL_REPRESENTATION('',(#2783),#2796);
#2783 = B_SPLINE_CURVE_WITH_KNOTS('',6,(#2784,#2785,#2786,#2787,#2788,
    #2789,#2790,#2791,#2792,#2793,#2794,#2795),.UNSPECIFIED.,.F.,.F.,(7,
    5,7),(0.,0.526082401718,1.),.UNSPECIFIED.);
#2784 = CARTESIAN_POINT('',(1.,-0.6));
#2785 = CARTESIAN_POINT('',(0.922291598033,-0.6));
#2786 = CARTESIAN_POINT('',(0.842378608692,-0.6));
#2787 = CARTESIAN_POINT('',(0.760166660715,-0.6));
#2788 = CARTESIAN_POINT('',(0.675633651242,-0.6));
#2789 = CARTESIAN_POINT('',(0.588843715544,-0.6));
#2790 = CARTESIAN_POINT('',(0.419965769325,-0.6));
#2791 = CARTESIAN_POINT('',(0.338256014429,-0.6));
#2792 = CARTESIAN_POINT('',(0.255069731338,-0.6));
#2793 = CARTESIAN_POINT('',(0.170689887681,-0.6));
#2794 = CARTESIAN_POINT('',(8.549843736261E-02,-0.6));
#2795 = CARTESIAN_POINT('',(0.,-0.6));
#2796 = ( GEOMETRIC_REPRESENTATION_CONTEXT(2) 
PARAMETRIC_REPRESENTATION_CONTEXT() REPRESENTATION_CONTEXT('2D SPACE',''
  ) );
#2797 = ORIENTED_EDGE('',*,*,#2798,.F.);
#2798 = EDGE_CURVE('',#2799,#2742,#2801,.T.);
#2799 = VERTEX_POINT('',#2800);
#2800 = CARTESIAN_POINT('',(67.274013671875,-42.7189944458,33.5));
#2801 = SURFACE_CURVE('',#2802,(#2815,#2831),.PCURVE_S1.);
#2802 = B_SPLINE_CURVE_WITH_KNOTS('',6,(#2803,#2804,#2805,#2806,#2807,
    #2808,#2809,#2810,#2811,#2812,#2813,#2814),.UNSPECIFIED.,.F.,.F.,(7,
    5,7),(0.,0.483202751261,1.),.UNSPECIFIED.);
#2803 = CARTESIAN_POINT('',(67.274013671875,-42.7189944458,33.5));
#2804 = CARTESIAN_POINT('',(67.211083595929,-42.79624891658,33.5));
#2805 = CARTESIAN_POINT('',(67.154563063972,-42.87872291839,33.5));
#2806 = CARTESIAN_POINT('',(67.10480777636,-42.96600211559,33.5));
#2807 = CARTESIAN_POINT('',(67.061881829264,-43.05755421808,33.5));
#2808 = CARTESIAN_POINT('',(67.025636766379,-43.15277923445,33.5));
#2809 = CARTESIAN_POINT('',(66.963869453018,-43.35617313166,33.5));
#2810 = CARTESIAN_POINT('',(66.939261590104,-43.46480188418,33.5));
#2811 = CARTESIAN_POINT('',(66.921604708333,-43.57626121166,33.5));
#2812 = CARTESIAN_POINT('',(66.910369815113,-43.68992814086,33.5));
#2813 = CARTESIAN_POINT('',(66.905009765625,-43.80529600911,33.5));
#2814 = CARTESIAN_POINT('',(66.905009765625,-43.92199249267,33.5));
#2815 = PCURVE('',#1484,#2816);
#2816 = DEFINITIONAL_REPRESENTATION('',(#2817),#2830);
#2817 = B_SPLINE_CURVE_WITH_KNOTS('',6,(#2818,#2819,#2820,#2821,#2822,
    #2823,#2824,#2825,#2826,#2827,#2828,#2829),.UNSPECIFIED.,.F.,.F.,(7,
    5,7),(0.,0.483202751261,1.),.UNSPECIFIED.);
#2818 = CARTESIAN_POINT('',(9.274013671875,15.781005554199));
#2819 = CARTESIAN_POINT('',(9.211083595929,15.703751083418));
#2820 = CARTESIAN_POINT('',(9.154563063972,15.62127708161));
#2821 = CARTESIAN_POINT('',(9.10480777636,15.533997884406));
#2822 = CARTESIAN_POINT('',(9.061881829264,15.442445781914));
#2823 = CARTESIAN_POINT('',(9.025636766379,15.347220765543));
#2824 = CARTESIAN_POINT('',(8.963869453018,15.143826868339));
#2825 = CARTESIAN_POINT('',(8.939261590104,15.035198115813));
#2826 = CARTESIAN_POINT('',(8.921604708333,14.923738788339));
#2827 = CARTESIAN_POINT('',(8.910369815113,14.810071859135));
#2828 = CARTESIAN_POINT('',(8.905009765625,14.69470399089));
#2829 = CARTESIAN_POINT('',(8.905009765625,14.578007507324));
#2830 = ( GEOMETRIC_REPRESENTATION_CONTEXT(2) 
PARAMETRIC_REPRESENTATION_CONTEXT() REPRESENTATION_CONTEXT('2D SPACE',''
  ) );
#2831 = PCURVE('',#2832,#2839);
#2832 = SURFACE_OF_LINEAR_EXTRUSION('',#2833,#2837);
#2833 = B_SPLINE_CURVE_WITH_KNOTS('',2,(#2834,#2835,#2836),
  .UNSPECIFIED.,.F.,.F.,(3,3),(0.,1.),.PIECEWISE_BEZIER_KNOTS.);
#2834 = CARTESIAN_POINT('',(66.905009765625,-43.92199249267,32.9));
#2835 = CARTESIAN_POINT('',(66.905009765625,-43.17199249267,32.9));
#2836 = CARTESIAN_POINT('',(67.274013671875,-42.7189944458,32.9));
#2837 = VECTOR('',#2838,1.);
#2838 = DIRECTION('',(-0.,-0.,-1.));
#2839 = DEFINITIONAL_REPRESENTATION('',(#2840),#2853);
#2840 = B_SPLINE_CURVE_WITH_KNOTS('',6,(#2841,#2842,#2843,#2844,#2845,
    #2846,#2847,#2848,#2849,#2850,#2851,#2852),.UNSPECIFIED.,.F.,.F.,(7,
    5,7),(0.,0.483202751261,1.),.UNSPECIFIED.);
#2841 = CARTESIAN_POINT('',(1.,-0.6));
#2842 = CARTESIAN_POINT('',(0.914729797056,-0.6));
#2843 = CARTESIAN_POINT('',(0.829419160476,-0.6));
#2844 = CARTESIAN_POINT('',(0.744535176854,-0.6));
#2845 = CARTESIAN_POINT('',(0.660467099192,-0.6));
#2846 = CARTESIAN_POINT('',(0.577535262601,-0.6));
#2847 = CARTESIAN_POINT('',(0.408796027594,-0.6));
#2848 = CARTESIAN_POINT('',(0.323172693065,-0.6));
#2849 = CARTESIAN_POINT('',(0.239392088375,-0.6));
#2850 = CARTESIAN_POINT('',(0.157585680457,-0.6));
#2851 = CARTESIAN_POINT('',(7.779765571085E-02,-0.6));
#2852 = CARTESIAN_POINT('',(0.,-0.6));
#2853 = ( GEOMETRIC_REPRESENTATION_CONTEXT(2) 
PARAMETRIC_REPRESENTATION_CONTEXT() REPRESENTATION_CONTEXT('2D SPACE',''
  ) );
#2854 = ORIENTED_EDGE('',*,*,#2855,.F.);
#2855 = EDGE_CURVE('',#2856,#2799,#2858,.T.);
#2856 = VERTEX_POINT('',#2857);
#2857 = CARTESIAN_POINT('',(68.255009765625,-42.26599639892,33.5));
#2858 = SURFACE_CURVE('',#2859,(#2874,#2892),.PCURVE_S1.);
#2859 = B_SPLINE_CURVE_WITH_KNOTS('',5,(#2860,#2861,#2862,#2863,#2864,
    #2865,#2866,#2867,#2868,#2869,#2870,#2871,#2872,#2873),
  .UNSPECIFIED.,.F.,.F.,(6,4,4,6),(0.,0.189853649839,0.565379127921,1.),
  .UNSPECIFIED.);
#2860 = CARTESIAN_POINT('',(68.255009765625,-42.26599639892,33.5));
#2861 = CARTESIAN_POINT('',(68.210857773029,-42.26599639892,33.5));
#2862 = CARTESIAN_POINT('',(68.16702207249,-42.2674700275,33.5));
#2863 = CARTESIAN_POINT('',(68.12356035009,-42.27048052597,33.5));
#2864 = CARTESIAN_POINT('',(68.080537471936,-42.27508642305,33.5));
#2865 = CARTESIAN_POINT('',(67.953931253501,-42.2936888635,33.5));
#2866 = CARTESIAN_POINT('',(67.871812587378,-42.31246643768,33.5));
#2867 = CARTESIAN_POINT('',(67.792246910831,-42.33801579739,33.5));
#2868 = CARTESIAN_POINT('',(67.715795655286,-42.37047321866,33.5));
#2869 = CARTESIAN_POINT('',(67.558589730519,-42.4548468105,33.5));
#2870 = CARTESIAN_POINT('',(67.479020098452,-42.50903816886,33.5));
#2871 = CARTESIAN_POINT('',(67.404961653845,-42.57176561055,33.5));
#2872 = CARTESIAN_POINT('',(67.336641052328,-42.64211157126,33.5));
#2873 = CARTESIAN_POINT('',(67.274013671875,-42.7189944458,33.5));
#2874 = PCURVE('',#1484,#2875);
#2875 = DEFINITIONAL_REPRESENTATION('',(#2876),#2891);
#2876 = B_SPLINE_CURVE_WITH_KNOTS('',5,(#2877,#2878,#2879,#2880,#2881,
    #2882,#2883,#2884,#2885,#2886,#2887,#2888,#2889,#2890),
  .UNSPECIFIED.,.F.,.F.,(6,4,4,6),(0.,0.189853649839,0.565379127921,1.),
  .UNSPECIFIED.);
#2877 = CARTESIAN_POINT('',(10.255009765625,16.234003601074));
#2878 = CARTESIAN_POINT('',(10.210857773029,16.234003601074));
#2879 = CARTESIAN_POINT('',(10.16702207249,16.232529972495));
#2880 = CARTESIAN_POINT('',(10.12356035009,16.229519474024));
#2881 = CARTESIAN_POINT('',(10.080537471936,16.224913576944));
#2882 = CARTESIAN_POINT('',(9.953931253501,16.206311136491));
#2883 = CARTESIAN_POINT('',(9.871812587378,16.187533562317));
#2884 = CARTESIAN_POINT('',(9.792246910831,16.161984202603));
#2885 = CARTESIAN_POINT('',(9.715795655286,16.12952678134));
#2886 = CARTESIAN_POINT('',(9.558589730519,16.045153189495));
#2887 = CARTESIAN_POINT('',(9.479020098452,15.990961831139));
#2888 = CARTESIAN_POINT('',(9.404961653845,15.928234389446));
#2889 = CARTESIAN_POINT('',(9.336641052328,15.857888428732));
#2890 = CARTESIAN_POINT('',(9.274013671875,15.781005554199));
#2891 = ( GEOMETRIC_REPRESENTATION_CONTEXT(2) 
PARAMETRIC_REPRESENTATION_CONTEXT() REPRESENTATION_CONTEXT('2D SPACE',''
  ) );
#2892 = PCURVE('',#2893,#2900);
#2893 = SURFACE_OF_LINEAR_EXTRUSION('',#2894,#2898);
#2894 = B_SPLINE_CURVE_WITH_KNOTS('',2,(#2895,#2896,#2897),
  .UNSPECIFIED.,.F.,.F.,(3,3),(0.,1.),.PIECEWISE_BEZIER_KNOTS.);
#2895 = CARTESIAN_POINT('',(67.274013671875,-42.7189944458,32.9));
#2896 = CARTESIAN_POINT('',(67.643017578125,-42.26599639892,32.9));
#2897 = CARTESIAN_POINT('',(68.255009765625,-42.26599639892,32.9));
#2898 = VECTOR('',#2899,1.);
#2899 = DIRECTION('',(-0.,-0.,-1.));
#2900 = DEFINITIONAL_REPRESENTATION('',(#2901),#2916);
#2901 = B_SPLINE_CURVE_WITH_KNOTS('',5,(#2902,#2903,#2904,#2905,#2906,
    #2907,#2908,#2909,#2910,#2911,#2912,#2913,#2914,#2915),
  .UNSPECIFIED.,.F.,.F.,(6,4,4,6),(0.,0.189853649839,0.565379127921,1.),
  .UNSPECIFIED.);
#2902 = CARTESIAN_POINT('',(1.,-0.6));
#2903 = CARTESIAN_POINT('',(0.963927650142,-0.6));
#2904 = CARTESIAN_POINT('',(0.927467907485,-0.6));
#2905 = CARTESIAN_POINT('',(0.89064018684,-0.6));
#2906 = CARTESIAN_POINT('',(0.853471834378,-0.6));
#2907 = CARTESIAN_POINT('',(0.741881706613,-0.6));
#2908 = CARTESIAN_POINT('',(0.666561331504,-0.6));
#2909 = CARTESIAN_POINT('',(0.590359083932,-0.6));
#2910 = CARTESIAN_POINT('',(0.513673933808,-0.6));
#2911 = CARTESIAN_POINT('',(0.348260103715,-0.6));
#2912 = CARTESIAN_POINT('',(0.259502522876,-0.6));
#2913 = CARTESIAN_POINT('',(0.171506740919,-0.6));
#2914 = CARTESIAN_POINT('',(8.486005079146E-02,-0.6));
#2915 = CARTESIAN_POINT('',(0.,-0.6));
#2916 = ( GEOMETRIC_REPRESENTATION_CONTEXT(2) 
PARAMETRIC_REPRESENTATION_CONTEXT() REPRESENTATION_CONTEXT('2D SPACE',''
  ) );
#2917 = ORIENTED_EDGE('',*,*,#2918,.F.);
#2918 = EDGE_CURVE('',#2919,#2856,#2921,.T.);
#2919 = VERTEX_POINT('',#2920);
#2920 = CARTESIAN_POINT('',(69.221005859375,-42.75199249267,33.5));
#2921 = SURFACE_CURVE('',#2922,(#2937,#2955),.PCURVE_S1.);
#2922 = B_SPLINE_CURVE_WITH_KNOTS('',5,(#2923,#2924,#2925,#2926,#2927,
    #2928,#2929,#2930,#2931,#2932,#2933,#2934,#2935,#2936),
  .UNSPECIFIED.,.F.,.F.,(6,4,4,6),(0.,0.374414614511,0.776271921488,1.),
  .UNSPECIFIED.);
#2923 = CARTESIAN_POINT('',(69.221005859375,-42.75199249267,33.5));
#2924 = CARTESIAN_POINT('',(69.174068326784,-42.68025570602,33.5));
#2925 = CARTESIAN_POINT('',(69.121654559244,-42.61363626849,33.5));
#2926 = CARTESIAN_POINT('',(69.063629342793,-42.55305348588,33.5));
#2927 = CARTESIAN_POINT('',(69.000103704198,-42.49931190158,33.5));
#2928 = CARTESIAN_POINT('',(68.8582410719,-42.40290658126,33.5));
#2929 = CARTESIAN_POINT('',(68.779122086549,-42.36131809111,33.5));
#2930 = CARTESIAN_POINT('',(68.6950644941,-42.32856373865,33.5));
#2931 = CARTESIAN_POINT('',(68.60705903553,-42.30434605098,33.5));
#2932 = CARTESIAN_POINT('',(68.465441910339,-42.2789704974,33.5));
#2933 = CARTESIAN_POINT('',(68.413865587519,-42.27234739829,33.5));
#2934 = CARTESIAN_POINT('',(68.361513706862,-42.26806799676,33.5));
#2935 = CARTESIAN_POINT('',(68.308524191791,-42.26599639892,33.5));
#2936 = CARTESIAN_POINT('',(68.255009765625,-42.26599639892,33.5));
#2937 = PCURVE('',#1484,#2938);
#2938 = DEFINITIONAL_REPRESENTATION('',(#2939),#2954);
#2939 = B_SPLINE_CURVE_WITH_KNOTS('',5,(#2940,#2941,#2942,#2943,#2944,
    #2945,#2946,#2947,#2948,#2949,#2950,#2951,#2952,#2953),
  .UNSPECIFIED.,.F.,.F.,(6,4,4,6),(0.,0.374414614511,0.776271921488,1.),
  .UNSPECIFIED.);
#2940 = CARTESIAN_POINT('',(11.221005859375,15.748007507324));
#2941 = CARTESIAN_POINT('',(11.174068326784,15.819744293975));
#2942 = CARTESIAN_POINT('',(11.121654559244,15.886363731503));
#2943 = CARTESIAN_POINT('',(11.063629342793,15.946946514118));
#2944 = CARTESIAN_POINT('',(11.000103704198,16.000688098414));
#2945 = CARTESIAN_POINT('',(10.8582410719,16.097093418739));
#2946 = CARTESIAN_POINT('',(10.779122086549,16.138681908882));
#2947 = CARTESIAN_POINT('',(10.6950644941,16.171436261343));
#2948 = CARTESIAN_POINT('',(10.60705903553,16.195653949018));
#2949 = CARTESIAN_POINT('',(10.465441910339,16.221029502593));
#2950 = CARTESIAN_POINT('',(10.413865587519,16.227652601704));
#2951 = CARTESIAN_POINT('',(10.361513706862,16.231932003238));
#2952 = CARTESIAN_POINT('',(10.308524191791,16.234003601074));
#2953 = CARTESIAN_POINT('',(10.255009765625,16.234003601074));
#2954 = ( GEOMETRIC_REPRESENTATION_CONTEXT(2) 
PARAMETRIC_REPRESENTATION_CONTEXT() REPRESENTATION_CONTEXT('2D SPACE',''
  ) );
#2955 = PCURVE('',#2956,#2963);
#2956 = SURFACE_OF_LINEAR_EXTRUSION('',#2957,#2961);
#2957 = B_SPLINE_CURVE_WITH_KNOTS('',2,(#2958,#2959,#2960),
  .UNSPECIFIED.,.F.,.F.,(3,3),(0.,1.),.PIECEWISE_BEZIER_KNOTS.);
#2958 = CARTESIAN_POINT('',(68.255009765625,-42.26599639892,32.9));
#2959 = CARTESIAN_POINT('',(68.903017578125,-42.26599639892,32.9));
#2960 = CARTESIAN_POINT('',(69.221005859375,-42.75199249267,32.9));
#2961 = VECTOR('',#2962,1.);
#2962 = DIRECTION('',(-0.,-0.,-1.));
#2963 = DEFINITIONAL_REPRESENTATION('',(#2964),#2979);
#2964 = B_SPLINE_CURVE_WITH_KNOTS('',5,(#2965,#2966,#2967,#2968,#2969,
    #2970,#2971,#2972,#2973,#2974,#2975,#2976,#2977,#2978),
  .UNSPECIFIED.,.F.,.F.,(6,4,4,6),(0.,0.374414614511,0.776271921488,1.),
  .UNSPECIFIED.);
#2965 = CARTESIAN_POINT('',(1.,-0.6));
#2966 = CARTESIAN_POINT('',(0.92619612835,-0.6));
#2967 = CARTESIAN_POINT('',(0.85084809466,-0.6));
#2968 = CARTESIAN_POINT('',(0.774333246216,-0.6));
#2969 = CARTESIAN_POINT('',(0.69715879789,-0.6));
#2970 = CARTESIAN_POINT('',(0.537185853522,-0.6));
#2971 = CARTESIAN_POINT('',(0.454347360018,-0.6));
#2972 = CARTESIAN_POINT('',(0.372326977555,-0.6));
#2973 = CARTESIAN_POINT('',(0.291733294188,-0.6));
#2974 = CARTESIAN_POINT('',(0.169166409524,-0.6));
#2975 = CARTESIAN_POINT('',(0.12590011696,-0.6));
#2976 = CARTESIAN_POINT('',(8.326340687626E-02,-0.6));
#2977 = CARTESIAN_POINT('',(4.129149767465E-02,-0.6));
#2978 = CARTESIAN_POINT('',(0.,-0.6));
#2979 = ( GEOMETRIC_REPRESENTATION_CONTEXT(2) 
PARAMETRIC_REPRESENTATION_CONTEXT() REPRESENTATION_CONTEXT('2D SPACE',''
  ) );
#2980 = ORIENTED_EDGE('',*,*,#2981,.F.);
#2981 = EDGE_CURVE('',#2494,#2919,#2982,.T.);
#2982 = SURFACE_CURVE('',#2983,(#2987,#2993),.PCURVE_S1.);
#2983 = LINE('',#2984,#2985);
#2984 = CARTESIAN_POINT('',(69.221005859375,-50.62599624633,33.5));
#2985 = VECTOR('',#2986,1.);
#2986 = DIRECTION('',(0.,-1.,0.));
#2987 = PCURVE('',#1484,#2988);
#2988 = DEFINITIONAL_REPRESENTATION('',(#2989),#2992);
#2989 = B_SPLINE_CURVE_WITH_KNOTS('',1,(#2990,#2991),.UNSPECIFIED.,.F.,
  .F.,(2,2),(-9.499999847412,-7.874003753662),.PIECEWISE_BEZIER_KNOTS.);
#2990 = CARTESIAN_POINT('',(11.221005859375,17.374003601074));
#2991 = CARTESIAN_POINT('',(11.221005859375,15.748007507324));
#2992 = ( GEOMETRIC_REPRESENTATION_CONTEXT(2) 
PARAMETRIC_REPRESENTATION_CONTEXT() REPRESENTATION_CONTEXT('2D SPACE',''
  ) );
#2993 = PCURVE('',#2994,#2999);
#2994 = PLANE('',#2995);
#2995 = AXIS2_PLACEMENT_3D('',#2996,#2997,#2998);
#2996 = CARTESIAN_POINT('',(69.221005859375,-42.75199249267,32.9));
#2997 = DIRECTION('',(-1.,0.,0.));
#2998 = DIRECTION('',(0.,1.,0.));
#2999 = DEFINITIONAL_REPRESENTATION('',(#3000),#3003);
#3000 = B_SPLINE_CURVE_WITH_KNOTS('',1,(#3001,#3002),.UNSPECIFIED.,.F.,
  .F.,(2,2),(-9.499999847412,-7.874003753662),.PIECEWISE_BEZIER_KNOTS.);
#3001 = CARTESIAN_POINT('',(1.62599609375,-0.6));
#3002 = CARTESIAN_POINT('',(0.,-0.6));
#3003 = ( GEOMETRIC_REPRESENTATION_CONTEXT(2) 
PARAMETRIC_REPRESENTATION_CONTEXT() REPRESENTATION_CONTEXT('2D SPACE',''
  ) );
#3004 = FACE_BOUND('',#3005,.T.);
#3005 = EDGE_LOOP('',(#3006,#3034,#3060,#3086,#3128,#3167,#3242,#3284,
    #3323,#3386,#3443,#3469,#3495,#3521,#3572,#3623,#3674,#3725,#3751,
    #3777,#3803,#3854,#3905,#3956,#4007,#4033));
#3006 = ORIENTED_EDGE('',*,*,#3007,.F.);
#3007 = EDGE_CURVE('',#3008,#3010,#3012,.T.);
#3008 = VERTEX_POINT('',#3009);
#3009 = CARTESIAN_POINT('',(70.427021484375,-42.35599639892,33.5));
#3010 = VERTEX_POINT('',#3011);
#3011 = CARTESIAN_POINT('',(70.427021484375,-45.50000030517,33.5));
#3012 = SURFACE_CURVE('',#3013,(#3017,#3023),.PCURVE_S1.);
#3013 = LINE('',#3014,#3015);
#3014 = CARTESIAN_POINT('',(70.427021484375,-52.00000015258,33.5));
#3015 = VECTOR('',#3016,1.);
#3016 = DIRECTION('',(0.,-1.,0.));
#3017 = PCURVE('',#1484,#3018);
#3018 = DEFINITIONAL_REPRESENTATION('',(#3019),#3022);
#3019 = B_SPLINE_CURVE_WITH_KNOTS('',1,(#3020,#3021),.UNSPECIFIED.,.F.,
  .F.,(2,2),(-9.644003753662,-6.499999847412),.PIECEWISE_BEZIER_KNOTS.);
#3020 = CARTESIAN_POINT('',(12.427021484375,16.144003601074));
#3021 = CARTESIAN_POINT('',(12.427021484375,12.999999694824));
#3022 = ( GEOMETRIC_REPRESENTATION_CONTEXT(2) 
PARAMETRIC_REPRESENTATION_CONTEXT() REPRESENTATION_CONTEXT('2D SPACE',''
  ) );
#3023 = PCURVE('',#3024,#3029);
#3024 = PLANE('',#3025);
#3025 = AXIS2_PLACEMENT_3D('',#3026,#3027,#3028);
#3026 = CARTESIAN_POINT('',(70.427021484375,-45.50000030517,32.9));
#3027 = DIRECTION('',(-1.,0.,0.));
#3028 = DIRECTION('',(0.,1.,0.));
#3029 = DEFINITIONAL_REPRESENTATION('',(#3030),#3033);
#3030 = B_SPLINE_CURVE_WITH_KNOTS('',1,(#3031,#3032),.UNSPECIFIED.,.F.,
  .F.,(2,2),(-9.644003753662,-6.499999847412),.PIECEWISE_BEZIER_KNOTS.);
#3031 = CARTESIAN_POINT('',(3.14400390625,-0.6));
#3032 = CARTESIAN_POINT('',(0.,-0.6));
#3033 = ( GEOMETRIC_REPRESENTATION_CONTEXT(2) 
PARAMETRIC_REPRESENTATION_CONTEXT() REPRESENTATION_CONTEXT('2D SPACE',''
  ) );
#3034 = ORIENTED_EDGE('',*,*,#3035,.F.);
#3035 = EDGE_CURVE('',#3036,#3008,#3038,.T.);
#3036 = VERTEX_POINT('',#3037);
#3037 = CARTESIAN_POINT('',(70.889013671875,-42.35599639892,33.5));
#3038 = SURFACE_CURVE('',#3039,(#3043,#3049),.PCURVE_S1.);
#3039 = LINE('',#3040,#3041);
#3040 = CARTESIAN_POINT('',(64.213510742188,-42.35599639892,33.5));
#3041 = VECTOR('',#3042,1.);
#3042 = DIRECTION('',(-1.,0.,0.));
#3043 = PCURVE('',#1484,#3044);
#3044 = DEFINITIONAL_REPRESENTATION('',(#3045),#3048);
#3045 = B_SPLINE_CURVE_WITH_KNOTS('',1,(#3046,#3047),.UNSPECIFIED.,.F.,
  .F.,(2,2),(-6.675502929687,-6.213510742187),.PIECEWISE_BEZIER_KNOTS.);
#3046 = CARTESIAN_POINT('',(12.889013671875,16.144003601074));
#3047 = CARTESIAN_POINT('',(12.427021484375,16.144003601074));
#3048 = ( GEOMETRIC_REPRESENTATION_CONTEXT(2) 
PARAMETRIC_REPRESENTATION_CONTEXT() REPRESENTATION_CONTEXT('2D SPACE',''
  ) );
#3049 = PCURVE('',#3050,#3055);
#3050 = PLANE('',#3051);
#3051 = AXIS2_PLACEMENT_3D('',#3052,#3053,#3054);
#3052 = CARTESIAN_POINT('',(70.427021484375,-42.35599639892,32.9));
#3053 = DIRECTION('',(0.,1.,0.));
#3054 = DIRECTION('',(1.,0.,0.));
#3055 = DEFINITIONAL_REPRESENTATION('',(#3056),#3059);
#3056 = B_SPLINE_CURVE_WITH_KNOTS('',1,(#3057,#3058),.UNSPECIFIED.,.F.,
  .F.,(2,2),(-6.675502929687,-6.213510742187),.PIECEWISE_BEZIER_KNOTS.);
#3057 = CARTESIAN_POINT('',(0.4619921875,-0.6));
#3058 = CARTESIAN_POINT('',(0.,-0.6));
#3059 = ( GEOMETRIC_REPRESENTATION_CONTEXT(2) 
PARAMETRIC_REPRESENTATION_CONTEXT() REPRESENTATION_CONTEXT('2D SPACE',''
  ) );
#3060 = ORIENTED_EDGE('',*,*,#3061,.F.);
#3061 = EDGE_CURVE('',#3062,#3036,#3064,.T.);
#3062 = VERTEX_POINT('',#3063);
#3063 = CARTESIAN_POINT('',(70.889013671875,-42.80000030517,33.5));
#3064 = SURFACE_CURVE('',#3065,(#3069,#3075),.PCURVE_S1.);
#3065 = LINE('',#3066,#3067);
#3066 = CARTESIAN_POINT('',(70.889013671875,-50.42799819946,33.5));
#3067 = VECTOR('',#3068,1.);
#3068 = DIRECTION('',(0.,1.,0.));
#3069 = PCURVE('',#1484,#3070);
#3070 = DEFINITIONAL_REPRESENTATION('',(#3071),#3074);
#3071 = B_SPLINE_CURVE_WITH_KNOTS('',1,(#3072,#3073),.UNSPECIFIED.,.F.,
  .F.,(2,2),(7.627997894287,8.072001800537),.PIECEWISE_BEZIER_KNOTS.);
#3072 = CARTESIAN_POINT('',(12.889013671875,15.699999694824));
#3073 = CARTESIAN_POINT('',(12.889013671875,16.144003601074));
#3074 = ( GEOMETRIC_REPRESENTATION_CONTEXT(2) 
PARAMETRIC_REPRESENTATION_CONTEXT() REPRESENTATION_CONTEXT('2D SPACE',''
  ) );
#3075 = PCURVE('',#3076,#3081);
#3076 = PLANE('',#3077);
#3077 = AXIS2_PLACEMENT_3D('',#3078,#3079,#3080);
#3078 = CARTESIAN_POINT('',(70.889013671875,-42.35599639892,32.9));
#3079 = DIRECTION('',(1.,0.,0.));
#3080 = DIRECTION('',(0.,-1.,0.));
#3081 = DEFINITIONAL_REPRESENTATION('',(#3082),#3085);
#3082 = B_SPLINE_CURVE_WITH_KNOTS('',1,(#3083,#3084),.UNSPECIFIED.,.F.,
  .F.,(2,2),(7.627997894287,8.072001800537),.PIECEWISE_BEZIER_KNOTS.);
#3083 = CARTESIAN_POINT('',(0.44400390625,-0.6));
#3084 = CARTESIAN_POINT('',(0.,-0.6));
#3085 = ( GEOMETRIC_REPRESENTATION_CONTEXT(2) 
PARAMETRIC_REPRESENTATION_CONTEXT() REPRESENTATION_CONTEXT('2D SPACE',''
  ) );
#3086 = ORIENTED_EDGE('',*,*,#3087,.F.);
#3087 = EDGE_CURVE('',#3088,#3062,#3090,.T.);
#3088 = VERTEX_POINT('',#3089);
#3089 = CARTESIAN_POINT('',(71.318017578125,-42.3920022583,33.5));
#3090 = SURFACE_CURVE('',#3091,(#3099,#3110),.PCURVE_S1.);
#3091 = B_SPLINE_CURVE_WITH_KNOTS('',6,(#3092,#3093,#3094,#3095,#3096,
    #3097,#3098),.UNSPECIFIED.,.F.,.F.,(7,7),(0.,1.),
  .PIECEWISE_BEZIER_KNOTS.);
#3092 = CARTESIAN_POINT('',(71.318017578125,-42.3920022583,33.5));
#3093 = CARTESIAN_POINT('',(71.240339287812,-42.43550412374,33.5));
#3094 = CARTESIAN_POINT('',(71.164920161075,-42.48973676228,33.5));
#3095 = CARTESIAN_POINT('',(71.092003816804,-42.55412481447,33.5));
#3096 = CARTESIAN_POINT('',(71.02170395793,-42.62786604465,33.5));
#3097 = CARTESIAN_POINT('',(70.954050483434,-42.71010068954,33.5));
#3098 = CARTESIAN_POINT('',(70.889013671875,-42.80000030517,33.5));
#3099 = PCURVE('',#1484,#3100);
#3100 = DEFINITIONAL_REPRESENTATION('',(#3101),#3109);
#3101 = B_SPLINE_CURVE_WITH_KNOTS('',6,(#3102,#3103,#3104,#3105,#3106,
    #3107,#3108),.UNSPECIFIED.,.F.,.F.,(7,7),(0.,1.),
  .PIECEWISE_BEZIER_KNOTS.);
#3102 = CARTESIAN_POINT('',(13.318017578125,16.107997741699));
#3103 = CARTESIAN_POINT('',(13.240339287812,16.064495876252));
#3104 = CARTESIAN_POINT('',(13.164920161075,16.01026323772));
#3105 = CARTESIAN_POINT('',(13.092003816804,15.945875185526));
#3106 = CARTESIAN_POINT('',(13.02170395793,15.872133955341));
#3107 = CARTESIAN_POINT('',(12.954050483434,15.789899310457));
#3108 = CARTESIAN_POINT('',(12.889013671875,15.699999694824));
#3109 = ( GEOMETRIC_REPRESENTATION_CONTEXT(2) 
PARAMETRIC_REPRESENTATION_CONTEXT() REPRESENTATION_CONTEXT('2D SPACE',''
  ) );
#3110 = PCURVE('',#3111,#3118);
#3111 = SURFACE_OF_LINEAR_EXTRUSION('',#3112,#3116);
#3112 = B_SPLINE_CURVE_WITH_KNOTS('',2,(#3113,#3114,#3115),
  .UNSPECIFIED.,.F.,.F.,(3,3),(0.,1.),.PIECEWISE_BEZIER_KNOTS.);
#3113 = CARTESIAN_POINT('',(70.889013671875,-42.80000030517,32.9));
#3114 = CARTESIAN_POINT('',(71.093017578125,-42.51800811767,32.9));
#3115 = CARTESIAN_POINT('',(71.318017578125,-42.3920022583,32.9));
#3116 = VECTOR('',#3117,1.);
#3117 = DIRECTION('',(-0.,-0.,-1.));
#3118 = DEFINITIONAL_REPRESENTATION('',(#3119),#3127);
#3119 = B_SPLINE_CURVE_WITH_KNOTS('',6,(#3120,#3121,#3122,#3123,#3124,
    #3125,#3126),.UNSPECIFIED.,.F.,.F.,(7,7),(0.,1.),
  .PIECEWISE_BEZIER_KNOTS.);
#3120 = CARTESIAN_POINT('',(1.,-0.6));
#3121 = CARTESIAN_POINT('',(0.827381577083,-0.6));
#3122 = CARTESIAN_POINT('',(0.656446854623,-0.6));
#3123 = CARTESIAN_POINT('',(0.487859294817,-0.6));
#3124 = CARTESIAN_POINT('',(0.322077000179,-0.6));
#3125 = CARTESIAN_POINT('',(0.159400897645,-0.6));
#3126 = CARTESIAN_POINT('',(0.,-0.6));
#3127 = ( GEOMETRIC_REPRESENTATION_CONTEXT(2) 
PARAMETRIC_REPRESENTATION_CONTEXT() REPRESENTATION_CONTEXT('2D SPACE',''
  ) );
#3128 = ORIENTED_EDGE('',*,*,#3129,.F.);
#3129 = EDGE_CURVE('',#3130,#3088,#3132,.T.);
#3130 = VERTEX_POINT('',#3131);
#3131 = CARTESIAN_POINT('',(71.855029296875,-42.26599639892,33.5));
#3132 = SURFACE_CURVE('',#3133,(#3140,#3150),.PCURVE_S1.);
#3133 = B_SPLINE_CURVE_WITH_KNOTS('',5,(#3134,#3135,#3136,#3137,#3138,
    #3139),.UNSPECIFIED.,.F.,.F.,(6,6),(0.,1.),
  .PIECEWISE_BEZIER_KNOTS.);
#3134 = CARTESIAN_POINT('',(71.855029296875,-42.26599639892,33.5));
#3135 = CARTESIAN_POINT('',(71.733764783143,-42.26599639892,33.5));
#3136 = CARTESIAN_POINT('',(71.61839101198,-42.27789270347,33.5));
#3137 = CARTESIAN_POINT('',(71.509996869956,-42.30259444646,33.5));
#3138 = CARTESIAN_POINT('',(71.409629808353,-42.34069702363,33.5));
#3139 = CARTESIAN_POINT('',(71.318017578125,-42.3920022583,33.5));
#3140 = PCURVE('',#1484,#3141);
#3141 = DEFINITIONAL_REPRESENTATION('',(#3142),#3149);
#3142 = B_SPLINE_CURVE_WITH_KNOTS('',5,(#3143,#3144,#3145,#3146,#3147,
    #3148),.UNSPECIFIED.,.F.,.F.,(6,6),(0.,1.),
  .PIECEWISE_BEZIER_KNOTS.);
#3143 = CARTESIAN_POINT('',(13.855029296875,16.234003601074));
#3144 = CARTESIAN_POINT('',(13.733764783143,16.234003601074));
#3145 = CARTESIAN_POINT('',(13.61839101198,16.222107296523));
#3146 = CARTESIAN_POINT('',(13.509996869956,16.197405553539));
#3147 = CARTESIAN_POINT('',(13.409629808353,16.159302976362));
#3148 = CARTESIAN_POINT('',(13.318017578125,16.107997741699));
#3149 = ( GEOMETRIC_REPRESENTATION_CONTEXT(2) 
PARAMETRIC_REPRESENTATION_CONTEXT() REPRESENTATION_CONTEXT('2D SPACE',''
  ) );
#3150 = PCURVE('',#3151,#3158);
#3151 = SURFACE_OF_LINEAR_EXTRUSION('',#3152,#3156);
#3152 = B_SPLINE_CURVE_WITH_KNOTS('',2,(#3153,#3154,#3155),
  .UNSPECIFIED.,.F.,.F.,(3,3),(0.,1.),.PIECEWISE_BEZIER_KNOTS.);
#3153 = CARTESIAN_POINT('',(71.318017578125,-42.3920022583,32.9));
#3154 = CARTESIAN_POINT('',(71.543017578125,-42.26599639892,32.9));
#3155 = CARTESIAN_POINT('',(71.855029296875,-42.26599639892,32.9));
#3156 = VECTOR('',#3157,1.);
#3157 = DIRECTION('',(-0.,-0.,-1.));
#3158 = DEFINITIONAL_REPRESENTATION('',(#3159),#3166);
#3159 = B_SPLINE_CURVE_WITH_KNOTS('',5,(#3160,#3161,#3162,#3163,#3164,
    #3165),.UNSPECIFIED.,.F.,.F.,(6,6),(0.,1.),
  .PIECEWISE_BEZIER_KNOTS.);
#3160 = CARTESIAN_POINT('',(1.,-0.6));
#3161 = CARTESIAN_POINT('',(0.805673142314,-0.6));
#3162 = CARTESIAN_POINT('',(0.607621910267,-0.6));
#3163 = CARTESIAN_POINT('',(0.40658521186,-0.6));
#3164 = CARTESIAN_POINT('',(0.20358273384,-0.6));
#3165 = CARTESIAN_POINT('',(0.,-0.6));
#3166 = ( GEOMETRIC_REPRESENTATION_CONTEXT(2) 
PARAMETRIC_REPRESENTATION_CONTEXT() REPRESENTATION_CONTEXT('2D SPACE',''
  ) );
#3167 = ORIENTED_EDGE('',*,*,#3168,.F.);
#3168 = EDGE_CURVE('',#3169,#3130,#3171,.T.);
#3169 = VERTEX_POINT('',#3170);
#3170 = CARTESIAN_POINT('',(72.701025390625,-42.74599639892,33.5));
#3171 = SURFACE_CURVE('',#3172,(#3191,#3213),.PCURVE_S1.);
#3172 = B_SPLINE_CURVE_WITH_KNOTS('',5,(#3173,#3174,#3175,#3176,#3177,
    #3178,#3179,#3180,#3181,#3182,#3183,#3184,#3185,#3186,#3187,#3188,
    #3189,#3190),.UNSPECIFIED.,.F.,.F.,(6,4,4,4,6),(0.,0.144425575522,
    0.438965702742,0.803106485239,1.),.UNSPECIFIED.);
#3173 = CARTESIAN_POINT('',(72.701025390625,-42.74599639892,33.5));
#3174 = CARTESIAN_POINT('',(72.686285893155,-42.71919770914,33.5));
#3175 = CARTESIAN_POINT('',(72.67079007854,-42.69308493731,33.5));
#3176 = CARTESIAN_POINT('',(72.654522056613,-42.6677075213,33.5));
#3177 = CARTESIAN_POINT('',(72.637472044286,-42.64311462111,33.5));
#3178 = CARTESIAN_POINT('',(72.583262454168,-42.57090021907,33.5));
#3179 = CARTESIAN_POINT('',(72.543616357732,-42.52590399351,33.5));
#3180 = CARTESIAN_POINT('',(72.500683035972,-42.48479422316,33.5));
#3181 = CARTESIAN_POINT('',(72.454559639696,-42.44791672456,33.5));
#3182 = CARTESIAN_POINT('',(72.344897691057,-42.37531379993,33.5));
#3183 = CARTESIAN_POINT('',(72.279797110231,-42.34190525991,33.5));
#3184 = CARTESIAN_POINT('',(72.21074966676,-42.31558277347,33.5));
#3185 = CARTESIAN_POINT('',(72.138463527687,-42.29614489072,33.5));
#3186 = CARTESIAN_POINT('',(72.023218568148,-42.27611198225,33.5));
#3187 = CARTESIAN_POINT('',(71.982032053053,-42.27096180187,33.5));
#3188 = CARTESIAN_POINT('',(71.940209493622,-42.26762029088,33.5));
#3189 = CARTESIAN_POINT('',(71.897847765555,-42.26599639892,33.5));
#3190 = CARTESIAN_POINT('',(71.855029296875,-42.26599639892,33.5));
#3191 = PCURVE('',#1484,#3192);
#3192 = DEFINITIONAL_REPRESENTATION('',(#3193),#3212);
#3193 = B_SPLINE_CURVE_WITH_KNOTS('',5,(#3194,#3195,#3196,#3197,#3198,
    #3199,#3200,#3201,#3202,#3203,#3204,#3205,#3206,#3207,#3208,#3209,
    #3210,#3211),.UNSPECIFIED.,.F.,.F.,(6,4,4,4,6),(0.,0.144425575522,
    0.438965702742,0.803106485239,1.),.UNSPECIFIED.);
#3194 = CARTESIAN_POINT('',(14.701025390625,15.754003601074));
#3195 = CARTESIAN_POINT('',(14.686285893155,15.780802290859));
#3196 = CARTESIAN_POINT('',(14.67079007854,15.806915062681));
#3197 = CARTESIAN_POINT('',(14.654522056613,15.832292478694));
#3198 = CARTESIAN_POINT('',(14.637472044286,15.856885378886));
#3199 = CARTESIAN_POINT('',(14.583262454168,15.929099780921));
#3200 = CARTESIAN_POINT('',(14.543616357732,15.974096006486));
#3201 = CARTESIAN_POINT('',(14.500683035972,16.015205776834));
#3202 = CARTESIAN_POINT('',(14.454559639696,16.052083275432));
#3203 = CARTESIAN_POINT('',(14.344897691057,16.124686200068));
#3204 = CARTESIAN_POINT('',(14.279797110231,16.158094740088));
#3205 = CARTESIAN_POINT('',(14.21074966676,16.184417226529));
#3206 = CARTESIAN_POINT('',(14.138463527687,16.203855109273));
#3207 = CARTESIAN_POINT('',(14.023218568148,16.223888017747));
#3208 = CARTESIAN_POINT('',(13.982032053053,16.229038198123));
#3209 = CARTESIAN_POINT('',(13.940209493622,16.232379709116));
#3210 = CARTESIAN_POINT('',(13.897847765555,16.234003601074));
#3211 = CARTESIAN_POINT('',(13.855029296875,16.234003601074));
#3212 = ( GEOMETRIC_REPRESENTATION_CONTEXT(2) 
PARAMETRIC_REPRESENTATION_CONTEXT() REPRESENTATION_CONTEXT('2D SPACE',''
  ) );
#3213 = PCURVE('',#3214,#3221);
#3214 = SURFACE_OF_LINEAR_EXTRUSION('',#3215,#3219);
#3215 = B_SPLINE_CURVE_WITH_KNOTS('',2,(#3216,#3217,#3218),
  .UNSPECIFIED.,.F.,.F.,(3,3),(0.,1.),.PIECEWISE_BEZIER_KNOTS.);
#3216 = CARTESIAN_POINT('',(71.855029296875,-42.26599639892,32.9));
#3217 = CARTESIAN_POINT('',(72.437021484375,-42.26599639892,32.9));
#3218 = CARTESIAN_POINT('',(72.701025390625,-42.74599639892,32.9));
#3219 = VECTOR('',#3220,1.);
#3220 = DIRECTION('',(-0.,-0.,-1.));
#3221 = DEFINITIONAL_REPRESENTATION('',(#3222),#3241);
#3222 = B_SPLINE_CURVE_WITH_KNOTS('',5,(#3223,#3224,#3225,#3226,#3227,
    #3228,#3229,#3230,#3231,#3232,#3233,#3234,#3235,#3236,#3237,#3238,
    #3239,#3240),.UNSPECIFIED.,.F.,.F.,(6,4,4,4,6),(0.,0.144425575522,
    0.438965702742,0.803106485239,1.),.UNSPECIFIED.);
#3223 = CARTESIAN_POINT('',(1.,-0.6));
#3224 = CARTESIAN_POINT('',(0.972084698141,-0.6));
#3225 = CARTESIAN_POINT('',(0.943910017163,-0.6));
#3226 = CARTESIAN_POINT('',(0.915490442828,-0.6));
#3227 = CARTESIAN_POINT('',(0.886845549471,-0.6));
#3228 = CARTESIAN_POINT('',(0.799172664327,-0.6));
#3229 = CARTESIAN_POINT('',(0.739502621649,-0.6));
#3230 = CARTESIAN_POINT('',(0.679220419873,-0.6));
#3231 = CARTESIAN_POINT('',(0.618606342671,-0.6));
#3232 = CARTESIAN_POINT('',(0.483072209166,-0.6));
#3233 = CARTESIAN_POINT('',(0.408128829493,-0.6));
#3234 = CARTESIAN_POINT('',(0.333827618963,-0.6));
#3235 = CARTESIAN_POINT('',(0.260662322536,-0.6));
#3236 = CARTESIAN_POINT('',(0.150251671776,-0.6));
#3237 = CARTESIAN_POINT('',(0.111936394685,-0.6));
#3238 = CARTESIAN_POINT('',(7.410407508589E-02,-0.6));
#3239 = CARTESIAN_POINT('',(3.678611981397E-02,-0.6));
#3240 = CARTESIAN_POINT('',(0.,-0.6));
#3241 = ( GEOMETRIC_REPRESENTATION_CONTEXT(2) 
PARAMETRIC_REPRESENTATION_CONTEXT() REPRESENTATION_CONTEXT('2D SPACE',''
  ) );
#3242 = ORIENTED_EDGE('',*,*,#3243,.F.);
#3243 = EDGE_CURVE('',#3244,#3169,#3246,.T.);
#3244 = VERTEX_POINT('',#3245);
#3245 = CARTESIAN_POINT('',(73.1390234375,-42.3739944458,33.5));
#3246 = SURFACE_CURVE('',#3247,(#3255,#3266),.PCURVE_S1.);
#3247 = B_SPLINE_CURVE_WITH_KNOTS('',6,(#3248,#3249,#3250,#3251,#3252,
    #3253,#3254),.UNSPECIFIED.,.F.,.F.,(7,7),(0.,1.),
  .PIECEWISE_BEZIER_KNOTS.);
#3248 = CARTESIAN_POINT('',(73.1390234375,-42.3739944458,33.5));
#3249 = CARTESIAN_POINT('',(73.064041896506,-42.41148352134,33.5));
#3250 = CARTESIAN_POINT('',(72.989547420463,-42.45979171076,33.5));
#3251 = CARTESIAN_POINT('',(72.915829164016,-42.51826519483,33.5));
#3252 = CARTESIAN_POINT('',(72.843089889824,-42.58604031168,33.5));
#3253 = CARTESIAN_POINT('',(72.771463894394,-42.66222750437,33.5));
#3254 = CARTESIAN_POINT('',(72.701025390625,-42.74599639892,33.5));
#3255 = PCURVE('',#1484,#3256);
#3256 = DEFINITIONAL_REPRESENTATION('',(#3257),#3265);
#3257 = B_SPLINE_CURVE_WITH_KNOTS('',6,(#3258,#3259,#3260,#3261,#3262,
    #3263,#3264),.UNSPECIFIED.,.F.,.F.,(7,7),(0.,1.),
  .PIECEWISE_BEZIER_KNOTS.);
#3258 = CARTESIAN_POINT('',(15.1390234375,16.126005554199));
#3259 = CARTESIAN_POINT('',(15.064041896506,16.08851647866));
#3260 = CARTESIAN_POINT('',(14.989547420463,16.040208289236));
#3261 = CARTESIAN_POINT('',(14.915829164016,15.981734805167));
#3262 = CARTESIAN_POINT('',(14.843089889824,15.913959688314));
#3263 = CARTESIAN_POINT('',(14.771463894394,15.837772495624));
#3264 = CARTESIAN_POINT('',(14.701025390625,15.754003601074));
#3265 = ( GEOMETRIC_REPRESENTATION_CONTEXT(2) 
PARAMETRIC_REPRESENTATION_CONTEXT() REPRESENTATION_CONTEXT('2D SPACE',''
  ) );
#3266 = PCURVE('',#3267,#3274);
#3267 = SURFACE_OF_LINEAR_EXTRUSION('',#3268,#3272);
#3268 = B_SPLINE_CURVE_WITH_KNOTS('',2,(#3269,#3270,#3271),
  .UNSPECIFIED.,.F.,.F.,(3,3),(0.,1.),.PIECEWISE_BEZIER_KNOTS.);
#3269 = CARTESIAN_POINT('',(72.701025390625,-42.74599639892,32.9));
#3270 = CARTESIAN_POINT('',(72.923017578125,-42.48199249267,32.9));
#3271 = CARTESIAN_POINT('',(73.1390234375,-42.3739944458,32.9));
#3272 = VECTOR('',#3273,1.);
#3273 = DIRECTION('',(-0.,-0.,-1.));
#3274 = DEFINITIONAL_REPRESENTATION('',(#3275),#3283);
#3275 = B_SPLINE_CURVE_WITH_KNOTS('',6,(#3276,#3277,#3278,#3279,#3280,
    #3281,#3282),.UNSPECIFIED.,.F.,.F.,(7,7),(0.,1.),
  .PIECEWISE_BEZIER_KNOTS.);
#3276 = CARTESIAN_POINT('',(1.,-0.6));
#3277 = CARTESIAN_POINT('',(0.826436326286,-0.6));
#3278 = CARTESIAN_POINT('',(0.655001921087,-0.6));
#3279 = CARTESIAN_POINT('',(0.486319988084,-0.6));
#3280 = CARTESIAN_POINT('',(0.320790839899,-0.6));
#3281 = CARTESIAN_POINT('',(0.158650861912,-0.6));
#3282 = CARTESIAN_POINT('',(0.,-0.6));
#3283 = ( GEOMETRIC_REPRESENTATION_CONTEXT(2) 
PARAMETRIC_REPRESENTATION_CONTEXT() REPRESENTATION_CONTEXT('2D SPACE',''
  ) );
#3284 = ORIENTED_EDGE('',*,*,#3285,.F.);
#3285 = EDGE_CURVE('',#3286,#3244,#3288,.T.);
#3286 = VERTEX_POINT('',#3287);
#3287 = CARTESIAN_POINT('',(73.667021484375,-42.26599639892,33.5));
#3288 = SURFACE_CURVE('',#3289,(#3296,#3306),.PCURVE_S1.);
#3289 = B_SPLINE_CURVE_WITH_KNOTS('',5,(#3290,#3291,#3292,#3293,#3294,
    #3295),.UNSPECIFIED.,.F.,.F.,(6,6),(0.,1.),
  .PIECEWISE_BEZIER_KNOTS.);
#3290 = CARTESIAN_POINT('',(73.667021484375,-42.26599639892,33.5));
#3291 = CARTESIAN_POINT('',(73.546447434655,-42.26599639892,33.5));
#3292 = CARTESIAN_POINT('',(73.432308995049,-42.27607837887,33.5));
#3293 = CARTESIAN_POINT('',(73.325667118963,-42.29708237588,33.5));
#3294 = CARTESIAN_POINT('',(73.227629178665,-42.32969357815,33.5));
#3295 = CARTESIAN_POINT('',(73.1390234375,-42.3739944458,33.5));
#3296 = PCURVE('',#1484,#3297);
#3297 = DEFINITIONAL_REPRESENTATION('',(#3298),#3305);
#3298 = B_SPLINE_CURVE_WITH_KNOTS('',5,(#3299,#3300,#3301,#3302,#3303,
    #3304),.UNSPECIFIED.,.F.,.F.,(6,6),(0.,1.),
  .PIECEWISE_BEZIER_KNOTS.);
#3299 = CARTESIAN_POINT('',(15.667021484375,16.234003601074));
#3300 = CARTESIAN_POINT('',(15.546447434655,16.234003601074));
#3301 = CARTESIAN_POINT('',(15.432308995049,16.223921621126));
#3302 = CARTESIAN_POINT('',(15.325667118963,16.202917624116));
#3303 = CARTESIAN_POINT('',(15.227629178665,16.170306421849));
#3304 = CARTESIAN_POINT('',(15.1390234375,16.126005554199));
#3305 = ( GEOMETRIC_REPRESENTATION_CONTEXT(2) 
PARAMETRIC_REPRESENTATION_CONTEXT() REPRESENTATION_CONTEXT('2D SPACE',''
  ) );
#3306 = PCURVE('',#3307,#3314);
#3307 = SURFACE_OF_LINEAR_EXTRUSION('',#3308,#3312);
#3308 = B_SPLINE_CURVE_WITH_KNOTS('',2,(#3309,#3310,#3311),
  .UNSPECIFIED.,.F.,.F.,(3,3),(0.,1.),.PIECEWISE_BEZIER_KNOTS.);
#3309 = CARTESIAN_POINT('',(73.1390234375,-42.3739944458,32.9));
#3310 = CARTESIAN_POINT('',(73.355029296875,-42.26599639892,32.9));
#3311 = CARTESIAN_POINT('',(73.667021484375,-42.26599639892,32.9));
#3312 = VECTOR('',#3313,1.);
#3313 = DIRECTION('',(-0.,-0.,-1.));
#3314 = DEFINITIONAL_REPRESENTATION('',(#3315),#3322);
#3315 = B_SPLINE_CURVE_WITH_KNOTS('',5,(#3316,#3317,#3318,#3319,#3320,
    #3321),.UNSPECIFIED.,.F.,.F.,(6,6),(0.,1.),
  .PIECEWISE_BEZIER_KNOTS.);
#3316 = CARTESIAN_POINT('',(1.,-0.6));
#3317 = CARTESIAN_POINT('',(0.806767517664,-0.6));
#3318 = CARTESIAN_POINT('',(0.609488402597,-0.6));
#3319 = CARTESIAN_POINT('',(0.408666427968,-0.6));
#3320 = CARTESIAN_POINT('',(0.205100318624,-0.6));
#3321 = CARTESIAN_POINT('',(0.,-0.6));
#3322 = ( GEOMETRIC_REPRESENTATION_CONTEXT(2) 
PARAMETRIC_REPRESENTATION_CONTEXT() REPRESENTATION_CONTEXT('2D SPACE',''
  ) );
#3323 = ORIENTED_EDGE('',*,*,#3324,.F.);
#3324 = EDGE_CURVE('',#3325,#3286,#3327,.T.);
#3325 = VERTEX_POINT('',#3326);
#3326 = CARTESIAN_POINT('',(74.342021484375,-42.49099639892,33.5));
#3327 = SURFACE_CURVE('',#3328,(#3343,#3361),.PCURVE_S1.);
#3328 = B_SPLINE_CURVE_WITH_KNOTS('',5,(#3329,#3330,#3331,#3332,#3333,
    #3334,#3335,#3336,#3337,#3338,#3339,#3340,#3341,#3342),
  .UNSPECIFIED.,.F.,.F.,(6,4,4,6),(0.,3.085330429075E-02,0.502063924979,
    1.),.UNSPECIFIED.);
#3329 = CARTESIAN_POINT('',(74.342021484375,-42.49099639892,33.5));
#3330 = CARTESIAN_POINT('',(74.338988258483,-42.48811665916,33.5));
#3331 = CARTESIAN_POINT('',(74.335934249248,-42.48525976244,33.5));
#3332 = CARTESIAN_POINT('',(74.332859517137,-42.48242577759,33.5));
#3333 = CARTESIAN_POINT('',(74.329764126261,-42.47961476945,33.5));
#3334 = CARTESIAN_POINT('',(74.279058954424,-42.43424719996,33.5));
#3335 = CARTESIAN_POINT('',(74.22666163304,-42.39703649963,33.5));
#3336 = CARTESIAN_POINT('',(74.169712356166,-42.36542926039,33.5));
#3337 = CARTESIAN_POINT('',(74.108632636303,-42.33938624712,33.5));
#3338 = CARTESIAN_POINT('',(73.975545168537,-42.29684872436,33.5));
#3339 = CARTESIAN_POINT('',(73.903104917449,-42.28097717376,33.5));
#3340 = CARTESIAN_POINT('',(73.827170468969,-42.27084145887,33.5));
#3341 = CARTESIAN_POINT('',(73.748319433863,-42.26599639892,33.5));
#3342 = CARTESIAN_POINT('',(73.667021484375,-42.26599639892,33.5));
#3343 = PCURVE('',#1484,#3344);
#3344 = DEFINITIONAL_REPRESENTATION('',(#3345),#3360);
#3345 = B_SPLINE_CURVE_WITH_KNOTS('',5,(#3346,#3347,#3348,#3349,#3350,
    #3351,#3352,#3353,#3354,#3355,#3356,#3357,#3358,#3359),
  .UNSPECIFIED.,.F.,.F.,(6,4,4,6),(0.,3.085330429075E-02,0.502063924979,
    1.),.UNSPECIFIED.);
#3346 = CARTESIAN_POINT('',(16.342021484375,16.009003601074));
#3347 = CARTESIAN_POINT('',(16.338988258483,16.011883340837));
#3348 = CARTESIAN_POINT('',(16.335934249248,16.014740237551));
#3349 = CARTESIAN_POINT('',(16.332859517137,16.017574222405));
#3350 = CARTESIAN_POINT('',(16.329764126261,16.020385230545));
#3351 = CARTESIAN_POINT('',(16.279058954424,16.065752800037));
#3352 = CARTESIAN_POINT('',(16.22666163304,16.102963500364));
#3353 = CARTESIAN_POINT('',(16.169712356166,16.134570739609));
#3354 = CARTESIAN_POINT('',(16.108632636303,16.160613752874));
#3355 = CARTESIAN_POINT('',(15.975545168537,16.203151275636));
#3356 = CARTESIAN_POINT('',(15.903104917449,16.21902282624));
#3357 = CARTESIAN_POINT('',(15.827170468969,16.229158541127));
#3358 = CARTESIAN_POINT('',(15.748319433863,16.234003601074));
#3359 = CARTESIAN_POINT('',(15.667021484375,16.234003601074));
#3360 = ( GEOMETRIC_REPRESENTATION_CONTEXT(2) 
PARAMETRIC_REPRESENTATION_CONTEXT() REPRESENTATION_CONTEXT('2D SPACE',''
  ) );
#3361 = PCURVE('',#3362,#3369);
#3362 = SURFACE_OF_LINEAR_EXTRUSION('',#3363,#3367);
#3363 = B_SPLINE_CURVE_WITH_KNOTS('',2,(#3364,#3365,#3366),
  .UNSPECIFIED.,.F.,.F.,(3,3),(0.,1.),.PIECEWISE_BEZIER_KNOTS.);
#3364 = CARTESIAN_POINT('',(73.667021484375,-42.26599639892,32.9));
#3365 = CARTESIAN_POINT('',(74.105029296875,-42.26599639892,32.9));
#3366 = CARTESIAN_POINT('',(74.342021484375,-42.49099639892,32.9));
#3367 = VECTOR('',#3368,1.);
#3368 = DIRECTION('',(-0.,-0.,-1.));
#3369 = DEFINITIONAL_REPRESENTATION('',(#3370),#3385);
#3370 = B_SPLINE_CURVE_WITH_KNOTS('',5,(#3371,#3372,#3373,#3374,#3375,
    #3376,#3377,#3378,#3379,#3380,#3381,#3382,#3383,#3384),
  .UNSPECIFIED.,.F.,.F.,(6,4,4,6),(0.,3.085330429075E-02,0.502063924979,
    1.),.UNSPECIFIED.);
#3371 = CARTESIAN_POINT('',(1.,-0.6));
#3372 = CARTESIAN_POINT('',(0.993600578306,-0.6));
#3373 = CARTESIAN_POINT('',(0.987200728195,-0.6));
#3374 = CARTESIAN_POINT('',(0.980800588868,-0.6));
#3375 = CARTESIAN_POINT('',(0.974400299653,-0.6));
#3376 = CARTESIAN_POINT('',(0.870250691087,-0.6));
#3377 = CARTESIAN_POINT('',(0.772488206064,-0.6));
#3378 = CARTESIAN_POINT('',(0.675244196045,-0.6));
#3379 = CARTESIAN_POINT('',(0.578959817265,-0.6));
#3380 = CARTESIAN_POINT('',(0.38365438677,-0.6));
#3381 = CARTESIAN_POINT('',(0.284774942141,-0.6));
#3382 = CARTESIAN_POINT('',(0.187756439401,-0.6));
#3383 = CARTESIAN_POINT('',(9.280422308487E-02,-0.6));
#3384 = CARTESIAN_POINT('',(0.,-0.6));
#3385 = ( GEOMETRIC_REPRESENTATION_CONTEXT(2) 
PARAMETRIC_REPRESENTATION_CONTEXT() REPRESENTATION_CONTEXT('2D SPACE',''
  ) );
#3386 = ORIENTED_EDGE('',*,*,#3387,.F.);
#3387 = EDGE_CURVE('',#3388,#3325,#3390,.T.);
#3388 = VERTEX_POINT('',#3389);
#3389 = CARTESIAN_POINT('',(74.579013671875,-43.14199249267,33.5));
#3390 = SURFACE_CURVE('',#3391,(#3404,#3420),.PCURVE_S1.);
#3391 = B_SPLINE_CURVE_WITH_KNOTS('',6,(#3392,#3393,#3394,#3395,#3396,
    #3397,#3398,#3399,#3400,#3401,#3402,#3403),.UNSPECIFIED.,.F.,.F.,(7,
    5,7),(0.,0.889328244798,1.),.UNSPECIFIED.);
#3392 = CARTESIAN_POINT('',(74.579013671875,-43.14199249267,33.5));
#3393 = CARTESIAN_POINT('',(74.579013671875,-43.02388673862,33.5));
#3394 = CARTESIAN_POINT('',(74.568083664137,-42.91102734876,33.5));
#3395 = CARTESIAN_POINT('',(74.544827972436,-42.80503417679,33.5));
#3396 = CARTESIAN_POINT('',(74.508038608894,-42.70769098324,33.5));
#3397 = CARTESIAN_POINT('',(74.457130262141,-42.62065454524,33.5));
#3398 = CARTESIAN_POINT('',(74.384992095092,-42.53548239252,33.5));
#3399 = CARTESIAN_POINT('',(74.376802832119,-42.52623054126,33.5));
#3400 = CARTESIAN_POINT('',(74.368409379827,-42.51715466506,33.5));
#3401 = CARTESIAN_POINT('',(74.359813383402,-42.50825622298,33.5));
#3402 = CARTESIAN_POINT('',(74.351016717125,-42.49953645836,33.5));
#3403 = CARTESIAN_POINT('',(74.342021484375,-42.49099639892,33.5));
#3404 = PCURVE('',#1484,#3405);
#3405 = DEFINITIONAL_REPRESENTATION('',(#3406),#3419);
#3406 = B_SPLINE_CURVE_WITH_KNOTS('',6,(#3407,#3408,#3409,#3410,#3411,
    #3412,#3413,#3414,#3415,#3416,#3417,#3418),.UNSPECIFIED.,.F.,.F.,(7,
    5,7),(0.,0.889328244798,1.),.UNSPECIFIED.);
#3407 = CARTESIAN_POINT('',(16.579013671875,15.358007507324));
#3408 = CARTESIAN_POINT('',(16.579013671875,15.476113261375));
#3409 = CARTESIAN_POINT('',(16.568083664137,15.588972651233));
#3410 = CARTESIAN_POINT('',(16.544827972436,15.694965823202));
#3411 = CARTESIAN_POINT('',(16.508038608894,15.792309016753));
#3412 = CARTESIAN_POINT('',(16.457130262141,15.879345454755));
#3413 = CARTESIAN_POINT('',(16.384992095092,15.964517607476));
#3414 = CARTESIAN_POINT('',(16.376802832119,15.97376945874));
#3415 = CARTESIAN_POINT('',(16.368409379827,15.982845334932));
#3416 = CARTESIAN_POINT('',(16.359813383402,15.991743777017));
#3417 = CARTESIAN_POINT('',(16.351016717125,16.000463541631));
#3418 = CARTESIAN_POINT('',(16.342021484375,16.009003601074));
#3419 = ( GEOMETRIC_REPRESENTATION_CONTEXT(2) 
PARAMETRIC_REPRESENTATION_CONTEXT() REPRESENTATION_CONTEXT('2D SPACE',''
  ) );
#3420 = PCURVE('',#3421,#3428);
#3421 = SURFACE_OF_LINEAR_EXTRUSION('',#3422,#3426);
#3422 = B_SPLINE_CURVE_WITH_KNOTS('',2,(#3423,#3424,#3425),
  .UNSPECIFIED.,.F.,.F.,(3,3),(0.,1.),.PIECEWISE_BEZIER_KNOTS.);
#3423 = CARTESIAN_POINT('',(74.342021484375,-42.49099639892,32.9));
#3424 = CARTESIAN_POINT('',(74.579013671875,-42.71599639892,32.9));
#3425 = CARTESIAN_POINT('',(74.579013671875,-43.14199249267,32.9));
#3426 = VECTOR('',#3427,1.);
#3427 = DIRECTION('',(-0.,-0.,-1.));
#3428 = DEFINITIONAL_REPRESENTATION('',(#3429),#3442);
#3429 = B_SPLINE_CURVE_WITH_KNOTS('',6,(#3430,#3431,#3432,#3433,#3434,
    #3435,#3436,#3437,#3438,#3439,#3440,#3441),.UNSPECIFIED.,.F.,.F.,(7,
    5,7),(0.,0.889328244798,1.),.UNSPECIFIED.);
#3430 = CARTESIAN_POINT('',(1.,-0.6));
#3431 = CARTESIAN_POINT('',(0.861376951827,-0.6));
#3432 = CARTESIAN_POINT('',(0.71803142534,-0.6));
#3433 = CARTESIAN_POINT('',(0.570475353527,-0.6));
#3434 = CARTESIAN_POINT('',(0.419599883784,-0.6));
#3435 = CARTESIAN_POINT('',(0.266766961816,-0.6));
#3436 = CARTESIAN_POINT('',(9.498903537587E-02,-0.6));
#3437 = CARTESIAN_POINT('',(7.597798132038E-02,-0.6));
#3438 = CARTESIAN_POINT('',(5.697021310451E-02,-0.6));
#3439 = CARTESIAN_POINT('',(3.796908091896E-02,-0.6));
#3440 = CARTESIAN_POINT('',(1.89779098741E-02,-0.6));
#3441 = CARTESIAN_POINT('',(0.,-0.6));
#3442 = ( GEOMETRIC_REPRESENTATION_CONTEXT(2) 
PARAMETRIC_REPRESENTATION_CONTEXT() REPRESENTATION_CONTEXT('2D SPACE',''
  ) );
#3443 = ORIENTED_EDGE('',*,*,#3444,.F.);
#3444 = EDGE_CURVE('',#3445,#3388,#3447,.T.);
#3445 = VERTEX_POINT('',#3446);
#3446 = CARTESIAN_POINT('',(74.579013671875,-45.50000030517,33.5));
#3447 = SURFACE_CURVE('',#3448,(#3452,#3458),.PCURVE_S1.);
#3448 = LINE('',#3449,#3450);
#3449 = CARTESIAN_POINT('',(74.579013671875,-50.82099624633,33.5));
#3450 = VECTOR('',#3451,1.);
#3451 = DIRECTION('',(0.,1.,0.));
#3452 = PCURVE('',#1484,#3453);
#3453 = DEFINITIONAL_REPRESENTATION('',(#3454),#3457);
#3454 = B_SPLINE_CURVE_WITH_KNOTS('',1,(#3455,#3456),.UNSPECIFIED.,.F.,
  .F.,(2,2),(5.320995941162,7.679003753662),.PIECEWISE_BEZIER_KNOTS.);
#3455 = CARTESIAN_POINT('',(16.579013671875,12.999999694824));
#3456 = CARTESIAN_POINT('',(16.579013671875,15.358007507324));
#3457 = ( GEOMETRIC_REPRESENTATION_CONTEXT(2) 
PARAMETRIC_REPRESENTATION_CONTEXT() REPRESENTATION_CONTEXT('2D SPACE',''
  ) );
#3458 = PCURVE('',#3459,#3464);
#3459 = PLANE('',#3460);
#3460 = AXIS2_PLACEMENT_3D('',#3461,#3462,#3463);
#3461 = CARTESIAN_POINT('',(74.579013671875,-43.14199249267,32.9));
#3462 = DIRECTION('',(1.,0.,0.));
#3463 = DIRECTION('',(0.,-1.,0.));
#3464 = DEFINITIONAL_REPRESENTATION('',(#3465),#3468);
#3465 = B_SPLINE_CURVE_WITH_KNOTS('',1,(#3466,#3467),.UNSPECIFIED.,.F.,
  .F.,(2,2),(5.320995941162,7.679003753662),.PIECEWISE_BEZIER_KNOTS.);
#3466 = CARTESIAN_POINT('',(2.3580078125,-0.6));
#3467 = CARTESIAN_POINT('',(0.,-0.6));
#3468 = ( GEOMETRIC_REPRESENTATION_CONTEXT(2) 
PARAMETRIC_REPRESENTATION_CONTEXT() REPRESENTATION_CONTEXT('2D SPACE',''
  ) );
#3469 = ORIENTED_EDGE('',*,*,#3470,.F.);
#3470 = EDGE_CURVE('',#3471,#3445,#3473,.T.);
#3471 = VERTEX_POINT('',#3472);
#3472 = CARTESIAN_POINT('',(74.075029296875,-45.50000030517,33.5));
#3473 = SURFACE_CURVE('',#3474,(#3478,#3484),.PCURVE_S1.);
#3474 = LINE('',#3475,#3476);
#3475 = CARTESIAN_POINT('',(66.289506835938,-45.50000030517,33.5));
#3476 = VECTOR('',#3477,1.);
#3477 = DIRECTION('',(1.,0.,-0.));
#3478 = PCURVE('',#1484,#3479);
#3479 = DEFINITIONAL_REPRESENTATION('',(#3480),#3483);
#3480 = B_SPLINE_CURVE_WITH_KNOTS('',1,(#3481,#3482),.UNSPECIFIED.,.F.,
  .F.,(2,2),(7.785522460938,8.289506835938),.PIECEWISE_BEZIER_KNOTS.);
#3481 = CARTESIAN_POINT('',(16.075029296875,12.999999694824));
#3482 = CARTESIAN_POINT('',(16.579013671875,12.999999694824));
#3483 = ( GEOMETRIC_REPRESENTATION_CONTEXT(2) 
PARAMETRIC_REPRESENTATION_CONTEXT() REPRESENTATION_CONTEXT('2D SPACE',''
  ) );
#3484 = PCURVE('',#3485,#3490);
#3485 = PLANE('',#3486);
#3486 = AXIS2_PLACEMENT_3D('',#3487,#3488,#3489);
#3487 = CARTESIAN_POINT('',(74.579013671875,-45.50000030517,32.9));
#3488 = DIRECTION('',(0.,-1.,0.));
#3489 = DIRECTION('',(-1.,0.,0.));
#3490 = DEFINITIONAL_REPRESENTATION('',(#3491),#3494);
#3491 = B_SPLINE_CURVE_WITH_KNOTS('',1,(#3492,#3493),.UNSPECIFIED.,.F.,
  .F.,(2,2),(7.785522460938,8.289506835938),.PIECEWISE_BEZIER_KNOTS.);
#3492 = CARTESIAN_POINT('',(0.503984375,-0.6));
#3493 = CARTESIAN_POINT('',(0.,-0.6));
#3494 = ( GEOMETRIC_REPRESENTATION_CONTEXT(2) 
PARAMETRIC_REPRESENTATION_CONTEXT() REPRESENTATION_CONTEXT('2D SPACE',''
  ) );
#3495 = ORIENTED_EDGE('',*,*,#3496,.F.);
#3496 = EDGE_CURVE('',#3497,#3471,#3499,.T.);
#3497 = VERTEX_POINT('',#3498);
#3498 = CARTESIAN_POINT('',(74.075029296875,-43.33400421142,33.5));
#3499 = SURFACE_CURVE('',#3500,(#3504,#3510),.PCURVE_S1.);
#3500 = LINE('',#3501,#3502);
#3501 = CARTESIAN_POINT('',(74.075029296875,-52.00000015258,33.5));
#3502 = VECTOR('',#3503,1.);
#3503 = DIRECTION('',(0.,-1.,0.));
#3504 = PCURVE('',#1484,#3505);
#3505 = DEFINITIONAL_REPRESENTATION('',(#3506),#3509);
#3506 = B_SPLINE_CURVE_WITH_KNOTS('',1,(#3507,#3508),.UNSPECIFIED.,.F.,
  .F.,(2,2),(-8.665995941162,-6.499999847412),.PIECEWISE_BEZIER_KNOTS.);
#3507 = CARTESIAN_POINT('',(16.075029296875,15.165995788574));
#3508 = CARTESIAN_POINT('',(16.075029296875,12.999999694824));
#3509 = ( GEOMETRIC_REPRESENTATION_CONTEXT(2) 
PARAMETRIC_REPRESENTATION_CONTEXT() REPRESENTATION_CONTEXT('2D SPACE',''
  ) );
#3510 = PCURVE('',#3511,#3516);
#3511 = PLANE('',#3512);
#3512 = AXIS2_PLACEMENT_3D('',#3513,#3514,#3515);
#3513 = CARTESIAN_POINT('',(74.075029296875,-45.50000030517,32.9));
#3514 = DIRECTION('',(-1.,0.,0.));
#3515 = DIRECTION('',(0.,1.,0.));
#3516 = DEFINITIONAL_REPRESENTATION('',(#3517),#3520);
#3517 = B_SPLINE_CURVE_WITH_KNOTS('',1,(#3518,#3519),.UNSPECIFIED.,.F.,
  .F.,(2,2),(-8.665995941162,-6.499999847412),.PIECEWISE_BEZIER_KNOTS.);
#3518 = CARTESIAN_POINT('',(2.16599609375,-0.6));
#3519 = CARTESIAN_POINT('',(0.,-0.6));
#3520 = ( GEOMETRIC_REPRESENTATION_CONTEXT(2) 
PARAMETRIC_REPRESENTATION_CONTEXT() REPRESENTATION_CONTEXT('2D SPACE',''
  ) );
#3521 = ORIENTED_EDGE('',*,*,#3522,.F.);
#3522 = EDGE_CURVE('',#3523,#3497,#3525,.T.);
#3523 = VERTEX_POINT('',#3524);
#3524 = CARTESIAN_POINT('',(73.922021484375,-42.86900421142,33.5));
#3525 = SURFACE_CURVE('',#3526,(#3537,#3551),.PCURVE_S1.);
#3526 = B_SPLINE_CURVE_WITH_KNOTS('',5,(#3527,#3528,#3529,#3530,#3531,
    #3532,#3533,#3534,#3535,#3536),.UNSPECIFIED.,.F.,.F.,(6,4,6),(0.,
    0.474272437322,1.),.UNSPECIFIED.);
#3527 = CARTESIAN_POINT('',(73.922021484375,-42.86900421142,33.5));
#3528 = CARTESIAN_POINT('',(73.951651925554,-42.9009569772,33.5));
#3529 = CARTESIAN_POINT('',(73.977710772239,-42.93608973164,33.5));
#3530 = CARTESIAN_POINT('',(74.000107352576,-42.97431878226,33.5));
#3531 = CARTESIAN_POINT('',(74.018839471948,-43.01549657086,33.5));
#3532 = CARTESIAN_POINT('',(74.050749731653,-43.10812556867,33.5));
#3533 = CARTESIAN_POINT('',(74.063105738132,-43.1602097241,33.5));
#3534 = CARTESIAN_POINT('',(74.07113279883,-43.21541858091,33.5));
#3535 = CARTESIAN_POINT('',(74.075029296875,-43.27344834613,33.5));
#3536 = CARTESIAN_POINT('',(74.075029296875,-43.33400421142,33.5));
#3537 = PCURVE('',#1484,#3538);
#3538 = DEFINITIONAL_REPRESENTATION('',(#3539),#3550);
#3539 = B_SPLINE_CURVE_WITH_KNOTS('',5,(#3540,#3541,#3542,#3543,#3544,
    #3545,#3546,#3547,#3548,#3549),.UNSPECIFIED.,.F.,.F.,(6,4,6),(0.,
    0.474272437322,1.),.UNSPECIFIED.);
#3540 = CARTESIAN_POINT('',(15.922021484375,15.630995788574));
#3541 = CARTESIAN_POINT('',(15.951651925554,15.599043022799));
#3542 = CARTESIAN_POINT('',(15.977710772239,15.563910268358));
#3543 = CARTESIAN_POINT('',(16.000107352576,15.525681217738));
#3544 = CARTESIAN_POINT('',(16.018839471948,15.484503429132));
#3545 = CARTESIAN_POINT('',(16.050749731653,15.391874431323));
#3546 = CARTESIAN_POINT('',(16.063105738132,15.339790275899));
#3547 = CARTESIAN_POINT('',(16.07113279883,15.284581419084));
#3548 = CARTESIAN_POINT('',(16.075029296875,15.226551653863));
#3549 = CARTESIAN_POINT('',(16.075029296875,15.165995788574));
#3550 = ( GEOMETRIC_REPRESENTATION_CONTEXT(2) 
PARAMETRIC_REPRESENTATION_CONTEXT() REPRESENTATION_CONTEXT('2D SPACE',''
  ) );
#3551 = PCURVE('',#3552,#3559);
#3552 = SURFACE_OF_LINEAR_EXTRUSION('',#3553,#3557);
#3553 = B_SPLINE_CURVE_WITH_KNOTS('',2,(#3554,#3555,#3556),
  .UNSPECIFIED.,.F.,.F.,(3,3),(0.,1.),.PIECEWISE_BEZIER_KNOTS.);
#3554 = CARTESIAN_POINT('',(74.075029296875,-43.33400421142,32.9));
#3555 = CARTESIAN_POINT('',(74.075029296875,-43.03400421142,32.9));
#3556 = CARTESIAN_POINT('',(73.922021484375,-42.86900421142,32.9));
#3557 = VECTOR('',#3558,1.);
#3558 = DIRECTION('',(-0.,-0.,-1.));
#3559 = DEFINITIONAL_REPRESENTATION('',(#3560),#3571);
#3560 = B_SPLINE_CURVE_WITH_KNOTS('',5,(#3561,#3562,#3563,#3564,#3565,
    #3566,#3567,#3568,#3569,#3570),.UNSPECIFIED.,.F.,.F.,(6,4,6),(0.,
    0.474272437322,1.),.UNSPECIFIED.);
#3561 = CARTESIAN_POINT('',(1.,-0.6));
#3562 = CARTESIAN_POINT('',(0.903173437044,-0.6));
#3563 = CARTESIAN_POINT('',(0.806298969642,-0.6));
#3564 = CARTESIAN_POINT('',(0.709649419424,-0.6));
#3565 = CARTESIAN_POINT('',(0.613473943925,-0.6));
#3566 = CARTESIAN_POINT('',(0.412167824463,-0.6));
#3567 = CARTESIAN_POINT('',(0.307191228776,-0.6));
#3568 = CARTESIAN_POINT('',(0.203372569122,-0.6));
#3569 = CARTESIAN_POINT('',(0.100926442148,-0.6));
#3570 = CARTESIAN_POINT('',(0.,-0.6));
#3571 = ( GEOMETRIC_REPRESENTATION_CONTEXT(2) 
PARAMETRIC_REPRESENTATION_CONTEXT() REPRESENTATION_CONTEXT('2D SPACE',''
  ) );
#3572 = ORIENTED_EDGE('',*,*,#3573,.F.);
#3573 = EDGE_CURVE('',#3574,#3523,#3576,.T.);
#3574 = VERTEX_POINT('',#3575);
#3575 = CARTESIAN_POINT('',(73.493017578125,-42.70400421142,33.5));
#3576 = SURFACE_CURVE('',#3577,(#3588,#3602),.PCURVE_S1.);
#3577 = B_SPLINE_CURVE_WITH_KNOTS('',5,(#3578,#3579,#3580,#3581,#3582,
    #3583,#3584,#3585,#3586,#3587),.UNSPECIFIED.,.F.,.F.,(6,4,6),(0.,
    0.804194595986,1.),.UNSPECIFIED.);
#3578 = CARTESIAN_POINT('',(73.493017578125,-42.70400421142,33.5));
#3579 = CARTESIAN_POINT('',(73.579045340853,-42.70400421142,33.5));
#3580 = CARTESIAN_POINT('',(73.659374329522,-42.71402373512,33.5));
#3581 = CARTESIAN_POINT('',(73.732955180662,-42.7348853305,33.5));
#3582 = CARTESIAN_POINT('',(73.798862945065,-42.7670480422,33.5));
#3583 = CARTESIAN_POINT('',(73.870668716044,-42.8206231712,33.5));
#3584 = CARTESIAN_POINT('',(73.884245574558,-42.83176152428,33.5));
#3585 = CARTESIAN_POINT('',(73.897332787704,-42.84354300006,33.5));
#3586 = CARTESIAN_POINT('',(73.909925687601,-42.85596039075,33.5));
#3587 = CARTESIAN_POINT('',(73.922021484375,-42.86900421142,33.5));
#3588 = PCURVE('',#1484,#3589);
#3589 = DEFINITIONAL_REPRESENTATION('',(#3590),#3601);
#3590 = B_SPLINE_CURVE_WITH_KNOTS('',5,(#3591,#3592,#3593,#3594,#3595,
    #3596,#3597,#3598,#3599,#3600),.UNSPECIFIED.,.F.,.F.,(6,4,6),(0.,
    0.804194595986,1.),.UNSPECIFIED.);
#3591 = CARTESIAN_POINT('',(15.493017578125,15.795995788574));
#3592 = CARTESIAN_POINT('',(15.579045340853,15.795995788574));
#3593 = CARTESIAN_POINT('',(15.659374329522,15.78597626488));
#3594 = CARTESIAN_POINT('',(15.732955180662,15.765114669498));
#3595 = CARTESIAN_POINT('',(15.798862945065,15.732951957797));
#3596 = CARTESIAN_POINT('',(15.870668716044,15.679376828795));
#3597 = CARTESIAN_POINT('',(15.884245574558,15.668238475712));
#3598 = CARTESIAN_POINT('',(15.897332787704,15.656456999937));
#3599 = CARTESIAN_POINT('',(15.909925687601,15.644039609246));
#3600 = CARTESIAN_POINT('',(15.922021484375,15.630995788574));
#3601 = ( GEOMETRIC_REPRESENTATION_CONTEXT(2) 
PARAMETRIC_REPRESENTATION_CONTEXT() REPRESENTATION_CONTEXT('2D SPACE',''
  ) );
#3602 = PCURVE('',#3603,#3610);
#3603 = SURFACE_OF_LINEAR_EXTRUSION('',#3604,#3608);
#3604 = B_SPLINE_CURVE_WITH_KNOTS('',2,(#3605,#3606,#3607),
  .UNSPECIFIED.,.F.,.F.,(3,3),(0.,1.),.PIECEWISE_BEZIER_KNOTS.);
#3605 = CARTESIAN_POINT('',(73.922021484375,-42.86900421142,32.9));
#3606 = CARTESIAN_POINT('',(73.769013671875,-42.70400421142,32.9));
#3607 = CARTESIAN_POINT('',(73.493017578125,-42.70400421142,32.9));
#3608 = VECTOR('',#3609,1.);
#3609 = DIRECTION('',(-0.,-0.,-1.));
#3610 = DEFINITIONAL_REPRESENTATION('',(#3611),#3622);
#3611 = B_SPLINE_CURVE_WITH_KNOTS('',5,(#3612,#3613,#3614,#3615,#3616,
    #3617,#3618,#3619,#3620,#3621),.UNSPECIFIED.,.F.,.F.,(6,4,6),(0.,
    0.804194595986,1.),.UNSPECIFIED.);
#3612 = CARTESIAN_POINT('',(1.,-0.6));
#3613 = CARTESIAN_POINT('',(0.844150398003,-0.6));
#3614 = CARTESIAN_POINT('',(0.685094928515,-0.6));
#3615 = CARTESIAN_POINT('',(0.523623910239,-0.6));
#3616 = CARTESIAN_POINT('',(0.360793127872,-0.6));
#3617 = CARTESIAN_POINT('',(0.158363108217,-0.6));
#3618 = CARTESIAN_POINT('',(0.11872630924,-0.6));
#3619 = CARTESIAN_POINT('',(7.910811978642E-02,-0.6));
#3620 = CARTESIAN_POINT('',(3.952672930975E-02,-0.6));
#3621 = CARTESIAN_POINT('',(0.,-0.6));
#3622 = ( GEOMETRIC_REPRESENTATION_CONTEXT(2) 
PARAMETRIC_REPRESENTATION_CONTEXT() REPRESENTATION_CONTEXT('2D SPACE',''
  ) );
#3623 = ORIENTED_EDGE('',*,*,#3624,.F.);
#3624 = EDGE_CURVE('',#3625,#3574,#3627,.T.);
#3625 = VERTEX_POINT('',#3626);
#3626 = CARTESIAN_POINT('',(72.971025390625,-42.94400421142,33.5));
#3627 = SURFACE_CURVE('',#3628,(#3639,#3653),.PCURVE_S1.);
#3628 = B_SPLINE_CURVE_WITH_KNOTS('',5,(#3629,#3630,#3631,#3632,#3633,
    #3634,#3635,#3636,#3637,#3638),.UNSPECIFIED.,.F.,.F.,(6,4,6),(0.,
    0.581270754129,1.),.UNSPECIFIED.);
#3629 = CARTESIAN_POINT('',(72.971025390625,-42.94400421142,33.5));
#3630 = CARTESIAN_POINT('',(73.020076678716,-42.88950179456,33.5));
#3631 = CARTESIAN_POINT('',(73.07278686992,-42.84189289345,33.5));
#3632 = CARTESIAN_POINT('',(73.129132113514,-42.80188101406,33.5));
#3633 = CARTESIAN_POINT('',(73.188950552009,-42.76998319478,33.5));
#3634 = CARTESIAN_POINT('',(73.297172592976,-42.72930854671,33.5));
#3635 = CARTESIAN_POINT('',(73.344096906045,-42.71655822732,33.5));
#3636 = CARTESIAN_POINT('',(73.392490990619,-42.70814269076,33.5));
#3637 = CARTESIAN_POINT('',(73.442190957828,-42.70400421142,33.5));
#3638 = CARTESIAN_POINT('',(73.493017578125,-42.70400421142,33.5));
#3639 = PCURVE('',#1484,#3640);
#3640 = DEFINITIONAL_REPRESENTATION('',(#3641),#3652);
#3641 = B_SPLINE_CURVE_WITH_KNOTS('',5,(#3642,#3643,#3644,#3645,#3646,
    #3647,#3648,#3649,#3650,#3651),.UNSPECIFIED.,.F.,.F.,(6,4,6),(0.,
    0.581270754129,1.),.UNSPECIFIED.);
#3642 = CARTESIAN_POINT('',(14.971025390625,15.555995788574));
#3643 = CARTESIAN_POINT('',(15.020076678716,15.610498205435));
#3644 = CARTESIAN_POINT('',(15.07278686992,15.658107106541));
#3645 = CARTESIAN_POINT('',(15.129132113514,15.698118985931));
#3646 = CARTESIAN_POINT('',(15.188950552009,15.730016805211));
#3647 = CARTESIAN_POINT('',(15.297172592976,15.77069145329));
#3648 = CARTESIAN_POINT('',(15.344096906045,15.78344177268));
#3649 = CARTESIAN_POINT('',(15.392490990619,15.791857309234));
#3650 = CARTESIAN_POINT('',(15.442190957828,15.795995788574));
#3651 = CARTESIAN_POINT('',(15.493017578125,15.795995788574));
#3652 = ( GEOMETRIC_REPRESENTATION_CONTEXT(2) 
PARAMETRIC_REPRESENTATION_CONTEXT() REPRESENTATION_CONTEXT('2D SPACE',''
  ) );
#3653 = PCURVE('',#3654,#3661);
#3654 = SURFACE_OF_LINEAR_EXTRUSION('',#3655,#3659);
#3655 = B_SPLINE_CURVE_WITH_KNOTS('',2,(#3656,#3657,#3658),
  .UNSPECIFIED.,.F.,.F.,(3,3),(0.,1.),.PIECEWISE_BEZIER_KNOTS.);
#3656 = CARTESIAN_POINT('',(73.493017578125,-42.70400421142,32.9));
#3657 = CARTESIAN_POINT('',(73.187021484375,-42.70400421142,32.9));
#3658 = CARTESIAN_POINT('',(72.971025390625,-42.94400421142,32.9));
#3659 = VECTOR('',#3660,1.);
#3660 = DIRECTION('',(-0.,-0.,-1.));
#3661 = DEFINITIONAL_REPRESENTATION('',(#3662),#3673);
#3662 = B_SPLINE_CURVE_WITH_KNOTS('',5,(#3663,#3664,#3665,#3666,#3667,
    #3668,#3669,#3670,#3671,#3672),.UNSPECIFIED.,.F.,.F.,(6,4,6),(0.,
    0.581270754129,1.),.UNSPECIFIED.);
#3663 = CARTESIAN_POINT('',(1.,-0.6));
#3664 = CARTESIAN_POINT('',(0.886453298208,-0.6));
#3665 = CARTESIAN_POINT('',(0.771151942144,-0.6));
#3666 = CARTESIAN_POINT('',(0.654565979411,-0.6));
#3667 = CARTESIAN_POINT('',(0.537276703189,-0.6));
#3668 = CARTESIAN_POINT('',(0.33551753613,-0.6));
#3669 = CARTESIAN_POINT('',(0.251030047733,-0.6));
#3670 = CARTESIAN_POINT('',(0.166797092093,-0.6));
#3671 = CARTESIAN_POINT('',(8.305109335609E-02,-0.6));
#3672 = CARTESIAN_POINT('',(0.,-0.6));
#3673 = ( GEOMETRIC_REPRESENTATION_CONTEXT(2) 
PARAMETRIC_REPRESENTATION_CONTEXT() REPRESENTATION_CONTEXT('2D SPACE',''
  ) );
#3674 = ORIENTED_EDGE('',*,*,#3675,.F.);
#3675 = EDGE_CURVE('',#3676,#3625,#3678,.T.);
#3676 = VERTEX_POINT('',#3677);
#3677 = CARTESIAN_POINT('',(72.755029296875,-43.52599639892,33.5));
#3678 = SURFACE_CURVE('',#3679,(#3690,#3704),.PCURVE_S1.);
#3679 = B_SPLINE_CURVE_WITH_KNOTS('',5,(#3680,#3681,#3682,#3683,#3684,
    #3685,#3686,#3687,#3688,#3689),.UNSPECIFIED.,.F.,.F.,(6,4,6),(0.,
    0.613416663001,1.),.UNSPECIFIED.);
#3680 = CARTESIAN_POINT('',(72.755029296875,-43.52599639892,33.5));
#3681 = CARTESIAN_POINT('',(72.755029296875,-43.44392149711,33.5));
#3682 = CARTESIAN_POINT('',(72.762804562836,-43.36433613995,33.5));
#3683 = CARTESIAN_POINT('',(72.778802811162,-43.28777482816,33.5));
#3684 = CARTESIAN_POINT('',(72.803240677352,-43.21473304826,33.5));
#3685 = CARTESIAN_POINT('',(72.856530166262,-43.10202902645,33.5));
#3686 = CARTESIAN_POINT('',(72.880409919234,-43.06000720024,33.5));
#3687 = CARTESIAN_POINT('',(72.907524379702,-43.01962707852,33.5));
#3688 = CARTESIAN_POINT('',(72.937775960913,-42.98094869033,33.5));
#3689 = CARTESIAN_POINT('',(72.971025390625,-42.94400421142,33.5));
#3690 = PCURVE('',#1484,#3691);
#3691 = DEFINITIONAL_REPRESENTATION('',(#3692),#3703);
#3692 = B_SPLINE_CURVE_WITH_KNOTS('',5,(#3693,#3694,#3695,#3696,#3697,
    #3698,#3699,#3700,#3701,#3702),.UNSPECIFIED.,.F.,.F.,(6,4,6),(0.,
    0.613416663001,1.),.UNSPECIFIED.);
#3693 = CARTESIAN_POINT('',(14.755029296875,14.974003601074));
#3694 = CARTESIAN_POINT('',(14.755029296875,15.056078502883));
#3695 = CARTESIAN_POINT('',(14.762804562836,15.135663860047));
#3696 = CARTESIAN_POINT('',(14.778802811162,15.212225171838));
#3697 = CARTESIAN_POINT('',(14.803240677352,15.285266951735));
#3698 = CARTESIAN_POINT('',(14.856530166262,15.397970973543));
#3699 = CARTESIAN_POINT('',(14.880409919234,15.439992799758));
#3700 = CARTESIAN_POINT('',(14.907524379702,15.480372921479));
#3701 = CARTESIAN_POINT('',(14.937775960913,15.519051309661));
#3702 = CARTESIAN_POINT('',(14.971025390625,15.555995788574));
#3703 = ( GEOMETRIC_REPRESENTATION_CONTEXT(2) 
PARAMETRIC_REPRESENTATION_CONTEXT() REPRESENTATION_CONTEXT('2D SPACE',''
  ) );
#3704 = PCURVE('',#3705,#3712);
#3705 = SURFACE_OF_LINEAR_EXTRUSION('',#3706,#3710);
#3706 = B_SPLINE_CURVE_WITH_KNOTS('',2,(#3707,#3708,#3709),
  .UNSPECIFIED.,.F.,.F.,(3,3),(0.,1.),.PIECEWISE_BEZIER_KNOTS.);
#3707 = CARTESIAN_POINT('',(72.971025390625,-42.94400421142,32.9));
#3708 = CARTESIAN_POINT('',(72.755029296875,-43.18400421142,32.9));
#3709 = CARTESIAN_POINT('',(72.755029296875,-43.52599639892,32.9));
#3710 = VECTOR('',#3711,1.);
#3711 = DIRECTION('',(-0.,-0.,-1.));
#3712 = DEFINITIONAL_REPRESENTATION('',(#3713),#3724);
#3713 = B_SPLINE_CURVE_WITH_KNOTS('',5,(#3714,#3715,#3716,#3717,#3718,
    #3719,#3720,#3721,#3722,#3723),.UNSPECIFIED.,.F.,.F.,(6,4,6),(0.,
    0.613416663001,1.),.UNSPECIFIED.);
#3714 = CARTESIAN_POINT('',(1.,-0.6));
#3715 = CARTESIAN_POINT('',(0.880004712376,-0.6));
#3716 = CARTESIAN_POINT('',(0.758281470223,-0.6));
#3717 = CARTESIAN_POINT('',(0.635302640272,-0.6));
#3718 = CARTESIAN_POINT('',(0.511643078359,-0.6));
#3719 = CARTESIAN_POINT('',(0.310078488062,-0.6));
#3720 = CARTESIAN_POINT('',(0.232156069964,-0.6));
#3721 = CARTESIAN_POINT('',(0.154400750865,-0.6));
#3722 = CARTESIAN_POINT('',(7.696766440303E-02,-0.6));
#3723 = CARTESIAN_POINT('',(0.,-0.6));
#3724 = ( GEOMETRIC_REPRESENTATION_CONTEXT(2) 
PARAMETRIC_REPRESENTATION_CONTEXT() REPRESENTATION_CONTEXT('2D SPACE',''
  ) );
#3725 = ORIENTED_EDGE('',*,*,#3726,.F.);
#3726 = EDGE_CURVE('',#3727,#3676,#3729,.T.);
#3727 = VERTEX_POINT('',#3728);
#3728 = CARTESIAN_POINT('',(72.755029296875,-45.50000030517,33.5));
#3729 = SURFACE_CURVE('',#3730,(#3734,#3740),.PCURVE_S1.);
#3730 = LINE('',#3731,#3732);
#3731 = CARTESIAN_POINT('',(72.755029296875,-51.01299819946,33.5));
#3732 = VECTOR('',#3733,1.);
#3733 = DIRECTION('',(0.,1.,0.));
#3734 = PCURVE('',#1484,#3735);
#3735 = DEFINITIONAL_REPRESENTATION('',(#3736),#3739);
#3736 = B_SPLINE_CURVE_WITH_KNOTS('',1,(#3737,#3738),.UNSPECIFIED.,.F.,
  .F.,(2,2),(5.512997894287,7.487001800537),.PIECEWISE_BEZIER_KNOTS.);
#3737 = CARTESIAN_POINT('',(14.755029296875,12.999999694824));
#3738 = CARTESIAN_POINT('',(14.755029296875,14.974003601074));
#3739 = ( GEOMETRIC_REPRESENTATION_CONTEXT(2) 
PARAMETRIC_REPRESENTATION_CONTEXT() REPRESENTATION_CONTEXT('2D SPACE',''
  ) );
#3740 = PCURVE('',#3741,#3746);
#3741 = PLANE('',#3742);
#3742 = AXIS2_PLACEMENT_3D('',#3743,#3744,#3745);
#3743 = CARTESIAN_POINT('',(72.755029296875,-43.52599639892,32.9));
#3744 = DIRECTION('',(1.,0.,0.));
#3745 = DIRECTION('',(0.,-1.,0.));
#3746 = DEFINITIONAL_REPRESENTATION('',(#3747),#3750);
#3747 = B_SPLINE_CURVE_WITH_KNOTS('',1,(#3748,#3749),.UNSPECIFIED.,.F.,
  .F.,(2,2),(5.512997894287,7.487001800537),.PIECEWISE_BEZIER_KNOTS.);
#3748 = CARTESIAN_POINT('',(1.97400390625,-0.6));
#3749 = CARTESIAN_POINT('',(0.,-0.6));
#3750 = ( GEOMETRIC_REPRESENTATION_CONTEXT(2) 
PARAMETRIC_REPRESENTATION_CONTEXT() REPRESENTATION_CONTEXT('2D SPACE',''
  ) );
#3751 = ORIENTED_EDGE('',*,*,#3752,.F.);
#3752 = EDGE_CURVE('',#3753,#3727,#3755,.T.);
#3753 = VERTEX_POINT('',#3754);
#3754 = CARTESIAN_POINT('',(72.251025390625,-45.50000030517,33.5));
#3755 = SURFACE_CURVE('',#3756,(#3760,#3766),.PCURVE_S1.);
#3756 = LINE('',#3757,#3758);
#3757 = CARTESIAN_POINT('',(65.377514648438,-45.50000030517,33.5));
#3758 = VECTOR('',#3759,1.);
#3759 = DIRECTION('',(1.,0.,-0.));
#3760 = PCURVE('',#1484,#3761);
#3761 = DEFINITIONAL_REPRESENTATION('',(#3762),#3765);
#3762 = B_SPLINE_CURVE_WITH_KNOTS('',1,(#3763,#3764),.UNSPECIFIED.,.F.,
  .F.,(2,2),(6.873510742187,7.377514648437),.PIECEWISE_BEZIER_KNOTS.);
#3763 = CARTESIAN_POINT('',(14.251025390625,12.999999694824));
#3764 = CARTESIAN_POINT('',(14.755029296875,12.999999694824));
#3765 = ( GEOMETRIC_REPRESENTATION_CONTEXT(2) 
PARAMETRIC_REPRESENTATION_CONTEXT() REPRESENTATION_CONTEXT('2D SPACE',''
  ) );
#3766 = PCURVE('',#3767,#3772);
#3767 = PLANE('',#3768);
#3768 = AXIS2_PLACEMENT_3D('',#3769,#3770,#3771);
#3769 = CARTESIAN_POINT('',(72.755029296875,-45.50000030517,32.9));
#3770 = DIRECTION('',(0.,-1.,0.));
#3771 = DIRECTION('',(-1.,0.,0.));
#3772 = DEFINITIONAL_REPRESENTATION('',(#3773),#3776);
#3773 = B_SPLINE_CURVE_WITH_KNOTS('',1,(#3774,#3775),.UNSPECIFIED.,.F.,
  .F.,(2,2),(6.873510742187,7.377514648437),.PIECEWISE_BEZIER_KNOTS.);
#3774 = CARTESIAN_POINT('',(0.50400390625,-0.6));
#3775 = CARTESIAN_POINT('',(0.,-0.6));
#3776 = ( GEOMETRIC_REPRESENTATION_CONTEXT(2) 
PARAMETRIC_REPRESENTATION_CONTEXT() REPRESENTATION_CONTEXT('2D SPACE',''
  ) );
#3777 = ORIENTED_EDGE('',*,*,#3778,.F.);
#3778 = EDGE_CURVE('',#3779,#3753,#3781,.T.);
#3779 = VERTEX_POINT('',#3780);
#3780 = CARTESIAN_POINT('',(72.251025390625,-43.33400421142,33.5));
#3781 = SURFACE_CURVE('',#3782,(#3786,#3792),.PCURVE_S1.);
#3782 = LINE('',#3783,#3784);
#3783 = CARTESIAN_POINT('',(72.251025390625,-52.00000015258,33.5));
#3784 = VECTOR('',#3785,1.);
#3785 = DIRECTION('',(0.,-1.,0.));
#3786 = PCURVE('',#1484,#3787);
#3787 = DEFINITIONAL_REPRESENTATION('',(#3788),#3791);
#3788 = B_SPLINE_CURVE_WITH_KNOTS('',1,(#3789,#3790),.UNSPECIFIED.,.F.,
  .F.,(2,2),(-8.665995941162,-6.499999847412),.PIECEWISE_BEZIER_KNOTS.);
#3789 = CARTESIAN_POINT('',(14.251025390625,15.165995788574));
#3790 = CARTESIAN_POINT('',(14.251025390625,12.999999694824));
#3791 = ( GEOMETRIC_REPRESENTATION_CONTEXT(2) 
PARAMETRIC_REPRESENTATION_CONTEXT() REPRESENTATION_CONTEXT('2D SPACE',''
  ) );
#3792 = PCURVE('',#3793,#3798);
#3793 = PLANE('',#3794);
#3794 = AXIS2_PLACEMENT_3D('',#3795,#3796,#3797);
#3795 = CARTESIAN_POINT('',(72.251025390625,-45.50000030517,32.9));
#3796 = DIRECTION('',(-1.,0.,0.));
#3797 = DIRECTION('',(0.,1.,0.));
#3798 = DEFINITIONAL_REPRESENTATION('',(#3799),#3802);
#3799 = B_SPLINE_CURVE_WITH_KNOTS('',1,(#3800,#3801),.UNSPECIFIED.,.F.,
  .F.,(2,2),(-8.665995941162,-6.499999847412),.PIECEWISE_BEZIER_KNOTS.);
#3800 = CARTESIAN_POINT('',(2.16599609375,-0.6));
#3801 = CARTESIAN_POINT('',(0.,-0.6));
#3802 = ( GEOMETRIC_REPRESENTATION_CONTEXT(2) 
PARAMETRIC_REPRESENTATION_CONTEXT() REPRESENTATION_CONTEXT('2D SPACE',''
  ) );
#3803 = ORIENTED_EDGE('',*,*,#3804,.F.);
#3804 = EDGE_CURVE('',#3805,#3779,#3807,.T.);
#3805 = VERTEX_POINT('',#3806);
#3806 = CARTESIAN_POINT('',(72.09802734375,-42.86900421142,33.5));
#3807 = SURFACE_CURVE('',#3808,(#3819,#3833),.PCURVE_S1.);
#3808 = B_SPLINE_CURVE_WITH_KNOTS('',5,(#3809,#3810,#3811,#3812,#3813,
    #3814,#3815,#3816,#3817,#3818),.UNSPECIFIED.,.F.,.F.,(6,4,6),(0.,
    0.474271809487,1.),.UNSPECIFIED.);
#3809 = CARTESIAN_POINT('',(72.09802734375,-42.86900421142,33.5));
#3810 = CARTESIAN_POINT('',(72.127655954053,-42.90095704219,33.5));
#3811 = CARTESIAN_POINT('',(72.153713147569,-42.93608983606,33.5));
#3812 = CARTESIAN_POINT('',(72.176108280351,-42.97431889048,33.5));
#3813 = CARTESIAN_POINT('',(72.194839176789,-43.01549664289,33.5));
#3814 = CARTESIAN_POINT('',(72.226747389766,-43.10812561145,33.5));
#3815 = CARTESIAN_POINT('',(72.239102603051,-43.16020978207,33.5));
#3816 = CARTESIAN_POINT('',(72.247129144522,-43.21541862977,33.5));
#3817 = CARTESIAN_POINT('',(72.251025390625,-43.27344837139,33.5));
#3818 = CARTESIAN_POINT('',(72.251025390625,-43.33400421142,33.5));
#3819 = PCURVE('',#1484,#3820);
#3820 = DEFINITIONAL_REPRESENTATION('',(#3821),#3832);
#3821 = B_SPLINE_CURVE_WITH_KNOTS('',5,(#3822,#3823,#3824,#3825,#3826,
    #3827,#3828,#3829,#3830,#3831),.UNSPECIFIED.,.F.,.F.,(6,4,6),(0.,
    0.474271809487,1.),.UNSPECIFIED.);
#3822 = CARTESIAN_POINT('',(14.09802734375,15.630995788574));
#3823 = CARTESIAN_POINT('',(14.127655954053,15.599042957803));
#3824 = CARTESIAN_POINT('',(14.153713147569,15.563910163936));
#3825 = CARTESIAN_POINT('',(14.176108280351,15.525681109511));
#3826 = CARTESIAN_POINT('',(14.194839176789,15.484503357103));
#3827 = CARTESIAN_POINT('',(14.226747389766,15.391874388545));
#3828 = CARTESIAN_POINT('',(14.239102603051,15.339790217923));
#3829 = CARTESIAN_POINT('',(14.247129144522,15.28458137023));
#3830 = CARTESIAN_POINT('',(14.251025390625,15.226551628604));
#3831 = CARTESIAN_POINT('',(14.251025390625,15.165995788574));
#3832 = ( GEOMETRIC_REPRESENTATION_CONTEXT(2) 
PARAMETRIC_REPRESENTATION_CONTEXT() REPRESENTATION_CONTEXT('2D SPACE',''
  ) );
#3833 = PCURVE('',#3834,#3841);
#3834 = SURFACE_OF_LINEAR_EXTRUSION('',#3835,#3839);
#3835 = B_SPLINE_CURVE_WITH_KNOTS('',2,(#3836,#3837,#3838),
  .UNSPECIFIED.,.F.,.F.,(3,3),(0.,1.),.PIECEWISE_BEZIER_KNOTS.);
#3836 = CARTESIAN_POINT('',(72.251025390625,-43.33400421142,32.9));
#3837 = CARTESIAN_POINT('',(72.251025390625,-43.03400421142,32.9));
#3838 = CARTESIAN_POINT('',(72.09802734375,-42.86900421142,32.9));
#3839 = VECTOR('',#3840,1.);
#3840 = DIRECTION('',(-0.,-0.,-1.));
#3841 = DEFINITIONAL_REPRESENTATION('',(#3842),#3853);
#3842 = B_SPLINE_CURVE_WITH_KNOTS('',5,(#3843,#3844,#3845,#3846,#3847,
    #3848,#3849,#3850,#3851,#3852),.UNSPECIFIED.,.F.,.F.,(6,4,6),(0.,
    0.474271809487,1.),.UNSPECIFIED.);
#3843 = CARTESIAN_POINT('',(1.,-0.6));
#3844 = CARTESIAN_POINT('',(0.903173240088,-0.6));
#3845 = CARTESIAN_POINT('',(0.806298692241,-0.6));
#3846 = CARTESIAN_POINT('',(0.70964916231,-0.6));
#3847 = CARTESIAN_POINT('',(0.613473787388,-0.6));
#3848 = CARTESIAN_POINT('',(0.412167731497,-0.6));
#3849 = CARTESIAN_POINT('',(0.307191117213,-0.6));
#3850 = CARTESIAN_POINT('',(0.203372482919,-0.6));
#3851 = CARTESIAN_POINT('',(0.10092640005,-0.6));
#3852 = CARTESIAN_POINT('',(0.,-0.6));
#3853 = ( GEOMETRIC_REPRESENTATION_CONTEXT(2) 
PARAMETRIC_REPRESENTATION_CONTEXT() REPRESENTATION_CONTEXT('2D SPACE',''
  ) );
#3854 = ORIENTED_EDGE('',*,*,#3855,.F.);
#3855 = EDGE_CURVE('',#3856,#3805,#3858,.T.);
#3856 = VERTEX_POINT('',#3857);
#3857 = CARTESIAN_POINT('',(71.669013671875,-42.70400421142,33.5));
#3858 = SURFACE_CURVE('',#3859,(#3870,#3884),.PCURVE_S1.);
#3859 = B_SPLINE_CURVE_WITH_KNOTS('',5,(#3860,#3861,#3862,#3863,#3864,
    #3865,#3866,#3867,#3868,#3869),.UNSPECIFIED.,.F.,.F.,(6,4,6),(0.,
    0.804196176141,1.),.UNSPECIFIED.);
#3860 = CARTESIAN_POINT('',(71.669013671875,-42.70400421142,33.5));
#3861 = CARTESIAN_POINT('',(71.755046639228,-42.70400421142,33.5));
#3862 = CARTESIAN_POINT('',(71.835379782555,-42.71402352997,33.5));
#3863 = CARTESIAN_POINT('',(71.908963444887,-42.7348849129,33.5));
#3864 = CARTESIAN_POINT('',(71.974872315009,-42.76704766991,33.5));
#3865 = CARTESIAN_POINT('',(72.046676960143,-42.82062315658,33.5));
#3866 = CARTESIAN_POINT('',(72.060253382006,-42.83176150141,33.5));
#3867 = CARTESIAN_POINT('',(72.073340053255,-42.84354297652,33.5));
#3868 = CARTESIAN_POINT('',(72.08593230418,-42.85596037479,33.5));
#3869 = CARTESIAN_POINT('',(72.09802734375,-42.86900421142,33.5));
#3870 = PCURVE('',#1484,#3871);
#3871 = DEFINITIONAL_REPRESENTATION('',(#3872),#3883);
#3872 = B_SPLINE_CURVE_WITH_KNOTS('',5,(#3873,#3874,#3875,#3876,#3877,
    #3878,#3879,#3880,#3881,#3882),.UNSPECIFIED.,.F.,.F.,(6,4,6),(0.,
    0.804196176141,1.),.UNSPECIFIED.);
#3873 = CARTESIAN_POINT('',(13.669013671875,15.795995788574));
#3874 = CARTESIAN_POINT('',(13.755046639228,15.795995788574));
#3875 = CARTESIAN_POINT('',(13.835379782555,15.785976470025));
#3876 = CARTESIAN_POINT('',(13.908963444887,15.765115087096));
#3877 = CARTESIAN_POINT('',(13.974872315009,15.732952330087));
#3878 = CARTESIAN_POINT('',(14.046676960143,15.67937684342));
#3879 = CARTESIAN_POINT('',(14.060253382006,15.668238498582));
#3880 = CARTESIAN_POINT('',(14.073340053255,15.656457023478));
#3881 = CARTESIAN_POINT('',(14.08593230418,15.64403962521));
#3882 = CARTESIAN_POINT('',(14.09802734375,15.630995788574));
#3883 = ( GEOMETRIC_REPRESENTATION_CONTEXT(2) 
PARAMETRIC_REPRESENTATION_CONTEXT() REPRESENTATION_CONTEXT('2D SPACE',''
  ) );
#3884 = PCURVE('',#3885,#3892);
#3885 = SURFACE_OF_LINEAR_EXTRUSION('',#3886,#3890);
#3886 = B_SPLINE_CURVE_WITH_KNOTS('',2,(#3887,#3888,#3889),
  .UNSPECIFIED.,.F.,.F.,(3,3),(0.,1.),.PIECEWISE_BEZIER_KNOTS.);
#3887 = CARTESIAN_POINT('',(72.09802734375,-42.86900421142,32.9));
#3888 = CARTESIAN_POINT('',(71.945029296875,-42.70400421142,32.9));
#3889 = CARTESIAN_POINT('',(71.669013671875,-42.70400421142,32.9));
#3890 = VECTOR('',#3891,1.);
#3891 = DIRECTION('',(-0.,-0.,-1.));
#3892 = DEFINITIONAL_REPRESENTATION('',(#3893),#3904);
#3893 = B_SPLINE_CURVE_WITH_KNOTS('',5,(#3894,#3895,#3896,#3897,#3898,
    #3899,#3900,#3901,#3902,#3903),.UNSPECIFIED.,.F.,.F.,(6,4,6),(0.,
    0.804196176141,1.),.UNSPECIFIED.);
#3894 = CARTESIAN_POINT('',(1.,-0.6));
#3895 = CARTESIAN_POINT('',(0.844151998001,-0.6));
#3896 = CARTESIAN_POINT('',(0.68509731173,-0.6));
#3897 = CARTESIAN_POINT('',(0.523626203873,-0.6));
#3898 = CARTESIAN_POINT('',(0.360794534544,-0.6));
#3899 = CARTESIAN_POINT('',(0.158363163476,-0.6));
#3900 = CARTESIAN_POINT('',(0.11872638881,-0.6));
#3901 = CARTESIAN_POINT('',(7.910819591476E-02,-0.6));
#3902 = CARTESIAN_POINT('',(3.952677768448E-02,-0.6));
#3903 = CARTESIAN_POINT('',(0.,-0.6));
#3904 = ( GEOMETRIC_REPRESENTATION_CONTEXT(2) 
PARAMETRIC_REPRESENTATION_CONTEXT() REPRESENTATION_CONTEXT('2D SPACE',''
  ) );
#3905 = ORIENTED_EDGE('',*,*,#3906,.F.);
#3906 = EDGE_CURVE('',#3907,#3856,#3909,.T.);
#3907 = VERTEX_POINT('',#3908);
#3908 = CARTESIAN_POINT('',(71.147021484375,-42.94400421142,33.5));
#3909 = SURFACE_CURVE('',#3910,(#3921,#3935),.PCURVE_S1.);
#3910 = B_SPLINE_CURVE_WITH_KNOTS('',5,(#3911,#3912,#3913,#3914,#3915,
    #3916,#3917,#3918,#3919,#3920),.UNSPECIFIED.,.F.,.F.,(6,4,6),(0.,
    0.581270754129,1.),.UNSPECIFIED.);
#3911 = CARTESIAN_POINT('',(71.147021484375,-42.94400421142,33.5));
#3912 = CARTESIAN_POINT('',(71.196072772466,-42.88950179456,33.5));
#3913 = CARTESIAN_POINT('',(71.24878296367,-42.84189289345,33.5));
#3914 = CARTESIAN_POINT('',(71.305128207264,-42.80188101406,33.5));
#3915 = CARTESIAN_POINT('',(71.364946645759,-42.76998319478,33.5));
#3916 = CARTESIAN_POINT('',(71.473168686726,-42.72930854671,33.5));
#3917 = CARTESIAN_POINT('',(71.520092999795,-42.71655822732,33.5));
#3918 = CARTESIAN_POINT('',(71.568487084369,-42.70814269076,33.5));
#3919 = CARTESIAN_POINT('',(71.618187051578,-42.70400421142,33.5));
#3920 = CARTESIAN_POINT('',(71.669013671875,-42.70400421142,33.5));
#3921 = PCURVE('',#1484,#3922);
#3922 = DEFINITIONAL_REPRESENTATION('',(#3923),#3934);
#3923 = B_SPLINE_CURVE_WITH_KNOTS('',5,(#3924,#3925,#3926,#3927,#3928,
    #3929,#3930,#3931,#3932,#3933),.UNSPECIFIED.,.F.,.F.,(6,4,6),(0.,
    0.581270754129,1.),.UNSPECIFIED.);
#3924 = CARTESIAN_POINT('',(13.147021484375,15.555995788574));
#3925 = CARTESIAN_POINT('',(13.196072772466,15.610498205435));
#3926 = CARTESIAN_POINT('',(13.24878296367,15.658107106541));
#3927 = CARTESIAN_POINT('',(13.305128207264,15.698118985931));
#3928 = CARTESIAN_POINT('',(13.364946645759,15.730016805211));
#3929 = CARTESIAN_POINT('',(13.473168686726,15.77069145329));
#3930 = CARTESIAN_POINT('',(13.520092999795,15.78344177268));
#3931 = CARTESIAN_POINT('',(13.568487084369,15.791857309234));
#3932 = CARTESIAN_POINT('',(13.618187051578,15.795995788574));
#3933 = CARTESIAN_POINT('',(13.669013671875,15.795995788574));
#3934 = ( GEOMETRIC_REPRESENTATION_CONTEXT(2) 
PARAMETRIC_REPRESENTATION_CONTEXT() REPRESENTATION_CONTEXT('2D SPACE',''
  ) );
#3935 = PCURVE('',#3936,#3943);
#3936 = SURFACE_OF_LINEAR_EXTRUSION('',#3937,#3941);
#3937 = B_SPLINE_CURVE_WITH_KNOTS('',2,(#3938,#3939,#3940),
  .UNSPECIFIED.,.F.,.F.,(3,3),(0.,1.),.PIECEWISE_BEZIER_KNOTS.);
#3938 = CARTESIAN_POINT('',(71.669013671875,-42.70400421142,32.9));
#3939 = CARTESIAN_POINT('',(71.363017578125,-42.70400421142,32.9));
#3940 = CARTESIAN_POINT('',(71.147021484375,-42.94400421142,32.9));
#3941 = VECTOR('',#3942,1.);
#3942 = DIRECTION('',(-0.,-0.,-1.));
#3943 = DEFINITIONAL_REPRESENTATION('',(#3944),#3955);
#3944 = B_SPLINE_CURVE_WITH_KNOTS('',5,(#3945,#3946,#3947,#3948,#3949,
    #3950,#3951,#3952,#3953,#3954),.UNSPECIFIED.,.F.,.F.,(6,4,6),(0.,
    0.581270754129,1.),.UNSPECIFIED.);
#3945 = CARTESIAN_POINT('',(1.,-0.6));
#3946 = CARTESIAN_POINT('',(0.886453298208,-0.6));
#3947 = CARTESIAN_POINT('',(0.771151942144,-0.6));
#3948 = CARTESIAN_POINT('',(0.654565979411,-0.6));
#3949 = CARTESIAN_POINT('',(0.537276703189,-0.6));
#3950 = CARTESIAN_POINT('',(0.33551753613,-0.6));
#3951 = CARTESIAN_POINT('',(0.251030047733,-0.6));
#3952 = CARTESIAN_POINT('',(0.166797092093,-0.6));
#3953 = CARTESIAN_POINT('',(8.305109335609E-02,-0.6));
#3954 = CARTESIAN_POINT('',(0.,-0.6));
#3955 = ( GEOMETRIC_REPRESENTATION_CONTEXT(2) 
PARAMETRIC_REPRESENTATION_CONTEXT() REPRESENTATION_CONTEXT('2D SPACE',''
  ) );
#3956 = ORIENTED_EDGE('',*,*,#3957,.F.);
#3957 = EDGE_CURVE('',#3958,#3907,#3960,.T.);
#3958 = VERTEX_POINT('',#3959);
#3959 = CARTESIAN_POINT('',(70.931025390625,-43.52599639892,33.5));
#3960 = SURFACE_CURVE('',#3961,(#3972,#3986),.PCURVE_S1.);
#3961 = B_SPLINE_CURVE_WITH_KNOTS('',5,(#3962,#3963,#3964,#3965,#3966,
    #3967,#3968,#3969,#3970,#3971),.UNSPECIFIED.,.F.,.F.,(6,4,6),(0.,
    0.613416663001,1.),.UNSPECIFIED.);
#3962 = CARTESIAN_POINT('',(70.931025390625,-43.52599639892,33.5));
#3963 = CARTESIAN_POINT('',(70.931025390625,-43.44392149711,33.5));
#3964 = CARTESIAN_POINT('',(70.938800656586,-43.36433613995,33.5));
#3965 = CARTESIAN_POINT('',(70.954798904912,-43.28777482816,33.5));
#3966 = CARTESIAN_POINT('',(70.979236771102,-43.21473304826,33.5));
#3967 = CARTESIAN_POINT('',(71.032526260012,-43.10202902645,33.5));
#3968 = CARTESIAN_POINT('',(71.056406012984,-43.06000720024,33.5));
#3969 = CARTESIAN_POINT('',(71.083520473452,-43.01962707852,33.5));
#3970 = CARTESIAN_POINT('',(71.113772054663,-42.98094869033,33.5));
#3971 = CARTESIAN_POINT('',(71.147021484375,-42.94400421142,33.5));
#3972 = PCURVE('',#1484,#3973);
#3973 = DEFINITIONAL_REPRESENTATION('',(#3974),#3985);
#3974 = B_SPLINE_CURVE_WITH_KNOTS('',5,(#3975,#3976,#3977,#3978,#3979,
    #3980,#3981,#3982,#3983,#3984),.UNSPECIFIED.,.F.,.F.,(6,4,6),(0.,
    0.613416663001,1.),.UNSPECIFIED.);
#3975 = CARTESIAN_POINT('',(12.931025390625,14.974003601074));
#3976 = CARTESIAN_POINT('',(12.931025390625,15.056078502883));
#3977 = CARTESIAN_POINT('',(12.938800656586,15.135663860047));
#3978 = CARTESIAN_POINT('',(12.954798904912,15.212225171838));
#3979 = CARTESIAN_POINT('',(12.979236771102,15.285266951735));
#3980 = CARTESIAN_POINT('',(13.032526260012,15.397970973543));
#3981 = CARTESIAN_POINT('',(13.056406012984,15.439992799758));
#3982 = CARTESIAN_POINT('',(13.083520473452,15.480372921479));
#3983 = CARTESIAN_POINT('',(13.113772054663,15.519051309661));
#3984 = CARTESIAN_POINT('',(13.147021484375,15.555995788574));
#3985 = ( GEOMETRIC_REPRESENTATION_CONTEXT(2) 
PARAMETRIC_REPRESENTATION_CONTEXT() REPRESENTATION_CONTEXT('2D SPACE',''
  ) );
#3986 = PCURVE('',#3987,#3994);
#3987 = SURFACE_OF_LINEAR_EXTRUSION('',#3988,#3992);
#3988 = B_SPLINE_CURVE_WITH_KNOTS('',2,(#3989,#3990,#3991),
  .UNSPECIFIED.,.F.,.F.,(3,3),(0.,1.),.PIECEWISE_BEZIER_KNOTS.);
#3989 = CARTESIAN_POINT('',(71.147021484375,-42.94400421142,32.9));
#3990 = CARTESIAN_POINT('',(70.931025390625,-43.18400421142,32.9));
#3991 = CARTESIAN_POINT('',(70.931025390625,-43.52599639892,32.9));
#3992 = VECTOR('',#3993,1.);
#3993 = DIRECTION('',(-0.,-0.,-1.));
#3994 = DEFINITIONAL_REPRESENTATION('',(#3995),#4006);
#3995 = B_SPLINE_CURVE_WITH_KNOTS('',5,(#3996,#3997,#3998,#3999,#4000,
    #4001,#4002,#4003,#4004,#4005),.UNSPECIFIED.,.F.,.F.,(6,4,6),(0.,
    0.613416663001,1.),.UNSPECIFIED.);
#3996 = CARTESIAN_POINT('',(1.,-0.6));
#3997 = CARTESIAN_POINT('',(0.880004712376,-0.6));
#3998 = CARTESIAN_POINT('',(0.758281470223,-0.6));
#3999 = CARTESIAN_POINT('',(0.635302640272,-0.6));
#4000 = CARTESIAN_POINT('',(0.511643078359,-0.6));
#4001 = CARTESIAN_POINT('',(0.310078488062,-0.6));
#4002 = CARTESIAN_POINT('',(0.232156069964,-0.6));
#4003 = CARTESIAN_POINT('',(0.154400750865,-0.6));
#4004 = CARTESIAN_POINT('',(7.696766440303E-02,-0.6));
#4005 = CARTESIAN_POINT('',(0.,-0.6));
#4006 = ( GEOMETRIC_REPRESENTATION_CONTEXT(2) 
PARAMETRIC_REPRESENTATION_CONTEXT() REPRESENTATION_CONTEXT('2D SPACE',''
  ) );
#4007 = ORIENTED_EDGE('',*,*,#4008,.F.);
#4008 = EDGE_CURVE('',#4009,#3958,#4011,.T.);
#4009 = VERTEX_POINT('',#4010);
#4010 = CARTESIAN_POINT('',(70.931025390625,-45.50000030517,33.5));
#4011 = SURFACE_CURVE('',#4012,(#4016,#4022),.PCURVE_S1.);
#4012 = LINE('',#4013,#4014);
#4013 = CARTESIAN_POINT('',(70.931025390625,-51.01299819946,33.5));
#4014 = VECTOR('',#4015,1.);
#4015 = DIRECTION('',(0.,1.,0.));
#4016 = PCURVE('',#1484,#4017);
#4017 = DEFINITIONAL_REPRESENTATION('',(#4018),#4021);
#4018 = B_SPLINE_CURVE_WITH_KNOTS('',1,(#4019,#4020),.UNSPECIFIED.,.F.,
  .F.,(2,2),(5.512997894287,7.487001800537),.PIECEWISE_BEZIER_KNOTS.);
#4019 = CARTESIAN_POINT('',(12.931025390625,12.999999694824));
#4020 = CARTESIAN_POINT('',(12.931025390625,14.974003601074));
#4021 = ( GEOMETRIC_REPRESENTATION_CONTEXT(2) 
PARAMETRIC_REPRESENTATION_CONTEXT() REPRESENTATION_CONTEXT('2D SPACE',''
  ) );
#4022 = PCURVE('',#4023,#4028);
#4023 = PLANE('',#4024);
#4024 = AXIS2_PLACEMENT_3D('',#4025,#4026,#4027);
#4025 = CARTESIAN_POINT('',(70.931025390625,-43.52599639892,32.9));
#4026 = DIRECTION('',(1.,0.,0.));
#4027 = DIRECTION('',(0.,-1.,0.));
#4028 = DEFINITIONAL_REPRESENTATION('',(#4029),#4032);
#4029 = B_SPLINE_CURVE_WITH_KNOTS('',1,(#4030,#4031),.UNSPECIFIED.,.F.,
  .F.,(2,2),(5.512997894287,7.487001800537),.PIECEWISE_BEZIER_KNOTS.);
#4030 = CARTESIAN_POINT('',(1.97400390625,-0.6));
#4031 = CARTESIAN_POINT('',(0.,-0.6));
#4032 = ( GEOMETRIC_REPRESENTATION_CONTEXT(2) 
PARAMETRIC_REPRESENTATION_CONTEXT() REPRESENTATION_CONTEXT('2D SPACE',''
  ) );
#4033 = ORIENTED_EDGE('',*,*,#4034,.F.);
#4034 = EDGE_CURVE('',#3010,#4009,#4035,.T.);
#4035 = SURFACE_CURVE('',#4036,(#4040,#4046),.PCURVE_S1.);
#4036 = LINE('',#4037,#4038);
#4037 = CARTESIAN_POINT('',(64.465512695312,-45.50000030517,33.5));
#4038 = VECTOR('',#4039,1.);
#4039 = DIRECTION('',(1.,0.,-0.));
#4040 = PCURVE('',#1484,#4041);
#4041 = DEFINITIONAL_REPRESENTATION('',(#4042),#4045);
#4042 = B_SPLINE_CURVE_WITH_KNOTS('',1,(#4043,#4044),.UNSPECIFIED.,.F.,
  .F.,(2,2),(5.961508789063,6.465512695313),.PIECEWISE_BEZIER_KNOTS.);
#4043 = CARTESIAN_POINT('',(12.427021484375,12.999999694824));
#4044 = CARTESIAN_POINT('',(12.931025390625,12.999999694824));
#4045 = ( GEOMETRIC_REPRESENTATION_CONTEXT(2) 
PARAMETRIC_REPRESENTATION_CONTEXT() REPRESENTATION_CONTEXT('2D SPACE',''
  ) );
#4046 = PCURVE('',#4047,#4052);
#4047 = PLANE('',#4048);
#4048 = AXIS2_PLACEMENT_3D('',#4049,#4050,#4051);
#4049 = CARTESIAN_POINT('',(70.931025390625,-45.50000030517,32.9));
#4050 = DIRECTION('',(0.,-1.,0.));
#4051 = DIRECTION('',(-1.,0.,0.));
#4052 = DEFINITIONAL_REPRESENTATION('',(#4053),#4056);
#4053 = B_SPLINE_CURVE_WITH_KNOTS('',1,(#4054,#4055),.UNSPECIFIED.,.F.,
  .F.,(2,2),(5.961508789063,6.465512695313),.PIECEWISE_BEZIER_KNOTS.);
#4054 = CARTESIAN_POINT('',(0.50400390625,-0.6));
#4055 = CARTESIAN_POINT('',(0.,-0.6));
#4056 = ( GEOMETRIC_REPRESENTATION_CONTEXT(2) 
PARAMETRIC_REPRESENTATION_CONTEXT() REPRESENTATION_CONTEXT('2D SPACE',''
  ) );
#4057 = FACE_BOUND('',#4058,.T.);
#4058 = EDGE_LOOP('',(#4059,#4087,#4113,#4139,#4165,#4191,#4217,#4243,
    #4269,#4295,#4321,#4347));
#4059 = ORIENTED_EDGE('',*,*,#4060,.F.);
#4060 = EDGE_CURVE('',#4061,#4063,#4065,.T.);
#4061 = VERTEX_POINT('',#4062);
#4062 = CARTESIAN_POINT('',(76.601005859375,-43.87400421142,33.5));
#4063 = VERTEX_POINT('',#4064);
#4064 = CARTESIAN_POINT('',(77.657001953125,-42.35599639892,33.5));
#4065 = SURFACE_CURVE('',#4066,(#4070,#4076),.PCURVE_S1.);
#4066 = LINE('',#4067,#4068);
#4067 = CARTESIAN_POINT('',(70.667761471802,-52.40311846394,33.5));
#4068 = VECTOR('',#4069,1.);
#4069 = DIRECTION('',(0.571061084103,0.820907569842,-0.));
#4070 = PCURVE('',#1484,#4071);
#4071 = DEFINITIONAL_REPRESENTATION('',(#4072),#4075);
#4072 = B_SPLINE_CURVE_WITH_KNOTS('',1,(#4073,#4074),.UNSPECIFIED.,.F.,
  .F.,(2,2),(10.389859426152,12.239041804617),.PIECEWISE_BEZIER_KNOTS.);
#4073 = CARTESIAN_POINT('',(18.601005859375,14.625995788574));
#4074 = CARTESIAN_POINT('',(19.657001953125,16.144003601074));
#4075 = ( GEOMETRIC_REPRESENTATION_CONTEXT(2) 
PARAMETRIC_REPRESENTATION_CONTEXT() REPRESENTATION_CONTEXT('2D SPACE',''
  ) );
#4076 = PCURVE('',#4077,#4082);
#4077 = PLANE('',#4078);
#4078 = AXIS2_PLACEMENT_3D('',#4079,#4080,#4081);
#4079 = CARTESIAN_POINT('',(77.657001953125,-42.35599639892,32.9));
#4080 = DIRECTION('',(0.820907569842,-0.571061084103,0.));
#4081 = DIRECTION('',(-0.571061084103,-0.820907569842,0.));
#4082 = DEFINITIONAL_REPRESENTATION('',(#4083),#4086);
#4083 = B_SPLINE_CURVE_WITH_KNOTS('',1,(#4084,#4085),.UNSPECIFIED.,.F.,
  .F.,(2,2),(10.389859426152,12.239041804617),.PIECEWISE_BEZIER_KNOTS.);
#4084 = CARTESIAN_POINT('',(1.849182378465,-0.6));
#4085 = CARTESIAN_POINT('',(0.,-0.6));
#4086 = ( GEOMETRIC_REPRESENTATION_CONTEXT(2) 
PARAMETRIC_REPRESENTATION_CONTEXT() REPRESENTATION_CONTEXT('2D SPACE',''
  ) );
#4087 = ORIENTED_EDGE('',*,*,#4088,.F.);
#4088 = EDGE_CURVE('',#4089,#4061,#4091,.T.);
#4089 = VERTEX_POINT('',#4090);
#4090 = CARTESIAN_POINT('',(77.687001953125,-45.50000030517,33.5));
#4091 = SURFACE_CURVE('',#4092,(#4096,#4102),.PCURVE_S1.);
#4092 = LINE('',#4093,#4094);
#4093 = CARTESIAN_POINT('',(77.109625494497,-44.63552954717,33.5));
#4094 = VECTOR('',#4095,1.);
#4095 = DIRECTION('',(-0.555407664192,0.831578214335,0.));
#4096 = PCURVE('',#1484,#4097);
#4097 = DEFINITIONAL_REPRESENTATION('',(#4098),#4101);
#4098 = B_SPLINE_CURVE_WITH_KNOTS('',1,(#4099,#4100),.UNSPECIFIED.,.F.,
  .F.,(2,2),(-1.039554359532,0.915759122376),.PIECEWISE_BEZIER_KNOTS.);
#4099 = CARTESIAN_POINT('',(19.687001953125,12.999999694824));
#4100 = CARTESIAN_POINT('',(18.601005859375,14.625995788574));
#4101 = ( GEOMETRIC_REPRESENTATION_CONTEXT(2) 
PARAMETRIC_REPRESENTATION_CONTEXT() REPRESENTATION_CONTEXT('2D SPACE',''
  ) );
#4102 = PCURVE('',#4103,#4108);
#4103 = PLANE('',#4104);
#4104 = AXIS2_PLACEMENT_3D('',#4105,#4106,#4107);
#4105 = CARTESIAN_POINT('',(76.601005859375,-43.87400421142,32.9));
#4106 = DIRECTION('',(0.831578214335,0.555407664192,0.));
#4107 = DIRECTION('',(0.555407664192,-0.831578214335,0.));
#4108 = DEFINITIONAL_REPRESENTATION('',(#4109),#4112);
#4109 = B_SPLINE_CURVE_WITH_KNOTS('',1,(#4110,#4111),.UNSPECIFIED.,.F.,
  .F.,(2,2),(-1.039554359532,0.915759122376),.PIECEWISE_BEZIER_KNOTS.);
#4110 = CARTESIAN_POINT('',(1.955313481908,-0.6));
#4111 = CARTESIAN_POINT('',(-5.884182030513E-15,-0.6));
#4112 = ( GEOMETRIC_REPRESENTATION_CONTEXT(2) 
PARAMETRIC_REPRESENTATION_CONTEXT() REPRESENTATION_CONTEXT('2D SPACE',''
  ) );
#4113 = ORIENTED_EDGE('',*,*,#4114,.F.);
#4114 = EDGE_CURVE('',#4115,#4089,#4117,.T.);
#4115 = VERTEX_POINT('',#4116);
#4116 = CARTESIAN_POINT('',(77.105009765625,-45.50000030517,33.5));
#4117 = SURFACE_CURVE('',#4118,(#4122,#4128),.PCURVE_S1.);
#4118 = LINE('',#4119,#4120);
#4119 = CARTESIAN_POINT('',(67.843500976562,-45.50000030517,33.5));
#4120 = VECTOR('',#4121,1.);
#4121 = DIRECTION('',(1.,0.,-0.));
#4122 = PCURVE('',#1484,#4123);
#4123 = DEFINITIONAL_REPRESENTATION('',(#4124),#4127);
#4124 = B_SPLINE_CURVE_WITH_KNOTS('',1,(#4125,#4126),.UNSPECIFIED.,.F.,
  .F.,(2,2),(9.261508789063,9.843500976563),.PIECEWISE_BEZIER_KNOTS.);
#4125 = CARTESIAN_POINT('',(19.105009765625,12.999999694824));
#4126 = CARTESIAN_POINT('',(19.687001953125,12.999999694824));
#4127 = ( GEOMETRIC_REPRESENTATION_CONTEXT(2) 
PARAMETRIC_REPRESENTATION_CONTEXT() REPRESENTATION_CONTEXT('2D SPACE',''
  ) );
#4128 = PCURVE('',#4129,#4134);
#4129 = PLANE('',#4130);
#4130 = AXIS2_PLACEMENT_3D('',#4131,#4132,#4133);
#4131 = CARTESIAN_POINT('',(77.687001953125,-45.50000030517,32.9));
#4132 = DIRECTION('',(0.,-1.,0.));
#4133 = DIRECTION('',(-1.,0.,0.));
#4134 = DEFINITIONAL_REPRESENTATION('',(#4135),#4138);
#4135 = B_SPLINE_CURVE_WITH_KNOTS('',1,(#4136,#4137),.UNSPECIFIED.,.F.,
  .F.,(2,2),(9.261508789063,9.843500976563),.PIECEWISE_BEZIER_KNOTS.);
#4136 = CARTESIAN_POINT('',(0.5819921875,-0.6));
#4137 = CARTESIAN_POINT('',(0.,-0.6));
#4138 = ( GEOMETRIC_REPRESENTATION_CONTEXT(2) 
PARAMETRIC_REPRESENTATION_CONTEXT() REPRESENTATION_CONTEXT('2D SPACE',''
  ) );
#4139 = ORIENTED_EDGE('',*,*,#4140,.F.);
#4140 = EDGE_CURVE('',#4141,#4115,#4143,.T.);
#4141 = VERTEX_POINT('',#4142);
#4142 = CARTESIAN_POINT('',(76.319013671875,-44.29400421142,33.5));
#4143 = SURFACE_CURVE('',#4144,(#4148,#4154),.PCURVE_S1.);
#4144 = LINE('',#4145,#4146);
#4145 = CARTESIAN_POINT('',(77.230461250445,-45.6924872677,33.5));
#4146 = VECTOR('',#4147,1.);
#4147 = DIRECTION('',(0.546012808373,-0.837776827737,0.));
#4148 = PCURVE('',#1484,#4149);
#4149 = DEFINITIONAL_REPRESENTATION('',(#4150),#4153);
#4150 = B_SPLINE_CURVE_WITH_KNOTS('',1,(#4151,#4152),.UNSPECIFIED.,.F.,
  .F.,(2,2),(-1.669278750596,-0.229759234393),.PIECEWISE_BEZIER_KNOTS.);
#4151 = CARTESIAN_POINT('',(18.319013671875,14.205995788574));
#4152 = CARTESIAN_POINT('',(19.105009765625,12.999999694824));
#4153 = ( GEOMETRIC_REPRESENTATION_CONTEXT(2) 
PARAMETRIC_REPRESENTATION_CONTEXT() REPRESENTATION_CONTEXT('2D SPACE',''
  ) );
#4154 = PCURVE('',#4155,#4160);
#4155 = PLANE('',#4156);
#4156 = AXIS2_PLACEMENT_3D('',#4157,#4158,#4159);
#4157 = CARTESIAN_POINT('',(77.105009765625,-45.50000030517,32.9));
#4158 = DIRECTION('',(-0.837776827737,-0.546012808373,0.));
#4159 = DIRECTION('',(-0.546012808373,0.837776827737,0.));
#4160 = DEFINITIONAL_REPRESENTATION('',(#4161),#4164);
#4161 = B_SPLINE_CURVE_WITH_KNOTS('',1,(#4162,#4163),.UNSPECIFIED.,.F.,
  .F.,(2,2),(-1.669278750596,-0.229759234393),.PIECEWISE_BEZIER_KNOTS.);
#4162 = CARTESIAN_POINT('',(1.439519516203,-0.6));
#4163 = CARTESIAN_POINT('',(0.,-0.6));
#4164 = ( GEOMETRIC_REPRESENTATION_CONTEXT(2) 
PARAMETRIC_REPRESENTATION_CONTEXT() REPRESENTATION_CONTEXT('2D SPACE',''
  ) );
#4165 = ORIENTED_EDGE('',*,*,#4166,.F.);
#4166 = EDGE_CURVE('',#4167,#4141,#4169,.T.);
#4167 = VERTEX_POINT('',#4168);
#4168 = CARTESIAN_POINT('',(75.521005859375,-45.50000030517,33.5));
#4169 = SURFACE_CURVE('',#4170,(#4174,#4180),.PCURVE_S1.);
#4170 = LINE('',#4171,#4172);
#4171 = CARTESIAN_POINT('',(70.260985391884,-53.44925097349,33.5));
#4172 = VECTOR('',#4173,1.);
#4173 = DIRECTION('',(0.551829467722,0.833956976441,-0.));
#4174 = PCURVE('',#1484,#4175);
#4175 = DEFINITIONAL_REPRESENTATION('',(#4176),#4179);
#4176 = B_SPLINE_CURVE_WITH_KNOTS('',1,(#4177,#4178),.UNSPECIFIED.,.F.,
  .F.,(2,2),(9.5319673471,10.978080429452),.PIECEWISE_BEZIER_KNOTS.);
#4177 = CARTESIAN_POINT('',(17.521005859375,12.999999694824));
#4178 = CARTESIAN_POINT('',(18.319013671875,14.205995788574));
#4179 = ( GEOMETRIC_REPRESENTATION_CONTEXT(2) 
PARAMETRIC_REPRESENTATION_CONTEXT() REPRESENTATION_CONTEXT('2D SPACE',''
  ) );
#4180 = PCURVE('',#4181,#4186);
#4181 = PLANE('',#4182);
#4182 = AXIS2_PLACEMENT_3D('',#4183,#4184,#4185);
#4183 = CARTESIAN_POINT('',(76.319013671875,-44.29400421142,32.9));
#4184 = DIRECTION('',(0.833956976441,-0.551829467722,0.));
#4185 = DIRECTION('',(-0.551829467722,-0.833956976441,0.));
#4186 = DEFINITIONAL_REPRESENTATION('',(#4187),#4190);
#4187 = B_SPLINE_CURVE_WITH_KNOTS('',1,(#4188,#4189),.UNSPECIFIED.,.F.,
  .F.,(2,2),(9.5319673471,10.978080429452),.PIECEWISE_BEZIER_KNOTS.);
#4188 = CARTESIAN_POINT('',(1.446113082353,-0.6));
#4189 = CARTESIAN_POINT('',(0.,-0.6));
#4190 = ( GEOMETRIC_REPRESENTATION_CONTEXT(2) 
PARAMETRIC_REPRESENTATION_CONTEXT() REPRESENTATION_CONTEXT('2D SPACE',''
  ) );
#4191 = ORIENTED_EDGE('',*,*,#4192,.F.);
#4192 = EDGE_CURVE('',#4193,#4167,#4195,.T.);
#4193 = VERTEX_POINT('',#4194);
#4194 = CARTESIAN_POINT('',(74.951005859375,-45.50000030517,33.5));
#4195 = SURFACE_CURVE('',#4196,(#4200,#4206),.PCURVE_S1.);
#4196 = LINE('',#4197,#4198);
#4197 = CARTESIAN_POINT('',(66.760502929688,-45.50000030517,33.5));
#4198 = VECTOR('',#4199,1.);
#4199 = DIRECTION('',(1.,0.,-0.));
#4200 = PCURVE('',#1484,#4201);
#4201 = DEFINITIONAL_REPRESENTATION('',(#4202),#4205);
#4202 = B_SPLINE_CURVE_WITH_KNOTS('',1,(#4203,#4204),.UNSPECIFIED.,.F.,
  .F.,(2,2),(8.190502929687,8.760502929688),.PIECEWISE_BEZIER_KNOTS.);
#4203 = CARTESIAN_POINT('',(16.951005859375,12.999999694824));
#4204 = CARTESIAN_POINT('',(17.521005859375,12.999999694824));
#4205 = ( GEOMETRIC_REPRESENTATION_CONTEXT(2) 
PARAMETRIC_REPRESENTATION_CONTEXT() REPRESENTATION_CONTEXT('2D SPACE',''
  ) );
#4206 = PCURVE('',#4207,#4212);
#4207 = PLANE('',#4208);
#4208 = AXIS2_PLACEMENT_3D('',#4209,#4210,#4211);
#4209 = CARTESIAN_POINT('',(75.521005859375,-45.50000030517,32.9));
#4210 = DIRECTION('',(0.,-1.,0.));
#4211 = DIRECTION('',(-1.,0.,0.));
#4212 = DEFINITIONAL_REPRESENTATION('',(#4213),#4216);
#4213 = B_SPLINE_CURVE_WITH_KNOTS('',1,(#4214,#4215),.UNSPECIFIED.,.F.,
  .F.,(2,2),(8.190502929687,8.760502929688),.PIECEWISE_BEZIER_KNOTS.);
#4214 = CARTESIAN_POINT('',(0.57,-0.6));
#4215 = CARTESIAN_POINT('',(0.,-0.6));
#4216 = ( GEOMETRIC_REPRESENTATION_CONTEXT(2) 
PARAMETRIC_REPRESENTATION_CONTEXT() REPRESENTATION_CONTEXT('2D SPACE',''
  ) );
#4217 = ORIENTED_EDGE('',*,*,#4218,.F.);
#4218 = EDGE_CURVE('',#4219,#4193,#4221,.T.);
#4219 = VERTEX_POINT('',#4220);
#4220 = CARTESIAN_POINT('',(76.061005859375,-43.89800811767,33.5));
#4221 = SURFACE_CURVE('',#4222,(#4226,#4232),.PCURVE_S1.);
#4222 = LINE('',#4223,#4224);
#4223 = CARTESIAN_POINT('',(69.158939955682,-53.85931951887,33.5));
#4224 = VECTOR('',#4225,1.);
#4225 = DIRECTION('',(-0.569531980487,-0.821969174119,0.));
#4226 = PCURVE('',#1484,#4227);
#4227 = DEFINITIONAL_REPRESENTATION('',(#4228),#4231);
#4228 = B_SPLINE_CURVE_WITH_KNOTS('',1,(#4229,#4230),.UNSPECIFIED.,.F.,
  .F.,(2,2),(-12.11883816916,-10.16986947552),.PIECEWISE_BEZIER_KNOTS.);
#4229 = CARTESIAN_POINT('',(18.061005859375,14.601991882324));
#4230 = CARTESIAN_POINT('',(16.951005859375,12.999999694824));
#4231 = ( GEOMETRIC_REPRESENTATION_CONTEXT(2) 
PARAMETRIC_REPRESENTATION_CONTEXT() REPRESENTATION_CONTEXT('2D SPACE',''
  ) );
#4232 = PCURVE('',#4233,#4238);
#4233 = PLANE('',#4234);
#4234 = AXIS2_PLACEMENT_3D('',#4235,#4236,#4237);
#4235 = CARTESIAN_POINT('',(74.951005859375,-45.50000030517,32.9));
#4236 = DIRECTION('',(-0.821969174119,0.569531980487,0.));
#4237 = DIRECTION('',(0.569531980487,0.821969174119,0.));
#4238 = DEFINITIONAL_REPRESENTATION('',(#4239),#4242);
#4239 = B_SPLINE_CURVE_WITH_KNOTS('',1,(#4240,#4241),.UNSPECIFIED.,.F.,
  .F.,(2,2),(-12.11883816916,-10.16986947552),.PIECEWISE_BEZIER_KNOTS.);
#4240 = CARTESIAN_POINT('',(1.948968693646,-0.6));
#4241 = CARTESIAN_POINT('',(0.,-0.6));
#4242 = ( GEOMETRIC_REPRESENTATION_CONTEXT(2) 
PARAMETRIC_REPRESENTATION_CONTEXT() REPRESENTATION_CONTEXT('2D SPACE',''
  ) );
#4243 = ORIENTED_EDGE('',*,*,#4244,.F.);
#4244 = EDGE_CURVE('',#4245,#4219,#4247,.T.);
#4245 = VERTEX_POINT('',#4246);
#4246 = CARTESIAN_POINT('',(75.011005859375,-42.35599639892,33.5));
#4247 = SURFACE_CURVE('',#4248,(#4252,#4258),.PCURVE_S1.);
#4248 = LINE('',#4249,#4250);
#4249 = CARTESIAN_POINT('',(76.596880010856,-44.68498356658,33.5));
#4250 = VECTOR('',#4251,1.);
#4251 = DIRECTION('',(0.562834809809,-0.826569402329,0.));
#4252 = PCURVE('',#1484,#4253);
#4253 = DEFINITIONAL_REPRESENTATION('',(#4254),#4257);
#4254 = B_SPLINE_CURVE_WITH_KNOTS('',1,(#4255,#4256),.UNSPECIFIED.,.F.,
  .F.,(2,2),(-2.817654707637,-0.952098452586),.PIECEWISE_BEZIER_KNOTS.);
#4255 = CARTESIAN_POINT('',(17.011005859375,16.144003601074));
#4256 = CARTESIAN_POINT('',(18.061005859375,14.601991882324));
#4257 = ( GEOMETRIC_REPRESENTATION_CONTEXT(2) 
PARAMETRIC_REPRESENTATION_CONTEXT() REPRESENTATION_CONTEXT('2D SPACE',''
  ) );
#4258 = PCURVE('',#4259,#4264);
#4259 = PLANE('',#4260);
#4260 = AXIS2_PLACEMENT_3D('',#4261,#4262,#4263);
#4261 = CARTESIAN_POINT('',(76.061005859375,-43.89800811767,32.9));
#4262 = DIRECTION('',(-0.826569402329,-0.562834809809,0.));
#4263 = DIRECTION('',(-0.562834809809,0.826569402329,0.));
#4264 = DEFINITIONAL_REPRESENTATION('',(#4265),#4268);
#4265 = B_SPLINE_CURVE_WITH_KNOTS('',1,(#4266,#4267),.UNSPECIFIED.,.F.,
  .F.,(2,2),(-2.817654707637,-0.952098452586),.PIECEWISE_BEZIER_KNOTS.);
#4266 = CARTESIAN_POINT('',(1.865556255052,-0.6));
#4267 = CARTESIAN_POINT('',(0.,-0.6));
#4268 = ( GEOMETRIC_REPRESENTATION_CONTEXT(2) 
PARAMETRIC_REPRESENTATION_CONTEXT() REPRESENTATION_CONTEXT('2D SPACE',''
  ) );
#4269 = ORIENTED_EDGE('',*,*,#4270,.F.);
#4270 = EDGE_CURVE('',#4271,#4245,#4273,.T.);
#4271 = VERTEX_POINT('',#4272);
#4272 = CARTESIAN_POINT('',(75.581005859375,-42.35599639892,33.5));
#4273 = SURFACE_CURVE('',#4274,(#4278,#4284),.PCURVE_S1.);
#4274 = LINE('',#4275,#4276);
#4275 = CARTESIAN_POINT('',(66.505502929688,-42.35599639892,33.5));
#4276 = VECTOR('',#4277,1.);
#4277 = DIRECTION('',(-1.,0.,0.));
#4278 = PCURVE('',#1484,#4279);
#4279 = DEFINITIONAL_REPRESENTATION('',(#4280),#4283);
#4280 = B_SPLINE_CURVE_WITH_KNOTS('',1,(#4281,#4282),.UNSPECIFIED.,.F.,
  .F.,(2,2),(-9.075502929688,-8.505502929687),.PIECEWISE_BEZIER_KNOTS.);
#4281 = CARTESIAN_POINT('',(17.581005859375,16.144003601074));
#4282 = CARTESIAN_POINT('',(17.011005859375,16.144003601074));
#4283 = ( GEOMETRIC_REPRESENTATION_CONTEXT(2) 
PARAMETRIC_REPRESENTATION_CONTEXT() REPRESENTATION_CONTEXT('2D SPACE',''
  ) );
#4284 = PCURVE('',#4285,#4290);
#4285 = PLANE('',#4286);
#4286 = AXIS2_PLACEMENT_3D('',#4287,#4288,#4289);
#4287 = CARTESIAN_POINT('',(75.011005859375,-42.35599639892,32.9));
#4288 = DIRECTION('',(0.,1.,0.));
#4289 = DIRECTION('',(1.,0.,0.));
#4290 = DEFINITIONAL_REPRESENTATION('',(#4291),#4294);
#4291 = B_SPLINE_CURVE_WITH_KNOTS('',1,(#4292,#4293),.UNSPECIFIED.,.F.,
  .F.,(2,2),(-9.075502929688,-8.505502929687),.PIECEWISE_BEZIER_KNOTS.);
#4292 = CARTESIAN_POINT('',(0.57,-0.6));
#4293 = CARTESIAN_POINT('',(0.,-0.6));
#4294 = ( GEOMETRIC_REPRESENTATION_CONTEXT(2) 
PARAMETRIC_REPRESENTATION_CONTEXT() REPRESENTATION_CONTEXT('2D SPACE',''
  ) );
#4295 = ORIENTED_EDGE('',*,*,#4296,.F.);
#4296 = EDGE_CURVE('',#4297,#4271,#4299,.T.);
#4297 = VERTEX_POINT('',#4298);
#4298 = CARTESIAN_POINT('',(76.337001953125,-43.49599639892,33.5));
#4299 = SURFACE_CURVE('',#4300,(#4304,#4310),.PCURVE_S1.);
#4300 = LINE('',#4301,#4302);
#4301 = CARTESIAN_POINT('',(76.613911657285,-43.91356080878,33.5));
#4302 = VECTOR('',#4303,1.);
#4303 = DIRECTION('',(-0.55267212365,0.833398778341,0.));
#4304 = PCURVE('',#1484,#4305);
#4305 = DEFINITIONAL_REPRESENTATION('',(#4306),#4309);
#4306 = B_SPLINE_CURVE_WITH_KNOTS('',1,(#4307,#4308),.UNSPECIFIED.,.F.,
  .F.,(2,2),(0.501037943312,1.868930517225),.PIECEWISE_BEZIER_KNOTS.);
#4307 = CARTESIAN_POINT('',(18.337001953125,15.004003601074));
#4308 = CARTESIAN_POINT('',(17.581005859375,16.144003601074));
#4309 = ( GEOMETRIC_REPRESENTATION_CONTEXT(2) 
PARAMETRIC_REPRESENTATION_CONTEXT() REPRESENTATION_CONTEXT('2D SPACE',''
  ) );
#4310 = PCURVE('',#4311,#4316);
#4311 = PLANE('',#4312);
#4312 = AXIS2_PLACEMENT_3D('',#4313,#4314,#4315);
#4313 = CARTESIAN_POINT('',(75.581005859375,-42.35599639892,32.9));
#4314 = DIRECTION('',(0.833398778341,0.55267212365,0.));
#4315 = DIRECTION('',(0.55267212365,-0.833398778341,0.));
#4316 = DEFINITIONAL_REPRESENTATION('',(#4317),#4320);
#4317 = B_SPLINE_CURVE_WITH_KNOTS('',1,(#4318,#4319),.UNSPECIFIED.,.F.,
  .F.,(2,2),(0.501037943312,1.868930517225),.PIECEWISE_BEZIER_KNOTS.);
#4318 = CARTESIAN_POINT('',(1.367892573913,-0.6));
#4319 = CARTESIAN_POINT('',(-5.995204332976E-15,-0.6));
#4320 = ( GEOMETRIC_REPRESENTATION_CONTEXT(2) 
PARAMETRIC_REPRESENTATION_CONTEXT() REPRESENTATION_CONTEXT('2D SPACE',''
  ) );
#4321 = ORIENTED_EDGE('',*,*,#4322,.F.);
#4322 = EDGE_CURVE('',#4323,#4297,#4325,.T.);
#4323 = VERTEX_POINT('',#4324);
#4324 = CARTESIAN_POINT('',(77.092998046875,-42.35599639892,33.5));
#4325 = SURFACE_CURVE('',#4326,(#4330,#4336),.PCURVE_S1.);
#4326 = LINE('',#4327,#4328);
#4327 = CARTESIAN_POINT('',(70.081121570329,-52.92951556039,33.5));
#4328 = VECTOR('',#4329,1.);
#4329 = DIRECTION('',(-0.55267212365,-0.833398778341,0.));
#4330 = PCURVE('',#1484,#4331);
#4331 = DEFINITIONAL_REPRESENTATION('',(#4332),#4335);
#4332 = B_SPLINE_CURVE_WITH_KNOTS('',1,(#4333,#4334),.UNSPECIFIED.,.F.,
  .F.,(2,2),(-12.68722661499,-11.31933404108),.PIECEWISE_BEZIER_KNOTS.);
#4333 = CARTESIAN_POINT('',(19.092998046875,16.144003601074));
#4334 = CARTESIAN_POINT('',(18.337001953125,15.004003601074));
#4335 = ( GEOMETRIC_REPRESENTATION_CONTEXT(2) 
PARAMETRIC_REPRESENTATION_CONTEXT() REPRESENTATION_CONTEXT('2D SPACE',''
  ) );
#4336 = PCURVE('',#4337,#4342);
#4337 = PLANE('',#4338);
#4338 = AXIS2_PLACEMENT_3D('',#4339,#4340,#4341);
#4339 = CARTESIAN_POINT('',(76.337001953125,-43.49599639892,32.9));
#4340 = DIRECTION('',(-0.833398778341,0.55267212365,0.));
#4341 = DIRECTION('',(0.55267212365,0.833398778341,0.));
#4342 = DEFINITIONAL_REPRESENTATION('',(#4343),#4346);
#4343 = B_SPLINE_CURVE_WITH_KNOTS('',1,(#4344,#4345),.UNSPECIFIED.,.F.,
  .F.,(2,2),(-12.68722661499,-11.31933404108),.PIECEWISE_BEZIER_KNOTS.);
#4344 = CARTESIAN_POINT('',(1.367892573913,-0.6));
#4345 = CARTESIAN_POINT('',(-5.329070518201E-15,-0.6));
#4346 = ( GEOMETRIC_REPRESENTATION_CONTEXT(2) 
PARAMETRIC_REPRESENTATION_CONTEXT() REPRESENTATION_CONTEXT('2D SPACE',''
  ) );
#4347 = ORIENTED_EDGE('',*,*,#4348,.F.);
#4348 = EDGE_CURVE('',#4063,#4323,#4349,.T.);
#4349 = SURFACE_CURVE('',#4350,(#4354,#4360),.PCURVE_S1.);
#4350 = LINE('',#4351,#4352);
#4351 = CARTESIAN_POINT('',(67.546499023438,-42.35599639892,33.5));
#4352 = VECTOR('',#4353,1.);
#4353 = DIRECTION('',(-1.,0.,0.));
#4354 = PCURVE('',#1484,#4355);
#4355 = DEFINITIONAL_REPRESENTATION('',(#4356),#4359);
#4356 = B_SPLINE_CURVE_WITH_KNOTS('',1,(#4357,#4358),.UNSPECIFIED.,.F.,
  .F.,(2,2),(-10.11050292968,-9.546499023437),.PIECEWISE_BEZIER_KNOTS.);
#4357 = CARTESIAN_POINT('',(19.657001953125,16.144003601074));
#4358 = CARTESIAN_POINT('',(19.092998046875,16.144003601074));
#4359 = ( GEOMETRIC_REPRESENTATION_CONTEXT(2) 
PARAMETRIC_REPRESENTATION_CONTEXT() REPRESENTATION_CONTEXT('2D SPACE',''
  ) );
#4360 = PCURVE('',#4361,#4366);
#4361 = PLANE('',#4362);
#4362 = AXIS2_PLACEMENT_3D('',#4363,#4364,#4365);
#4363 = CARTESIAN_POINT('',(77.092998046875,-42.35599639892,32.9));
#4364 = DIRECTION('',(0.,1.,0.));
#4365 = DIRECTION('',(1.,0.,0.));
#4366 = DEFINITIONAL_REPRESENTATION('',(#4367),#4370);
#4367 = B_SPLINE_CURVE_WITH_KNOTS('',1,(#4368,#4369),.UNSPECIFIED.,.F.,
  .F.,(2,2),(-10.11050292968,-9.546499023437),.PIECEWISE_BEZIER_KNOTS.);
#4368 = CARTESIAN_POINT('',(0.56400390625,-0.6));
#4369 = CARTESIAN_POINT('',(-1.42108547152E-14,-0.6));
#4370 = ( GEOMETRIC_REPRESENTATION_CONTEXT(2) 
PARAMETRIC_REPRESENTATION_CONTEXT() REPRESENTATION_CONTEXT('2D SPACE',''
  ) );
#4371 = FACE_BOUND('',#4372,.T.);
#4372 = EDGE_LOOP('',(#4373,#4401,#4427,#4453,#4495,#4537,#4600,#4651,
    #4677,#4703,#4729,#4780,#4831,#4882,#4933,#4959));
#4373 = ORIENTED_EDGE('',*,*,#4374,.F.);
#4374 = EDGE_CURVE('',#4375,#4377,#4379,.T.);
#4375 = VERTEX_POINT('',#4376);
#4376 = CARTESIAN_POINT('',(78.047001953125,-42.35599639892,33.5));
#4377 = VERTEX_POINT('',#4378);
#4378 = CARTESIAN_POINT('',(78.047001953125,-45.50000030517,33.5));
#4379 = SURFACE_CURVE('',#4380,(#4384,#4390),.PCURVE_S1.);
#4380 = LINE('',#4381,#4382);
#4381 = CARTESIAN_POINT('',(78.047001953125,-52.00000015258,33.5));
#4382 = VECTOR('',#4383,1.);
#4383 = DIRECTION('',(0.,-1.,0.));
#4384 = PCURVE('',#1484,#4385);
#4385 = DEFINITIONAL_REPRESENTATION('',(#4386),#4389);
#4386 = B_SPLINE_CURVE_WITH_KNOTS('',1,(#4387,#4388),.UNSPECIFIED.,.F.,
  .F.,(2,2),(-9.644003753662,-6.499999847412),.PIECEWISE_BEZIER_KNOTS.);
#4387 = CARTESIAN_POINT('',(20.047001953125,16.144003601074));
#4388 = CARTESIAN_POINT('',(20.047001953125,12.999999694824));
#4389 = ( GEOMETRIC_REPRESENTATION_CONTEXT(2) 
PARAMETRIC_REPRESENTATION_CONTEXT() REPRESENTATION_CONTEXT('2D SPACE',''
  ) );
#4390 = PCURVE('',#4391,#4396);
#4391 = PLANE('',#4392);
#4392 = AXIS2_PLACEMENT_3D('',#4393,#4394,#4395);
#4393 = CARTESIAN_POINT('',(78.047001953125,-45.50000030517,32.9));
#4394 = DIRECTION('',(-1.,0.,0.));
#4395 = DIRECTION('',(0.,1.,0.));
#4396 = DEFINITIONAL_REPRESENTATION('',(#4397),#4400);
#4397 = B_SPLINE_CURVE_WITH_KNOTS('',1,(#4398,#4399),.UNSPECIFIED.,.F.,
  .F.,(2,2),(-9.644003753662,-6.499999847412),.PIECEWISE_BEZIER_KNOTS.);
#4398 = CARTESIAN_POINT('',(3.14400390625,-0.6));
#4399 = CARTESIAN_POINT('',(0.,-0.6));
#4400 = ( GEOMETRIC_REPRESENTATION_CONTEXT(2) 
PARAMETRIC_REPRESENTATION_CONTEXT() REPRESENTATION_CONTEXT('2D SPACE',''
  ) );
#4401 = ORIENTED_EDGE('',*,*,#4402,.F.);
#4402 = EDGE_CURVE('',#4403,#4375,#4405,.T.);
#4403 = VERTEX_POINT('',#4404);
#4404 = CARTESIAN_POINT('',(78.508994140625,-42.35599639892,33.5));
#4405 = SURFACE_CURVE('',#4406,(#4410,#4416),.PCURVE_S1.);
#4406 = LINE('',#4407,#4408);
#4407 = CARTESIAN_POINT('',(68.023500976563,-42.35599639892,33.5));
#4408 = VECTOR('',#4409,1.);
#4409 = DIRECTION('',(-1.,0.,0.));
#4410 = PCURVE('',#1484,#4411);
#4411 = DEFINITIONAL_REPRESENTATION('',(#4412),#4415);
#4412 = B_SPLINE_CURVE_WITH_KNOTS('',1,(#4413,#4414),.UNSPECIFIED.,.F.,
  .F.,(2,2),(-10.48549316406,-10.02350097656),.PIECEWISE_BEZIER_KNOTS.);
#4413 = CARTESIAN_POINT('',(20.508994140625,16.144003601074));
#4414 = CARTESIAN_POINT('',(20.047001953125,16.144003601074));
#4415 = ( GEOMETRIC_REPRESENTATION_CONTEXT(2) 
PARAMETRIC_REPRESENTATION_CONTEXT() REPRESENTATION_CONTEXT('2D SPACE',''
  ) );
#4416 = PCURVE('',#4417,#4422);
#4417 = PLANE('',#4418);
#4418 = AXIS2_PLACEMENT_3D('',#4419,#4420,#4421);
#4419 = CARTESIAN_POINT('',(78.047001953125,-42.35599639892,32.9));
#4420 = DIRECTION('',(0.,1.,0.));
#4421 = DIRECTION('',(1.,0.,0.));
#4422 = DEFINITIONAL_REPRESENTATION('',(#4423),#4426);
#4423 = B_SPLINE_CURVE_WITH_KNOTS('',1,(#4424,#4425),.UNSPECIFIED.,.F.,
  .F.,(2,2),(-10.48549316406,-10.02350097656),.PIECEWISE_BEZIER_KNOTS.);
#4424 = CARTESIAN_POINT('',(0.4619921875,-0.6));
#4425 = CARTESIAN_POINT('',(0.,-0.6));
#4426 = ( GEOMETRIC_REPRESENTATION_CONTEXT(2) 
PARAMETRIC_REPRESENTATION_CONTEXT() REPRESENTATION_CONTEXT('2D SPACE',''
  ) );
#4427 = ORIENTED_EDGE('',*,*,#4428,.F.);
#4428 = EDGE_CURVE('',#4429,#4403,#4431,.T.);
#4429 = VERTEX_POINT('',#4430);
#4430 = CARTESIAN_POINT('',(78.508994140625,-42.88400421142,33.5));
#4431 = SURFACE_CURVE('',#4432,(#4436,#4442),.PCURVE_S1.);
#4432 = LINE('',#4433,#4434);
#4433 = CARTESIAN_POINT('',(78.508994140625,-50.42799819946,33.5));
#4434 = VECTOR('',#4435,1.);
#4435 = DIRECTION('',(0.,1.,0.));
#4436 = PCURVE('',#1484,#4437);
#4437 = DEFINITIONAL_REPRESENTATION('',(#4438),#4441);
#4438 = B_SPLINE_CURVE_WITH_KNOTS('',1,(#4439,#4440),.UNSPECIFIED.,.F.,
  .F.,(2,2),(7.543993988037,8.072001800537),.PIECEWISE_BEZIER_KNOTS.);
#4439 = CARTESIAN_POINT('',(20.508994140625,15.615995788574));
#4440 = CARTESIAN_POINT('',(20.508994140625,16.144003601074));
#4441 = ( GEOMETRIC_REPRESENTATION_CONTEXT(2) 
PARAMETRIC_REPRESENTATION_CONTEXT() REPRESENTATION_CONTEXT('2D SPACE',''
  ) );
#4442 = PCURVE('',#4443,#4448);
#4443 = PLANE('',#4444);
#4444 = AXIS2_PLACEMENT_3D('',#4445,#4446,#4447);
#4445 = CARTESIAN_POINT('',(78.508994140625,-42.35599639892,32.9));
#4446 = DIRECTION('',(1.,0.,0.));
#4447 = DIRECTION('',(0.,-1.,0.));
#4448 = DEFINITIONAL_REPRESENTATION('',(#4449),#4452);
#4449 = B_SPLINE_CURVE_WITH_KNOTS('',1,(#4450,#4451),.UNSPECIFIED.,.F.,
  .F.,(2,2),(7.543993988037,8.072001800537),.PIECEWISE_BEZIER_KNOTS.);
#4450 = CARTESIAN_POINT('',(0.5280078125,-0.6));
#4451 = CARTESIAN_POINT('',(0.,-0.6));
#4452 = ( GEOMETRIC_REPRESENTATION_CONTEXT(2) 
PARAMETRIC_REPRESENTATION_CONTEXT() REPRESENTATION_CONTEXT('2D SPACE',''
  ) );
#4453 = ORIENTED_EDGE('',*,*,#4454,.F.);
#4454 = EDGE_CURVE('',#4455,#4429,#4457,.T.);
#4455 = VERTEX_POINT('',#4456);
#4456 = CARTESIAN_POINT('',(78.962001953125,-42.41000030517,33.5));
#4457 = SURFACE_CURVE('',#4458,(#4466,#4477),.PCURVE_S1.);
#4458 = B_SPLINE_CURVE_WITH_KNOTS('',6,(#4459,#4460,#4461,#4462,#4463,
    #4464,#4465),.UNSPECIFIED.,.F.,.F.,(7,7),(0.,1.),
  .PIECEWISE_BEZIER_KNOTS.);
#4459 = CARTESIAN_POINT('',(78.962001953125,-42.41000030517,33.5));
#4460 = CARTESIAN_POINT('',(78.877352676054,-42.46016258775,33.5));
#4461 = CARTESIAN_POINT('',(78.796113529214,-42.52326953722,33.5));
#4462 = CARTESIAN_POINT('',(78.718630830611,-42.59844768275,33.5));
#4463 = CARTESIAN_POINT('',(78.644996332248,-42.684455693,33.5));
#4464 = CARTESIAN_POINT('',(78.575162907464,-42.78002472067,33.5));
#4465 = CARTESIAN_POINT('',(78.508994140625,-42.88400421142,33.5));
#4466 = PCURVE('',#1484,#4467);
#4467 = DEFINITIONAL_REPRESENTATION('',(#4468),#4476);
#4468 = B_SPLINE_CURVE_WITH_KNOTS('',6,(#4469,#4470,#4471,#4472,#4473,
    #4474,#4475),.UNSPECIFIED.,.F.,.F.,(7,7),(0.,1.),
  .PIECEWISE_BEZIER_KNOTS.);
#4469 = CARTESIAN_POINT('',(20.962001953125,16.089999694824));
#4470 = CARTESIAN_POINT('',(20.877352676054,16.039837412245));
#4471 = CARTESIAN_POINT('',(20.796113529214,15.976730462772));
#4472 = CARTESIAN_POINT('',(20.718630830611,15.901552317249));
#4473 = CARTESIAN_POINT('',(20.644996332248,15.815544306992));
#4474 = CARTESIAN_POINT('',(20.575162907464,15.719975279321));
#4475 = CARTESIAN_POINT('',(20.508994140625,15.615995788574));
#4476 = ( GEOMETRIC_REPRESENTATION_CONTEXT(2) 
PARAMETRIC_REPRESENTATION_CONTEXT() REPRESENTATION_CONTEXT('2D SPACE',''
  ) );
#4477 = PCURVE('',#4478,#4485);
#4478 = SURFACE_OF_LINEAR_EXTRUSION('',#4479,#4483);
#4479 = B_SPLINE_CURVE_WITH_KNOTS('',2,(#4480,#4481,#4482),
  .UNSPECIFIED.,.F.,.F.,(3,3),(0.,1.),.PIECEWISE_BEZIER_KNOTS.);
#4480 = CARTESIAN_POINT('',(78.508994140625,-42.88400421142,32.9));
#4481 = CARTESIAN_POINT('',(78.718994140625,-42.55400421142,32.9));
#4482 = CARTESIAN_POINT('',(78.962001953125,-42.41000030517,32.9));
#4483 = VECTOR('',#4484,1.);
#4484 = DIRECTION('',(-0.,-0.,-1.));
#4485 = DEFINITIONAL_REPRESENTATION('',(#4486),#4494);
#4486 = B_SPLINE_CURVE_WITH_KNOTS('',6,(#4487,#4488,#4489,#4490,#4491,
    #4492,#4493),.UNSPECIFIED.,.F.,.F.,(7,7),(0.,1.),
  .PIECEWISE_BEZIER_KNOTS.);
#4487 = CARTESIAN_POINT('',(1.,-0.6));
#4488 = CARTESIAN_POINT('',(0.825830132373,-0.6));
#4489 = CARTESIAN_POINT('',(0.653732221504,-0.6));
#4490 = CARTESIAN_POINT('',(0.484639619516,-0.6));
#4491 = CARTESIAN_POINT('',(0.319133278389,-0.6));
#4492 = CARTESIAN_POINT('',(0.15754468295,-0.6));
#4493 = CARTESIAN_POINT('',(0.,-0.6));
#4494 = ( GEOMETRIC_REPRESENTATION_CONTEXT(2) 
PARAMETRIC_REPRESENTATION_CONTEXT() REPRESENTATION_CONTEXT('2D SPACE',''
  ) );
#4495 = ORIENTED_EDGE('',*,*,#4496,.F.);
#4496 = EDGE_CURVE('',#4497,#4455,#4499,.T.);
#4497 = VERTEX_POINT('',#4498);
#4498 = CARTESIAN_POINT('',(79.552998046875,-42.26599639892,33.5));
#4499 = SURFACE_CURVE('',#4500,(#4508,#4519),.PCURVE_S1.);
#4500 = B_SPLINE_CURVE_WITH_KNOTS('',6,(#4501,#4502,#4503,#4504,#4505,
    #4506,#4507),.UNSPECIFIED.,.F.,.F.,(7,7),(0.,1.),
  .PIECEWISE_BEZIER_KNOTS.);
#4501 = CARTESIAN_POINT('',(79.552998046875,-42.26599639892,33.5));
#4502 = CARTESIAN_POINT('',(79.441157298406,-42.26599639892,33.5));
#4503 = CARTESIAN_POINT('',(79.33367258753,-42.27492118636,33.5));
#4504 = CARTESIAN_POINT('',(79.231298986816,-42.29341401395,33.5));
#4505 = CARTESIAN_POINT('',(79.134795748219,-42.32198733296,33.5));
#4506 = CARTESIAN_POINT('',(79.044854958793,-42.36090247437,33.5));
#4507 = CARTESIAN_POINT('',(78.962001953125,-42.41000030517,33.5));
#4508 = PCURVE('',#1484,#4509);
#4509 = DEFINITIONAL_REPRESENTATION('',(#4510),#4518);
#4510 = B_SPLINE_CURVE_WITH_KNOTS('',6,(#4511,#4512,#4513,#4514,#4515,
    #4516,#4517),.UNSPECIFIED.,.F.,.F.,(7,7),(0.,1.),
  .PIECEWISE_BEZIER_KNOTS.);
#4511 = CARTESIAN_POINT('',(21.552998046875,16.234003601074));
#4512 = CARTESIAN_POINT('',(21.441157298406,16.234003601074));
#4513 = CARTESIAN_POINT('',(21.33367258753,16.225078813633));
#4514 = CARTESIAN_POINT('',(21.231298986816,16.206585986048));
#4515 = CARTESIAN_POINT('',(21.134795748219,16.178012667033));
#4516 = CARTESIAN_POINT('',(21.044854958793,16.139097525622));
#4517 = CARTESIAN_POINT('',(20.962001953125,16.089999694824));
#4518 = ( GEOMETRIC_REPRESENTATION_CONTEXT(2) 
PARAMETRIC_REPRESENTATION_CONTEXT() REPRESENTATION_CONTEXT('2D SPACE',''
  ) );
#4519 = PCURVE('',#4520,#4527);
#4520 = SURFACE_OF_LINEAR_EXTRUSION('',#4521,#4525);
#4521 = B_SPLINE_CURVE_WITH_KNOTS('',2,(#4522,#4523,#4524),
  .UNSPECIFIED.,.F.,.F.,(3,3),(0.,1.),.PIECEWISE_BEZIER_KNOTS.);
#4522 = CARTESIAN_POINT('',(78.962001953125,-42.41000030517,32.9));
#4523 = CARTESIAN_POINT('',(79.205009765625,-42.26599639892,32.9));
#4524 = CARTESIAN_POINT('',(79.552998046875,-42.26599639892,32.9));
#4525 = VECTOR('',#4526,1.);
#4526 = DIRECTION('',(-0.,-0.,-1.));
#4527 = DEFINITIONAL_REPRESENTATION('',(#4528),#4536);
#4528 = B_SPLINE_CURVE_WITH_KNOTS('',6,(#4529,#4530,#4531,#4532,#4533,
    #4534,#4535),.UNSPECIFIED.,.F.,.F.,(7,7),(0.,1.),
  .PIECEWISE_BEZIER_KNOTS.);
#4529 = CARTESIAN_POINT('',(1.,-0.6));
#4530 = CARTESIAN_POINT('',(0.839303858067,-0.6));
#4531 = CARTESIAN_POINT('',(0.675518196981,-0.6));
#4532 = CARTESIAN_POINT('',(0.509054142809,-0.6));
#4533 = CARTESIAN_POINT('',(0.340465836623,-0.6));
#4534 = CARTESIAN_POINT('',(0.170473954758,-0.6));
#4535 = CARTESIAN_POINT('',(0.,-0.6));
#4536 = ( GEOMETRIC_REPRESENTATION_CONTEXT(2) 
PARAMETRIC_REPRESENTATION_CONTEXT() REPRESENTATION_CONTEXT('2D SPACE',''
  ) );
#4537 = ORIENTED_EDGE('',*,*,#4538,.F.);
#4538 = EDGE_CURVE('',#4539,#4497,#4541,.T.);
#4539 = VERTEX_POINT('',#4540);
#4540 = CARTESIAN_POINT('',(80.278994140625,-42.50000030517,33.5));
#4541 = SURFACE_CURVE('',#4542,(#4557,#4575),.PCURVE_S1.);
#4542 = B_SPLINE_CURVE_WITH_KNOTS('',5,(#4543,#4544,#4545,#4546,#4547,
    #4548,#4549,#4550,#4551,#4552,#4553,#4554,#4555,#4556),
  .UNSPECIFIED.,.F.,.F.,(6,4,4,6),(0.,4.841978216826E-02,0.513387798997,
    1.),.UNSPECIFIED.);
#4543 = CARTESIAN_POINT('',(80.278994140625,-42.50000030517,33.5));
#4544 = CARTESIAN_POINT('',(80.273595230932,-42.49532117199,33.5));
#4545 = CARTESIAN_POINT('',(80.268149029997,-42.49069981329,33.5));
#4546 = CARTESIAN_POINT('',(80.262655775452,-42.48613649439,33.5));
#4547 = CARTESIAN_POINT('',(80.257115723795,-42.48163145803,33.5));
#4548 = CARTESIAN_POINT('',(80.19788211109,-42.43448551773,33.5));
#4549 = CARTESIAN_POINT('',(80.139940195883,-42.39717700698,33.5));
#4550 = CARTESIAN_POINT('',(80.077961153841,-42.36546873494,33.5));
#4551 = CARTESIAN_POINT('',(80.012329213752,-42.33932841135,33.5));
#4552 = CARTESIAN_POINT('',(79.871453465275,-42.29684827715,33.5));
#4553 = CARTESIAN_POINT('',(79.795896133223,-42.28101923503,33.5));
#4554 = CARTESIAN_POINT('',(79.717316837328,-42.27086736932,33.5));
#4555 = CARTESIAN_POINT('',(79.636213093851,-42.26599639892,33.5));
#4556 = CARTESIAN_POINT('',(79.552998046875,-42.26599639892,33.5));
#4557 = PCURVE('',#1484,#4558);
#4558 = DEFINITIONAL_REPRESENTATION('',(#4559),#4574);
#4559 = B_SPLINE_CURVE_WITH_KNOTS('',5,(#4560,#4561,#4562,#4563,#4564,
    #4565,#4566,#4567,#4568,#4569,#4570,#4571,#4572,#4573),
  .UNSPECIFIED.,.F.,.F.,(6,4,4,6),(0.,4.841978216826E-02,0.513387798997,
    1.),.UNSPECIFIED.);
#4560 = CARTESIAN_POINT('',(22.278994140625,15.999999694824));
#4561 = CARTESIAN_POINT('',(22.273595230932,16.004678828001));
#4562 = CARTESIAN_POINT('',(22.268149029997,16.009300186706));
#4563 = CARTESIAN_POINT('',(22.262655775452,16.013863505602));
#4564 = CARTESIAN_POINT('',(22.257115723795,16.018368541964));
#4565 = CARTESIAN_POINT('',(22.19788211109,16.065514482261));
#4566 = CARTESIAN_POINT('',(22.139940195883,16.102822993015));
#4567 = CARTESIAN_POINT('',(22.077961153841,16.134531265059));
#4568 = CARTESIAN_POINT('',(22.012329213752,16.160671588647));
#4569 = CARTESIAN_POINT('',(21.871453465275,16.203151722842));
#4570 = CARTESIAN_POINT('',(21.795896133223,16.218980764964));
#4571 = CARTESIAN_POINT('',(21.717316837328,16.229132630671));
#4572 = CARTESIAN_POINT('',(21.636213093851,16.234003601074));
#4573 = CARTESIAN_POINT('',(21.552998046875,16.234003601074));
#4574 = ( GEOMETRIC_REPRESENTATION_CONTEXT(2) 
PARAMETRIC_REPRESENTATION_CONTEXT() REPRESENTATION_CONTEXT('2D SPACE',''
  ) );
#4575 = PCURVE('',#4576,#4583);
#4576 = SURFACE_OF_LINEAR_EXTRUSION('',#4577,#4581);
#4577 = B_SPLINE_CURVE_WITH_KNOTS('',2,(#4578,#4579,#4580),
  .UNSPECIFIED.,.F.,.F.,(3,3),(0.,1.),.PIECEWISE_BEZIER_KNOTS.);
#4578 = CARTESIAN_POINT('',(79.552998046875,-42.26599639892,32.9));
#4579 = CARTESIAN_POINT('',(80.008994140625,-42.26599639892,32.9));
#4580 = CARTESIAN_POINT('',(80.278994140625,-42.50000030517,32.9));
#4581 = VECTOR('',#4582,1.);
#4582 = DIRECTION('',(-0.,-0.,-1.));
#4583 = DEFINITIONAL_REPRESENTATION('',(#4584),#4599);
#4584 = B_SPLINE_CURVE_WITH_KNOTS('',5,(#4585,#4586,#4587,#4588,#4589,
    #4590,#4591,#4592,#4593,#4594,#4595,#4596,#4597,#4598),
  .UNSPECIFIED.,.F.,.F.,(6,4,4,6),(0.,4.841978216826E-02,0.513387798997,
    1.),.UNSPECIFIED.);
#4585 = CARTESIAN_POINT('',(1.,-0.6));
#4586 = CARTESIAN_POINT('',(0.990002019086,-0.6));
#4587 = CARTESIAN_POINT('',(0.980002536324,-0.6));
#4588 = CARTESIAN_POINT('',(0.970002043529,-0.6));
#4589 = CARTESIAN_POINT('',(0.960001033497,-0.6));
#4590 = CARTESIAN_POINT('',(0.853961552424,-0.6));
#4591 = CARTESIAN_POINT('',(0.757912176697,-0.6));
#4592 = CARTESIAN_POINT('',(0.66231694649,-0.6));
#4593 = CARTESIAN_POINT('',(0.567569026511,-0.6));
#4594 = CARTESIAN_POINT('',(0.376075350802,-0.6));
#4595 = CARTESIAN_POINT('',(0.279430973675,-0.6));
#4596 = CARTESIAN_POINT('',(0.184420923558,-0.6));
#4597 = CARTESIAN_POINT('',(9.124535069123E-02,-0.6));
#4598 = CARTESIAN_POINT('',(0.,-0.6));
#4599 = ( GEOMETRIC_REPRESENTATION_CONTEXT(2) 
PARAMETRIC_REPRESENTATION_CONTEXT() REPRESENTATION_CONTEXT('2D SPACE',''
  ) );
#4600 = ORIENTED_EDGE('',*,*,#4601,.F.);
#4601 = EDGE_CURVE('',#4602,#4539,#4604,.T.);
#4602 = VERTEX_POINT('',#4603);
#4603 = CARTESIAN_POINT('',(80.548994140625,-43.12400421142,33.5));
#4604 = SURFACE_CURVE('',#4605,(#4616,#4630),.PCURVE_S1.);
#4605 = B_SPLINE_CURVE_WITH_KNOTS('',5,(#4606,#4607,#4608,#4609,#4610,
    #4611,#4612,#4613,#4614,#4615),.UNSPECIFIED.,.F.,.F.,(6,4,6),(0.,
    0.628522465939,1.),.UNSPECIFIED.);
#4606 = CARTESIAN_POINT('',(80.548994140625,-43.12400421142,33.5));
#4607 = CARTESIAN_POINT('',(80.548994140625,-43.02950110995,33.5));
#4608 = CARTESIAN_POINT('',(80.539085189992,-42.93852143697,33.5));
#4609 = CARTESIAN_POINT('',(80.518347175861,-42.8521130095,33.5));
#4610 = CARTESIAN_POINT('',(80.486234482193,-42.77131159604,33.5));
#4611 = CARTESIAN_POINT('',(80.417745503834,-42.65284922847,33.5));
#4612 = CARTESIAN_POINT('',(80.388478771765,-42.61105050375,33.5));
#4613 = CARTESIAN_POINT('',(80.355470707268,-42.57160481559,33.5));
#4614 = CARTESIAN_POINT('',(80.318896570207,-42.5345829881,33.5));
#4615 = CARTESIAN_POINT('',(80.278994140625,-42.50000030517,33.5));
#4616 = PCURVE('',#1484,#4617);
#4617 = DEFINITIONAL_REPRESENTATION('',(#4618),#4629);
#4618 = B_SPLINE_CURVE_WITH_KNOTS('',5,(#4619,#4620,#4621,#4622,#4623,
    #4624,#4625,#4626,#4627,#4628),.UNSPECIFIED.,.F.,.F.,(6,4,6),(0.,
    0.628522465939,1.),.UNSPECIFIED.);
#4619 = CARTESIAN_POINT('',(22.548994140625,15.375995788574));
#4620 = CARTESIAN_POINT('',(22.548994140625,15.470498890042));
#4621 = CARTESIAN_POINT('',(22.539085189992,15.561478563023));
#4622 = CARTESIAN_POINT('',(22.518347175861,15.647886990497));
#4623 = CARTESIAN_POINT('',(22.486234482193,15.728688403955));
#4624 = CARTESIAN_POINT('',(22.417745503834,15.847150771523));
#4625 = CARTESIAN_POINT('',(22.388478771765,15.888949496249));
#4626 = CARTESIAN_POINT('',(22.355470707268,15.928395184405));
#4627 = CARTESIAN_POINT('',(22.318896570207,15.965417011895));
#4628 = CARTESIAN_POINT('',(22.278994140625,15.999999694824));
#4629 = ( GEOMETRIC_REPRESENTATION_CONTEXT(2) 
PARAMETRIC_REPRESENTATION_CONTEXT() REPRESENTATION_CONTEXT('2D SPACE',''
  ) );
#4630 = PCURVE('',#4631,#4638);
#4631 = SURFACE_OF_LINEAR_EXTRUSION('',#4632,#4636);
#4632 = B_SPLINE_CURVE_WITH_KNOTS('',2,(#4633,#4634,#4635),
  .UNSPECIFIED.,.F.,.F.,(3,3),(0.,1.),.PIECEWISE_BEZIER_KNOTS.);
#4633 = CARTESIAN_POINT('',(80.278994140625,-42.50000030517,32.9));
#4634 = CARTESIAN_POINT('',(80.548994140625,-42.73400421142,32.9));
#4635 = CARTESIAN_POINT('',(80.548994140625,-43.12400421142,32.9));
#4636 = VECTOR('',#4637,1.);
#4637 = DIRECTION('',(-0.,-0.,-1.));
#4638 = DEFINITIONAL_REPRESENTATION('',(#4639),#4650);
#4639 = B_SPLINE_CURVE_WITH_KNOTS('',5,(#4640,#4641,#4642,#4643,#4644,
    #4645,#4646,#4647,#4648,#4649),.UNSPECIFIED.,.F.,.F.,(6,4,6),(0.,
    0.628522465939,1.),.UNSPECIFIED.);
#4640 = CARTESIAN_POINT('',(1.,-0.6));
#4641 = CARTESIAN_POINT('',(0.878842177605,-0.6));
#4642 = CARTESIAN_POINT('',(0.754861791581,-0.6));
#4643 = CARTESIAN_POINT('',(0.628720649062,-0.6));
#4644 = CARTESIAN_POINT('',(0.501342508484,-0.6));
#4645 = CARTESIAN_POINT('',(0.298736372053,-0.6));
#4646 = CARTESIAN_POINT('',(0.223469745484,-0.6));
#4647 = CARTESIAN_POINT('',(0.148448544506,-0.6));
#4648 = CARTESIAN_POINT('',(7.389338811449E-02,-0.6));
#4649 = CARTESIAN_POINT('',(0.,-0.6));
#4650 = ( GEOMETRIC_REPRESENTATION_CONTEXT(2) 
PARAMETRIC_REPRESENTATION_CONTEXT() REPRESENTATION_CONTEXT('2D SPACE',''
  ) );
#4651 = ORIENTED_EDGE('',*,*,#4652,.F.);
#4652 = EDGE_CURVE('',#4653,#4602,#4655,.T.);
#4653 = VERTEX_POINT('',#4654);
#4654 = CARTESIAN_POINT('',(80.548994140625,-45.50000030517,33.5));
#4655 = SURFACE_CURVE('',#4656,(#4660,#4666),.PCURVE_S1.);
#4656 = LINE('',#4657,#4658);
#4657 = CARTESIAN_POINT('',(80.548994140625,-50.81200210571,33.5));
#4658 = VECTOR('',#4659,1.);
#4659 = DIRECTION('',(0.,1.,0.));
#4660 = PCURVE('',#1484,#4661);
#4661 = DEFINITIONAL_REPRESENTATION('',(#4662),#4665);
#4662 = B_SPLINE_CURVE_WITH_KNOTS('',1,(#4663,#4664),.UNSPECIFIED.,.F.,
  .F.,(2,2),(5.312001800537,7.687997894287),.PIECEWISE_BEZIER_KNOTS.);
#4663 = CARTESIAN_POINT('',(22.548994140625,12.999999694824));
#4664 = CARTESIAN_POINT('',(22.548994140625,15.375995788574));
#4665 = ( GEOMETRIC_REPRESENTATION_CONTEXT(2) 
PARAMETRIC_REPRESENTATION_CONTEXT() REPRESENTATION_CONTEXT('2D SPACE',''
  ) );
#4666 = PCURVE('',#4667,#4672);
#4667 = PLANE('',#4668);
#4668 = AXIS2_PLACEMENT_3D('',#4669,#4670,#4671);
#4669 = CARTESIAN_POINT('',(80.548994140625,-43.12400421142,32.9));
#4670 = DIRECTION('',(1.,0.,0.));
#4671 = DIRECTION('',(0.,-1.,0.));
#4672 = DEFINITIONAL_REPRESENTATION('',(#4673),#4676);
#4673 = B_SPLINE_CURVE_WITH_KNOTS('',1,(#4674,#4675),.UNSPECIFIED.,.F.,
  .F.,(2,2),(5.312001800537,7.687997894287),.PIECEWISE_BEZIER_KNOTS.);
#4674 = CARTESIAN_POINT('',(2.37599609375,-0.6));
#4675 = CARTESIAN_POINT('',(0.,-0.6));
#4676 = ( GEOMETRIC_REPRESENTATION_CONTEXT(2) 
PARAMETRIC_REPRESENTATION_CONTEXT() REPRESENTATION_CONTEXT('2D SPACE',''
  ) );
#4677 = ORIENTED_EDGE('',*,*,#4678,.F.);
#4678 = EDGE_CURVE('',#4679,#4653,#4681,.T.);
#4679 = VERTEX_POINT('',#4680);
#4680 = CARTESIAN_POINT('',(80.051005859375,-45.50000030517,33.5));
#4681 = SURFACE_CURVE('',#4682,(#4686,#4692),.PCURVE_S1.);
#4682 = LINE('',#4683,#4684);
#4683 = CARTESIAN_POINT('',(69.274497070313,-45.50000030517,33.5));
#4684 = VECTOR('',#4685,1.);
#4685 = DIRECTION('',(1.,0.,-0.));
#4686 = PCURVE('',#1484,#4687);
#4687 = DEFINITIONAL_REPRESENTATION('',(#4688),#4691);
#4688 = B_SPLINE_CURVE_WITH_KNOTS('',1,(#4689,#4690),.UNSPECIFIED.,.F.,
  .F.,(2,2),(10.776508789062,11.274497070313),.PIECEWISE_BEZIER_KNOTS.);
#4689 = CARTESIAN_POINT('',(22.051005859375,12.999999694824));
#4690 = CARTESIAN_POINT('',(22.548994140625,12.999999694824));
#4691 = ( GEOMETRIC_REPRESENTATION_CONTEXT(2) 
PARAMETRIC_REPRESENTATION_CONTEXT() REPRESENTATION_CONTEXT('2D SPACE',''
  ) );
#4692 = PCURVE('',#4693,#4698);
#4693 = PLANE('',#4694);
#4694 = AXIS2_PLACEMENT_3D('',#4695,#4696,#4697);
#4695 = CARTESIAN_POINT('',(80.548994140625,-45.50000030517,32.9));
#4696 = DIRECTION('',(0.,-1.,0.));
#4697 = DIRECTION('',(-1.,0.,0.));
#4698 = DEFINITIONAL_REPRESENTATION('',(#4699),#4702);
#4699 = B_SPLINE_CURVE_WITH_KNOTS('',1,(#4700,#4701),.UNSPECIFIED.,.F.,
  .F.,(2,2),(10.776508789062,11.274497070313),.PIECEWISE_BEZIER_KNOTS.);
#4700 = CARTESIAN_POINT('',(0.49798828125,-0.6));
#4701 = CARTESIAN_POINT('',(0.,-0.6));
#4702 = ( GEOMETRIC_REPRESENTATION_CONTEXT(2) 
PARAMETRIC_REPRESENTATION_CONTEXT() REPRESENTATION_CONTEXT('2D SPACE',''
  ) );
#4703 = ORIENTED_EDGE('',*,*,#4704,.F.);
#4704 = EDGE_CURVE('',#4705,#4679,#4707,.T.);
#4705 = VERTEX_POINT('',#4706);
#4706 = CARTESIAN_POINT('',(80.051005859375,-43.32199249267,33.5));
#4707 = SURFACE_CURVE('',#4708,(#4712,#4718),.PCURVE_S1.);
#4708 = LINE('',#4709,#4710);
#4709 = CARTESIAN_POINT('',(80.051005859375,-52.00000015258,33.5));
#4710 = VECTOR('',#4711,1.);
#4711 = DIRECTION('',(0.,-1.,0.));
#4712 = PCURVE('',#1484,#4713);
#4713 = DEFINITIONAL_REPRESENTATION('',(#4714),#4717);
#4714 = B_SPLINE_CURVE_WITH_KNOTS('',1,(#4715,#4716),.UNSPECIFIED.,.F.,
  .F.,(2,2),(-8.678007659912,-6.499999847412),.PIECEWISE_BEZIER_KNOTS.);
#4715 = CARTESIAN_POINT('',(22.051005859375,15.178007507324));
#4716 = CARTESIAN_POINT('',(22.051005859375,12.999999694824));
#4717 = ( GEOMETRIC_REPRESENTATION_CONTEXT(2) 
PARAMETRIC_REPRESENTATION_CONTEXT() REPRESENTATION_CONTEXT('2D SPACE',''
  ) );
#4718 = PCURVE('',#4719,#4724);
#4719 = PLANE('',#4720);
#4720 = AXIS2_PLACEMENT_3D('',#4721,#4722,#4723);
#4721 = CARTESIAN_POINT('',(80.051005859375,-45.50000030517,32.9));
#4722 = DIRECTION('',(-1.,0.,0.));
#4723 = DIRECTION('',(0.,1.,0.));
#4724 = DEFINITIONAL_REPRESENTATION('',(#4725),#4728);
#4725 = B_SPLINE_CURVE_WITH_KNOTS('',1,(#4726,#4727),.UNSPECIFIED.,.F.,
  .F.,(2,2),(-8.678007659912,-6.499999847412),.PIECEWISE_BEZIER_KNOTS.);
#4726 = CARTESIAN_POINT('',(2.1780078125,-0.6));
#4727 = CARTESIAN_POINT('',(0.,-0.6));
#4728 = ( GEOMETRIC_REPRESENTATION_CONTEXT(2) 
PARAMETRIC_REPRESENTATION_CONTEXT() REPRESENTATION_CONTEXT('2D SPACE',''
  ) );
#4729 = ORIENTED_EDGE('',*,*,#4730,.F.);
#4730 = EDGE_CURVE('',#4731,#4705,#4733,.T.);
#4731 = VERTEX_POINT('',#4732);
#4732 = CARTESIAN_POINT('',(79.877001953125,-42.8720022583,33.5));
#4733 = SURFACE_CURVE('',#4734,(#4745,#4759),.PCURVE_S1.);
#4734 = B_SPLINE_CURVE_WITH_KNOTS('',5,(#4735,#4736,#4737,#4738,#4739,
    #4740,#4741,#4742,#4743,#4744),.UNSPECIFIED.,.F.,.F.,(6,4,6),(0.,
    0.255856958483,1.),.UNSPECIFIED.);
#4735 = CARTESIAN_POINT('',(79.877001953125,-42.8720022583,33.5));
#4736 = CARTESIAN_POINT('',(79.894903433167,-42.88928585697,33.5));
#4737 = CARTESIAN_POINT('',(79.911695462681,-42.90736366857,33.5));
#4738 = CARTESIAN_POINT('',(79.927353709139,-42.9262297399,33.5));
#4739 = CARTESIAN_POINT('',(79.941860650004,-42.94587297928,33.5));
#4740 = CARTESIAN_POINT('',(79.99401839787,-43.02562135628,33.5));
#4741 = CARTESIAN_POINT('',(80.023008889047,-43.09141284231,33.5));
#4742 = CARTESIAN_POINT('',(80.041890476135,-43.16322538025,33.5));
#4743 = CARTESIAN_POINT('',(80.051005859375,-43.24035264529,33.5));
#4744 = CARTESIAN_POINT('',(80.051005859375,-43.32199249267,33.5));
#4745 = PCURVE('',#1484,#4746);
#4746 = DEFINITIONAL_REPRESENTATION('',(#4747),#4758);
#4747 = B_SPLINE_CURVE_WITH_KNOTS('',5,(#4748,#4749,#4750,#4751,#4752,
    #4753,#4754,#4755,#4756,#4757),.UNSPECIFIED.,.F.,.F.,(6,4,6),(0.,
    0.255856958483,1.),.UNSPECIFIED.);
#4748 = CARTESIAN_POINT('',(21.877001953125,15.627997741699));
#4749 = CARTESIAN_POINT('',(21.894903433167,15.610714143026));
#4750 = CARTESIAN_POINT('',(21.911695462681,15.59263633143));
#4751 = CARTESIAN_POINT('',(21.927353709139,15.573770260092));
#4752 = CARTESIAN_POINT('',(21.941860650004,15.554127020718));
#4753 = CARTESIAN_POINT('',(21.99401839787,15.47437864372));
#4754 = CARTESIAN_POINT('',(22.023008889047,15.408587157687));
#4755 = CARTESIAN_POINT('',(22.041890476135,15.336774619747));
#4756 = CARTESIAN_POINT('',(22.051005859375,15.259647354708));
#4757 = CARTESIAN_POINT('',(22.051005859375,15.178007507324));
#4758 = ( GEOMETRIC_REPRESENTATION_CONTEXT(2) 
PARAMETRIC_REPRESENTATION_CONTEXT() REPRESENTATION_CONTEXT('2D SPACE',''
  ) );
#4759 = PCURVE('',#4760,#4767);
#4760 = SURFACE_OF_LINEAR_EXTRUSION('',#4761,#4765);
#4761 = B_SPLINE_CURVE_WITH_KNOTS('',2,(#4762,#4763,#4764),
  .UNSPECIFIED.,.F.,.F.,(3,3),(0.,1.),.PIECEWISE_BEZIER_KNOTS.);
#4762 = CARTESIAN_POINT('',(80.051005859375,-43.32199249267,32.9));
#4763 = CARTESIAN_POINT('',(80.051005859375,-43.04000030517,32.9));
#4764 = CARTESIAN_POINT('',(79.877001953125,-42.8720022583,32.9));
#4765 = VECTOR('',#4766,1.);
#4766 = DIRECTION('',(-0.,-0.,-1.));
#4767 = DEFINITIONAL_REPRESENTATION('',(#4768),#4779);
#4768 = B_SPLINE_CURVE_WITH_KNOTS('',5,(#4769,#4770,#4771,#4772,#4773,
    #4774,#4775,#4776,#4777,#4778),.UNSPECIFIED.,.F.,.F.,(6,4,6),(0.,
    0.255856958483,1.),.UNSPECIFIED.);
#4769 = CARTESIAN_POINT('',(1.,-0.6));
#4770 = CARTESIAN_POINT('',(0.948560120208,-0.6));
#4771 = CARTESIAN_POINT('',(0.897000759764,-0.6));
#4772 = CARTESIAN_POINT('',(0.845360738905,-0.6));
#4773 = CARTESIAN_POINT('',(0.793680078489,-0.6));
#4774 = CARTESIAN_POINT('',(0.591691909804,-0.6));
#4775 = CARTESIAN_POINT('',(0.441361763693,-0.6));
#4776 = CARTESIAN_POINT('',(0.292098196945,-0.6));
#4777 = CARTESIAN_POINT('',(0.144755512746,-0.6));
#4778 = CARTESIAN_POINT('',(0.,-0.6));
#4779 = ( GEOMETRIC_REPRESENTATION_CONTEXT(2) 
PARAMETRIC_REPRESENTATION_CONTEXT() REPRESENTATION_CONTEXT('2D SPACE',''
  ) );
#4780 = ORIENTED_EDGE('',*,*,#4781,.F.);
#4781 = EDGE_CURVE('',#4782,#4731,#4784,.T.);
#4782 = VERTEX_POINT('',#4783);
#4783 = CARTESIAN_POINT('',(79.402998046875,-42.70400421142,33.5));
#4784 = SURFACE_CURVE('',#4785,(#4796,#4810),.PCURVE_S1.);
#4785 = B_SPLINE_CURVE_WITH_KNOTS('',5,(#4786,#4787,#4788,#4789,#4790,
    #4791,#4792,#4793,#4794,#4795),.UNSPECIFIED.,.F.,.F.,(6,4,6),(0.,
    0.860009300675,1.),.UNSPECIFIED.);
#4786 = CARTESIAN_POINT('',(79.402998046875,-42.70400421142,33.5));
#4787 = CARTESIAN_POINT('',(79.502610608354,-42.70400421142,33.5));
#4788 = CARTESIAN_POINT('',(79.595877549332,-42.71558109147,33.5));
#4789 = CARTESIAN_POINT('',(79.681440337305,-42.73981728347,33.5));
#4790 = CARTESIAN_POINT('',(79.758051234235,-42.77735646972,33.5));
#4791 = CARTESIAN_POINT('',(79.835949257231,-42.83586962282,33.5));
#4792 = CARTESIAN_POINT('',(79.846599903947,-42.84439997153,33.5));
#4793 = CARTESIAN_POINT('',(79.856993565262,-42.85326737978,33.5));
#4794 = CARTESIAN_POINT('',(79.867128118784,-42.86246922585,33.5));
#4795 = CARTESIAN_POINT('',(79.877001953125,-42.8720022583,33.5));
#4796 = PCURVE('',#1484,#4797);
#4797 = DEFINITIONAL_REPRESENTATION('',(#4798),#4809);
#4798 = B_SPLINE_CURVE_WITH_KNOTS('',5,(#4799,#4800,#4801,#4802,#4803,
    #4804,#4805,#4806,#4807,#4808),.UNSPECIFIED.,.F.,.F.,(6,4,6),(0.,
    0.860009300675,1.),.UNSPECIFIED.);
#4799 = CARTESIAN_POINT('',(21.402998046875,15.795995788574));
#4800 = CARTESIAN_POINT('',(21.502610608354,15.795995788574));
#4801 = CARTESIAN_POINT('',(21.595877549332,15.784418908529));
#4802 = CARTESIAN_POINT('',(21.681440337305,15.760182716524));
#4803 = CARTESIAN_POINT('',(21.758051234235,15.722643530279));
#4804 = CARTESIAN_POINT('',(21.835949257231,15.664130377171));
#4805 = CARTESIAN_POINT('',(21.846599903947,15.655600028461));
#4806 = CARTESIAN_POINT('',(21.856993565262,15.646732620219));
#4807 = CARTESIAN_POINT('',(21.867128118784,15.637530774148));
#4808 = CARTESIAN_POINT('',(21.877001953125,15.627997741699));
#4809 = ( GEOMETRIC_REPRESENTATION_CONTEXT(2) 
PARAMETRIC_REPRESENTATION_CONTEXT() REPRESENTATION_CONTEXT('2D SPACE',''
  ) );
#4810 = PCURVE('',#4811,#4818);
#4811 = SURFACE_OF_LINEAR_EXTRUSION('',#4812,#4816);
#4812 = B_SPLINE_CURVE_WITH_KNOTS('',2,(#4813,#4814,#4815),
  .UNSPECIFIED.,.F.,.F.,(3,3),(0.,1.),.PIECEWISE_BEZIER_KNOTS.);
#4813 = CARTESIAN_POINT('',(79.877001953125,-42.8720022583,32.9));
#4814 = CARTESIAN_POINT('',(79.702998046875,-42.70400421142,32.9));
#4815 = CARTESIAN_POINT('',(79.402998046875,-42.70400421142,32.9));
#4816 = VECTOR('',#4817,1.);
#4817 = DIRECTION('',(-0.,-0.,-1.));
#4818 = DEFINITIONAL_REPRESENTATION('',(#4819),#4830);
#4819 = B_SPLINE_CURVE_WITH_KNOTS('',5,(#4820,#4821,#4822,#4823,#4824,
    #4825,#4826,#4827,#4828,#4829),.UNSPECIFIED.,.F.,.F.,(6,4,6),(0.,
    0.860009300675,1.),.UNSPECIFIED.);
#4820 = CARTESIAN_POINT('',(1.,-0.6));
#4821 = CARTESIAN_POINT('',(0.833979064202,-0.6));
#4822 = CARTESIAN_POINT('',(0.664063342914,-0.6));
#4823 = CARTESIAN_POINT('',(0.4911640433,-0.6));
#4824 = CARTESIAN_POINT('',(0.316556141498,-0.6));
#4825 = CARTESIAN_POINT('',(0.11358607901,-0.6));
#4826 = CARTESIAN_POINT('',(8.517227187164E-02,-0.6));
#4827 = CARTESIAN_POINT('',(5.676545748368E-02,-0.6));
#4828 = CARTESIAN_POINT('',(2.837245023426E-02,-0.6));
#4829 = CARTESIAN_POINT('',(0.,-0.6));
#4830 = ( GEOMETRIC_REPRESENTATION_CONTEXT(2) 
PARAMETRIC_REPRESENTATION_CONTEXT() REPRESENTATION_CONTEXT('2D SPACE',''
  ) );
#4831 = ORIENTED_EDGE('',*,*,#4832,.F.);
#4832 = EDGE_CURVE('',#4833,#4782,#4835,.T.);
#4833 = VERTEX_POINT('',#4834);
#4834 = CARTESIAN_POINT('',(78.785,-42.99500030517,33.5));
#4835 = SURFACE_CURVE('',#4836,(#4847,#4861),.PCURVE_S1.);
#4836 = B_SPLINE_CURVE_WITH_KNOTS('',5,(#4837,#4838,#4839,#4840,#4841,
    #4842,#4843,#4844,#4845,#4846),.UNSPECIFIED.,.F.,.F.,(6,4,6),(0.,
    0.461132110586,1.),.UNSPECIFIED.);
#4837 = CARTESIAN_POINT('',(78.785,-42.99500030517,33.5));
#4838 = CARTESIAN_POINT('',(78.827382048924,-42.94229381154,33.5));
#4839 = CARTESIAN_POINT('',(78.873456817301,-42.8947866203,33.5));
#4840 = CARTESIAN_POINT('',(78.923235631498,-42.85303456544,33.5));
#4841 = CARTESIAN_POINT('',(78.976601097017,-42.81746146594,33.5));
#4842 = CARTESIAN_POINT('',(79.099403591215,-42.75407359837,33.5));
#4843 = CARTESIAN_POINT('',(79.170055372891,-42.72856637188,33.5));
#4844 = CARTESIAN_POINT('',(79.244663981651,-42.71198721034,33.5));
#4845 = CARTESIAN_POINT('',(79.32254714926,-42.70400421142,33.5));
#4846 = CARTESIAN_POINT('',(79.402998046875,-42.70400421142,33.5));
#4847 = PCURVE('',#1484,#4848);
#4848 = DEFINITIONAL_REPRESENTATION('',(#4849),#4860);
#4849 = B_SPLINE_CURVE_WITH_KNOTS('',5,(#4850,#4851,#4852,#4853,#4854,
    #4855,#4856,#4857,#4858,#4859),.UNSPECIFIED.,.F.,.F.,(6,4,6),(0.,
    0.461132110586,1.),.UNSPECIFIED.);
#4850 = CARTESIAN_POINT('',(20.785,15.504999694824));
#4851 = CARTESIAN_POINT('',(20.827382048924,15.557706188453));
#4852 = CARTESIAN_POINT('',(20.873456817301,15.605213379691));
#4853 = CARTESIAN_POINT('',(20.923235631498,15.646965434559));
#4854 = CARTESIAN_POINT('',(20.976601097017,15.682538534056));
#4855 = CARTESIAN_POINT('',(21.099403591215,15.745926401628));
#4856 = CARTESIAN_POINT('',(21.170055372891,15.771433628113));
#4857 = CARTESIAN_POINT('',(21.244663981651,15.788012789652));
#4858 = CARTESIAN_POINT('',(21.32254714926,15.795995788574));
#4859 = CARTESIAN_POINT('',(21.402998046875,15.795995788574));
#4860 = ( GEOMETRIC_REPRESENTATION_CONTEXT(2) 
PARAMETRIC_REPRESENTATION_CONTEXT() REPRESENTATION_CONTEXT('2D SPACE',''
  ) );
#4861 = PCURVE('',#4862,#4869);
#4862 = SURFACE_OF_LINEAR_EXTRUSION('',#4863,#4867);
#4863 = B_SPLINE_CURVE_WITH_KNOTS('',2,(#4864,#4865,#4866),
  .UNSPECIFIED.,.F.,.F.,(3,3),(0.,1.),.PIECEWISE_BEZIER_KNOTS.);
#4864 = CARTESIAN_POINT('',(79.402998046875,-42.70400421142,32.9));
#4865 = CARTESIAN_POINT('',(79.018994140625,-42.70400421142,32.9));
#4866 = CARTESIAN_POINT('',(78.785,-42.99500030517,32.9));
#4867 = VECTOR('',#4868,1.);
#4868 = DIRECTION('',(-0.,-0.,-1.));
#4869 = DEFINITIONAL_REPRESENTATION('',(#4870),#4881);
#4870 = B_SPLINE_CURVE_WITH_KNOTS('',5,(#4871,#4872,#4873,#4874,#4875,
    #4876,#4877,#4878,#4879,#4880),.UNSPECIFIED.,.F.,.F.,(6,4,6),(0.,
    0.461132110586,1.),.UNSPECIFIED.);
#4871 = CARTESIAN_POINT('',(1.,-0.6));
#4872 = CARTESIAN_POINT('',(0.909437798718,-0.6));
#4873 = CARTESIAN_POINT('',(0.817557308486,-0.6));
#4874 = CARTESIAN_POINT('',(0.724716870051,-0.6));
#4875 = CARTESIAN_POINT('',(0.631353816275,-0.6));
#4876 = CARTESIAN_POINT('',(0.42890897643,-0.6));
#4877 = CARTESIAN_POINT('',(0.319794371471,-0.6));
#4878 = CARTESIAN_POINT('',(0.211520421564,-0.6));
#4879 = CARTESIAN_POINT('',(0.104752707337,-0.6));
#4880 = CARTESIAN_POINT('',(0.,-0.6));
#4881 = ( GEOMETRIC_REPRESENTATION_CONTEXT(2) 
PARAMETRIC_REPRESENTATION_CONTEXT() REPRESENTATION_CONTEXT('2D SPACE',''
  ) );
#4882 = ORIENTED_EDGE('',*,*,#4883,.F.);
#4883 = EDGE_CURVE('',#4884,#4833,#4886,.T.);
#4884 = VERTEX_POINT('',#4885);
#4885 = CARTESIAN_POINT('',(78.551005859375,-43.76599639892,33.5));
#4886 = SURFACE_CURVE('',#4887,(#4898,#4912),.PCURVE_S1.);
#4887 = B_SPLINE_CURVE_WITH_KNOTS('',5,(#4888,#4889,#4890,#4891,#4892,
    #4893,#4894,#4895,#4896,#4897),.UNSPECIFIED.,.F.,.F.,(6,4,6),(0.,
    0.51350900304,1.),.UNSPECIFIED.);
#4888 = CARTESIAN_POINT('',(78.551005859375,-43.76599639892,33.5));
#4889 = CARTESIAN_POINT('',(78.551005859375,-43.67387662376,33.5));
#4890 = CARTESIAN_POINT('',(78.556392856894,-43.58401874068,33.5));
#4891 = CARTESIAN_POINT('',(78.567652486533,-43.49689900731,33.5));
#4892 = CARTESIAN_POINT('',(78.585266738823,-43.41310893878,33.5));
#4893 = CARTESIAN_POINT('',(78.632466798734,-43.25758768633,33.5));
#4894 = CARTESIAN_POINT('',(78.66137623351,-43.18544484915,33.5));
#4895 = CARTESIAN_POINT('',(78.696454452111,-43.11735064202,33.5));
#4896 = CARTESIAN_POINT('',(78.737745656288,-43.05376600501,33.5));
#4897 = CARTESIAN_POINT('',(78.785,-42.99500030517,33.5));
#4898 = PCURVE('',#1484,#4899);
#4899 = DEFINITIONAL_REPRESENTATION('',(#4900),#4911);
#4900 = B_SPLINE_CURVE_WITH_KNOTS('',5,(#4901,#4902,#4903,#4904,#4905,
    #4906,#4907,#4908,#4909,#4910),.UNSPECIFIED.,.F.,.F.,(6,4,6),(0.,
    0.51350900304,1.),.UNSPECIFIED.);
#4901 = CARTESIAN_POINT('',(20.551005859375,14.734003601074));
#4902 = CARTESIAN_POINT('',(20.551005859375,14.826123376234));
#4903 = CARTESIAN_POINT('',(20.556392856894,14.915981259315));
#4904 = CARTESIAN_POINT('',(20.567652486533,15.003100992688));
#4905 = CARTESIAN_POINT('',(20.585266738823,15.086891061215));
#4906 = CARTESIAN_POINT('',(20.632466798734,15.242412313664));
#4907 = CARTESIAN_POINT('',(20.66137623351,15.314555150845));
#4908 = CARTESIAN_POINT('',(20.696454452111,15.38264935798));
#4909 = CARTESIAN_POINT('',(20.737745656288,15.446233994982));
#4910 = CARTESIAN_POINT('',(20.785,15.504999694824));
#4911 = ( GEOMETRIC_REPRESENTATION_CONTEXT(2) 
PARAMETRIC_REPRESENTATION_CONTEXT() REPRESENTATION_CONTEXT('2D SPACE',''
  ) );
#4912 = PCURVE('',#4913,#4920);
#4913 = SURFACE_OF_LINEAR_EXTRUSION('',#4914,#4918);
#4914 = B_SPLINE_CURVE_WITH_KNOTS('',2,(#4915,#4916,#4917),
  .UNSPECIFIED.,.F.,.F.,(3,3),(0.,1.),.PIECEWISE_BEZIER_KNOTS.);
#4915 = CARTESIAN_POINT('',(78.785,-42.99500030517,32.9));
#4916 = CARTESIAN_POINT('',(78.551005859375,-43.28599639892,32.9));
#4917 = CARTESIAN_POINT('',(78.551005859375,-43.76599639892,32.9));
#4918 = VECTOR('',#4919,1.);
#4919 = DIRECTION('',(-0.,-0.,-1.));
#4920 = DEFINITIONAL_REPRESENTATION('',(#4921),#4932);
#4921 = B_SPLINE_CURVE_WITH_KNOTS('',5,(#4922,#4923,#4924,#4925,#4926,
    #4927,#4928,#4929,#4930,#4931),.UNSPECIFIED.,.F.,.F.,(6,4,6),(0.,
    0.51350900304,1.),.UNSPECIFIED.);
#4922 = CARTESIAN_POINT('',(1.,-0.6));
#4923 = CARTESIAN_POINT('',(0.904041900875,-0.6));
#4924 = CARTESIAN_POINT('',(0.80590740252,-0.6));
#4925 = CARTESIAN_POINT('',(0.705684001151,-0.6));
#4926 = CARTESIAN_POINT('',(0.603582318956,-0.6));
#4927 = CARTESIAN_POINT('',(0.40186761027,-0.6));
#4928 = CARTESIAN_POINT('',(0.302394868003,-0.6));
#4929 = CARTESIAN_POINT('',(0.201949128921,-0.6));
#4930 = CARTESIAN_POINT('',(0.100973348276,-0.6));
#4931 = CARTESIAN_POINT('',(0.,-0.6));
#4932 = ( GEOMETRIC_REPRESENTATION_CONTEXT(2) 
PARAMETRIC_REPRESENTATION_CONTEXT() REPRESENTATION_CONTEXT('2D SPACE',''
  ) );
#4933 = ORIENTED_EDGE('',*,*,#4934,.F.);
#4934 = EDGE_CURVE('',#4935,#4884,#4937,.T.);
#4935 = VERTEX_POINT('',#4936);
#4936 = CARTESIAN_POINT('',(78.551005859375,-45.50000030517,33.5));
#4937 = SURFACE_CURVE('',#4938,(#4942,#4948),.PCURVE_S1.);
#4938 = LINE('',#4939,#4940);
#4939 = CARTESIAN_POINT('',(78.551005859375,-51.13299819946,33.5));
#4940 = VECTOR('',#4941,1.);
#4941 = DIRECTION('',(0.,1.,0.));
#4942 = PCURVE('',#1484,#4943);
#4943 = DEFINITIONAL_REPRESENTATION('',(#4944),#4947);
#4944 = B_SPLINE_CURVE_WITH_KNOTS('',1,(#4945,#4946),.UNSPECIFIED.,.F.,
  .F.,(2,2),(5.632997894287,7.367001800537),.PIECEWISE_BEZIER_KNOTS.);
#4945 = CARTESIAN_POINT('',(20.551005859375,12.999999694824));
#4946 = CARTESIAN_POINT('',(20.551005859375,14.734003601074));
#4947 = ( GEOMETRIC_REPRESENTATION_CONTEXT(2) 
PARAMETRIC_REPRESENTATION_CONTEXT() REPRESENTATION_CONTEXT('2D SPACE',''
  ) );
#4948 = PCURVE('',#4949,#4954);
#4949 = PLANE('',#4950);
#4950 = AXIS2_PLACEMENT_3D('',#4951,#4952,#4953);
#4951 = CARTESIAN_POINT('',(78.551005859375,-43.76599639892,32.9));
#4952 = DIRECTION('',(1.,0.,0.));
#4953 = DIRECTION('',(0.,-1.,0.));
#4954 = DEFINITIONAL_REPRESENTATION('',(#4955),#4958);
#4955 = B_SPLINE_CURVE_WITH_KNOTS('',1,(#4956,#4957),.UNSPECIFIED.,.F.,
  .F.,(2,2),(5.632997894287,7.367001800537),.PIECEWISE_BEZIER_KNOTS.);
#4956 = CARTESIAN_POINT('',(1.73400390625,-0.6));
#4957 = CARTESIAN_POINT('',(0.,-0.6));
#4958 = ( GEOMETRIC_REPRESENTATION_CONTEXT(2) 
PARAMETRIC_REPRESENTATION_CONTEXT() REPRESENTATION_CONTEXT('2D SPACE',''
  ) );
#4959 = ORIENTED_EDGE('',*,*,#4960,.F.);
#4960 = EDGE_CURVE('',#4377,#4935,#4961,.T.);
#4961 = SURFACE_CURVE('',#4962,(#4966,#4972),.PCURVE_S1.);
#4962 = LINE('',#4963,#4964);
#4963 = CARTESIAN_POINT('',(68.275502929688,-45.50000030517,33.5));
#4964 = VECTOR('',#4965,1.);
#4965 = DIRECTION('',(1.,0.,-0.));
#4966 = PCURVE('',#1484,#4967);
#4967 = DEFINITIONAL_REPRESENTATION('',(#4968),#4971);
#4968 = B_SPLINE_CURVE_WITH_KNOTS('',1,(#4969,#4970),.UNSPECIFIED.,.F.,
  .F.,(2,2),(9.771499023437,10.275502929688),.PIECEWISE_BEZIER_KNOTS.);
#4969 = CARTESIAN_POINT('',(20.047001953125,12.999999694824));
#4970 = CARTESIAN_POINT('',(20.551005859375,12.999999694824));
#4971 = ( GEOMETRIC_REPRESENTATION_CONTEXT(2) 
PARAMETRIC_REPRESENTATION_CONTEXT() REPRESENTATION_CONTEXT('2D SPACE',''
  ) );
#4972 = PCURVE('',#4973,#4978);
#4973 = PLANE('',#4974);
#4974 = AXIS2_PLACEMENT_3D('',#4975,#4976,#4977);
#4975 = CARTESIAN_POINT('',(78.551005859375,-45.50000030517,32.9));
#4976 = DIRECTION('',(0.,-1.,0.));
#4977 = DIRECTION('',(-1.,0.,0.));
#4978 = DEFINITIONAL_REPRESENTATION('',(#4979),#4982);
#4979 = B_SPLINE_CURVE_WITH_KNOTS('',1,(#4980,#4981),.UNSPECIFIED.,.F.,
  .F.,(2,2),(9.771499023437,10.275502929688),.PIECEWISE_BEZIER_KNOTS.);
#4980 = CARTESIAN_POINT('',(0.50400390625,-0.6));
#4981 = CARTESIAN_POINT('',(0.,-0.6));
#4982 = ( GEOMETRIC_REPRESENTATION_CONTEXT(2) 
PARAMETRIC_REPRESENTATION_CONTEXT() REPRESENTATION_CONTEXT('2D SPACE',''
  ) );
#4983 = FACE_BOUND('',#4984,.T.);
#4984 = EDGE_LOOP('',(#4985));
#4985 = ORIENTED_EDGE('',*,*,#4986,.T.);
#4986 = EDGE_CURVE('',#4987,#4987,#4989,.T.);
#4987 = VERTEX_POINT('',#4988);
#4988 = CARTESIAN_POINT('',(97.1,-58.5,33.5));
#4989 = SURFACE_CURVE('',#4990,(#4995,#5006),.PCURVE_S1.);
#4990 = CIRCLE('',#4991,3.1);
#4991 = AXIS2_PLACEMENT_3D('',#4992,#4993,#4994);
#4992 = CARTESIAN_POINT('',(94.,-58.5,33.5));
#4993 = DIRECTION('',(0.,0.,-1.));
#4994 = DIRECTION('',(1.,0.,0.));
#4995 = PCURVE('',#1484,#4996);
#4996 = DEFINITIONAL_REPRESENTATION('',(#4997),#5005);
#4997 = ( BOUNDED_CURVE() B_SPLINE_CURVE(2,(#4998,#4999,#5000,#5001,
#5002,#5003,#5004),.UNSPECIFIED.,.T.,.F.) B_SPLINE_CURVE_WITH_KNOTS((1,2
    ,2,2,2,1),(-2.094395102393,0.,2.094395102393,4.188790204786,
6.28318530718,8.377580409573),.UNSPECIFIED.) CURVE() 
GEOMETRIC_REPRESENTATION_ITEM() RATIONAL_B_SPLINE_CURVE((1.,0.5,1.,0.5,
1.,0.5,1.)) REPRESENTATION_ITEM('') );
#4998 = CARTESIAN_POINT('',(39.1,0.));
#4999 = CARTESIAN_POINT('',(39.1,-5.369357503464));
#5000 = CARTESIAN_POINT('',(34.45,-2.684678751732));
#5001 = CARTESIAN_POINT('',(29.8,-7.592810154714E-16));
#5002 = CARTESIAN_POINT('',(34.45,2.684678751732));
#5003 = CARTESIAN_POINT('',(39.1,5.369357503464));
#5004 = CARTESIAN_POINT('',(39.1,0.));
#5005 = ( GEOMETRIC_REPRESENTATION_CONTEXT(2) 
PARAMETRIC_REPRESENTATION_CONTEXT() REPRESENTATION_CONTEXT('2D SPACE',''
  ) );
#5006 = PCURVE('',#5007,#5012);
#5007 = CYLINDRICAL_SURFACE('',#5008,3.1);
#5008 = AXIS2_PLACEMENT_3D('',#5009,#5010,#5011);
#5009 = CARTESIAN_POINT('',(94.,-58.5,32.3));
#5010 = DIRECTION('',(-0.,-0.,-1.));
#5011 = DIRECTION('',(1.,0.,0.));
#5012 = DEFINITIONAL_REPRESENTATION('',(#5013),#5017);
#5013 = LINE('',#5014,#5015);
#5014 = CARTESIAN_POINT('',(-6.28318530718,-1.2));
#5015 = VECTOR('',#5016,1.);
#5016 = DIRECTION('',(1.,-0.));
#5017 = ( GEOMETRIC_REPRESENTATION_CONTEXT(2) 
PARAMETRIC_REPRESENTATION_CONTEXT() REPRESENTATION_CONTEXT('2D SPACE',''
  ) );
#5018 = FACE_BOUND('',#5019,.T.);
#5019 = EDGE_LOOP('',(#5020,#5085,#5142,#5199,#5262,#5325,#5382,#5439));
#5020 = ORIENTED_EDGE('',*,*,#5021,.F.);
#5021 = EDGE_CURVE('',#5022,#5024,#5026,.T.);
#5022 = VERTEX_POINT('',#5023);
#5023 = CARTESIAN_POINT('',(83.497998046875,-42.71299835205,33.5));
#5024 = VERTEX_POINT('',#5025);
#5025 = CARTESIAN_POINT('',(82.444990234375,-42.26599639892,33.5));
#5026 = SURFACE_CURVE('',#5027,(#5042,#5060),.PCURVE_S1.);
#5027 = B_SPLINE_CURVE_WITH_KNOTS('',5,(#5028,#5029,#5030,#5031,#5032,
    #5033,#5034,#5035,#5036,#5037,#5038,#5039,#5040,#5041),
  .UNSPECIFIED.,.F.,.F.,(6,4,4,6),(0.,0.289173949097,0.743246133558,1.),
  .UNSPECIFIED.);
#5028 = CARTESIAN_POINT('',(83.497998046875,-42.71299835205,33.5));
#5029 = CARTESIAN_POINT('',(83.454243430263,-42.66084262116,33.5));
#5030 = CARTESIAN_POINT('',(83.407441438113,-42.61193105592,33.5));
#5031 = CARTESIAN_POINT('',(83.357617135455,-42.56658856572,33.5));
#5032 = CARTESIAN_POINT('',(83.304878282809,-42.52507407612,33.5));
#5033 = CARTESIAN_POINT('',(83.16241361991,-42.42859667059,33.5));
#5034 = CARTESIAN_POINT('',(83.068712447185,-42.37944237469,33.5));
#5035 = CARTESIAN_POINT('',(82.969250697923,-42.34069847656,33.5));
#5036 = CARTESIAN_POINT('',(82.865227034629,-42.31200229851,33.5));
#5037 = CARTESIAN_POINT('',(82.69708412911,-42.28164328058,33.5));
#5038 = CARTESIAN_POINT('',(82.635253779985,-42.2736492876,33.5));
#5039 = CARTESIAN_POINT('',(82.572519831509,-42.26849065531,33.5));
#5040 = CARTESIAN_POINT('',(82.509052834931,-42.26599639892,33.5));
#5041 = CARTESIAN_POINT('',(82.444990234375,-42.26599639892,33.5));
#5042 = PCURVE('',#1484,#5043);
#5043 = DEFINITIONAL_REPRESENTATION('',(#5044),#5059);
#5044 = B_SPLINE_CURVE_WITH_KNOTS('',5,(#5045,#5046,#5047,#5048,#5049,
    #5050,#5051,#5052,#5053,#5054,#5055,#5056,#5057,#5058),
  .UNSPECIFIED.,.F.,.F.,(6,4,4,6),(0.,0.289173949097,0.743246133558,1.),
  .UNSPECIFIED.);
#5045 = CARTESIAN_POINT('',(25.497998046875,15.787001647949));
#5046 = CARTESIAN_POINT('',(25.454243430263,15.83915737884));
#5047 = CARTESIAN_POINT('',(25.407441438113,15.888068944071));
#5048 = CARTESIAN_POINT('',(25.357617135455,15.933411434278));
#5049 = CARTESIAN_POINT('',(25.304878282809,15.974925923873));
#5050 = CARTESIAN_POINT('',(25.16241361991,16.071403329409));
#5051 = CARTESIAN_POINT('',(25.068712447185,16.120557625306));
#5052 = CARTESIAN_POINT('',(24.969250697923,16.159301523439));
#5053 = CARTESIAN_POINT('',(24.865227034629,16.187997701489));
#5054 = CARTESIAN_POINT('',(24.69708412911,16.218356719418));
#5055 = CARTESIAN_POINT('',(24.635253779985,16.226350712393));
#5056 = CARTESIAN_POINT('',(24.572519831509,16.231509344686));
#5057 = CARTESIAN_POINT('',(24.509052834931,16.234003601074));
#5058 = CARTESIAN_POINT('',(24.444990234375,16.234003601074));
#5059 = ( GEOMETRIC_REPRESENTATION_CONTEXT(2) 
PARAMETRIC_REPRESENTATION_CONTEXT() REPRESENTATION_CONTEXT('2D SPACE',''
  ) );
#5060 = PCURVE('',#5061,#5068);
#5061 = SURFACE_OF_LINEAR_EXTRUSION('',#5062,#5066);
#5062 = B_SPLINE_CURVE_WITH_KNOTS('',2,(#5063,#5064,#5065),
  .UNSPECIFIED.,.F.,.F.,(3,3),(0.,1.),.PIECEWISE_BEZIER_KNOTS.);
#5063 = CARTESIAN_POINT('',(82.444990234375,-42.26599639892,32.9));
#5064 = CARTESIAN_POINT('',(83.122998046875,-42.26599639892,32.9));
#5065 = CARTESIAN_POINT('',(83.497998046875,-42.71299835205,32.9));
#5066 = VECTOR('',#5067,1.);
#5067 = DIRECTION('',(-0.,-0.,-1.));
#5068 = DEFINITIONAL_REPRESENTATION('',(#5069),#5084);
#5069 = B_SPLINE_CURVE_WITH_KNOTS('',5,(#5070,#5071,#5072,#5073,#5074,
    #5075,#5076,#5077,#5078,#5079,#5080,#5081,#5082,#5083),
  .UNSPECIFIED.,.F.,.F.,(6,4,4,6),(0.,0.289173949097,0.743246133558,1.),
  .UNSPECIFIED.);
#5070 = CARTESIAN_POINT('',(1.,-0.6));
#5071 = CARTESIAN_POINT('',(0.941660511184,-0.6));
#5072 = CARTESIAN_POINT('',(0.882695466793,-0.6));
#5073 = CARTESIAN_POINT('',(0.82328577206,-0.6));
#5074 = CARTESIAN_POINT('',(0.76364033136,-0.6));
#5075 = CARTESIAN_POINT('',(0.610350431541,-0.6));
#5076 = CARTESIAN_POINT('',(0.516678029224,-0.6));
#5077 = CARTESIAN_POINT('',(0.423961579871,-0.6));
#5078 = CARTESIAN_POINT('',(0.332903741552,-0.6));
#5079 = CARTESIAN_POINT('',(0.193729624131,-0.6));
#5080 = CARTESIAN_POINT('',(0.144136381368,-0.6));
#5081 = CARTESIAN_POINT('',(9.52941607081E-02,-0.6));
#5082 = CARTESIAN_POINT('',(4.724326134251E-02,-0.6));
#5083 = CARTESIAN_POINT('',(0.,-0.6));
#5084 = ( GEOMETRIC_REPRESENTATION_CONTEXT(2) 
PARAMETRIC_REPRESENTATION_CONTEXT() REPRESENTATION_CONTEXT('2D SPACE',''
  ) );
#5085 = ORIENTED_EDGE('',*,*,#5086,.F.);
#5086 = EDGE_CURVE('',#5087,#5022,#5089,.T.);
#5087 = VERTEX_POINT('',#5088);
#5088 = CARTESIAN_POINT('',(83.872998046875,-43.97599639892,33.5));
#5089 = SURFACE_CURVE('',#5090,(#5103,#5119),.PCURVE_S1.);
#5090 = B_SPLINE_CURVE_WITH_KNOTS('',6,(#5091,#5092,#5093,#5094,#5095,
    #5096,#5097,#5098,#5099,#5100,#5101,#5102),.UNSPECIFIED.,.F.,.F.,(7,
    5,7),(0.,0.455146266763,1.),.UNSPECIFIED.);
#5091 = CARTESIAN_POINT('',(83.872998046875,-43.97599639892,33.5));
#5092 = CARTESIAN_POINT('',(83.872998046875,-43.86748150432,33.5));
#5093 = CARTESIAN_POINT('',(83.869018997059,-43.76004340938,33.5));
#5094 = CARTESIAN_POINT('',(83.860670223103,-43.6539348198,33.5));
#5095 = CARTESIAN_POINT('',(83.847513414977,-43.54952024684,33.5));
#5096 = CARTESIAN_POINT('',(83.829081004444,-43.4472693924,33.5));
#5097 = CARTESIAN_POINT('',(83.776050892299,-43.22857467389,33.5));
#5098 = CARTESIAN_POINT('',(83.738972010783,-43.11325938115,33.5));
#5099 = CARTESIAN_POINT('',(83.692992025565,-43.00285770822,33.5));
#5100 = CARTESIAN_POINT('',(83.637534438815,-42.89858185661,33.5));
#5101 = CARTESIAN_POINT('',(83.572366469752,-42.80164589945,33.5));
#5102 = CARTESIAN_POINT('',(83.497998046875,-42.71299835205,33.5));
#5103 = PCURVE('',#1484,#5104);
#5104 = DEFINITIONAL_REPRESENTATION('',(#5105),#5118);
#5105 = B_SPLINE_CURVE_WITH_KNOTS('',6,(#5106,#5107,#5108,#5109,#5110,
    #5111,#5112,#5113,#5114,#5115,#5116,#5117),.UNSPECIFIED.,.F.,.F.,(7,
    5,7),(0.,0.455146266763,1.),.UNSPECIFIED.);
#5106 = CARTESIAN_POINT('',(25.872998046875,14.524003601074));
#5107 = CARTESIAN_POINT('',(25.872998046875,14.632518495674));
#5108 = CARTESIAN_POINT('',(25.869018997059,14.739956590613));
#5109 = CARTESIAN_POINT('',(25.860670223103,14.846065180192));
#5110 = CARTESIAN_POINT('',(25.847513414977,14.950479753152));
#5111 = CARTESIAN_POINT('',(25.829081004444,15.052730607597));
#5112 = CARTESIAN_POINT('',(25.776050892299,15.271425326102));
#5113 = CARTESIAN_POINT('',(25.738972010783,15.386740618848));
#5114 = CARTESIAN_POINT('',(25.692992025565,15.497142291779));
#5115 = CARTESIAN_POINT('',(25.637534438815,15.601418143389));
#5116 = CARTESIAN_POINT('',(25.572366469752,15.698354100544));
#5117 = CARTESIAN_POINT('',(25.497998046875,15.787001647949));
#5118 = ( GEOMETRIC_REPRESENTATION_CONTEXT(2) 
PARAMETRIC_REPRESENTATION_CONTEXT() REPRESENTATION_CONTEXT('2D SPACE',''
  ) );
#5119 = PCURVE('',#5120,#5127);
#5120 = SURFACE_OF_LINEAR_EXTRUSION('',#5121,#5125);
#5121 = B_SPLINE_CURVE_WITH_KNOTS('',2,(#5122,#5123,#5124),
  .UNSPECIFIED.,.F.,.F.,(3,3),(0.,1.),.PIECEWISE_BEZIER_KNOTS.);
#5122 = CARTESIAN_POINT('',(83.497998046875,-42.71299835205,32.9));
#5123 = CARTESIAN_POINT('',(83.872998046875,-43.16000030517,32.9));
#5124 = CARTESIAN_POINT('',(83.872998046875,-43.97599639892,32.9));
#5125 = VECTOR('',#5126,1.);
#5126 = DIRECTION('',(-0.,-0.,-1.));
#5127 = DEFINITIONAL_REPRESENTATION('',(#5128),#5141);
#5128 = B_SPLINE_CURVE_WITH_KNOTS('',6,(#5129,#5130,#5131,#5132,#5133,
    #5134,#5135,#5136,#5137,#5138,#5139,#5140),.UNSPECIFIED.,.F.,.F.,(7,
    5,7),(0.,0.455146266763,1.),.UNSPECIFIED.);
#5129 = CARTESIAN_POINT('',(1.,-0.6));
#5130 = CARTESIAN_POINT('',(0.933507711966,-0.6));
#5131 = CARTESIAN_POINT('',(0.865276124439,-0.6));
#5132 = CARTESIAN_POINT('',(0.795224531313,-0.6));
#5133 = CARTESIAN_POINT('',(0.723312013914,-0.6));
#5134 = CARTESIAN_POINT('',(0.649544468134,-0.6));
#5135 = CARTESIAN_POINT('',(0.483566026365,-0.6));
#5136 = CARTESIAN_POINT('',(0.39055067129,-0.6));
#5137 = CARTESIAN_POINT('',(0.295179344675,-0.6));
#5138 = CARTESIAN_POINT('',(0.19784723018,-0.6));
#5139 = CARTESIAN_POINT('',(9.915789716956E-02,-0.6));
#5140 = CARTESIAN_POINT('',(0.,-0.6));
#5141 = ( GEOMETRIC_REPRESENTATION_CONTEXT(2) 
PARAMETRIC_REPRESENTATION_CONTEXT() REPRESENTATION_CONTEXT('2D SPACE',''
  ) );
#5142 = ORIENTED_EDGE('',*,*,#5143,.F.);
#5143 = EDGE_CURVE('',#5144,#5087,#5146,.T.);
#5144 = VERTEX_POINT('',#5145);
#5145 = CARTESIAN_POINT('',(83.4919921875,-45.19400421142,33.5));
#5146 = SURFACE_CURVE('',#5147,(#5160,#5176),.PCURVE_S1.);
#5147 = B_SPLINE_CURVE_WITH_KNOTS('',6,(#5148,#5149,#5150,#5151,#5152,
    #5153,#5154,#5155,#5156,#5157,#5158,#5159),.UNSPECIFIED.,.F.,.F.,(7,
    5,7),(0.,0.597156706978,1.),.UNSPECIFIED.);
#5148 = CARTESIAN_POINT('',(83.4919921875,-45.19400421142,33.5));
#5149 = CARTESIAN_POINT('',(83.573033874683,-45.09956255182,33.5));
#5150 = CARTESIAN_POINT('',(83.643738830539,-44.99615594239,33.5));
#5151 = CARTESIAN_POINT('',(83.703297555102,-44.88472015234,33.5));
#5152 = CARTESIAN_POINT('',(83.751807374428,-44.76653606659,33.5));
#5153 = CARTESIAN_POINT('',(83.789858947645,-44.64296800918,33.5));
#5154 = CARTESIAN_POINT('',(83.837436135093,-44.42915783535,33.5));
#5155 = CARTESIAN_POINT('',(83.852222603204,-44.34111957341,33.5));
#5156 = CARTESIAN_POINT('',(83.862886888494,-44.25151380516,33.5));
#5157 = CARTESIAN_POINT('',(83.869715718835,-44.16063766325,33.5));
#5158 = CARTESIAN_POINT('',(83.872998046875,-44.06873694388,33.5));
#5159 = CARTESIAN_POINT('',(83.872998046875,-43.97599639892,33.5));
#5160 = PCURVE('',#1484,#5161);
#5161 = DEFINITIONAL_REPRESENTATION('',(#5162),#5175);
#5162 = B_SPLINE_CURVE_WITH_KNOTS('',6,(#5163,#5164,#5165,#5166,#5167,
    #5168,#5169,#5170,#5171,#5172,#5173,#5174),.UNSPECIFIED.,.F.,.F.,(7,
    5,7),(0.,0.597156706978,1.),.UNSPECIFIED.);
#5163 = CARTESIAN_POINT('',(25.4919921875,13.305995788574));
#5164 = CARTESIAN_POINT('',(25.573033874683,13.400437448178));
#5165 = CARTESIAN_POINT('',(25.643738830539,13.503844057602));
#5166 = CARTESIAN_POINT('',(25.703297555102,13.615279847651));
#5167 = CARTESIAN_POINT('',(25.751807374428,13.733463933404));
#5168 = CARTESIAN_POINT('',(25.789858947645,13.857031990817));
#5169 = CARTESIAN_POINT('',(25.837436135093,14.070842164642));
#5170 = CARTESIAN_POINT('',(25.852222603204,14.158880426585));
#5171 = CARTESIAN_POINT('',(25.862886888494,14.248486194833));
#5172 = CARTESIAN_POINT('',(25.869715718835,14.33936233675));
#5173 = CARTESIAN_POINT('',(25.872998046875,14.43126305612));
#5174 = CARTESIAN_POINT('',(25.872998046875,14.524003601074));
#5175 = ( GEOMETRIC_REPRESENTATION_CONTEXT(2) 
PARAMETRIC_REPRESENTATION_CONTEXT() REPRESENTATION_CONTEXT('2D SPACE',''
  ) );
#5176 = PCURVE('',#5177,#5184);
#5177 = SURFACE_OF_LINEAR_EXTRUSION('',#5178,#5182);
#5178 = B_SPLINE_CURVE_WITH_KNOTS('',2,(#5179,#5180,#5181),
  .UNSPECIFIED.,.F.,.F.,(3,3),(0.,1.),.PIECEWISE_BEZIER_KNOTS.);
#5179 = CARTESIAN_POINT('',(83.872998046875,-43.97599639892,32.9));
#5180 = CARTESIAN_POINT('',(83.872998046875,-44.75000030517,32.9));
#5181 = CARTESIAN_POINT('',(83.4919921875,-45.19400421142,32.9));
#5182 = VECTOR('',#5183,1.);
#5183 = DIRECTION('',(-0.,-0.,-1.));
#5184 = DEFINITIONAL_REPRESENTATION('',(#5185),#5198);
#5185 = B_SPLINE_CURVE_WITH_KNOTS('',6,(#5186,#5187,#5188,#5189,#5190,
    #5191,#5192,#5193,#5194,#5195,#5196,#5197),.UNSPECIFIED.,.F.,.F.,(7,
    5,7),(0.,0.597156706978,1.),.UNSPECIFIED.);
#5186 = CARTESIAN_POINT('',(1.,-0.6));
#5187 = CARTESIAN_POINT('',(0.893647715398,-0.6));
#5188 = CARTESIAN_POINT('',(0.787287670415,-0.6));
#5189 = CARTESIAN_POINT('',(0.681977288732,-0.6));
#5190 = CARTESIAN_POINT('',(0.578489556146,-0.6));
#5191 = CARTESIAN_POINT('',(0.477375333828,-0.6));
#5192 = CARTESIAN_POINT('',(0.312635772707,-0.6));
#5193 = CARTESIAN_POINT('',(0.247490596258,-0.6));
#5194 = CARTESIAN_POINT('',(0.183639233278,-0.6));
#5195 = CARTESIAN_POINT('',(0.121113201358,-0.6));
#5196 = CARTESIAN_POINT('',(5.990961040693E-02,-0.6));
#5197 = CARTESIAN_POINT('',(0.,-0.6));
#5198 = ( GEOMETRIC_REPRESENTATION_CONTEXT(2) 
PARAMETRIC_REPRESENTATION_CONTEXT() REPRESENTATION_CONTEXT('2D SPACE',''
  ) );
#5199 = ORIENTED_EDGE('',*,*,#5200,.F.);
#5200 = EDGE_CURVE('',#5201,#5144,#5203,.T.);
#5201 = VERTEX_POINT('',#5202);
#5202 = CARTESIAN_POINT('',(82.450986328125,-45.63800811767,33.5));
#5203 = SURFACE_CURVE('',#5204,(#5219,#5237),.PCURVE_S1.);
#5204 = B_SPLINE_CURVE_WITH_KNOTS('',5,(#5205,#5206,#5207,#5208,#5209,
    #5210,#5211,#5212,#5213,#5214,#5215,#5216,#5217,#5218),
  .UNSPECIFIED.,.F.,.F.,(6,4,4,6),(0.,0.238467593458,0.675728633171,1.),
  .UNSPECIFIED.);
#5205 = CARTESIAN_POINT('',(82.450986328125,-45.63800811767,33.5));
#5206 = CARTESIAN_POINT('',(82.509514642545,-45.63800811767,33.5));
#5207 = CARTESIAN_POINT('',(82.567543047751,-45.63582579581,33.5));
#5208 = CARTESIAN_POINT('',(82.624962999991,-45.63133144321,33.5));
#5209 = CARTESIAN_POINT('',(82.681644507687,-45.62439843622,33.5));
#5210 = CARTESIAN_POINT('',(82.839756994808,-45.5975599548,33.5));
#5211 = CARTESIAN_POINT('',(82.939138828471,-45.57165194068,33.5));
#5212 = CARTESIAN_POINT('',(83.034610282827,-45.53659344283,33.5));
#5213 = CARTESIAN_POINT('',(83.12519893966,-45.49211185255,33.5));
#5214 = CARTESIAN_POINT('',(83.273142217428,-45.3990808249,33.5));
#5215 = CARTESIAN_POINT('',(83.333051260796,-45.35454307519,33.5));
#5216 = CARTESIAN_POINT('',(83.389569254586,-45.30527030943,33.5));
#5217 = CARTESIAN_POINT('',(83.442558439958,-45.25161166409,33.5));
#5218 = CARTESIAN_POINT('',(83.4919921875,-45.19400421142,33.5));
#5219 = PCURVE('',#1484,#5220);
#5220 = DEFINITIONAL_REPRESENTATION('',(#5221),#5236);
#5221 = B_SPLINE_CURVE_WITH_KNOTS('',5,(#5222,#5223,#5224,#5225,#5226,
    #5227,#5228,#5229,#5230,#5231,#5232,#5233,#5234,#5235),
  .UNSPECIFIED.,.F.,.F.,(6,4,4,6),(0.,0.238467593458,0.675728633171,1.),
  .UNSPECIFIED.);
#5222 = CARTESIAN_POINT('',(24.450986328125,12.861991882324));
#5223 = CARTESIAN_POINT('',(24.509514642545,12.861991882324));
#5224 = CARTESIAN_POINT('',(24.567543047751,12.864174204181));
#5225 = CARTESIAN_POINT('',(24.624962999991,12.868668556788));
#5226 = CARTESIAN_POINT('',(24.681644507687,12.875601563774));
#5227 = CARTESIAN_POINT('',(24.839756994808,12.9024400452));
#5228 = CARTESIAN_POINT('',(24.939138828471,12.928348059314));
#5229 = CARTESIAN_POINT('',(25.034610282827,12.963406557166));
#5230 = CARTESIAN_POINT('',(25.12519893966,13.00788814745));
#5231 = CARTESIAN_POINT('',(25.273142217428,13.100919175091));
#5232 = CARTESIAN_POINT('',(25.333051260796,13.145456924806));
#5233 = CARTESIAN_POINT('',(25.389569254586,13.194729690565));
#5234 = CARTESIAN_POINT('',(25.442558439958,13.248388335909));
#5235 = CARTESIAN_POINT('',(25.4919921875,13.305995788574));
#5236 = ( GEOMETRIC_REPRESENTATION_CONTEXT(2) 
PARAMETRIC_REPRESENTATION_CONTEXT() REPRESENTATION_CONTEXT('2D SPACE',''
  ) );
#5237 = PCURVE('',#5238,#5245);
#5238 = SURFACE_OF_LINEAR_EXTRUSION('',#5239,#5243);
#5239 = B_SPLINE_CURVE_WITH_KNOTS('',2,(#5240,#5241,#5242),
  .UNSPECIFIED.,.F.,.F.,(3,3),(0.,1.),.PIECEWISE_BEZIER_KNOTS.);
#5240 = CARTESIAN_POINT('',(83.4919921875,-45.19400421142,32.9));
#5241 = CARTESIAN_POINT('',(83.110986328125,-45.63800811767,32.9));
#5242 = CARTESIAN_POINT('',(82.450986328125,-45.63800811767,32.9));
#5243 = VECTOR('',#5244,1.);
#5244 = DIRECTION('',(-0.,-0.,-1.));
#5245 = DEFINITIONAL_REPRESENTATION('',(#5246),#5261);
#5246 = B_SPLINE_CURVE_WITH_KNOTS('',5,(#5247,#5248,#5249,#5250,#5251,
    #5252,#5253,#5254,#5255,#5256,#5257,#5258,#5259,#5260),
  .UNSPECIFIED.,.F.,.F.,(6,4,4,6),(0.,0.238467593458,0.675728633171,1.),
  .UNSPECIFIED.);
#5247 = CARTESIAN_POINT('',(1.,-0.6));
#5248 = CARTESIAN_POINT('',(0.955660367863,-0.6));
#5249 = CARTESIAN_POINT('',(0.910660604067,-0.6));
#5250 = CARTESIAN_POINT('',(0.865021193396,-0.6));
#5251 = CARTESIAN_POINT('',(0.818780337667,-0.6));
#5252 = CARTESIAN_POINT('',(0.686222227055,-0.6));
#5253 = CARTESIAN_POINT('',(0.598599966123,-0.6));
#5254 = CARTESIAN_POINT('',(0.509584208612,-0.6));
#5255 = CARTESIAN_POINT('',(0.419781865063,-0.6));
#5256 = CARTESIAN_POINT('',(0.26341806048,-0.6));
#5257 = CARTESIAN_POINT('',(0.196831114768,-0.6));
#5258 = CARTESIAN_POINT('',(0.13055913613,-0.6));
#5259 = CARTESIAN_POINT('',(6.487268676519E-02,-0.6));
#5260 = CARTESIAN_POINT('',(0.,-0.6));
#5261 = ( GEOMETRIC_REPRESENTATION_CONTEXT(2) 
PARAMETRIC_REPRESENTATION_CONTEXT() REPRESENTATION_CONTEXT('2D SPACE',''
  ) );
#5262 = ORIENTED_EDGE('',*,*,#5263,.F.);
#5263 = EDGE_CURVE('',#5264,#5201,#5266,.T.);
#5264 = VERTEX_POINT('',#5265);
#5265 = CARTESIAN_POINT('',(81.403994140625,-45.19100616455,33.5));
#5266 = SURFACE_CURVE('',#5267,(#5282,#5300),.PCURVE_S1.);
#5267 = B_SPLINE_CURVE_WITH_KNOTS('',5,(#5268,#5269,#5270,#5271,#5272,
    #5273,#5274,#5275,#5276,#5277,#5278,#5279,#5280,#5281),
  .UNSPECIFIED.,.F.,.F.,(6,4,4,6),(0.,0.300479083835,0.749950882378,1.),
  .UNSPECIFIED.);
#5268 = CARTESIAN_POINT('',(81.403994140625,-45.19100616455,33.5));
#5269 = CARTESIAN_POINT('',(81.449330607278,-45.24504746892,33.5));
#5270 = CARTESIAN_POINT('',(81.497897243687,-45.29562179227,33.5));
#5271 = CARTESIAN_POINT('',(81.549670152265,-45.34236672358,33.5));
#5272 = CARTESIAN_POINT('',(81.604532919754,-45.38499285427,33.5));
#5273 = CARTESIAN_POINT('',(81.74854957943,-45.48069130731,33.5));
#5274 = CARTESIAN_POINT('',(81.841249672756,-45.52848376646,33.5));
#5275 = CARTESIAN_POINT('',(81.939470745445,-45.56612646177,33.5));
#5276 = CARTESIAN_POINT('',(82.042075606804,-45.59395792013,33.5));
#5277 = CARTESIAN_POINT('',(82.206835593483,-45.62310809136,33.5));
#5278 = CARTESIAN_POINT('',(82.266752291651,-45.63071366606,33.5));
#5279 = CARTESIAN_POINT('',(82.327515529237,-45.63562857266,33.5));
#5280 = CARTESIAN_POINT('',(82.388969261832,-45.63800811767,33.5));
#5281 = CARTESIAN_POINT('',(82.450986328125,-45.63800811767,33.5));
#5282 = PCURVE('',#1484,#5283);
#5283 = DEFINITIONAL_REPRESENTATION('',(#5284),#5299);
#5284 = B_SPLINE_CURVE_WITH_KNOTS('',5,(#5285,#5286,#5287,#5288,#5289,
    #5290,#5291,#5292,#5293,#5294,#5295,#5296,#5297,#5298),
  .UNSPECIFIED.,.F.,.F.,(6,4,4,6),(0.,0.300479083835,0.749950882378,1.),
  .UNSPECIFIED.);
#5285 = CARTESIAN_POINT('',(23.403994140625,13.308993835449));
#5286 = CARTESIAN_POINT('',(23.449330607278,13.254952531071));
#5287 = CARTESIAN_POINT('',(23.497897243687,13.204378207725));
#5288 = CARTESIAN_POINT('',(23.549670152265,13.157633276415));
#5289 = CARTESIAN_POINT('',(23.604532919754,13.115007145727));
#5290 = CARTESIAN_POINT('',(23.74854957943,13.019308692686));
#5291 = CARTESIAN_POINT('',(23.841249672756,12.97151623354));
#5292 = CARTESIAN_POINT('',(23.939470745445,12.933873538223));
#5293 = CARTESIAN_POINT('',(24.042075606804,12.906042079867));
#5294 = CARTESIAN_POINT('',(24.206835593483,12.876891908634));
#5295 = CARTESIAN_POINT('',(24.266752291651,12.869286333935));
#5296 = CARTESIAN_POINT('',(24.327515529237,12.864371427332));
#5297 = CARTESIAN_POINT('',(24.388969261832,12.861991882324));
#5298 = CARTESIAN_POINT('',(24.450986328125,12.861991882324));
#5299 = ( GEOMETRIC_REPRESENTATION_CONTEXT(2) 
PARAMETRIC_REPRESENTATION_CONTEXT() REPRESENTATION_CONTEXT('2D SPACE',''
  ) );
#5300 = PCURVE('',#5301,#5308);
#5301 = SURFACE_OF_LINEAR_EXTRUSION('',#5302,#5306);
#5302 = B_SPLINE_CURVE_WITH_KNOTS('',2,(#5303,#5304,#5305),
  .UNSPECIFIED.,.F.,.F.,(3,3),(0.,1.),.PIECEWISE_BEZIER_KNOTS.);
#5303 = CARTESIAN_POINT('',(82.450986328125,-45.63800811767,32.9));
#5304 = CARTESIAN_POINT('',(81.778994140625,-45.63800811767,32.9));
#5305 = CARTESIAN_POINT('',(81.403994140625,-45.19100616455,32.9));
#5306 = VECTOR('',#5307,1.);
#5307 = DIRECTION('',(-0.,-0.,-1.));
#5308 = DEFINITIONAL_REPRESENTATION('',(#5309),#5324);
#5309 = B_SPLINE_CURVE_WITH_KNOTS('',5,(#5310,#5311,#5312,#5313,#5314,
    #5315,#5316,#5317,#5318,#5319,#5320,#5321,#5322,#5323),
  .UNSPECIFIED.,.F.,.F.,(6,4,4,6),(0.,0.300479083835,0.749950882378,1.),
  .UNSPECIFIED.);
#5310 = CARTESIAN_POINT('',(1.,-0.6));
#5311 = CARTESIAN_POINT('',(0.939551377796,-0.6));
#5312 = CARTESIAN_POINT('',(0.878413256625,-0.6));
#5313 = CARTESIAN_POINT('',(0.816782578342,-0.6));
#5314 = CARTESIAN_POINT('',(0.754889032351,-0.6));
#5315 = CARTESIAN_POINT('',(0.600423257799,-0.6));
#5316 = CARTESIAN_POINT('',(0.507822597572,-0.6));
#5317 = CARTESIAN_POINT('',(0.416131632884,-0.6));
#5318 = CARTESIAN_POINT('',(0.326029144205,-0.6));
#5319 = CARTESIAN_POINT('',(0.189027828877,-0.6));
#5320 = CARTESIAN_POINT('',(0.140686558849,-0.6));
#5321 = CARTESIAN_POINT('',(9.304556860111E-02,-0.6));
#5322 = CARTESIAN_POINT('',(4.614418697638E-02,-0.6));
#5323 = CARTESIAN_POINT('',(0.,-0.6));
#5324 = ( GEOMETRIC_REPRESENTATION_CONTEXT(2) 
PARAMETRIC_REPRESENTATION_CONTEXT() REPRESENTATION_CONTEXT('2D SPACE',''
  ) );
#5325 = ORIENTED_EDGE('',*,*,#5326,.F.);
#5326 = EDGE_CURVE('',#5327,#5264,#5329,.T.);
#5327 = VERTEX_POINT('',#5328);
#5328 = CARTESIAN_POINT('',(81.028994140625,-43.9520022583,33.5));
#5329 = SURFACE_CURVE('',#5330,(#5343,#5359),.PCURVE_S1.);
#5330 = B_SPLINE_CURVE_WITH_KNOTS('',6,(#5331,#5332,#5333,#5334,#5335,
    #5336,#5337,#5338,#5339,#5340,#5341,#5342),.UNSPECIFIED.,.F.,.F.,(7,
    5,7),(0.,0.430257983948,1.),.UNSPECIFIED.);
#5331 = CARTESIAN_POINT('',(81.028994140625,-43.9520022583,33.5));
#5332 = CARTESIAN_POINT('',(81.028994140625,-44.05258305756,33.5));
#5333 = CARTESIAN_POINT('',(81.032623411709,-44.15220753273,33.5));
#5334 = CARTESIAN_POINT('',(81.040201961676,-44.25065913746,33.5));
#5335 = CARTESIAN_POINT('',(81.052088059851,-44.34763740483,33.5));
#5336 = CARTESIAN_POINT('',(81.068643712897,-44.4427709239,33.5));
#5337 = CARTESIAN_POINT('',(81.118744881341,-44.65859351403,33.5));
#5338 = CARTESIAN_POINT('',(81.156071049065,-44.777628119,33.5));
#5339 = CARTESIAN_POINT('',(81.20292520898,-44.89159660077,33.5));
#5340 = CARTESIAN_POINT('',(81.259880081363,-44.99924581999,33.5));
#5341 = CARTESIAN_POINT('',(81.327108656203,-45.09935826667,33.5));
#5342 = CARTESIAN_POINT('',(81.403994140625,-45.19100616455,33.5));
#5343 = PCURVE('',#1484,#5344);
#5344 = DEFINITIONAL_REPRESENTATION('',(#5345),#5358);
#5345 = B_SPLINE_CURVE_WITH_KNOTS('',6,(#5346,#5347,#5348,#5349,#5350,
    #5351,#5352,#5353,#5354,#5355,#5356,#5357),.UNSPECIFIED.,.F.,.F.,(7,
    5,7),(0.,0.430257983948,1.),.UNSPECIFIED.);
#5346 = CARTESIAN_POINT('',(23.028994140625,14.547997741699));
#5347 = CARTESIAN_POINT('',(23.028994140625,14.447416942437));
#5348 = CARTESIAN_POINT('',(23.032623411709,14.347792467269));
#5349 = CARTESIAN_POINT('',(23.040201961676,14.249340862531));
#5350 = CARTESIAN_POINT('',(23.052088059851,14.152362595165));
#5351 = CARTESIAN_POINT('',(23.068643712897,14.057229076092));
#5352 = CARTESIAN_POINT('',(23.118744881341,13.841406485967));
#5353 = CARTESIAN_POINT('',(23.156071049065,13.722371880996));
#5354 = CARTESIAN_POINT('',(23.20292520898,13.608403399227));
#5355 = CARTESIAN_POINT('',(23.259880081363,13.500754180006));
#5356 = CARTESIAN_POINT('',(23.327108656203,13.400641733326));
#5357 = CARTESIAN_POINT('',(23.403994140625,13.308993835449));
#5358 = ( GEOMETRIC_REPRESENTATION_CONTEXT(2) 
PARAMETRIC_REPRESENTATION_CONTEXT() REPRESENTATION_CONTEXT('2D SPACE',''
  ) );
#5359 = PCURVE('',#5360,#5367);
#5360 = SURFACE_OF_LINEAR_EXTRUSION('',#5361,#5365);
#5361 = B_SPLINE_CURVE_WITH_KNOTS('',2,(#5362,#5363,#5364),
  .UNSPECIFIED.,.F.,.F.,(3,3),(0.,1.),.PIECEWISE_BEZIER_KNOTS.);
#5362 = CARTESIAN_POINT('',(81.403994140625,-45.19100616455,32.9));
#5363 = CARTESIAN_POINT('',(81.028994140625,-44.74400421142,32.9));
#5364 = CARTESIAN_POINT('',(81.028994140625,-43.9520022583,32.9));
#5365 = VECTOR('',#5366,1.);
#5366 = DIRECTION('',(-0.,-0.,-1.));
#5367 = DEFINITIONAL_REPRESENTATION('',(#5368),#5381);
#5368 = B_SPLINE_CURVE_WITH_KNOTS('',6,(#5369,#5370,#5371,#5372,#5373,
    #5374,#5375,#5376,#5377,#5378,#5379,#5380),.UNSPECIFIED.,.F.,.F.,(7,
    5,7),(0.,0.430257983948,1.),.UNSPECIFIED.);
#5369 = CARTESIAN_POINT('',(1.,-0.6));
#5370 = CARTESIAN_POINT('',(0.936502177258,-0.6));
#5371 = CARTESIAN_POINT('',(0.87150018821,-0.6));
#5372 = CARTESIAN_POINT('',(0.804944878408,-0.6));
#5373 = CARTESIAN_POINT('',(0.736817850905,-0.6));
#5374 = CARTESIAN_POINT('',(0.667143325836,-0.6));
#5375 = CARTESIAN_POINT('',(0.50179293493,-0.6));
#5376 = CARTESIAN_POINT('',(0.404965724675,-0.6));
#5377 = CARTESIAN_POINT('',(0.305802895422,-0.6));
#5378 = CARTESIAN_POINT('',(0.204762928802,-0.6));
#5379 = CARTESIAN_POINT('',(0.10251397923,-0.6));
#5380 = CARTESIAN_POINT('',(0.,-0.6));
#5381 = ( GEOMETRIC_REPRESENTATION_CONTEXT(2) 
PARAMETRIC_REPRESENTATION_CONTEXT() REPRESENTATION_CONTEXT('2D SPACE',''
  ) );
#5382 = ORIENTED_EDGE('',*,*,#5383,.F.);
#5383 = EDGE_CURVE('',#5384,#5327,#5386,.T.);
#5384 = VERTEX_POINT('',#5385);
#5385 = CARTESIAN_POINT('',(81.4069921875,-42.71299835205,33.5));
#5386 = SURFACE_CURVE('',#5387,(#5400,#5416),.PCURVE_S1.);
#5387 = B_SPLINE_CURVE_WITH_KNOTS('',6,(#5388,#5389,#5390,#5391,#5392,
    #5393,#5394,#5395,#5396,#5397,#5398,#5399),.UNSPECIFIED.,.F.,.F.,(7,
    5,7),(0.,0.573981713983,1.),.UNSPECIFIED.);
#5388 = CARTESIAN_POINT('',(81.4069921875,-42.71299835205,33.5));
#5389 = CARTESIAN_POINT('',(81.329018607312,-42.80520608414,33.5));
#5390 = CARTESIAN_POINT('',(81.260860501788,-42.90602692643,33.5));
#5391 = CARTESIAN_POINT('',(81.203174990793,-43.01452466455,33.5));
#5392 = CARTESIAN_POINT('',(81.155800074838,-43.12945865514,33.5));
#5393 = CARTESIAN_POINT('',(81.118154896235,-43.24954268335,33.5));
#5394 = CARTESIAN_POINT('',(81.068186286763,-43.46567851037,33.5));
#5395 = CARTESIAN_POINT('',(81.051828992037,-43.55998220564,33.5));
#5396 = CARTESIAN_POINT('',(81.040079543909,-43.656093318,33.5));
#5397 = CARTESIAN_POINT('',(81.032584706213,-43.75364940179,33.5));
#5398 = CARTESIAN_POINT('',(81.028994140625,-43.85235660721,33.5));
#5399 = CARTESIAN_POINT('',(81.028994140625,-43.9520022583,33.5));
#5400 = PCURVE('',#1484,#5401);
#5401 = DEFINITIONAL_REPRESENTATION('',(#5402),#5415);
#5402 = B_SPLINE_CURVE_WITH_KNOTS('',6,(#5403,#5404,#5405,#5406,#5407,
    #5408,#5409,#5410,#5411,#5412,#5413,#5414),.UNSPECIFIED.,.F.,.F.,(7,
    5,7),(0.,0.573981713983,1.),.UNSPECIFIED.);
#5403 = CARTESIAN_POINT('',(23.4069921875,15.787001647949));
#5404 = CARTESIAN_POINT('',(23.329018607312,15.69479391586));
#5405 = CARTESIAN_POINT('',(23.260860501788,15.593973073567));
#5406 = CARTESIAN_POINT('',(23.203174990793,15.485475335441));
#5407 = CARTESIAN_POINT('',(23.155800074838,15.370541344852));
#5408 = CARTESIAN_POINT('',(23.118154896235,15.250457316648));
#5409 = CARTESIAN_POINT('',(23.068186286763,15.034321489623));
#5410 = CARTESIAN_POINT('',(23.051828992037,14.940017794356));
#5411 = CARTESIAN_POINT('',(23.040079543909,14.843906681996));
#5412 = CARTESIAN_POINT('',(23.032584706213,14.746350598208));
#5413 = CARTESIAN_POINT('',(23.028994140625,14.647643392783));
#5414 = CARTESIAN_POINT('',(23.028994140625,14.547997741699));
#5415 = ( GEOMETRIC_REPRESENTATION_CONTEXT(2) 
PARAMETRIC_REPRESENTATION_CONTEXT() REPRESENTATION_CONTEXT('2D SPACE',''
  ) );
#5416 = PCURVE('',#5417,#5424);
#5417 = SURFACE_OF_LINEAR_EXTRUSION('',#5418,#5422);
#5418 = B_SPLINE_CURVE_WITH_KNOTS('',2,(#5419,#5420,#5421),
  .UNSPECIFIED.,.F.,.F.,(3,3),(0.,1.),.PIECEWISE_BEZIER_KNOTS.);
#5419 = CARTESIAN_POINT('',(81.028994140625,-43.9520022583,32.9));
#5420 = CARTESIAN_POINT('',(81.028994140625,-43.16000030517,32.9));
#5421 = CARTESIAN_POINT('',(81.4069921875,-42.71299835205,32.9));
#5422 = VECTOR('',#5423,1.);
#5423 = DIRECTION('',(-0.,-0.,-1.));
#5424 = DEFINITIONAL_REPRESENTATION('',(#5425),#5438);
#5425 = B_SPLINE_CURVE_WITH_KNOTS('',6,(#5426,#5427,#5428,#5429,#5430,
    #5431,#5432,#5433,#5434,#5435,#5436,#5437),.UNSPECIFIED.,.F.,.F.,(7,
    5,7),(0.,0.573981713983,1.),.UNSPECIFIED.);
#5426 = CARTESIAN_POINT('',(1.,-0.6));
#5427 = CARTESIAN_POINT('',(0.896859810741,-0.6));
#5428 = CARTESIAN_POINT('',(0.793937742302,-0.6));
#5429 = CARTESIAN_POINT('',(0.69220347015,-0.6));
#5430 = CARTESIAN_POINT('',(0.592346882692,-0.6));
#5431 = CARTESIAN_POINT('',(0.494845292018,-0.6));
#5432 = CARTESIAN_POINT('',(0.329604327528,-0.6));
#5433 = CARTESIAN_POINT('',(0.260644239167,-0.6));
#5434 = CARTESIAN_POINT('',(0.193198148912,-0.6));
#5435 = CARTESIAN_POINT('',(0.127291338209,-0.6));
#5436 = CARTESIAN_POINT('',(6.290745287357E-02,-0.6));
#5437 = CARTESIAN_POINT('',(0.,-0.6));
#5438 = ( GEOMETRIC_REPRESENTATION_CONTEXT(2) 
PARAMETRIC_REPRESENTATION_CONTEXT() REPRESENTATION_CONTEXT('2D SPACE',''
  ) );
#5439 = ORIENTED_EDGE('',*,*,#5440,.F.);
#5440 = EDGE_CURVE('',#5024,#5384,#5441,.T.);
#5441 = SURFACE_CURVE('',#5442,(#5457,#5475),.PCURVE_S1.);
#5442 = B_SPLINE_CURVE_WITH_KNOTS('',5,(#5443,#5444,#5445,#5446,#5447,
    #5448,#5449,#5450,#5451,#5452,#5453,#5454,#5455,#5456),
  .UNSPECIFIED.,.F.,.F.,(6,4,4,6),(0.,0.236466069567,0.671754507923,1.),
  .UNSPECIFIED.);
#5443 = CARTESIAN_POINT('',(82.444990234375,-42.26599639892,33.5));
#5444 = CARTESIAN_POINT('',(82.38697936318,-42.26599639892,33.5));
#5445 = CARTESIAN_POINT('',(82.329464903716,-42.2681547803,33.5));
#5446 = CARTESIAN_POINT('',(82.272554271217,-42.27260006455,33.5));
#5447 = CARTESIAN_POINT('',(82.216376183558,-42.2794578762,33.5));
#5448 = CARTESIAN_POINT('',(82.059272679143,-42.30607508745,33.5));
#5449 = CARTESIAN_POINT('',(81.960402712282,-42.33184031159,33.5));
#5450 = CARTESIAN_POINT('',(81.865444064462,-42.36673675453,33.5));
#5451 = CARTESIAN_POINT('',(81.775373899696,-42.41104184453,33.5));
#5452 = CARTESIAN_POINT('',(81.627293835829,-42.50440305921,33.5));
#5453 = CARTESIAN_POINT('',(81.566830427679,-42.54962172696,33.5));
#5454 = CARTESIAN_POINT('',(81.509884780248,-42.59972357855,33.5));
#5455 = CARTESIAN_POINT('',(81.456597952598,-42.65433700692,33.5));
#5456 = CARTESIAN_POINT('',(81.4069921875,-42.71299835205,33.5));
#5457 = PCURVE('',#1484,#5458);
#5458 = DEFINITIONAL_REPRESENTATION('',(#5459),#5474);
#5459 = B_SPLINE_CURVE_WITH_KNOTS('',5,(#5460,#5461,#5462,#5463,#5464,
    #5465,#5466,#5467,#5468,#5469,#5470,#5471,#5472,#5473),
  .UNSPECIFIED.,.F.,.F.,(6,4,4,6),(0.,0.236466069567,0.671754507923,1.),
  .UNSPECIFIED.);
#5460 = CARTESIAN_POINT('',(24.444990234375,16.234003601074));
#5461 = CARTESIAN_POINT('',(24.38697936318,16.234003601074));
#5462 = CARTESIAN_POINT('',(24.329464903716,16.231845219693));
#5463 = CARTESIAN_POINT('',(24.272554271217,16.227399935447));
#5464 = CARTESIAN_POINT('',(24.216376183558,16.220542123794));
#5465 = CARTESIAN_POINT('',(24.059272679143,16.193924912542));
#5466 = CARTESIAN_POINT('',(23.960402712282,16.168159688405));
#5467 = CARTESIAN_POINT('',(23.865444064462,16.133263245465));
#5468 = CARTESIAN_POINT('',(23.775373899696,16.088958155463));
#5469 = CARTESIAN_POINT('',(23.627293835829,15.995596940787));
#5470 = CARTESIAN_POINT('',(23.566830427679,15.950378273031));
#5471 = CARTESIAN_POINT('',(23.509884780248,15.900276421442));
#5472 = CARTESIAN_POINT('',(23.456597952598,15.845662993076));
#5473 = CARTESIAN_POINT('',(23.4069921875,15.787001647949));
#5474 = ( GEOMETRIC_REPRESENTATION_CONTEXT(2) 
PARAMETRIC_REPRESENTATION_CONTEXT() REPRESENTATION_CONTEXT('2D SPACE',''
  ) );
#5475 = PCURVE('',#5476,#5483);
#5476 = SURFACE_OF_LINEAR_EXTRUSION('',#5477,#5481);
#5477 = B_SPLINE_CURVE_WITH_KNOTS('',2,(#5478,#5479,#5480),
  .UNSPECIFIED.,.F.,.F.,(3,3),(0.,1.),.PIECEWISE_BEZIER_KNOTS.);
#5478 = CARTESIAN_POINT('',(81.4069921875,-42.71299835205,32.9));
#5479 = CARTESIAN_POINT('',(81.784990234375,-42.26599639892,32.9));
#5480 = CARTESIAN_POINT('',(82.444990234375,-42.26599639892,32.9));
#5481 = VECTOR('',#5482,1.);
#5482 = DIRECTION('',(-0.,-0.,-1.));
#5483 = DEFINITIONAL_REPRESENTATION('',(#5484),#5499);
#5484 = B_SPLINE_CURVE_WITH_KNOTS('',5,(#5485,#5486,#5487,#5488,#5489,
    #5490,#5491,#5492,#5493,#5494,#5495,#5496,#5497,#5498),
  .UNSPECIFIED.,.F.,.F.,(6,4,4,6),(0.,0.236466069567,0.671754507923,1.),
  .UNSPECIFIED.);
#5485 = CARTESIAN_POINT('',(1.,-0.6));
#5486 = CARTESIAN_POINT('',(0.956052370307,-0.6));
#5487 = CARTESIAN_POINT('',(0.911449244271,-0.6));
#5488 = CARTESIAN_POINT('',(0.866210572166,-0.6));
#5489 = CARTESIAN_POINT('',(0.820373827175,-0.6));
#5490 = CARTESIAN_POINT('',(0.688634726036,-0.6));
#5491 = CARTESIAN_POINT('',(0.601419135621,-0.6));
#5492 = CARTESIAN_POINT('',(0.512802537351,-0.6));
#5493 = CARTESIAN_POINT('',(0.423392614341,-0.6));
#5494 = CARTESIAN_POINT('',(0.266590162989,-0.6));
#5495 = CARTESIAN_POINT('',(0.19917297034,-0.6));
#5496 = CARTESIAN_POINT('',(0.132086903852,-0.6));
#5497 = CARTESIAN_POINT('',(6.561643043894E-02,-0.6));
#5498 = CARTESIAN_POINT('',(0.,-0.6));
#5499 = ( GEOMETRIC_REPRESENTATION_CONTEXT(2) 
PARAMETRIC_REPRESENTATION_CONTEXT() REPRESENTATION_CONTEXT('2D SPACE',''
  ) );
#5500 = FACE_BOUND('',#5501,.T.);
#5501 = EDGE_LOOP('',(#5502,#5530,#5556,#5582,#5608,#5634,#5660,#5686,
    #5712,#5738,#5764,#5790,#5816));
#5502 = ORIENTED_EDGE('',*,*,#5503,.F.);
#5503 = EDGE_CURVE('',#5504,#5506,#5508,.T.);
#5504 = VERTEX_POINT('',#5505);
#5505 = CARTESIAN_POINT('',(87.341005859375,-45.50000030517,33.5));
#5506 = VERTEX_POINT('',#5507);
#5507 = CARTESIAN_POINT('',(88.264990234375,-42.35599639892,33.5));
#5508 = SURFACE_CURVE('',#5509,(#5513,#5519),.PCURVE_S1.);
#5509 = LINE('',#5510,#5511);
#5510 = CARTESIAN_POINT('',(84.878246459401,-53.87993116025,33.5));
#5511 = VECTOR('',#5512,1.);
#5512 = DIRECTION('',(0.281963349481,0.959425176629,-0.));
#5513 = PCURVE('',#1484,#5514);
#5514 = DEFINITIONAL_REPRESENTATION('',(#5515),#5518);
#5515 = B_SPLINE_CURVE_WITH_KNOTS('',1,(#5516,#5517),.UNSPECIFIED.,.F.,
  .F.,(2,2),(8.734324530154,12.011290762473),.PIECEWISE_BEZIER_KNOTS.);
#5516 = CARTESIAN_POINT('',(29.341005859375,12.999999694824));
#5517 = CARTESIAN_POINT('',(30.264990234375,16.144003601074));
#5518 = ( GEOMETRIC_REPRESENTATION_CONTEXT(2) 
PARAMETRIC_REPRESENTATION_CONTEXT() REPRESENTATION_CONTEXT('2D SPACE',''
  ) );
#5519 = PCURVE('',#5520,#5525);
#5520 = PLANE('',#5521);
#5521 = AXIS2_PLACEMENT_3D('',#5522,#5523,#5524);
#5522 = CARTESIAN_POINT('',(88.264990234375,-42.35599639892,32.9));
#5523 = DIRECTION('',(0.959425176629,-0.281963349481,0.));
#5524 = DIRECTION('',(-0.281963349481,-0.959425176629,0.));
#5525 = DEFINITIONAL_REPRESENTATION('',(#5526),#5529);
#5526 = B_SPLINE_CURVE_WITH_KNOTS('',1,(#5527,#5528),.UNSPECIFIED.,.F.,
  .F.,(2,2),(8.734324530154,12.011290762473),.PIECEWISE_BEZIER_KNOTS.);
#5527 = CARTESIAN_POINT('',(3.276966232319,-0.6));
#5528 = CARTESIAN_POINT('',(0.,-0.6));
#5529 = ( GEOMETRIC_REPRESENTATION_CONTEXT(2) 
PARAMETRIC_REPRESENTATION_CONTEXT() REPRESENTATION_CONTEXT('2D SPACE',''
  ) );
#5530 = ORIENTED_EDGE('',*,*,#5531,.F.);
#5531 = EDGE_CURVE('',#5532,#5504,#5534,.T.);
#5532 = VERTEX_POINT('',#5533);
#5533 = CARTESIAN_POINT('',(86.771005859375,-45.50000030517,33.5));
#5534 = SURFACE_CURVE('',#5535,(#5539,#5545),.PCURVE_S1.);
#5535 = LINE('',#5536,#5537);
#5536 = CARTESIAN_POINT('',(72.670502929688,-45.50000030517,33.5));
#5537 = VECTOR('',#5538,1.);
#5538 = DIRECTION('',(1.,0.,-0.));
#5539 = PCURVE('',#1484,#5540);
#5540 = DEFINITIONAL_REPRESENTATION('',(#5541),#5544);
#5541 = B_SPLINE_CURVE_WITH_KNOTS('',1,(#5542,#5543),.UNSPECIFIED.,.F.,
  .F.,(2,2),(14.100502929688,14.670502929688),.PIECEWISE_BEZIER_KNOTS.);
#5542 = CARTESIAN_POINT('',(28.771005859375,12.999999694824));
#5543 = CARTESIAN_POINT('',(29.341005859375,12.999999694824));
#5544 = ( GEOMETRIC_REPRESENTATION_CONTEXT(2) 
PARAMETRIC_REPRESENTATION_CONTEXT() REPRESENTATION_CONTEXT('2D SPACE',''
  ) );
#5545 = PCURVE('',#5546,#5551);
#5546 = PLANE('',#5547);
#5547 = AXIS2_PLACEMENT_3D('',#5548,#5549,#5550);
#5548 = CARTESIAN_POINT('',(87.341005859375,-45.50000030517,32.9));
#5549 = DIRECTION('',(0.,-1.,0.));
#5550 = DIRECTION('',(-1.,0.,0.));
#5551 = DEFINITIONAL_REPRESENTATION('',(#5552),#5555);
#5552 = B_SPLINE_CURVE_WITH_KNOTS('',1,(#5553,#5554),.UNSPECIFIED.,.F.,
  .F.,(2,2),(14.100502929688,14.670502929688),.PIECEWISE_BEZIER_KNOTS.);
#5553 = CARTESIAN_POINT('',(0.57,-0.6));
#5554 = CARTESIAN_POINT('',(0.,-0.6));
#5555 = ( GEOMETRIC_REPRESENTATION_CONTEXT(2) 
PARAMETRIC_REPRESENTATION_CONTEXT() REPRESENTATION_CONTEXT('2D SPACE',''
  ) );
#5556 = ORIENTED_EDGE('',*,*,#5557,.F.);
#5557 = EDGE_CURVE('',#5558,#5532,#5560,.T.);
#5558 = VERTEX_POINT('',#5559);
#5559 = CARTESIAN_POINT('',(86.134990234375,-43.03400421142,33.5));
#5560 = SURFACE_CURVE('',#5561,(#5565,#5571),.PCURVE_S1.);
#5561 = LINE('',#5562,#5563);
#5562 = CARTESIAN_POINT('',(87.44565095986,-48.11577280677,33.5));
#5563 = VECTOR('',#5564,1.);
#5564 = DIRECTION('',(0.249741630995,-0.968312510375,0.));
#5565 = PCURVE('',#1484,#5566);
#5566 = DEFINITIONAL_REPRESENTATION('',(#5567),#5570);
#5567 = B_SPLINE_CURVE_WITH_KNOTS('',1,(#5568,#5569),.UNSPECIFIED.,.F.,
  .F.,(2,2),(-5.248066652973,-2.701372205334),.PIECEWISE_BEZIER_KNOTS.);
#5568 = CARTESIAN_POINT('',(28.134990234375,15.465995788574));
#5569 = CARTESIAN_POINT('',(28.771005859375,12.999999694824));
#5570 = ( GEOMETRIC_REPRESENTATION_CONTEXT(2) 
PARAMETRIC_REPRESENTATION_CONTEXT() REPRESENTATION_CONTEXT('2D SPACE',''
  ) );
#5571 = PCURVE('',#5572,#5577);
#5572 = PLANE('',#5573);
#5573 = AXIS2_PLACEMENT_3D('',#5574,#5575,#5576);
#5574 = CARTESIAN_POINT('',(86.771005859375,-45.50000030517,32.9));
#5575 = DIRECTION('',(-0.968312510375,-0.249741630995,0.));
#5576 = DIRECTION('',(-0.249741630995,0.968312510375,0.));
#5577 = DEFINITIONAL_REPRESENTATION('',(#5578),#5581);
#5578 = B_SPLINE_CURVE_WITH_KNOTS('',1,(#5579,#5580),.UNSPECIFIED.,.F.,
  .F.,(2,2),(-5.248066652973,-2.701372205334),.PIECEWISE_BEZIER_KNOTS.);
#5579 = CARTESIAN_POINT('',(2.546694447639,-0.6));
#5580 = CARTESIAN_POINT('',(0.,-0.6));
#5581 = ( GEOMETRIC_REPRESENTATION_CONTEXT(2) 
PARAMETRIC_REPRESENTATION_CONTEXT() REPRESENTATION_CONTEXT('2D SPACE',''
  ) );
#5582 = ORIENTED_EDGE('',*,*,#5583,.F.);
#5583 = EDGE_CURVE('',#5584,#5558,#5586,.T.);
#5584 = VERTEX_POINT('',#5585);
#5585 = CARTESIAN_POINT('',(85.528994140625,-45.50000030517,33.5));
#5586 = SURFACE_CURVE('',#5587,(#5591,#5597),.PCURVE_S1.);
#5587 = LINE('',#5588,#5589);
#5588 = CARTESIAN_POINT('',(83.541761628072,-53.5866986583,33.5));
#5589 = VECTOR('',#5590,1.);
#5590 = DIRECTION('',(0.238640921657,0.971107877896,-0.));
#5591 = PCURVE('',#1484,#5592);
#5592 = DEFINITIONAL_REPRESENTATION('',(#5593),#5596);
#5593 = B_SPLINE_CURVE_WITH_KNOTS('',1,(#5594,#5595),.UNSPECIFIED.,.F.,
  .F.,(2,2),(8.327291475227,10.86665517506),.PIECEWISE_BEZIER_KNOTS.);
#5594 = CARTESIAN_POINT('',(27.528994140625,12.999999694824));
#5595 = CARTESIAN_POINT('',(28.134990234375,15.465995788574));
#5596 = ( GEOMETRIC_REPRESENTATION_CONTEXT(2) 
PARAMETRIC_REPRESENTATION_CONTEXT() REPRESENTATION_CONTEXT('2D SPACE',''
  ) );
#5597 = PCURVE('',#5598,#5603);
#5598 = PLANE('',#5599);
#5599 = AXIS2_PLACEMENT_3D('',#5600,#5601,#5602);
#5600 = CARTESIAN_POINT('',(86.134990234375,-43.03400421142,32.9));
#5601 = DIRECTION('',(0.971107877896,-0.238640921657,0.));
#5602 = DIRECTION('',(-0.238640921657,-0.971107877896,0.));
#5603 = DEFINITIONAL_REPRESENTATION('',(#5604),#5607);
#5604 = B_SPLINE_CURVE_WITH_KNOTS('',1,(#5605,#5606),.UNSPECIFIED.,.F.,
  .F.,(2,2),(8.327291475227,10.86665517506),.PIECEWISE_BEZIER_KNOTS.);
#5605 = CARTESIAN_POINT('',(2.539363699833,-0.6));
#5606 = CARTESIAN_POINT('',(0.,-0.6));
#5607 = ( GEOMETRIC_REPRESENTATION_CONTEXT(2) 
PARAMETRIC_REPRESENTATION_CONTEXT() REPRESENTATION_CONTEXT('2D SPACE',''
  ) );
#5608 = ORIENTED_EDGE('',*,*,#5609,.F.);
#5609 = EDGE_CURVE('',#5610,#5584,#5612,.T.);
#5610 = VERTEX_POINT('',#5611);
#5611 = CARTESIAN_POINT('',(84.964990234375,-45.50000030517,33.5));
#5612 = SURFACE_CURVE('',#5613,(#5617,#5623),.PCURVE_S1.);
#5613 = LINE('',#5614,#5615);
#5614 = CARTESIAN_POINT('',(71.764497070313,-45.50000030517,33.5));
#5615 = VECTOR('',#5616,1.);
#5616 = DIRECTION('',(1.,0.,-0.));
#5617 = PCURVE('',#1484,#5618);
#5618 = DEFINITIONAL_REPRESENTATION('',(#5619),#5622);
#5619 = B_SPLINE_CURVE_WITH_KNOTS('',1,(#5620,#5621),.UNSPECIFIED.,.F.,
  .F.,(2,2),(13.200493164063,13.764497070313),.PIECEWISE_BEZIER_KNOTS.);
#5620 = CARTESIAN_POINT('',(26.964990234375,12.999999694824));
#5621 = CARTESIAN_POINT('',(27.528994140625,12.999999694824));
#5622 = ( GEOMETRIC_REPRESENTATION_CONTEXT(2) 
PARAMETRIC_REPRESENTATION_CONTEXT() REPRESENTATION_CONTEXT('2D SPACE',''
  ) );
#5623 = PCURVE('',#5624,#5629);
#5624 = PLANE('',#5625);
#5625 = AXIS2_PLACEMENT_3D('',#5626,#5627,#5628);
#5626 = CARTESIAN_POINT('',(85.528994140625,-45.50000030517,32.9));
#5627 = DIRECTION('',(0.,-1.,0.));
#5628 = DIRECTION('',(-1.,0.,0.));
#5629 = DEFINITIONAL_REPRESENTATION('',(#5630),#5633);
#5630 = B_SPLINE_CURVE_WITH_KNOTS('',1,(#5631,#5632),.UNSPECIFIED.,.F.,
  .F.,(2,2),(13.200493164063,13.764497070313),.PIECEWISE_BEZIER_KNOTS.);
#5631 = CARTESIAN_POINT('',(0.56400390625,-0.6));
#5632 = CARTESIAN_POINT('',(0.,-0.6));
#5633 = ( GEOMETRIC_REPRESENTATION_CONTEXT(2) 
PARAMETRIC_REPRESENTATION_CONTEXT() REPRESENTATION_CONTEXT('2D SPACE',''
  ) );
#5634 = ORIENTED_EDGE('',*,*,#5635,.F.);
#5635 = EDGE_CURVE('',#5636,#5610,#5638,.T.);
#5636 = VERTEX_POINT('',#5637);
#5637 = CARTESIAN_POINT('',(84.052998046875,-42.35599639892,33.5));
#5638 = SURFACE_CURVE('',#5639,(#5643,#5649),.PCURVE_S1.);
#5639 = LINE('',#5640,#5641);
#5640 = CARTESIAN_POINT('',(85.657726620238,-47.88814127064,33.5));
#5641 = VECTOR('',#5642,1.);
#5642 = DIRECTION('',(0.278589555327,-0.960410255913,0.));
#5643 = PCURVE('',#1484,#5644);
#5644 = DEFINITIONAL_REPRESENTATION('',(#5645),#5648);
#5645 = B_SPLINE_CURVE_WITH_KNOTS('',1,(#5646,#5647),.UNSPECIFIED.,.F.,
  .F.,(2,2),(-5.760189291666,-2.486584197496),.PIECEWISE_BEZIER_KNOTS.);
#5646 = CARTESIAN_POINT('',(26.052998046875,16.144003601074));
#5647 = CARTESIAN_POINT('',(26.964990234375,12.999999694824));
#5648 = ( GEOMETRIC_REPRESENTATION_CONTEXT(2) 
PARAMETRIC_REPRESENTATION_CONTEXT() REPRESENTATION_CONTEXT('2D SPACE',''
  ) );
#5649 = PCURVE('',#5650,#5655);
#5650 = PLANE('',#5651);
#5651 = AXIS2_PLACEMENT_3D('',#5652,#5653,#5654);
#5652 = CARTESIAN_POINT('',(84.964990234375,-45.50000030517,32.9));
#5653 = DIRECTION('',(-0.960410255913,-0.278589555327,0.));
#5654 = DIRECTION('',(-0.278589555327,0.960410255913,0.));
#5655 = DEFINITIONAL_REPRESENTATION('',(#5656),#5659);
#5656 = B_SPLINE_CURVE_WITH_KNOTS('',1,(#5657,#5658),.UNSPECIFIED.,.F.,
  .F.,(2,2),(-5.760189291666,-2.486584197496),.PIECEWISE_BEZIER_KNOTS.);
#5657 = CARTESIAN_POINT('',(3.27360509417,-0.6));
#5658 = CARTESIAN_POINT('',(0.,-0.6));
#5659 = ( GEOMETRIC_REPRESENTATION_CONTEXT(2) 
PARAMETRIC_REPRESENTATION_CONTEXT() REPRESENTATION_CONTEXT('2D SPACE',''
  ) );
#5660 = ORIENTED_EDGE('',*,*,#5661,.F.);
#5661 = EDGE_CURVE('',#5662,#5636,#5664,.T.);
#5662 = VERTEX_POINT('',#5663);
#5663 = CARTESIAN_POINT('',(84.604990234375,-42.35599639892,33.5));
#5664 = SURFACE_CURVE('',#5665,(#5669,#5675),.PCURVE_S1.);
#5665 = LINE('',#5666,#5667);
#5666 = CARTESIAN_POINT('',(71.026499023438,-42.35599639892,33.5));
#5667 = VECTOR('',#5668,1.);
#5668 = DIRECTION('',(-1.,0.,0.));
#5669 = PCURVE('',#1484,#5670);
#5670 = DEFINITIONAL_REPRESENTATION('',(#5671),#5674);
#5671 = B_SPLINE_CURVE_WITH_KNOTS('',1,(#5672,#5673),.UNSPECIFIED.,.F.,
  .F.,(2,2),(-13.57849121093,-13.02649902343),.PIECEWISE_BEZIER_KNOTS.);
#5672 = CARTESIAN_POINT('',(26.604990234375,16.144003601074));
#5673 = CARTESIAN_POINT('',(26.052998046875,16.144003601074));
#5674 = ( GEOMETRIC_REPRESENTATION_CONTEXT(2) 
PARAMETRIC_REPRESENTATION_CONTEXT() REPRESENTATION_CONTEXT('2D SPACE',''
  ) );
#5675 = PCURVE('',#5676,#5681);
#5676 = PLANE('',#5677);
#5677 = AXIS2_PLACEMENT_3D('',#5678,#5679,#5680);
#5678 = CARTESIAN_POINT('',(84.052998046875,-42.35599639892,32.9));
#5679 = DIRECTION('',(0.,1.,0.));
#5680 = DIRECTION('',(1.,0.,0.));
#5681 = DEFINITIONAL_REPRESENTATION('',(#5682),#5685);
#5682 = B_SPLINE_CURVE_WITH_KNOTS('',1,(#5683,#5684),.UNSPECIFIED.,.F.,
  .F.,(2,2),(-13.57849121093,-13.02649902343),.PIECEWISE_BEZIER_KNOTS.);
#5683 = CARTESIAN_POINT('',(0.5519921875,-0.6));
#5684 = CARTESIAN_POINT('',(0.,-0.6));
#5685 = ( GEOMETRIC_REPRESENTATION_CONTEXT(2) 
PARAMETRIC_REPRESENTATION_CONTEXT() REPRESENTATION_CONTEXT('2D SPACE',''
  ) );
#5686 = ORIENTED_EDGE('',*,*,#5687,.F.);
#5687 = EDGE_CURVE('',#5688,#5662,#5690,.T.);
#5688 = VERTEX_POINT('',#5689);
#5689 = CARTESIAN_POINT('',(85.247001953125,-44.80400421142,33.5));
#5690 = SURFACE_CURVE('',#5691,(#5695,#5701),.PCURVE_S1.);
#5691 = LINE('',#5692,#5693);
#5692 = CARTESIAN_POINT('',(85.729648780481,-46.64434944117,33.5));
#5693 = VECTOR('',#5694,1.);
#5694 = DIRECTION('',(-0.253679899296,0.967288224209,0.));
#5695 = PCURVE('',#1484,#5696);
#5696 = DEFINITIONAL_REPRESENTATION('',(#5697),#5700);
#5697 = B_SPLINE_CURVE_WITH_KNOTS('',1,(#5698,#5699),.UNSPECIFIED.,.F.,
  .F.,(2,2),(1.902582067776,4.433376665738),.PIECEWISE_BEZIER_KNOTS.);
#5698 = CARTESIAN_POINT('',(27.247001953125,13.695995788574));
#5699 = CARTESIAN_POINT('',(26.604990234375,16.144003601074));
#5700 = ( GEOMETRIC_REPRESENTATION_CONTEXT(2) 
PARAMETRIC_REPRESENTATION_CONTEXT() REPRESENTATION_CONTEXT('2D SPACE',''
  ) );
#5701 = PCURVE('',#5702,#5707);
#5702 = PLANE('',#5703);
#5703 = AXIS2_PLACEMENT_3D('',#5704,#5705,#5706);
#5704 = CARTESIAN_POINT('',(84.604990234375,-42.35599639892,32.9));
#5705 = DIRECTION('',(0.967288224209,0.253679899296,0.));
#5706 = DIRECTION('',(0.253679899296,-0.967288224209,0.));
#5707 = DEFINITIONAL_REPRESENTATION('',(#5708),#5711);
#5708 = B_SPLINE_CURVE_WITH_KNOTS('',1,(#5709,#5710),.UNSPECIFIED.,.F.,
  .F.,(2,2),(1.902582067776,4.433376665738),.PIECEWISE_BEZIER_KNOTS.);
#5709 = CARTESIAN_POINT('',(2.530794597962,-0.6));
#5710 = CARTESIAN_POINT('',(0.,-0.6));
#5711 = ( GEOMETRIC_REPRESENTATION_CONTEXT(2) 
PARAMETRIC_REPRESENTATION_CONTEXT() REPRESENTATION_CONTEXT('2D SPACE',''
  ) );
#5712 = ORIENTED_EDGE('',*,*,#5713,.F.);
#5713 = EDGE_CURVE('',#5714,#5688,#5716,.T.);
#5714 = VERTEX_POINT('',#5715);
#5715 = CARTESIAN_POINT('',(85.847001953125,-42.35599639892,33.5));
#5716 = SURFACE_CURVE('',#5717,(#5721,#5727),.PCURVE_S1.);
#5717 = LINE('',#5718,#5719);
#5718 = CARTESIAN_POINT('',(82.891667647135,-54.41379884828,33.5));
#5719 = VECTOR('',#5720,1.);
#5720 = DIRECTION('',(-0.238051341304,-0.971252572148,0.));
#5721 = PCURVE('',#1484,#5722);
#5722 = DEFINITIONAL_REPRESENTATION('',(#5723),#5726);
#5723 = B_SPLINE_CURVE_WITH_KNOTS('',1,(#5724,#5725),.UNSPECIFIED.,.F.,
  .F.,(2,2),(-12.41469293892,-9.894228249616),.PIECEWISE_BEZIER_KNOTS.);
#5724 = CARTESIAN_POINT('',(27.847001953125,16.144003601074));
#5725 = CARTESIAN_POINT('',(27.247001953125,13.695995788574));
#5726 = ( GEOMETRIC_REPRESENTATION_CONTEXT(2) 
PARAMETRIC_REPRESENTATION_CONTEXT() REPRESENTATION_CONTEXT('2D SPACE',''
  ) );
#5727 = PCURVE('',#5728,#5733);
#5728 = PLANE('',#5729);
#5729 = AXIS2_PLACEMENT_3D('',#5730,#5731,#5732);
#5730 = CARTESIAN_POINT('',(85.247001953125,-44.80400421142,32.9));
#5731 = DIRECTION('',(-0.971252572148,0.238051341304,0.));
#5732 = DIRECTION('',(0.238051341304,0.971252572148,0.));
#5733 = DEFINITIONAL_REPRESENTATION('',(#5734),#5737);
#5734 = B_SPLINE_CURVE_WITH_KNOTS('',1,(#5735,#5736),.UNSPECIFIED.,.F.,
  .F.,(2,2),(-12.41469293892,-9.894228249616),.PIECEWISE_BEZIER_KNOTS.);
#5735 = CARTESIAN_POINT('',(2.52046468931,-0.6));
#5736 = CARTESIAN_POINT('',(0.,-0.6));
#5737 = ( GEOMETRIC_REPRESENTATION_CONTEXT(2) 
PARAMETRIC_REPRESENTATION_CONTEXT() REPRESENTATION_CONTEXT('2D SPACE',''
  ) );
#5738 = ORIENTED_EDGE('',*,*,#5739,.F.);
#5739 = EDGE_CURVE('',#5740,#5714,#5742,.T.);
#5740 = VERTEX_POINT('',#5741);
#5741 = CARTESIAN_POINT('',(86.458994140625,-42.35599639892,33.5));
#5742 = SURFACE_CURVE('',#5743,(#5747,#5753),.PCURVE_S1.);
#5743 = LINE('',#5744,#5745);
#5744 = CARTESIAN_POINT('',(71.923500976563,-42.35599639892,33.5));
#5745 = VECTOR('',#5746,1.);
#5746 = DIRECTION('',(-1.,0.,0.));
#5747 = PCURVE('',#1484,#5748);
#5748 = DEFINITIONAL_REPRESENTATION('',(#5749),#5752);
#5749 = B_SPLINE_CURVE_WITH_KNOTS('',1,(#5750,#5751),.UNSPECIFIED.,.F.,
  .F.,(2,2),(-14.53549316406,-13.92350097656),.PIECEWISE_BEZIER_KNOTS.);
#5750 = CARTESIAN_POINT('',(28.458994140625,16.144003601074));
#5751 = CARTESIAN_POINT('',(27.847001953125,16.144003601074));
#5752 = ( GEOMETRIC_REPRESENTATION_CONTEXT(2) 
PARAMETRIC_REPRESENTATION_CONTEXT() REPRESENTATION_CONTEXT('2D SPACE',''
  ) );
#5753 = PCURVE('',#5754,#5759);
#5754 = PLANE('',#5755);
#5755 = AXIS2_PLACEMENT_3D('',#5756,#5757,#5758);
#5756 = CARTESIAN_POINT('',(85.847001953125,-42.35599639892,32.9));
#5757 = DIRECTION('',(0.,1.,0.));
#5758 = DIRECTION('',(1.,0.,0.));
#5759 = DEFINITIONAL_REPRESENTATION('',(#5760),#5763);
#5760 = B_SPLINE_CURVE_WITH_KNOTS('',1,(#5761,#5762),.UNSPECIFIED.,.F.,
  .F.,(2,2),(-14.53549316406,-13.92350097656),.PIECEWISE_BEZIER_KNOTS.);
#5761 = CARTESIAN_POINT('',(0.6119921875,-0.6));
#5762 = CARTESIAN_POINT('',(0.,-0.6));
#5763 = ( GEOMETRIC_REPRESENTATION_CONTEXT(2) 
PARAMETRIC_REPRESENTATION_CONTEXT() REPRESENTATION_CONTEXT('2D SPACE',''
  ) );
#5764 = ORIENTED_EDGE('',*,*,#5765,.F.);
#5765 = EDGE_CURVE('',#5766,#5740,#5768,.T.);
#5766 = VERTEX_POINT('',#5767);
#5767 = CARTESIAN_POINT('',(87.077001953125,-44.80400421142,33.5));
#5768 = SURFACE_CURVE('',#5769,(#5773,#5779),.PCURVE_S1.);
#5769 = LINE('',#5770,#5771);
#5770 = CARTESIAN_POINT('',(87.522155709643,-46.56731504937,33.5));
#5771 = VECTOR('',#5772,1.);
#5772 = DIRECTION('',(-0.244773788845,0.969580214471,0.));
#5773 = PCURVE('',#1484,#5774);
#5774 = DEFINITIONAL_REPRESENTATION('',(#5775),#5778);
#5775 = B_SPLINE_CURVE_WITH_KNOTS('',1,(#5776,#5777),.UNSPECIFIED.,.F.,
  .F.,(2,2),(1.81863327204,4.343445325713),.PIECEWISE_BEZIER_KNOTS.);
#5776 = CARTESIAN_POINT('',(29.077001953125,13.695995788574));
#5777 = CARTESIAN_POINT('',(28.458994140625,16.144003601074));
#5778 = ( GEOMETRIC_REPRESENTATION_CONTEXT(2) 
PARAMETRIC_REPRESENTATION_CONTEXT() REPRESENTATION_CONTEXT('2D SPACE',''
  ) );
#5779 = PCURVE('',#5780,#5785);
#5780 = PLANE('',#5781);
#5781 = AXIS2_PLACEMENT_3D('',#5782,#5783,#5784);
#5782 = CARTESIAN_POINT('',(86.458994140625,-42.35599639892,32.9));
#5783 = DIRECTION('',(0.969580214471,0.244773788845,0.));
#5784 = DIRECTION('',(0.244773788845,-0.969580214471,0.));
#5785 = DEFINITIONAL_REPRESENTATION('',(#5786),#5789);
#5786 = B_SPLINE_CURVE_WITH_KNOTS('',1,(#5787,#5788),.UNSPECIFIED.,.F.,
  .F.,(2,2),(1.81863327204,4.343445325713),.PIECEWISE_BEZIER_KNOTS.);
#5787 = CARTESIAN_POINT('',(2.524812053673,-0.6));
#5788 = CARTESIAN_POINT('',(0.,-0.6));
#5789 = ( GEOMETRIC_REPRESENTATION_CONTEXT(2) 
PARAMETRIC_REPRESENTATION_CONTEXT() REPRESENTATION_CONTEXT('2D SPACE',''
  ) );
#5790 = ORIENTED_EDGE('',*,*,#5791,.F.);
#5791 = EDGE_CURVE('',#5792,#5766,#5794,.T.);
#5792 = VERTEX_POINT('',#5793);
#5793 = CARTESIAN_POINT('',(87.701005859375,-42.35599639892,33.5));
#5794 = SURFACE_CURVE('',#5795,(#5799,#5805),.PCURVE_S1.);
#5795 = LINE('',#5796,#5797);
#5796 = CARTESIAN_POINT('',(84.550916877155,-54.71399986862,33.5));
#5797 = VECTOR('',#5798,1.);
#5798 = DIRECTION('',(-0.247004416801,-0.969014353909,0.));
#5799 = PCURVE('',#1484,#5800);
#5800 = DEFINITIONAL_REPRESENTATION('',(#5801),#5804);
#5801 = B_SPLINE_CURVE_WITH_KNOTS('',1,(#5802,#5803),.UNSPECIFIED.,.F.,
  .F.,(2,2),(-12.75316863971,-10.22688220997),.PIECEWISE_BEZIER_KNOTS.);
#5802 = CARTESIAN_POINT('',(29.701005859375,16.144003601074));
#5803 = CARTESIAN_POINT('',(29.077001953125,13.695995788574));
#5804 = ( GEOMETRIC_REPRESENTATION_CONTEXT(2) 
PARAMETRIC_REPRESENTATION_CONTEXT() REPRESENTATION_CONTEXT('2D SPACE',''
  ) );
#5805 = PCURVE('',#5806,#5811);
#5806 = PLANE('',#5807);
#5807 = AXIS2_PLACEMENT_3D('',#5808,#5809,#5810);
#5808 = CARTESIAN_POINT('',(87.077001953125,-44.80400421142,32.9));
#5809 = DIRECTION('',(-0.969014353909,0.247004416801,0.));
#5810 = DIRECTION('',(0.247004416801,0.969014353909,0.));
#5811 = DEFINITIONAL_REPRESENTATION('',(#5812),#5815);
#5812 = B_SPLINE_CURVE_WITH_KNOTS('',1,(#5813,#5814),.UNSPECIFIED.,.F.,
  .F.,(2,2),(-12.75316863971,-10.22688220997),.PIECEWISE_BEZIER_KNOTS.);
#5813 = CARTESIAN_POINT('',(2.526286429738,-0.6));
#5814 = CARTESIAN_POINT('',(0.,-0.6));
#5815 = ( GEOMETRIC_REPRESENTATION_CONTEXT(2) 
PARAMETRIC_REPRESENTATION_CONTEXT() REPRESENTATION_CONTEXT('2D SPACE',''
  ) );
#5816 = ORIENTED_EDGE('',*,*,#5817,.F.);
#5817 = EDGE_CURVE('',#5506,#5792,#5818,.T.);
#5818 = SURFACE_CURVE('',#5819,(#5823,#5829),.PCURVE_S1.);
#5819 = LINE('',#5820,#5821);
#5820 = CARTESIAN_POINT('',(72.850502929688,-42.35599639892,33.5));
#5821 = VECTOR('',#5822,1.);
#5822 = DIRECTION('',(-1.,0.,0.));
#5823 = PCURVE('',#1484,#5824);
#5824 = DEFINITIONAL_REPRESENTATION('',(#5825),#5828);
#5825 = B_SPLINE_CURVE_WITH_KNOTS('',1,(#5826,#5827),.UNSPECIFIED.,.F.,
  .F.,(2,2),(-15.41448730468,-14.85050292968),.PIECEWISE_BEZIER_KNOTS.);
#5826 = CARTESIAN_POINT('',(30.264990234375,16.144003601074));
#5827 = CARTESIAN_POINT('',(29.701005859375,16.144003601074));
#5828 = ( GEOMETRIC_REPRESENTATION_CONTEXT(2) 
PARAMETRIC_REPRESENTATION_CONTEXT() REPRESENTATION_CONTEXT('2D SPACE',''
  ) );
#5829 = PCURVE('',#5830,#5835);
#5830 = PLANE('',#5831);
#5831 = AXIS2_PLACEMENT_3D('',#5832,#5833,#5834);
#5832 = CARTESIAN_POINT('',(87.701005859375,-42.35599639892,32.9));
#5833 = DIRECTION('',(0.,1.,0.));
#5834 = DIRECTION('',(1.,0.,0.));
#5835 = DEFINITIONAL_REPRESENTATION('',(#5836),#5839);
#5836 = B_SPLINE_CURVE_WITH_KNOTS('',1,(#5837,#5838),.UNSPECIFIED.,.F.,
  .F.,(2,2),(-15.41448730468,-14.85050292968),.PIECEWISE_BEZIER_KNOTS.);
#5837 = CARTESIAN_POINT('',(0.563984375,-0.6));
#5838 = CARTESIAN_POINT('',(0.,-0.6));
#5839 = ( GEOMETRIC_REPRESENTATION_CONTEXT(2) 
PARAMETRIC_REPRESENTATION_CONTEXT() REPRESENTATION_CONTEXT('2D SPACE',''
  ) );
#5840 = FACE_BOUND('',#5841,.T.);
#5841 = EDGE_LOOP('',(#5842));
#5842 = ORIENTED_EDGE('',*,*,#5843,.T.);
#5843 = EDGE_CURVE('',#5844,#5844,#5846,.T.);
#5844 = VERTEX_POINT('',#5845);
#5845 = CARTESIAN_POINT('',(107.65,-45.,33.5));
#5846 = SURFACE_CURVE('',#5847,(#5852,#5863),.PCURVE_S1.);
#5847 = CIRCLE('',#5848,3.1);
#5848 = AXIS2_PLACEMENT_3D('',#5849,#5850,#5851);
#5849 = CARTESIAN_POINT('',(104.55,-45.,33.5));
#5850 = DIRECTION('',(0.,0.,-1.));
#5851 = DIRECTION('',(1.,0.,0.));
#5852 = PCURVE('',#1484,#5853);
#5853 = DEFINITIONAL_REPRESENTATION('',(#5854),#5862);
#5854 = ( BOUNDED_CURVE() B_SPLINE_CURVE(2,(#5855,#5856,#5857,#5858,
#5859,#5860,#5861),.UNSPECIFIED.,.T.,.F.) B_SPLINE_CURVE_WITH_KNOTS((1,2
    ,2,2,2,1),(-2.094395102393,0.,2.094395102393,4.188790204786,
6.28318530718,8.377580409573),.UNSPECIFIED.) CURVE() 
GEOMETRIC_REPRESENTATION_ITEM() RATIONAL_B_SPLINE_CURVE((1.,0.5,1.,0.5,
1.,0.5,1.)) REPRESENTATION_ITEM('') );
#5855 = CARTESIAN_POINT('',(49.65,13.5));
#5856 = CARTESIAN_POINT('',(49.65,8.130642496536));
#5857 = CARTESIAN_POINT('',(45.,10.815321248268));
#5858 = CARTESIAN_POINT('',(40.35,13.5));
#5859 = CARTESIAN_POINT('',(45.,16.184678751732));
#5860 = CARTESIAN_POINT('',(49.65,18.869357503464));
#5861 = CARTESIAN_POINT('',(49.65,13.5));
#5862 = ( GEOMETRIC_REPRESENTATION_CONTEXT(2) 
PARAMETRIC_REPRESENTATION_CONTEXT() REPRESENTATION_CONTEXT('2D SPACE',''
  ) );
#5863 = PCURVE('',#5864,#5869);
#5864 = CYLINDRICAL_SURFACE('',#5865,3.1);
#5865 = AXIS2_PLACEMENT_3D('',#5866,#5867,#5868);
#5866 = CARTESIAN_POINT('',(104.55,-45.,32.3));
#5867 = DIRECTION('',(-0.,-0.,-1.));
#5868 = DIRECTION('',(1.,0.,0.));
#5869 = DEFINITIONAL_REPRESENTATION('',(#5870),#5874);
#5870 = LINE('',#5871,#5872);
#5871 = CARTESIAN_POINT('',(-6.28318530718,-1.2));
#5872 = VECTOR('',#5873,1.);
#5873 = DIRECTION('',(1.,-0.));
#5874 = ( GEOMETRIC_REPRESENTATION_CONTEXT(2) 
PARAMETRIC_REPRESENTATION_CONTEXT() REPRESENTATION_CONTEXT('2D SPACE',''
  ) );
#5875 = FACE_BOUND('',#5876,.T.);
#5876 = EDGE_LOOP('',(#5877,#5905,#5931,#5957,#5983,#6009,#6035,#6061,
    #6087,#6113,#6139,#6165,#6191));
#5877 = ORIENTED_EDGE('',*,*,#5878,.F.);
#5878 = EDGE_CURVE('',#5879,#5881,#5883,.T.);
#5879 = VERTEX_POINT('',#5880);
#5880 = CARTESIAN_POINT('',(84.288505859375,-30.75000015258,33.5));
#5881 = VERTEX_POINT('',#5882);
#5882 = CARTESIAN_POINT('',(84.903505859375,-28.91700210571,33.5));
#5883 = SURFACE_CURVE('',#5884,(#5888,#5894),.PCURVE_S1.);
#5884 = LINE('',#5885,#5886);
#5885 = CARTESIAN_POINT('',(79.08180112415,-46.268503584,33.5));
#5886 = VECTOR('',#5887,1.);
#5887 = DIRECTION('',(0.318089446792,0.948060706832,-0.));
#5888 = PCURVE('',#1484,#5889);
#5889 = DEFINITIONAL_REPRESENTATION('',(#5890),#5893);
#5890 = B_SPLINE_CURVE_WITH_KNOTS('',1,(#5891,#5892),.UNSPECIFIED.,.F.,
  .F.,(2,2),(16.36868116101,18.302099594729),.PIECEWISE_BEZIER_KNOTS.);
#5891 = CARTESIAN_POINT('',(26.288505859375,27.749999847412));
#5892 = CARTESIAN_POINT('',(26.903505859375,29.582997894287));
#5893 = ( GEOMETRIC_REPRESENTATION_CONTEXT(2) 
PARAMETRIC_REPRESENTATION_CONTEXT() REPRESENTATION_CONTEXT('2D SPACE',''
  ) );
#5894 = PCURVE('',#5895,#5900);
#5895 = PLANE('',#5896);
#5896 = AXIS2_PLACEMENT_3D('',#5897,#5898,#5899);
#5897 = CARTESIAN_POINT('',(84.903505859375,-28.91700210571,32.9));
#5898 = DIRECTION('',(0.948060706832,-0.318089446792,0.));
#5899 = DIRECTION('',(-0.318089446792,-0.948060706832,0.));
#5900 = DEFINITIONAL_REPRESENTATION('',(#5901),#5904);
#5901 = B_SPLINE_CURVE_WITH_KNOTS('',1,(#5902,#5903),.UNSPECIFIED.,.F.,
  .F.,(2,2),(16.36868116101,18.302099594729),.PIECEWISE_BEZIER_KNOTS.);
#5902 = CARTESIAN_POINT('',(1.93341843372,-0.6));
#5903 = CARTESIAN_POINT('',(0.,-0.6));
#5904 = ( GEOMETRIC_REPRESENTATION_CONTEXT(2) 
PARAMETRIC_REPRESENTATION_CONTEXT() REPRESENTATION_CONTEXT('2D SPACE',''
  ) );
#5905 = ORIENTED_EDGE('',*,*,#5906,.F.);
#5906 = EDGE_CURVE('',#5907,#5879,#5909,.T.);
#5907 = VERTEX_POINT('',#5908);
#5908 = CARTESIAN_POINT('',(83.994501953125,-30.75000015258,33.5));
#5909 = SURFACE_CURVE('',#5910,(#5914,#5920),.PCURVE_S1.);
#5910 = LINE('',#5911,#5912);
#5911 = CARTESIAN_POINT('',(71.144252929687,-30.75000015258,33.5));
#5912 = VECTOR('',#5913,1.);
#5913 = DIRECTION('',(1.,0.,-0.));
#5914 = PCURVE('',#1484,#5915);
#5915 = DEFINITIONAL_REPRESENTATION('',(#5916),#5919);
#5916 = B_SPLINE_CURVE_WITH_KNOTS('',1,(#5917,#5918),.UNSPECIFIED.,.F.,
  .F.,(2,2),(12.850249023437,13.144252929687),.PIECEWISE_BEZIER_KNOTS.);
#5917 = CARTESIAN_POINT('',(25.994501953125,27.749999847412));
#5918 = CARTESIAN_POINT('',(26.288505859375,27.749999847412));
#5919 = ( GEOMETRIC_REPRESENTATION_CONTEXT(2) 
PARAMETRIC_REPRESENTATION_CONTEXT() REPRESENTATION_CONTEXT('2D SPACE',''
  ) );
#5920 = PCURVE('',#5921,#5926);
#5921 = PLANE('',#5922);
#5922 = AXIS2_PLACEMENT_3D('',#5923,#5924,#5925);
#5923 = CARTESIAN_POINT('',(84.288505859375,-30.75000015258,32.9));
#5924 = DIRECTION('',(0.,-1.,0.));
#5925 = DIRECTION('',(-1.,0.,0.));
#5926 = DEFINITIONAL_REPRESENTATION('',(#5927),#5930);
#5927 = B_SPLINE_CURVE_WITH_KNOTS('',1,(#5928,#5929),.UNSPECIFIED.,.F.,
  .F.,(2,2),(12.850249023437,13.144252929687),.PIECEWISE_BEZIER_KNOTS.);
#5928 = CARTESIAN_POINT('',(0.29400390625,-0.6));
#5929 = CARTESIAN_POINT('',(0.,-0.6));
#5930 = ( GEOMETRIC_REPRESENTATION_CONTEXT(2) 
PARAMETRIC_REPRESENTATION_CONTEXT() REPRESENTATION_CONTEXT('2D SPACE',''
  ) );
#5931 = ORIENTED_EDGE('',*,*,#5932,.F.);
#5932 = EDGE_CURVE('',#5933,#5907,#5935,.T.);
#5933 = VERTEX_POINT('',#5934);
#5934 = CARTESIAN_POINT('',(83.373505859375,-28.91700210571,33.5));
#5935 = SURFACE_CURVE('',#5936,(#5940,#5946),.PCURVE_S1.);
#5936 = LINE('',#5937,#5938);
#5937 = CARTESIAN_POINT('',(86.873006165049,-39.24649900577,33.5));
#5938 = VECTOR('',#5939,1.);
#5939 = DIRECTION('',(0.320872815313,-0.947122292206,0.));
#5940 = PCURVE('',#1484,#5941);
#5941 = DEFINITIONAL_REPRESENTATION('',(#5942),#5945);
#5942 = B_SPLINE_CURVE_WITH_KNOTS('',1,(#5943,#5944),.UNSPECIFIED.,.F.,
  .F.,(2,2),(-10.90619129658,-8.970857219922),.PIECEWISE_BEZIER_KNOTS.);
#5943 = CARTESIAN_POINT('',(25.373505859375,29.582997894287));
#5944 = CARTESIAN_POINT('',(25.994501953125,27.749999847412));
#5945 = ( GEOMETRIC_REPRESENTATION_CONTEXT(2) 
PARAMETRIC_REPRESENTATION_CONTEXT() REPRESENTATION_CONTEXT('2D SPACE',''
  ) );
#5946 = PCURVE('',#5947,#5952);
#5947 = PLANE('',#5948);
#5948 = AXIS2_PLACEMENT_3D('',#5949,#5950,#5951);
#5949 = CARTESIAN_POINT('',(83.994501953125,-30.75000015258,32.9));
#5950 = DIRECTION('',(-0.947122292206,-0.320872815313,0.));
#5951 = DIRECTION('',(-0.320872815313,0.947122292206,0.));
#5952 = DEFINITIONAL_REPRESENTATION('',(#5953),#5956);
#5953 = B_SPLINE_CURVE_WITH_KNOTS('',1,(#5954,#5955),.UNSPECIFIED.,.F.,
  .F.,(2,2),(-10.90619129658,-8.970857219922),.PIECEWISE_BEZIER_KNOTS.);
#5954 = CARTESIAN_POINT('',(1.935334076665,-0.6));
#5955 = CARTESIAN_POINT('',(0.,-0.6));
#5956 = ( GEOMETRIC_REPRESENTATION_CONTEXT(2) 
PARAMETRIC_REPRESENTATION_CONTEXT() REPRESENTATION_CONTEXT('2D SPACE',''
  ) );
#5957 = ORIENTED_EDGE('',*,*,#5958,.F.);
#5958 = EDGE_CURVE('',#5959,#5933,#5961,.T.);
#5959 = VERTEX_POINT('',#5960);
#5960 = CARTESIAN_POINT('',(83.373505859375,-30.75000015258,33.5));
#5961 = SURFACE_CURVE('',#5962,(#5966,#5972),.PCURVE_S1.);
#5962 = LINE('',#5963,#5964);
#5963 = CARTESIAN_POINT('',(83.373505859375,-43.70850105285,33.5));
#5964 = VECTOR('',#5965,1.);
#5965 = DIRECTION('',(0.,1.,0.));
#5966 = PCURVE('',#1484,#5967);
#5967 = DEFINITIONAL_REPRESENTATION('',(#5968),#5971);
#5968 = B_SPLINE_CURVE_WITH_KNOTS('',1,(#5969,#5970),.UNSPECIFIED.,.F.,
  .F.,(2,2),(12.958500900269,14.791498947144),.PIECEWISE_BEZIER_KNOTS.);
#5969 = CARTESIAN_POINT('',(25.373505859375,27.749999847412));
#5970 = CARTESIAN_POINT('',(25.373505859375,29.582997894287));
#5971 = ( GEOMETRIC_REPRESENTATION_CONTEXT(2) 
PARAMETRIC_REPRESENTATION_CONTEXT() REPRESENTATION_CONTEXT('2D SPACE',''
  ) );
#5972 = PCURVE('',#5973,#5978);
#5973 = PLANE('',#5974);
#5974 = AXIS2_PLACEMENT_3D('',#5975,#5976,#5977);
#5975 = CARTESIAN_POINT('',(83.373505859375,-28.91700210571,32.9));
#5976 = DIRECTION('',(1.,0.,0.));
#5977 = DIRECTION('',(0.,-1.,0.));
#5978 = DEFINITIONAL_REPRESENTATION('',(#5979),#5982);
#5979 = B_SPLINE_CURVE_WITH_KNOTS('',1,(#5980,#5981),.UNSPECIFIED.,.F.,
  .F.,(2,2),(12.958500900269,14.791498947144),.PIECEWISE_BEZIER_KNOTS.);
#5980 = CARTESIAN_POINT('',(1.832998046875,-0.6));
#5981 = CARTESIAN_POINT('',(0.,-0.6));
#5982 = ( GEOMETRIC_REPRESENTATION_CONTEXT(2) 
PARAMETRIC_REPRESENTATION_CONTEXT() REPRESENTATION_CONTEXT('2D SPACE',''
  ) );
#5983 = ORIENTED_EDGE('',*,*,#5984,.F.);
#5984 = EDGE_CURVE('',#5985,#5959,#5987,.T.);
#5985 = VERTEX_POINT('',#5986);
#5986 = CARTESIAN_POINT('',(83.109501953125,-30.75000015258,33.5));
#5987 = SURFACE_CURVE('',#5988,(#5992,#5998),.PCURVE_S1.);
#5988 = LINE('',#5989,#5990);
#5989 = CARTESIAN_POINT('',(70.686752929688,-30.75000015258,33.5));
#5990 = VECTOR('',#5991,1.);
#5991 = DIRECTION('',(1.,0.,-0.));
#5992 = PCURVE('',#1484,#5993);
#5993 = DEFINITIONAL_REPRESENTATION('',(#5994),#5997);
#5994 = B_SPLINE_CURVE_WITH_KNOTS('',1,(#5995,#5996),.UNSPECIFIED.,.F.,
  .F.,(2,2),(12.422749023438,12.686752929688),.PIECEWISE_BEZIER_KNOTS.);
#5995 = CARTESIAN_POINT('',(25.109501953125,27.749999847412));
#5996 = CARTESIAN_POINT('',(25.373505859375,27.749999847412));
#5997 = ( GEOMETRIC_REPRESENTATION_CONTEXT(2) 
PARAMETRIC_REPRESENTATION_CONTEXT() REPRESENTATION_CONTEXT('2D SPACE',''
  ) );
#5998 = PCURVE('',#5999,#6004);
#5999 = PLANE('',#6000);
#6000 = AXIS2_PLACEMENT_3D('',#6001,#6002,#6003);
#6001 = CARTESIAN_POINT('',(83.373505859375,-30.75000015258,32.9));
#6002 = DIRECTION('',(0.,-1.,0.));
#6003 = DIRECTION('',(-1.,0.,0.));
#6004 = DEFINITIONAL_REPRESENTATION('',(#6005),#6008);
#6005 = B_SPLINE_CURVE_WITH_KNOTS('',1,(#6006,#6007),.UNSPECIFIED.,.F.,
  .F.,(2,2),(12.422749023438,12.686752929688),.PIECEWISE_BEZIER_KNOTS.);
#6006 = CARTESIAN_POINT('',(0.26400390625,-0.6));
#6007 = CARTESIAN_POINT('',(0.,-0.6));
#6008 = ( GEOMETRIC_REPRESENTATION_CONTEXT(2) 
PARAMETRIC_REPRESENTATION_CONTEXT() REPRESENTATION_CONTEXT('2D SPACE',''
  ) );
#6009 = ORIENTED_EDGE('',*,*,#6010,.F.);
#6010 = EDGE_CURVE('',#6011,#5985,#6013,.T.);
#6011 = VERTEX_POINT('',#6012);
#6012 = CARTESIAN_POINT('',(83.109501953125,-28.56299819946,33.5));
#6013 = SURFACE_CURVE('',#6014,(#6018,#6024),.PCURVE_S1.);
#6014 = LINE('',#6015,#6016);
#6015 = CARTESIAN_POINT('',(83.109501953125,-44.62500007629,33.5));
#6016 = VECTOR('',#6017,1.);
#6017 = DIRECTION('',(0.,-1.,0.));
#6018 = PCURVE('',#1484,#6019);
#6019 = DEFINITIONAL_REPRESENTATION('',(#6020),#6023);
#6020 = B_SPLINE_CURVE_WITH_KNOTS('',1,(#6021,#6022),.UNSPECIFIED.,.F.,
  .F.,(2,2),(-16.06200187683,-13.8749999237),.PIECEWISE_BEZIER_KNOTS.);
#6021 = CARTESIAN_POINT('',(25.109501953125,29.937001800537));
#6022 = CARTESIAN_POINT('',(25.109501953125,27.749999847412));
#6023 = ( GEOMETRIC_REPRESENTATION_CONTEXT(2) 
PARAMETRIC_REPRESENTATION_CONTEXT() REPRESENTATION_CONTEXT('2D SPACE',''
  ) );
#6024 = PCURVE('',#6025,#6030);
#6025 = PLANE('',#6026);
#6026 = AXIS2_PLACEMENT_3D('',#6027,#6028,#6029);
#6027 = CARTESIAN_POINT('',(83.109501953125,-30.75000015258,32.9));
#6028 = DIRECTION('',(-1.,0.,0.));
#6029 = DIRECTION('',(0.,1.,0.));
#6030 = DEFINITIONAL_REPRESENTATION('',(#6031),#6034);
#6031 = B_SPLINE_CURVE_WITH_KNOTS('',1,(#6032,#6033),.UNSPECIFIED.,.F.,
  .F.,(2,2),(-16.06200187683,-13.8749999237),.PIECEWISE_BEZIER_KNOTS.);
#6032 = CARTESIAN_POINT('',(2.187001953125,-0.6));
#6033 = CARTESIAN_POINT('',(0.,-0.6));
#6034 = ( GEOMETRIC_REPRESENTATION_CONTEXT(2) 
PARAMETRIC_REPRESENTATION_CONTEXT() REPRESENTATION_CONTEXT('2D SPACE',''
  ) );
#6035 = ORIENTED_EDGE('',*,*,#6036,.F.);
#6036 = EDGE_CURVE('',#6037,#6011,#6039,.T.);
#6037 = VERTEX_POINT('',#6038);
#6038 = CARTESIAN_POINT('',(83.49650390625,-28.56299819946,33.5));
#6039 = SURFACE_CURVE('',#6040,(#6044,#6050),.PCURVE_S1.);
#6040 = LINE('',#6041,#6042);
#6041 = CARTESIAN_POINT('',(70.554750976563,-28.56299819946,33.5));
#6042 = VECTOR('',#6043,1.);
#6043 = DIRECTION('',(-1.,0.,0.));
#6044 = PCURVE('',#1484,#6045);
#6045 = DEFINITIONAL_REPRESENTATION('',(#6046),#6049);
#6046 = B_SPLINE_CURVE_WITH_KNOTS('',1,(#6047,#6048),.UNSPECIFIED.,.F.,
  .F.,(2,2),(-12.94175292968,-12.55475097656),.PIECEWISE_BEZIER_KNOTS.);
#6047 = CARTESIAN_POINT('',(25.49650390625,29.937001800537));
#6048 = CARTESIAN_POINT('',(25.109501953125,29.937001800537));
#6049 = ( GEOMETRIC_REPRESENTATION_CONTEXT(2) 
PARAMETRIC_REPRESENTATION_CONTEXT() REPRESENTATION_CONTEXT('2D SPACE',''
  ) );
#6050 = PCURVE('',#6051,#6056);
#6051 = PLANE('',#6052);
#6052 = AXIS2_PLACEMENT_3D('',#6053,#6054,#6055);
#6053 = CARTESIAN_POINT('',(83.109501953125,-28.56299819946,32.9));
#6054 = DIRECTION('',(0.,1.,0.));
#6055 = DIRECTION('',(1.,0.,0.));
#6056 = DEFINITIONAL_REPRESENTATION('',(#6057),#6060);
#6057 = B_SPLINE_CURVE_WITH_KNOTS('',1,(#6058,#6059),.UNSPECIFIED.,.F.,
  .F.,(2,2),(-12.94175292968,-12.55475097656),.PIECEWISE_BEZIER_KNOTS.);
#6058 = CARTESIAN_POINT('',(0.387001953125,-0.6));
#6059 = CARTESIAN_POINT('',(-1.42108547152E-14,-0.6));
#6060 = ( GEOMETRIC_REPRESENTATION_CONTEXT(2) 
PARAMETRIC_REPRESENTATION_CONTEXT() REPRESENTATION_CONTEXT('2D SPACE',''
  ) );
#6061 = ORIENTED_EDGE('',*,*,#6062,.F.);
#6062 = EDGE_CURVE('',#6063,#6037,#6065,.T.);
#6063 = VERTEX_POINT('',#6064);
#6064 = CARTESIAN_POINT('',(84.144501953125,-30.46799819946,33.5));
#6065 = SURFACE_CURVE('',#6066,(#6070,#6076),.PCURVE_S1.);
#6066 = LINE('',#6067,#6068);
#6067 = CARTESIAN_POINT('',(86.7380176606,-38.09247707955,33.5));
#6068 = VECTOR('',#6069,1.);
#6069 = DIRECTION('',(-0.322035501959,0.946727593069,0.));
#6070 = PCURVE('',#1484,#6071);
#6071 = DEFINITIONAL_REPRESENTATION('',(#6072),#6075);
#6072 = B_SPLINE_CURVE_WITH_KNOTS('',1,(#6073,#6074),.UNSPECIFIED.,.F.,
  .F.,(2,2),(8.053508671251,10.065703112341),.PIECEWISE_BEZIER_KNOTS.);
#6073 = CARTESIAN_POINT('',(26.144501953125,28.032001800537));
#6074 = CARTESIAN_POINT('',(25.49650390625,29.937001800537));
#6075 = ( GEOMETRIC_REPRESENTATION_CONTEXT(2) 
PARAMETRIC_REPRESENTATION_CONTEXT() REPRESENTATION_CONTEXT('2D SPACE',''
  ) );
#6076 = PCURVE('',#6077,#6082);
#6077 = PLANE('',#6078);
#6078 = AXIS2_PLACEMENT_3D('',#6079,#6080,#6081);
#6079 = CARTESIAN_POINT('',(83.49650390625,-28.56299819946,32.9));
#6080 = DIRECTION('',(0.946727593069,0.322035501959,0.));
#6081 = DIRECTION('',(0.322035501959,-0.946727593069,0.));
#6082 = DEFINITIONAL_REPRESENTATION('',(#6083),#6086);
#6083 = B_SPLINE_CURVE_WITH_KNOTS('',1,(#6084,#6085),.UNSPECIFIED.,.F.,
  .F.,(2,2),(8.053508671251,10.065703112341),.PIECEWISE_BEZIER_KNOTS.);
#6084 = CARTESIAN_POINT('',(2.01219444109,-0.6));
#6085 = CARTESIAN_POINT('',(0.,-0.6));
#6086 = ( GEOMETRIC_REPRESENTATION_CONTEXT(2) 
PARAMETRIC_REPRESENTATION_CONTEXT() REPRESENTATION_CONTEXT('2D SPACE',''
  ) );
#6087 = ORIENTED_EDGE('',*,*,#6088,.F.);
#6088 = EDGE_CURVE('',#6089,#6063,#6091,.T.);
#6089 = VERTEX_POINT('',#6090);
#6090 = CARTESIAN_POINT('',(84.780498046875,-28.56299819946,33.5));
#6091 = SURFACE_CURVE('',#6092,(#6096,#6102),.PCURVE_S1.);
#6092 = LINE('',#6093,#6094);
#6093 = CARTESIAN_POINT('',(78.623509801899,-47.00503380619,33.5));
#6094 = VECTOR('',#6095,1.);
#6095 = DIRECTION('',(-0.316674107006,-0.948534401038,0.));
#6096 = PCURVE('',#1484,#6097);
#6097 = DEFINITIONAL_REPRESENTATION('',(#6098),#6101);
#6098 = B_SPLINE_CURVE_WITH_KNOTS('',1,(#6099,#6100),.UNSPECIFIED.,.F.,
  .F.,(2,2),(-19.44266395247,-17.43430242344),.PIECEWISE_BEZIER_KNOTS.);
#6099 = CARTESIAN_POINT('',(26.780498046875,29.937001800537));
#6100 = CARTESIAN_POINT('',(26.144501953125,28.032001800537));
#6101 = ( GEOMETRIC_REPRESENTATION_CONTEXT(2) 
PARAMETRIC_REPRESENTATION_CONTEXT() REPRESENTATION_CONTEXT('2D SPACE',''
  ) );
#6102 = PCURVE('',#6103,#6108);
#6103 = PLANE('',#6104);
#6104 = AXIS2_PLACEMENT_3D('',#6105,#6106,#6107);
#6105 = CARTESIAN_POINT('',(84.144501953125,-30.46799819946,32.9));
#6106 = DIRECTION('',(-0.948534401038,0.316674107006,0.));
#6107 = DIRECTION('',(0.316674107006,0.948534401038,0.));
#6108 = DEFINITIONAL_REPRESENTATION('',(#6109),#6112);
#6109 = B_SPLINE_CURVE_WITH_KNOTS('',1,(#6110,#6111),.UNSPECIFIED.,.F.,
  .F.,(2,2),(-19.44266395247,-17.43430242344),.PIECEWISE_BEZIER_KNOTS.);
#6110 = CARTESIAN_POINT('',(2.008361529024,-0.6));
#6111 = CARTESIAN_POINT('',(0.,-0.6));
#6112 = ( GEOMETRIC_REPRESENTATION_CONTEXT(2) 
PARAMETRIC_REPRESENTATION_CONTEXT() REPRESENTATION_CONTEXT('2D SPACE',''
  ) );
#6113 = ORIENTED_EDGE('',*,*,#6114,.F.);
#6114 = EDGE_CURVE('',#6115,#6089,#6117,.T.);
#6115 = VERTEX_POINT('',#6116);
#6116 = CARTESIAN_POINT('',(85.1675,-28.56299819946,33.5));
#6117 = SURFACE_CURVE('',#6118,(#6122,#6128),.PCURVE_S1.);
#6118 = LINE('',#6119,#6120);
#6119 = CARTESIAN_POINT('',(71.390249023437,-28.56299819946,33.5));
#6120 = VECTOR('',#6121,1.);
#6121 = DIRECTION('',(-1.,0.,0.));
#6122 = PCURVE('',#1484,#6123);
#6123 = DEFINITIONAL_REPRESENTATION('',(#6124),#6127);
#6124 = B_SPLINE_CURVE_WITH_KNOTS('',1,(#6125,#6126),.UNSPECIFIED.,.F.,
  .F.,(2,2),(-13.77725097656,-13.39024902343),.PIECEWISE_BEZIER_KNOTS.);
#6125 = CARTESIAN_POINT('',(27.1675,29.937001800537));
#6126 = CARTESIAN_POINT('',(26.780498046875,29.937001800537));
#6127 = ( GEOMETRIC_REPRESENTATION_CONTEXT(2) 
PARAMETRIC_REPRESENTATION_CONTEXT() REPRESENTATION_CONTEXT('2D SPACE',''
  ) );
#6128 = PCURVE('',#6129,#6134);
#6129 = PLANE('',#6130);
#6130 = AXIS2_PLACEMENT_3D('',#6131,#6132,#6133);
#6131 = CARTESIAN_POINT('',(84.780498046875,-28.56299819946,32.9));
#6132 = DIRECTION('',(0.,1.,0.));
#6133 = DIRECTION('',(1.,0.,0.));
#6134 = DEFINITIONAL_REPRESENTATION('',(#6135),#6138);
#6135 = B_SPLINE_CURVE_WITH_KNOTS('',1,(#6136,#6137),.UNSPECIFIED.,.F.,
  .F.,(2,2),(-13.77725097656,-13.39024902343),.PIECEWISE_BEZIER_KNOTS.);
#6136 = CARTESIAN_POINT('',(0.387001953125,-0.6));
#6137 = CARTESIAN_POINT('',(0.,-0.6));
#6138 = ( GEOMETRIC_REPRESENTATION_CONTEXT(2) 
PARAMETRIC_REPRESENTATION_CONTEXT() REPRESENTATION_CONTEXT('2D SPACE',''
  ) );
#6139 = ORIENTED_EDGE('',*,*,#6140,.F.);
#6140 = EDGE_CURVE('',#6141,#6115,#6143,.T.);
#6141 = VERTEX_POINT('',#6142);
#6142 = CARTESIAN_POINT('',(85.1675,-30.75000015258,33.5));
#6143 = SURFACE_CURVE('',#6144,(#6148,#6154),.PCURVE_S1.);
#6144 = LINE('',#6145,#6146);
#6145 = CARTESIAN_POINT('',(85.1675,-43.53149909973,33.5));
#6146 = VECTOR('',#6147,1.);
#6147 = DIRECTION('',(0.,1.,0.));
#6148 = PCURVE('',#1484,#6149);
#6149 = DEFINITIONAL_REPRESENTATION('',(#6150),#6153);
#6150 = B_SPLINE_CURVE_WITH_KNOTS('',1,(#6151,#6152),.UNSPECIFIED.,.F.,
  .F.,(2,2),(12.781498947144,14.968500900269),.PIECEWISE_BEZIER_KNOTS.);
#6151 = CARTESIAN_POINT('',(27.1675,27.749999847412));
#6152 = CARTESIAN_POINT('',(27.1675,29.937001800537));
#6153 = ( GEOMETRIC_REPRESENTATION_CONTEXT(2) 
PARAMETRIC_REPRESENTATION_CONTEXT() REPRESENTATION_CONTEXT('2D SPACE',''
  ) );
#6154 = PCURVE('',#6155,#6160);
#6155 = PLANE('',#6156);
#6156 = AXIS2_PLACEMENT_3D('',#6157,#6158,#6159);
#6157 = CARTESIAN_POINT('',(85.1675,-28.56299819946,32.9));
#6158 = DIRECTION('',(1.,0.,0.));
#6159 = DIRECTION('',(0.,-1.,0.));
#6160 = DEFINITIONAL_REPRESENTATION('',(#6161),#6164);
#6161 = B_SPLINE_CURVE_WITH_KNOTS('',1,(#6162,#6163),.UNSPECIFIED.,.F.,
  .F.,(2,2),(12.781498947144,14.968500900269),.PIECEWISE_BEZIER_KNOTS.);
#6162 = CARTESIAN_POINT('',(2.187001953125,-0.6));
#6163 = CARTESIAN_POINT('',(0.,-0.6));
#6164 = ( GEOMETRIC_REPRESENTATION_CONTEXT(2) 
PARAMETRIC_REPRESENTATION_CONTEXT() REPRESENTATION_CONTEXT('2D SPACE',''
  ) );
#6165 = ORIENTED_EDGE('',*,*,#6166,.F.);
#6166 = EDGE_CURVE('',#6167,#6141,#6169,.T.);
#6167 = VERTEX_POINT('',#6168);
#6168 = CARTESIAN_POINT('',(84.903505859375,-30.75000015258,33.5));
#6169 = SURFACE_CURVE('',#6170,(#6174,#6180),.PCURVE_S1.);
#6170 = LINE('',#6171,#6172);
#6171 = CARTESIAN_POINT('',(71.58375,-30.75000015258,33.5));
#6172 = VECTOR('',#6173,1.);
#6173 = DIRECTION('',(1.,0.,-0.));
#6174 = PCURVE('',#1484,#6175);
#6175 = DEFINITIONAL_REPRESENTATION('',(#6176),#6179);
#6176 = B_SPLINE_CURVE_WITH_KNOTS('',1,(#6177,#6178),.UNSPECIFIED.,.F.,
  .F.,(2,2),(13.319755859375,13.58375),.PIECEWISE_BEZIER_KNOTS.);
#6177 = CARTESIAN_POINT('',(26.903505859375,27.749999847412));
#6178 = CARTESIAN_POINT('',(27.1675,27.749999847412));
#6179 = ( GEOMETRIC_REPRESENTATION_CONTEXT(2) 
PARAMETRIC_REPRESENTATION_CONTEXT() REPRESENTATION_CONTEXT('2D SPACE',''
  ) );
#6180 = PCURVE('',#6181,#6186);
#6181 = PLANE('',#6182);
#6182 = AXIS2_PLACEMENT_3D('',#6183,#6184,#6185);
#6183 = CARTESIAN_POINT('',(85.1675,-30.75000015258,32.9));
#6184 = DIRECTION('',(0.,-1.,0.));
#6185 = DIRECTION('',(-1.,0.,0.));
#6186 = DEFINITIONAL_REPRESENTATION('',(#6187),#6190);
#6187 = B_SPLINE_CURVE_WITH_KNOTS('',1,(#6188,#6189),.UNSPECIFIED.,.F.,
  .F.,(2,2),(13.319755859375,13.58375),.PIECEWISE_BEZIER_KNOTS.);
#6188 = CARTESIAN_POINT('',(0.263994140625,-0.6));
#6189 = CARTESIAN_POINT('',(0.,-0.6));
#6190 = ( GEOMETRIC_REPRESENTATION_CONTEXT(2) 
PARAMETRIC_REPRESENTATION_CONTEXT() REPRESENTATION_CONTEXT('2D SPACE',''
  ) );
#6191 = ORIENTED_EDGE('',*,*,#6192,.F.);
#6192 = EDGE_CURVE('',#5881,#6167,#6193,.T.);
#6193 = SURFACE_CURVE('',#6194,(#6198,#6204),.PCURVE_S1.);
#6194 = LINE('',#6195,#6196);
#6195 = CARTESIAN_POINT('',(84.903505859375,-44.62500007629,33.5));
#6196 = VECTOR('',#6197,1.);
#6197 = DIRECTION('',(0.,-1.,0.));
#6198 = PCURVE('',#1484,#6199);
#6199 = DEFINITIONAL_REPRESENTATION('',(#6200),#6203);
#6200 = B_SPLINE_CURVE_WITH_KNOTS('',1,(#6201,#6202),.UNSPECIFIED.,.F.,
  .F.,(2,2),(-15.70799797058,-13.8749999237),.PIECEWISE_BEZIER_KNOTS.);
#6201 = CARTESIAN_POINT('',(26.903505859375,29.582997894287));
#6202 = CARTESIAN_POINT('',(26.903505859375,27.749999847412));
#6203 = ( GEOMETRIC_REPRESENTATION_CONTEXT(2) 
PARAMETRIC_REPRESENTATION_CONTEXT() REPRESENTATION_CONTEXT('2D SPACE',''
  ) );
#6204 = PCURVE('',#6205,#6210);
#6205 = PLANE('',#6206);
#6206 = AXIS2_PLACEMENT_3D('',#6207,#6208,#6209);
#6207 = CARTESIAN_POINT('',(84.903505859375,-30.75000015258,32.9));
#6208 = DIRECTION('',(-1.,0.,0.));
#6209 = DIRECTION('',(0.,1.,0.));
#6210 = DEFINITIONAL_REPRESENTATION('',(#6211),#6214);
#6211 = B_SPLINE_CURVE_WITH_KNOTS('',1,(#6212,#6213),.UNSPECIFIED.,.F.,
  .F.,(2,2),(-15.70799797058,-13.8749999237),.PIECEWISE_BEZIER_KNOTS.);
#6212 = CARTESIAN_POINT('',(1.832998046875,-0.6));
#6213 = CARTESIAN_POINT('',(0.,-0.6));
#6214 = ( GEOMETRIC_REPRESENTATION_CONTEXT(2) 
PARAMETRIC_REPRESENTATION_CONTEXT() REPRESENTATION_CONTEXT('2D SPACE',''
  ) );
#6215 = FACE_BOUND('',#6216,.T.);
#6216 = EDGE_LOOP('',(#6217,#6245,#6271,#6297,#6323,#6349,#6375,#6401));
#6217 = ORIENTED_EDGE('',*,*,#6218,.F.);
#6218 = EDGE_CURVE('',#6219,#6221,#6223,.T.);
#6219 = VERTEX_POINT('',#6220);
#6220 = CARTESIAN_POINT('',(86.76349609375,-30.09299819946,33.5));
#6221 = VERTEX_POINT('',#6222);
#6222 = CARTESIAN_POINT('',(86.98849609375,-30.75000015258,33.5));
#6223 = SURFACE_CURVE('',#6224,(#6228,#6234),.PCURVE_S1.);
#6224 = LINE('',#6225,#6226);
#6225 = CARTESIAN_POINT('',(89.719930182631,-38.72581140248,33.5));
#6226 = VECTOR('',#6227,1.);
#6227 = DIRECTION('',(0.323992112815,-0.94605978185,0.));
#6228 = PCURVE('',#1484,#6229);
#6229 = DEFINITIONAL_REPRESENTATION('',(#6230),#6233);
#6230 = B_SPLINE_CURVE_WITH_KNOTS('',1,(#6231,#6232),.UNSPECIFIED.,.F.,
  .F.,(2,2),(-9.125018702456,-8.430557352625),.PIECEWISE_BEZIER_KNOTS.);
#6231 = CARTESIAN_POINT('',(28.76349609375,28.407001800537));
#6232 = CARTESIAN_POINT('',(28.98849609375,27.749999847412));
#6233 = ( GEOMETRIC_REPRESENTATION_CONTEXT(2) 
PARAMETRIC_REPRESENTATION_CONTEXT() REPRESENTATION_CONTEXT('2D SPACE',''
  ) );
#6234 = PCURVE('',#6235,#6240);
#6235 = PLANE('',#6236);
#6236 = AXIS2_PLACEMENT_3D('',#6237,#6238,#6239);
#6237 = CARTESIAN_POINT('',(86.98849609375,-30.75000015258,32.9));
#6238 = DIRECTION('',(-0.94605978185,-0.323992112815,0.));
#6239 = DIRECTION('',(-0.323992112815,0.94605978185,0.));
#6240 = DEFINITIONAL_REPRESENTATION('',(#6241),#6244);
#6241 = B_SPLINE_CURVE_WITH_KNOTS('',1,(#6242,#6243),.UNSPECIFIED.,.F.,
  .F.,(2,2),(-9.125018702456,-8.430557352625),.PIECEWISE_BEZIER_KNOTS.);
#6242 = CARTESIAN_POINT('',(0.694461349832,-0.6));
#6243 = CARTESIAN_POINT('',(0.,-0.6));
#6244 = ( GEOMETRIC_REPRESENTATION_CONTEXT(2) 
PARAMETRIC_REPRESENTATION_CONTEXT() REPRESENTATION_CONTEXT('2D SPACE',''
  ) );
#6245 = ORIENTED_EDGE('',*,*,#6246,.F.);
#6246 = EDGE_CURVE('',#6247,#6219,#6249,.T.);
#6247 = VERTEX_POINT('',#6248);
#6248 = CARTESIAN_POINT('',(85.920498046875,-30.09299819946,33.5));
#6249 = SURFACE_CURVE('',#6250,(#6254,#6260),.PCURVE_S1.);
#6250 = LINE('',#6251,#6252);
#6251 = CARTESIAN_POINT('',(72.381748046875,-30.09299819946,33.5));
#6252 = VECTOR('',#6253,1.);
#6253 = DIRECTION('',(1.,0.,-0.));
#6254 = PCURVE('',#1484,#6255);
#6255 = DEFINITIONAL_REPRESENTATION('',(#6256),#6259);
#6256 = B_SPLINE_CURVE_WITH_KNOTS('',1,(#6257,#6258),.UNSPECIFIED.,.F.,
  .F.,(2,2),(13.53875,14.381748046875),.PIECEWISE_BEZIER_KNOTS.);
#6257 = CARTESIAN_POINT('',(27.920498046875,28.407001800537));
#6258 = CARTESIAN_POINT('',(28.76349609375,28.407001800537));
#6259 = ( GEOMETRIC_REPRESENTATION_CONTEXT(2) 
PARAMETRIC_REPRESENTATION_CONTEXT() REPRESENTATION_CONTEXT('2D SPACE',''
  ) );
#6260 = PCURVE('',#6261,#6266);
#6261 = PLANE('',#6262);
#6262 = AXIS2_PLACEMENT_3D('',#6263,#6264,#6265);
#6263 = CARTESIAN_POINT('',(86.76349609375,-30.09299819946,32.9));
#6264 = DIRECTION('',(0.,-1.,0.));
#6265 = DIRECTION('',(-1.,0.,0.));
#6266 = DEFINITIONAL_REPRESENTATION('',(#6267),#6270);
#6267 = B_SPLINE_CURVE_WITH_KNOTS('',1,(#6268,#6269),.UNSPECIFIED.,.F.,
  .F.,(2,2),(13.53875,14.381748046875),.PIECEWISE_BEZIER_KNOTS.);
#6268 = CARTESIAN_POINT('',(0.842998046875,-0.6));
#6269 = CARTESIAN_POINT('',(0.,-0.6));
#6270 = ( GEOMETRIC_REPRESENTATION_CONTEXT(2) 
PARAMETRIC_REPRESENTATION_CONTEXT() REPRESENTATION_CONTEXT('2D SPACE',''
  ) );
#6271 = ORIENTED_EDGE('',*,*,#6272,.F.);
#6272 = EDGE_CURVE('',#6273,#6247,#6275,.T.);
#6273 = VERTEX_POINT('',#6274);
#6274 = CARTESIAN_POINT('',(85.689501953125,-30.75000015258,33.5));
#6275 = SURFACE_CURVE('',#6276,(#6280,#6286),.PCURVE_S1.);
#6276 = LINE('',#6277,#6278);
#6277 = CARTESIAN_POINT('',(79.940217689049,-47.10218572096,33.5));
#6278 = VECTOR('',#6279,1.);
#6279 = DIRECTION('',(0.331687380323,0.943389358502,-0.));
#6280 = PCURVE('',#1484,#6281);
#6281 = DEFINITIONAL_REPRESENTATION('',(#6282),#6285);
#6282 = B_SPLINE_CURVE_WITH_KNOTS('',1,(#6283,#6284),.UNSPECIFIED.,.F.,
  .F.,(2,2),(17.333442889733,18.029870030026),.PIECEWISE_BEZIER_KNOTS.);
#6283 = CARTESIAN_POINT('',(27.689501953125,27.749999847412));
#6284 = CARTESIAN_POINT('',(27.920498046875,28.407001800537));
#6285 = ( GEOMETRIC_REPRESENTATION_CONTEXT(2) 
PARAMETRIC_REPRESENTATION_CONTEXT() REPRESENTATION_CONTEXT('2D SPACE',''
  ) );
#6286 = PCURVE('',#6287,#6292);
#6287 = PLANE('',#6288);
#6288 = AXIS2_PLACEMENT_3D('',#6289,#6290,#6291);
#6289 = CARTESIAN_POINT('',(85.920498046875,-30.09299819946,32.9));
#6290 = DIRECTION('',(0.943389358502,-0.331687380323,0.));
#6291 = DIRECTION('',(-0.331687380323,-0.943389358502,0.));
#6292 = DEFINITIONAL_REPRESENTATION('',(#6293),#6296);
#6293 = B_SPLINE_CURVE_WITH_KNOTS('',1,(#6294,#6295),.UNSPECIFIED.,.F.,
  .F.,(2,2),(17.333442889733,18.029870030026),.PIECEWISE_BEZIER_KNOTS.);
#6294 = CARTESIAN_POINT('',(0.696427140294,-0.6));
#6295 = CARTESIAN_POINT('',(0.,-0.6));
#6296 = ( GEOMETRIC_REPRESENTATION_CONTEXT(2) 
PARAMETRIC_REPRESENTATION_CONTEXT() REPRESENTATION_CONTEXT('2D SPACE',''
  ) );
#6297 = ORIENTED_EDGE('',*,*,#6298,.F.);
#6298 = EDGE_CURVE('',#6299,#6273,#6301,.T.);
#6299 = VERTEX_POINT('',#6300);
#6300 = CARTESIAN_POINT('',(85.3925,-30.75000015258,33.5));
#6301 = SURFACE_CURVE('',#6302,(#6306,#6312),.PCURVE_S1.);
#6302 = LINE('',#6303,#6304);
#6303 = CARTESIAN_POINT('',(71.844750976562,-30.75000015258,33.5));
#6304 = VECTOR('',#6305,1.);
#6305 = DIRECTION('',(1.,0.,-0.));
#6306 = PCURVE('',#1484,#6307);
#6307 = DEFINITIONAL_REPRESENTATION('',(#6308),#6311);
#6308 = B_SPLINE_CURVE_WITH_KNOTS('',1,(#6309,#6310),.UNSPECIFIED.,.F.,
  .F.,(2,2),(13.547749023438,13.844750976563),.PIECEWISE_BEZIER_KNOTS.);
#6309 = CARTESIAN_POINT('',(27.3925,27.749999847412));
#6310 = CARTESIAN_POINT('',(27.689501953125,27.749999847412));
#6311 = ( GEOMETRIC_REPRESENTATION_CONTEXT(2) 
PARAMETRIC_REPRESENTATION_CONTEXT() REPRESENTATION_CONTEXT('2D SPACE',''
  ) );
#6312 = PCURVE('',#6313,#6318);
#6313 = PLANE('',#6314);
#6314 = AXIS2_PLACEMENT_3D('',#6315,#6316,#6317);
#6315 = CARTESIAN_POINT('',(85.689501953125,-30.75000015258,32.9));
#6316 = DIRECTION('',(0.,-1.,0.));
#6317 = DIRECTION('',(-1.,0.,0.));
#6318 = DEFINITIONAL_REPRESENTATION('',(#6319),#6322);
#6319 = B_SPLINE_CURVE_WITH_KNOTS('',1,(#6320,#6321),.UNSPECIFIED.,.F.,
  .F.,(2,2),(13.547749023438,13.844750976563),.PIECEWISE_BEZIER_KNOTS.);
#6320 = CARTESIAN_POINT('',(0.297001953125,-0.6));
#6321 = CARTESIAN_POINT('',(0.,-0.6));
#6322 = ( GEOMETRIC_REPRESENTATION_CONTEXT(2) 
PARAMETRIC_REPRESENTATION_CONTEXT() REPRESENTATION_CONTEXT('2D SPACE',''
  ) );
#6323 = ORIENTED_EDGE('',*,*,#6324,.F.);
#6324 = EDGE_CURVE('',#6325,#6299,#6327,.T.);
#6325 = VERTEX_POINT('',#6326);
#6326 = CARTESIAN_POINT('',(86.1725,-28.56299819946,33.5));
#6327 = SURFACE_CURVE('',#6328,(#6332,#6338),.PCURVE_S1.);
#6328 = LINE('',#6329,#6330);
#6329 = CARTESIAN_POINT('',(79.456794931587,-47.39281884206,33.5));
#6330 = VECTOR('',#6331,1.);
#6331 = DIRECTION('',(-0.335926859643,-0.941888074545,0.));
#6332 = PCURVE('',#1484,#6333);
#6333 = DEFINITIONAL_REPRESENTATION('',(#6334),#6337);
#6334 = B_SPLINE_CURVE_WITH_KNOTS('',1,(#6335,#6336),.UNSPECIFIED.,.F.,
  .F.,(2,2),(-19.99156922301,-17.66963521383),.PIECEWISE_BEZIER_KNOTS.);
#6335 = CARTESIAN_POINT('',(28.1725,29.937001800537));
#6336 = CARTESIAN_POINT('',(27.3925,27.749999847412));
#6337 = ( GEOMETRIC_REPRESENTATION_CONTEXT(2) 
PARAMETRIC_REPRESENTATION_CONTEXT() REPRESENTATION_CONTEXT('2D SPACE',''
  ) );
#6338 = PCURVE('',#6339,#6344);
#6339 = PLANE('',#6340);
#6340 = AXIS2_PLACEMENT_3D('',#6341,#6342,#6343);
#6341 = CARTESIAN_POINT('',(85.3925,-30.75000015258,32.9));
#6342 = DIRECTION('',(-0.941888074545,0.335926859643,0.));
#6343 = DIRECTION('',(0.335926859643,0.941888074545,0.));
#6344 = DEFINITIONAL_REPRESENTATION('',(#6345),#6348);
#6345 = B_SPLINE_CURVE_WITH_KNOTS('',1,(#6346,#6347),.UNSPECIFIED.,.F.,
  .F.,(2,2),(-19.99156922301,-17.66963521383),.PIECEWISE_BEZIER_KNOTS.);
#6346 = CARTESIAN_POINT('',(2.321934009177,-0.6));
#6347 = CARTESIAN_POINT('',(0.,-0.6));
#6348 = ( GEOMETRIC_REPRESENTATION_CONTEXT(2) 
PARAMETRIC_REPRESENTATION_CONTEXT() REPRESENTATION_CONTEXT('2D SPACE',''
  ) );
#6349 = ORIENTED_EDGE('',*,*,#6350,.F.);
#6350 = EDGE_CURVE('',#6351,#6325,#6353,.T.);
#6351 = VERTEX_POINT('',#6352);
#6352 = CARTESIAN_POINT('',(86.5325,-28.56299819946,33.5));
#6353 = SURFACE_CURVE('',#6354,(#6358,#6364),.PCURVE_S1.);
#6354 = LINE('',#6355,#6356);
#6355 = CARTESIAN_POINT('',(72.08625,-28.56299819946,33.5));
#6356 = VECTOR('',#6357,1.);
#6357 = DIRECTION('',(-1.,0.,0.));
#6358 = PCURVE('',#1484,#6359);
#6359 = DEFINITIONAL_REPRESENTATION('',(#6360),#6363);
#6360 = B_SPLINE_CURVE_WITH_KNOTS('',1,(#6361,#6362),.UNSPECIFIED.,.F.,
  .F.,(2,2),(-14.44625,-14.08625),.PIECEWISE_BEZIER_KNOTS.);
#6361 = CARTESIAN_POINT('',(28.5325,29.937001800537));
#6362 = CARTESIAN_POINT('',(28.1725,29.937001800537));
#6363 = ( GEOMETRIC_REPRESENTATION_CONTEXT(2) 
PARAMETRIC_REPRESENTATION_CONTEXT() REPRESENTATION_CONTEXT('2D SPACE',''
  ) );
#6364 = PCURVE('',#6365,#6370);
#6365 = PLANE('',#6366);
#6366 = AXIS2_PLACEMENT_3D('',#6367,#6368,#6369);
#6367 = CARTESIAN_POINT('',(86.1725,-28.56299819946,32.9));
#6368 = DIRECTION('',(0.,1.,0.));
#6369 = DIRECTION('',(1.,0.,0.));
#6370 = DEFINITIONAL_REPRESENTATION('',(#6371),#6374);
#6371 = B_SPLINE_CURVE_WITH_KNOTS('',1,(#6372,#6373),.UNSPECIFIED.,.F.,
  .F.,(2,2),(-14.44625,-14.08625),.PIECEWISE_BEZIER_KNOTS.);
#6372 = CARTESIAN_POINT('',(0.36,-0.6));
#6373 = CARTESIAN_POINT('',(0.,-0.6));
#6374 = ( GEOMETRIC_REPRESENTATION_CONTEXT(2) 
PARAMETRIC_REPRESENTATION_CONTEXT() REPRESENTATION_CONTEXT('2D SPACE',''
  ) );
#6375 = ORIENTED_EDGE('',*,*,#6376,.F.);
#6376 = EDGE_CURVE('',#6377,#6351,#6379,.T.);
#6377 = VERTEX_POINT('',#6378);
#6378 = CARTESIAN_POINT('',(87.300498046875,-30.75000015258,33.5));
#6379 = SURFACE_CURVE('',#6380,(#6384,#6390),.PCURVE_S1.);
#6380 = LINE('',#6381,#6382);
#6381 = CARTESIAN_POINT('',(89.645730125415,-37.42843788712,33.5));
#6382 = VECTOR('',#6383,1.);
#6383 = DIRECTION('',(-0.331329295619,0.943515181576,0.));
#6384 = PCURVE('',#1484,#6385);
#6385 = DEFINITIONAL_REPRESENTATION('',(#6386),#6389);
#6386 = B_SPLINE_CURVE_WITH_KNOTS('',1,(#6387,#6388),.UNSPECIFIED.,.F.,
  .F.,(2,2),(7.078251484388,9.396181281206),.PIECEWISE_BEZIER_KNOTS.);
#6387 = CARTESIAN_POINT('',(29.300498046875,27.749999847412));
#6388 = CARTESIAN_POINT('',(28.5325,29.937001800537));
#6389 = ( GEOMETRIC_REPRESENTATION_CONTEXT(2) 
PARAMETRIC_REPRESENTATION_CONTEXT() REPRESENTATION_CONTEXT('2D SPACE',''
  ) );
#6390 = PCURVE('',#6391,#6396);
#6391 = PLANE('',#6392);
#6392 = AXIS2_PLACEMENT_3D('',#6393,#6394,#6395);
#6393 = CARTESIAN_POINT('',(86.5325,-28.56299819946,32.9));
#6394 = DIRECTION('',(0.943515181576,0.331329295619,0.));
#6395 = DIRECTION('',(0.331329295619,-0.943515181576,0.));
#6396 = DEFINITIONAL_REPRESENTATION('',(#6397),#6400);
#6397 = B_SPLINE_CURVE_WITH_KNOTS('',1,(#6398,#6399),.UNSPECIFIED.,.F.,
  .F.,(2,2),(7.078251484388,9.396181281206),.PIECEWISE_BEZIER_KNOTS.);
#6398 = CARTESIAN_POINT('',(2.317929796818,-0.6));
#6399 = CARTESIAN_POINT('',(0.,-0.6));
#6400 = ( GEOMETRIC_REPRESENTATION_CONTEXT(2) 
PARAMETRIC_REPRESENTATION_CONTEXT() REPRESENTATION_CONTEXT('2D SPACE',''
  ) );
#6401 = ORIENTED_EDGE('',*,*,#6402,.F.);
#6402 = EDGE_CURVE('',#6221,#6377,#6403,.T.);
#6403 = SURFACE_CURVE('',#6404,(#6408,#6414),.PCURVE_S1.);
#6404 = LINE('',#6405,#6406);
#6405 = CARTESIAN_POINT('',(72.650249023438,-30.75000015258,33.5));
#6406 = VECTOR('',#6407,1.);
#6407 = DIRECTION('',(1.,0.,-0.));
#6408 = PCURVE('',#1484,#6409);
#6409 = DEFINITIONAL_REPRESENTATION('',(#6410),#6413);
#6410 = B_SPLINE_CURVE_WITH_KNOTS('',1,(#6411,#6412),.UNSPECIFIED.,.F.,
  .F.,(2,2),(14.338247070312,14.650249023437),.PIECEWISE_BEZIER_KNOTS.);
#6411 = CARTESIAN_POINT('',(28.98849609375,27.749999847412));
#6412 = CARTESIAN_POINT('',(29.300498046875,27.749999847412));
#6413 = ( GEOMETRIC_REPRESENTATION_CONTEXT(2) 
PARAMETRIC_REPRESENTATION_CONTEXT() REPRESENTATION_CONTEXT('2D SPACE',''
  ) );
#6414 = PCURVE('',#6415,#6420);
#6415 = PLANE('',#6416);
#6416 = AXIS2_PLACEMENT_3D('',#6417,#6418,#6419);
#6417 = CARTESIAN_POINT('',(87.300498046875,-30.75000015258,32.9));
#6418 = DIRECTION('',(0.,-1.,0.));
#6419 = DIRECTION('',(-1.,0.,0.));
#6420 = DEFINITIONAL_REPRESENTATION('',(#6421),#6424);
#6421 = B_SPLINE_CURVE_WITH_KNOTS('',1,(#6422,#6423),.UNSPECIFIED.,.F.,
  .F.,(2,2),(14.338247070312,14.650249023437),.PIECEWISE_BEZIER_KNOTS.);
#6422 = CARTESIAN_POINT('',(0.312001953125,-0.6));
#6423 = CARTESIAN_POINT('',(0.,-0.6));
#6424 = ( GEOMETRIC_REPRESENTATION_CONTEXT(2) 
PARAMETRIC_REPRESENTATION_CONTEXT() REPRESENTATION_CONTEXT('2D SPACE',''
  ) );
#6425 = FACE_BOUND('',#6426,.T.);
#6426 = EDGE_LOOP('',(#6427,#6455,#6481,#6507));
#6427 = ORIENTED_EDGE('',*,*,#6428,.F.);
#6428 = EDGE_CURVE('',#6429,#6431,#6433,.T.);
#6429 = VERTEX_POINT('',#6430);
#6430 = CARTESIAN_POINT('',(87.8825,-28.56299819946,33.5));
#6431 = VERTEX_POINT('',#6432);
#6432 = CARTESIAN_POINT('',(87.600498046875,-28.56299819946,33.5));
#6433 = SURFACE_CURVE('',#6434,(#6438,#6444),.PCURVE_S1.);
#6434 = LINE('',#6435,#6436);
#6435 = CARTESIAN_POINT('',(72.800249023438,-28.56299819946,33.5));
#6436 = VECTOR('',#6437,1.);
#6437 = DIRECTION('',(-1.,0.,0.));
#6438 = PCURVE('',#1484,#6439);
#6439 = DEFINITIONAL_REPRESENTATION('',(#6440),#6443);
#6440 = B_SPLINE_CURVE_WITH_KNOTS('',1,(#6441,#6442),.UNSPECIFIED.,.F.,
  .F.,(2,2),(-15.08225097656,-14.80024902343),.PIECEWISE_BEZIER_KNOTS.);
#6441 = CARTESIAN_POINT('',(29.8825,29.937001800537));
#6442 = CARTESIAN_POINT('',(29.600498046875,29.937001800537));
#6443 = ( GEOMETRIC_REPRESENTATION_CONTEXT(2) 
PARAMETRIC_REPRESENTATION_CONTEXT() REPRESENTATION_CONTEXT('2D SPACE',''
  ) );
#6444 = PCURVE('',#6445,#6450);
#6445 = PLANE('',#6446);
#6446 = AXIS2_PLACEMENT_3D('',#6447,#6448,#6449);
#6447 = CARTESIAN_POINT('',(87.600498046875,-28.56299819946,32.9));
#6448 = DIRECTION('',(0.,1.,0.));
#6449 = DIRECTION('',(1.,0.,0.));
#6450 = DEFINITIONAL_REPRESENTATION('',(#6451),#6454);
#6451 = B_SPLINE_CURVE_WITH_KNOTS('',1,(#6452,#6453),.UNSPECIFIED.,.F.,
  .F.,(2,2),(-15.08225097656,-14.80024902343),.PIECEWISE_BEZIER_KNOTS.);
#6452 = CARTESIAN_POINT('',(0.282001953125,-0.6));
#6453 = CARTESIAN_POINT('',(0.,-0.6));
#6454 = ( GEOMETRIC_REPRESENTATION_CONTEXT(2) 
PARAMETRIC_REPRESENTATION_CONTEXT() REPRESENTATION_CONTEXT('2D SPACE',''
  ) );
#6455 = ORIENTED_EDGE('',*,*,#6456,.F.);
#6456 = EDGE_CURVE('',#6457,#6429,#6459,.T.);
#6457 = VERTEX_POINT('',#6458);
#6458 = CARTESIAN_POINT('',(87.8825,-30.75000015258,33.5));
#6459 = SURFACE_CURVE('',#6460,(#6464,#6470),.PCURVE_S1.);
#6460 = LINE('',#6461,#6462);
#6461 = CARTESIAN_POINT('',(87.8825,-43.53149909973,33.5));
#6462 = VECTOR('',#6463,1.);
#6463 = DIRECTION('',(0.,1.,0.));
#6464 = PCURVE('',#1484,#6465);
#6465 = DEFINITIONAL_REPRESENTATION('',(#6466),#6469);
#6466 = B_SPLINE_CURVE_WITH_KNOTS('',1,(#6467,#6468),.UNSPECIFIED.,.F.,
  .F.,(2,2),(12.781498947144,14.968500900269),.PIECEWISE_BEZIER_KNOTS.);
#6467 = CARTESIAN_POINT('',(29.8825,27.749999847412));
#6468 = CARTESIAN_POINT('',(29.8825,29.937001800537));
#6469 = ( GEOMETRIC_REPRESENTATION_CONTEXT(2) 
PARAMETRIC_REPRESENTATION_CONTEXT() REPRESENTATION_CONTEXT('2D SPACE',''
  ) );
#6470 = PCURVE('',#6471,#6476);
#6471 = PLANE('',#6472);
#6472 = AXIS2_PLACEMENT_3D('',#6473,#6474,#6475);
#6473 = CARTESIAN_POINT('',(87.8825,-28.56299819946,32.9));
#6474 = DIRECTION('',(1.,0.,0.));
#6475 = DIRECTION('',(0.,-1.,0.));
#6476 = DEFINITIONAL_REPRESENTATION('',(#6477),#6480);
#6477 = B_SPLINE_CURVE_WITH_KNOTS('',1,(#6478,#6479),.UNSPECIFIED.,.F.,
  .F.,(2,2),(12.781498947144,14.968500900269),.PIECEWISE_BEZIER_KNOTS.);
#6478 = CARTESIAN_POINT('',(2.187001953125,-0.6));
#6479 = CARTESIAN_POINT('',(0.,-0.6));
#6480 = ( GEOMETRIC_REPRESENTATION_CONTEXT(2) 
PARAMETRIC_REPRESENTATION_CONTEXT() REPRESENTATION_CONTEXT('2D SPACE',''
  ) );
#6481 = ORIENTED_EDGE('',*,*,#6482,.F.);
#6482 = EDGE_CURVE('',#6483,#6457,#6485,.T.);
#6483 = VERTEX_POINT('',#6484);
#6484 = CARTESIAN_POINT('',(87.600498046875,-30.75000015258,33.5));
#6485 = SURFACE_CURVE('',#6486,(#6490,#6496),.PCURVE_S1.);
#6486 = LINE('',#6487,#6488);
#6487 = CARTESIAN_POINT('',(72.94125,-30.75000015258,33.5));
#6488 = VECTOR('',#6489,1.);
#6489 = DIRECTION('',(1.,0.,-0.));
#6490 = PCURVE('',#1484,#6491);
#6491 = DEFINITIONAL_REPRESENTATION('',(#6492),#6495);
#6492 = B_SPLINE_CURVE_WITH_KNOTS('',1,(#6493,#6494),.UNSPECIFIED.,.F.,
  .F.,(2,2),(14.659248046875,14.94125),.PIECEWISE_BEZIER_KNOTS.);
#6493 = CARTESIAN_POINT('',(29.600498046875,27.749999847412));
#6494 = CARTESIAN_POINT('',(29.8825,27.749999847412));
#6495 = ( GEOMETRIC_REPRESENTATION_CONTEXT(2) 
PARAMETRIC_REPRESENTATION_CONTEXT() REPRESENTATION_CONTEXT('2D SPACE',''
  ) );
#6496 = PCURVE('',#6497,#6502);
#6497 = PLANE('',#6498);
#6498 = AXIS2_PLACEMENT_3D('',#6499,#6500,#6501);
#6499 = CARTESIAN_POINT('',(87.8825,-30.75000015258,32.9));
#6500 = DIRECTION('',(0.,-1.,0.));
#6501 = DIRECTION('',(-1.,0.,0.));
#6502 = DEFINITIONAL_REPRESENTATION('',(#6503),#6506);
#6503 = B_SPLINE_CURVE_WITH_KNOTS('',1,(#6504,#6505),.UNSPECIFIED.,.F.,
  .F.,(2,2),(14.659248046875,14.94125),.PIECEWISE_BEZIER_KNOTS.);
#6504 = CARTESIAN_POINT('',(0.282001953125,-0.6));
#6505 = CARTESIAN_POINT('',(-1.42108547152E-14,-0.6));
#6506 = ( GEOMETRIC_REPRESENTATION_CONTEXT(2) 
PARAMETRIC_REPRESENTATION_CONTEXT() REPRESENTATION_CONTEXT('2D SPACE',''
  ) );
#6507 = ORIENTED_EDGE('',*,*,#6508,.F.);
#6508 = EDGE_CURVE('',#6431,#6483,#6509,.T.);
#6509 = SURFACE_CURVE('',#6510,(#6514,#6520),.PCURVE_S1.);
#6510 = LINE('',#6511,#6512);
#6511 = CARTESIAN_POINT('',(87.600498046875,-44.62500007629,33.5));
#6512 = VECTOR('',#6513,1.);
#6513 = DIRECTION('',(0.,-1.,0.));
#6514 = PCURVE('',#1484,#6515);
#6515 = DEFINITIONAL_REPRESENTATION('',(#6516),#6519);
#6516 = B_SPLINE_CURVE_WITH_KNOTS('',1,(#6517,#6518),.UNSPECIFIED.,.F.,
  .F.,(2,2),(-16.06200187683,-13.8749999237),.PIECEWISE_BEZIER_KNOTS.);
#6517 = CARTESIAN_POINT('',(29.600498046875,29.937001800537));
#6518 = CARTESIAN_POINT('',(29.600498046875,27.749999847412));
#6519 = ( GEOMETRIC_REPRESENTATION_CONTEXT(2) 
PARAMETRIC_REPRESENTATION_CONTEXT() REPRESENTATION_CONTEXT('2D SPACE',''
  ) );
#6520 = PCURVE('',#6521,#6526);
#6521 = PLANE('',#6522);
#6522 = AXIS2_PLACEMENT_3D('',#6523,#6524,#6525);
#6523 = CARTESIAN_POINT('',(87.600498046875,-30.75000015258,32.9));
#6524 = DIRECTION('',(-1.,0.,0.));
#6525 = DIRECTION('',(0.,1.,0.));
#6526 = DEFINITIONAL_REPRESENTATION('',(#6527),#6530);
#6527 = B_SPLINE_CURVE_WITH_KNOTS('',1,(#6528,#6529),.UNSPECIFIED.,.F.,
  .F.,(2,2),(-16.06200187683,-13.8749999237),.PIECEWISE_BEZIER_KNOTS.);
#6528 = CARTESIAN_POINT('',(2.187001953125,-0.6));
#6529 = CARTESIAN_POINT('',(0.,-0.6));
#6530 = ( GEOMETRIC_REPRESENTATION_CONTEXT(2) 
PARAMETRIC_REPRESENTATION_CONTEXT() REPRESENTATION_CONTEXT('2D SPACE',''
  ) );
#6531 = FACE_BOUND('',#6532,.T.);
#6532 = EDGE_LOOP('',(#6533));
#6533 = ORIENTED_EDGE('',*,*,#6534,.T.);
#6534 = EDGE_CURVE('',#6535,#6535,#6537,.T.);
#6535 = VERTEX_POINT('',#6536);
#6536 = CARTESIAN_POINT('',(84.55,-25.,33.5));
#6537 = SURFACE_CURVE('',#6538,(#6543,#6554),.PCURVE_S1.);
#6538 = CIRCLE('',#6539,1.55);
#6539 = AXIS2_PLACEMENT_3D('',#6540,#6541,#6542);
#6540 = CARTESIAN_POINT('',(83.,-25.,33.5));
#6541 = DIRECTION('',(0.,0.,-1.));
#6542 = DIRECTION('',(1.,0.,0.));
#6543 = PCURVE('',#1484,#6544);
#6544 = DEFINITIONAL_REPRESENTATION('',(#6545),#6553);
#6545 = ( BOUNDED_CURVE() B_SPLINE_CURVE(2,(#6546,#6547,#6548,#6549,
#6550,#6551,#6552),.UNSPECIFIED.,.T.,.F.) B_SPLINE_CURVE_WITH_KNOTS((1,2
    ,2,2,2,1),(-2.094395102393,0.,2.094395102393,4.188790204786,
6.28318530718,8.377580409573),.UNSPECIFIED.) CURVE() 
GEOMETRIC_REPRESENTATION_ITEM() RATIONAL_B_SPLINE_CURVE((1.,0.5,1.,0.5,
1.,0.5,1.)) REPRESENTATION_ITEM('') );
#6546 = CARTESIAN_POINT('',(26.55,33.5));
#6547 = CARTESIAN_POINT('',(26.55,30.815321248268));
#6548 = CARTESIAN_POINT('',(24.225,32.157660624134));
#6549 = CARTESIAN_POINT('',(21.9,33.5));
#6550 = CARTESIAN_POINT('',(24.225,34.842339375866));
#6551 = CARTESIAN_POINT('',(26.55,36.184678751732));
#6552 = CARTESIAN_POINT('',(26.55,33.5));
#6553 = ( GEOMETRIC_REPRESENTATION_CONTEXT(2) 
PARAMETRIC_REPRESENTATION_CONTEXT() REPRESENTATION_CONTEXT('2D SPACE',''
  ) );
#6554 = PCURVE('',#6555,#6560);
#6555 = CYLINDRICAL_SURFACE('',#6556,1.55);
#6556 = AXIS2_PLACEMENT_3D('',#6557,#6558,#6559);
#6557 = CARTESIAN_POINT('',(83.,-25.,10.6));
#6558 = DIRECTION('',(-0.,-0.,-1.));
#6559 = DIRECTION('',(1.,0.,0.));
#6560 = DEFINITIONAL_REPRESENTATION('',(#6561),#6565);
#6561 = LINE('',#6562,#6563);
#6562 = CARTESIAN_POINT('',(-6.28318530718,-22.9));
#6563 = VECTOR('',#6564,1.);
#6564 = DIRECTION('',(1.,-0.));
#6565 = ( GEOMETRIC_REPRESENTATION_CONTEXT(2) 
PARAMETRIC_REPRESENTATION_CONTEXT() REPRESENTATION_CONTEXT('2D SPACE',''
  ) );
#6566 = FACE_BOUND('',#6567,.T.);
#6567 = EDGE_LOOP('',(#6568));
#6568 = ORIENTED_EDGE('',*,*,#6569,.T.);
#6569 = EDGE_CURVE('',#6570,#6570,#6572,.T.);
#6570 = VERTEX_POINT('',#6571);
#6571 = CARTESIAN_POINT('',(88.5,-24.5,33.5));
#6572 = SURFACE_CURVE('',#6573,(#6578,#6589),.PCURVE_S1.);
#6573 = CIRCLE('',#6574,1.);
#6574 = AXIS2_PLACEMENT_3D('',#6575,#6576,#6577);
#6575 = CARTESIAN_POINT('',(87.5,-24.5,33.5));
#6576 = DIRECTION('',(0.,0.,-1.));
#6577 = DIRECTION('',(1.,0.,0.));
#6578 = PCURVE('',#1484,#6579);
#6579 = DEFINITIONAL_REPRESENTATION('',(#6580),#6588);
#6580 = ( BOUNDED_CURVE() B_SPLINE_CURVE(2,(#6581,#6582,#6583,#6584,
#6585,#6586,#6587),.UNSPECIFIED.,.T.,.F.) B_SPLINE_CURVE_WITH_KNOTS((1,2
    ,2,2,2,1),(-2.094395102393,0.,2.094395102393,4.188790204786,
6.28318530718,8.377580409573),.UNSPECIFIED.) CURVE() 
GEOMETRIC_REPRESENTATION_ITEM() RATIONAL_B_SPLINE_CURVE((1.,0.5,1.,0.5,
1.,0.5,1.)) REPRESENTATION_ITEM('') );
#6581 = CARTESIAN_POINT('',(30.5,34.));
#6582 = CARTESIAN_POINT('',(30.5,32.267949192431));
#6583 = CARTESIAN_POINT('',(29.,33.133974596216));
#6584 = CARTESIAN_POINT('',(27.5,34.));
#6585 = CARTESIAN_POINT('',(29.,34.866025403784));
#6586 = CARTESIAN_POINT('',(30.5,35.732050807569));
#6587 = CARTESIAN_POINT('',(30.5,34.));
#6588 = ( GEOMETRIC_REPRESENTATION_CONTEXT(2) 
PARAMETRIC_REPRESENTATION_CONTEXT() REPRESENTATION_CONTEXT('2D SPACE',''
  ) );
#6589 = PCURVE('',#6590,#6595);
#6590 = CYLINDRICAL_SURFACE('',#6591,1.);
#6591 = AXIS2_PLACEMENT_3D('',#6592,#6593,#6594);
#6592 = CARTESIAN_POINT('',(87.5,-24.5,30.));
#6593 = DIRECTION('',(-0.,-0.,-1.));
#6594 = DIRECTION('',(1.,0.,0.));
#6595 = DEFINITIONAL_REPRESENTATION('',(#6596),#6600);
#6596 = LINE('',#6597,#6598);
#6597 = CARTESIAN_POINT('',(-6.28318530718,-3.5));
#6598 = VECTOR('',#6599,1.);
#6599 = DIRECTION('',(1.,-0.));
#6600 = ( GEOMETRIC_REPRESENTATION_CONTEXT(2) 
PARAMETRIC_REPRESENTATION_CONTEXT() REPRESENTATION_CONTEXT('2D SPACE',''
  ) );
#6601 = FACE_BOUND('',#6602,.T.);
#6602 = EDGE_LOOP('',(#6603,#6631,#6657,#6683,#6709,#6735,#6761,#6787,
    #6813,#6839));
#6603 = ORIENTED_EDGE('',*,*,#6604,.F.);
#6604 = EDGE_CURVE('',#6605,#6607,#6609,.T.);
#6605 = VERTEX_POINT('',#6606);
#6606 = CARTESIAN_POINT('',(90.024501953125,-28.56299819946,33.5));
#6607 = VERTEX_POINT('',#6608);
#6608 = CARTESIAN_POINT('',(89.760498046875,-28.56299819946,33.5));
#6609 = SURFACE_CURVE('',#6610,(#6614,#6620),.PCURVE_S1.);
#6610 = LINE('',#6611,#6612);
#6611 = CARTESIAN_POINT('',(73.880249023438,-28.56299819946,33.5));
#6612 = VECTOR('',#6613,1.);
#6613 = DIRECTION('',(-1.,0.,0.));
#6614 = PCURVE('',#1484,#6615);
#6615 = DEFINITIONAL_REPRESENTATION('',(#6616),#6619);
#6616 = B_SPLINE_CURVE_WITH_KNOTS('',1,(#6617,#6618),.UNSPECIFIED.,.F.,
  .F.,(2,2),(-16.14425292968,-15.88024902343),.PIECEWISE_BEZIER_KNOTS.);
#6617 = CARTESIAN_POINT('',(32.024501953125,29.937001800537));
#6618 = CARTESIAN_POINT('',(31.760498046875,29.937001800537));
#6619 = ( GEOMETRIC_REPRESENTATION_CONTEXT(2) 
PARAMETRIC_REPRESENTATION_CONTEXT() REPRESENTATION_CONTEXT('2D SPACE',''
  ) );
#6620 = PCURVE('',#6621,#6626);
#6621 = PLANE('',#6622);
#6622 = AXIS2_PLACEMENT_3D('',#6623,#6624,#6625);
#6623 = CARTESIAN_POINT('',(89.760498046875,-28.56299819946,32.9));
#6624 = DIRECTION('',(0.,1.,0.));
#6625 = DIRECTION('',(1.,0.,0.));
#6626 = DEFINITIONAL_REPRESENTATION('',(#6627),#6630);
#6627 = B_SPLINE_CURVE_WITH_KNOTS('',1,(#6628,#6629),.UNSPECIFIED.,.F.,
  .F.,(2,2),(-16.14425292968,-15.88024902343),.PIECEWISE_BEZIER_KNOTS.);
#6628 = CARTESIAN_POINT('',(0.26400390625,-0.6));
#6629 = CARTESIAN_POINT('',(0.,-0.6));
#6630 = ( GEOMETRIC_REPRESENTATION_CONTEXT(2) 
PARAMETRIC_REPRESENTATION_CONTEXT() REPRESENTATION_CONTEXT('2D SPACE',''
  ) );
#6631 = ORIENTED_EDGE('',*,*,#6632,.F.);
#6632 = EDGE_CURVE('',#6633,#6605,#6635,.T.);
#6633 = VERTEX_POINT('',#6634);
#6634 = CARTESIAN_POINT('',(90.024501953125,-30.75000015258,33.5));
#6635 = SURFACE_CURVE('',#6636,(#6640,#6646),.PCURVE_S1.);
#6636 = LINE('',#6637,#6638);
#6637 = CARTESIAN_POINT('',(90.024501953125,-43.53149909973,33.5));
#6638 = VECTOR('',#6639,1.);
#6639 = DIRECTION('',(0.,1.,0.));
#6640 = PCURVE('',#1484,#6641);
#6641 = DEFINITIONAL_REPRESENTATION('',(#6642),#6645);
#6642 = B_SPLINE_CURVE_WITH_KNOTS('',1,(#6643,#6644),.UNSPECIFIED.,.F.,
  .F.,(2,2),(12.781498947144,14.968500900269),.PIECEWISE_BEZIER_KNOTS.);
#6643 = CARTESIAN_POINT('',(32.024501953125,27.749999847412));
#6644 = CARTESIAN_POINT('',(32.024501953125,29.937001800537));
#6645 = ( GEOMETRIC_REPRESENTATION_CONTEXT(2) 
PARAMETRIC_REPRESENTATION_CONTEXT() REPRESENTATION_CONTEXT('2D SPACE',''
  ) );
#6646 = PCURVE('',#6647,#6652);
#6647 = PLANE('',#6648);
#6648 = AXIS2_PLACEMENT_3D('',#6649,#6650,#6651);
#6649 = CARTESIAN_POINT('',(90.024501953125,-28.56299819946,32.9));
#6650 = DIRECTION('',(1.,0.,0.));
#6651 = DIRECTION('',(0.,-1.,0.));
#6652 = DEFINITIONAL_REPRESENTATION('',(#6653),#6656);
#6653 = B_SPLINE_CURVE_WITH_KNOTS('',1,(#6654,#6655),.UNSPECIFIED.,.F.,
  .F.,(2,2),(12.781498947144,14.968500900269),.PIECEWISE_BEZIER_KNOTS.);
#6654 = CARTESIAN_POINT('',(2.187001953125,-0.6));
#6655 = CARTESIAN_POINT('',(0.,-0.6));
#6656 = ( GEOMETRIC_REPRESENTATION_CONTEXT(2) 
PARAMETRIC_REPRESENTATION_CONTEXT() REPRESENTATION_CONTEXT('2D SPACE',''
  ) );
#6657 = ORIENTED_EDGE('',*,*,#6658,.F.);
#6658 = EDGE_CURVE('',#6659,#6633,#6661,.T.);
#6659 = VERTEX_POINT('',#6660);
#6660 = CARTESIAN_POINT('',(89.709501953125,-30.75000015258,33.5));
#6661 = SURFACE_CURVE('',#6662,(#6666,#6672),.PCURVE_S1.);
#6662 = LINE('',#6663,#6664);
#6663 = CARTESIAN_POINT('',(74.012250976562,-30.75000015258,33.5));
#6664 = VECTOR('',#6665,1.);
#6665 = DIRECTION('',(1.,0.,-0.));
#6666 = PCURVE('',#1484,#6667);
#6667 = DEFINITIONAL_REPRESENTATION('',(#6668),#6671);
#6668 = B_SPLINE_CURVE_WITH_KNOTS('',1,(#6669,#6670),.UNSPECIFIED.,.F.,
  .F.,(2,2),(15.697250976562,16.012250976562),.PIECEWISE_BEZIER_KNOTS.);
#6669 = CARTESIAN_POINT('',(31.709501953125,27.749999847412));
#6670 = CARTESIAN_POINT('',(32.024501953125,27.749999847412));
#6671 = ( GEOMETRIC_REPRESENTATION_CONTEXT(2) 
PARAMETRIC_REPRESENTATION_CONTEXT() REPRESENTATION_CONTEXT('2D SPACE',''
  ) );
#6672 = PCURVE('',#6673,#6678);
#6673 = PLANE('',#6674);
#6674 = AXIS2_PLACEMENT_3D('',#6675,#6676,#6677);
#6675 = CARTESIAN_POINT('',(90.024501953125,-30.75000015258,32.9));
#6676 = DIRECTION('',(0.,-1.,0.));
#6677 = DIRECTION('',(-1.,0.,0.));
#6678 = DEFINITIONAL_REPRESENTATION('',(#6679),#6682);
#6679 = B_SPLINE_CURVE_WITH_KNOTS('',1,(#6680,#6681),.UNSPECIFIED.,.F.,
  .F.,(2,2),(15.697250976562,16.012250976562),.PIECEWISE_BEZIER_KNOTS.);
#6680 = CARTESIAN_POINT('',(0.315,-0.6));
#6681 = CARTESIAN_POINT('',(0.,-0.6));
#6682 = ( GEOMETRIC_REPRESENTATION_CONTEXT(2) 
PARAMETRIC_REPRESENTATION_CONTEXT() REPRESENTATION_CONTEXT('2D SPACE',''
  ) );
#6683 = ORIENTED_EDGE('',*,*,#6684,.F.);
#6684 = EDGE_CURVE('',#6685,#6659,#6687,.T.);
#6685 = VERTEX_POINT('',#6686);
#6686 = CARTESIAN_POINT('',(88.578505859375,-28.97700210571,33.5));
#6687 = SURFACE_CURVE('',#6688,(#6692,#6698),.PCURVE_S1.);
#6688 = LINE('',#6689,#6690);
#6689 = CARTESIAN_POINT('',(91.414863415053,-33.42339801658,33.5));
#6690 = VECTOR('',#6691,1.);
#6691 = DIRECTION('',(0.537797314375,-0.84307416557,0.));
#6692 = PCURVE('',#1484,#6693);
#6693 = DEFINITIONAL_REPRESENTATION('',(#6694),#6697);
#6694 = B_SPLINE_CURVE_WITH_KNOTS('',1,(#6695,#6696),.UNSPECIFIED.,.F.,
  .F.,(2,2),(-5.274026998398,-3.171011487685),.PIECEWISE_BEZIER_KNOTS.);
#6695 = CARTESIAN_POINT('',(30.578505859375,29.522997894287));
#6696 = CARTESIAN_POINT('',(31.709501953125,27.749999847412));
#6697 = ( GEOMETRIC_REPRESENTATION_CONTEXT(2) 
PARAMETRIC_REPRESENTATION_CONTEXT() REPRESENTATION_CONTEXT('2D SPACE',''
  ) );
#6698 = PCURVE('',#6699,#6704);
#6699 = PLANE('',#6700);
#6700 = AXIS2_PLACEMENT_3D('',#6701,#6702,#6703);
#6701 = CARTESIAN_POINT('',(89.709501953125,-30.75000015258,32.9));
#6702 = DIRECTION('',(-0.84307416557,-0.537797314375,0.));
#6703 = DIRECTION('',(-0.537797314375,0.84307416557,0.));
#6704 = DEFINITIONAL_REPRESENTATION('',(#6705),#6708);
#6705 = B_SPLINE_CURVE_WITH_KNOTS('',1,(#6706,#6707),.UNSPECIFIED.,.F.,
  .F.,(2,2),(-5.274026998398,-3.171011487685),.PIECEWISE_BEZIER_KNOTS.);
#6706 = CARTESIAN_POINT('',(2.103015510713,-0.6));
#6707 = CARTESIAN_POINT('',(0.,-0.6));
#6708 = ( GEOMETRIC_REPRESENTATION_CONTEXT(2) 
PARAMETRIC_REPRESENTATION_CONTEXT() REPRESENTATION_CONTEXT('2D SPACE',''
  ) );
#6709 = ORIENTED_EDGE('',*,*,#6710,.F.);
#6710 = EDGE_CURVE('',#6711,#6685,#6713,.T.);
#6711 = VERTEX_POINT('',#6712);
#6712 = CARTESIAN_POINT('',(88.578505859375,-30.75000015258,33.5));
#6713 = SURFACE_CURVE('',#6714,(#6718,#6724),.PCURVE_S1.);
#6714 = LINE('',#6715,#6716);
#6715 = CARTESIAN_POINT('',(88.578505859375,-43.73850105285,33.5));
#6716 = VECTOR('',#6717,1.);
#6717 = DIRECTION('',(0.,1.,0.));
#6718 = PCURVE('',#1484,#6719);
#6719 = DEFINITIONAL_REPRESENTATION('',(#6720),#6723);
#6720 = B_SPLINE_CURVE_WITH_KNOTS('',1,(#6721,#6722),.UNSPECIFIED.,.F.,
  .F.,(2,2),(12.988500900269,14.761498947144),.PIECEWISE_BEZIER_KNOTS.);
#6721 = CARTESIAN_POINT('',(30.578505859375,27.749999847412));
#6722 = CARTESIAN_POINT('',(30.578505859375,29.522997894287));
#6723 = ( GEOMETRIC_REPRESENTATION_CONTEXT(2) 
PARAMETRIC_REPRESENTATION_CONTEXT() REPRESENTATION_CONTEXT('2D SPACE',''
  ) );
#6724 = PCURVE('',#6725,#6730);
#6725 = PLANE('',#6726);
#6726 = AXIS2_PLACEMENT_3D('',#6727,#6728,#6729);
#6727 = CARTESIAN_POINT('',(88.578505859375,-28.97700210571,32.9));
#6728 = DIRECTION('',(1.,0.,0.));
#6729 = DIRECTION('',(0.,-1.,0.));
#6730 = DEFINITIONAL_REPRESENTATION('',(#6731),#6734);
#6731 = B_SPLINE_CURVE_WITH_KNOTS('',1,(#6732,#6733),.UNSPECIFIED.,.F.,
  .F.,(2,2),(12.988500900269,14.761498947144),.PIECEWISE_BEZIER_KNOTS.);
#6732 = CARTESIAN_POINT('',(1.772998046875,-0.6));
#6733 = CARTESIAN_POINT('',(0.,-0.6));
#6734 = ( GEOMETRIC_REPRESENTATION_CONTEXT(2) 
PARAMETRIC_REPRESENTATION_CONTEXT() REPRESENTATION_CONTEXT('2D SPACE',''
  ) );
#6735 = ORIENTED_EDGE('',*,*,#6736,.F.);
#6736 = EDGE_CURVE('',#6737,#6711,#6739,.T.);
#6737 = VERTEX_POINT('',#6738);
#6738 = CARTESIAN_POINT('',(88.314501953125,-30.75000015258,33.5));
#6739 = SURFACE_CURVE('',#6740,(#6744,#6750),.PCURVE_S1.);
#6740 = LINE('',#6741,#6742);
#6741 = CARTESIAN_POINT('',(73.289252929688,-30.75000015258,33.5));
#6742 = VECTOR('',#6743,1.);
#6743 = DIRECTION('',(1.,0.,-0.));
#6744 = PCURVE('',#1484,#6745);
#6745 = DEFINITIONAL_REPRESENTATION('',(#6746),#6749);
#6746 = B_SPLINE_CURVE_WITH_KNOTS('',1,(#6747,#6748),.UNSPECIFIED.,.F.,
  .F.,(2,2),(15.025249023437,15.289252929687),.PIECEWISE_BEZIER_KNOTS.);
#6747 = CARTESIAN_POINT('',(30.314501953125,27.749999847412));
#6748 = CARTESIAN_POINT('',(30.578505859375,27.749999847412));
#6749 = ( GEOMETRIC_REPRESENTATION_CONTEXT(2) 
PARAMETRIC_REPRESENTATION_CONTEXT() REPRESENTATION_CONTEXT('2D SPACE',''
  ) );
#6750 = PCURVE('',#6751,#6756);
#6751 = PLANE('',#6752);
#6752 = AXIS2_PLACEMENT_3D('',#6753,#6754,#6755);
#6753 = CARTESIAN_POINT('',(88.578505859375,-30.75000015258,32.9));
#6754 = DIRECTION('',(0.,-1.,0.));
#6755 = DIRECTION('',(-1.,0.,0.));
#6756 = DEFINITIONAL_REPRESENTATION('',(#6757),#6760);
#6757 = B_SPLINE_CURVE_WITH_KNOTS('',1,(#6758,#6759),.UNSPECIFIED.,.F.,
  .F.,(2,2),(15.025249023437,15.289252929687),.PIECEWISE_BEZIER_KNOTS.);
#6758 = CARTESIAN_POINT('',(0.26400390625,-0.6));
#6759 = CARTESIAN_POINT('',(0.,-0.6));
#6760 = ( GEOMETRIC_REPRESENTATION_CONTEXT(2) 
PARAMETRIC_REPRESENTATION_CONTEXT() REPRESENTATION_CONTEXT('2D SPACE',''
  ) );
#6761 = ORIENTED_EDGE('',*,*,#6762,.F.);
#6762 = EDGE_CURVE('',#6763,#6737,#6765,.T.);
#6763 = VERTEX_POINT('',#6764);
#6764 = CARTESIAN_POINT('',(88.314501953125,-28.56299819946,33.5));
#6765 = SURFACE_CURVE('',#6766,(#6770,#6776),.PCURVE_S1.);
#6766 = LINE('',#6767,#6768);
#6767 = CARTESIAN_POINT('',(88.314501953125,-44.62500007629,33.5));
#6768 = VECTOR('',#6769,1.);
#6769 = DIRECTION('',(0.,-1.,0.));
#6770 = PCURVE('',#1484,#6771);
#6771 = DEFINITIONAL_REPRESENTATION('',(#6772),#6775);
#6772 = B_SPLINE_CURVE_WITH_KNOTS('',1,(#6773,#6774),.UNSPECIFIED.,.F.,
  .F.,(2,2),(-16.06200187683,-13.8749999237),.PIECEWISE_BEZIER_KNOTS.);
#6773 = CARTESIAN_POINT('',(30.314501953125,29.937001800537));
#6774 = CARTESIAN_POINT('',(30.314501953125,27.749999847412));
#6775 = ( GEOMETRIC_REPRESENTATION_CONTEXT(2) 
PARAMETRIC_REPRESENTATION_CONTEXT() REPRESENTATION_CONTEXT('2D SPACE',''
  ) );
#6776 = PCURVE('',#6777,#6782);
#6777 = PLANE('',#6778);
#6778 = AXIS2_PLACEMENT_3D('',#6779,#6780,#6781);
#6779 = CARTESIAN_POINT('',(88.314501953125,-30.75000015258,32.9));
#6780 = DIRECTION('',(-1.,0.,0.));
#6781 = DIRECTION('',(0.,1.,0.));
#6782 = DEFINITIONAL_REPRESENTATION('',(#6783),#6786);
#6783 = B_SPLINE_CURVE_WITH_KNOTS('',1,(#6784,#6785),.UNSPECIFIED.,.F.,
  .F.,(2,2),(-16.06200187683,-13.8749999237),.PIECEWISE_BEZIER_KNOTS.);
#6784 = CARTESIAN_POINT('',(2.187001953125,-0.6));
#6785 = CARTESIAN_POINT('',(0.,-0.6));
#6786 = ( GEOMETRIC_REPRESENTATION_CONTEXT(2) 
PARAMETRIC_REPRESENTATION_CONTEXT() REPRESENTATION_CONTEXT('2D SPACE',''
  ) );
#6787 = ORIENTED_EDGE('',*,*,#6788,.F.);
#6788 = EDGE_CURVE('',#6789,#6763,#6791,.T.);
#6789 = VERTEX_POINT('',#6790);
#6790 = CARTESIAN_POINT('',(88.6175,-28.56299819946,33.5));
#6791 = SURFACE_CURVE('',#6792,(#6796,#6802),.PCURVE_S1.);
#6792 = LINE('',#6793,#6794);
#6793 = CARTESIAN_POINT('',(73.157250976562,-28.56299819946,33.5));
#6794 = VECTOR('',#6795,1.);
#6795 = DIRECTION('',(-1.,0.,0.));
#6796 = PCURVE('',#1484,#6797);
#6797 = DEFINITIONAL_REPRESENTATION('',(#6798),#6801);
#6798 = B_SPLINE_CURVE_WITH_KNOTS('',1,(#6799,#6800),.UNSPECIFIED.,.F.,
  .F.,(2,2),(-15.46024902343,-15.15725097656),.PIECEWISE_BEZIER_KNOTS.);
#6799 = CARTESIAN_POINT('',(30.6175,29.937001800537));
#6800 = CARTESIAN_POINT('',(30.314501953125,29.937001800537));
#6801 = ( GEOMETRIC_REPRESENTATION_CONTEXT(2) 
PARAMETRIC_REPRESENTATION_CONTEXT() REPRESENTATION_CONTEXT('2D SPACE',''
  ) );
#6802 = PCURVE('',#6803,#6808);
#6803 = PLANE('',#6804);
#6804 = AXIS2_PLACEMENT_3D('',#6805,#6806,#6807);
#6805 = CARTESIAN_POINT('',(88.314501953125,-28.56299819946,32.9));
#6806 = DIRECTION('',(0.,1.,0.));
#6807 = DIRECTION('',(1.,0.,0.));
#6808 = DEFINITIONAL_REPRESENTATION('',(#6809),#6812);
#6809 = B_SPLINE_CURVE_WITH_KNOTS('',1,(#6810,#6811),.UNSPECIFIED.,.F.,
  .F.,(2,2),(-15.46024902343,-15.15725097656),.PIECEWISE_BEZIER_KNOTS.);
#6810 = CARTESIAN_POINT('',(0.302998046875,-0.6));
#6811 = CARTESIAN_POINT('',(-1.42108547152E-14,-0.6));
#6812 = ( GEOMETRIC_REPRESENTATION_CONTEXT(2) 
PARAMETRIC_REPRESENTATION_CONTEXT() REPRESENTATION_CONTEXT('2D SPACE',''
  ) );
#6813 = ORIENTED_EDGE('',*,*,#6814,.F.);
#6814 = EDGE_CURVE('',#6815,#6789,#6817,.T.);
#6815 = VERTEX_POINT('',#6816);
#6816 = CARTESIAN_POINT('',(89.760498046875,-30.35099624633,33.5));
#6817 = SURFACE_CURVE('',#6818,(#6822,#6828),.PCURVE_S1.);
#6818 = LINE('',#6819,#6820);
#6819 = CARTESIAN_POINT('',(90.969236624585,-32.24183256232,33.5));
#6820 = VECTOR('',#6821,1.);
#6821 = DIRECTION('',(-0.538612112977,0.842553850952,0.));
#6822 = PCURVE('',#1484,#6823);
#6823 = DEFINITIONAL_REPRESENTATION('',(#6824),#6827);
#6824 = B_SPLINE_CURVE_WITH_KNOTS('',1,(#6825,#6826),.UNSPECIFIED.,.F.,
  .F.,(2,2),(2.244172658928,4.366289891973),.PIECEWISE_BEZIER_KNOTS.);
#6825 = CARTESIAN_POINT('',(31.760498046875,28.149003753662));
#6826 = CARTESIAN_POINT('',(30.6175,29.937001800537));
#6827 = ( GEOMETRIC_REPRESENTATION_CONTEXT(2) 
PARAMETRIC_REPRESENTATION_CONTEXT() REPRESENTATION_CONTEXT('2D SPACE',''
  ) );
#6828 = PCURVE('',#6829,#6834);
#6829 = PLANE('',#6830);
#6830 = AXIS2_PLACEMENT_3D('',#6831,#6832,#6833);
#6831 = CARTESIAN_POINT('',(88.6175,-28.56299819946,32.9));
#6832 = DIRECTION('',(0.842553850952,0.538612112977,0.));
#6833 = DIRECTION('',(0.538612112977,-0.842553850952,0.));
#6834 = DEFINITIONAL_REPRESENTATION('',(#6835),#6838);
#6835 = B_SPLINE_CURVE_WITH_KNOTS('',1,(#6836,#6837),.UNSPECIFIED.,.F.,
  .F.,(2,2),(2.244172658928,4.366289891973),.PIECEWISE_BEZIER_KNOTS.);
#6836 = CARTESIAN_POINT('',(2.122117233046,-0.6));
#6837 = CARTESIAN_POINT('',(-6.217248937901E-15,-0.6));
#6838 = ( GEOMETRIC_REPRESENTATION_CONTEXT(2) 
PARAMETRIC_REPRESENTATION_CONTEXT() REPRESENTATION_CONTEXT('2D SPACE',''
  ) );
#6839 = ORIENTED_EDGE('',*,*,#6840,.F.);
#6840 = EDGE_CURVE('',#6607,#6815,#6841,.T.);
#6841 = SURFACE_CURVE('',#6842,(#6846,#6852),.PCURVE_S1.);
#6842 = LINE('',#6843,#6844);
#6843 = CARTESIAN_POINT('',(89.760498046875,-44.42549812316,33.5));
#6844 = VECTOR('',#6845,1.);
#6845 = DIRECTION('',(0.,-1.,0.));
#6846 = PCURVE('',#1484,#6847);
#6847 = DEFINITIONAL_REPRESENTATION('',(#6848),#6851);
#6848 = B_SPLINE_CURVE_WITH_KNOTS('',1,(#6849,#6850),.UNSPECIFIED.,.F.,
  .F.,(2,2),(-15.8624999237,-14.07450187683),.PIECEWISE_BEZIER_KNOTS.);
#6849 = CARTESIAN_POINT('',(31.760498046875,29.937001800537));
#6850 = CARTESIAN_POINT('',(31.760498046875,28.149003753662));
#6851 = ( GEOMETRIC_REPRESENTATION_CONTEXT(2) 
PARAMETRIC_REPRESENTATION_CONTEXT() REPRESENTATION_CONTEXT('2D SPACE',''
  ) );
#6852 = PCURVE('',#6853,#6858);
#6853 = PLANE('',#6854);
#6854 = AXIS2_PLACEMENT_3D('',#6855,#6856,#6857);
#6855 = CARTESIAN_POINT('',(89.760498046875,-30.35099624633,32.9));
#6856 = DIRECTION('',(-1.,0.,0.));
#6857 = DIRECTION('',(0.,1.,0.));
#6858 = DEFINITIONAL_REPRESENTATION('',(#6859),#6862);
#6859 = B_SPLINE_CURVE_WITH_KNOTS('',1,(#6860,#6861),.UNSPECIFIED.,.F.,
  .F.,(2,2),(-15.8624999237,-14.07450187683),.PIECEWISE_BEZIER_KNOTS.);
#6860 = CARTESIAN_POINT('',(1.787998046875,-0.6));
#6861 = CARTESIAN_POINT('',(0.,-0.6));
#6862 = ( GEOMETRIC_REPRESENTATION_CONTEXT(2) 
PARAMETRIC_REPRESENTATION_CONTEXT() REPRESENTATION_CONTEXT('2D SPACE',''
  ) );
#6863 = FACE_BOUND('',#6864,.T.);
#6864 = EDGE_LOOP('',(#6865,#6893,#6919,#6945,#6971,#6997,#7023,#7049));
#6865 = ORIENTED_EDGE('',*,*,#6866,.F.);
#6866 = EDGE_CURVE('',#6867,#6869,#6871,.T.);
#6867 = VERTEX_POINT('',#6868);
#6868 = CARTESIAN_POINT('',(91.323505859375,-28.80900405883,33.5));
#6869 = VERTEX_POINT('',#6870);
#6870 = CARTESIAN_POINT('',(92.040498046875,-28.80900405883,33.5));
#6871 = SURFACE_CURVE('',#6872,(#6876,#6882),.PCURVE_S1.);
#6872 = LINE('',#6873,#6874);
#6873 = CARTESIAN_POINT('',(75.020249023438,-28.80900405883,33.5));
#6874 = VECTOR('',#6875,1.);
#6875 = DIRECTION('',(1.,0.,-0.));
#6876 = PCURVE('',#1484,#6877);
#6877 = DEFINITIONAL_REPRESENTATION('',(#6878),#6881);
#6878 = B_SPLINE_CURVE_WITH_KNOTS('',1,(#6879,#6880),.UNSPECIFIED.,.F.,
  .F.,(2,2),(16.303256835937,17.020249023438),.PIECEWISE_BEZIER_KNOTS.);
#6879 = CARTESIAN_POINT('',(33.323505859375,29.690995941162));
#6880 = CARTESIAN_POINT('',(34.040498046875,29.690995941162));
#6881 = ( GEOMETRIC_REPRESENTATION_CONTEXT(2) 
PARAMETRIC_REPRESENTATION_CONTEXT() REPRESENTATION_CONTEXT('2D SPACE',''
  ) );
#6882 = PCURVE('',#6883,#6888);
#6883 = PLANE('',#6884);
#6884 = AXIS2_PLACEMENT_3D('',#6885,#6886,#6887);
#6885 = CARTESIAN_POINT('',(92.040498046875,-28.80900405883,32.9));
#6886 = DIRECTION('',(0.,-1.,0.));
#6887 = DIRECTION('',(-1.,0.,0.));
#6888 = DEFINITIONAL_REPRESENTATION('',(#6889),#6892);
#6889 = B_SPLINE_CURVE_WITH_KNOTS('',1,(#6890,#6891),.UNSPECIFIED.,.F.,
  .F.,(2,2),(16.303256835937,17.020249023438),.PIECEWISE_BEZIER_KNOTS.);
#6890 = CARTESIAN_POINT('',(0.7169921875,-0.6));
#6891 = CARTESIAN_POINT('',(0.,-0.6));
#6892 = ( GEOMETRIC_REPRESENTATION_CONTEXT(2) 
PARAMETRIC_REPRESENTATION_CONTEXT() REPRESENTATION_CONTEXT('2D SPACE',''
  ) );
#6893 = ORIENTED_EDGE('',*,*,#6894,.F.);
#6894 = EDGE_CURVE('',#6895,#6867,#6897,.T.);
#6895 = VERTEX_POINT('',#6896);
#6896 = CARTESIAN_POINT('',(91.323505859375,-30.75000015258,33.5));
#6897 = SURFACE_CURVE('',#6898,(#6902,#6908),.PCURVE_S1.);
#6898 = LINE('',#6899,#6900);
#6899 = CARTESIAN_POINT('',(91.323505859375,-43.65450202941,33.5));
#6900 = VECTOR('',#6901,1.);
#6901 = DIRECTION('',(0.,1.,0.));
#6902 = PCURVE('',#1484,#6903);
#6903 = DEFINITIONAL_REPRESENTATION('',(#6904),#6907);
#6904 = B_SPLINE_CURVE_WITH_KNOTS('',1,(#6905,#6906),.UNSPECIFIED.,.F.,
  .F.,(2,2),(12.904501876831,14.845497970581),.PIECEWISE_BEZIER_KNOTS.);
#6905 = CARTESIAN_POINT('',(33.323505859375,27.749999847412));
#6906 = CARTESIAN_POINT('',(33.323505859375,29.690995941162));
#6907 = ( GEOMETRIC_REPRESENTATION_CONTEXT(2) 
PARAMETRIC_REPRESENTATION_CONTEXT() REPRESENTATION_CONTEXT('2D SPACE',''
  ) );
#6908 = PCURVE('',#6909,#6914);
#6909 = PLANE('',#6910);
#6910 = AXIS2_PLACEMENT_3D('',#6911,#6912,#6913);
#6911 = CARTESIAN_POINT('',(91.323505859375,-28.80900405883,32.9));
#6912 = DIRECTION('',(1.,0.,0.));
#6913 = DIRECTION('',(0.,-1.,0.));
#6914 = DEFINITIONAL_REPRESENTATION('',(#6915),#6918);
#6915 = B_SPLINE_CURVE_WITH_KNOTS('',1,(#6916,#6917),.UNSPECIFIED.,.F.,
  .F.,(2,2),(12.904501876831,14.845497970581),.PIECEWISE_BEZIER_KNOTS.);
#6916 = CARTESIAN_POINT('',(1.94099609375,-0.6));
#6917 = CARTESIAN_POINT('',(0.,-0.6));
#6918 = ( GEOMETRIC_REPRESENTATION_CONTEXT(2) 
PARAMETRIC_REPRESENTATION_CONTEXT() REPRESENTATION_CONTEXT('2D SPACE',''
  ) );
#6919 = ORIENTED_EDGE('',*,*,#6920,.F.);
#6920 = EDGE_CURVE('',#6921,#6895,#6923,.T.);
#6921 = VERTEX_POINT('',#6922);
#6922 = CARTESIAN_POINT('',(91.044501953125,-30.75000015258,33.5));
#6923 = SURFACE_CURVE('',#6924,(#6928,#6934),.PCURVE_S1.);
#6924 = LINE('',#6925,#6926);
#6925 = CARTESIAN_POINT('',(74.661752929688,-30.75000015258,33.5));
#6926 = VECTOR('',#6927,1.);
#6927 = DIRECTION('',(1.,0.,-0.));
#6928 = PCURVE('',#1484,#6929);
#6929 = DEFINITIONAL_REPRESENTATION('',(#6930),#6933);
#6930 = B_SPLINE_CURVE_WITH_KNOTS('',1,(#6931,#6932),.UNSPECIFIED.,.F.,
  .F.,(2,2),(16.382749023437,16.661752929687),.PIECEWISE_BEZIER_KNOTS.);
#6931 = CARTESIAN_POINT('',(33.044501953125,27.749999847412));
#6932 = CARTESIAN_POINT('',(33.323505859375,27.749999847412));
#6933 = ( GEOMETRIC_REPRESENTATION_CONTEXT(2) 
PARAMETRIC_REPRESENTATION_CONTEXT() REPRESENTATION_CONTEXT('2D SPACE',''
  ) );
#6934 = PCURVE('',#6935,#6940);
#6935 = PLANE('',#6936);
#6936 = AXIS2_PLACEMENT_3D('',#6937,#6938,#6939);
#6937 = CARTESIAN_POINT('',(91.323505859375,-30.75000015258,32.9));
#6938 = DIRECTION('',(0.,-1.,0.));
#6939 = DIRECTION('',(-1.,0.,0.));
#6940 = DEFINITIONAL_REPRESENTATION('',(#6941),#6944);
#6941 = B_SPLINE_CURVE_WITH_KNOTS('',1,(#6942,#6943),.UNSPECIFIED.,.F.,
  .F.,(2,2),(16.382749023437,16.661752929687),.PIECEWISE_BEZIER_KNOTS.);
#6942 = CARTESIAN_POINT('',(0.27900390625,-0.6));
#6943 = CARTESIAN_POINT('',(0.,-0.6));
#6944 = ( GEOMETRIC_REPRESENTATION_CONTEXT(2) 
PARAMETRIC_REPRESENTATION_CONTEXT() REPRESENTATION_CONTEXT('2D SPACE',''
  ) );
#6945 = ORIENTED_EDGE('',*,*,#6946,.F.);
#6946 = EDGE_CURVE('',#6947,#6921,#6949,.T.);
#6947 = VERTEX_POINT('',#6948);
#6948 = CARTESIAN_POINT('',(91.044501953125,-28.80900405883,33.5));
#6949 = SURFACE_CURVE('',#6950,(#6954,#6960),.PCURVE_S1.);
#6950 = LINE('',#6951,#6952);
#6951 = CARTESIAN_POINT('',(91.044501953125,-44.62500007629,33.5));
#6952 = VECTOR('',#6953,1.);
#6953 = DIRECTION('',(0.,-1.,0.));
#6954 = PCURVE('',#1484,#6955);
#6955 = DEFINITIONAL_REPRESENTATION('',(#6956),#6959);
#6956 = B_SPLINE_CURVE_WITH_KNOTS('',1,(#6957,#6958),.UNSPECIFIED.,.F.,
  .F.,(2,2),(-15.81599601745,-13.8749999237),.PIECEWISE_BEZIER_KNOTS.);
#6957 = CARTESIAN_POINT('',(33.044501953125,29.690995941162));
#6958 = CARTESIAN_POINT('',(33.044501953125,27.749999847412));
#6959 = ( GEOMETRIC_REPRESENTATION_CONTEXT(2) 
PARAMETRIC_REPRESENTATION_CONTEXT() REPRESENTATION_CONTEXT('2D SPACE',''
  ) );
#6960 = PCURVE('',#6961,#6966);
#6961 = PLANE('',#6962);
#6962 = AXIS2_PLACEMENT_3D('',#6963,#6964,#6965);
#6963 = CARTESIAN_POINT('',(91.044501953125,-30.75000015258,32.9));
#6964 = DIRECTION('',(-1.,0.,0.));
#6965 = DIRECTION('',(0.,1.,0.));
#6966 = DEFINITIONAL_REPRESENTATION('',(#6967),#6970);
#6967 = B_SPLINE_CURVE_WITH_KNOTS('',1,(#6968,#6969),.UNSPECIFIED.,.F.,
  .F.,(2,2),(-15.81599601745,-13.8749999237),.PIECEWISE_BEZIER_KNOTS.);
#6968 = CARTESIAN_POINT('',(1.94099609375,-0.6));
#6969 = CARTESIAN_POINT('',(0.,-0.6));
#6970 = ( GEOMETRIC_REPRESENTATION_CONTEXT(2) 
PARAMETRIC_REPRESENTATION_CONTEXT() REPRESENTATION_CONTEXT('2D SPACE',''
  ) );
#6971 = ORIENTED_EDGE('',*,*,#6972,.F.);
#6972 = EDGE_CURVE('',#6973,#6947,#6975,.T.);
#6973 = VERTEX_POINT('',#6974);
#6974 = CARTESIAN_POINT('',(90.324501953125,-28.80900405883,33.5));
#6975 = SURFACE_CURVE('',#6976,(#6980,#6986),.PCURVE_S1.);
#6976 = LINE('',#6977,#6978);
#6977 = CARTESIAN_POINT('',(74.522250976563,-28.80900405883,33.5));
#6978 = VECTOR('',#6979,1.);
#6979 = DIRECTION('',(1.,0.,-0.));
#6980 = PCURVE('',#1484,#6981);
#6981 = DEFINITIONAL_REPRESENTATION('',(#6982),#6985);
#6982 = B_SPLINE_CURVE_WITH_KNOTS('',1,(#6983,#6984),.UNSPECIFIED.,.F.,
  .F.,(2,2),(15.802250976562,16.522250976563),.PIECEWISE_BEZIER_KNOTS.);
#6983 = CARTESIAN_POINT('',(32.324501953125,29.690995941162));
#6984 = CARTESIAN_POINT('',(33.044501953125,29.690995941162));
#6985 = ( GEOMETRIC_REPRESENTATION_CONTEXT(2) 
PARAMETRIC_REPRESENTATION_CONTEXT() REPRESENTATION_CONTEXT('2D SPACE',''
  ) );
#6986 = PCURVE('',#6987,#6992);
#6987 = PLANE('',#6988);
#6988 = AXIS2_PLACEMENT_3D('',#6989,#6990,#6991);
#6989 = CARTESIAN_POINT('',(91.044501953125,-28.80900405883,32.9));
#6990 = DIRECTION('',(0.,-1.,0.));
#6991 = DIRECTION('',(-1.,0.,0.));
#6992 = DEFINITIONAL_REPRESENTATION('',(#6993),#6996);
#6993 = B_SPLINE_CURVE_WITH_KNOTS('',1,(#6994,#6995),.UNSPECIFIED.,.F.,
  .F.,(2,2),(15.802250976562,16.522250976563),.PIECEWISE_BEZIER_KNOTS.);
#6994 = CARTESIAN_POINT('',(0.72,-0.6));
#6995 = CARTESIAN_POINT('',(0.,-0.6));
#6996 = ( GEOMETRIC_REPRESENTATION_CONTEXT(2) 
PARAMETRIC_REPRESENTATION_CONTEXT() REPRESENTATION_CONTEXT('2D SPACE',''
  ) );
#6997 = ORIENTED_EDGE('',*,*,#6998,.F.);
#6998 = EDGE_CURVE('',#6999,#6973,#7001,.T.);
#6999 = VERTEX_POINT('',#7000);
#7000 = CARTESIAN_POINT('',(90.324501953125,-28.56299819946,33.5));
#7001 = SURFACE_CURVE('',#7002,(#7006,#7012),.PCURVE_S1.);
#7002 = LINE('',#7003,#7004);
#7003 = CARTESIAN_POINT('',(90.324501953125,-43.65450202941,33.5));
#7004 = VECTOR('',#7005,1.);
#7005 = DIRECTION('',(0.,-1.,0.));
#7006 = PCURVE('',#1484,#7007);
#7007 = DEFINITIONAL_REPRESENTATION('',(#7008),#7011);
#7008 = B_SPLINE_CURVE_WITH_KNOTS('',1,(#7009,#7010),.UNSPECIFIED.,.F.,
  .F.,(2,2),(-15.09150382995,-14.84549797058),.PIECEWISE_BEZIER_KNOTS.);
#7009 = CARTESIAN_POINT('',(32.324501953125,29.937001800537));
#7010 = CARTESIAN_POINT('',(32.324501953125,29.690995941162));
#7011 = ( GEOMETRIC_REPRESENTATION_CONTEXT(2) 
PARAMETRIC_REPRESENTATION_CONTEXT() REPRESENTATION_CONTEXT('2D SPACE',''
  ) );
#7012 = PCURVE('',#7013,#7018);
#7013 = PLANE('',#7014);
#7014 = AXIS2_PLACEMENT_3D('',#7015,#7016,#7017);
#7015 = CARTESIAN_POINT('',(90.324501953125,-28.80900405883,32.9));
#7016 = DIRECTION('',(-1.,0.,0.));
#7017 = DIRECTION('',(0.,1.,0.));
#7018 = DEFINITIONAL_REPRESENTATION('',(#7019),#7022);
#7019 = B_SPLINE_CURVE_WITH_KNOTS('',1,(#7020,#7021),.UNSPECIFIED.,.F.,
  .F.,(2,2),(-15.09150382995,-14.84549797058),.PIECEWISE_BEZIER_KNOTS.);
#7020 = CARTESIAN_POINT('',(0.246005859375,-0.6));
#7021 = CARTESIAN_POINT('',(0.,-0.6));
#7022 = ( GEOMETRIC_REPRESENTATION_CONTEXT(2) 
PARAMETRIC_REPRESENTATION_CONTEXT() REPRESENTATION_CONTEXT('2D SPACE',''
  ) );
#7023 = ORIENTED_EDGE('',*,*,#7024,.F.);
#7024 = EDGE_CURVE('',#7025,#6999,#7027,.T.);
#7025 = VERTEX_POINT('',#7026);
#7026 = CARTESIAN_POINT('',(92.040498046875,-28.56299819946,33.5));
#7027 = SURFACE_CURVE('',#7028,(#7032,#7038),.PCURVE_S1.);
#7028 = LINE('',#7029,#7030);
#7029 = CARTESIAN_POINT('',(74.162250976562,-28.56299819946,33.5));
#7030 = VECTOR('',#7031,1.);
#7031 = DIRECTION('',(-1.,0.,0.));
#7032 = PCURVE('',#1484,#7033);
#7033 = DEFINITIONAL_REPRESENTATION('',(#7034),#7037);
#7034 = B_SPLINE_CURVE_WITH_KNOTS('',1,(#7035,#7036),.UNSPECIFIED.,.F.,
  .F.,(2,2),(-17.87824707031,-16.16225097656),.PIECEWISE_BEZIER_KNOTS.);
#7035 = CARTESIAN_POINT('',(34.040498046875,29.937001800537));
#7036 = CARTESIAN_POINT('',(32.324501953125,29.937001800537));
#7037 = ( GEOMETRIC_REPRESENTATION_CONTEXT(2) 
PARAMETRIC_REPRESENTATION_CONTEXT() REPRESENTATION_CONTEXT('2D SPACE',''
  ) );
#7038 = PCURVE('',#7039,#7044);
#7039 = PLANE('',#7040);
#7040 = AXIS2_PLACEMENT_3D('',#7041,#7042,#7043);
#7041 = CARTESIAN_POINT('',(90.324501953125,-28.56299819946,32.9));
#7042 = DIRECTION('',(0.,1.,0.));
#7043 = DIRECTION('',(1.,0.,0.));
#7044 = DEFINITIONAL_REPRESENTATION('',(#7045),#7048);
#7045 = B_SPLINE_CURVE_WITH_KNOTS('',1,(#7046,#7047),.UNSPECIFIED.,.F.,
  .F.,(2,2),(-17.87824707031,-16.16225097656),.PIECEWISE_BEZIER_KNOTS.);
#7046 = CARTESIAN_POINT('',(1.71599609375,-0.6));
#7047 = CARTESIAN_POINT('',(0.,-0.6));
#7048 = ( GEOMETRIC_REPRESENTATION_CONTEXT(2) 
PARAMETRIC_REPRESENTATION_CONTEXT() REPRESENTATION_CONTEXT('2D SPACE',''
  ) );
#7049 = ORIENTED_EDGE('',*,*,#7050,.F.);
#7050 = EDGE_CURVE('',#6869,#7025,#7051,.T.);
#7051 = SURFACE_CURVE('',#7052,(#7056,#7062),.PCURVE_S1.);
#7052 = LINE('',#7053,#7054);
#7053 = CARTESIAN_POINT('',(92.040498046875,-43.53149909973,33.5));
#7054 = VECTOR('',#7055,1.);
#7055 = DIRECTION('',(0.,1.,0.));
#7056 = PCURVE('',#1484,#7057);
#7057 = DEFINITIONAL_REPRESENTATION('',(#7058),#7061);
#7058 = B_SPLINE_CURVE_WITH_KNOTS('',1,(#7059,#7060),.UNSPECIFIED.,.F.,
  .F.,(2,2),(14.722495040894,14.968500900269),.PIECEWISE_BEZIER_KNOTS.);
#7059 = CARTESIAN_POINT('',(34.040498046875,29.690995941162));
#7060 = CARTESIAN_POINT('',(34.040498046875,29.937001800537));
#7061 = ( GEOMETRIC_REPRESENTATION_CONTEXT(2) 
PARAMETRIC_REPRESENTATION_CONTEXT() REPRESENTATION_CONTEXT('2D SPACE',''
  ) );
#7062 = PCURVE('',#7063,#7068);
#7063 = PLANE('',#7064);
#7064 = AXIS2_PLACEMENT_3D('',#7065,#7066,#7067);
#7065 = CARTESIAN_POINT('',(92.040498046875,-28.56299819946,32.9));
#7066 = DIRECTION('',(1.,0.,0.));
#7067 = DIRECTION('',(0.,-1.,0.));
#7068 = DEFINITIONAL_REPRESENTATION('',(#7069),#7072);
#7069 = B_SPLINE_CURVE_WITH_KNOTS('',1,(#7070,#7071),.UNSPECIFIED.,.F.,
  .F.,(2,2),(14.722495040894,14.968500900269),.PIECEWISE_BEZIER_KNOTS.);
#7070 = CARTESIAN_POINT('',(0.246005859375,-0.6));
#7071 = CARTESIAN_POINT('',(0.,-0.6));
#7072 = ( GEOMETRIC_REPRESENTATION_CONTEXT(2) 
PARAMETRIC_REPRESENTATION_CONTEXT() REPRESENTATION_CONTEXT('2D SPACE',''
  ) );
#7073 = FACE_BOUND('',#7074,.T.);
#7074 = EDGE_LOOP('',(#7075));
#7075 = ORIENTED_EDGE('',*,*,#7076,.T.);
#7076 = EDGE_CURVE('',#7077,#7077,#7079,.T.);
#7077 = VERTEX_POINT('',#7078);
#7078 = CARTESIAN_POINT('',(61.1,16.,33.5));
#7079 = SURFACE_CURVE('',#7080,(#7085,#7096),.PCURVE_S1.);
#7080 = CIRCLE('',#7081,3.1);
#7081 = AXIS2_PLACEMENT_3D('',#7082,#7083,#7084);
#7082 = CARTESIAN_POINT('',(58.,16.,33.5));
#7083 = DIRECTION('',(0.,0.,-1.));
#7084 = DIRECTION('',(1.,0.,0.));
#7085 = PCURVE('',#1484,#7086);
#7086 = DEFINITIONAL_REPRESENTATION('',(#7087),#7095);
#7087 = ( BOUNDED_CURVE() B_SPLINE_CURVE(2,(#7088,#7089,#7090,#7091,
#7092,#7093,#7094),.UNSPECIFIED.,.T.,.F.) B_SPLINE_CURVE_WITH_KNOTS((1,2
    ,2,2,2,1),(-2.094395102393,0.,2.094395102393,4.188790204786,
6.28318530718,8.377580409573),.UNSPECIFIED.) CURVE() 
GEOMETRIC_REPRESENTATION_ITEM() RATIONAL_B_SPLINE_CURVE((1.,0.5,1.,0.5,
1.,0.5,1.)) REPRESENTATION_ITEM('') );
#7088 = CARTESIAN_POINT('',(3.1,74.5));
#7089 = CARTESIAN_POINT('',(3.1,69.130642496536));
#7090 = CARTESIAN_POINT('',(-1.55,71.815321248268));
#7091 = CARTESIAN_POINT('',(-6.2,74.5));
#7092 = CARTESIAN_POINT('',(-1.55,77.184678751732));
#7093 = CARTESIAN_POINT('',(3.1,79.869357503464));
#7094 = CARTESIAN_POINT('',(3.1,74.5));
#7095 = ( GEOMETRIC_REPRESENTATION_CONTEXT(2) 
PARAMETRIC_REPRESENTATION_CONTEXT() REPRESENTATION_CONTEXT('2D SPACE',''
  ) );
#7096 = PCURVE('',#7097,#7102);
#7097 = CYLINDRICAL_SURFACE('',#7098,3.1);
#7098 = AXIS2_PLACEMENT_3D('',#7099,#7100,#7101);
#7099 = CARTESIAN_POINT('',(58.,16.,32.3));
#7100 = DIRECTION('',(-0.,-0.,-1.));
#7101 = DIRECTION('',(1.,0.,0.));
#7102 = DEFINITIONAL_REPRESENTATION('',(#7103),#7107);
#7103 = LINE('',#7104,#7105);
#7104 = CARTESIAN_POINT('',(-6.28318530718,-1.2));
#7105 = VECTOR('',#7106,1.);
#7106 = DIRECTION('',(1.,-0.));
#7107 = ( GEOMETRIC_REPRESENTATION_CONTEXT(2) 
PARAMETRIC_REPRESENTATION_CONTEXT() REPRESENTATION_CONTEXT('2D SPACE',''
  ) );
#7108 = ADVANCED_FACE('',(#7109,#7135),#2002,.T.);
#7109 = FACE_BOUND('',#7110,.T.);
#7110 = EDGE_LOOP('',(#7111));
#7111 = ORIENTED_EDGE('',*,*,#7112,.T.);
#7112 = EDGE_CURVE('',#7113,#7113,#7115,.T.);
#7113 = VERTEX_POINT('',#7114);
#7114 = CARTESIAN_POINT('',(61.1,-58.5,32.3));
#7115 = SURFACE_CURVE('',#7116,(#7121,#7128),.PCURVE_S1.);
#7116 = CIRCLE('',#7117,3.1);
#7117 = AXIS2_PLACEMENT_3D('',#7118,#7119,#7120);
#7118 = CARTESIAN_POINT('',(58.,-58.5,32.3));
#7119 = DIRECTION('',(0.,0.,1.));
#7120 = DIRECTION('',(1.,0.,0.));
#7121 = PCURVE('',#2002,#7122);
#7122 = DEFINITIONAL_REPRESENTATION('',(#7123),#7127);
#7123 = CIRCLE('',#7124,3.1);
#7124 = AXIS2_PLACEMENT_2D('',#7125,#7126);
#7125 = CARTESIAN_POINT('',(0.,0.));
#7126 = DIRECTION('',(1.,0.));
#7127 = ( GEOMETRIC_REPRESENTATION_CONTEXT(2) 
PARAMETRIC_REPRESENTATION_CONTEXT() REPRESENTATION_CONTEXT('2D SPACE',''
  ) );
#7128 = PCURVE('',#2477,#7129);
#7129 = DEFINITIONAL_REPRESENTATION('',(#7130),#7134);
#7130 = LINE('',#7131,#7132);
#7131 = CARTESIAN_POINT('',(-0.,0.));
#7132 = VECTOR('',#7133,1.);
#7133 = DIRECTION('',(-1.,0.));
#7134 = ( GEOMETRIC_REPRESENTATION_CONTEXT(2) 
PARAMETRIC_REPRESENTATION_CONTEXT() REPRESENTATION_CONTEXT('2D SPACE',''
  ) );
#7135 = FACE_BOUND('',#7136,.T.);
#7136 = EDGE_LOOP('',(#7137));
#7137 = ORIENTED_EDGE('',*,*,#1987,.T.);
#7138 = ADVANCED_FACE('',(#7139,#7165),#2061,.T.);
#7139 = FACE_BOUND('',#7140,.T.);
#7140 = EDGE_LOOP('',(#7141));
#7141 = ORIENTED_EDGE('',*,*,#7142,.T.);
#7142 = EDGE_CURVE('',#7143,#7143,#7145,.T.);
#7143 = VERTEX_POINT('',#7144);
#7144 = CARTESIAN_POINT('',(97.1,-58.5,32.3));
#7145 = SURFACE_CURVE('',#7146,(#7151,#7158),.PCURVE_S1.);
#7146 = CIRCLE('',#7147,3.1);
#7147 = AXIS2_PLACEMENT_3D('',#7148,#7149,#7150);
#7148 = CARTESIAN_POINT('',(94.,-58.5,32.3));
#7149 = DIRECTION('',(0.,0.,1.));
#7150 = DIRECTION('',(1.,0.,0.));
#7151 = PCURVE('',#2061,#7152);
#7152 = DEFINITIONAL_REPRESENTATION('',(#7153),#7157);
#7153 = CIRCLE('',#7154,3.1);
#7154 = AXIS2_PLACEMENT_2D('',#7155,#7156);
#7155 = CARTESIAN_POINT('',(0.,0.));
#7156 = DIRECTION('',(1.,0.));
#7157 = ( GEOMETRIC_REPRESENTATION_CONTEXT(2) 
PARAMETRIC_REPRESENTATION_CONTEXT() REPRESENTATION_CONTEXT('2D SPACE',''
  ) );
#7158 = PCURVE('',#5007,#7159);
#7159 = DEFINITIONAL_REPRESENTATION('',(#7160),#7164);
#7160 = LINE('',#7161,#7162);
#7161 = CARTESIAN_POINT('',(-0.,0.));
#7162 = VECTOR('',#7163,1.);
#7163 = DIRECTION('',(-1.,0.));
#7164 = ( GEOMETRIC_REPRESENTATION_CONTEXT(2) 
PARAMETRIC_REPRESENTATION_CONTEXT() REPRESENTATION_CONTEXT('2D SPACE',''
  ) );
#7165 = FACE_BOUND('',#7166,.T.);
#7166 = EDGE_LOOP('',(#7167));
#7167 = ORIENTED_EDGE('',*,*,#2046,.T.);
#7168 = ADVANCED_FACE('',(#7169,#7195),#2120,.T.);
#7169 = FACE_BOUND('',#7170,.T.);
#7170 = EDGE_LOOP('',(#7171));
#7171 = ORIENTED_EDGE('',*,*,#7172,.T.);
#7172 = EDGE_CURVE('',#7173,#7173,#7175,.T.);
#7173 = VERTEX_POINT('',#7174);
#7174 = CARTESIAN_POINT('',(107.65,-45.,32.3));
#7175 = SURFACE_CURVE('',#7176,(#7181,#7188),.PCURVE_S1.);
#7176 = CIRCLE('',#7177,3.1);
#7177 = AXIS2_PLACEMENT_3D('',#7178,#7179,#7180);
#7178 = CARTESIAN_POINT('',(104.55,-45.,32.3));
#7179 = DIRECTION('',(0.,0.,1.));
#7180 = DIRECTION('',(1.,0.,0.));
#7181 = PCURVE('',#2120,#7182);
#7182 = DEFINITIONAL_REPRESENTATION('',(#7183),#7187);
#7183 = CIRCLE('',#7184,3.1);
#7184 = AXIS2_PLACEMENT_2D('',#7185,#7186);
#7185 = CARTESIAN_POINT('',(0.,0.));
#7186 = DIRECTION('',(1.,0.));
#7187 = ( GEOMETRIC_REPRESENTATION_CONTEXT(2) 
PARAMETRIC_REPRESENTATION_CONTEXT() REPRESENTATION_CONTEXT('2D SPACE',''
  ) );
#7188 = PCURVE('',#5864,#7189);
#7189 = DEFINITIONAL_REPRESENTATION('',(#7190),#7194);
#7190 = LINE('',#7191,#7192);
#7191 = CARTESIAN_POINT('',(-0.,0.));
#7192 = VECTOR('',#7193,1.);
#7193 = DIRECTION('',(-1.,0.));
#7194 = ( GEOMETRIC_REPRESENTATION_CONTEXT(2) 
PARAMETRIC_REPRESENTATION_CONTEXT() REPRESENTATION_CONTEXT('2D SPACE',''
  ) );
#7195 = FACE_BOUND('',#7196,.T.);
#7196 = EDGE_LOOP('',(#7197));
#7197 = ORIENTED_EDGE('',*,*,#2105,.T.);
#7198 = ADVANCED_FACE('',(#7199,#7225),#2179,.T.);
#7199 = FACE_BOUND('',#7200,.T.);
#7200 = EDGE_LOOP('',(#7201));
#7201 = ORIENTED_EDGE('',*,*,#7202,.T.);
#7202 = EDGE_CURVE('',#7203,#7203,#7205,.T.);
#7203 = VERTEX_POINT('',#7204);
#7204 = CARTESIAN_POINT('',(61.1,16.,32.3));
#7205 = SURFACE_CURVE('',#7206,(#7211,#7218),.PCURVE_S1.);
#7206 = CIRCLE('',#7207,3.1);
#7207 = AXIS2_PLACEMENT_3D('',#7208,#7209,#7210);
#7208 = CARTESIAN_POINT('',(58.,16.,32.3));
#7209 = DIRECTION('',(0.,0.,1.));
#7210 = DIRECTION('',(1.,0.,0.));
#7211 = PCURVE('',#2179,#7212);
#7212 = DEFINITIONAL_REPRESENTATION('',(#7213),#7217);
#7213 = CIRCLE('',#7214,3.1);
#7214 = AXIS2_PLACEMENT_2D('',#7215,#7216);
#7215 = CARTESIAN_POINT('',(0.,0.));
#7216 = DIRECTION('',(1.,0.));
#7217 = ( GEOMETRIC_REPRESENTATION_CONTEXT(2) 
PARAMETRIC_REPRESENTATION_CONTEXT() REPRESENTATION_CONTEXT('2D SPACE',''
  ) );
#7218 = PCURVE('',#7097,#7219);
#7219 = DEFINITIONAL_REPRESENTATION('',(#7220),#7224);
#7220 = LINE('',#7221,#7222);
#7221 = CARTESIAN_POINT('',(-0.,0.));
#7222 = VECTOR('',#7223,1.);
#7223 = DIRECTION('',(-1.,0.));
#7224 = ( GEOMETRIC_REPRESENTATION_CONTEXT(2) 
PARAMETRIC_REPRESENTATION_CONTEXT() REPRESENTATION_CONTEXT('2D SPACE',''
  ) );
#7225 = FACE_BOUND('',#7226,.T.);
#7226 = EDGE_LOOP('',(#7227));
#7227 = ORIENTED_EDGE('',*,*,#2164,.T.);
#7228 = ADVANCED_FACE('',(#7229,#7232),#2222,.F.);
#7229 = FACE_BOUND('',#7230,.F.);
#7230 = EDGE_LOOP('',(#7231));
#7231 = ORIENTED_EDGE('',*,*,#2205,.T.);
#7232 = FACE_BOUND('',#7233,.F.);
#7233 = EDGE_LOOP('',(#7234));
#7234 = ORIENTED_EDGE('',*,*,#7235,.T.);
#7235 = EDGE_CURVE('',#7236,#7236,#7238,.T.);
#7236 = VERTEX_POINT('',#7237);
#7237 = CARTESIAN_POINT('',(84.55,-25.,11.6));
#7238 = SURFACE_CURVE('',#7239,(#7244,#7255),.PCURVE_S1.);
#7239 = CIRCLE('',#7240,1.55);
#7240 = AXIS2_PLACEMENT_3D('',#7241,#7242,#7243);
#7241 = CARTESIAN_POINT('',(83.,-25.,11.6));
#7242 = DIRECTION('',(0.,0.,-1.));
#7243 = DIRECTION('',(1.,0.,0.));
#7244 = PCURVE('',#2222,#7245);
#7245 = DEFINITIONAL_REPRESENTATION('',(#7246),#7254);
#7246 = ( BOUNDED_CURVE() B_SPLINE_CURVE(2,(#7247,#7248,#7249,#7250,
#7251,#7252,#7253),.UNSPECIFIED.,.T.,.F.) B_SPLINE_CURVE_WITH_KNOTS((1,2
    ,2,2,2,1),(-2.094395102393,0.,2.094395102393,4.188790204786,
6.28318530718,8.377580409573),.UNSPECIFIED.) CURVE() 
GEOMETRIC_REPRESENTATION_ITEM() RATIONAL_B_SPLINE_CURVE((1.,0.5,1.,0.5,
1.,0.5,1.)) REPRESENTATION_ITEM('') );
#7247 = CARTESIAN_POINT('',(1.55,0.));
#7248 = CARTESIAN_POINT('',(1.55,-2.684678751732));
#7249 = CARTESIAN_POINT('',(-0.775,-1.342339375866));
#7250 = CARTESIAN_POINT('',(-3.1,-3.796405077357E-16));
#7251 = CARTESIAN_POINT('',(-0.775,1.342339375866));
#7252 = CARTESIAN_POINT('',(1.55,2.684678751732));
#7253 = CARTESIAN_POINT('',(1.55,0.));
#7254 = ( GEOMETRIC_REPRESENTATION_CONTEXT(2) 
PARAMETRIC_REPRESENTATION_CONTEXT() REPRESENTATION_CONTEXT('2D SPACE',''
  ) );
#7255 = PCURVE('',#6555,#7256);
#7256 = DEFINITIONAL_REPRESENTATION('',(#7257),#7261);
#7257 = LINE('',#7258,#7259);
#7258 = CARTESIAN_POINT('',(-6.28318530718,-1.));
#7259 = VECTOR('',#7260,1.);
#7260 = DIRECTION('',(1.,-0.));
#7261 = ( GEOMETRIC_REPRESENTATION_CONTEXT(2) 
PARAMETRIC_REPRESENTATION_CONTEXT() REPRESENTATION_CONTEXT('2D SPACE',''
  ) );
#7262 = ADVANCED_FACE('',(#7263,#7268),#2274,.F.);
#7263 = FACE_BOUND('',#7264,.F.);
#7264 = EDGE_LOOP('',(#7265,#7266,#7267));
#7265 = ORIENTED_EDGE('',*,*,#2361,.T.);
#7266 = ORIENTED_EDGE('',*,*,#2257,.T.);
#7267 = ORIENTED_EDGE('',*,*,#2331,.T.);
#7268 = FACE_BOUND('',#7269,.F.);
#7269 = EDGE_LOOP('',(#7270));
#7270 = ORIENTED_EDGE('',*,*,#7271,.T.);
#7271 = EDGE_CURVE('',#7272,#7272,#7274,.T.);
#7272 = VERTEX_POINT('',#7273);
#7273 = CARTESIAN_POINT('',(89.65,-24.5,22.));
#7274 = SURFACE_CURVE('',#7275,(#7280,#7291),.PCURVE_S1.);
#7275 = CIRCLE('',#7276,2.15);
#7276 = AXIS2_PLACEMENT_3D('',#7277,#7278,#7279);
#7277 = CARTESIAN_POINT('',(87.5,-24.5,22.));
#7278 = DIRECTION('',(0.,0.,-1.));
#7279 = DIRECTION('',(1.,0.,0.));
#7280 = PCURVE('',#2274,#7281);
#7281 = DEFINITIONAL_REPRESENTATION('',(#7282),#7290);
#7282 = ( BOUNDED_CURVE() B_SPLINE_CURVE(2,(#7283,#7284,#7285,#7286,
#7287,#7288,#7289),.UNSPECIFIED.,.T.,.F.) B_SPLINE_CURVE_WITH_KNOTS((1,2
    ,2,2,2,1),(-2.094395102393,0.,2.094395102393,4.188790204786,
6.28318530718,8.377580409573),.UNSPECIFIED.) CURVE() 
GEOMETRIC_REPRESENTATION_ITEM() RATIONAL_B_SPLINE_CURVE((1.,0.5,1.,0.5,
1.,0.5,1.)) REPRESENTATION_ITEM('') );
#7283 = CARTESIAN_POINT('',(2.15,0.));
#7284 = CARTESIAN_POINT('',(2.15,-3.723909236273));
#7285 = CARTESIAN_POINT('',(-1.075,-1.861954618137));
#7286 = CARTESIAN_POINT('',(-4.3,-5.265981236334E-16));
#7287 = CARTESIAN_POINT('',(-1.075,1.861954618137));
#7288 = CARTESIAN_POINT('',(2.15,3.723909236273));
#7289 = CARTESIAN_POINT('',(2.15,0.));
#7290 = ( GEOMETRIC_REPRESENTATION_CONTEXT(2) 
PARAMETRIC_REPRESENTATION_CONTEXT() REPRESENTATION_CONTEXT('2D SPACE',''
  ) );
#7291 = PCURVE('',#7292,#7297);
#7292 = CYLINDRICAL_SURFACE('',#7293,2.15);
#7293 = AXIS2_PLACEMENT_3D('',#7294,#7295,#7296);
#7294 = CARTESIAN_POINT('',(87.5,-24.5,21.));
#7295 = DIRECTION('',(-0.,-0.,-1.));
#7296 = DIRECTION('',(1.,0.,0.));
#7297 = DEFINITIONAL_REPRESENTATION('',(#7298),#7302);
#7298 = LINE('',#7299,#7300);
#7299 = CARTESIAN_POINT('',(-6.28318530718,-1.));
#7300 = VECTOR('',#7301,1.);
#7301 = DIRECTION('',(1.,-0.));
#7302 = ( GEOMETRIC_REPRESENTATION_CONTEXT(2) 
PARAMETRIC_REPRESENTATION_CONTEXT() REPRESENTATION_CONTEXT('2D SPACE',''
  ) );
#7303 = ADVANCED_FACE('',(#7304,#7307),#2429,.F.);
#7304 = FACE_BOUND('',#7305,.F.);
#7305 = EDGE_LOOP('',(#7306));
#7306 = ORIENTED_EDGE('',*,*,#2414,.T.);
#7307 = FACE_BOUND('',#7308,.F.);
#7308 = EDGE_LOOP('',(#7309));
#7309 = ORIENTED_EDGE('',*,*,#7310,.T.);
#7310 = EDGE_CURVE('',#7311,#7311,#7313,.T.);
#7311 = VERTEX_POINT('',#7312);
#7312 = CARTESIAN_POINT('',(67.8,-4.5,8.8));
#7313 = SURFACE_CURVE('',#7314,(#7319,#7330),.PCURVE_S1.);
#7314 = CIRCLE('',#7315,1.8);
#7315 = AXIS2_PLACEMENT_3D('',#7316,#7317,#7318);
#7316 = CARTESIAN_POINT('',(66.,-4.5,8.8));
#7317 = DIRECTION('',(0.,0.,-1.));
#7318 = DIRECTION('',(1.,0.,0.));
#7319 = PCURVE('',#2429,#7320);
#7320 = DEFINITIONAL_REPRESENTATION('',(#7321),#7329);
#7321 = ( BOUNDED_CURVE() B_SPLINE_CURVE(2,(#7322,#7323,#7324,#7325,
#7326,#7327,#7328),.UNSPECIFIED.,.T.,.F.) B_SPLINE_CURVE_WITH_KNOTS((1,2
    ,2,2,2,1),(-2.094395102393,0.,2.094395102393,4.188790204786,
6.28318530718,8.377580409573),.UNSPECIFIED.) CURVE() 
GEOMETRIC_REPRESENTATION_ITEM() RATIONAL_B_SPLINE_CURVE((1.,0.5,1.,0.5,
1.,0.5,1.)) REPRESENTATION_ITEM('') );
#7322 = CARTESIAN_POINT('',(1.8,0.));
#7323 = CARTESIAN_POINT('',(1.8,-3.117691453624));
#7324 = CARTESIAN_POINT('',(-0.9,-1.558845726812));
#7325 = CARTESIAN_POINT('',(-3.6,-4.40872847693E-16));
#7326 = CARTESIAN_POINT('',(-0.9,1.558845726812));
#7327 = CARTESIAN_POINT('',(1.8,3.117691453624));
#7328 = CARTESIAN_POINT('',(1.8,0.));
#7329 = ( GEOMETRIC_REPRESENTATION_CONTEXT(2) 
PARAMETRIC_REPRESENTATION_CONTEXT() REPRESENTATION_CONTEXT('2D SPACE',''
  ) );
#7330 = PCURVE('',#7331,#7336);
#7331 = CYLINDRICAL_SURFACE('',#7332,1.8);
#7332 = AXIS2_PLACEMENT_3D('',#7333,#7334,#7335);
#7333 = CARTESIAN_POINT('',(66.,-4.5,8.6));
#7334 = DIRECTION('',(-0.,-0.,-1.));
#7335 = DIRECTION('',(1.,0.,0.));
#7336 = DEFINITIONAL_REPRESENTATION('',(#7337),#7341);
#7337 = LINE('',#7338,#7339);
#7338 = CARTESIAN_POINT('',(-6.28318530718,-0.2));
#7339 = VECTOR('',#7340,1.);
#7340 = DIRECTION('',(1.,-0.));
#7341 = ( GEOMETRIC_REPRESENTATION_CONTEXT(2) 
PARAMETRIC_REPRESENTATION_CONTEXT() REPRESENTATION_CONTEXT('2D SPACE',''
  ) );
#7342 = ADVANCED_FACE('',(#7343),#2477,.F.);
#7343 = FACE_BOUND('',#7344,.T.);
#7344 = EDGE_LOOP('',(#7345,#7346,#7367,#7368));
#7345 = ORIENTED_EDGE('',*,*,#7112,.F.);
#7346 = ORIENTED_EDGE('',*,*,#7347,.T.);
#7347 = EDGE_CURVE('',#7113,#2457,#7348,.T.);
#7348 = SEAM_CURVE('',#7349,(#7353,#7360),.PCURVE_S1.);
#7349 = LINE('',#7350,#7351);
#7350 = CARTESIAN_POINT('',(61.1,-58.5,32.3));
#7351 = VECTOR('',#7352,1.);
#7352 = DIRECTION('',(0.,0.,1.));
#7353 = PCURVE('',#2477,#7354);
#7354 = DEFINITIONAL_REPRESENTATION('',(#7355),#7359);
#7355 = LINE('',#7356,#7357);
#7356 = CARTESIAN_POINT('',(-6.28318530718,0.));
#7357 = VECTOR('',#7358,1.);
#7358 = DIRECTION('',(-0.,-1.));
#7359 = ( GEOMETRIC_REPRESENTATION_CONTEXT(2) 
PARAMETRIC_REPRESENTATION_CONTEXT() REPRESENTATION_CONTEXT('2D SPACE',''
  ) );
#7360 = PCURVE('',#2477,#7361);
#7361 = DEFINITIONAL_REPRESENTATION('',(#7362),#7366);
#7362 = LINE('',#7363,#7364);
#7363 = CARTESIAN_POINT('',(-0.,0.));
#7364 = VECTOR('',#7365,1.);
#7365 = DIRECTION('',(-0.,-1.));
#7366 = ( GEOMETRIC_REPRESENTATION_CONTEXT(2) 
PARAMETRIC_REPRESENTATION_CONTEXT() REPRESENTATION_CONTEXT('2D SPACE',''
  ) );
#7367 = ORIENTED_EDGE('',*,*,#2456,.F.);
#7368 = ORIENTED_EDGE('',*,*,#7347,.F.);
#7369 = ADVANCED_FACE('',(#7370),#2508,.F.);
#7370 = FACE_BOUND('',#7371,.F.);
#7371 = EDGE_LOOP('',(#7372,#7402,#7423,#7424));
#7372 = ORIENTED_EDGE('',*,*,#7373,.F.);
#7373 = EDGE_CURVE('',#7374,#7376,#7378,.T.);
#7374 = VERTEX_POINT('',#7375);
#7375 = CARTESIAN_POINT('',(69.221005859375,-41.12599639892,32.9));
#7376 = VERTEX_POINT('',#7377);
#7377 = CARTESIAN_POINT('',(69.719013671875,-41.12599639892,32.9));
#7378 = SURFACE_CURVE('',#7379,(#7383,#7390),.PCURVE_S1.);
#7379 = LINE('',#7380,#7381);
#7380 = CARTESIAN_POINT('',(69.221005859375,-41.12599639892,32.9));
#7381 = VECTOR('',#7382,1.);
#7382 = DIRECTION('',(1.,0.,0.));
#7383 = PCURVE('',#2508,#7384);
#7384 = DEFINITIONAL_REPRESENTATION('',(#7385),#7389);
#7385 = LINE('',#7386,#7387);
#7386 = CARTESIAN_POINT('',(0.,0.));
#7387 = VECTOR('',#7388,1.);
#7388 = DIRECTION('',(1.,0.));
#7389 = ( GEOMETRIC_REPRESENTATION_CONTEXT(2) 
PARAMETRIC_REPRESENTATION_CONTEXT() REPRESENTATION_CONTEXT('2D SPACE',''
  ) );
#7390 = PCURVE('',#7391,#7396);
#7391 = PLANE('',#7392);
#7392 = AXIS2_PLACEMENT_3D('',#7393,#7394,#7395);
#7393 = CARTESIAN_POINT('',(66.725009765625,-45.50000030517,32.9));
#7394 = DIRECTION('',(0.,0.,1.));
#7395 = DIRECTION('',(1.,0.,0.));
#7396 = DEFINITIONAL_REPRESENTATION('',(#7397),#7401);
#7397 = LINE('',#7398,#7399);
#7398 = CARTESIAN_POINT('',(2.49599609375,4.37400390625));
#7399 = VECTOR('',#7400,1.);
#7400 = DIRECTION('',(1.,0.));
#7401 = ( GEOMETRIC_REPRESENTATION_CONTEXT(2) 
PARAMETRIC_REPRESENTATION_CONTEXT() REPRESENTATION_CONTEXT('2D SPACE',''
  ) );
#7402 = ORIENTED_EDGE('',*,*,#7403,.T.);
#7403 = EDGE_CURVE('',#7374,#2494,#7404,.T.);
#7404 = SURFACE_CURVE('',#7405,(#7409,#7416),.PCURVE_S1.);
#7405 = LINE('',#7406,#7407);
#7406 = CARTESIAN_POINT('',(69.221005859375,-41.12599639892,32.9));
#7407 = VECTOR('',#7408,1.);
#7408 = DIRECTION('',(0.,0.,1.));
#7409 = PCURVE('',#2508,#7410);
#7410 = DEFINITIONAL_REPRESENTATION('',(#7411),#7415);
#7411 = LINE('',#7412,#7413);
#7412 = CARTESIAN_POINT('',(0.,0.));
#7413 = VECTOR('',#7414,1.);
#7414 = DIRECTION('',(0.,-1.));
#7415 = ( GEOMETRIC_REPRESENTATION_CONTEXT(2) 
PARAMETRIC_REPRESENTATION_CONTEXT() REPRESENTATION_CONTEXT('2D SPACE',''
  ) );
#7416 = PCURVE('',#2994,#7417);
#7417 = DEFINITIONAL_REPRESENTATION('',(#7418),#7422);
#7418 = LINE('',#7419,#7420);
#7419 = CARTESIAN_POINT('',(1.62599609375,0.));
#7420 = VECTOR('',#7421,1.);
#7421 = DIRECTION('',(0.,-1.));
#7422 = ( GEOMETRIC_REPRESENTATION_CONTEXT(2) 
PARAMETRIC_REPRESENTATION_CONTEXT() REPRESENTATION_CONTEXT('2D SPACE',''
  ) );
#7423 = ORIENTED_EDGE('',*,*,#2491,.F.);
#7424 = ORIENTED_EDGE('',*,*,#7425,.F.);
#7425 = EDGE_CURVE('',#7376,#2492,#7426,.T.);
#7426 = SURFACE_CURVE('',#7427,(#7431,#7438),.PCURVE_S1.);
#7427 = LINE('',#7428,#7429);
#7428 = CARTESIAN_POINT('',(69.719013671875,-41.12599639892,32.9));
#7429 = VECTOR('',#7430,1.);
#7430 = DIRECTION('',(0.,0.,1.));
#7431 = PCURVE('',#2508,#7432);
#7432 = DEFINITIONAL_REPRESENTATION('',(#7433),#7437);
#7433 = LINE('',#7434,#7435);
#7434 = CARTESIAN_POINT('',(0.4980078125,0.));
#7435 = VECTOR('',#7436,1.);
#7436 = DIRECTION('',(0.,-1.));
#7437 = ( GEOMETRIC_REPRESENTATION_CONTEXT(2) 
PARAMETRIC_REPRESENTATION_CONTEXT() REPRESENTATION_CONTEXT('2D SPACE',''
  ) );
#7438 = PCURVE('',#2534,#7439);
#7439 = DEFINITIONAL_REPRESENTATION('',(#7440),#7444);
#7440 = LINE('',#7441,#7442);
#7441 = CARTESIAN_POINT('',(0.,0.));
#7442 = VECTOR('',#7443,1.);
#7443 = DIRECTION('',(0.,-1.));
#7444 = ( GEOMETRIC_REPRESENTATION_CONTEXT(2) 
PARAMETRIC_REPRESENTATION_CONTEXT() REPRESENTATION_CONTEXT('2D SPACE',''
  ) );
#7445 = ADVANCED_FACE('',(#7446),#2534,.F.);
#7446 = FACE_BOUND('',#7447,.F.);
#7447 = EDGE_LOOP('',(#7448,#7471,#7472,#7473));
#7448 = ORIENTED_EDGE('',*,*,#7449,.F.);
#7449 = EDGE_CURVE('',#7376,#7450,#7452,.T.);
#7450 = VERTEX_POINT('',#7451);
#7451 = CARTESIAN_POINT('',(69.719013671875,-45.50000030517,32.9));
#7452 = SURFACE_CURVE('',#7453,(#7457,#7464),.PCURVE_S1.);
#7453 = LINE('',#7454,#7455);
#7454 = CARTESIAN_POINT('',(69.719013671875,-41.12599639892,32.9));
#7455 = VECTOR('',#7456,1.);
#7456 = DIRECTION('',(0.,-1.,0.));
#7457 = PCURVE('',#2534,#7458);
#7458 = DEFINITIONAL_REPRESENTATION('',(#7459),#7463);
#7459 = LINE('',#7460,#7461);
#7460 = CARTESIAN_POINT('',(0.,0.));
#7461 = VECTOR('',#7462,1.);
#7462 = DIRECTION('',(1.,0.));
#7463 = ( GEOMETRIC_REPRESENTATION_CONTEXT(2) 
PARAMETRIC_REPRESENTATION_CONTEXT() REPRESENTATION_CONTEXT('2D SPACE',''
  ) );
#7464 = PCURVE('',#7391,#7465);
#7465 = DEFINITIONAL_REPRESENTATION('',(#7466),#7470);
#7466 = LINE('',#7467,#7468);
#7467 = CARTESIAN_POINT('',(2.99400390625,4.37400390625));
#7468 = VECTOR('',#7469,1.);
#7469 = DIRECTION('',(0.,-1.));
#7470 = ( GEOMETRIC_REPRESENTATION_CONTEXT(2) 
PARAMETRIC_REPRESENTATION_CONTEXT() REPRESENTATION_CONTEXT('2D SPACE',''
  ) );
#7471 = ORIENTED_EDGE('',*,*,#7425,.T.);
#7472 = ORIENTED_EDGE('',*,*,#2519,.F.);
#7473 = ORIENTED_EDGE('',*,*,#7474,.F.);
#7474 = EDGE_CURVE('',#7450,#2520,#7475,.T.);
#7475 = SURFACE_CURVE('',#7476,(#7480,#7487),.PCURVE_S1.);
#7476 = LINE('',#7477,#7478);
#7477 = CARTESIAN_POINT('',(69.719013671875,-45.50000030517,32.9));
#7478 = VECTOR('',#7479,1.);
#7479 = DIRECTION('',(0.,0.,1.));
#7480 = PCURVE('',#2534,#7481);
#7481 = DEFINITIONAL_REPRESENTATION('',(#7482),#7486);
#7482 = LINE('',#7483,#7484);
#7483 = CARTESIAN_POINT('',(4.37400390625,0.));
#7484 = VECTOR('',#7485,1.);
#7485 = DIRECTION('',(0.,-1.));
#7486 = ( GEOMETRIC_REPRESENTATION_CONTEXT(2) 
PARAMETRIC_REPRESENTATION_CONTEXT() REPRESENTATION_CONTEXT('2D SPACE',''
  ) );
#7487 = PCURVE('',#2560,#7488);
#7488 = DEFINITIONAL_REPRESENTATION('',(#7489),#7493);
#7489 = LINE('',#7490,#7491);
#7490 = CARTESIAN_POINT('',(0.,-0.));
#7491 = VECTOR('',#7492,1.);
#7492 = DIRECTION('',(0.,-1.));
#7493 = ( GEOMETRIC_REPRESENTATION_CONTEXT(2) 
PARAMETRIC_REPRESENTATION_CONTEXT() REPRESENTATION_CONTEXT('2D SPACE',''
  ) );
#7494 = ADVANCED_FACE('',(#7495),#2994,.F.);
#7495 = FACE_BOUND('',#7496,.F.);
#7496 = EDGE_LOOP('',(#7497,#7520,#7541,#7542));
#7497 = ORIENTED_EDGE('',*,*,#7498,.F.);
#7498 = EDGE_CURVE('',#7499,#7374,#7501,.T.);
#7499 = VERTEX_POINT('',#7500);
#7500 = CARTESIAN_POINT('',(69.221005859375,-42.75199249267,32.9));
#7501 = SURFACE_CURVE('',#7502,(#7506,#7513),.PCURVE_S1.);
#7502 = LINE('',#7503,#7504);
#7503 = CARTESIAN_POINT('',(69.221005859375,-42.75199249267,32.9));
#7504 = VECTOR('',#7505,1.);
#7505 = DIRECTION('',(0.,1.,0.));
#7506 = PCURVE('',#2994,#7507);
#7507 = DEFINITIONAL_REPRESENTATION('',(#7508),#7512);
#7508 = LINE('',#7509,#7510);
#7509 = CARTESIAN_POINT('',(0.,0.));
#7510 = VECTOR('',#7511,1.);
#7511 = DIRECTION('',(1.,0.));
#7512 = ( GEOMETRIC_REPRESENTATION_CONTEXT(2) 
PARAMETRIC_REPRESENTATION_CONTEXT() REPRESENTATION_CONTEXT('2D SPACE',''
  ) );
#7513 = PCURVE('',#7391,#7514);
#7514 = DEFINITIONAL_REPRESENTATION('',(#7515),#7519);
#7515 = LINE('',#7516,#7517);
#7516 = CARTESIAN_POINT('',(2.49599609375,2.7480078125));
#7517 = VECTOR('',#7518,1.);
#7518 = DIRECTION('',(0.,1.));
#7519 = ( GEOMETRIC_REPRESENTATION_CONTEXT(2) 
PARAMETRIC_REPRESENTATION_CONTEXT() REPRESENTATION_CONTEXT('2D SPACE',''
  ) );
#7520 = ORIENTED_EDGE('',*,*,#7521,.T.);
#7521 = EDGE_CURVE('',#7499,#2919,#7522,.T.);
#7522 = SURFACE_CURVE('',#7523,(#7527,#7534),.PCURVE_S1.);
#7523 = LINE('',#7524,#7525);
#7524 = CARTESIAN_POINT('',(69.221005859375,-42.75199249267,32.9));
#7525 = VECTOR('',#7526,1.);
#7526 = DIRECTION('',(0.,0.,1.));
#7527 = PCURVE('',#2994,#7528);
#7528 = DEFINITIONAL_REPRESENTATION('',(#7529),#7533);
#7529 = LINE('',#7530,#7531);
#7530 = CARTESIAN_POINT('',(0.,0.));
#7531 = VECTOR('',#7532,1.);
#7532 = DIRECTION('',(0.,-1.));
#7533 = ( GEOMETRIC_REPRESENTATION_CONTEXT(2) 
PARAMETRIC_REPRESENTATION_CONTEXT() REPRESENTATION_CONTEXT('2D SPACE',''
  ) );
#7534 = PCURVE('',#2956,#7535);
#7535 = DEFINITIONAL_REPRESENTATION('',(#7536),#7540);
#7536 = LINE('',#7537,#7538);
#7537 = CARTESIAN_POINT('',(1.,0.));
#7538 = VECTOR('',#7539,1.);
#7539 = DIRECTION('',(0.,-1.));
#7540 = ( GEOMETRIC_REPRESENTATION_CONTEXT(2) 
PARAMETRIC_REPRESENTATION_CONTEXT() REPRESENTATION_CONTEXT('2D SPACE',''
  ) );
#7541 = ORIENTED_EDGE('',*,*,#2981,.F.);
#7542 = ORIENTED_EDGE('',*,*,#7403,.F.);
#7543 = ADVANCED_FACE('',(#7544),#2560,.F.);
#7544 = FACE_BOUND('',#7545,.F.);
#7545 = EDGE_LOOP('',(#7546,#7569,#7570,#7571));
#7546 = ORIENTED_EDGE('',*,*,#7547,.F.);
#7547 = EDGE_CURVE('',#7450,#7548,#7550,.T.);
#7548 = VERTEX_POINT('',#7549);
#7549 = CARTESIAN_POINT('',(69.275009765625,-45.50000030517,32.9));
#7550 = SURFACE_CURVE('',#7551,(#7555,#7562),.PCURVE_S1.);
#7551 = LINE('',#7552,#7553);
#7552 = CARTESIAN_POINT('',(69.719013671875,-45.50000030517,32.9));
#7553 = VECTOR('',#7554,1.);
#7554 = DIRECTION('',(-1.,0.,0.));
#7555 = PCURVE('',#2560,#7556);
#7556 = DEFINITIONAL_REPRESENTATION('',(#7557),#7561);
#7557 = LINE('',#7558,#7559);
#7558 = CARTESIAN_POINT('',(0.,-0.));
#7559 = VECTOR('',#7560,1.);
#7560 = DIRECTION('',(1.,0.));
#7561 = ( GEOMETRIC_REPRESENTATION_CONTEXT(2) 
PARAMETRIC_REPRESENTATION_CONTEXT() REPRESENTATION_CONTEXT('2D SPACE',''
  ) );
#7562 = PCURVE('',#7391,#7563);
#7563 = DEFINITIONAL_REPRESENTATION('',(#7564),#7568);
#7564 = LINE('',#7565,#7566);
#7565 = CARTESIAN_POINT('',(2.99400390625,0.));
#7566 = VECTOR('',#7567,1.);
#7567 = DIRECTION('',(-1.,0.));
#7568 = ( GEOMETRIC_REPRESENTATION_CONTEXT(2) 
PARAMETRIC_REPRESENTATION_CONTEXT() REPRESENTATION_CONTEXT('2D SPACE',''
  ) );
#7569 = ORIENTED_EDGE('',*,*,#7474,.T.);
#7570 = ORIENTED_EDGE('',*,*,#2545,.F.);
#7571 = ORIENTED_EDGE('',*,*,#7572,.F.);
#7572 = EDGE_CURVE('',#7548,#2546,#7573,.T.);
#7573 = SURFACE_CURVE('',#7574,(#7578,#7585),.PCURVE_S1.);
#7574 = LINE('',#7575,#7576);
#7575 = CARTESIAN_POINT('',(69.275009765625,-45.50000030517,32.9));
#7576 = VECTOR('',#7577,1.);
#7577 = DIRECTION('',(0.,0.,1.));
#7578 = PCURVE('',#2560,#7579);
#7579 = DEFINITIONAL_REPRESENTATION('',(#7580),#7584);
#7580 = LINE('',#7581,#7582);
#7581 = CARTESIAN_POINT('',(0.44400390625,0.));
#7582 = VECTOR('',#7583,1.);
#7583 = DIRECTION('',(0.,-1.));
#7584 = ( GEOMETRIC_REPRESENTATION_CONTEXT(2) 
PARAMETRIC_REPRESENTATION_CONTEXT() REPRESENTATION_CONTEXT('2D SPACE',''
  ) );
#7585 = PCURVE('',#2586,#7586);
#7586 = DEFINITIONAL_REPRESENTATION('',(#7587),#7591);
#7587 = LINE('',#7588,#7589);
#7588 = CARTESIAN_POINT('',(0.,0.));
#7589 = VECTOR('',#7590,1.);
#7590 = DIRECTION('',(0.,-1.));
#7591 = ( GEOMETRIC_REPRESENTATION_CONTEXT(2) 
PARAMETRIC_REPRESENTATION_CONTEXT() REPRESENTATION_CONTEXT('2D SPACE',''
  ) );
#7592 = ADVANCED_FACE('',(#7593),#2956,.F.);
#7593 = FACE_BOUND('',#7594,.F.);
#7594 = EDGE_LOOP('',(#7595,#7618,#7639,#7640));
#7595 = ORIENTED_EDGE('',*,*,#7596,.F.);
#7596 = EDGE_CURVE('',#7597,#7499,#7599,.T.);
#7597 = VERTEX_POINT('',#7598);
#7598 = CARTESIAN_POINT('',(68.255009765625,-42.26599639892,32.9));
#7599 = SURFACE_CURVE('',#7600,(#7604,#7611),.PCURVE_S1.);
#7600 = B_SPLINE_CURVE_WITH_KNOTS('',2,(#7601,#7602,#7603),
  .UNSPECIFIED.,.F.,.F.,(3,3),(0.,1.),.PIECEWISE_BEZIER_KNOTS.);
#7601 = CARTESIAN_POINT('',(68.255009765625,-42.26599639892,32.9));
#7602 = CARTESIAN_POINT('',(68.903017578125,-42.26599639892,32.9));
#7603 = CARTESIAN_POINT('',(69.221005859375,-42.75199249267,32.9));
#7604 = PCURVE('',#2956,#7605);
#7605 = DEFINITIONAL_REPRESENTATION('',(#7606),#7610);
#7606 = LINE('',#7607,#7608);
#7607 = CARTESIAN_POINT('',(0.,0.));
#7608 = VECTOR('',#7609,1.);
#7609 = DIRECTION('',(1.,0.));
#7610 = ( GEOMETRIC_REPRESENTATION_CONTEXT(2) 
PARAMETRIC_REPRESENTATION_CONTEXT() REPRESENTATION_CONTEXT('2D SPACE',''
  ) );
#7611 = PCURVE('',#7391,#7612);
#7612 = DEFINITIONAL_REPRESENTATION('',(#7613),#7617);
#7613 = B_SPLINE_CURVE_WITH_KNOTS('',2,(#7614,#7615,#7616),
  .UNSPECIFIED.,.F.,.F.,(3,3),(0.,1.),.PIECEWISE_BEZIER_KNOTS.);
#7614 = CARTESIAN_POINT('',(1.53,3.23400390625));
#7615 = CARTESIAN_POINT('',(2.1780078125,3.23400390625));
#7616 = CARTESIAN_POINT('',(2.49599609375,2.7480078125));
#7617 = ( GEOMETRIC_REPRESENTATION_CONTEXT(2) 
PARAMETRIC_REPRESENTATION_CONTEXT() REPRESENTATION_CONTEXT('2D SPACE',''
  ) );
#7618 = ORIENTED_EDGE('',*,*,#7619,.T.);
#7619 = EDGE_CURVE('',#7597,#2856,#7620,.T.);
#7620 = SURFACE_CURVE('',#7621,(#7625,#7632),.PCURVE_S1.);
#7621 = LINE('',#7622,#7623);
#7622 = CARTESIAN_POINT('',(68.255009765625,-42.26599639892,32.9));
#7623 = VECTOR('',#7624,1.);
#7624 = DIRECTION('',(0.,0.,1.));
#7625 = PCURVE('',#2956,#7626);
#7626 = DEFINITIONAL_REPRESENTATION('',(#7627),#7631);
#7627 = LINE('',#7628,#7629);
#7628 = CARTESIAN_POINT('',(0.,0.));
#7629 = VECTOR('',#7630,1.);
#7630 = DIRECTION('',(0.,-1.));
#7631 = ( GEOMETRIC_REPRESENTATION_CONTEXT(2) 
PARAMETRIC_REPRESENTATION_CONTEXT() REPRESENTATION_CONTEXT('2D SPACE',''
  ) );
#7632 = PCURVE('',#2893,#7633);
#7633 = DEFINITIONAL_REPRESENTATION('',(#7634),#7638);
#7634 = LINE('',#7635,#7636);
#7635 = CARTESIAN_POINT('',(1.,0.));
#7636 = VECTOR('',#7637,1.);
#7637 = DIRECTION('',(0.,-1.));
#7638 = ( GEOMETRIC_REPRESENTATION_CONTEXT(2) 
PARAMETRIC_REPRESENTATION_CONTEXT() REPRESENTATION_CONTEXT('2D SPACE',''
  ) );
#7639 = ORIENTED_EDGE('',*,*,#2918,.F.);
#7640 = ORIENTED_EDGE('',*,*,#7521,.F.);
#7641 = ADVANCED_FACE('',(#7642),#2586,.F.);
#7642 = FACE_BOUND('',#7643,.F.);
#7643 = EDGE_LOOP('',(#7644,#7667,#7668,#7669));
#7644 = ORIENTED_EDGE('',*,*,#7645,.F.);
#7645 = EDGE_CURVE('',#7548,#7646,#7648,.T.);
#7646 = VERTEX_POINT('',#7647);
#7647 = CARTESIAN_POINT('',(69.275009765625,-45.08599639892,32.9));
#7648 = SURFACE_CURVE('',#7649,(#7653,#7660),.PCURVE_S1.);
#7649 = LINE('',#7650,#7651);
#7650 = CARTESIAN_POINT('',(69.275009765625,-45.50000030517,32.9));
#7651 = VECTOR('',#7652,1.);
#7652 = DIRECTION('',(0.,1.,0.));
#7653 = PCURVE('',#2586,#7654);
#7654 = DEFINITIONAL_REPRESENTATION('',(#7655),#7659);
#7655 = LINE('',#7656,#7657);
#7656 = CARTESIAN_POINT('',(0.,0.));
#7657 = VECTOR('',#7658,1.);
#7658 = DIRECTION('',(1.,0.));
#7659 = ( GEOMETRIC_REPRESENTATION_CONTEXT(2) 
PARAMETRIC_REPRESENTATION_CONTEXT() REPRESENTATION_CONTEXT('2D SPACE',''
  ) );
#7660 = PCURVE('',#7391,#7661);
#7661 = DEFINITIONAL_REPRESENTATION('',(#7662),#7666);
#7662 = LINE('',#7663,#7664);
#7663 = CARTESIAN_POINT('',(2.55,0.));
#7664 = VECTOR('',#7665,1.);
#7665 = DIRECTION('',(0.,1.));
#7666 = ( GEOMETRIC_REPRESENTATION_CONTEXT(2) 
PARAMETRIC_REPRESENTATION_CONTEXT() REPRESENTATION_CONTEXT('2D SPACE',''
  ) );
#7667 = ORIENTED_EDGE('',*,*,#7572,.T.);
#7668 = ORIENTED_EDGE('',*,*,#2571,.F.);
#7669 = ORIENTED_EDGE('',*,*,#7670,.F.);
#7670 = EDGE_CURVE('',#7646,#2572,#7671,.T.);
#7671 = SURFACE_CURVE('',#7672,(#7676,#7683),.PCURVE_S1.);
#7672 = LINE('',#7673,#7674);
#7673 = CARTESIAN_POINT('',(69.275009765625,-45.08599639892,32.9));
#7674 = VECTOR('',#7675,1.);
#7675 = DIRECTION('',(0.,0.,1.));
#7676 = PCURVE('',#2586,#7677);
#7677 = DEFINITIONAL_REPRESENTATION('',(#7678),#7682);
#7678 = LINE('',#7679,#7680);
#7679 = CARTESIAN_POINT('',(0.41400390625,0.));
#7680 = VECTOR('',#7681,1.);
#7681 = DIRECTION('',(0.,-1.));
#7682 = ( GEOMETRIC_REPRESENTATION_CONTEXT(2) 
PARAMETRIC_REPRESENTATION_CONTEXT() REPRESENTATION_CONTEXT('2D SPACE',''
  ) );
#7683 = PCURVE('',#2621,#7684);
#7684 = DEFINITIONAL_REPRESENTATION('',(#7685),#7689);
#7685 = LINE('',#7686,#7687);
#7686 = CARTESIAN_POINT('',(0.,0.));
#7687 = VECTOR('',#7688,1.);
#7688 = DIRECTION('',(0.,-1.));
#7689 = ( GEOMETRIC_REPRESENTATION_CONTEXT(2) 
PARAMETRIC_REPRESENTATION_CONTEXT() REPRESENTATION_CONTEXT('2D SPACE',''
  ) );
#7690 = ADVANCED_FACE('',(#7691),#2893,.F.);
#7691 = FACE_BOUND('',#7692,.F.);
#7692 = EDGE_LOOP('',(#7693,#7716,#7737,#7738));
#7693 = ORIENTED_EDGE('',*,*,#7694,.F.);
#7694 = EDGE_CURVE('',#7695,#7597,#7697,.T.);
#7695 = VERTEX_POINT('',#7696);
#7696 = CARTESIAN_POINT('',(67.274013671875,-42.7189944458,32.9));
#7697 = SURFACE_CURVE('',#7698,(#7702,#7709),.PCURVE_S1.);
#7698 = B_SPLINE_CURVE_WITH_KNOTS('',2,(#7699,#7700,#7701),
  .UNSPECIFIED.,.F.,.F.,(3,3),(0.,1.),.PIECEWISE_BEZIER_KNOTS.);
#7699 = CARTESIAN_POINT('',(67.274013671875,-42.7189944458,32.9));
#7700 = CARTESIAN_POINT('',(67.643017578125,-42.26599639892,32.9));
#7701 = CARTESIAN_POINT('',(68.255009765625,-42.26599639892,32.9));
#7702 = PCURVE('',#2893,#7703);
#7703 = DEFINITIONAL_REPRESENTATION('',(#7704),#7708);
#7704 = LINE('',#7705,#7706);
#7705 = CARTESIAN_POINT('',(0.,0.));
#7706 = VECTOR('',#7707,1.);
#7707 = DIRECTION('',(1.,0.));
#7708 = ( GEOMETRIC_REPRESENTATION_CONTEXT(2) 
PARAMETRIC_REPRESENTATION_CONTEXT() REPRESENTATION_CONTEXT('2D SPACE',''
  ) );
#7709 = PCURVE('',#7391,#7710);
#7710 = DEFINITIONAL_REPRESENTATION('',(#7711),#7715);
#7711 = B_SPLINE_CURVE_WITH_KNOTS('',2,(#7712,#7713,#7714),
  .UNSPECIFIED.,.F.,.F.,(3,3),(0.,1.),.PIECEWISE_BEZIER_KNOTS.);
#7712 = CARTESIAN_POINT('',(0.54900390625,2.781005859375));
#7713 = CARTESIAN_POINT('',(0.9180078125,3.23400390625));
#7714 = CARTESIAN_POINT('',(1.53,3.23400390625));
#7715 = ( GEOMETRIC_REPRESENTATION_CONTEXT(2) 
PARAMETRIC_REPRESENTATION_CONTEXT() REPRESENTATION_CONTEXT('2D SPACE',''
  ) );
#7716 = ORIENTED_EDGE('',*,*,#7717,.T.);
#7717 = EDGE_CURVE('',#7695,#2799,#7718,.T.);
#7718 = SURFACE_CURVE('',#7719,(#7723,#7730),.PCURVE_S1.);
#7719 = LINE('',#7720,#7721);
#7720 = CARTESIAN_POINT('',(67.274013671875,-42.7189944458,32.9));
#7721 = VECTOR('',#7722,1.);
#7722 = DIRECTION('',(0.,0.,1.));
#7723 = PCURVE('',#2893,#7724);
#7724 = DEFINITIONAL_REPRESENTATION('',(#7725),#7729);
#7725 = LINE('',#7726,#7727);
#7726 = CARTESIAN_POINT('',(0.,0.));
#7727 = VECTOR('',#7728,1.);
#7728 = DIRECTION('',(0.,-1.));
#7729 = ( GEOMETRIC_REPRESENTATION_CONTEXT(2) 
PARAMETRIC_REPRESENTATION_CONTEXT() REPRESENTATION_CONTEXT('2D SPACE',''
  ) );
#7730 = PCURVE('',#2832,#7731);
#7731 = DEFINITIONAL_REPRESENTATION('',(#7732),#7736);
#7732 = LINE('',#7733,#7734);
#7733 = CARTESIAN_POINT('',(1.,0.));
#7734 = VECTOR('',#7735,1.);
#7735 = DIRECTION('',(0.,-1.));
#7736 = ( GEOMETRIC_REPRESENTATION_CONTEXT(2) 
PARAMETRIC_REPRESENTATION_CONTEXT() REPRESENTATION_CONTEXT('2D SPACE',''
  ) );
#7737 = ORIENTED_EDGE('',*,*,#2855,.F.);
#7738 = ORIENTED_EDGE('',*,*,#7619,.F.);
#7739 = ADVANCED_FACE('',(#7740),#2621,.F.);
#7740 = FACE_BOUND('',#7741,.F.);
#7741 = EDGE_LOOP('',(#7742,#7765,#7766,#7767));
#7742 = ORIENTED_EDGE('',*,*,#7743,.F.);
#7743 = EDGE_CURVE('',#7646,#7744,#7746,.T.);
#7744 = VERTEX_POINT('',#7745);
#7745 = CARTESIAN_POINT('',(68.83400390625,-45.50900421142,32.9));
#7746 = SURFACE_CURVE('',#7747,(#7751,#7758),.PCURVE_S1.);
#7747 = B_SPLINE_CURVE_WITH_KNOTS('',2,(#7748,#7749,#7750),
  .UNSPECIFIED.,.F.,.F.,(3,3),(0.,1.),.PIECEWISE_BEZIER_KNOTS.);
#7748 = CARTESIAN_POINT('',(69.275009765625,-45.08599639892,32.9));
#7749 = CARTESIAN_POINT('',(69.071005859375,-45.38000030517,32.9));
#7750 = CARTESIAN_POINT('',(68.83400390625,-45.50900421142,32.9));
#7751 = PCURVE('',#2621,#7752);
#7752 = DEFINITIONAL_REPRESENTATION('',(#7753),#7757);
#7753 = LINE('',#7754,#7755);
#7754 = CARTESIAN_POINT('',(0.,0.));
#7755 = VECTOR('',#7756,1.);
#7756 = DIRECTION('',(1.,0.));
#7757 = ( GEOMETRIC_REPRESENTATION_CONTEXT(2) 
PARAMETRIC_REPRESENTATION_CONTEXT() REPRESENTATION_CONTEXT('2D SPACE',''
  ) );
#7758 = PCURVE('',#7391,#7759);
#7759 = DEFINITIONAL_REPRESENTATION('',(#7760),#7764);
#7760 = B_SPLINE_CURVE_WITH_KNOTS('',2,(#7761,#7762,#7763),
  .UNSPECIFIED.,.F.,.F.,(3,3),(0.,1.),.PIECEWISE_BEZIER_KNOTS.);
#7761 = CARTESIAN_POINT('',(2.55,0.41400390625));
#7762 = CARTESIAN_POINT('',(2.34599609375,0.12));
#7763 = CARTESIAN_POINT('',(2.108994140625,-9.003906250001E-03));
#7764 = ( GEOMETRIC_REPRESENTATION_CONTEXT(2) 
PARAMETRIC_REPRESENTATION_CONTEXT() REPRESENTATION_CONTEXT('2D SPACE',''
  ) );
#7765 = ORIENTED_EDGE('',*,*,#7670,.T.);
#7766 = ORIENTED_EDGE('',*,*,#2597,.F.);
#7767 = ORIENTED_EDGE('',*,*,#7768,.F.);
#7768 = EDGE_CURVE('',#7744,#2598,#7769,.T.);
#7769 = SURFACE_CURVE('',#7770,(#7774,#7781),.PCURVE_S1.);
#7770 = LINE('',#7771,#7772);
#7771 = CARTESIAN_POINT('',(68.83400390625,-45.50900421142,32.9));
#7772 = VECTOR('',#7773,1.);
#7773 = DIRECTION('',(0.,0.,1.));
#7774 = PCURVE('',#2621,#7775);
#7775 = DEFINITIONAL_REPRESENTATION('',(#7776),#7780);
#7776 = LINE('',#7777,#7778);
#7777 = CARTESIAN_POINT('',(1.,0.));
#7778 = VECTOR('',#7779,1.);
#7779 = DIRECTION('',(0.,-1.));
#7780 = ( GEOMETRIC_REPRESENTATION_CONTEXT(2) 
PARAMETRIC_REPRESENTATION_CONTEXT() REPRESENTATION_CONTEXT('2D SPACE',''
  ) );
#7781 = PCURVE('',#2661,#7782);
#7782 = DEFINITIONAL_REPRESENTATION('',(#7783),#7787);
#7783 = LINE('',#7784,#7785);
#7784 = CARTESIAN_POINT('',(0.,0.));
#7785 = VECTOR('',#7786,1.);
#7786 = DIRECTION('',(0.,-1.));
#7787 = ( GEOMETRIC_REPRESENTATION_CONTEXT(2) 
PARAMETRIC_REPRESENTATION_CONTEXT() REPRESENTATION_CONTEXT('2D SPACE',''
  ) );
#7788 = ADVANCED_FACE('',(#7789),#2832,.F.);
#7789 = FACE_BOUND('',#7790,.F.);
#7790 = EDGE_LOOP('',(#7791,#7814,#7835,#7836));
#7791 = ORIENTED_EDGE('',*,*,#7792,.F.);
#7792 = EDGE_CURVE('',#7793,#7695,#7795,.T.);
#7793 = VERTEX_POINT('',#7794);
#7794 = CARTESIAN_POINT('',(66.905009765625,-43.92199249267,32.9));
#7795 = SURFACE_CURVE('',#7796,(#7800,#7807),.PCURVE_S1.);
#7796 = B_SPLINE_CURVE_WITH_KNOTS('',2,(#7797,#7798,#7799),
  .UNSPECIFIED.,.F.,.F.,(3,3),(0.,1.),.PIECEWISE_BEZIER_KNOTS.);
#7797 = CARTESIAN_POINT('',(66.905009765625,-43.92199249267,32.9));
#7798 = CARTESIAN_POINT('',(66.905009765625,-43.17199249267,32.9));
#7799 = CARTESIAN_POINT('',(67.274013671875,-42.7189944458,32.9));
#7800 = PCURVE('',#2832,#7801);
#7801 = DEFINITIONAL_REPRESENTATION('',(#7802),#7806);
#7802 = LINE('',#7803,#7804);
#7803 = CARTESIAN_POINT('',(0.,0.));
#7804 = VECTOR('',#7805,1.);
#7805 = DIRECTION('',(1.,0.));
#7806 = ( GEOMETRIC_REPRESENTATION_CONTEXT(2) 
PARAMETRIC_REPRESENTATION_CONTEXT() REPRESENTATION_CONTEXT('2D SPACE',''
  ) );
#7807 = PCURVE('',#7391,#7808);
#7808 = DEFINITIONAL_REPRESENTATION('',(#7809),#7813);
#7809 = B_SPLINE_CURVE_WITH_KNOTS('',2,(#7810,#7811,#7812),
  .UNSPECIFIED.,.F.,.F.,(3,3),(0.,1.),.PIECEWISE_BEZIER_KNOTS.);
#7810 = CARTESIAN_POINT('',(0.18,1.5780078125));
#7811 = CARTESIAN_POINT('',(0.18,2.3280078125));
#7812 = CARTESIAN_POINT('',(0.54900390625,2.781005859375));
#7813 = ( GEOMETRIC_REPRESENTATION_CONTEXT(2) 
PARAMETRIC_REPRESENTATION_CONTEXT() REPRESENTATION_CONTEXT('2D SPACE',''
  ) );
#7814 = ORIENTED_EDGE('',*,*,#7815,.T.);
#7815 = EDGE_CURVE('',#7793,#2742,#7816,.T.);
#7816 = SURFACE_CURVE('',#7817,(#7821,#7828),.PCURVE_S1.);
#7817 = LINE('',#7818,#7819);
#7818 = CARTESIAN_POINT('',(66.905009765625,-43.92199249267,32.9));
#7819 = VECTOR('',#7820,1.);
#7820 = DIRECTION('',(0.,0.,1.));
#7821 = PCURVE('',#2832,#7822);
#7822 = DEFINITIONAL_REPRESENTATION('',(#7823),#7827);
#7823 = LINE('',#7824,#7825);
#7824 = CARTESIAN_POINT('',(0.,0.));
#7825 = VECTOR('',#7826,1.);
#7826 = DIRECTION('',(0.,-1.));
#7827 = ( GEOMETRIC_REPRESENTATION_CONTEXT(2) 
PARAMETRIC_REPRESENTATION_CONTEXT() REPRESENTATION_CONTEXT('2D SPACE',''
  ) );
#7828 = PCURVE('',#2775,#7829);
#7829 = DEFINITIONAL_REPRESENTATION('',(#7830),#7834);
#7830 = LINE('',#7831,#7832);
#7831 = CARTESIAN_POINT('',(1.,0.));
#7832 = VECTOR('',#7833,1.);
#7833 = DIRECTION('',(0.,-1.));
#7834 = ( GEOMETRIC_REPRESENTATION_CONTEXT(2) 
PARAMETRIC_REPRESENTATION_CONTEXT() REPRESENTATION_CONTEXT('2D SPACE',''
  ) );
#7835 = ORIENTED_EDGE('',*,*,#2798,.F.);
#7836 = ORIENTED_EDGE('',*,*,#7717,.F.);
#7837 = ADVANCED_FACE('',(#7838),#2661,.F.);
#7838 = FACE_BOUND('',#7839,.F.);
#7839 = EDGE_LOOP('',(#7840,#7863,#7864,#7865));
#7840 = ORIENTED_EDGE('',*,*,#7841,.F.);
#7841 = EDGE_CURVE('',#7744,#7842,#7844,.T.);
#7842 = VERTEX_POINT('',#7843);
#7843 = CARTESIAN_POINT('',(68.273017578125,-45.63800811767,32.9));
#7844 = SURFACE_CURVE('',#7845,(#7849,#7856),.PCURVE_S1.);
#7845 = B_SPLINE_CURVE_WITH_KNOTS('',2,(#7846,#7847,#7848),
  .UNSPECIFIED.,.F.,.F.,(3,3),(0.,1.),.PIECEWISE_BEZIER_KNOTS.);
#7846 = CARTESIAN_POINT('',(68.83400390625,-45.50900421142,32.9));
#7847 = CARTESIAN_POINT('',(68.597001953125,-45.63800811767,32.9));
#7848 = CARTESIAN_POINT('',(68.273017578125,-45.63800811767,32.9));
#7849 = PCURVE('',#2661,#7850);
#7850 = DEFINITIONAL_REPRESENTATION('',(#7851),#7855);
#7851 = LINE('',#7852,#7853);
#7852 = CARTESIAN_POINT('',(0.,0.));
#7853 = VECTOR('',#7854,1.);
#7854 = DIRECTION('',(1.,0.));
#7855 = ( GEOMETRIC_REPRESENTATION_CONTEXT(2) 
PARAMETRIC_REPRESENTATION_CONTEXT() REPRESENTATION_CONTEXT('2D SPACE',''
  ) );
#7856 = PCURVE('',#7391,#7857);
#7857 = DEFINITIONAL_REPRESENTATION('',(#7858),#7862);
#7858 = B_SPLINE_CURVE_WITH_KNOTS('',2,(#7859,#7860,#7861),
  .UNSPECIFIED.,.F.,.F.,(3,3),(0.,1.),.PIECEWISE_BEZIER_KNOTS.);
#7859 = CARTESIAN_POINT('',(2.108994140625,-9.003906250001E-03));
#7860 = CARTESIAN_POINT('',(1.8719921875,-0.1380078125));
#7861 = CARTESIAN_POINT('',(1.5480078125,-0.1380078125));
#7862 = ( GEOMETRIC_REPRESENTATION_CONTEXT(2) 
PARAMETRIC_REPRESENTATION_CONTEXT() REPRESENTATION_CONTEXT('2D SPACE',''
  ) );
#7863 = ORIENTED_EDGE('',*,*,#7768,.T.);
#7864 = ORIENTED_EDGE('',*,*,#2639,.F.);
#7865 = ORIENTED_EDGE('',*,*,#7866,.F.);
#7866 = EDGE_CURVE('',#7842,#2640,#7867,.T.);
#7867 = SURFACE_CURVE('',#7868,(#7872,#7879),.PCURVE_S1.);
#7868 = LINE('',#7869,#7870);
#7869 = CARTESIAN_POINT('',(68.273017578125,-45.63800811767,32.9));
#7870 = VECTOR('',#7871,1.);
#7871 = DIRECTION('',(0.,0.,1.));
#7872 = PCURVE('',#2661,#7873);
#7873 = DEFINITIONAL_REPRESENTATION('',(#7874),#7878);
#7874 = LINE('',#7875,#7876);
#7875 = CARTESIAN_POINT('',(1.,0.));
#7876 = VECTOR('',#7877,1.);
#7877 = DIRECTION('',(0.,-1.));
#7878 = ( GEOMETRIC_REPRESENTATION_CONTEXT(2) 
PARAMETRIC_REPRESENTATION_CONTEXT() REPRESENTATION_CONTEXT('2D SPACE',''
  ) );
#7879 = PCURVE('',#2716,#7880);
#7880 = DEFINITIONAL_REPRESENTATION('',(#7881),#7885);
#7881 = LINE('',#7882,#7883);
#7882 = CARTESIAN_POINT('',(0.,0.));
#7883 = VECTOR('',#7884,1.);
#7884 = DIRECTION('',(0.,-1.));
#7885 = ( GEOMETRIC_REPRESENTATION_CONTEXT(2) 
PARAMETRIC_REPRESENTATION_CONTEXT() REPRESENTATION_CONTEXT('2D SPACE',''
  ) );
#7886 = ADVANCED_FACE('',(#7887),#2775,.F.);
#7887 = FACE_BOUND('',#7888,.F.);
#7888 = EDGE_LOOP('',(#7889,#7912,#7933,#7934));
#7889 = ORIENTED_EDGE('',*,*,#7890,.F.);
#7890 = EDGE_CURVE('',#7891,#7793,#7893,.T.);
#7891 = VERTEX_POINT('',#7892);
#7892 = CARTESIAN_POINT('',(67.271005859375,-45.17900421142,32.9));
#7893 = SURFACE_CURVE('',#7894,(#7898,#7905),.PCURVE_S1.);
#7894 = B_SPLINE_CURVE_WITH_KNOTS('',2,(#7895,#7896,#7897),
  .UNSPECIFIED.,.F.,.F.,(3,3),(0.,1.),.PIECEWISE_BEZIER_KNOTS.);
#7895 = CARTESIAN_POINT('',(67.271005859375,-45.17900421142,32.9));
#7896 = CARTESIAN_POINT('',(66.905009765625,-44.72000030517,32.9));
#7897 = CARTESIAN_POINT('',(66.905009765625,-43.92199249267,32.9));
#7898 = PCURVE('',#2775,#7899);
#7899 = DEFINITIONAL_REPRESENTATION('',(#7900),#7904);
#7900 = LINE('',#7901,#7902);
#7901 = CARTESIAN_POINT('',(0.,0.));
#7902 = VECTOR('',#7903,1.);
#7903 = DIRECTION('',(1.,0.));
#7904 = ( GEOMETRIC_REPRESENTATION_CONTEXT(2) 
PARAMETRIC_REPRESENTATION_CONTEXT() REPRESENTATION_CONTEXT('2D SPACE',''
  ) );
#7905 = PCURVE('',#7391,#7906);
#7906 = DEFINITIONAL_REPRESENTATION('',(#7907),#7911);
#7907 = B_SPLINE_CURVE_WITH_KNOTS('',2,(#7908,#7909,#7910),
  .UNSPECIFIED.,.F.,.F.,(3,3),(0.,1.),.PIECEWISE_BEZIER_KNOTS.);
#7908 = CARTESIAN_POINT('',(0.54599609375,0.32099609375));
#7909 = CARTESIAN_POINT('',(0.18,0.78));
#7910 = CARTESIAN_POINT('',(0.18,1.5780078125));
#7911 = ( GEOMETRIC_REPRESENTATION_CONTEXT(2) 
PARAMETRIC_REPRESENTATION_CONTEXT() REPRESENTATION_CONTEXT('2D SPACE',''
  ) );
#7912 = ORIENTED_EDGE('',*,*,#7913,.T.);
#7913 = EDGE_CURVE('',#7891,#2679,#7914,.T.);
#7914 = SURFACE_CURVE('',#7915,(#7919,#7926),.PCURVE_S1.);
#7915 = LINE('',#7916,#7917);
#7916 = CARTESIAN_POINT('',(67.271005859375,-45.17900421142,32.9));
#7917 = VECTOR('',#7918,1.);
#7918 = DIRECTION('',(0.,0.,1.));
#7919 = PCURVE('',#2775,#7920);
#7920 = DEFINITIONAL_REPRESENTATION('',(#7921),#7925);
#7921 = LINE('',#7922,#7923);
#7922 = CARTESIAN_POINT('',(0.,0.));
#7923 = VECTOR('',#7924,1.);
#7924 = DIRECTION('',(0.,-1.));
#7925 = ( GEOMETRIC_REPRESENTATION_CONTEXT(2) 
PARAMETRIC_REPRESENTATION_CONTEXT() REPRESENTATION_CONTEXT('2D SPACE',''
  ) );
#7926 = PCURVE('',#2716,#7927);
#7927 = DEFINITIONAL_REPRESENTATION('',(#7928),#7932);
#7928 = LINE('',#7929,#7930);
#7929 = CARTESIAN_POINT('',(1.,0.));
#7930 = VECTOR('',#7931,1.);
#7931 = DIRECTION('',(0.,-1.));
#7932 = ( GEOMETRIC_REPRESENTATION_CONTEXT(2) 
PARAMETRIC_REPRESENTATION_CONTEXT() REPRESENTATION_CONTEXT('2D SPACE',''
  ) );
#7933 = ORIENTED_EDGE('',*,*,#2741,.F.);
#7934 = ORIENTED_EDGE('',*,*,#7815,.F.);
#7935 = ADVANCED_FACE('',(#7936),#2716,.F.);
#7936 = FACE_BOUND('',#7937,.F.);
#7937 = EDGE_LOOP('',(#7938,#7959,#7960,#7961));
#7938 = ORIENTED_EDGE('',*,*,#7939,.F.);
#7939 = EDGE_CURVE('',#7842,#7891,#7940,.T.);
#7940 = SURFACE_CURVE('',#7941,(#7945,#7952),.PCURVE_S1.);
#7941 = B_SPLINE_CURVE_WITH_KNOTS('',2,(#7942,#7943,#7944),
  .UNSPECIFIED.,.F.,.F.,(3,3),(0.,1.),.PIECEWISE_BEZIER_KNOTS.);
#7942 = CARTESIAN_POINT('',(68.273017578125,-45.63800811767,32.9));
#7943 = CARTESIAN_POINT('',(67.637001953125,-45.63800811767,32.9));
#7944 = CARTESIAN_POINT('',(67.271005859375,-45.17900421142,32.9));
#7945 = PCURVE('',#2716,#7946);
#7946 = DEFINITIONAL_REPRESENTATION('',(#7947),#7951);
#7947 = LINE('',#7948,#7949);
#7948 = CARTESIAN_POINT('',(0.,0.));
#7949 = VECTOR('',#7950,1.);
#7950 = DIRECTION('',(1.,0.));
#7951 = ( GEOMETRIC_REPRESENTATION_CONTEXT(2) 
PARAMETRIC_REPRESENTATION_CONTEXT() REPRESENTATION_CONTEXT('2D SPACE',''
  ) );
#7952 = PCURVE('',#7391,#7953);
#7953 = DEFINITIONAL_REPRESENTATION('',(#7954),#7958);
#7954 = B_SPLINE_CURVE_WITH_KNOTS('',2,(#7955,#7956,#7957),
  .UNSPECIFIED.,.F.,.F.,(3,3),(0.,1.),.PIECEWISE_BEZIER_KNOTS.);
#7955 = CARTESIAN_POINT('',(1.5480078125,-0.1380078125));
#7956 = CARTESIAN_POINT('',(0.9119921875,-0.1380078125));
#7957 = CARTESIAN_POINT('',(0.54599609375,0.32099609375));
#7958 = ( GEOMETRIC_REPRESENTATION_CONTEXT(2) 
PARAMETRIC_REPRESENTATION_CONTEXT() REPRESENTATION_CONTEXT('2D SPACE',''
  ) );
#7959 = ORIENTED_EDGE('',*,*,#7866,.T.);
#7960 = ORIENTED_EDGE('',*,*,#2678,.F.);
#7961 = ORIENTED_EDGE('',*,*,#7913,.F.);
#7962 = ADVANCED_FACE('',(#7963),#3024,.F.);
#7963 = FACE_BOUND('',#7964,.F.);
#7964 = EDGE_LOOP('',(#7965,#7995,#8016,#8017));
#7965 = ORIENTED_EDGE('',*,*,#7966,.F.);
#7966 = EDGE_CURVE('',#7967,#7969,#7971,.T.);
#7967 = VERTEX_POINT('',#7968);
#7968 = CARTESIAN_POINT('',(70.427021484375,-45.50000030517,32.9));
#7969 = VERTEX_POINT('',#7970);
#7970 = CARTESIAN_POINT('',(70.427021484375,-42.35599639892,32.9));
#7971 = SURFACE_CURVE('',#7972,(#7976,#7983),.PCURVE_S1.);
#7972 = LINE('',#7973,#7974);
#7973 = CARTESIAN_POINT('',(70.427021484375,-45.50000030517,32.9));
#7974 = VECTOR('',#7975,1.);
#7975 = DIRECTION('',(0.,1.,0.));
#7976 = PCURVE('',#3024,#7977);
#7977 = DEFINITIONAL_REPRESENTATION('',(#7978),#7982);
#7978 = LINE('',#7979,#7980);
#7979 = CARTESIAN_POINT('',(0.,0.));
#7980 = VECTOR('',#7981,1.);
#7981 = DIRECTION('',(1.,0.));
#7982 = ( GEOMETRIC_REPRESENTATION_CONTEXT(2) 
PARAMETRIC_REPRESENTATION_CONTEXT() REPRESENTATION_CONTEXT('2D SPACE',''
  ) );
#7983 = PCURVE('',#7984,#7989);
#7984 = PLANE('',#7985);
#7985 = AXIS2_PLACEMENT_3D('',#7986,#7987,#7988);
#7986 = CARTESIAN_POINT('',(70.067021484375,-45.50000030517,32.9));
#7987 = DIRECTION('',(0.,0.,1.));
#7988 = DIRECTION('',(1.,0.,0.));
#7989 = DEFINITIONAL_REPRESENTATION('',(#7990),#7994);
#7990 = LINE('',#7991,#7992);
#7991 = CARTESIAN_POINT('',(0.36,0.));
#7992 = VECTOR('',#7993,1.);
#7993 = DIRECTION('',(0.,1.));
#7994 = ( GEOMETRIC_REPRESENTATION_CONTEXT(2) 
PARAMETRIC_REPRESENTATION_CONTEXT() REPRESENTATION_CONTEXT('2D SPACE',''
  ) );
#7995 = ORIENTED_EDGE('',*,*,#7996,.T.);
#7996 = EDGE_CURVE('',#7967,#3010,#7997,.T.);
#7997 = SURFACE_CURVE('',#7998,(#8002,#8009),.PCURVE_S1.);
#7998 = LINE('',#7999,#8000);
#7999 = CARTESIAN_POINT('',(70.427021484375,-45.50000030517,32.9));
#8000 = VECTOR('',#8001,1.);
#8001 = DIRECTION('',(0.,0.,1.));
#8002 = PCURVE('',#3024,#8003);
#8003 = DEFINITIONAL_REPRESENTATION('',(#8004),#8008);
#8004 = LINE('',#8005,#8006);
#8005 = CARTESIAN_POINT('',(0.,0.));
#8006 = VECTOR('',#8007,1.);
#8007 = DIRECTION('',(0.,-1.));
#8008 = ( GEOMETRIC_REPRESENTATION_CONTEXT(2) 
PARAMETRIC_REPRESENTATION_CONTEXT() REPRESENTATION_CONTEXT('2D SPACE',''
  ) );
#8009 = PCURVE('',#4047,#8010);
#8010 = DEFINITIONAL_REPRESENTATION('',(#8011),#8015);
#8011 = LINE('',#8012,#8013);
#8012 = CARTESIAN_POINT('',(0.50400390625,0.));
#8013 = VECTOR('',#8014,1.);
#8014 = DIRECTION('',(0.,-1.));
#8015 = ( GEOMETRIC_REPRESENTATION_CONTEXT(2) 
PARAMETRIC_REPRESENTATION_CONTEXT() REPRESENTATION_CONTEXT('2D SPACE',''
  ) );
#8016 = ORIENTED_EDGE('',*,*,#3007,.F.);
#8017 = ORIENTED_EDGE('',*,*,#8018,.F.);
#8018 = EDGE_CURVE('',#7969,#3008,#8019,.T.);
#8019 = SURFACE_CURVE('',#8020,(#8024,#8031),.PCURVE_S1.);
#8020 = LINE('',#8021,#8022);
#8021 = CARTESIAN_POINT('',(70.427021484375,-42.35599639892,32.9));
#8022 = VECTOR('',#8023,1.);
#8023 = DIRECTION('',(0.,0.,1.));
#8024 = PCURVE('',#3024,#8025);
#8025 = DEFINITIONAL_REPRESENTATION('',(#8026),#8030);
#8026 = LINE('',#8027,#8028);
#8027 = CARTESIAN_POINT('',(3.14400390625,0.));
#8028 = VECTOR('',#8029,1.);
#8029 = DIRECTION('',(0.,-1.));
#8030 = ( GEOMETRIC_REPRESENTATION_CONTEXT(2) 
PARAMETRIC_REPRESENTATION_CONTEXT() REPRESENTATION_CONTEXT('2D SPACE',''
  ) );
#8031 = PCURVE('',#3050,#8032);
#8032 = DEFINITIONAL_REPRESENTATION('',(#8033),#8037);
#8033 = LINE('',#8034,#8035);
#8034 = CARTESIAN_POINT('',(0.,0.));
#8035 = VECTOR('',#8036,1.);
#8036 = DIRECTION('',(0.,-1.));
#8037 = ( GEOMETRIC_REPRESENTATION_CONTEXT(2) 
PARAMETRIC_REPRESENTATION_CONTEXT() REPRESENTATION_CONTEXT('2D SPACE',''
  ) );
#8038 = ADVANCED_FACE('',(#8039),#3050,.F.);
#8039 = FACE_BOUND('',#8040,.F.);
#8040 = EDGE_LOOP('',(#8041,#8064,#8065,#8066));
#8041 = ORIENTED_EDGE('',*,*,#8042,.F.);
#8042 = EDGE_CURVE('',#7969,#8043,#8045,.T.);
#8043 = VERTEX_POINT('',#8044);
#8044 = CARTESIAN_POINT('',(70.889013671875,-42.35599639892,32.9));
#8045 = SURFACE_CURVE('',#8046,(#8050,#8057),.PCURVE_S1.);
#8046 = LINE('',#8047,#8048);
#8047 = CARTESIAN_POINT('',(70.427021484375,-42.35599639892,32.9));
#8048 = VECTOR('',#8049,1.);
#8049 = DIRECTION('',(1.,0.,0.));
#8050 = PCURVE('',#3050,#8051);
#8051 = DEFINITIONAL_REPRESENTATION('',(#8052),#8056);
#8052 = LINE('',#8053,#8054);
#8053 = CARTESIAN_POINT('',(0.,0.));
#8054 = VECTOR('',#8055,1.);
#8055 = DIRECTION('',(1.,0.));
#8056 = ( GEOMETRIC_REPRESENTATION_CONTEXT(2) 
PARAMETRIC_REPRESENTATION_CONTEXT() REPRESENTATION_CONTEXT('2D SPACE',''
  ) );
#8057 = PCURVE('',#7984,#8058);
#8058 = DEFINITIONAL_REPRESENTATION('',(#8059),#8063);
#8059 = LINE('',#8060,#8061);
#8060 = CARTESIAN_POINT('',(0.36,3.14400390625));
#8061 = VECTOR('',#8062,1.);
#8062 = DIRECTION('',(1.,0.));
#8063 = ( GEOMETRIC_REPRESENTATION_CONTEXT(2) 
PARAMETRIC_REPRESENTATION_CONTEXT() REPRESENTATION_CONTEXT('2D SPACE',''
  ) );
#8064 = ORIENTED_EDGE('',*,*,#8018,.T.);
#8065 = ORIENTED_EDGE('',*,*,#3035,.F.);
#8066 = ORIENTED_EDGE('',*,*,#8067,.F.);
#8067 = EDGE_CURVE('',#8043,#3036,#8068,.T.);
#8068 = SURFACE_CURVE('',#8069,(#8073,#8080),.PCURVE_S1.);
#8069 = LINE('',#8070,#8071);
#8070 = CARTESIAN_POINT('',(70.889013671875,-42.35599639892,32.9));
#8071 = VECTOR('',#8072,1.);
#8072 = DIRECTION('',(0.,0.,1.));
#8073 = PCURVE('',#3050,#8074);
#8074 = DEFINITIONAL_REPRESENTATION('',(#8075),#8079);
#8075 = LINE('',#8076,#8077);
#8076 = CARTESIAN_POINT('',(0.4619921875,0.));
#8077 = VECTOR('',#8078,1.);
#8078 = DIRECTION('',(0.,-1.));
#8079 = ( GEOMETRIC_REPRESENTATION_CONTEXT(2) 
PARAMETRIC_REPRESENTATION_CONTEXT() REPRESENTATION_CONTEXT('2D SPACE',''
  ) );
#8080 = PCURVE('',#3076,#8081);
#8081 = DEFINITIONAL_REPRESENTATION('',(#8082),#8086);
#8082 = LINE('',#8083,#8084);
#8083 = CARTESIAN_POINT('',(0.,0.));
#8084 = VECTOR('',#8085,1.);
#8085 = DIRECTION('',(0.,-1.));
#8086 = ( GEOMETRIC_REPRESENTATION_CONTEXT(2) 
PARAMETRIC_REPRESENTATION_CONTEXT() REPRESENTATION_CONTEXT('2D SPACE',''
  ) );
#8087 = ADVANCED_FACE('',(#8088),#4047,.F.);
#8088 = FACE_BOUND('',#8089,.F.);
#8089 = EDGE_LOOP('',(#8090,#8113,#8134,#8135));
#8090 = ORIENTED_EDGE('',*,*,#8091,.F.);
#8091 = EDGE_CURVE('',#8092,#7967,#8094,.T.);
#8092 = VERTEX_POINT('',#8093);
#8093 = CARTESIAN_POINT('',(70.931025390625,-45.50000030517,32.9));
#8094 = SURFACE_CURVE('',#8095,(#8099,#8106),.PCURVE_S1.);
#8095 = LINE('',#8096,#8097);
#8096 = CARTESIAN_POINT('',(70.931025390625,-45.50000030517,32.9));
#8097 = VECTOR('',#8098,1.);
#8098 = DIRECTION('',(-1.,0.,0.));
#8099 = PCURVE('',#4047,#8100);
#8100 = DEFINITIONAL_REPRESENTATION('',(#8101),#8105);
#8101 = LINE('',#8102,#8103);
#8102 = CARTESIAN_POINT('',(0.,-0.));
#8103 = VECTOR('',#8104,1.);
#8104 = DIRECTION('',(1.,0.));
#8105 = ( GEOMETRIC_REPRESENTATION_CONTEXT(2) 
PARAMETRIC_REPRESENTATION_CONTEXT() REPRESENTATION_CONTEXT('2D SPACE',''
  ) );
#8106 = PCURVE('',#7984,#8107);
#8107 = DEFINITIONAL_REPRESENTATION('',(#8108),#8112);
#8108 = LINE('',#8109,#8110);
#8109 = CARTESIAN_POINT('',(0.86400390625,0.));
#8110 = VECTOR('',#8111,1.);
#8111 = DIRECTION('',(-1.,0.));
#8112 = ( GEOMETRIC_REPRESENTATION_CONTEXT(2) 
PARAMETRIC_REPRESENTATION_CONTEXT() REPRESENTATION_CONTEXT('2D SPACE',''
  ) );
#8113 = ORIENTED_EDGE('',*,*,#8114,.T.);
#8114 = EDGE_CURVE('',#8092,#4009,#8115,.T.);
#8115 = SURFACE_CURVE('',#8116,(#8120,#8127),.PCURVE_S1.);
#8116 = LINE('',#8117,#8118);
#8117 = CARTESIAN_POINT('',(70.931025390625,-45.50000030517,32.9));
#8118 = VECTOR('',#8119,1.);
#8119 = DIRECTION('',(0.,0.,1.));
#8120 = PCURVE('',#4047,#8121);
#8121 = DEFINITIONAL_REPRESENTATION('',(#8122),#8126);
#8122 = LINE('',#8123,#8124);
#8123 = CARTESIAN_POINT('',(0.,-0.));
#8124 = VECTOR('',#8125,1.);
#8125 = DIRECTION('',(0.,-1.));
#8126 = ( GEOMETRIC_REPRESENTATION_CONTEXT(2) 
PARAMETRIC_REPRESENTATION_CONTEXT() REPRESENTATION_CONTEXT('2D SPACE',''
  ) );
#8127 = PCURVE('',#4023,#8128);
#8128 = DEFINITIONAL_REPRESENTATION('',(#8129),#8133);
#8129 = LINE('',#8130,#8131);
#8130 = CARTESIAN_POINT('',(1.97400390625,0.));
#8131 = VECTOR('',#8132,1.);
#8132 = DIRECTION('',(0.,-1.));
#8133 = ( GEOMETRIC_REPRESENTATION_CONTEXT(2) 
PARAMETRIC_REPRESENTATION_CONTEXT() REPRESENTATION_CONTEXT('2D SPACE',''
  ) );
#8134 = ORIENTED_EDGE('',*,*,#4034,.F.);
#8135 = ORIENTED_EDGE('',*,*,#7996,.F.);
#8136 = ADVANCED_FACE('',(#8137),#3076,.F.);
#8137 = FACE_BOUND('',#8138,.F.);
#8138 = EDGE_LOOP('',(#8139,#8162,#8163,#8164));
#8139 = ORIENTED_EDGE('',*,*,#8140,.F.);
#8140 = EDGE_CURVE('',#8043,#8141,#8143,.T.);
#8141 = VERTEX_POINT('',#8142);
#8142 = CARTESIAN_POINT('',(70.889013671875,-42.80000030517,32.9));
#8143 = SURFACE_CURVE('',#8144,(#8148,#8155),.PCURVE_S1.);
#8144 = LINE('',#8145,#8146);
#8145 = CARTESIAN_POINT('',(70.889013671875,-42.35599639892,32.9));
#8146 = VECTOR('',#8147,1.);
#8147 = DIRECTION('',(0.,-1.,0.));
#8148 = PCURVE('',#3076,#8149);
#8149 = DEFINITIONAL_REPRESENTATION('',(#8150),#8154);
#8150 = LINE('',#8151,#8152);
#8151 = CARTESIAN_POINT('',(0.,0.));
#8152 = VECTOR('',#8153,1.);
#8153 = DIRECTION('',(1.,0.));
#8154 = ( GEOMETRIC_REPRESENTATION_CONTEXT(2) 
PARAMETRIC_REPRESENTATION_CONTEXT() REPRESENTATION_CONTEXT('2D SPACE',''
  ) );
#8155 = PCURVE('',#7984,#8156);
#8156 = DEFINITIONAL_REPRESENTATION('',(#8157),#8161);
#8157 = LINE('',#8158,#8159);
#8158 = CARTESIAN_POINT('',(0.8219921875,3.14400390625));
#8159 = VECTOR('',#8160,1.);
#8160 = DIRECTION('',(0.,-1.));
#8161 = ( GEOMETRIC_REPRESENTATION_CONTEXT(2) 
PARAMETRIC_REPRESENTATION_CONTEXT() REPRESENTATION_CONTEXT('2D SPACE',''
  ) );
#8162 = ORIENTED_EDGE('',*,*,#8067,.T.);
#8163 = ORIENTED_EDGE('',*,*,#3061,.F.);
#8164 = ORIENTED_EDGE('',*,*,#8165,.F.);
#8165 = EDGE_CURVE('',#8141,#3062,#8166,.T.);
#8166 = SURFACE_CURVE('',#8167,(#8171,#8178),.PCURVE_S1.);
#8167 = LINE('',#8168,#8169);
#8168 = CARTESIAN_POINT('',(70.889013671875,-42.80000030517,32.9));
#8169 = VECTOR('',#8170,1.);
#8170 = DIRECTION('',(0.,0.,1.));
#8171 = PCURVE('',#3076,#8172);
#8172 = DEFINITIONAL_REPRESENTATION('',(#8173),#8177);
#8173 = LINE('',#8174,#8175);
#8174 = CARTESIAN_POINT('',(0.44400390625,0.));
#8175 = VECTOR('',#8176,1.);
#8176 = DIRECTION('',(0.,-1.));
#8177 = ( GEOMETRIC_REPRESENTATION_CONTEXT(2) 
PARAMETRIC_REPRESENTATION_CONTEXT() REPRESENTATION_CONTEXT('2D SPACE',''
  ) );
#8178 = PCURVE('',#3111,#8179);
#8179 = DEFINITIONAL_REPRESENTATION('',(#8180),#8184);
#8180 = LINE('',#8181,#8182);
#8181 = CARTESIAN_POINT('',(0.,0.));
#8182 = VECTOR('',#8183,1.);
#8183 = DIRECTION('',(0.,-1.));
#8184 = ( GEOMETRIC_REPRESENTATION_CONTEXT(2) 
PARAMETRIC_REPRESENTATION_CONTEXT() REPRESENTATION_CONTEXT('2D SPACE',''
  ) );
#8185 = ADVANCED_FACE('',(#8186),#4023,.F.);
#8186 = FACE_BOUND('',#8187,.F.);
#8187 = EDGE_LOOP('',(#8188,#8211,#8232,#8233));
#8188 = ORIENTED_EDGE('',*,*,#8189,.F.);
#8189 = EDGE_CURVE('',#8190,#8092,#8192,.T.);
#8190 = VERTEX_POINT('',#8191);
#8191 = CARTESIAN_POINT('',(70.931025390625,-43.52599639892,32.9));
#8192 = SURFACE_CURVE('',#8193,(#8197,#8204),.PCURVE_S1.);
#8193 = LINE('',#8194,#8195);
#8194 = CARTESIAN_POINT('',(70.931025390625,-43.52599639892,32.9));
#8195 = VECTOR('',#8196,1.);
#8196 = DIRECTION('',(0.,-1.,0.));
#8197 = PCURVE('',#4023,#8198);
#8198 = DEFINITIONAL_REPRESENTATION('',(#8199),#8203);
#8199 = LINE('',#8200,#8201);
#8200 = CARTESIAN_POINT('',(0.,0.));
#8201 = VECTOR('',#8202,1.);
#8202 = DIRECTION('',(1.,0.));
#8203 = ( GEOMETRIC_REPRESENTATION_CONTEXT(2) 
PARAMETRIC_REPRESENTATION_CONTEXT() REPRESENTATION_CONTEXT('2D SPACE',''
  ) );
#8204 = PCURVE('',#7984,#8205);
#8205 = DEFINITIONAL_REPRESENTATION('',(#8206),#8210);
#8206 = LINE('',#8207,#8208);
#8207 = CARTESIAN_POINT('',(0.86400390625,1.97400390625));
#8208 = VECTOR('',#8209,1.);
#8209 = DIRECTION('',(0.,-1.));
#8210 = ( GEOMETRIC_REPRESENTATION_CONTEXT(2) 
PARAMETRIC_REPRESENTATION_CONTEXT() REPRESENTATION_CONTEXT('2D SPACE',''
  ) );
#8211 = ORIENTED_EDGE('',*,*,#8212,.T.);
#8212 = EDGE_CURVE('',#8190,#3958,#8213,.T.);
#8213 = SURFACE_CURVE('',#8214,(#8218,#8225),.PCURVE_S1.);
#8214 = LINE('',#8215,#8216);
#8215 = CARTESIAN_POINT('',(70.931025390625,-43.52599639892,32.9));
#8216 = VECTOR('',#8217,1.);
#8217 = DIRECTION('',(0.,0.,1.));
#8218 = PCURVE('',#4023,#8219);
#8219 = DEFINITIONAL_REPRESENTATION('',(#8220),#8224);
#8220 = LINE('',#8221,#8222);
#8221 = CARTESIAN_POINT('',(0.,0.));
#8222 = VECTOR('',#8223,1.);
#8223 = DIRECTION('',(0.,-1.));
#8224 = ( GEOMETRIC_REPRESENTATION_CONTEXT(2) 
PARAMETRIC_REPRESENTATION_CONTEXT() REPRESENTATION_CONTEXT('2D SPACE',''
  ) );
#8225 = PCURVE('',#3987,#8226);
#8226 = DEFINITIONAL_REPRESENTATION('',(#8227),#8231);
#8227 = LINE('',#8228,#8229);
#8228 = CARTESIAN_POINT('',(1.,0.));
#8229 = VECTOR('',#8230,1.);
#8230 = DIRECTION('',(0.,-1.));
#8231 = ( GEOMETRIC_REPRESENTATION_CONTEXT(2) 
PARAMETRIC_REPRESENTATION_CONTEXT() REPRESENTATION_CONTEXT('2D SPACE',''
  ) );
#8232 = ORIENTED_EDGE('',*,*,#4008,.F.);
#8233 = ORIENTED_EDGE('',*,*,#8114,.F.);
#8234 = ADVANCED_FACE('',(#8235),#3111,.F.);
#8235 = FACE_BOUND('',#8236,.F.);
#8236 = EDGE_LOOP('',(#8237,#8260,#8261,#8262));
#8237 = ORIENTED_EDGE('',*,*,#8238,.F.);
#8238 = EDGE_CURVE('',#8141,#8239,#8241,.T.);
#8239 = VERTEX_POINT('',#8240);
#8240 = CARTESIAN_POINT('',(71.318017578125,-42.3920022583,32.9));
#8241 = SURFACE_CURVE('',#8242,(#8246,#8253),.PCURVE_S1.);
#8242 = B_SPLINE_CURVE_WITH_KNOTS('',2,(#8243,#8244,#8245),
  .UNSPECIFIED.,.F.,.F.,(3,3),(0.,1.),.PIECEWISE_BEZIER_KNOTS.);
#8243 = CARTESIAN_POINT('',(70.889013671875,-42.80000030517,32.9));
#8244 = CARTESIAN_POINT('',(71.093017578125,-42.51800811767,32.9));
#8245 = CARTESIAN_POINT('',(71.318017578125,-42.3920022583,32.9));
#8246 = PCURVE('',#3111,#8247);
#8247 = DEFINITIONAL_REPRESENTATION('',(#8248),#8252);
#8248 = LINE('',#8249,#8250);
#8249 = CARTESIAN_POINT('',(0.,0.));
#8250 = VECTOR('',#8251,1.);
#8251 = DIRECTION('',(1.,0.));
#8252 = ( GEOMETRIC_REPRESENTATION_CONTEXT(2) 
PARAMETRIC_REPRESENTATION_CONTEXT() REPRESENTATION_CONTEXT('2D SPACE',''
  ) );
#8253 = PCURVE('',#7984,#8254);
#8254 = DEFINITIONAL_REPRESENTATION('',(#8255),#8259);
#8255 = B_SPLINE_CURVE_WITH_KNOTS('',2,(#8256,#8257,#8258),
  .UNSPECIFIED.,.F.,.F.,(3,3),(0.,1.),.PIECEWISE_BEZIER_KNOTS.);
#8256 = CARTESIAN_POINT('',(0.8219921875,2.7));
#8257 = CARTESIAN_POINT('',(1.02599609375,2.9819921875));
#8258 = CARTESIAN_POINT('',(1.25099609375,3.107998046875));
#8259 = ( GEOMETRIC_REPRESENTATION_CONTEXT(2) 
PARAMETRIC_REPRESENTATION_CONTEXT() REPRESENTATION_CONTEXT('2D SPACE',''
  ) );
#8260 = ORIENTED_EDGE('',*,*,#8165,.T.);
#8261 = ORIENTED_EDGE('',*,*,#3087,.F.);
#8262 = ORIENTED_EDGE('',*,*,#8263,.F.);
#8263 = EDGE_CURVE('',#8239,#3088,#8264,.T.);
#8264 = SURFACE_CURVE('',#8265,(#8269,#8276),.PCURVE_S1.);
#8265 = LINE('',#8266,#8267);
#8266 = CARTESIAN_POINT('',(71.318017578125,-42.3920022583,32.9));
#8267 = VECTOR('',#8268,1.);
#8268 = DIRECTION('',(0.,0.,1.));
#8269 = PCURVE('',#3111,#8270);
#8270 = DEFINITIONAL_REPRESENTATION('',(#8271),#8275);
#8271 = LINE('',#8272,#8273);
#8272 = CARTESIAN_POINT('',(1.,0.));
#8273 = VECTOR('',#8274,1.);
#8274 = DIRECTION('',(0.,-1.));
#8275 = ( GEOMETRIC_REPRESENTATION_CONTEXT(2) 
PARAMETRIC_REPRESENTATION_CONTEXT() REPRESENTATION_CONTEXT('2D SPACE',''
  ) );
#8276 = PCURVE('',#3151,#8277);
#8277 = DEFINITIONAL_REPRESENTATION('',(#8278),#8282);
#8278 = LINE('',#8279,#8280);
#8279 = CARTESIAN_POINT('',(0.,0.));
#8280 = VECTOR('',#8281,1.);
#8281 = DIRECTION('',(0.,-1.));
#8282 = ( GEOMETRIC_REPRESENTATION_CONTEXT(2) 
PARAMETRIC_REPRESENTATION_CONTEXT() REPRESENTATION_CONTEXT('2D SPACE',''
  ) );
#8283 = ADVANCED_FACE('',(#8284),#3987,.F.);
#8284 = FACE_BOUND('',#8285,.F.);
#8285 = EDGE_LOOP('',(#8286,#8309,#8330,#8331));
#8286 = ORIENTED_EDGE('',*,*,#8287,.F.);
#8287 = EDGE_CURVE('',#8288,#8190,#8290,.T.);
#8288 = VERTEX_POINT('',#8289);
#8289 = CARTESIAN_POINT('',(71.147021484375,-42.94400421142,32.9));
#8290 = SURFACE_CURVE('',#8291,(#8295,#8302),.PCURVE_S1.);
#8291 = B_SPLINE_CURVE_WITH_KNOTS('',2,(#8292,#8293,#8294),
  .UNSPECIFIED.,.F.,.F.,(3,3),(0.,1.),.PIECEWISE_BEZIER_KNOTS.);
#8292 = CARTESIAN_POINT('',(71.147021484375,-42.94400421142,32.9));
#8293 = CARTESIAN_POINT('',(70.931025390625,-43.18400421142,32.9));
#8294 = CARTESIAN_POINT('',(70.931025390625,-43.52599639892,32.9));
#8295 = PCURVE('',#3987,#8296);
#8296 = DEFINITIONAL_REPRESENTATION('',(#8297),#8301);
#8297 = LINE('',#8298,#8299);
#8298 = CARTESIAN_POINT('',(0.,0.));
#8299 = VECTOR('',#8300,1.);
#8300 = DIRECTION('',(1.,0.));
#8301 = ( GEOMETRIC_REPRESENTATION_CONTEXT(2) 
PARAMETRIC_REPRESENTATION_CONTEXT() REPRESENTATION_CONTEXT('2D SPACE',''
  ) );
#8302 = PCURVE('',#7984,#8303);
#8303 = DEFINITIONAL_REPRESENTATION('',(#8304),#8308);
#8304 = B_SPLINE_CURVE_WITH_KNOTS('',2,(#8305,#8306,#8307),
  .UNSPECIFIED.,.F.,.F.,(3,3),(0.,1.),.PIECEWISE_BEZIER_KNOTS.);
#8305 = CARTESIAN_POINT('',(1.08,2.55599609375));
#8306 = CARTESIAN_POINT('',(0.86400390625,2.31599609375));
#8307 = CARTESIAN_POINT('',(0.86400390625,1.97400390625));
#8308 = ( GEOMETRIC_REPRESENTATION_CONTEXT(2) 
PARAMETRIC_REPRESENTATION_CONTEXT() REPRESENTATION_CONTEXT('2D SPACE',''
  ) );
#8309 = ORIENTED_EDGE('',*,*,#8310,.T.);
#8310 = EDGE_CURVE('',#8288,#3907,#8311,.T.);
#8311 = SURFACE_CURVE('',#8312,(#8316,#8323),.PCURVE_S1.);
#8312 = LINE('',#8313,#8314);
#8313 = CARTESIAN_POINT('',(71.147021484375,-42.94400421142,32.9));
#8314 = VECTOR('',#8315,1.);
#8315 = DIRECTION('',(0.,0.,1.));
#8316 = PCURVE('',#3987,#8317);
#8317 = DEFINITIONAL_REPRESENTATION('',(#8318),#8322);
#8318 = LINE('',#8319,#8320);
#8319 = CARTESIAN_POINT('',(0.,0.));
#8320 = VECTOR('',#8321,1.);
#8321 = DIRECTION('',(0.,-1.));
#8322 = ( GEOMETRIC_REPRESENTATION_CONTEXT(2) 
PARAMETRIC_REPRESENTATION_CONTEXT() REPRESENTATION_CONTEXT('2D SPACE',''
  ) );
#8323 = PCURVE('',#3936,#8324);
#8324 = DEFINITIONAL_REPRESENTATION('',(#8325),#8329);
#8325 = LINE('',#8326,#8327);
#8326 = CARTESIAN_POINT('',(1.,0.));
#8327 = VECTOR('',#8328,1.);
#8328 = DIRECTION('',(0.,-1.));
#8329 = ( GEOMETRIC_REPRESENTATION_CONTEXT(2) 
PARAMETRIC_REPRESENTATION_CONTEXT() REPRESENTATION_CONTEXT('2D SPACE',''
  ) );
#8330 = ORIENTED_EDGE('',*,*,#3957,.F.);
#8331 = ORIENTED_EDGE('',*,*,#8212,.F.);
#8332 = ADVANCED_FACE('',(#8333),#3151,.F.);
#8333 = FACE_BOUND('',#8334,.F.);
#8334 = EDGE_LOOP('',(#8335,#8358,#8359,#8360));
#8335 = ORIENTED_EDGE('',*,*,#8336,.F.);
#8336 = EDGE_CURVE('',#8239,#8337,#8339,.T.);
#8337 = VERTEX_POINT('',#8338);
#8338 = CARTESIAN_POINT('',(71.855029296875,-42.26599639892,32.9));
#8339 = SURFACE_CURVE('',#8340,(#8344,#8351),.PCURVE_S1.);
#8340 = B_SPLINE_CURVE_WITH_KNOTS('',2,(#8341,#8342,#8343),
  .UNSPECIFIED.,.F.,.F.,(3,3),(0.,1.),.PIECEWISE_BEZIER_KNOTS.);
#8341 = CARTESIAN_POINT('',(71.318017578125,-42.3920022583,32.9));
#8342 = CARTESIAN_POINT('',(71.543017578125,-42.26599639892,32.9));
#8343 = CARTESIAN_POINT('',(71.855029296875,-42.26599639892,32.9));
#8344 = PCURVE('',#3151,#8345);
#8345 = DEFINITIONAL_REPRESENTATION('',(#8346),#8350);
#8346 = LINE('',#8347,#8348);
#8347 = CARTESIAN_POINT('',(0.,0.));
#8348 = VECTOR('',#8349,1.);
#8349 = DIRECTION('',(1.,0.));
#8350 = ( GEOMETRIC_REPRESENTATION_CONTEXT(2) 
PARAMETRIC_REPRESENTATION_CONTEXT() REPRESENTATION_CONTEXT('2D SPACE',''
  ) );
#8351 = PCURVE('',#7984,#8352);
#8352 = DEFINITIONAL_REPRESENTATION('',(#8353),#8357);
#8353 = B_SPLINE_CURVE_WITH_KNOTS('',2,(#8354,#8355,#8356),
  .UNSPECIFIED.,.F.,.F.,(3,3),(0.,1.),.PIECEWISE_BEZIER_KNOTS.);
#8354 = CARTESIAN_POINT('',(1.25099609375,3.107998046875));
#8355 = CARTESIAN_POINT('',(1.47599609375,3.23400390625));
#8356 = CARTESIAN_POINT('',(1.7880078125,3.23400390625));
#8357 = ( GEOMETRIC_REPRESENTATION_CONTEXT(2) 
PARAMETRIC_REPRESENTATION_CONTEXT() REPRESENTATION_CONTEXT('2D SPACE',''
  ) );
#8358 = ORIENTED_EDGE('',*,*,#8263,.T.);
#8359 = ORIENTED_EDGE('',*,*,#3129,.F.);
#8360 = ORIENTED_EDGE('',*,*,#8361,.F.);
#8361 = EDGE_CURVE('',#8337,#3130,#8362,.T.);
#8362 = SURFACE_CURVE('',#8363,(#8367,#8374),.PCURVE_S1.);
#8363 = LINE('',#8364,#8365);
#8364 = CARTESIAN_POINT('',(71.855029296875,-42.26599639892,32.9));
#8365 = VECTOR('',#8366,1.);
#8366 = DIRECTION('',(0.,0.,1.));
#8367 = PCURVE('',#3151,#8368);
#8368 = DEFINITIONAL_REPRESENTATION('',(#8369),#8373);
#8369 = LINE('',#8370,#8371);
#8370 = CARTESIAN_POINT('',(1.,0.));
#8371 = VECTOR('',#8372,1.);
#8372 = DIRECTION('',(0.,-1.));
#8373 = ( GEOMETRIC_REPRESENTATION_CONTEXT(2) 
PARAMETRIC_REPRESENTATION_CONTEXT() REPRESENTATION_CONTEXT('2D SPACE',''
  ) );
#8374 = PCURVE('',#3214,#8375);
#8375 = DEFINITIONAL_REPRESENTATION('',(#8376),#8380);
#8376 = LINE('',#8377,#8378);
#8377 = CARTESIAN_POINT('',(0.,0.));
#8378 = VECTOR('',#8379,1.);
#8379 = DIRECTION('',(0.,-1.));
#8380 = ( GEOMETRIC_REPRESENTATION_CONTEXT(2) 
PARAMETRIC_REPRESENTATION_CONTEXT() REPRESENTATION_CONTEXT('2D SPACE',''
  ) );
#8381 = ADVANCED_FACE('',(#8382),#3936,.F.);
#8382 = FACE_BOUND('',#8383,.F.);
#8383 = EDGE_LOOP('',(#8384,#8407,#8428,#8429));
#8384 = ORIENTED_EDGE('',*,*,#8385,.F.);
#8385 = EDGE_CURVE('',#8386,#8288,#8388,.T.);
#8386 = VERTEX_POINT('',#8387);
#8387 = CARTESIAN_POINT('',(71.669013671875,-42.70400421142,32.9));
#8388 = SURFACE_CURVE('',#8389,(#8393,#8400),.PCURVE_S1.);
#8389 = B_SPLINE_CURVE_WITH_KNOTS('',2,(#8390,#8391,#8392),
  .UNSPECIFIED.,.F.,.F.,(3,3),(0.,1.),.PIECEWISE_BEZIER_KNOTS.);
#8390 = CARTESIAN_POINT('',(71.669013671875,-42.70400421142,32.9));
#8391 = CARTESIAN_POINT('',(71.363017578125,-42.70400421142,32.9));
#8392 = CARTESIAN_POINT('',(71.147021484375,-42.94400421142,32.9));
#8393 = PCURVE('',#3936,#8394);
#8394 = DEFINITIONAL_REPRESENTATION('',(#8395),#8399);
#8395 = LINE('',#8396,#8397);
#8396 = CARTESIAN_POINT('',(0.,0.));
#8397 = VECTOR('',#8398,1.);
#8398 = DIRECTION('',(1.,0.));
#8399 = ( GEOMETRIC_REPRESENTATION_CONTEXT(2) 
PARAMETRIC_REPRESENTATION_CONTEXT() REPRESENTATION_CONTEXT('2D SPACE',''
  ) );
#8400 = PCURVE('',#7984,#8401);
#8401 = DEFINITIONAL_REPRESENTATION('',(#8402),#8406);
#8402 = B_SPLINE_CURVE_WITH_KNOTS('',2,(#8403,#8404,#8405),
  .UNSPECIFIED.,.F.,.F.,(3,3),(0.,1.),.PIECEWISE_BEZIER_KNOTS.);
#8403 = CARTESIAN_POINT('',(1.6019921875,2.79599609375));
#8404 = CARTESIAN_POINT('',(1.29599609375,2.79599609375));
#8405 = CARTESIAN_POINT('',(1.08,2.55599609375));
#8406 = ( GEOMETRIC_REPRESENTATION_CONTEXT(2) 
PARAMETRIC_REPRESENTATION_CONTEXT() REPRESENTATION_CONTEXT('2D SPACE',''
  ) );
#8407 = ORIENTED_EDGE('',*,*,#8408,.T.);
#8408 = EDGE_CURVE('',#8386,#3856,#8409,.T.);
#8409 = SURFACE_CURVE('',#8410,(#8414,#8421),.PCURVE_S1.);
#8410 = LINE('',#8411,#8412);
#8411 = CARTESIAN_POINT('',(71.669013671875,-42.70400421142,32.9));
#8412 = VECTOR('',#8413,1.);
#8413 = DIRECTION('',(0.,0.,1.));
#8414 = PCURVE('',#3936,#8415);
#8415 = DEFINITIONAL_REPRESENTATION('',(#8416),#8420);
#8416 = LINE('',#8417,#8418);
#8417 = CARTESIAN_POINT('',(0.,0.));
#8418 = VECTOR('',#8419,1.);
#8419 = DIRECTION('',(0.,-1.));
#8420 = ( GEOMETRIC_REPRESENTATION_CONTEXT(2) 
PARAMETRIC_REPRESENTATION_CONTEXT() REPRESENTATION_CONTEXT('2D SPACE',''
  ) );
#8421 = PCURVE('',#3885,#8422);
#8422 = DEFINITIONAL_REPRESENTATION('',(#8423),#8427);
#8423 = LINE('',#8424,#8425);
#8424 = CARTESIAN_POINT('',(1.,0.));
#8425 = VECTOR('',#8426,1.);
#8426 = DIRECTION('',(0.,-1.));
#8427 = ( GEOMETRIC_REPRESENTATION_CONTEXT(2) 
PARAMETRIC_REPRESENTATION_CONTEXT() REPRESENTATION_CONTEXT('2D SPACE',''
  ) );
#8428 = ORIENTED_EDGE('',*,*,#3906,.F.);
#8429 = ORIENTED_EDGE('',*,*,#8310,.F.);
#8430 = ADVANCED_FACE('',(#8431),#3214,.F.);
#8431 = FACE_BOUND('',#8432,.F.);
#8432 = EDGE_LOOP('',(#8433,#8456,#8457,#8458));
#8433 = ORIENTED_EDGE('',*,*,#8434,.F.);
#8434 = EDGE_CURVE('',#8337,#8435,#8437,.T.);
#8435 = VERTEX_POINT('',#8436);
#8436 = CARTESIAN_POINT('',(72.701025390625,-42.74599639892,32.9));
#8437 = SURFACE_CURVE('',#8438,(#8442,#8449),.PCURVE_S1.);
#8438 = B_SPLINE_CURVE_WITH_KNOTS('',2,(#8439,#8440,#8441),
  .UNSPECIFIED.,.F.,.F.,(3,3),(0.,1.),.PIECEWISE_BEZIER_KNOTS.);
#8439 = CARTESIAN_POINT('',(71.855029296875,-42.26599639892,32.9));
#8440 = CARTESIAN_POINT('',(72.437021484375,-42.26599639892,32.9));
#8441 = CARTESIAN_POINT('',(72.701025390625,-42.74599639892,32.9));
#8442 = PCURVE('',#3214,#8443);
#8443 = DEFINITIONAL_REPRESENTATION('',(#8444),#8448);
#8444 = LINE('',#8445,#8446);
#8445 = CARTESIAN_POINT('',(0.,0.));
#8446 = VECTOR('',#8447,1.);
#8447 = DIRECTION('',(1.,0.));
#8448 = ( GEOMETRIC_REPRESENTATION_CONTEXT(2) 
PARAMETRIC_REPRESENTATION_CONTEXT() REPRESENTATION_CONTEXT('2D SPACE',''
  ) );
#8449 = PCURVE('',#7984,#8450);
#8450 = DEFINITIONAL_REPRESENTATION('',(#8451),#8455);
#8451 = B_SPLINE_CURVE_WITH_KNOTS('',2,(#8452,#8453,#8454),
  .UNSPECIFIED.,.F.,.F.,(3,3),(0.,1.),.PIECEWISE_BEZIER_KNOTS.);
#8452 = CARTESIAN_POINT('',(1.7880078125,3.23400390625));
#8453 = CARTESIAN_POINT('',(2.37,3.23400390625));
#8454 = CARTESIAN_POINT('',(2.63400390625,2.75400390625));
#8455 = ( GEOMETRIC_REPRESENTATION_CONTEXT(2) 
PARAMETRIC_REPRESENTATION_CONTEXT() REPRESENTATION_CONTEXT('2D SPACE',''
  ) );
#8456 = ORIENTED_EDGE('',*,*,#8361,.T.);
#8457 = ORIENTED_EDGE('',*,*,#3168,.F.);
#8458 = ORIENTED_EDGE('',*,*,#8459,.F.);
#8459 = EDGE_CURVE('',#8435,#3169,#8460,.T.);
#8460 = SURFACE_CURVE('',#8461,(#8465,#8472),.PCURVE_S1.);
#8461 = LINE('',#8462,#8463);
#8462 = CARTESIAN_POINT('',(72.701025390625,-42.74599639892,32.9));
#8463 = VECTOR('',#8464,1.);
#8464 = DIRECTION('',(0.,0.,1.));
#8465 = PCURVE('',#3214,#8466);
#8466 = DEFINITIONAL_REPRESENTATION('',(#8467),#8471);
#8467 = LINE('',#8468,#8469);
#8468 = CARTESIAN_POINT('',(1.,0.));
#8469 = VECTOR('',#8470,1.);
#8470 = DIRECTION('',(0.,-1.));
#8471 = ( GEOMETRIC_REPRESENTATION_CONTEXT(2) 
PARAMETRIC_REPRESENTATION_CONTEXT() REPRESENTATION_CONTEXT('2D SPACE',''
  ) );
#8472 = PCURVE('',#3267,#8473);
#8473 = DEFINITIONAL_REPRESENTATION('',(#8474),#8478);
#8474 = LINE('',#8475,#8476);
#8475 = CARTESIAN_POINT('',(0.,0.));
#8476 = VECTOR('',#8477,1.);
#8477 = DIRECTION('',(0.,-1.));
#8478 = ( GEOMETRIC_REPRESENTATION_CONTEXT(2) 
PARAMETRIC_REPRESENTATION_CONTEXT() REPRESENTATION_CONTEXT('2D SPACE',''
  ) );
#8479 = ADVANCED_FACE('',(#8480),#3885,.F.);
#8480 = FACE_BOUND('',#8481,.F.);
#8481 = EDGE_LOOP('',(#8482,#8505,#8526,#8527));
#8482 = ORIENTED_EDGE('',*,*,#8483,.F.);
#8483 = EDGE_CURVE('',#8484,#8386,#8486,.T.);
#8484 = VERTEX_POINT('',#8485);
#8485 = CARTESIAN_POINT('',(72.09802734375,-42.86900421142,32.9));
#8486 = SURFACE_CURVE('',#8487,(#8491,#8498),.PCURVE_S1.);
#8487 = B_SPLINE_CURVE_WITH_KNOTS('',2,(#8488,#8489,#8490),
  .UNSPECIFIED.,.F.,.F.,(3,3),(0.,1.),.PIECEWISE_BEZIER_KNOTS.);
#8488 = CARTESIAN_POINT('',(72.09802734375,-42.86900421142,32.9));
#8489 = CARTESIAN_POINT('',(71.945029296875,-42.70400421142,32.9));
#8490 = CARTESIAN_POINT('',(71.669013671875,-42.70400421142,32.9));
#8491 = PCURVE('',#3885,#8492);
#8492 = DEFINITIONAL_REPRESENTATION('',(#8493),#8497);
#8493 = LINE('',#8494,#8495);
#8494 = CARTESIAN_POINT('',(0.,0.));
#8495 = VECTOR('',#8496,1.);
#8496 = DIRECTION('',(1.,0.));
#8497 = ( GEOMETRIC_REPRESENTATION_CONTEXT(2) 
PARAMETRIC_REPRESENTATION_CONTEXT() REPRESENTATION_CONTEXT('2D SPACE',''
  ) );
#8498 = PCURVE('',#7984,#8499);
#8499 = DEFINITIONAL_REPRESENTATION('',(#8500),#8504);
#8500 = B_SPLINE_CURVE_WITH_KNOTS('',2,(#8501,#8502,#8503),
  .UNSPECIFIED.,.F.,.F.,(3,3),(0.,1.),.PIECEWISE_BEZIER_KNOTS.);
#8501 = CARTESIAN_POINT('',(2.031005859375,2.63099609375));
#8502 = CARTESIAN_POINT('',(1.8780078125,2.79599609375));
#8503 = CARTESIAN_POINT('',(1.6019921875,2.79599609375));
#8504 = ( GEOMETRIC_REPRESENTATION_CONTEXT(2) 
PARAMETRIC_REPRESENTATION_CONTEXT() REPRESENTATION_CONTEXT('2D SPACE',''
  ) );
#8505 = ORIENTED_EDGE('',*,*,#8506,.T.);
#8506 = EDGE_CURVE('',#8484,#3805,#8507,.T.);
#8507 = SURFACE_CURVE('',#8508,(#8512,#8519),.PCURVE_S1.);
#8508 = LINE('',#8509,#8510);
#8509 = CARTESIAN_POINT('',(72.09802734375,-42.86900421142,32.9));
#8510 = VECTOR('',#8511,1.);
#8511 = DIRECTION('',(0.,0.,1.));
#8512 = PCURVE('',#3885,#8513);
#8513 = DEFINITIONAL_REPRESENTATION('',(#8514),#8518);
#8514 = LINE('',#8515,#8516);
#8515 = CARTESIAN_POINT('',(0.,0.));
#8516 = VECTOR('',#8517,1.);
#8517 = DIRECTION('',(0.,-1.));
#8518 = ( GEOMETRIC_REPRESENTATION_CONTEXT(2) 
PARAMETRIC_REPRESENTATION_CONTEXT() REPRESENTATION_CONTEXT('2D SPACE',''
  ) );
#8519 = PCURVE('',#3834,#8520);
#8520 = DEFINITIONAL_REPRESENTATION('',(#8521),#8525);
#8521 = LINE('',#8522,#8523);
#8522 = CARTESIAN_POINT('',(1.,0.));
#8523 = VECTOR('',#8524,1.);
#8524 = DIRECTION('',(0.,-1.));
#8525 = ( GEOMETRIC_REPRESENTATION_CONTEXT(2) 
PARAMETRIC_REPRESENTATION_CONTEXT() REPRESENTATION_CONTEXT('2D SPACE',''
  ) );
#8526 = ORIENTED_EDGE('',*,*,#3855,.F.);
#8527 = ORIENTED_EDGE('',*,*,#8408,.F.);
#8528 = ADVANCED_FACE('',(#8529),#3267,.F.);
#8529 = FACE_BOUND('',#8530,.F.);
#8530 = EDGE_LOOP('',(#8531,#8554,#8555,#8556));
#8531 = ORIENTED_EDGE('',*,*,#8532,.F.);
#8532 = EDGE_CURVE('',#8435,#8533,#8535,.T.);
#8533 = VERTEX_POINT('',#8534);
#8534 = CARTESIAN_POINT('',(73.1390234375,-42.3739944458,32.9));
#8535 = SURFACE_CURVE('',#8536,(#8540,#8547),.PCURVE_S1.);
#8536 = B_SPLINE_CURVE_WITH_KNOTS('',2,(#8537,#8538,#8539),
  .UNSPECIFIED.,.F.,.F.,(3,3),(0.,1.),.PIECEWISE_BEZIER_KNOTS.);
#8537 = CARTESIAN_POINT('',(72.701025390625,-42.74599639892,32.9));
#8538 = CARTESIAN_POINT('',(72.923017578125,-42.48199249267,32.9));
#8539 = CARTESIAN_POINT('',(73.1390234375,-42.3739944458,32.9));
#8540 = PCURVE('',#3267,#8541);
#8541 = DEFINITIONAL_REPRESENTATION('',(#8542),#8546);
#8542 = LINE('',#8543,#8544);
#8543 = CARTESIAN_POINT('',(0.,0.));
#8544 = VECTOR('',#8545,1.);
#8545 = DIRECTION('',(1.,0.));
#8546 = ( GEOMETRIC_REPRESENTATION_CONTEXT(2) 
PARAMETRIC_REPRESENTATION_CONTEXT() REPRESENTATION_CONTEXT('2D SPACE',''
  ) );
#8547 = PCURVE('',#7984,#8548);
#8548 = DEFINITIONAL_REPRESENTATION('',(#8549),#8553);
#8549 = B_SPLINE_CURVE_WITH_KNOTS('',2,(#8550,#8551,#8552),
  .UNSPECIFIED.,.F.,.F.,(3,3),(0.,1.),.PIECEWISE_BEZIER_KNOTS.);
#8550 = CARTESIAN_POINT('',(2.63400390625,2.75400390625));
#8551 = CARTESIAN_POINT('',(2.85599609375,3.0180078125));
#8552 = CARTESIAN_POINT('',(3.072001953125,3.126005859375));
#8553 = ( GEOMETRIC_REPRESENTATION_CONTEXT(2) 
PARAMETRIC_REPRESENTATION_CONTEXT() REPRESENTATION_CONTEXT('2D SPACE',''
  ) );
#8554 = ORIENTED_EDGE('',*,*,#8459,.T.);
#8555 = ORIENTED_EDGE('',*,*,#3243,.F.);
#8556 = ORIENTED_EDGE('',*,*,#8557,.F.);
#8557 = EDGE_CURVE('',#8533,#3244,#8558,.T.);
#8558 = SURFACE_CURVE('',#8559,(#8563,#8570),.PCURVE_S1.);
#8559 = LINE('',#8560,#8561);
#8560 = CARTESIAN_POINT('',(73.1390234375,-42.3739944458,32.9));
#8561 = VECTOR('',#8562,1.);
#8562 = DIRECTION('',(0.,0.,1.));
#8563 = PCURVE('',#3267,#8564);
#8564 = DEFINITIONAL_REPRESENTATION('',(#8565),#8569);
#8565 = LINE('',#8566,#8567);
#8566 = CARTESIAN_POINT('',(1.,0.));
#8567 = VECTOR('',#8568,1.);
#8568 = DIRECTION('',(0.,-1.));
#8569 = ( GEOMETRIC_REPRESENTATION_CONTEXT(2) 
PARAMETRIC_REPRESENTATION_CONTEXT() REPRESENTATION_CONTEXT('2D SPACE',''
  ) );
#8570 = PCURVE('',#3307,#8571);
#8571 = DEFINITIONAL_REPRESENTATION('',(#8572),#8576);
#8572 = LINE('',#8573,#8574);
#8573 = CARTESIAN_POINT('',(0.,0.));
#8574 = VECTOR('',#8575,1.);
#8575 = DIRECTION('',(0.,-1.));
#8576 = ( GEOMETRIC_REPRESENTATION_CONTEXT(2) 
PARAMETRIC_REPRESENTATION_CONTEXT() REPRESENTATION_CONTEXT('2D SPACE',''
  ) );
#8577 = ADVANCED_FACE('',(#8578),#3834,.F.);
#8578 = FACE_BOUND('',#8579,.F.);
#8579 = EDGE_LOOP('',(#8580,#8603,#8624,#8625));
#8580 = ORIENTED_EDGE('',*,*,#8581,.F.);
#8581 = EDGE_CURVE('',#8582,#8484,#8584,.T.);
#8582 = VERTEX_POINT('',#8583);
#8583 = CARTESIAN_POINT('',(72.251025390625,-43.33400421142,32.9));
#8584 = SURFACE_CURVE('',#8585,(#8589,#8596),.PCURVE_S1.);
#8585 = B_SPLINE_CURVE_WITH_KNOTS('',2,(#8586,#8587,#8588),
  .UNSPECIFIED.,.F.,.F.,(3,3),(0.,1.),.PIECEWISE_BEZIER_KNOTS.);
#8586 = CARTESIAN_POINT('',(72.251025390625,-43.33400421142,32.9));
#8587 = CARTESIAN_POINT('',(72.251025390625,-43.03400421142,32.9));
#8588 = CARTESIAN_POINT('',(72.09802734375,-42.86900421142,32.9));
#8589 = PCURVE('',#3834,#8590);
#8590 = DEFINITIONAL_REPRESENTATION('',(#8591),#8595);
#8591 = LINE('',#8592,#8593);
#8592 = CARTESIAN_POINT('',(0.,0.));
#8593 = VECTOR('',#8594,1.);
#8594 = DIRECTION('',(1.,0.));
#8595 = ( GEOMETRIC_REPRESENTATION_CONTEXT(2) 
PARAMETRIC_REPRESENTATION_CONTEXT() REPRESENTATION_CONTEXT('2D SPACE',''
  ) );
#8596 = PCURVE('',#7984,#8597);
#8597 = DEFINITIONAL_REPRESENTATION('',(#8598),#8602);
#8598 = B_SPLINE_CURVE_WITH_KNOTS('',2,(#8599,#8600,#8601),
  .UNSPECIFIED.,.F.,.F.,(3,3),(0.,1.),.PIECEWISE_BEZIER_KNOTS.);
#8599 = CARTESIAN_POINT('',(2.18400390625,2.16599609375));
#8600 = CARTESIAN_POINT('',(2.18400390625,2.46599609375));
#8601 = CARTESIAN_POINT('',(2.031005859375,2.63099609375));
#8602 = ( GEOMETRIC_REPRESENTATION_CONTEXT(2) 
PARAMETRIC_REPRESENTATION_CONTEXT() REPRESENTATION_CONTEXT('2D SPACE',''
  ) );
#8603 = ORIENTED_EDGE('',*,*,#8604,.T.);
#8604 = EDGE_CURVE('',#8582,#3779,#8605,.T.);
#8605 = SURFACE_CURVE('',#8606,(#8610,#8617),.PCURVE_S1.);
#8606 = LINE('',#8607,#8608);
#8607 = CARTESIAN_POINT('',(72.251025390625,-43.33400421142,32.9));
#8608 = VECTOR('',#8609,1.);
#8609 = DIRECTION('',(0.,0.,1.));
#8610 = PCURVE('',#3834,#8611);
#8611 = DEFINITIONAL_REPRESENTATION('',(#8612),#8616);
#8612 = LINE('',#8613,#8614);
#8613 = CARTESIAN_POINT('',(0.,0.));
#8614 = VECTOR('',#8615,1.);
#8615 = DIRECTION('',(0.,-1.));
#8616 = ( GEOMETRIC_REPRESENTATION_CONTEXT(2) 
PARAMETRIC_REPRESENTATION_CONTEXT() REPRESENTATION_CONTEXT('2D SPACE',''
  ) );
#8617 = PCURVE('',#3793,#8618);
#8618 = DEFINITIONAL_REPRESENTATION('',(#8619),#8623);
#8619 = LINE('',#8620,#8621);
#8620 = CARTESIAN_POINT('',(2.16599609375,0.));
#8621 = VECTOR('',#8622,1.);
#8622 = DIRECTION('',(0.,-1.));
#8623 = ( GEOMETRIC_REPRESENTATION_CONTEXT(2) 
PARAMETRIC_REPRESENTATION_CONTEXT() REPRESENTATION_CONTEXT('2D SPACE',''
  ) );
#8624 = ORIENTED_EDGE('',*,*,#3804,.F.);
#8625 = ORIENTED_EDGE('',*,*,#8506,.F.);
#8626 = ADVANCED_FACE('',(#8627),#3307,.F.);
#8627 = FACE_BOUND('',#8628,.F.);
#8628 = EDGE_LOOP('',(#8629,#8652,#8653,#8654));
#8629 = ORIENTED_EDGE('',*,*,#8630,.F.);
#8630 = EDGE_CURVE('',#8533,#8631,#8633,.T.);
#8631 = VERTEX_POINT('',#8632);
#8632 = CARTESIAN_POINT('',(73.667021484375,-42.26599639892,32.9));
#8633 = SURFACE_CURVE('',#8634,(#8638,#8645),.PCURVE_S1.);
#8634 = B_SPLINE_CURVE_WITH_KNOTS('',2,(#8635,#8636,#8637),
  .UNSPECIFIED.,.F.,.F.,(3,3),(0.,1.),.PIECEWISE_BEZIER_KNOTS.);
#8635 = CARTESIAN_POINT('',(73.1390234375,-42.3739944458,32.9));
#8636 = CARTESIAN_POINT('',(73.355029296875,-42.26599639892,32.9));
#8637 = CARTESIAN_POINT('',(73.667021484375,-42.26599639892,32.9));
#8638 = PCURVE('',#3307,#8639);
#8639 = DEFINITIONAL_REPRESENTATION('',(#8640),#8644);
#8640 = LINE('',#8641,#8642);
#8641 = CARTESIAN_POINT('',(0.,0.));
#8642 = VECTOR('',#8643,1.);
#8643 = DIRECTION('',(1.,0.));
#8644 = ( GEOMETRIC_REPRESENTATION_CONTEXT(2) 
PARAMETRIC_REPRESENTATION_CONTEXT() REPRESENTATION_CONTEXT('2D SPACE',''
  ) );
#8645 = PCURVE('',#7984,#8646);
#8646 = DEFINITIONAL_REPRESENTATION('',(#8647),#8651);
#8647 = B_SPLINE_CURVE_WITH_KNOTS('',2,(#8648,#8649,#8650),
  .UNSPECIFIED.,.F.,.F.,(3,3),(0.,1.),.PIECEWISE_BEZIER_KNOTS.);
#8648 = CARTESIAN_POINT('',(3.072001953125,3.126005859375));
#8649 = CARTESIAN_POINT('',(3.2880078125,3.23400390625));
#8650 = CARTESIAN_POINT('',(3.6,3.23400390625));
#8651 = ( GEOMETRIC_REPRESENTATION_CONTEXT(2) 
PARAMETRIC_REPRESENTATION_CONTEXT() REPRESENTATION_CONTEXT('2D SPACE',''
  ) );
#8652 = ORIENTED_EDGE('',*,*,#8557,.T.);
#8653 = ORIENTED_EDGE('',*,*,#3285,.F.);
#8654 = ORIENTED_EDGE('',*,*,#8655,.F.);
#8655 = EDGE_CURVE('',#8631,#3286,#8656,.T.);
#8656 = SURFACE_CURVE('',#8657,(#8661,#8668),.PCURVE_S1.);
#8657 = LINE('',#8658,#8659);
#8658 = CARTESIAN_POINT('',(73.667021484375,-42.26599639892,32.9));
#8659 = VECTOR('',#8660,1.);
#8660 = DIRECTION('',(0.,0.,1.));
#8661 = PCURVE('',#3307,#8662);
#8662 = DEFINITIONAL_REPRESENTATION('',(#8663),#8667);
#8663 = LINE('',#8664,#8665);
#8664 = CARTESIAN_POINT('',(1.,0.));
#8665 = VECTOR('',#8666,1.);
#8666 = DIRECTION('',(0.,-1.));
#8667 = ( GEOMETRIC_REPRESENTATION_CONTEXT(2) 
PARAMETRIC_REPRESENTATION_CONTEXT() REPRESENTATION_CONTEXT('2D SPACE',''
  ) );
#8668 = PCURVE('',#3362,#8669);
#8669 = DEFINITIONAL_REPRESENTATION('',(#8670),#8674);
#8670 = LINE('',#8671,#8672);
#8671 = CARTESIAN_POINT('',(0.,0.));
#8672 = VECTOR('',#8673,1.);
#8673 = DIRECTION('',(0.,-1.));
#8674 = ( GEOMETRIC_REPRESENTATION_CONTEXT(2) 
PARAMETRIC_REPRESENTATION_CONTEXT() REPRESENTATION_CONTEXT('2D SPACE',''
  ) );
#8675 = ADVANCED_FACE('',(#8676),#3793,.F.);
#8676 = FACE_BOUND('',#8677,.F.);
#8677 = EDGE_LOOP('',(#8678,#8701,#8722,#8723));
#8678 = ORIENTED_EDGE('',*,*,#8679,.F.);
#8679 = EDGE_CURVE('',#8680,#8582,#8682,.T.);
#8680 = VERTEX_POINT('',#8681);
#8681 = CARTESIAN_POINT('',(72.251025390625,-45.50000030517,32.9));
#8682 = SURFACE_CURVE('',#8683,(#8687,#8694),.PCURVE_S1.);
#8683 = LINE('',#8684,#8685);
#8684 = CARTESIAN_POINT('',(72.251025390625,-45.50000030517,32.9));
#8685 = VECTOR('',#8686,1.);
#8686 = DIRECTION('',(0.,1.,0.));
#8687 = PCURVE('',#3793,#8688);
#8688 = DEFINITIONAL_REPRESENTATION('',(#8689),#8693);
#8689 = LINE('',#8690,#8691);
#8690 = CARTESIAN_POINT('',(0.,0.));
#8691 = VECTOR('',#8692,1.);
#8692 = DIRECTION('',(1.,0.));
#8693 = ( GEOMETRIC_REPRESENTATION_CONTEXT(2) 
PARAMETRIC_REPRESENTATION_CONTEXT() REPRESENTATION_CONTEXT('2D SPACE',''
  ) );
#8694 = PCURVE('',#7984,#8695);
#8695 = DEFINITIONAL_REPRESENTATION('',(#8696),#8700);
#8696 = LINE('',#8697,#8698);
#8697 = CARTESIAN_POINT('',(2.18400390625,0.));
#8698 = VECTOR('',#8699,1.);
#8699 = DIRECTION('',(0.,1.));
#8700 = ( GEOMETRIC_REPRESENTATION_CONTEXT(2) 
PARAMETRIC_REPRESENTATION_CONTEXT() REPRESENTATION_CONTEXT('2D SPACE',''
  ) );
#8701 = ORIENTED_EDGE('',*,*,#8702,.T.);
#8702 = EDGE_CURVE('',#8680,#3753,#8703,.T.);
#8703 = SURFACE_CURVE('',#8704,(#8708,#8715),.PCURVE_S1.);
#8704 = LINE('',#8705,#8706);
#8705 = CARTESIAN_POINT('',(72.251025390625,-45.50000030517,32.9));
#8706 = VECTOR('',#8707,1.);
#8707 = DIRECTION('',(0.,0.,1.));
#8708 = PCURVE('',#3793,#8709);
#8709 = DEFINITIONAL_REPRESENTATION('',(#8710),#8714);
#8710 = LINE('',#8711,#8712);
#8711 = CARTESIAN_POINT('',(0.,0.));
#8712 = VECTOR('',#8713,1.);
#8713 = DIRECTION('',(0.,-1.));
#8714 = ( GEOMETRIC_REPRESENTATION_CONTEXT(2) 
PARAMETRIC_REPRESENTATION_CONTEXT() REPRESENTATION_CONTEXT('2D SPACE',''
  ) );
#8715 = PCURVE('',#3767,#8716);
#8716 = DEFINITIONAL_REPRESENTATION('',(#8717),#8721);
#8717 = LINE('',#8718,#8719);
#8718 = CARTESIAN_POINT('',(0.50400390625,0.));
#8719 = VECTOR('',#8720,1.);
#8720 = DIRECTION('',(0.,-1.));
#8721 = ( GEOMETRIC_REPRESENTATION_CONTEXT(2) 
PARAMETRIC_REPRESENTATION_CONTEXT() REPRESENTATION_CONTEXT('2D SPACE',''
  ) );
#8722 = ORIENTED_EDGE('',*,*,#3778,.F.);
#8723 = ORIENTED_EDGE('',*,*,#8604,.F.);
#8724 = ADVANCED_FACE('',(#8725),#3362,.F.);
#8725 = FACE_BOUND('',#8726,.F.);
#8726 = EDGE_LOOP('',(#8727,#8750,#8751,#8752));
#8727 = ORIENTED_EDGE('',*,*,#8728,.F.);
#8728 = EDGE_CURVE('',#8631,#8729,#8731,.T.);
#8729 = VERTEX_POINT('',#8730);
#8730 = CARTESIAN_POINT('',(74.342021484375,-42.49099639892,32.9));
#8731 = SURFACE_CURVE('',#8732,(#8736,#8743),.PCURVE_S1.);
#8732 = B_SPLINE_CURVE_WITH_KNOTS('',2,(#8733,#8734,#8735),
  .UNSPECIFIED.,.F.,.F.,(3,3),(0.,1.),.PIECEWISE_BEZIER_KNOTS.);
#8733 = CARTESIAN_POINT('',(73.667021484375,-42.26599639892,32.9));
#8734 = CARTESIAN_POINT('',(74.105029296875,-42.26599639892,32.9));
#8735 = CARTESIAN_POINT('',(74.342021484375,-42.49099639892,32.9));
#8736 = PCURVE('',#3362,#8737);
#8737 = DEFINITIONAL_REPRESENTATION('',(#8738),#8742);
#8738 = LINE('',#8739,#8740);
#8739 = CARTESIAN_POINT('',(0.,0.));
#8740 = VECTOR('',#8741,1.);
#8741 = DIRECTION('',(1.,0.));
#8742 = ( GEOMETRIC_REPRESENTATION_CONTEXT(2) 
PARAMETRIC_REPRESENTATION_CONTEXT() REPRESENTATION_CONTEXT('2D SPACE',''
  ) );
#8743 = PCURVE('',#7984,#8744);
#8744 = DEFINITIONAL_REPRESENTATION('',(#8745),#8749);
#8745 = B_SPLINE_CURVE_WITH_KNOTS('',2,(#8746,#8747,#8748),
  .UNSPECIFIED.,.F.,.F.,(3,3),(0.,1.),.PIECEWISE_BEZIER_KNOTS.);
#8746 = CARTESIAN_POINT('',(3.6,3.23400390625));
#8747 = CARTESIAN_POINT('',(4.0380078125,3.23400390625));
#8748 = CARTESIAN_POINT('',(4.275,3.00900390625));
#8749 = ( GEOMETRIC_REPRESENTATION_CONTEXT(2) 
PARAMETRIC_REPRESENTATION_CONTEXT() REPRESENTATION_CONTEXT('2D SPACE',''
  ) );
#8750 = ORIENTED_EDGE('',*,*,#8655,.T.);
#8751 = ORIENTED_EDGE('',*,*,#3324,.F.);
#8752 = ORIENTED_EDGE('',*,*,#8753,.F.);
#8753 = EDGE_CURVE('',#8729,#3325,#8754,.T.);
#8754 = SURFACE_CURVE('',#8755,(#8759,#8766),.PCURVE_S1.);
#8755 = LINE('',#8756,#8757);
#8756 = CARTESIAN_POINT('',(74.342021484375,-42.49099639892,32.9));
#8757 = VECTOR('',#8758,1.);
#8758 = DIRECTION('',(0.,0.,1.));
#8759 = PCURVE('',#3362,#8760);
#8760 = DEFINITIONAL_REPRESENTATION('',(#8761),#8765);
#8761 = LINE('',#8762,#8763);
#8762 = CARTESIAN_POINT('',(1.,0.));
#8763 = VECTOR('',#8764,1.);
#8764 = DIRECTION('',(0.,-1.));
#8765 = ( GEOMETRIC_REPRESENTATION_CONTEXT(2) 
PARAMETRIC_REPRESENTATION_CONTEXT() REPRESENTATION_CONTEXT('2D SPACE',''
  ) );
#8766 = PCURVE('',#3421,#8767);
#8767 = DEFINITIONAL_REPRESENTATION('',(#8768),#8772);
#8768 = LINE('',#8769,#8770);
#8769 = CARTESIAN_POINT('',(0.,0.));
#8770 = VECTOR('',#8771,1.);
#8771 = DIRECTION('',(0.,-1.));
#8772 = ( GEOMETRIC_REPRESENTATION_CONTEXT(2) 
PARAMETRIC_REPRESENTATION_CONTEXT() REPRESENTATION_CONTEXT('2D SPACE',''
  ) );
#8773 = ADVANCED_FACE('',(#8774),#3767,.F.);
#8774 = FACE_BOUND('',#8775,.F.);
#8775 = EDGE_LOOP('',(#8776,#8799,#8820,#8821));
#8776 = ORIENTED_EDGE('',*,*,#8777,.F.);
#8777 = EDGE_CURVE('',#8778,#8680,#8780,.T.);
#8778 = VERTEX_POINT('',#8779);
#8779 = CARTESIAN_POINT('',(72.755029296875,-45.50000030517,32.9));
#8780 = SURFACE_CURVE('',#8781,(#8785,#8792),.PCURVE_S1.);
#8781 = LINE('',#8782,#8783);
#8782 = CARTESIAN_POINT('',(72.755029296875,-45.50000030517,32.9));
#8783 = VECTOR('',#8784,1.);
#8784 = DIRECTION('',(-1.,0.,0.));
#8785 = PCURVE('',#3767,#8786);
#8786 = DEFINITIONAL_REPRESENTATION('',(#8787),#8791);
#8787 = LINE('',#8788,#8789);
#8788 = CARTESIAN_POINT('',(0.,-0.));
#8789 = VECTOR('',#8790,1.);
#8790 = DIRECTION('',(1.,0.));
#8791 = ( GEOMETRIC_REPRESENTATION_CONTEXT(2) 
PARAMETRIC_REPRESENTATION_CONTEXT() REPRESENTATION_CONTEXT('2D SPACE',''
  ) );
#8792 = PCURVE('',#7984,#8793);
#8793 = DEFINITIONAL_REPRESENTATION('',(#8794),#8798);
#8794 = LINE('',#8795,#8796);
#8795 = CARTESIAN_POINT('',(2.6880078125,0.));
#8796 = VECTOR('',#8797,1.);
#8797 = DIRECTION('',(-1.,0.));
#8798 = ( GEOMETRIC_REPRESENTATION_CONTEXT(2) 
PARAMETRIC_REPRESENTATION_CONTEXT() REPRESENTATION_CONTEXT('2D SPACE',''
  ) );
#8799 = ORIENTED_EDGE('',*,*,#8800,.T.);
#8800 = EDGE_CURVE('',#8778,#3727,#8801,.T.);
#8801 = SURFACE_CURVE('',#8802,(#8806,#8813),.PCURVE_S1.);
#8802 = LINE('',#8803,#8804);
#8803 = CARTESIAN_POINT('',(72.755029296875,-45.50000030517,32.9));
#8804 = VECTOR('',#8805,1.);
#8805 = DIRECTION('',(0.,0.,1.));
#8806 = PCURVE('',#3767,#8807);
#8807 = DEFINITIONAL_REPRESENTATION('',(#8808),#8812);
#8808 = LINE('',#8809,#8810);
#8809 = CARTESIAN_POINT('',(0.,-0.));
#8810 = VECTOR('',#8811,1.);
#8811 = DIRECTION('',(0.,-1.));
#8812 = ( GEOMETRIC_REPRESENTATION_CONTEXT(2) 
PARAMETRIC_REPRESENTATION_CONTEXT() REPRESENTATION_CONTEXT('2D SPACE',''
  ) );
#8813 = PCURVE('',#3741,#8814);
#8814 = DEFINITIONAL_REPRESENTATION('',(#8815),#8819);
#8815 = LINE('',#8816,#8817);
#8816 = CARTESIAN_POINT('',(1.97400390625,0.));
#8817 = VECTOR('',#8818,1.);
#8818 = DIRECTION('',(0.,-1.));
#8819 = ( GEOMETRIC_REPRESENTATION_CONTEXT(2) 
PARAMETRIC_REPRESENTATION_CONTEXT() REPRESENTATION_CONTEXT('2D SPACE',''
  ) );
#8820 = ORIENTED_EDGE('',*,*,#3752,.F.);
#8821 = ORIENTED_EDGE('',*,*,#8702,.F.);
#8822 = ADVANCED_FACE('',(#8823),#3421,.F.);
#8823 = FACE_BOUND('',#8824,.F.);
#8824 = EDGE_LOOP('',(#8825,#8848,#8849,#8850));
#8825 = ORIENTED_EDGE('',*,*,#8826,.F.);
#8826 = EDGE_CURVE('',#8729,#8827,#8829,.T.);
#8827 = VERTEX_POINT('',#8828);
#8828 = CARTESIAN_POINT('',(74.579013671875,-43.14199249267,32.9));
#8829 = SURFACE_CURVE('',#8830,(#8834,#8841),.PCURVE_S1.);
#8830 = B_SPLINE_CURVE_WITH_KNOTS('',2,(#8831,#8832,#8833),
  .UNSPECIFIED.,.F.,.F.,(3,3),(0.,1.),.PIECEWISE_BEZIER_KNOTS.);
#8831 = CARTESIAN_POINT('',(74.342021484375,-42.49099639892,32.9));
#8832 = CARTESIAN_POINT('',(74.579013671875,-42.71599639892,32.9));
#8833 = CARTESIAN_POINT('',(74.579013671875,-43.14199249267,32.9));
#8834 = PCURVE('',#3421,#8835);
#8835 = DEFINITIONAL_REPRESENTATION('',(#8836),#8840);
#8836 = LINE('',#8837,#8838);
#8837 = CARTESIAN_POINT('',(0.,0.));
#8838 = VECTOR('',#8839,1.);
#8839 = DIRECTION('',(1.,0.));
#8840 = ( GEOMETRIC_REPRESENTATION_CONTEXT(2) 
PARAMETRIC_REPRESENTATION_CONTEXT() REPRESENTATION_CONTEXT('2D SPACE',''
  ) );
#8841 = PCURVE('',#7984,#8842);
#8842 = DEFINITIONAL_REPRESENTATION('',(#8843),#8847);
#8843 = B_SPLINE_CURVE_WITH_KNOTS('',2,(#8844,#8845,#8846),
  .UNSPECIFIED.,.F.,.F.,(3,3),(0.,1.),.PIECEWISE_BEZIER_KNOTS.);
#8844 = CARTESIAN_POINT('',(4.275,3.00900390625));
#8845 = CARTESIAN_POINT('',(4.5119921875,2.78400390625));
#8846 = CARTESIAN_POINT('',(4.5119921875,2.3580078125));
#8847 = ( GEOMETRIC_REPRESENTATION_CONTEXT(2) 
PARAMETRIC_REPRESENTATION_CONTEXT() REPRESENTATION_CONTEXT('2D SPACE',''
  ) );
#8848 = ORIENTED_EDGE('',*,*,#8753,.T.);
#8849 = ORIENTED_EDGE('',*,*,#3387,.F.);
#8850 = ORIENTED_EDGE('',*,*,#8851,.F.);
#8851 = EDGE_CURVE('',#8827,#3388,#8852,.T.);
#8852 = SURFACE_CURVE('',#8853,(#8857,#8864),.PCURVE_S1.);
#8853 = LINE('',#8854,#8855);
#8854 = CARTESIAN_POINT('',(74.579013671875,-43.14199249267,32.9));
#8855 = VECTOR('',#8856,1.);
#8856 = DIRECTION('',(0.,0.,1.));
#8857 = PCURVE('',#3421,#8858);
#8858 = DEFINITIONAL_REPRESENTATION('',(#8859),#8863);
#8859 = LINE('',#8860,#8861);
#8860 = CARTESIAN_POINT('',(1.,0.));
#8861 = VECTOR('',#8862,1.);
#8862 = DIRECTION('',(0.,-1.));
#8863 = ( GEOMETRIC_REPRESENTATION_CONTEXT(2) 
PARAMETRIC_REPRESENTATION_CONTEXT() REPRESENTATION_CONTEXT('2D SPACE',''
  ) );
#8864 = PCURVE('',#3459,#8865);
#8865 = DEFINITIONAL_REPRESENTATION('',(#8866),#8870);
#8866 = LINE('',#8867,#8868);
#8867 = CARTESIAN_POINT('',(0.,0.));
#8868 = VECTOR('',#8869,1.);
#8869 = DIRECTION('',(0.,-1.));
#8870 = ( GEOMETRIC_REPRESENTATION_CONTEXT(2) 
PARAMETRIC_REPRESENTATION_CONTEXT() REPRESENTATION_CONTEXT('2D SPACE',''
  ) );
#8871 = ADVANCED_FACE('',(#8872),#3741,.F.);
#8872 = FACE_BOUND('',#8873,.F.);
#8873 = EDGE_LOOP('',(#8874,#8897,#8918,#8919));
#8874 = ORIENTED_EDGE('',*,*,#8875,.F.);
#8875 = EDGE_CURVE('',#8876,#8778,#8878,.T.);
#8876 = VERTEX_POINT('',#8877);
#8877 = CARTESIAN_POINT('',(72.755029296875,-43.52599639892,32.9));
#8878 = SURFACE_CURVE('',#8879,(#8883,#8890),.PCURVE_S1.);
#8879 = LINE('',#8880,#8881);
#8880 = CARTESIAN_POINT('',(72.755029296875,-43.52599639892,32.9));
#8881 = VECTOR('',#8882,1.);
#8882 = DIRECTION('',(0.,-1.,0.));
#8883 = PCURVE('',#3741,#8884);
#8884 = DEFINITIONAL_REPRESENTATION('',(#8885),#8889);
#8885 = LINE('',#8886,#8887);
#8886 = CARTESIAN_POINT('',(0.,0.));
#8887 = VECTOR('',#8888,1.);
#8888 = DIRECTION('',(1.,0.));
#8889 = ( GEOMETRIC_REPRESENTATION_CONTEXT(2) 
PARAMETRIC_REPRESENTATION_CONTEXT() REPRESENTATION_CONTEXT('2D SPACE',''
  ) );
#8890 = PCURVE('',#7984,#8891);
#8891 = DEFINITIONAL_REPRESENTATION('',(#8892),#8896);
#8892 = LINE('',#8893,#8894);
#8893 = CARTESIAN_POINT('',(2.6880078125,1.97400390625));
#8894 = VECTOR('',#8895,1.);
#8895 = DIRECTION('',(0.,-1.));
#8896 = ( GEOMETRIC_REPRESENTATION_CONTEXT(2) 
PARAMETRIC_REPRESENTATION_CONTEXT() REPRESENTATION_CONTEXT('2D SPACE',''
  ) );
#8897 = ORIENTED_EDGE('',*,*,#8898,.T.);
#8898 = EDGE_CURVE('',#8876,#3676,#8899,.T.);
#8899 = SURFACE_CURVE('',#8900,(#8904,#8911),.PCURVE_S1.);
#8900 = LINE('',#8901,#8902);
#8901 = CARTESIAN_POINT('',(72.755029296875,-43.52599639892,32.9));
#8902 = VECTOR('',#8903,1.);
#8903 = DIRECTION('',(0.,0.,1.));
#8904 = PCURVE('',#3741,#8905);
#8905 = DEFINITIONAL_REPRESENTATION('',(#8906),#8910);
#8906 = LINE('',#8907,#8908);
#8907 = CARTESIAN_POINT('',(0.,0.));
#8908 = VECTOR('',#8909,1.);
#8909 = DIRECTION('',(0.,-1.));
#8910 = ( GEOMETRIC_REPRESENTATION_CONTEXT(2) 
PARAMETRIC_REPRESENTATION_CONTEXT() REPRESENTATION_CONTEXT('2D SPACE',''
  ) );
#8911 = PCURVE('',#3705,#8912);
#8912 = DEFINITIONAL_REPRESENTATION('',(#8913),#8917);
#8913 = LINE('',#8914,#8915);
#8914 = CARTESIAN_POINT('',(1.,0.));
#8915 = VECTOR('',#8916,1.);
#8916 = DIRECTION('',(0.,-1.));
#8917 = ( GEOMETRIC_REPRESENTATION_CONTEXT(2) 
PARAMETRIC_REPRESENTATION_CONTEXT() REPRESENTATION_CONTEXT('2D SPACE',''
  ) );
#8918 = ORIENTED_EDGE('',*,*,#3726,.F.);
#8919 = ORIENTED_EDGE('',*,*,#8800,.F.);
#8920 = ADVANCED_FACE('',(#8921),#3459,.F.);
#8921 = FACE_BOUND('',#8922,.F.);
#8922 = EDGE_LOOP('',(#8923,#8946,#8947,#8948));
#8923 = ORIENTED_EDGE('',*,*,#8924,.F.);
#8924 = EDGE_CURVE('',#8827,#8925,#8927,.T.);
#8925 = VERTEX_POINT('',#8926);
#8926 = CARTESIAN_POINT('',(74.579013671875,-45.50000030517,32.9));
#8927 = SURFACE_CURVE('',#8928,(#8932,#8939),.PCURVE_S1.);
#8928 = LINE('',#8929,#8930);
#8929 = CARTESIAN_POINT('',(74.579013671875,-43.14199249267,32.9));
#8930 = VECTOR('',#8931,1.);
#8931 = DIRECTION('',(0.,-1.,0.));
#8932 = PCURVE('',#3459,#8933);
#8933 = DEFINITIONAL_REPRESENTATION('',(#8934),#8938);
#8934 = LINE('',#8935,#8936);
#8935 = CARTESIAN_POINT('',(0.,0.));
#8936 = VECTOR('',#8937,1.);
#8937 = DIRECTION('',(1.,0.));
#8938 = ( GEOMETRIC_REPRESENTATION_CONTEXT(2) 
PARAMETRIC_REPRESENTATION_CONTEXT() REPRESENTATION_CONTEXT('2D SPACE',''
  ) );
#8939 = PCURVE('',#7984,#8940);
#8940 = DEFINITIONAL_REPRESENTATION('',(#8941),#8945);
#8941 = LINE('',#8942,#8943);
#8942 = CARTESIAN_POINT('',(4.5119921875,2.3580078125));
#8943 = VECTOR('',#8944,1.);
#8944 = DIRECTION('',(0.,-1.));
#8945 = ( GEOMETRIC_REPRESENTATION_CONTEXT(2) 
PARAMETRIC_REPRESENTATION_CONTEXT() REPRESENTATION_CONTEXT('2D SPACE',''
  ) );
#8946 = ORIENTED_EDGE('',*,*,#8851,.T.);
#8947 = ORIENTED_EDGE('',*,*,#3444,.F.);
#8948 = ORIENTED_EDGE('',*,*,#8949,.F.);
#8949 = EDGE_CURVE('',#8925,#3445,#8950,.T.);
#8950 = SURFACE_CURVE('',#8951,(#8955,#8962),.PCURVE_S1.);
#8951 = LINE('',#8952,#8953);
#8952 = CARTESIAN_POINT('',(74.579013671875,-45.50000030517,32.9));
#8953 = VECTOR('',#8954,1.);
#8954 = DIRECTION('',(0.,0.,1.));
#8955 = PCURVE('',#3459,#8956);
#8956 = DEFINITIONAL_REPRESENTATION('',(#8957),#8961);
#8957 = LINE('',#8958,#8959);
#8958 = CARTESIAN_POINT('',(2.3580078125,0.));
#8959 = VECTOR('',#8960,1.);
#8960 = DIRECTION('',(0.,-1.));
#8961 = ( GEOMETRIC_REPRESENTATION_CONTEXT(2) 
PARAMETRIC_REPRESENTATION_CONTEXT() REPRESENTATION_CONTEXT('2D SPACE',''
  ) );
#8962 = PCURVE('',#3485,#8963);
#8963 = DEFINITIONAL_REPRESENTATION('',(#8964),#8968);
#8964 = LINE('',#8965,#8966);
#8965 = CARTESIAN_POINT('',(0.,-0.));
#8966 = VECTOR('',#8967,1.);
#8967 = DIRECTION('',(0.,-1.));
#8968 = ( GEOMETRIC_REPRESENTATION_CONTEXT(2) 
PARAMETRIC_REPRESENTATION_CONTEXT() REPRESENTATION_CONTEXT('2D SPACE',''
  ) );
#8969 = ADVANCED_FACE('',(#8970),#3705,.F.);
#8970 = FACE_BOUND('',#8971,.F.);
#8971 = EDGE_LOOP('',(#8972,#8995,#9016,#9017));
#8972 = ORIENTED_EDGE('',*,*,#8973,.F.);
#8973 = EDGE_CURVE('',#8974,#8876,#8976,.T.);
#8974 = VERTEX_POINT('',#8975);
#8975 = CARTESIAN_POINT('',(72.971025390625,-42.94400421142,32.9));
#8976 = SURFACE_CURVE('',#8977,(#8981,#8988),.PCURVE_S1.);
#8977 = B_SPLINE_CURVE_WITH_KNOTS('',2,(#8978,#8979,#8980),
  .UNSPECIFIED.,.F.,.F.,(3,3),(0.,1.),.PIECEWISE_BEZIER_KNOTS.);
#8978 = CARTESIAN_POINT('',(72.971025390625,-42.94400421142,32.9));
#8979 = CARTESIAN_POINT('',(72.755029296875,-43.18400421142,32.9));
#8980 = CARTESIAN_POINT('',(72.755029296875,-43.52599639892,32.9));
#8981 = PCURVE('',#3705,#8982);
#8982 = DEFINITIONAL_REPRESENTATION('',(#8983),#8987);
#8983 = LINE('',#8984,#8985);
#8984 = CARTESIAN_POINT('',(0.,0.));
#8985 = VECTOR('',#8986,1.);
#8986 = DIRECTION('',(1.,0.));
#8987 = ( GEOMETRIC_REPRESENTATION_CONTEXT(2) 
PARAMETRIC_REPRESENTATION_CONTEXT() REPRESENTATION_CONTEXT('2D SPACE',''
  ) );
#8988 = PCURVE('',#7984,#8989);
#8989 = DEFINITIONAL_REPRESENTATION('',(#8990),#8994);
#8990 = B_SPLINE_CURVE_WITH_KNOTS('',2,(#8991,#8992,#8993),
  .UNSPECIFIED.,.F.,.F.,(3,3),(0.,1.),.PIECEWISE_BEZIER_KNOTS.);
#8991 = CARTESIAN_POINT('',(2.90400390625,2.55599609375));
#8992 = CARTESIAN_POINT('',(2.6880078125,2.31599609375));
#8993 = CARTESIAN_POINT('',(2.6880078125,1.97400390625));
#8994 = ( GEOMETRIC_REPRESENTATION_CONTEXT(2) 
PARAMETRIC_REPRESENTATION_CONTEXT() REPRESENTATION_CONTEXT('2D SPACE',''
  ) );
#8995 = ORIENTED_EDGE('',*,*,#8996,.T.);
#8996 = EDGE_CURVE('',#8974,#3625,#8997,.T.);
#8997 = SURFACE_CURVE('',#8998,(#9002,#9009),.PCURVE_S1.);
#8998 = LINE('',#8999,#9000);
#8999 = CARTESIAN_POINT('',(72.971025390625,-42.94400421142,32.9));
#9000 = VECTOR('',#9001,1.);
#9001 = DIRECTION('',(0.,0.,1.));
#9002 = PCURVE('',#3705,#9003);
#9003 = DEFINITIONAL_REPRESENTATION('',(#9004),#9008);
#9004 = LINE('',#9005,#9006);
#9005 = CARTESIAN_POINT('',(0.,0.));
#9006 = VECTOR('',#9007,1.);
#9007 = DIRECTION('',(0.,-1.));
#9008 = ( GEOMETRIC_REPRESENTATION_CONTEXT(2) 
PARAMETRIC_REPRESENTATION_CONTEXT() REPRESENTATION_CONTEXT('2D SPACE',''
  ) );
#9009 = PCURVE('',#3654,#9010);
#9010 = DEFINITIONAL_REPRESENTATION('',(#9011),#9015);
#9011 = LINE('',#9012,#9013);
#9012 = CARTESIAN_POINT('',(1.,0.));
#9013 = VECTOR('',#9014,1.);
#9014 = DIRECTION('',(0.,-1.));
#9015 = ( GEOMETRIC_REPRESENTATION_CONTEXT(2) 
PARAMETRIC_REPRESENTATION_CONTEXT() REPRESENTATION_CONTEXT('2D SPACE',''
  ) );
#9016 = ORIENTED_EDGE('',*,*,#3675,.F.);
#9017 = ORIENTED_EDGE('',*,*,#8898,.F.);
#9018 = ADVANCED_FACE('',(#9019),#3485,.F.);
#9019 = FACE_BOUND('',#9020,.F.);
#9020 = EDGE_LOOP('',(#9021,#9044,#9045,#9046));
#9021 = ORIENTED_EDGE('',*,*,#9022,.F.);
#9022 = EDGE_CURVE('',#8925,#9023,#9025,.T.);
#9023 = VERTEX_POINT('',#9024);
#9024 = CARTESIAN_POINT('',(74.075029296875,-45.50000030517,32.9));
#9025 = SURFACE_CURVE('',#9026,(#9030,#9037),.PCURVE_S1.);
#9026 = LINE('',#9027,#9028);
#9027 = CARTESIAN_POINT('',(74.579013671875,-45.50000030517,32.9));
#9028 = VECTOR('',#9029,1.);
#9029 = DIRECTION('',(-1.,0.,0.));
#9030 = PCURVE('',#3485,#9031);
#9031 = DEFINITIONAL_REPRESENTATION('',(#9032),#9036);
#9032 = LINE('',#9033,#9034);
#9033 = CARTESIAN_POINT('',(0.,-0.));
#9034 = VECTOR('',#9035,1.);
#9035 = DIRECTION('',(1.,0.));
#9036 = ( GEOMETRIC_REPRESENTATION_CONTEXT(2) 
PARAMETRIC_REPRESENTATION_CONTEXT() REPRESENTATION_CONTEXT('2D SPACE',''
  ) );
#9037 = PCURVE('',#7984,#9038);
#9038 = DEFINITIONAL_REPRESENTATION('',(#9039),#9043);
#9039 = LINE('',#9040,#9041);
#9040 = CARTESIAN_POINT('',(4.5119921875,0.));
#9041 = VECTOR('',#9042,1.);
#9042 = DIRECTION('',(-1.,0.));
#9043 = ( GEOMETRIC_REPRESENTATION_CONTEXT(2) 
PARAMETRIC_REPRESENTATION_CONTEXT() REPRESENTATION_CONTEXT('2D SPACE',''
  ) );
#9044 = ORIENTED_EDGE('',*,*,#8949,.T.);
#9045 = ORIENTED_EDGE('',*,*,#3470,.F.);
#9046 = ORIENTED_EDGE('',*,*,#9047,.F.);
#9047 = EDGE_CURVE('',#9023,#3471,#9048,.T.);
#9048 = SURFACE_CURVE('',#9049,(#9053,#9060),.PCURVE_S1.);
#9049 = LINE('',#9050,#9051);
#9050 = CARTESIAN_POINT('',(74.075029296875,-45.50000030517,32.9));
#9051 = VECTOR('',#9052,1.);
#9052 = DIRECTION('',(0.,0.,1.));
#9053 = PCURVE('',#3485,#9054);
#9054 = DEFINITIONAL_REPRESENTATION('',(#9055),#9059);
#9055 = LINE('',#9056,#9057);
#9056 = CARTESIAN_POINT('',(0.503984375,0.));
#9057 = VECTOR('',#9058,1.);
#9058 = DIRECTION('',(0.,-1.));
#9059 = ( GEOMETRIC_REPRESENTATION_CONTEXT(2) 
PARAMETRIC_REPRESENTATION_CONTEXT() REPRESENTATION_CONTEXT('2D SPACE',''
  ) );
#9060 = PCURVE('',#3511,#9061);
#9061 = DEFINITIONAL_REPRESENTATION('',(#9062),#9066);
#9062 = LINE('',#9063,#9064);
#9063 = CARTESIAN_POINT('',(0.,0.));
#9064 = VECTOR('',#9065,1.);
#9065 = DIRECTION('',(0.,-1.));
#9066 = ( GEOMETRIC_REPRESENTATION_CONTEXT(2) 
PARAMETRIC_REPRESENTATION_CONTEXT() REPRESENTATION_CONTEXT('2D SPACE',''
  ) );
#9067 = ADVANCED_FACE('',(#9068),#3654,.F.);
#9068 = FACE_BOUND('',#9069,.F.);
#9069 = EDGE_LOOP('',(#9070,#9093,#9114,#9115));
#9070 = ORIENTED_EDGE('',*,*,#9071,.F.);
#9071 = EDGE_CURVE('',#9072,#8974,#9074,.T.);
#9072 = VERTEX_POINT('',#9073);
#9073 = CARTESIAN_POINT('',(73.493017578125,-42.70400421142,32.9));
#9074 = SURFACE_CURVE('',#9075,(#9079,#9086),.PCURVE_S1.);
#9075 = B_SPLINE_CURVE_WITH_KNOTS('',2,(#9076,#9077,#9078),
  .UNSPECIFIED.,.F.,.F.,(3,3),(0.,1.),.PIECEWISE_BEZIER_KNOTS.);
#9076 = CARTESIAN_POINT('',(73.493017578125,-42.70400421142,32.9));
#9077 = CARTESIAN_POINT('',(73.187021484375,-42.70400421142,32.9));
#9078 = CARTESIAN_POINT('',(72.971025390625,-42.94400421142,32.9));
#9079 = PCURVE('',#3654,#9080);
#9080 = DEFINITIONAL_REPRESENTATION('',(#9081),#9085);
#9081 = LINE('',#9082,#9083);
#9082 = CARTESIAN_POINT('',(0.,0.));
#9083 = VECTOR('',#9084,1.);
#9084 = DIRECTION('',(1.,0.));
#9085 = ( GEOMETRIC_REPRESENTATION_CONTEXT(2) 
PARAMETRIC_REPRESENTATION_CONTEXT() REPRESENTATION_CONTEXT('2D SPACE',''
  ) );
#9086 = PCURVE('',#7984,#9087);
#9087 = DEFINITIONAL_REPRESENTATION('',(#9088),#9092);
#9088 = B_SPLINE_CURVE_WITH_KNOTS('',2,(#9089,#9090,#9091),
  .UNSPECIFIED.,.F.,.F.,(3,3),(0.,1.),.PIECEWISE_BEZIER_KNOTS.);
#9089 = CARTESIAN_POINT('',(3.42599609375,2.79599609375));
#9090 = CARTESIAN_POINT('',(3.12,2.79599609375));
#9091 = CARTESIAN_POINT('',(2.90400390625,2.55599609375));
#9092 = ( GEOMETRIC_REPRESENTATION_CONTEXT(2) 
PARAMETRIC_REPRESENTATION_CONTEXT() REPRESENTATION_CONTEXT('2D SPACE',''
  ) );
#9093 = ORIENTED_EDGE('',*,*,#9094,.T.);
#9094 = EDGE_CURVE('',#9072,#3574,#9095,.T.);
#9095 = SURFACE_CURVE('',#9096,(#9100,#9107),.PCURVE_S1.);
#9096 = LINE('',#9097,#9098);
#9097 = CARTESIAN_POINT('',(73.493017578125,-42.70400421142,32.9));
#9098 = VECTOR('',#9099,1.);
#9099 = DIRECTION('',(0.,0.,1.));
#9100 = PCURVE('',#3654,#9101);
#9101 = DEFINITIONAL_REPRESENTATION('',(#9102),#9106);
#9102 = LINE('',#9103,#9104);
#9103 = CARTESIAN_POINT('',(0.,0.));
#9104 = VECTOR('',#9105,1.);
#9105 = DIRECTION('',(0.,-1.));
#9106 = ( GEOMETRIC_REPRESENTATION_CONTEXT(2) 
PARAMETRIC_REPRESENTATION_CONTEXT() REPRESENTATION_CONTEXT('2D SPACE',''
  ) );
#9107 = PCURVE('',#3603,#9108);
#9108 = DEFINITIONAL_REPRESENTATION('',(#9109),#9113);
#9109 = LINE('',#9110,#9111);
#9110 = CARTESIAN_POINT('',(1.,0.));
#9111 = VECTOR('',#9112,1.);
#9112 = DIRECTION('',(0.,-1.));
#9113 = ( GEOMETRIC_REPRESENTATION_CONTEXT(2) 
PARAMETRIC_REPRESENTATION_CONTEXT() REPRESENTATION_CONTEXT('2D SPACE',''
  ) );
#9114 = ORIENTED_EDGE('',*,*,#3624,.F.);
#9115 = ORIENTED_EDGE('',*,*,#8996,.F.);
#9116 = ADVANCED_FACE('',(#9117),#3511,.F.);
#9117 = FACE_BOUND('',#9118,.F.);
#9118 = EDGE_LOOP('',(#9119,#9142,#9143,#9144));
#9119 = ORIENTED_EDGE('',*,*,#9120,.F.);
#9120 = EDGE_CURVE('',#9023,#9121,#9123,.T.);
#9121 = VERTEX_POINT('',#9122);
#9122 = CARTESIAN_POINT('',(74.075029296875,-43.33400421142,32.9));
#9123 = SURFACE_CURVE('',#9124,(#9128,#9135),.PCURVE_S1.);
#9124 = LINE('',#9125,#9126);
#9125 = CARTESIAN_POINT('',(74.075029296875,-45.50000030517,32.9));
#9126 = VECTOR('',#9127,1.);
#9127 = DIRECTION('',(0.,1.,0.));
#9128 = PCURVE('',#3511,#9129);
#9129 = DEFINITIONAL_REPRESENTATION('',(#9130),#9134);
#9130 = LINE('',#9131,#9132);
#9131 = CARTESIAN_POINT('',(0.,0.));
#9132 = VECTOR('',#9133,1.);
#9133 = DIRECTION('',(1.,0.));
#9134 = ( GEOMETRIC_REPRESENTATION_CONTEXT(2) 
PARAMETRIC_REPRESENTATION_CONTEXT() REPRESENTATION_CONTEXT('2D SPACE',''
  ) );
#9135 = PCURVE('',#7984,#9136);
#9136 = DEFINITIONAL_REPRESENTATION('',(#9137),#9141);
#9137 = LINE('',#9138,#9139);
#9138 = CARTESIAN_POINT('',(4.0080078125,0.));
#9139 = VECTOR('',#9140,1.);
#9140 = DIRECTION('',(0.,1.));
#9141 = ( GEOMETRIC_REPRESENTATION_CONTEXT(2) 
PARAMETRIC_REPRESENTATION_CONTEXT() REPRESENTATION_CONTEXT('2D SPACE',''
  ) );
#9142 = ORIENTED_EDGE('',*,*,#9047,.T.);
#9143 = ORIENTED_EDGE('',*,*,#3496,.F.);
#9144 = ORIENTED_EDGE('',*,*,#9145,.F.);
#9145 = EDGE_CURVE('',#9121,#3497,#9146,.T.);
#9146 = SURFACE_CURVE('',#9147,(#9151,#9158),.PCURVE_S1.);
#9147 = LINE('',#9148,#9149);
#9148 = CARTESIAN_POINT('',(74.075029296875,-43.33400421142,32.9));
#9149 = VECTOR('',#9150,1.);
#9150 = DIRECTION('',(0.,0.,1.));
#9151 = PCURVE('',#3511,#9152);
#9152 = DEFINITIONAL_REPRESENTATION('',(#9153),#9157);
#9153 = LINE('',#9154,#9155);
#9154 = CARTESIAN_POINT('',(2.16599609375,0.));
#9155 = VECTOR('',#9156,1.);
#9156 = DIRECTION('',(0.,-1.));
#9157 = ( GEOMETRIC_REPRESENTATION_CONTEXT(2) 
PARAMETRIC_REPRESENTATION_CONTEXT() REPRESENTATION_CONTEXT('2D SPACE',''
  ) );
#9158 = PCURVE('',#3552,#9159);
#9159 = DEFINITIONAL_REPRESENTATION('',(#9160),#9164);
#9160 = LINE('',#9161,#9162);
#9161 = CARTESIAN_POINT('',(0.,0.));
#9162 = VECTOR('',#9163,1.);
#9163 = DIRECTION('',(0.,-1.));
#9164 = ( GEOMETRIC_REPRESENTATION_CONTEXT(2) 
PARAMETRIC_REPRESENTATION_CONTEXT() REPRESENTATION_CONTEXT('2D SPACE',''
  ) );
#9165 = ADVANCED_FACE('',(#9166),#3603,.F.);
#9166 = FACE_BOUND('',#9167,.F.);
#9167 = EDGE_LOOP('',(#9168,#9191,#9212,#9213));
#9168 = ORIENTED_EDGE('',*,*,#9169,.F.);
#9169 = EDGE_CURVE('',#9170,#9072,#9172,.T.);
#9170 = VERTEX_POINT('',#9171);
#9171 = CARTESIAN_POINT('',(73.922021484375,-42.86900421142,32.9));
#9172 = SURFACE_CURVE('',#9173,(#9177,#9184),.PCURVE_S1.);
#9173 = B_SPLINE_CURVE_WITH_KNOTS('',2,(#9174,#9175,#9176),
  .UNSPECIFIED.,.F.,.F.,(3,3),(0.,1.),.PIECEWISE_BEZIER_KNOTS.);
#9174 = CARTESIAN_POINT('',(73.922021484375,-42.86900421142,32.9));
#9175 = CARTESIAN_POINT('',(73.769013671875,-42.70400421142,32.9));
#9176 = CARTESIAN_POINT('',(73.493017578125,-42.70400421142,32.9));
#9177 = PCURVE('',#3603,#9178);
#9178 = DEFINITIONAL_REPRESENTATION('',(#9179),#9183);
#9179 = LINE('',#9180,#9181);
#9180 = CARTESIAN_POINT('',(0.,0.));
#9181 = VECTOR('',#9182,1.);
#9182 = DIRECTION('',(1.,0.));
#9183 = ( GEOMETRIC_REPRESENTATION_CONTEXT(2) 
PARAMETRIC_REPRESENTATION_CONTEXT() REPRESENTATION_CONTEXT('2D SPACE',''
  ) );
#9184 = PCURVE('',#7984,#9185);
#9185 = DEFINITIONAL_REPRESENTATION('',(#9186),#9190);
#9186 = B_SPLINE_CURVE_WITH_KNOTS('',2,(#9187,#9188,#9189),
  .UNSPECIFIED.,.F.,.F.,(3,3),(0.,1.),.PIECEWISE_BEZIER_KNOTS.);
#9187 = CARTESIAN_POINT('',(3.855,2.63099609375));
#9188 = CARTESIAN_POINT('',(3.7019921875,2.79599609375));
#9189 = CARTESIAN_POINT('',(3.42599609375,2.79599609375));
#9190 = ( GEOMETRIC_REPRESENTATION_CONTEXT(2) 
PARAMETRIC_REPRESENTATION_CONTEXT() REPRESENTATION_CONTEXT('2D SPACE',''
  ) );
#9191 = ORIENTED_EDGE('',*,*,#9192,.T.);
#9192 = EDGE_CURVE('',#9170,#3523,#9193,.T.);
#9193 = SURFACE_CURVE('',#9194,(#9198,#9205),.PCURVE_S1.);
#9194 = LINE('',#9195,#9196);
#9195 = CARTESIAN_POINT('',(73.922021484375,-42.86900421142,32.9));
#9196 = VECTOR('',#9197,1.);
#9197 = DIRECTION('',(0.,0.,1.));
#9198 = PCURVE('',#3603,#9199);
#9199 = DEFINITIONAL_REPRESENTATION('',(#9200),#9204);
#9200 = LINE('',#9201,#9202);
#9201 = CARTESIAN_POINT('',(0.,0.));
#9202 = VECTOR('',#9203,1.);
#9203 = DIRECTION('',(0.,-1.));
#9204 = ( GEOMETRIC_REPRESENTATION_CONTEXT(2) 
PARAMETRIC_REPRESENTATION_CONTEXT() REPRESENTATION_CONTEXT('2D SPACE',''
  ) );
#9205 = PCURVE('',#3552,#9206);
#9206 = DEFINITIONAL_REPRESENTATION('',(#9207),#9211);
#9207 = LINE('',#9208,#9209);
#9208 = CARTESIAN_POINT('',(1.,0.));
#9209 = VECTOR('',#9210,1.);
#9210 = DIRECTION('',(0.,-1.));
#9211 = ( GEOMETRIC_REPRESENTATION_CONTEXT(2) 
PARAMETRIC_REPRESENTATION_CONTEXT() REPRESENTATION_CONTEXT('2D SPACE',''
  ) );
#9212 = ORIENTED_EDGE('',*,*,#3573,.F.);
#9213 = ORIENTED_EDGE('',*,*,#9094,.F.);
#9214 = ADVANCED_FACE('',(#9215),#3552,.F.);
#9215 = FACE_BOUND('',#9216,.F.);
#9216 = EDGE_LOOP('',(#9217,#9238,#9239,#9240));
#9217 = ORIENTED_EDGE('',*,*,#9218,.F.);
#9218 = EDGE_CURVE('',#9121,#9170,#9219,.T.);
#9219 = SURFACE_CURVE('',#9220,(#9224,#9231),.PCURVE_S1.);
#9220 = B_SPLINE_CURVE_WITH_KNOTS('',2,(#9221,#9222,#9223),
  .UNSPECIFIED.,.F.,.F.,(3,3),(0.,1.),.PIECEWISE_BEZIER_KNOTS.);
#9221 = CARTESIAN_POINT('',(74.075029296875,-43.33400421142,32.9));
#9222 = CARTESIAN_POINT('',(74.075029296875,-43.03400421142,32.9));
#9223 = CARTESIAN_POINT('',(73.922021484375,-42.86900421142,32.9));
#9224 = PCURVE('',#3552,#9225);
#9225 = DEFINITIONAL_REPRESENTATION('',(#9226),#9230);
#9226 = LINE('',#9227,#9228);
#9227 = CARTESIAN_POINT('',(0.,0.));
#9228 = VECTOR('',#9229,1.);
#9229 = DIRECTION('',(1.,0.));
#9230 = ( GEOMETRIC_REPRESENTATION_CONTEXT(2) 
PARAMETRIC_REPRESENTATION_CONTEXT() REPRESENTATION_CONTEXT('2D SPACE',''
  ) );
#9231 = PCURVE('',#7984,#9232);
#9232 = DEFINITIONAL_REPRESENTATION('',(#9233),#9237);
#9233 = B_SPLINE_CURVE_WITH_KNOTS('',2,(#9234,#9235,#9236),
  .UNSPECIFIED.,.F.,.F.,(3,3),(0.,1.),.PIECEWISE_BEZIER_KNOTS.);
#9234 = CARTESIAN_POINT('',(4.0080078125,2.16599609375));
#9235 = CARTESIAN_POINT('',(4.0080078125,2.46599609375));
#9236 = CARTESIAN_POINT('',(3.855,2.63099609375));
#9237 = ( GEOMETRIC_REPRESENTATION_CONTEXT(2) 
PARAMETRIC_REPRESENTATION_CONTEXT() REPRESENTATION_CONTEXT('2D SPACE',''
  ) );
#9238 = ORIENTED_EDGE('',*,*,#9145,.T.);
#9239 = ORIENTED_EDGE('',*,*,#3522,.F.);
#9240 = ORIENTED_EDGE('',*,*,#9192,.F.);
#9241 = ADVANCED_FACE('',(#9242),#4077,.F.);
#9242 = FACE_BOUND('',#9243,.F.);
#9243 = EDGE_LOOP('',(#9244,#9274,#9295,#9296));
#9244 = ORIENTED_EDGE('',*,*,#9245,.F.);
#9245 = EDGE_CURVE('',#9246,#9248,#9250,.T.);
#9246 = VERTEX_POINT('',#9247);
#9247 = CARTESIAN_POINT('',(77.657001953125,-42.35599639892,32.9));
#9248 = VERTEX_POINT('',#9249);
#9249 = CARTESIAN_POINT('',(76.601005859375,-43.87400421142,32.9));
#9250 = SURFACE_CURVE('',#9251,(#9255,#9262),.PCURVE_S1.);
#9251 = LINE('',#9252,#9253);
#9252 = CARTESIAN_POINT('',(77.657001953125,-42.35599639892,32.9));
#9253 = VECTOR('',#9254,1.);
#9254 = DIRECTION('',(-0.571061084103,-0.820907569842,0.));
#9255 = PCURVE('',#4077,#9256);
#9256 = DEFINITIONAL_REPRESENTATION('',(#9257),#9261);
#9257 = LINE('',#9258,#9259);
#9258 = CARTESIAN_POINT('',(0.,0.));
#9259 = VECTOR('',#9260,1.);
#9260 = DIRECTION('',(1.,-0.));
#9261 = ( GEOMETRIC_REPRESENTATION_CONTEXT(2) 
PARAMETRIC_REPRESENTATION_CONTEXT() REPRESENTATION_CONTEXT('2D SPACE',''
  ) );
#9262 = PCURVE('',#9263,#9268);
#9263 = PLANE('',#9264);
#9264 = AXIS2_PLACEMENT_3D('',#9265,#9266,#9267);
#9265 = CARTESIAN_POINT('',(74.891005859375,-45.50000030517,32.9));
#9266 = DIRECTION('',(0.,0.,1.));
#9267 = DIRECTION('',(1.,0.,0.));
#9268 = DEFINITIONAL_REPRESENTATION('',(#9269),#9273);
#9269 = LINE('',#9270,#9271);
#9270 = CARTESIAN_POINT('',(2.76599609375,3.14400390625));
#9271 = VECTOR('',#9272,1.);
#9272 = DIRECTION('',(-0.571061084103,-0.820907569842));
#9273 = ( GEOMETRIC_REPRESENTATION_CONTEXT(2) 
PARAMETRIC_REPRESENTATION_CONTEXT() REPRESENTATION_CONTEXT('2D SPACE',''
  ) );
#9274 = ORIENTED_EDGE('',*,*,#9275,.T.);
#9275 = EDGE_CURVE('',#9246,#4063,#9276,.T.);
#9276 = SURFACE_CURVE('',#9277,(#9281,#9288),.PCURVE_S1.);
#9277 = LINE('',#9278,#9279);
#9278 = CARTESIAN_POINT('',(77.657001953125,-42.35599639892,32.9));
#9279 = VECTOR('',#9280,1.);
#9280 = DIRECTION('',(0.,0.,1.));
#9281 = PCURVE('',#4077,#9282);
#9282 = DEFINITIONAL_REPRESENTATION('',(#9283),#9287);
#9283 = LINE('',#9284,#9285);
#9284 = CARTESIAN_POINT('',(0.,0.));
#9285 = VECTOR('',#9286,1.);
#9286 = DIRECTION('',(0.,-1.));
#9287 = ( GEOMETRIC_REPRESENTATION_CONTEXT(2) 
PARAMETRIC_REPRESENTATION_CONTEXT() REPRESENTATION_CONTEXT('2D SPACE',''
  ) );
#9288 = PCURVE('',#4361,#9289);
#9289 = DEFINITIONAL_REPRESENTATION('',(#9290),#9294);
#9290 = LINE('',#9291,#9292);
#9291 = CARTESIAN_POINT('',(0.56400390625,0.));
#9292 = VECTOR('',#9293,1.);
#9293 = DIRECTION('',(0.,-1.));
#9294 = ( GEOMETRIC_REPRESENTATION_CONTEXT(2) 
PARAMETRIC_REPRESENTATION_CONTEXT() REPRESENTATION_CONTEXT('2D SPACE',''
  ) );
#9295 = ORIENTED_EDGE('',*,*,#4060,.F.);
#9296 = ORIENTED_EDGE('',*,*,#9297,.F.);
#9297 = EDGE_CURVE('',#9248,#4061,#9298,.T.);
#9298 = SURFACE_CURVE('',#9299,(#9303,#9310),.PCURVE_S1.);
#9299 = LINE('',#9300,#9301);
#9300 = CARTESIAN_POINT('',(76.601005859375,-43.87400421142,32.9));
#9301 = VECTOR('',#9302,1.);
#9302 = DIRECTION('',(0.,0.,1.));
#9303 = PCURVE('',#4077,#9304);
#9304 = DEFINITIONAL_REPRESENTATION('',(#9305),#9309);
#9305 = LINE('',#9306,#9307);
#9306 = CARTESIAN_POINT('',(1.849182378465,-0.));
#9307 = VECTOR('',#9308,1.);
#9308 = DIRECTION('',(0.,-1.));
#9309 = ( GEOMETRIC_REPRESENTATION_CONTEXT(2) 
PARAMETRIC_REPRESENTATION_CONTEXT() REPRESENTATION_CONTEXT('2D SPACE',''
  ) );
#9310 = PCURVE('',#4103,#9311);
#9311 = DEFINITIONAL_REPRESENTATION('',(#9312),#9316);
#9312 = LINE('',#9313,#9314);
#9313 = CARTESIAN_POINT('',(0.,0.));
#9314 = VECTOR('',#9315,1.);
#9315 = DIRECTION('',(0.,-1.));
#9316 = ( GEOMETRIC_REPRESENTATION_CONTEXT(2) 
PARAMETRIC_REPRESENTATION_CONTEXT() REPRESENTATION_CONTEXT('2D SPACE',''
  ) );
#9317 = ADVANCED_FACE('',(#9318),#4103,.F.);
#9318 = FACE_BOUND('',#9319,.F.);
#9319 = EDGE_LOOP('',(#9320,#9343,#9344,#9345));
#9320 = ORIENTED_EDGE('',*,*,#9321,.F.);
#9321 = EDGE_CURVE('',#9248,#9322,#9324,.T.);
#9322 = VERTEX_POINT('',#9323);
#9323 = CARTESIAN_POINT('',(77.687001953125,-45.50000030517,32.9));
#9324 = SURFACE_CURVE('',#9325,(#9329,#9336),.PCURVE_S1.);
#9325 = LINE('',#9326,#9327);
#9326 = CARTESIAN_POINT('',(76.601005859375,-43.87400421142,32.9));
#9327 = VECTOR('',#9328,1.);
#9328 = DIRECTION('',(0.555407664192,-0.831578214335,0.));
#9329 = PCURVE('',#4103,#9330);
#9330 = DEFINITIONAL_REPRESENTATION('',(#9331),#9335);
#9331 = LINE('',#9332,#9333);
#9332 = CARTESIAN_POINT('',(-5.908718594121E-15,0.));
#9333 = VECTOR('',#9334,1.);
#9334 = DIRECTION('',(1.,0.));
#9335 = ( GEOMETRIC_REPRESENTATION_CONTEXT(2) 
PARAMETRIC_REPRESENTATION_CONTEXT() REPRESENTATION_CONTEXT('2D SPACE',''
  ) );
#9336 = PCURVE('',#9263,#9337);
#9337 = DEFINITIONAL_REPRESENTATION('',(#9338),#9342);
#9338 = LINE('',#9339,#9340);
#9339 = CARTESIAN_POINT('',(1.71,1.62599609375));
#9340 = VECTOR('',#9341,1.);
#9341 = DIRECTION('',(0.555407664192,-0.831578214335));
#9342 = ( GEOMETRIC_REPRESENTATION_CONTEXT(2) 
PARAMETRIC_REPRESENTATION_CONTEXT() REPRESENTATION_CONTEXT('2D SPACE',''
  ) );
#9343 = ORIENTED_EDGE('',*,*,#9297,.T.);
#9344 = ORIENTED_EDGE('',*,*,#4088,.F.);
#9345 = ORIENTED_EDGE('',*,*,#9346,.F.);
#9346 = EDGE_CURVE('',#9322,#4089,#9347,.T.);
#9347 = SURFACE_CURVE('',#9348,(#9352,#9359),.PCURVE_S1.);
#9348 = LINE('',#9349,#9350);
#9349 = CARTESIAN_POINT('',(77.687001953125,-45.50000030517,32.9));
#9350 = VECTOR('',#9351,1.);
#9351 = DIRECTION('',(0.,0.,1.));
#9352 = PCURVE('',#4103,#9353);
#9353 = DEFINITIONAL_REPRESENTATION('',(#9354),#9358);
#9354 = LINE('',#9355,#9356);
#9355 = CARTESIAN_POINT('',(1.955313481908,0.));
#9356 = VECTOR('',#9357,1.);
#9357 = DIRECTION('',(0.,-1.));
#9358 = ( GEOMETRIC_REPRESENTATION_CONTEXT(2) 
PARAMETRIC_REPRESENTATION_CONTEXT() REPRESENTATION_CONTEXT('2D SPACE',''
  ) );
#9359 = PCURVE('',#4129,#9360);
#9360 = DEFINITIONAL_REPRESENTATION('',(#9361),#9365);
#9361 = LINE('',#9362,#9363);
#9362 = CARTESIAN_POINT('',(0.,-0.));
#9363 = VECTOR('',#9364,1.);
#9364 = DIRECTION('',(0.,-1.));
#9365 = ( GEOMETRIC_REPRESENTATION_CONTEXT(2) 
PARAMETRIC_REPRESENTATION_CONTEXT() REPRESENTATION_CONTEXT('2D SPACE',''
  ) );
#9366 = ADVANCED_FACE('',(#9367),#4361,.F.);
#9367 = FACE_BOUND('',#9368,.F.);
#9368 = EDGE_LOOP('',(#9369,#9392,#9413,#9414));
#9369 = ORIENTED_EDGE('',*,*,#9370,.F.);
#9370 = EDGE_CURVE('',#9371,#9246,#9373,.T.);
#9371 = VERTEX_POINT('',#9372);
#9372 = CARTESIAN_POINT('',(77.092998046875,-42.35599639892,32.9));
#9373 = SURFACE_CURVE('',#9374,(#9378,#9385),.PCURVE_S1.);
#9374 = LINE('',#9375,#9376);
#9375 = CARTESIAN_POINT('',(77.092998046875,-42.35599639892,32.9));
#9376 = VECTOR('',#9377,1.);
#9377 = DIRECTION('',(1.,0.,0.));
#9378 = PCURVE('',#4361,#9379);
#9379 = DEFINITIONAL_REPRESENTATION('',(#9380),#9384);
#9380 = LINE('',#9381,#9382);
#9381 = CARTESIAN_POINT('',(-1.42108547152E-14,0.));
#9382 = VECTOR('',#9383,1.);
#9383 = DIRECTION('',(1.,0.));
#9384 = ( GEOMETRIC_REPRESENTATION_CONTEXT(2) 
PARAMETRIC_REPRESENTATION_CONTEXT() REPRESENTATION_CONTEXT('2D SPACE',''
  ) );
#9385 = PCURVE('',#9263,#9386);
#9386 = DEFINITIONAL_REPRESENTATION('',(#9387),#9391);
#9387 = LINE('',#9388,#9389);
#9388 = CARTESIAN_POINT('',(2.2019921875,3.14400390625));
#9389 = VECTOR('',#9390,1.);
#9390 = DIRECTION('',(1.,0.));
#9391 = ( GEOMETRIC_REPRESENTATION_CONTEXT(2) 
PARAMETRIC_REPRESENTATION_CONTEXT() REPRESENTATION_CONTEXT('2D SPACE',''
  ) );
#9392 = ORIENTED_EDGE('',*,*,#9393,.T.);
#9393 = EDGE_CURVE('',#9371,#4323,#9394,.T.);
#9394 = SURFACE_CURVE('',#9395,(#9399,#9406),.PCURVE_S1.);
#9395 = LINE('',#9396,#9397);
#9396 = CARTESIAN_POINT('',(77.092998046875,-42.35599639892,32.9));
#9397 = VECTOR('',#9398,1.);
#9398 = DIRECTION('',(0.,0.,1.));
#9399 = PCURVE('',#4361,#9400);
#9400 = DEFINITIONAL_REPRESENTATION('',(#9401),#9405);
#9401 = LINE('',#9402,#9403);
#9402 = CARTESIAN_POINT('',(0.,0.));
#9403 = VECTOR('',#9404,1.);
#9404 = DIRECTION('',(0.,-1.));
#9405 = ( GEOMETRIC_REPRESENTATION_CONTEXT(2) 
PARAMETRIC_REPRESENTATION_CONTEXT() REPRESENTATION_CONTEXT('2D SPACE',''
  ) );
#9406 = PCURVE('',#4337,#9407);
#9407 = DEFINITIONAL_REPRESENTATION('',(#9408),#9412);
#9408 = LINE('',#9409,#9410);
#9409 = CARTESIAN_POINT('',(1.367892573913,0.));
#9410 = VECTOR('',#9411,1.);
#9411 = DIRECTION('',(0.,-1.));
#9412 = ( GEOMETRIC_REPRESENTATION_CONTEXT(2) 
PARAMETRIC_REPRESENTATION_CONTEXT() REPRESENTATION_CONTEXT('2D SPACE',''
  ) );
#9413 = ORIENTED_EDGE('',*,*,#4348,.F.);
#9414 = ORIENTED_EDGE('',*,*,#9275,.F.);
#9415 = ADVANCED_FACE('',(#9416),#4129,.F.);
#9416 = FACE_BOUND('',#9417,.F.);
#9417 = EDGE_LOOP('',(#9418,#9441,#9442,#9443));
#9418 = ORIENTED_EDGE('',*,*,#9419,.F.);
#9419 = EDGE_CURVE('',#9322,#9420,#9422,.T.);
#9420 = VERTEX_POINT('',#9421);
#9421 = CARTESIAN_POINT('',(77.105009765625,-45.50000030517,32.9));
#9422 = SURFACE_CURVE('',#9423,(#9427,#9434),.PCURVE_S1.);
#9423 = LINE('',#9424,#9425);
#9424 = CARTESIAN_POINT('',(77.687001953125,-45.50000030517,32.9));
#9425 = VECTOR('',#9426,1.);
#9426 = DIRECTION('',(-1.,0.,0.));
#9427 = PCURVE('',#4129,#9428);
#9428 = DEFINITIONAL_REPRESENTATION('',(#9429),#9433);
#9429 = LINE('',#9430,#9431);
#9430 = CARTESIAN_POINT('',(0.,-0.));
#9431 = VECTOR('',#9432,1.);
#9432 = DIRECTION('',(1.,0.));
#9433 = ( GEOMETRIC_REPRESENTATION_CONTEXT(2) 
PARAMETRIC_REPRESENTATION_CONTEXT() REPRESENTATION_CONTEXT('2D SPACE',''
  ) );
#9434 = PCURVE('',#9263,#9435);
#9435 = DEFINITIONAL_REPRESENTATION('',(#9436),#9440);
#9436 = LINE('',#9437,#9438);
#9437 = CARTESIAN_POINT('',(2.79599609375,0.));
#9438 = VECTOR('',#9439,1.);
#9439 = DIRECTION('',(-1.,0.));
#9440 = ( GEOMETRIC_REPRESENTATION_CONTEXT(2) 
PARAMETRIC_REPRESENTATION_CONTEXT() REPRESENTATION_CONTEXT('2D SPACE',''
  ) );
#9441 = ORIENTED_EDGE('',*,*,#9346,.T.);
#9442 = ORIENTED_EDGE('',*,*,#4114,.F.);
#9443 = ORIENTED_EDGE('',*,*,#9444,.F.);
#9444 = EDGE_CURVE('',#9420,#4115,#9445,.T.);
#9445 = SURFACE_CURVE('',#9446,(#9450,#9457),.PCURVE_S1.);
#9446 = LINE('',#9447,#9448);
#9447 = CARTESIAN_POINT('',(77.105009765625,-45.50000030517,32.9));
#9448 = VECTOR('',#9449,1.);
#9449 = DIRECTION('',(0.,0.,1.));
#9450 = PCURVE('',#4129,#9451);
#9451 = DEFINITIONAL_REPRESENTATION('',(#9452),#9456);
#9452 = LINE('',#9453,#9454);
#9453 = CARTESIAN_POINT('',(0.5819921875,0.));
#9454 = VECTOR('',#9455,1.);
#9455 = DIRECTION('',(0.,-1.));
#9456 = ( GEOMETRIC_REPRESENTATION_CONTEXT(2) 
PARAMETRIC_REPRESENTATION_CONTEXT() REPRESENTATION_CONTEXT('2D SPACE',''
  ) );
#9457 = PCURVE('',#4155,#9458);
#9458 = DEFINITIONAL_REPRESENTATION('',(#9459),#9463);
#9459 = LINE('',#9460,#9461);
#9460 = CARTESIAN_POINT('',(0.,0.));
#9461 = VECTOR('',#9462,1.);
#9462 = DIRECTION('',(0.,-1.));
#9463 = ( GEOMETRIC_REPRESENTATION_CONTEXT(2) 
PARAMETRIC_REPRESENTATION_CONTEXT() REPRESENTATION_CONTEXT('2D SPACE',''
  ) );
#9464 = ADVANCED_FACE('',(#9465),#4337,.F.);
#9465 = FACE_BOUND('',#9466,.F.);
#9466 = EDGE_LOOP('',(#9467,#9490,#9511,#9512));
#9467 = ORIENTED_EDGE('',*,*,#9468,.F.);
#9468 = EDGE_CURVE('',#9469,#9371,#9471,.T.);
#9469 = VERTEX_POINT('',#9470);
#9470 = CARTESIAN_POINT('',(76.337001953125,-43.49599639892,32.9));
#9471 = SURFACE_CURVE('',#9472,(#9476,#9483),.PCURVE_S1.);
#9472 = LINE('',#9473,#9474);
#9473 = CARTESIAN_POINT('',(76.337001953125,-43.49599639892,32.9));
#9474 = VECTOR('',#9475,1.);
#9475 = DIRECTION('',(0.55267212365,0.833398778341,0.));
#9476 = PCURVE('',#4337,#9477);
#9477 = DEFINITIONAL_REPRESENTATION('',(#9478),#9482);
#9478 = LINE('',#9479,#9480);
#9479 = CARTESIAN_POINT('',(-5.921654479413E-15,0.));
#9480 = VECTOR('',#9481,1.);
#9481 = DIRECTION('',(1.,0.));
#9482 = ( GEOMETRIC_REPRESENTATION_CONTEXT(2) 
PARAMETRIC_REPRESENTATION_CONTEXT() REPRESENTATION_CONTEXT('2D SPACE',''
  ) );
#9483 = PCURVE('',#9263,#9484);
#9484 = DEFINITIONAL_REPRESENTATION('',(#9485),#9489);
#9485 = LINE('',#9486,#9487);
#9486 = CARTESIAN_POINT('',(1.44599609375,2.00400390625));
#9487 = VECTOR('',#9488,1.);
#9488 = DIRECTION('',(0.55267212365,0.833398778341));
#9489 = ( GEOMETRIC_REPRESENTATION_CONTEXT(2) 
PARAMETRIC_REPRESENTATION_CONTEXT() REPRESENTATION_CONTEXT('2D SPACE',''
  ) );
#9490 = ORIENTED_EDGE('',*,*,#9491,.T.);
#9491 = EDGE_CURVE('',#9469,#4297,#9492,.T.);
#9492 = SURFACE_CURVE('',#9493,(#9497,#9504),.PCURVE_S1.);
#9493 = LINE('',#9494,#9495);
#9494 = CARTESIAN_POINT('',(76.337001953125,-43.49599639892,32.9));
#9495 = VECTOR('',#9496,1.);
#9496 = DIRECTION('',(0.,0.,1.));
#9497 = PCURVE('',#4337,#9498);
#9498 = DEFINITIONAL_REPRESENTATION('',(#9499),#9503);
#9499 = LINE('',#9500,#9501);
#9500 = CARTESIAN_POINT('',(0.,0.));
#9501 = VECTOR('',#9502,1.);
#9502 = DIRECTION('',(0.,-1.));
#9503 = ( GEOMETRIC_REPRESENTATION_CONTEXT(2) 
PARAMETRIC_REPRESENTATION_CONTEXT() REPRESENTATION_CONTEXT('2D SPACE',''
  ) );
#9504 = PCURVE('',#4311,#9505);
#9505 = DEFINITIONAL_REPRESENTATION('',(#9506),#9510);
#9506 = LINE('',#9507,#9508);
#9507 = CARTESIAN_POINT('',(1.367892573913,0.));
#9508 = VECTOR('',#9509,1.);
#9509 = DIRECTION('',(0.,-1.));
#9510 = ( GEOMETRIC_REPRESENTATION_CONTEXT(2) 
PARAMETRIC_REPRESENTATION_CONTEXT() REPRESENTATION_CONTEXT('2D SPACE',''
  ) );
#9511 = ORIENTED_EDGE('',*,*,#4322,.F.);
#9512 = ORIENTED_EDGE('',*,*,#9393,.F.);
#9513 = ADVANCED_FACE('',(#9514),#4155,.F.);
#9514 = FACE_BOUND('',#9515,.F.);
#9515 = EDGE_LOOP('',(#9516,#9539,#9540,#9541));
#9516 = ORIENTED_EDGE('',*,*,#9517,.F.);
#9517 = EDGE_CURVE('',#9420,#9518,#9520,.T.);
#9518 = VERTEX_POINT('',#9519);
#9519 = CARTESIAN_POINT('',(76.319013671875,-44.29400421142,32.9));
#9520 = SURFACE_CURVE('',#9521,(#9525,#9532),.PCURVE_S1.);
#9521 = LINE('',#9522,#9523);
#9522 = CARTESIAN_POINT('',(77.105009765625,-45.50000030517,32.9));
#9523 = VECTOR('',#9524,1.);
#9524 = DIRECTION('',(-0.546012808373,0.837776827737,0.));
#9525 = PCURVE('',#4155,#9526);
#9526 = DEFINITIONAL_REPRESENTATION('',(#9527),#9531);
#9527 = LINE('',#9528,#9529);
#9528 = CARTESIAN_POINT('',(0.,0.));
#9529 = VECTOR('',#9530,1.);
#9530 = DIRECTION('',(1.,0.));
#9531 = ( GEOMETRIC_REPRESENTATION_CONTEXT(2) 
PARAMETRIC_REPRESENTATION_CONTEXT() REPRESENTATION_CONTEXT('2D SPACE',''
  ) );
#9532 = PCURVE('',#9263,#9533);
#9533 = DEFINITIONAL_REPRESENTATION('',(#9534),#9538);
#9534 = LINE('',#9535,#9536);
#9535 = CARTESIAN_POINT('',(2.21400390625,0.));
#9536 = VECTOR('',#9537,1.);
#9537 = DIRECTION('',(-0.546012808373,0.837776827737));
#9538 = ( GEOMETRIC_REPRESENTATION_CONTEXT(2) 
PARAMETRIC_REPRESENTATION_CONTEXT() REPRESENTATION_CONTEXT('2D SPACE',''
  ) );
#9539 = ORIENTED_EDGE('',*,*,#9444,.T.);
#9540 = ORIENTED_EDGE('',*,*,#4140,.F.);
#9541 = ORIENTED_EDGE('',*,*,#9542,.F.);
#9542 = EDGE_CURVE('',#9518,#4141,#9543,.T.);
#9543 = SURFACE_CURVE('',#9544,(#9548,#9555),.PCURVE_S1.);
#9544 = LINE('',#9545,#9546);
#9545 = CARTESIAN_POINT('',(76.319013671875,-44.29400421142,32.9));
#9546 = VECTOR('',#9547,1.);
#9547 = DIRECTION('',(0.,0.,1.));
#9548 = PCURVE('',#4155,#9549);
#9549 = DEFINITIONAL_REPRESENTATION('',(#9550),#9554);
#9550 = LINE('',#9551,#9552);
#9551 = CARTESIAN_POINT('',(1.439519516203,0.));
#9552 = VECTOR('',#9553,1.);
#9553 = DIRECTION('',(0.,-1.));
#9554 = ( GEOMETRIC_REPRESENTATION_CONTEXT(2) 
PARAMETRIC_REPRESENTATION_CONTEXT() REPRESENTATION_CONTEXT('2D SPACE',''
  ) );
#9555 = PCURVE('',#4181,#9556);
#9556 = DEFINITIONAL_REPRESENTATION('',(#9557),#9561);
#9557 = LINE('',#9558,#9559);
#9558 = CARTESIAN_POINT('',(0.,0.));
#9559 = VECTOR('',#9560,1.);
#9560 = DIRECTION('',(0.,-1.));
#9561 = ( GEOMETRIC_REPRESENTATION_CONTEXT(2) 
PARAMETRIC_REPRESENTATION_CONTEXT() REPRESENTATION_CONTEXT('2D SPACE',''
  ) );
#9562 = ADVANCED_FACE('',(#9563),#4311,.F.);
#9563 = FACE_BOUND('',#9564,.F.);
#9564 = EDGE_LOOP('',(#9565,#9588,#9609,#9610));
#9565 = ORIENTED_EDGE('',*,*,#9566,.F.);
#9566 = EDGE_CURVE('',#9567,#9469,#9569,.T.);
#9567 = VERTEX_POINT('',#9568);
#9568 = CARTESIAN_POINT('',(75.581005859375,-42.35599639892,32.9));
#9569 = SURFACE_CURVE('',#9570,(#9574,#9581),.PCURVE_S1.);
#9570 = LINE('',#9571,#9572);
#9571 = CARTESIAN_POINT('',(75.581005859375,-42.35599639892,32.9));
#9572 = VECTOR('',#9573,1.);
#9573 = DIRECTION('',(0.55267212365,-0.833398778341,0.));
#9574 = PCURVE('',#4311,#9575);
#9575 = DEFINITIONAL_REPRESENTATION('',(#9576),#9580);
#9576 = LINE('',#9577,#9578);
#9577 = CARTESIAN_POINT('',(-5.921654479413E-15,0.));
#9578 = VECTOR('',#9579,1.);
#9579 = DIRECTION('',(1.,0.));
#9580 = ( GEOMETRIC_REPRESENTATION_CONTEXT(2) 
PARAMETRIC_REPRESENTATION_CONTEXT() REPRESENTATION_CONTEXT('2D SPACE',''
  ) );
#9581 = PCURVE('',#9263,#9582);
#9582 = DEFINITIONAL_REPRESENTATION('',(#9583),#9587);
#9583 = LINE('',#9584,#9585);
#9584 = CARTESIAN_POINT('',(0.69,3.14400390625));
#9585 = VECTOR('',#9586,1.);
#9586 = DIRECTION('',(0.55267212365,-0.833398778341));
#9587 = ( GEOMETRIC_REPRESENTATION_CONTEXT(2) 
PARAMETRIC_REPRESENTATION_CONTEXT() REPRESENTATION_CONTEXT('2D SPACE',''
  ) );
#9588 = ORIENTED_EDGE('',*,*,#9589,.T.);
#9589 = EDGE_CURVE('',#9567,#4271,#9590,.T.);
#9590 = SURFACE_CURVE('',#9591,(#9595,#9602),.PCURVE_S1.);
#9591 = LINE('',#9592,#9593);
#9592 = CARTESIAN_POINT('',(75.581005859375,-42.35599639892,32.9));
#9593 = VECTOR('',#9594,1.);
#9594 = DIRECTION('',(0.,0.,1.));
#9595 = PCURVE('',#4311,#9596);
#9596 = DEFINITIONAL_REPRESENTATION('',(#9597),#9601);
#9597 = LINE('',#9598,#9599);
#9598 = CARTESIAN_POINT('',(0.,0.));
#9599 = VECTOR('',#9600,1.);
#9600 = DIRECTION('',(0.,-1.));
#9601 = ( GEOMETRIC_REPRESENTATION_CONTEXT(2) 
PARAMETRIC_REPRESENTATION_CONTEXT() REPRESENTATION_CONTEXT('2D SPACE',''
  ) );
#9602 = PCURVE('',#4285,#9603);
#9603 = DEFINITIONAL_REPRESENTATION('',(#9604),#9608);
#9604 = LINE('',#9605,#9606);
#9605 = CARTESIAN_POINT('',(0.57,0.));
#9606 = VECTOR('',#9607,1.);
#9607 = DIRECTION('',(0.,-1.));
#9608 = ( GEOMETRIC_REPRESENTATION_CONTEXT(2) 
PARAMETRIC_REPRESENTATION_CONTEXT() REPRESENTATION_CONTEXT('2D SPACE',''
  ) );
#9609 = ORIENTED_EDGE('',*,*,#4296,.F.);
#9610 = ORIENTED_EDGE('',*,*,#9491,.F.);
#9611 = ADVANCED_FACE('',(#9612),#4181,.F.);
#9612 = FACE_BOUND('',#9613,.F.);
#9613 = EDGE_LOOP('',(#9614,#9637,#9638,#9639));
#9614 = ORIENTED_EDGE('',*,*,#9615,.F.);
#9615 = EDGE_CURVE('',#9518,#9616,#9618,.T.);
#9616 = VERTEX_POINT('',#9617);
#9617 = CARTESIAN_POINT('',(75.521005859375,-45.50000030517,32.9));
#9618 = SURFACE_CURVE('',#9619,(#9623,#9630),.PCURVE_S1.);
#9619 = LINE('',#9620,#9621);
#9620 = CARTESIAN_POINT('',(76.319013671875,-44.29400421142,32.9));
#9621 = VECTOR('',#9622,1.);
#9622 = DIRECTION('',(-0.551829467722,-0.833956976441,0.));
#9623 = PCURVE('',#4181,#9624);
#9624 = DEFINITIONAL_REPRESENTATION('',(#9625),#9629);
#9625 = LINE('',#9626,#9627);
#9626 = CARTESIAN_POINT('',(5.925620715463E-15,0.));
#9627 = VECTOR('',#9628,1.);
#9628 = DIRECTION('',(1.,-0.));
#9629 = ( GEOMETRIC_REPRESENTATION_CONTEXT(2) 
PARAMETRIC_REPRESENTATION_CONTEXT() REPRESENTATION_CONTEXT('2D SPACE',''
  ) );
#9630 = PCURVE('',#9263,#9631);
#9631 = DEFINITIONAL_REPRESENTATION('',(#9632),#9636);
#9632 = LINE('',#9633,#9634);
#9633 = CARTESIAN_POINT('',(1.4280078125,1.20599609375));
#9634 = VECTOR('',#9635,1.);
#9635 = DIRECTION('',(-0.551829467722,-0.833956976441));
#9636 = ( GEOMETRIC_REPRESENTATION_CONTEXT(2) 
PARAMETRIC_REPRESENTATION_CONTEXT() REPRESENTATION_CONTEXT('2D SPACE',''
  ) );
#9637 = ORIENTED_EDGE('',*,*,#9542,.T.);
#9638 = ORIENTED_EDGE('',*,*,#4166,.F.);
#9639 = ORIENTED_EDGE('',*,*,#9640,.F.);
#9640 = EDGE_CURVE('',#9616,#4167,#9641,.T.);
#9641 = SURFACE_CURVE('',#9642,(#9646,#9653),.PCURVE_S1.);
#9642 = LINE('',#9643,#9644);
#9643 = CARTESIAN_POINT('',(75.521005859375,-45.50000030517,32.9));
#9644 = VECTOR('',#9645,1.);
#9645 = DIRECTION('',(0.,0.,1.));
#9646 = PCURVE('',#4181,#9647);
#9647 = DEFINITIONAL_REPRESENTATION('',(#9648),#9652);
#9648 = LINE('',#9649,#9650);
#9649 = CARTESIAN_POINT('',(1.446113082353,-0.));
#9650 = VECTOR('',#9651,1.);
#9651 = DIRECTION('',(0.,-1.));
#9652 = ( GEOMETRIC_REPRESENTATION_CONTEXT(2) 
PARAMETRIC_REPRESENTATION_CONTEXT() REPRESENTATION_CONTEXT('2D SPACE',''
  ) );
#9653 = PCURVE('',#4207,#9654);
#9654 = DEFINITIONAL_REPRESENTATION('',(#9655),#9659);
#9655 = LINE('',#9656,#9657);
#9656 = CARTESIAN_POINT('',(0.,-0.));
#9657 = VECTOR('',#9658,1.);
#9658 = DIRECTION('',(0.,-1.));
#9659 = ( GEOMETRIC_REPRESENTATION_CONTEXT(2) 
PARAMETRIC_REPRESENTATION_CONTEXT() REPRESENTATION_CONTEXT('2D SPACE',''
  ) );
#9660 = ADVANCED_FACE('',(#9661),#4285,.F.);
#9661 = FACE_BOUND('',#9662,.F.);
#9662 = EDGE_LOOP('',(#9663,#9686,#9707,#9708));
#9663 = ORIENTED_EDGE('',*,*,#9664,.F.);
#9664 = EDGE_CURVE('',#9665,#9567,#9667,.T.);
#9665 = VERTEX_POINT('',#9666);
#9666 = CARTESIAN_POINT('',(75.011005859375,-42.35599639892,32.9));
#9667 = SURFACE_CURVE('',#9668,(#9672,#9679),.PCURVE_S1.);
#9668 = LINE('',#9669,#9670);
#9669 = CARTESIAN_POINT('',(75.011005859375,-42.35599639892,32.9));
#9670 = VECTOR('',#9671,1.);
#9671 = DIRECTION('',(1.,0.,0.));
#9672 = PCURVE('',#4285,#9673);
#9673 = DEFINITIONAL_REPRESENTATION('',(#9674),#9678);
#9674 = LINE('',#9675,#9676);
#9675 = CARTESIAN_POINT('',(0.,0.));
#9676 = VECTOR('',#9677,1.);
#9677 = DIRECTION('',(1.,0.));
#9678 = ( GEOMETRIC_REPRESENTATION_CONTEXT(2) 
PARAMETRIC_REPRESENTATION_CONTEXT() REPRESENTATION_CONTEXT('2D SPACE',''
  ) );
#9679 = PCURVE('',#9263,#9680);
#9680 = DEFINITIONAL_REPRESENTATION('',(#9681),#9685);
#9681 = LINE('',#9682,#9683);
#9682 = CARTESIAN_POINT('',(0.12,3.14400390625));
#9683 = VECTOR('',#9684,1.);
#9684 = DIRECTION('',(1.,0.));
#9685 = ( GEOMETRIC_REPRESENTATION_CONTEXT(2) 
PARAMETRIC_REPRESENTATION_CONTEXT() REPRESENTATION_CONTEXT('2D SPACE',''
  ) );
#9686 = ORIENTED_EDGE('',*,*,#9687,.T.);
#9687 = EDGE_CURVE('',#9665,#4245,#9688,.T.);
#9688 = SURFACE_CURVE('',#9689,(#9693,#9700),.PCURVE_S1.);
#9689 = LINE('',#9690,#9691);
#9690 = CARTESIAN_POINT('',(75.011005859375,-42.35599639892,32.9));
#9691 = VECTOR('',#9692,1.);
#9692 = DIRECTION('',(0.,0.,1.));
#9693 = PCURVE('',#4285,#9694);
#9694 = DEFINITIONAL_REPRESENTATION('',(#9695),#9699);
#9695 = LINE('',#9696,#9697);
#9696 = CARTESIAN_POINT('',(0.,0.));
#9697 = VECTOR('',#9698,1.);
#9698 = DIRECTION('',(0.,-1.));
#9699 = ( GEOMETRIC_REPRESENTATION_CONTEXT(2) 
PARAMETRIC_REPRESENTATION_CONTEXT() REPRESENTATION_CONTEXT('2D SPACE',''
  ) );
#9700 = PCURVE('',#4259,#9701);
#9701 = DEFINITIONAL_REPRESENTATION('',(#9702),#9706);
#9702 = LINE('',#9703,#9704);
#9703 = CARTESIAN_POINT('',(1.865556255052,0.));
#9704 = VECTOR('',#9705,1.);
#9705 = DIRECTION('',(0.,-1.));
#9706 = ( GEOMETRIC_REPRESENTATION_CONTEXT(2) 
PARAMETRIC_REPRESENTATION_CONTEXT() REPRESENTATION_CONTEXT('2D SPACE',''
  ) );
#9707 = ORIENTED_EDGE('',*,*,#4270,.F.);
#9708 = ORIENTED_EDGE('',*,*,#9589,.F.);
#9709 = ADVANCED_FACE('',(#9710),#4207,.F.);
#9710 = FACE_BOUND('',#9711,.F.);
#9711 = EDGE_LOOP('',(#9712,#9735,#9736,#9737));
#9712 = ORIENTED_EDGE('',*,*,#9713,.F.);
#9713 = EDGE_CURVE('',#9616,#9714,#9716,.T.);
#9714 = VERTEX_POINT('',#9715);
#9715 = CARTESIAN_POINT('',(74.951005859375,-45.50000030517,32.9));
#9716 = SURFACE_CURVE('',#9717,(#9721,#9728),.PCURVE_S1.);
#9717 = LINE('',#9718,#9719);
#9718 = CARTESIAN_POINT('',(75.521005859375,-45.50000030517,32.9));
#9719 = VECTOR('',#9720,1.);
#9720 = DIRECTION('',(-1.,0.,0.));
#9721 = PCURVE('',#4207,#9722);
#9722 = DEFINITIONAL_REPRESENTATION('',(#9723),#9727);
#9723 = LINE('',#9724,#9725);
#9724 = CARTESIAN_POINT('',(1.42108547152E-14,0.));
#9725 = VECTOR('',#9726,1.);
#9726 = DIRECTION('',(1.,0.));
#9727 = ( GEOMETRIC_REPRESENTATION_CONTEXT(2) 
PARAMETRIC_REPRESENTATION_CONTEXT() REPRESENTATION_CONTEXT('2D SPACE',''
  ) );
#9728 = PCURVE('',#9263,#9729);
#9729 = DEFINITIONAL_REPRESENTATION('',(#9730),#9734);
#9730 = LINE('',#9731,#9732);
#9731 = CARTESIAN_POINT('',(0.63,0.));
#9732 = VECTOR('',#9733,1.);
#9733 = DIRECTION('',(-1.,0.));
#9734 = ( GEOMETRIC_REPRESENTATION_CONTEXT(2) 
PARAMETRIC_REPRESENTATION_CONTEXT() REPRESENTATION_CONTEXT('2D SPACE',''
  ) );
#9735 = ORIENTED_EDGE('',*,*,#9640,.T.);
#9736 = ORIENTED_EDGE('',*,*,#4192,.F.);
#9737 = ORIENTED_EDGE('',*,*,#9738,.F.);
#9738 = EDGE_CURVE('',#9714,#4193,#9739,.T.);
#9739 = SURFACE_CURVE('',#9740,(#9744,#9751),.PCURVE_S1.);
#9740 = LINE('',#9741,#9742);
#9741 = CARTESIAN_POINT('',(74.951005859375,-45.50000030517,32.9));
#9742 = VECTOR('',#9743,1.);
#9743 = DIRECTION('',(0.,0.,1.));
#9744 = PCURVE('',#4207,#9745);
#9745 = DEFINITIONAL_REPRESENTATION('',(#9746),#9750);
#9746 = LINE('',#9747,#9748);
#9747 = CARTESIAN_POINT('',(0.57,0.));
#9748 = VECTOR('',#9749,1.);
#9749 = DIRECTION('',(0.,-1.));
#9750 = ( GEOMETRIC_REPRESENTATION_CONTEXT(2) 
PARAMETRIC_REPRESENTATION_CONTEXT() REPRESENTATION_CONTEXT('2D SPACE',''
  ) );
#9751 = PCURVE('',#4233,#9752);
#9752 = DEFINITIONAL_REPRESENTATION('',(#9753),#9757);
#9753 = LINE('',#9754,#9755);
#9754 = CARTESIAN_POINT('',(0.,0.));
#9755 = VECTOR('',#9756,1.);
#9756 = DIRECTION('',(0.,-1.));
#9757 = ( GEOMETRIC_REPRESENTATION_CONTEXT(2) 
PARAMETRIC_REPRESENTATION_CONTEXT() REPRESENTATION_CONTEXT('2D SPACE',''
  ) );
#9758 = ADVANCED_FACE('',(#9759),#4259,.F.);
#9759 = FACE_BOUND('',#9760,.F.);
#9760 = EDGE_LOOP('',(#9761,#9784,#9805,#9806));
#9761 = ORIENTED_EDGE('',*,*,#9762,.F.);
#9762 = EDGE_CURVE('',#9763,#9665,#9765,.T.);
#9763 = VERTEX_POINT('',#9764);
#9764 = CARTESIAN_POINT('',(76.061005859375,-43.89800811767,32.9));
#9765 = SURFACE_CURVE('',#9766,(#9770,#9777),.PCURVE_S1.);
#9766 = LINE('',#9767,#9768);
#9767 = CARTESIAN_POINT('',(76.061005859375,-43.89800811767,32.9));
#9768 = VECTOR('',#9769,1.);
#9769 = DIRECTION('',(-0.562834809809,0.826569402329,0.));
#9770 = PCURVE('',#4259,#9771);
#9771 = DEFINITIONAL_REPRESENTATION('',(#9772),#9776);
#9772 = LINE('',#9773,#9774);
#9773 = CARTESIAN_POINT('',(0.,0.));
#9774 = VECTOR('',#9775,1.);
#9775 = DIRECTION('',(1.,0.));
#9776 = ( GEOMETRIC_REPRESENTATION_CONTEXT(2) 
PARAMETRIC_REPRESENTATION_CONTEXT() REPRESENTATION_CONTEXT('2D SPACE',''
  ) );
#9777 = PCURVE('',#9263,#9778);
#9778 = DEFINITIONAL_REPRESENTATION('',(#9779),#9783);
#9779 = LINE('',#9780,#9781);
#9780 = CARTESIAN_POINT('',(1.17,1.6019921875));
#9781 = VECTOR('',#9782,1.);
#9782 = DIRECTION('',(-0.562834809809,0.826569402329));
#9783 = ( GEOMETRIC_REPRESENTATION_CONTEXT(2) 
PARAMETRIC_REPRESENTATION_CONTEXT() REPRESENTATION_CONTEXT('2D SPACE',''
  ) );
#9784 = ORIENTED_EDGE('',*,*,#9785,.T.);
#9785 = EDGE_CURVE('',#9763,#4219,#9786,.T.);
#9786 = SURFACE_CURVE('',#9787,(#9791,#9798),.PCURVE_S1.);
#9787 = LINE('',#9788,#9789);
#9788 = CARTESIAN_POINT('',(76.061005859375,-43.89800811767,32.9));
#9789 = VECTOR('',#9790,1.);
#9790 = DIRECTION('',(0.,0.,1.));
#9791 = PCURVE('',#4259,#9792);
#9792 = DEFINITIONAL_REPRESENTATION('',(#9793),#9797);
#9793 = LINE('',#9794,#9795);
#9794 = CARTESIAN_POINT('',(0.,0.));
#9795 = VECTOR('',#9796,1.);
#9796 = DIRECTION('',(0.,-1.));
#9797 = ( GEOMETRIC_REPRESENTATION_CONTEXT(2) 
PARAMETRIC_REPRESENTATION_CONTEXT() REPRESENTATION_CONTEXT('2D SPACE',''
  ) );
#9798 = PCURVE('',#4233,#9799);
#9799 = DEFINITIONAL_REPRESENTATION('',(#9800),#9804);
#9800 = LINE('',#9801,#9802);
#9801 = CARTESIAN_POINT('',(1.948968693646,0.));
#9802 = VECTOR('',#9803,1.);
#9803 = DIRECTION('',(0.,-1.));
#9804 = ( GEOMETRIC_REPRESENTATION_CONTEXT(2) 
PARAMETRIC_REPRESENTATION_CONTEXT() REPRESENTATION_CONTEXT('2D SPACE',''
  ) );
#9805 = ORIENTED_EDGE('',*,*,#4244,.F.);
#9806 = ORIENTED_EDGE('',*,*,#9687,.F.);
#9807 = ADVANCED_FACE('',(#9808),#4233,.F.);
#9808 = FACE_BOUND('',#9809,.F.);
#9809 = EDGE_LOOP('',(#9810,#9831,#9832,#9833));
#9810 = ORIENTED_EDGE('',*,*,#9811,.F.);
#9811 = EDGE_CURVE('',#9714,#9763,#9812,.T.);
#9812 = SURFACE_CURVE('',#9813,(#9817,#9824),.PCURVE_S1.);
#9813 = LINE('',#9814,#9815);
#9814 = CARTESIAN_POINT('',(74.951005859375,-45.50000030517,32.9));
#9815 = VECTOR('',#9816,1.);
#9816 = DIRECTION('',(0.569531980487,0.821969174119,0.));
#9817 = PCURVE('',#4233,#9818);
#9818 = DEFINITIONAL_REPRESENTATION('',(#9819),#9823);
#9819 = LINE('',#9820,#9821);
#9820 = CARTESIAN_POINT('',(0.,0.));
#9821 = VECTOR('',#9822,1.);
#9822 = DIRECTION('',(1.,0.));
#9823 = ( GEOMETRIC_REPRESENTATION_CONTEXT(2) 
PARAMETRIC_REPRESENTATION_CONTEXT() REPRESENTATION_CONTEXT('2D SPACE',''
  ) );
#9824 = PCURVE('',#9263,#9825);
#9825 = DEFINITIONAL_REPRESENTATION('',(#9826),#9830);
#9826 = LINE('',#9827,#9828);
#9827 = CARTESIAN_POINT('',(6.E-02,0.));
#9828 = VECTOR('',#9829,1.);
#9829 = DIRECTION('',(0.569531980487,0.821969174119));
#9830 = ( GEOMETRIC_REPRESENTATION_CONTEXT(2) 
PARAMETRIC_REPRESENTATION_CONTEXT() REPRESENTATION_CONTEXT('2D SPACE',''
  ) );
#9831 = ORIENTED_EDGE('',*,*,#9738,.T.);
#9832 = ORIENTED_EDGE('',*,*,#4218,.F.);
#9833 = ORIENTED_EDGE('',*,*,#9785,.F.);
#9834 = ADVANCED_FACE('',(#9835),#4391,.F.);
#9835 = FACE_BOUND('',#9836,.F.);
#9836 = EDGE_LOOP('',(#9837,#9867,#9888,#9889));
#9837 = ORIENTED_EDGE('',*,*,#9838,.F.);
#9838 = EDGE_CURVE('',#9839,#9841,#9843,.T.);
#9839 = VERTEX_POINT('',#9840);
#9840 = CARTESIAN_POINT('',(78.047001953125,-45.50000030517,32.9));
#9841 = VERTEX_POINT('',#9842);
#9842 = CARTESIAN_POINT('',(78.047001953125,-42.35599639892,32.9));
#9843 = SURFACE_CURVE('',#9844,(#9848,#9855),.PCURVE_S1.);
#9844 = LINE('',#9845,#9846);
#9845 = CARTESIAN_POINT('',(78.047001953125,-45.50000030517,32.9));
#9846 = VECTOR('',#9847,1.);
#9847 = DIRECTION('',(0.,1.,0.));
#9848 = PCURVE('',#4391,#9849);
#9849 = DEFINITIONAL_REPRESENTATION('',(#9850),#9854);
#9850 = LINE('',#9851,#9852);
#9851 = CARTESIAN_POINT('',(0.,0.));
#9852 = VECTOR('',#9853,1.);
#9853 = DIRECTION('',(1.,0.));
#9854 = ( GEOMETRIC_REPRESENTATION_CONTEXT(2) 
PARAMETRIC_REPRESENTATION_CONTEXT() REPRESENTATION_CONTEXT('2D SPACE',''
  ) );
#9855 = PCURVE('',#9856,#9861);
#9856 = PLANE('',#9857);
#9857 = AXIS2_PLACEMENT_3D('',#9858,#9859,#9860);
#9858 = CARTESIAN_POINT('',(77.687001953125,-45.50000030517,32.9));
#9859 = DIRECTION('',(0.,0.,1.));
#9860 = DIRECTION('',(1.,0.,0.));
#9861 = DEFINITIONAL_REPRESENTATION('',(#9862),#9866);
#9862 = LINE('',#9863,#9864);
#9863 = CARTESIAN_POINT('',(0.36,0.));
#9864 = VECTOR('',#9865,1.);
#9865 = DIRECTION('',(0.,1.));
#9866 = ( GEOMETRIC_REPRESENTATION_CONTEXT(2) 
PARAMETRIC_REPRESENTATION_CONTEXT() REPRESENTATION_CONTEXT('2D SPACE',''
  ) );
#9867 = ORIENTED_EDGE('',*,*,#9868,.T.);
#9868 = EDGE_CURVE('',#9839,#4377,#9869,.T.);
#9869 = SURFACE_CURVE('',#9870,(#9874,#9881),.PCURVE_S1.);
#9870 = LINE('',#9871,#9872);
#9871 = CARTESIAN_POINT('',(78.047001953125,-45.50000030517,32.9));
#9872 = VECTOR('',#9873,1.);
#9873 = DIRECTION('',(0.,0.,1.));
#9874 = PCURVE('',#4391,#9875);
#9875 = DEFINITIONAL_REPRESENTATION('',(#9876),#9880);
#9876 = LINE('',#9877,#9878);
#9877 = CARTESIAN_POINT('',(0.,0.));
#9878 = VECTOR('',#9879,1.);
#9879 = DIRECTION('',(0.,-1.));
#9880 = ( GEOMETRIC_REPRESENTATION_CONTEXT(2) 
PARAMETRIC_REPRESENTATION_CONTEXT() REPRESENTATION_CONTEXT('2D SPACE',''
  ) );
#9881 = PCURVE('',#4973,#9882);
#9882 = DEFINITIONAL_REPRESENTATION('',(#9883),#9887);
#9883 = LINE('',#9884,#9885);
#9884 = CARTESIAN_POINT('',(0.50400390625,0.));
#9885 = VECTOR('',#9886,1.);
#9886 = DIRECTION('',(0.,-1.));
#9887 = ( GEOMETRIC_REPRESENTATION_CONTEXT(2) 
PARAMETRIC_REPRESENTATION_CONTEXT() REPRESENTATION_CONTEXT('2D SPACE',''
  ) );
#9888 = ORIENTED_EDGE('',*,*,#4374,.F.);
#9889 = ORIENTED_EDGE('',*,*,#9890,.F.);
#9890 = EDGE_CURVE('',#9841,#4375,#9891,.T.);
#9891 = SURFACE_CURVE('',#9892,(#9896,#9903),.PCURVE_S1.);
#9892 = LINE('',#9893,#9894);
#9893 = CARTESIAN_POINT('',(78.047001953125,-42.35599639892,32.9));
#9894 = VECTOR('',#9895,1.);
#9895 = DIRECTION('',(0.,0.,1.));
#9896 = PCURVE('',#4391,#9897);
#9897 = DEFINITIONAL_REPRESENTATION('',(#9898),#9902);
#9898 = LINE('',#9899,#9900);
#9899 = CARTESIAN_POINT('',(3.14400390625,0.));
#9900 = VECTOR('',#9901,1.);
#9901 = DIRECTION('',(0.,-1.));
#9902 = ( GEOMETRIC_REPRESENTATION_CONTEXT(2) 
PARAMETRIC_REPRESENTATION_CONTEXT() REPRESENTATION_CONTEXT('2D SPACE',''
  ) );
#9903 = PCURVE('',#4417,#9904);
#9904 = DEFINITIONAL_REPRESENTATION('',(#9905),#9909);
#9905 = LINE('',#9906,#9907);
#9906 = CARTESIAN_POINT('',(0.,0.));
#9907 = VECTOR('',#9908,1.);
#9908 = DIRECTION('',(0.,-1.));
#9909 = ( GEOMETRIC_REPRESENTATION_CONTEXT(2) 
PARAMETRIC_REPRESENTATION_CONTEXT() REPRESENTATION_CONTEXT('2D SPACE',''
  ) );
#9910 = ADVANCED_FACE('',(#9911),#4417,.F.);
#9911 = FACE_BOUND('',#9912,.F.);
#9912 = EDGE_LOOP('',(#9913,#9936,#9937,#9938));
#9913 = ORIENTED_EDGE('',*,*,#9914,.F.);
#9914 = EDGE_CURVE('',#9841,#9915,#9917,.T.);
#9915 = VERTEX_POINT('',#9916);
#9916 = CARTESIAN_POINT('',(78.508994140625,-42.35599639892,32.9));
#9917 = SURFACE_CURVE('',#9918,(#9922,#9929),.PCURVE_S1.);
#9918 = LINE('',#9919,#9920);
#9919 = CARTESIAN_POINT('',(78.047001953125,-42.35599639892,32.9));
#9920 = VECTOR('',#9921,1.);
#9921 = DIRECTION('',(1.,0.,0.));
#9922 = PCURVE('',#4417,#9923);
#9923 = DEFINITIONAL_REPRESENTATION('',(#9924),#9928);
#9924 = LINE('',#9925,#9926);
#9925 = CARTESIAN_POINT('',(0.,0.));
#9926 = VECTOR('',#9927,1.);
#9927 = DIRECTION('',(1.,0.));
#9928 = ( GEOMETRIC_REPRESENTATION_CONTEXT(2) 
PARAMETRIC_REPRESENTATION_CONTEXT() REPRESENTATION_CONTEXT('2D SPACE',''
  ) );
#9929 = PCURVE('',#9856,#9930);
#9930 = DEFINITIONAL_REPRESENTATION('',(#9931),#9935);
#9931 = LINE('',#9932,#9933);
#9932 = CARTESIAN_POINT('',(0.36,3.14400390625));
#9933 = VECTOR('',#9934,1.);
#9934 = DIRECTION('',(1.,0.));
#9935 = ( GEOMETRIC_REPRESENTATION_CONTEXT(2) 
PARAMETRIC_REPRESENTATION_CONTEXT() REPRESENTATION_CONTEXT('2D SPACE',''
  ) );
#9936 = ORIENTED_EDGE('',*,*,#9890,.T.);
#9937 = ORIENTED_EDGE('',*,*,#4402,.F.);
#9938 = ORIENTED_EDGE('',*,*,#9939,.F.);
#9939 = EDGE_CURVE('',#9915,#4403,#9940,.T.);
#9940 = SURFACE_CURVE('',#9941,(#9945,#9952),.PCURVE_S1.);
#9941 = LINE('',#9942,#9943);
#9942 = CARTESIAN_POINT('',(78.508994140625,-42.35599639892,32.9));
#9943 = VECTOR('',#9944,1.);
#9944 = DIRECTION('',(0.,0.,1.));
#9945 = PCURVE('',#4417,#9946);
#9946 = DEFINITIONAL_REPRESENTATION('',(#9947),#9951);
#9947 = LINE('',#9948,#9949);
#9948 = CARTESIAN_POINT('',(0.4619921875,0.));
#9949 = VECTOR('',#9950,1.);
#9950 = DIRECTION('',(0.,-1.));
#9951 = ( GEOMETRIC_REPRESENTATION_CONTEXT(2) 
PARAMETRIC_REPRESENTATION_CONTEXT() REPRESENTATION_CONTEXT('2D SPACE',''
  ) );
#9952 = PCURVE('',#4443,#9953);
#9953 = DEFINITIONAL_REPRESENTATION('',(#9954),#9958);
#9954 = LINE('',#9955,#9956);
#9955 = CARTESIAN_POINT('',(0.,0.));
#9956 = VECTOR('',#9957,1.);
#9957 = DIRECTION('',(0.,-1.));
#9958 = ( GEOMETRIC_REPRESENTATION_CONTEXT(2) 
PARAMETRIC_REPRESENTATION_CONTEXT() REPRESENTATION_CONTEXT('2D SPACE',''
  ) );
#9959 = ADVANCED_FACE('',(#9960),#4973,.F.);
#9960 = FACE_BOUND('',#9961,.F.);
#9961 = EDGE_LOOP('',(#9962,#9985,#10006,#10007));
#9962 = ORIENTED_EDGE('',*,*,#9963,.F.);
#9963 = EDGE_CURVE('',#9964,#9839,#9966,.T.);
#9964 = VERTEX_POINT('',#9965);
#9965 = CARTESIAN_POINT('',(78.551005859375,-45.50000030517,32.9));
#9966 = SURFACE_CURVE('',#9967,(#9971,#9978),.PCURVE_S1.);
#9967 = LINE('',#9968,#9969);
#9968 = CARTESIAN_POINT('',(78.551005859375,-45.50000030517,32.9));
#9969 = VECTOR('',#9970,1.);
#9970 = DIRECTION('',(-1.,0.,0.));
#9971 = PCURVE('',#4973,#9972);
#9972 = DEFINITIONAL_REPRESENTATION('',(#9973),#9977);
#9973 = LINE('',#9974,#9975);
#9974 = CARTESIAN_POINT('',(0.,-0.));
#9975 = VECTOR('',#9976,1.);
#9976 = DIRECTION('',(1.,0.));
#9977 = ( GEOMETRIC_REPRESENTATION_CONTEXT(2) 
PARAMETRIC_REPRESENTATION_CONTEXT() REPRESENTATION_CONTEXT('2D SPACE',''
  ) );
#9978 = PCURVE('',#9856,#9979);
#9979 = DEFINITIONAL_REPRESENTATION('',(#9980),#9984);
#9980 = LINE('',#9981,#9982);
#9981 = CARTESIAN_POINT('',(0.86400390625,0.));
#9982 = VECTOR('',#9983,1.);
#9983 = DIRECTION('',(-1.,0.));
#9984 = ( GEOMETRIC_REPRESENTATION_CONTEXT(2) 
PARAMETRIC_REPRESENTATION_CONTEXT() REPRESENTATION_CONTEXT('2D SPACE',''
  ) );
#9985 = ORIENTED_EDGE('',*,*,#9986,.T.);
#9986 = EDGE_CURVE('',#9964,#4935,#9987,.T.);
#9987 = SURFACE_CURVE('',#9988,(#9992,#9999),.PCURVE_S1.);
#9988 = LINE('',#9989,#9990);
#9989 = CARTESIAN_POINT('',(78.551005859375,-45.50000030517,32.9));
#9990 = VECTOR('',#9991,1.);
#9991 = DIRECTION('',(0.,0.,1.));
#9992 = PCURVE('',#4973,#9993);
#9993 = DEFINITIONAL_REPRESENTATION('',(#9994),#9998);
#9994 = LINE('',#9995,#9996);
#9995 = CARTESIAN_POINT('',(0.,-0.));
#9996 = VECTOR('',#9997,1.);
#9997 = DIRECTION('',(0.,-1.));
#9998 = ( GEOMETRIC_REPRESENTATION_CONTEXT(2) 
PARAMETRIC_REPRESENTATION_CONTEXT() REPRESENTATION_CONTEXT('2D SPACE',''
  ) );
#9999 = PCURVE('',#4949,#10000);
#10000 = DEFINITIONAL_REPRESENTATION('',(#10001),#10005);
#10001 = LINE('',#10002,#10003);
#10002 = CARTESIAN_POINT('',(1.73400390625,0.));
#10003 = VECTOR('',#10004,1.);
#10004 = DIRECTION('',(0.,-1.));
#10005 = ( GEOMETRIC_REPRESENTATION_CONTEXT(2) 
PARAMETRIC_REPRESENTATION_CONTEXT() REPRESENTATION_CONTEXT('2D SPACE',''
  ) );
#10006 = ORIENTED_EDGE('',*,*,#4960,.F.);
#10007 = ORIENTED_EDGE('',*,*,#9868,.F.);
#10008 = ADVANCED_FACE('',(#10009),#4443,.F.);
#10009 = FACE_BOUND('',#10010,.F.);
#10010 = EDGE_LOOP('',(#10011,#10034,#10035,#10036));
#10011 = ORIENTED_EDGE('',*,*,#10012,.F.);
#10012 = EDGE_CURVE('',#9915,#10013,#10015,.T.);
#10013 = VERTEX_POINT('',#10014);
#10014 = CARTESIAN_POINT('',(78.508994140625,-42.88400421142,32.9));
#10015 = SURFACE_CURVE('',#10016,(#10020,#10027),.PCURVE_S1.);
#10016 = LINE('',#10017,#10018);
#10017 = CARTESIAN_POINT('',(78.508994140625,-42.35599639892,32.9));
#10018 = VECTOR('',#10019,1.);
#10019 = DIRECTION('',(0.,-1.,0.));
#10020 = PCURVE('',#4443,#10021);
#10021 = DEFINITIONAL_REPRESENTATION('',(#10022),#10026);
#10022 = LINE('',#10023,#10024);
#10023 = CARTESIAN_POINT('',(0.,0.));
#10024 = VECTOR('',#10025,1.);
#10025 = DIRECTION('',(1.,0.));
#10026 = ( GEOMETRIC_REPRESENTATION_CONTEXT(2) 
PARAMETRIC_REPRESENTATION_CONTEXT() REPRESENTATION_CONTEXT('2D SPACE',''
  ) );
#10027 = PCURVE('',#9856,#10028);
#10028 = DEFINITIONAL_REPRESENTATION('',(#10029),#10033);
#10029 = LINE('',#10030,#10031);
#10030 = CARTESIAN_POINT('',(0.8219921875,3.14400390625));
#10031 = VECTOR('',#10032,1.);
#10032 = DIRECTION('',(0.,-1.));
#10033 = ( GEOMETRIC_REPRESENTATION_CONTEXT(2) 
PARAMETRIC_REPRESENTATION_CONTEXT() REPRESENTATION_CONTEXT('2D SPACE',''
  ) );
#10034 = ORIENTED_EDGE('',*,*,#9939,.T.);
#10035 = ORIENTED_EDGE('',*,*,#4428,.F.);
#10036 = ORIENTED_EDGE('',*,*,#10037,.F.);
#10037 = EDGE_CURVE('',#10013,#4429,#10038,.T.);
#10038 = SURFACE_CURVE('',#10039,(#10043,#10050),.PCURVE_S1.);
#10039 = LINE('',#10040,#10041);
#10040 = CARTESIAN_POINT('',(78.508994140625,-42.88400421142,32.9));
#10041 = VECTOR('',#10042,1.);
#10042 = DIRECTION('',(0.,0.,1.));
#10043 = PCURVE('',#4443,#10044);
#10044 = DEFINITIONAL_REPRESENTATION('',(#10045),#10049);
#10045 = LINE('',#10046,#10047);
#10046 = CARTESIAN_POINT('',(0.5280078125,0.));
#10047 = VECTOR('',#10048,1.);
#10048 = DIRECTION('',(0.,-1.));
#10049 = ( GEOMETRIC_REPRESENTATION_CONTEXT(2) 
PARAMETRIC_REPRESENTATION_CONTEXT() REPRESENTATION_CONTEXT('2D SPACE',''
  ) );
#10050 = PCURVE('',#4478,#10051);
#10051 = DEFINITIONAL_REPRESENTATION('',(#10052),#10056);
#10052 = LINE('',#10053,#10054);
#10053 = CARTESIAN_POINT('',(0.,0.));
#10054 = VECTOR('',#10055,1.);
#10055 = DIRECTION('',(0.,-1.));
#10056 = ( GEOMETRIC_REPRESENTATION_CONTEXT(2) 
PARAMETRIC_REPRESENTATION_CONTEXT() REPRESENTATION_CONTEXT('2D SPACE',''
  ) );
#10057 = ADVANCED_FACE('',(#10058),#4949,.F.);
#10058 = FACE_BOUND('',#10059,.F.);
#10059 = EDGE_LOOP('',(#10060,#10083,#10104,#10105));
#10060 = ORIENTED_EDGE('',*,*,#10061,.F.);
#10061 = EDGE_CURVE('',#10062,#9964,#10064,.T.);
#10062 = VERTEX_POINT('',#10063);
#10063 = CARTESIAN_POINT('',(78.551005859375,-43.76599639892,32.9));
#10064 = SURFACE_CURVE('',#10065,(#10069,#10076),.PCURVE_S1.);
#10065 = LINE('',#10066,#10067);
#10066 = CARTESIAN_POINT('',(78.551005859375,-43.76599639892,32.9));
#10067 = VECTOR('',#10068,1.);
#10068 = DIRECTION('',(0.,-1.,0.));
#10069 = PCURVE('',#4949,#10070);
#10070 = DEFINITIONAL_REPRESENTATION('',(#10071),#10075);
#10071 = LINE('',#10072,#10073);
#10072 = CARTESIAN_POINT('',(0.,0.));
#10073 = VECTOR('',#10074,1.);
#10074 = DIRECTION('',(1.,0.));
#10075 = ( GEOMETRIC_REPRESENTATION_CONTEXT(2) 
PARAMETRIC_REPRESENTATION_CONTEXT() REPRESENTATION_CONTEXT('2D SPACE',''
  ) );
#10076 = PCURVE('',#9856,#10077);
#10077 = DEFINITIONAL_REPRESENTATION('',(#10078),#10082);
#10078 = LINE('',#10079,#10080);
#10079 = CARTESIAN_POINT('',(0.86400390625,1.73400390625));
#10080 = VECTOR('',#10081,1.);
#10081 = DIRECTION('',(0.,-1.));
#10082 = ( GEOMETRIC_REPRESENTATION_CONTEXT(2) 
PARAMETRIC_REPRESENTATION_CONTEXT() REPRESENTATION_CONTEXT('2D SPACE',''
  ) );
#10083 = ORIENTED_EDGE('',*,*,#10084,.T.);
#10084 = EDGE_CURVE('',#10062,#4884,#10085,.T.);
#10085 = SURFACE_CURVE('',#10086,(#10090,#10097),.PCURVE_S1.);
#10086 = LINE('',#10087,#10088);
#10087 = CARTESIAN_POINT('',(78.551005859375,-43.76599639892,32.9));
#10088 = VECTOR('',#10089,1.);
#10089 = DIRECTION('',(0.,0.,1.));
#10090 = PCURVE('',#4949,#10091);
#10091 = DEFINITIONAL_REPRESENTATION('',(#10092),#10096);
#10092 = LINE('',#10093,#10094);
#10093 = CARTESIAN_POINT('',(0.,0.));
#10094 = VECTOR('',#10095,1.);
#10095 = DIRECTION('',(0.,-1.));
#10096 = ( GEOMETRIC_REPRESENTATION_CONTEXT(2) 
PARAMETRIC_REPRESENTATION_CONTEXT() REPRESENTATION_CONTEXT('2D SPACE',''
  ) );
#10097 = PCURVE('',#4913,#10098);
#10098 = DEFINITIONAL_REPRESENTATION('',(#10099),#10103);
#10099 = LINE('',#10100,#10101);
#10100 = CARTESIAN_POINT('',(1.,0.));
#10101 = VECTOR('',#10102,1.);
#10102 = DIRECTION('',(0.,-1.));
#10103 = ( GEOMETRIC_REPRESENTATION_CONTEXT(2) 
PARAMETRIC_REPRESENTATION_CONTEXT() REPRESENTATION_CONTEXT('2D SPACE',''
  ) );
#10104 = ORIENTED_EDGE('',*,*,#4934,.F.);
#10105 = ORIENTED_EDGE('',*,*,#9986,.F.);
#10106 = ADVANCED_FACE('',(#10107),#4478,.F.);
#10107 = FACE_BOUND('',#10108,.F.);
#10108 = EDGE_LOOP('',(#10109,#10132,#10133,#10134));
#10109 = ORIENTED_EDGE('',*,*,#10110,.F.);
#10110 = EDGE_CURVE('',#10013,#10111,#10113,.T.);
#10111 = VERTEX_POINT('',#10112);
#10112 = CARTESIAN_POINT('',(78.962001953125,-42.41000030517,32.9));
#10113 = SURFACE_CURVE('',#10114,(#10118,#10125),.PCURVE_S1.);
#10114 = B_SPLINE_CURVE_WITH_KNOTS('',2,(#10115,#10116,#10117),
  .UNSPECIFIED.,.F.,.F.,(3,3),(0.,1.),.PIECEWISE_BEZIER_KNOTS.);
#10115 = CARTESIAN_POINT('',(78.508994140625,-42.88400421142,32.9));
#10116 = CARTESIAN_POINT('',(78.718994140625,-42.55400421142,32.9));
#10117 = CARTESIAN_POINT('',(78.962001953125,-42.41000030517,32.9));
#10118 = PCURVE('',#4478,#10119);
#10119 = DEFINITIONAL_REPRESENTATION('',(#10120),#10124);
#10120 = LINE('',#10121,#10122);
#10121 = CARTESIAN_POINT('',(0.,0.));
#10122 = VECTOR('',#10123,1.);
#10123 = DIRECTION('',(1.,0.));
#10124 = ( GEOMETRIC_REPRESENTATION_CONTEXT(2) 
PARAMETRIC_REPRESENTATION_CONTEXT() REPRESENTATION_CONTEXT('2D SPACE',''
  ) );
#10125 = PCURVE('',#9856,#10126);
#10126 = DEFINITIONAL_REPRESENTATION('',(#10127),#10131);
#10127 = B_SPLINE_CURVE_WITH_KNOTS('',2,(#10128,#10129,#10130),
  .UNSPECIFIED.,.F.,.F.,(3,3),(0.,1.),.PIECEWISE_BEZIER_KNOTS.);
#10128 = CARTESIAN_POINT('',(0.8219921875,2.61599609375));
#10129 = CARTESIAN_POINT('',(1.0319921875,2.94599609375));
#10130 = CARTESIAN_POINT('',(1.275,3.09));
#10131 = ( GEOMETRIC_REPRESENTATION_CONTEXT(2) 
PARAMETRIC_REPRESENTATION_CONTEXT() REPRESENTATION_CONTEXT('2D SPACE',''
  ) );
#10132 = ORIENTED_EDGE('',*,*,#10037,.T.);
#10133 = ORIENTED_EDGE('',*,*,#4454,.F.);
#10134 = ORIENTED_EDGE('',*,*,#10135,.F.);
#10135 = EDGE_CURVE('',#10111,#4455,#10136,.T.);
#10136 = SURFACE_CURVE('',#10137,(#10141,#10148),.PCURVE_S1.);
#10137 = LINE('',#10138,#10139);
#10138 = CARTESIAN_POINT('',(78.962001953125,-42.41000030517,32.9));
#10139 = VECTOR('',#10140,1.);
#10140 = DIRECTION('',(0.,0.,1.));
#10141 = PCURVE('',#4478,#10142);
#10142 = DEFINITIONAL_REPRESENTATION('',(#10143),#10147);
#10143 = LINE('',#10144,#10145);
#10144 = CARTESIAN_POINT('',(1.,0.));
#10145 = VECTOR('',#10146,1.);
#10146 = DIRECTION('',(0.,-1.));
#10147 = ( GEOMETRIC_REPRESENTATION_CONTEXT(2) 
PARAMETRIC_REPRESENTATION_CONTEXT() REPRESENTATION_CONTEXT('2D SPACE',''
  ) );
#10148 = PCURVE('',#4520,#10149);
#10149 = DEFINITIONAL_REPRESENTATION('',(#10150),#10154);
#10150 = LINE('',#10151,#10152);
#10151 = CARTESIAN_POINT('',(0.,0.));
#10152 = VECTOR('',#10153,1.);
#10153 = DIRECTION('',(0.,-1.));
#10154 = ( GEOMETRIC_REPRESENTATION_CONTEXT(2) 
PARAMETRIC_REPRESENTATION_CONTEXT() REPRESENTATION_CONTEXT('2D SPACE',''
  ) );
#10155 = ADVANCED_FACE('',(#10156),#4913,.F.);
#10156 = FACE_BOUND('',#10157,.F.);
#10157 = EDGE_LOOP('',(#10158,#10181,#10202,#10203));
#10158 = ORIENTED_EDGE('',*,*,#10159,.F.);
#10159 = EDGE_CURVE('',#10160,#10062,#10162,.T.);
#10160 = VERTEX_POINT('',#10161);
#10161 = CARTESIAN_POINT('',(78.785,-42.99500030517,32.9));
#10162 = SURFACE_CURVE('',#10163,(#10167,#10174),.PCURVE_S1.);
#10163 = B_SPLINE_CURVE_WITH_KNOTS('',2,(#10164,#10165,#10166),
  .UNSPECIFIED.,.F.,.F.,(3,3),(0.,1.),.PIECEWISE_BEZIER_KNOTS.);
#10164 = CARTESIAN_POINT('',(78.785,-42.99500030517,32.9));
#10165 = CARTESIAN_POINT('',(78.551005859375,-43.28599639892,32.9));
#10166 = CARTESIAN_POINT('',(78.551005859375,-43.76599639892,32.9));
#10167 = PCURVE('',#4913,#10168);
#10168 = DEFINITIONAL_REPRESENTATION('',(#10169),#10173);
#10169 = LINE('',#10170,#10171);
#10170 = CARTESIAN_POINT('',(0.,0.));
#10171 = VECTOR('',#10172,1.);
#10172 = DIRECTION('',(1.,0.));
#10173 = ( GEOMETRIC_REPRESENTATION_CONTEXT(2) 
PARAMETRIC_REPRESENTATION_CONTEXT() REPRESENTATION_CONTEXT('2D SPACE',''
  ) );
#10174 = PCURVE('',#9856,#10175);
#10175 = DEFINITIONAL_REPRESENTATION('',(#10176),#10180);
#10176 = B_SPLINE_CURVE_WITH_KNOTS('',2,(#10177,#10178,#10179),
  .UNSPECIFIED.,.F.,.F.,(3,3),(0.,1.),.PIECEWISE_BEZIER_KNOTS.);
#10177 = CARTESIAN_POINT('',(1.097998046875,2.505));
#10178 = CARTESIAN_POINT('',(0.86400390625,2.21400390625));
#10179 = CARTESIAN_POINT('',(0.86400390625,1.73400390625));
#10180 = ( GEOMETRIC_REPRESENTATION_CONTEXT(2) 
PARAMETRIC_REPRESENTATION_CONTEXT() REPRESENTATION_CONTEXT('2D SPACE',''
  ) );
#10181 = ORIENTED_EDGE('',*,*,#10182,.T.);
#10182 = EDGE_CURVE('',#10160,#4833,#10183,.T.);
#10183 = SURFACE_CURVE('',#10184,(#10188,#10195),.PCURVE_S1.);
#10184 = LINE('',#10185,#10186);
#10185 = CARTESIAN_POINT('',(78.785,-42.99500030517,32.9));
#10186 = VECTOR('',#10187,1.);
#10187 = DIRECTION('',(0.,0.,1.));
#10188 = PCURVE('',#4913,#10189);
#10189 = DEFINITIONAL_REPRESENTATION('',(#10190),#10194);
#10190 = LINE('',#10191,#10192);
#10191 = CARTESIAN_POINT('',(0.,0.));
#10192 = VECTOR('',#10193,1.);
#10193 = DIRECTION('',(0.,-1.));
#10194 = ( GEOMETRIC_REPRESENTATION_CONTEXT(2) 
PARAMETRIC_REPRESENTATION_CONTEXT() REPRESENTATION_CONTEXT('2D SPACE',''
  ) );
#10195 = PCURVE('',#4862,#10196);
#10196 = DEFINITIONAL_REPRESENTATION('',(#10197),#10201);
#10197 = LINE('',#10198,#10199);
#10198 = CARTESIAN_POINT('',(1.,0.));
#10199 = VECTOR('',#10200,1.);
#10200 = DIRECTION('',(0.,-1.));
#10201 = ( GEOMETRIC_REPRESENTATION_CONTEXT(2) 
PARAMETRIC_REPRESENTATION_CONTEXT() REPRESENTATION_CONTEXT('2D SPACE',''
  ) );
#10202 = ORIENTED_EDGE('',*,*,#4883,.F.);
#10203 = ORIENTED_EDGE('',*,*,#10084,.F.);
#10204 = ADVANCED_FACE('',(#10205),#4520,.F.);
#10205 = FACE_BOUND('',#10206,.F.);
#10206 = EDGE_LOOP('',(#10207,#10230,#10231,#10232));
#10207 = ORIENTED_EDGE('',*,*,#10208,.F.);
#10208 = EDGE_CURVE('',#10111,#10209,#10211,.T.);
#10209 = VERTEX_POINT('',#10210);
#10210 = CARTESIAN_POINT('',(79.552998046875,-42.26599639892,32.9));
#10211 = SURFACE_CURVE('',#10212,(#10216,#10223),.PCURVE_S1.);
#10212 = B_SPLINE_CURVE_WITH_KNOTS('',2,(#10213,#10214,#10215),
  .UNSPECIFIED.,.F.,.F.,(3,3),(0.,1.),.PIECEWISE_BEZIER_KNOTS.);
#10213 = CARTESIAN_POINT('',(78.962001953125,-42.41000030517,32.9));
#10214 = CARTESIAN_POINT('',(79.205009765625,-42.26599639892,32.9));
#10215 = CARTESIAN_POINT('',(79.552998046875,-42.26599639892,32.9));
#10216 = PCURVE('',#4520,#10217);
#10217 = DEFINITIONAL_REPRESENTATION('',(#10218),#10222);
#10218 = LINE('',#10219,#10220);
#10219 = CARTESIAN_POINT('',(0.,0.));
#10220 = VECTOR('',#10221,1.);
#10221 = DIRECTION('',(1.,0.));
#10222 = ( GEOMETRIC_REPRESENTATION_CONTEXT(2) 
PARAMETRIC_REPRESENTATION_CONTEXT() REPRESENTATION_CONTEXT('2D SPACE',''
  ) );
#10223 = PCURVE('',#9856,#10224);
#10224 = DEFINITIONAL_REPRESENTATION('',(#10225),#10229);
#10225 = B_SPLINE_CURVE_WITH_KNOTS('',2,(#10226,#10227,#10228),
  .UNSPECIFIED.,.F.,.F.,(3,3),(0.,1.),.PIECEWISE_BEZIER_KNOTS.);
#10226 = CARTESIAN_POINT('',(1.275,3.09));
#10227 = CARTESIAN_POINT('',(1.5180078125,3.23400390625));
#10228 = CARTESIAN_POINT('',(1.86599609375,3.23400390625));
#10229 = ( GEOMETRIC_REPRESENTATION_CONTEXT(2) 
PARAMETRIC_REPRESENTATION_CONTEXT() REPRESENTATION_CONTEXT('2D SPACE',''
  ) );
#10230 = ORIENTED_EDGE('',*,*,#10135,.T.);
#10231 = ORIENTED_EDGE('',*,*,#4496,.F.);
#10232 = ORIENTED_EDGE('',*,*,#10233,.F.);
#10233 = EDGE_CURVE('',#10209,#4497,#10234,.T.);
#10234 = SURFACE_CURVE('',#10235,(#10239,#10246),.PCURVE_S1.);
#10235 = LINE('',#10236,#10237);
#10236 = CARTESIAN_POINT('',(79.552998046875,-42.26599639892,32.9));
#10237 = VECTOR('',#10238,1.);
#10238 = DIRECTION('',(0.,0.,1.));
#10239 = PCURVE('',#4520,#10240);
#10240 = DEFINITIONAL_REPRESENTATION('',(#10241),#10245);
#10241 = LINE('',#10242,#10243);
#10242 = CARTESIAN_POINT('',(1.,0.));
#10243 = VECTOR('',#10244,1.);
#10244 = DIRECTION('',(0.,-1.));
#10245 = ( GEOMETRIC_REPRESENTATION_CONTEXT(2) 
PARAMETRIC_REPRESENTATION_CONTEXT() REPRESENTATION_CONTEXT('2D SPACE',''
  ) );
#10246 = PCURVE('',#4576,#10247);
#10247 = DEFINITIONAL_REPRESENTATION('',(#10248),#10252);
#10248 = LINE('',#10249,#10250);
#10249 = CARTESIAN_POINT('',(0.,0.));
#10250 = VECTOR('',#10251,1.);
#10251 = DIRECTION('',(0.,-1.));
#10252 = ( GEOMETRIC_REPRESENTATION_CONTEXT(2) 
PARAMETRIC_REPRESENTATION_CONTEXT() REPRESENTATION_CONTEXT('2D SPACE',''
  ) );
#10253 = ADVANCED_FACE('',(#10254),#4862,.F.);
#10254 = FACE_BOUND('',#10255,.F.);
#10255 = EDGE_LOOP('',(#10256,#10279,#10300,#10301));
#10256 = ORIENTED_EDGE('',*,*,#10257,.F.);
#10257 = EDGE_CURVE('',#10258,#10160,#10260,.T.);
#10258 = VERTEX_POINT('',#10259);
#10259 = CARTESIAN_POINT('',(79.402998046875,-42.70400421142,32.9));
#10260 = SURFACE_CURVE('',#10261,(#10265,#10272),.PCURVE_S1.);
#10261 = B_SPLINE_CURVE_WITH_KNOTS('',2,(#10262,#10263,#10264),
  .UNSPECIFIED.,.F.,.F.,(3,3),(0.,1.),.PIECEWISE_BEZIER_KNOTS.);
#10262 = CARTESIAN_POINT('',(79.402998046875,-42.70400421142,32.9));
#10263 = CARTESIAN_POINT('',(79.018994140625,-42.70400421142,32.9));
#10264 = CARTESIAN_POINT('',(78.785,-42.99500030517,32.9));
#10265 = PCURVE('',#4862,#10266);
#10266 = DEFINITIONAL_REPRESENTATION('',(#10267),#10271);
#10267 = LINE('',#10268,#10269);
#10268 = CARTESIAN_POINT('',(0.,0.));
#10269 = VECTOR('',#10270,1.);
#10270 = DIRECTION('',(1.,0.));
#10271 = ( GEOMETRIC_REPRESENTATION_CONTEXT(2) 
PARAMETRIC_REPRESENTATION_CONTEXT() REPRESENTATION_CONTEXT('2D SPACE',''
  ) );
#10272 = PCURVE('',#9856,#10273);
#10273 = DEFINITIONAL_REPRESENTATION('',(#10274),#10278);
#10274 = B_SPLINE_CURVE_WITH_KNOTS('',2,(#10275,#10276,#10277),
  .UNSPECIFIED.,.F.,.F.,(3,3),(0.,1.),.PIECEWISE_BEZIER_KNOTS.);
#10275 = CARTESIAN_POINT('',(1.71599609375,2.79599609375));
#10276 = CARTESIAN_POINT('',(1.3319921875,2.79599609375));
#10277 = CARTESIAN_POINT('',(1.097998046875,2.505));
#10278 = ( GEOMETRIC_REPRESENTATION_CONTEXT(2) 
PARAMETRIC_REPRESENTATION_CONTEXT() REPRESENTATION_CONTEXT('2D SPACE',''
  ) );
#10279 = ORIENTED_EDGE('',*,*,#10280,.T.);
#10280 = EDGE_CURVE('',#10258,#4782,#10281,.T.);
#10281 = SURFACE_CURVE('',#10282,(#10286,#10293),.PCURVE_S1.);
#10282 = LINE('',#10283,#10284);
#10283 = CARTESIAN_POINT('',(79.402998046875,-42.70400421142,32.9));
#10284 = VECTOR('',#10285,1.);
#10285 = DIRECTION('',(0.,0.,1.));
#10286 = PCURVE('',#4862,#10287);
#10287 = DEFINITIONAL_REPRESENTATION('',(#10288),#10292);
#10288 = LINE('',#10289,#10290);
#10289 = CARTESIAN_POINT('',(0.,0.));
#10290 = VECTOR('',#10291,1.);
#10291 = DIRECTION('',(0.,-1.));
#10292 = ( GEOMETRIC_REPRESENTATION_CONTEXT(2) 
PARAMETRIC_REPRESENTATION_CONTEXT() REPRESENTATION_CONTEXT('2D SPACE',''
  ) );
#10293 = PCURVE('',#4811,#10294);
#10294 = DEFINITIONAL_REPRESENTATION('',(#10295),#10299);
#10295 = LINE('',#10296,#10297);
#10296 = CARTESIAN_POINT('',(1.,0.));
#10297 = VECTOR('',#10298,1.);
#10298 = DIRECTION('',(0.,-1.));
#10299 = ( GEOMETRIC_REPRESENTATION_CONTEXT(2) 
PARAMETRIC_REPRESENTATION_CONTEXT() REPRESENTATION_CONTEXT('2D SPACE',''
  ) );
#10300 = ORIENTED_EDGE('',*,*,#4832,.F.);
#10301 = ORIENTED_EDGE('',*,*,#10182,.F.);
#10302 = ADVANCED_FACE('',(#10303),#4576,.F.);
#10303 = FACE_BOUND('',#10304,.F.);
#10304 = EDGE_LOOP('',(#10305,#10328,#10329,#10330));
#10305 = ORIENTED_EDGE('',*,*,#10306,.F.);
#10306 = EDGE_CURVE('',#10209,#10307,#10309,.T.);
#10307 = VERTEX_POINT('',#10308);
#10308 = CARTESIAN_POINT('',(80.278994140625,-42.50000030517,32.9));
#10309 = SURFACE_CURVE('',#10310,(#10314,#10321),.PCURVE_S1.);
#10310 = B_SPLINE_CURVE_WITH_KNOTS('',2,(#10311,#10312,#10313),
  .UNSPECIFIED.,.F.,.F.,(3,3),(0.,1.),.PIECEWISE_BEZIER_KNOTS.);
#10311 = CARTESIAN_POINT('',(79.552998046875,-42.26599639892,32.9));
#10312 = CARTESIAN_POINT('',(80.008994140625,-42.26599639892,32.9));
#10313 = CARTESIAN_POINT('',(80.278994140625,-42.50000030517,32.9));
#10314 = PCURVE('',#4576,#10315);
#10315 = DEFINITIONAL_REPRESENTATION('',(#10316),#10320);
#10316 = LINE('',#10317,#10318);
#10317 = CARTESIAN_POINT('',(0.,0.));
#10318 = VECTOR('',#10319,1.);
#10319 = DIRECTION('',(1.,0.));
#10320 = ( GEOMETRIC_REPRESENTATION_CONTEXT(2) 
PARAMETRIC_REPRESENTATION_CONTEXT() REPRESENTATION_CONTEXT('2D SPACE',''
  ) );
#10321 = PCURVE('',#9856,#10322);
#10322 = DEFINITIONAL_REPRESENTATION('',(#10323),#10327);
#10323 = B_SPLINE_CURVE_WITH_KNOTS('',2,(#10324,#10325,#10326),
  .UNSPECIFIED.,.F.,.F.,(3,3),(0.,1.),.PIECEWISE_BEZIER_KNOTS.);
#10324 = CARTESIAN_POINT('',(1.86599609375,3.23400390625));
#10325 = CARTESIAN_POINT('',(2.3219921875,3.23400390625));
#10326 = CARTESIAN_POINT('',(2.5919921875,3.));
#10327 = ( GEOMETRIC_REPRESENTATION_CONTEXT(2) 
PARAMETRIC_REPRESENTATION_CONTEXT() REPRESENTATION_CONTEXT('2D SPACE',''
  ) );
#10328 = ORIENTED_EDGE('',*,*,#10233,.T.);
#10329 = ORIENTED_EDGE('',*,*,#4538,.F.);
#10330 = ORIENTED_EDGE('',*,*,#10331,.F.);
#10331 = EDGE_CURVE('',#10307,#4539,#10332,.T.);
#10332 = SURFACE_CURVE('',#10333,(#10337,#10344),.PCURVE_S1.);
#10333 = LINE('',#10334,#10335);
#10334 = CARTESIAN_POINT('',(80.278994140625,-42.50000030517,32.9));
#10335 = VECTOR('',#10336,1.);
#10336 = DIRECTION('',(0.,0.,1.));
#10337 = PCURVE('',#4576,#10338);
#10338 = DEFINITIONAL_REPRESENTATION('',(#10339),#10343);
#10339 = LINE('',#10340,#10341);
#10340 = CARTESIAN_POINT('',(1.,0.));
#10341 = VECTOR('',#10342,1.);
#10342 = DIRECTION('',(0.,-1.));
#10343 = ( GEOMETRIC_REPRESENTATION_CONTEXT(2) 
PARAMETRIC_REPRESENTATION_CONTEXT() REPRESENTATION_CONTEXT('2D SPACE',''
  ) );
#10344 = PCURVE('',#4631,#10345);
#10345 = DEFINITIONAL_REPRESENTATION('',(#10346),#10350);
#10346 = LINE('',#10347,#10348);
#10347 = CARTESIAN_POINT('',(0.,0.));
#10348 = VECTOR('',#10349,1.);
#10349 = DIRECTION('',(0.,-1.));
#10350 = ( GEOMETRIC_REPRESENTATION_CONTEXT(2) 
PARAMETRIC_REPRESENTATION_CONTEXT() REPRESENTATION_CONTEXT('2D SPACE',''
  ) );
#10351 = ADVANCED_FACE('',(#10352),#4811,.F.);
#10352 = FACE_BOUND('',#10353,.F.);
#10353 = EDGE_LOOP('',(#10354,#10377,#10398,#10399));
#10354 = ORIENTED_EDGE('',*,*,#10355,.F.);
#10355 = EDGE_CURVE('',#10356,#10258,#10358,.T.);
#10356 = VERTEX_POINT('',#10357);
#10357 = CARTESIAN_POINT('',(79.877001953125,-42.8720022583,32.9));
#10358 = SURFACE_CURVE('',#10359,(#10363,#10370),.PCURVE_S1.);
#10359 = B_SPLINE_CURVE_WITH_KNOTS('',2,(#10360,#10361,#10362),
  .UNSPECIFIED.,.F.,.F.,(3,3),(0.,1.),.PIECEWISE_BEZIER_KNOTS.);
#10360 = CARTESIAN_POINT('',(79.877001953125,-42.8720022583,32.9));
#10361 = CARTESIAN_POINT('',(79.702998046875,-42.70400421142,32.9));
#10362 = CARTESIAN_POINT('',(79.402998046875,-42.70400421142,32.9));
#10363 = PCURVE('',#4811,#10364);
#10364 = DEFINITIONAL_REPRESENTATION('',(#10365),#10369);
#10365 = LINE('',#10366,#10367);
#10366 = CARTESIAN_POINT('',(0.,0.));
#10367 = VECTOR('',#10368,1.);
#10368 = DIRECTION('',(1.,0.));
#10369 = ( GEOMETRIC_REPRESENTATION_CONTEXT(2) 
PARAMETRIC_REPRESENTATION_CONTEXT() REPRESENTATION_CONTEXT('2D SPACE',''
  ) );
#10370 = PCURVE('',#9856,#10371);
#10371 = DEFINITIONAL_REPRESENTATION('',(#10372),#10376);
#10372 = B_SPLINE_CURVE_WITH_KNOTS('',2,(#10373,#10374,#10375),
  .UNSPECIFIED.,.F.,.F.,(3,3),(0.,1.),.PIECEWISE_BEZIER_KNOTS.);
#10373 = CARTESIAN_POINT('',(2.19,2.627998046875));
#10374 = CARTESIAN_POINT('',(2.01599609375,2.79599609375));
#10375 = CARTESIAN_POINT('',(1.71599609375,2.79599609375));
#10376 = ( GEOMETRIC_REPRESENTATION_CONTEXT(2) 
PARAMETRIC_REPRESENTATION_CONTEXT() REPRESENTATION_CONTEXT('2D SPACE',''
  ) );
#10377 = ORIENTED_EDGE('',*,*,#10378,.T.);
#10378 = EDGE_CURVE('',#10356,#4731,#10379,.T.);
#10379 = SURFACE_CURVE('',#10380,(#10384,#10391),.PCURVE_S1.);
#10380 = LINE('',#10381,#10382);
#10381 = CARTESIAN_POINT('',(79.877001953125,-42.8720022583,32.9));
#10382 = VECTOR('',#10383,1.);
#10383 = DIRECTION('',(0.,0.,1.));
#10384 = PCURVE('',#4811,#10385);
#10385 = DEFINITIONAL_REPRESENTATION('',(#10386),#10390);
#10386 = LINE('',#10387,#10388);
#10387 = CARTESIAN_POINT('',(0.,0.));
#10388 = VECTOR('',#10389,1.);
#10389 = DIRECTION('',(0.,-1.));
#10390 = ( GEOMETRIC_REPRESENTATION_CONTEXT(2) 
PARAMETRIC_REPRESENTATION_CONTEXT() REPRESENTATION_CONTEXT('2D SPACE',''
  ) );
#10391 = PCURVE('',#4760,#10392);
#10392 = DEFINITIONAL_REPRESENTATION('',(#10393),#10397);
#10393 = LINE('',#10394,#10395);
#10394 = CARTESIAN_POINT('',(1.,0.));
#10395 = VECTOR('',#10396,1.);
#10396 = DIRECTION('',(0.,-1.));
#10397 = ( GEOMETRIC_REPRESENTATION_CONTEXT(2) 
PARAMETRIC_REPRESENTATION_CONTEXT() REPRESENTATION_CONTEXT('2D SPACE',''
  ) );
#10398 = ORIENTED_EDGE('',*,*,#4781,.F.);
#10399 = ORIENTED_EDGE('',*,*,#10280,.F.);
#10400 = ADVANCED_FACE('',(#10401),#4631,.F.);
#10401 = FACE_BOUND('',#10402,.F.);
#10402 = EDGE_LOOP('',(#10403,#10426,#10427,#10428));
#10403 = ORIENTED_EDGE('',*,*,#10404,.F.);
#10404 = EDGE_CURVE('',#10307,#10405,#10407,.T.);
#10405 = VERTEX_POINT('',#10406);
#10406 = CARTESIAN_POINT('',(80.548994140625,-43.12400421142,32.9));
#10407 = SURFACE_CURVE('',#10408,(#10412,#10419),.PCURVE_S1.);
#10408 = B_SPLINE_CURVE_WITH_KNOTS('',2,(#10409,#10410,#10411),
  .UNSPECIFIED.,.F.,.F.,(3,3),(0.,1.),.PIECEWISE_BEZIER_KNOTS.);
#10409 = CARTESIAN_POINT('',(80.278994140625,-42.50000030517,32.9));
#10410 = CARTESIAN_POINT('',(80.548994140625,-42.73400421142,32.9));
#10411 = CARTESIAN_POINT('',(80.548994140625,-43.12400421142,32.9));
#10412 = PCURVE('',#4631,#10413);
#10413 = DEFINITIONAL_REPRESENTATION('',(#10414),#10418);
#10414 = LINE('',#10415,#10416);
#10415 = CARTESIAN_POINT('',(0.,0.));
#10416 = VECTOR('',#10417,1.);
#10417 = DIRECTION('',(1.,0.));
#10418 = ( GEOMETRIC_REPRESENTATION_CONTEXT(2) 
PARAMETRIC_REPRESENTATION_CONTEXT() REPRESENTATION_CONTEXT('2D SPACE',''
  ) );
#10419 = PCURVE('',#9856,#10420);
#10420 = DEFINITIONAL_REPRESENTATION('',(#10421),#10425);
#10421 = B_SPLINE_CURVE_WITH_KNOTS('',2,(#10422,#10423,#10424),
  .UNSPECIFIED.,.F.,.F.,(3,3),(0.,1.),.PIECEWISE_BEZIER_KNOTS.);
#10422 = CARTESIAN_POINT('',(2.5919921875,3.));
#10423 = CARTESIAN_POINT('',(2.8619921875,2.76599609375));
#10424 = CARTESIAN_POINT('',(2.8619921875,2.37599609375));
#10425 = ( GEOMETRIC_REPRESENTATION_CONTEXT(2) 
PARAMETRIC_REPRESENTATION_CONTEXT() REPRESENTATION_CONTEXT('2D SPACE',''
  ) );
#10426 = ORIENTED_EDGE('',*,*,#10331,.T.);
#10427 = ORIENTED_EDGE('',*,*,#4601,.F.);
#10428 = ORIENTED_EDGE('',*,*,#10429,.F.);
#10429 = EDGE_CURVE('',#10405,#4602,#10430,.T.);
#10430 = SURFACE_CURVE('',#10431,(#10435,#10442),.PCURVE_S1.);
#10431 = LINE('',#10432,#10433);
#10432 = CARTESIAN_POINT('',(80.548994140625,-43.12400421142,32.9));
#10433 = VECTOR('',#10434,1.);
#10434 = DIRECTION('',(0.,0.,1.));
#10435 = PCURVE('',#4631,#10436);
#10436 = DEFINITIONAL_REPRESENTATION('',(#10437),#10441);
#10437 = LINE('',#10438,#10439);
#10438 = CARTESIAN_POINT('',(1.,0.));
#10439 = VECTOR('',#10440,1.);
#10440 = DIRECTION('',(0.,-1.));
#10441 = ( GEOMETRIC_REPRESENTATION_CONTEXT(2) 
PARAMETRIC_REPRESENTATION_CONTEXT() REPRESENTATION_CONTEXT('2D SPACE',''
  ) );
#10442 = PCURVE('',#4667,#10443);
#10443 = DEFINITIONAL_REPRESENTATION('',(#10444),#10448);
#10444 = LINE('',#10445,#10446);
#10445 = CARTESIAN_POINT('',(0.,0.));
#10446 = VECTOR('',#10447,1.);
#10447 = DIRECTION('',(0.,-1.));
#10448 = ( GEOMETRIC_REPRESENTATION_CONTEXT(2) 
PARAMETRIC_REPRESENTATION_CONTEXT() REPRESENTATION_CONTEXT('2D SPACE',''
  ) );
#10449 = ADVANCED_FACE('',(#10450),#4760,.F.);
#10450 = FACE_BOUND('',#10451,.F.);
#10451 = EDGE_LOOP('',(#10452,#10475,#10496,#10497));
#10452 = ORIENTED_EDGE('',*,*,#10453,.F.);
#10453 = EDGE_CURVE('',#10454,#10356,#10456,.T.);
#10454 = VERTEX_POINT('',#10455);
#10455 = CARTESIAN_POINT('',(80.051005859375,-43.32199249267,32.9));
#10456 = SURFACE_CURVE('',#10457,(#10461,#10468),.PCURVE_S1.);
#10457 = B_SPLINE_CURVE_WITH_KNOTS('',2,(#10458,#10459,#10460),
  .UNSPECIFIED.,.F.,.F.,(3,3),(0.,1.),.PIECEWISE_BEZIER_KNOTS.);
#10458 = CARTESIAN_POINT('',(80.051005859375,-43.32199249267,32.9));
#10459 = CARTESIAN_POINT('',(80.051005859375,-43.04000030517,32.9));
#10460 = CARTESIAN_POINT('',(79.877001953125,-42.8720022583,32.9));
#10461 = PCURVE('',#4760,#10462);
#10462 = DEFINITIONAL_REPRESENTATION('',(#10463),#10467);
#10463 = LINE('',#10464,#10465);
#10464 = CARTESIAN_POINT('',(0.,0.));
#10465 = VECTOR('',#10466,1.);
#10466 = DIRECTION('',(1.,0.));
#10467 = ( GEOMETRIC_REPRESENTATION_CONTEXT(2) 
PARAMETRIC_REPRESENTATION_CONTEXT() REPRESENTATION_CONTEXT('2D SPACE',''
  ) );
#10468 = PCURVE('',#9856,#10469);
#10469 = DEFINITIONAL_REPRESENTATION('',(#10470),#10474);
#10470 = B_SPLINE_CURVE_WITH_KNOTS('',2,(#10471,#10472,#10473),
  .UNSPECIFIED.,.F.,.F.,(3,3),(0.,1.),.PIECEWISE_BEZIER_KNOTS.);
#10471 = CARTESIAN_POINT('',(2.36400390625,2.1780078125));
#10472 = CARTESIAN_POINT('',(2.36400390625,2.46));
#10473 = CARTESIAN_POINT('',(2.19,2.627998046875));
#10474 = ( GEOMETRIC_REPRESENTATION_CONTEXT(2) 
PARAMETRIC_REPRESENTATION_CONTEXT() REPRESENTATION_CONTEXT('2D SPACE',''
  ) );
#10475 = ORIENTED_EDGE('',*,*,#10476,.T.);
#10476 = EDGE_CURVE('',#10454,#4705,#10477,.T.);
#10477 = SURFACE_CURVE('',#10478,(#10482,#10489),.PCURVE_S1.);
#10478 = LINE('',#10479,#10480);
#10479 = CARTESIAN_POINT('',(80.051005859375,-43.32199249267,32.9));
#10480 = VECTOR('',#10481,1.);
#10481 = DIRECTION('',(0.,0.,1.));
#10482 = PCURVE('',#4760,#10483);
#10483 = DEFINITIONAL_REPRESENTATION('',(#10484),#10488);
#10484 = LINE('',#10485,#10486);
#10485 = CARTESIAN_POINT('',(0.,0.));
#10486 = VECTOR('',#10487,1.);
#10487 = DIRECTION('',(0.,-1.));
#10488 = ( GEOMETRIC_REPRESENTATION_CONTEXT(2) 
PARAMETRIC_REPRESENTATION_CONTEXT() REPRESENTATION_CONTEXT('2D SPACE',''
  ) );
#10489 = PCURVE('',#4719,#10490);
#10490 = DEFINITIONAL_REPRESENTATION('',(#10491),#10495);
#10491 = LINE('',#10492,#10493);
#10492 = CARTESIAN_POINT('',(2.1780078125,0.));
#10493 = VECTOR('',#10494,1.);
#10494 = DIRECTION('',(0.,-1.));
#10495 = ( GEOMETRIC_REPRESENTATION_CONTEXT(2) 
PARAMETRIC_REPRESENTATION_CONTEXT() REPRESENTATION_CONTEXT('2D SPACE',''
  ) );
#10496 = ORIENTED_EDGE('',*,*,#4730,.F.);
#10497 = ORIENTED_EDGE('',*,*,#10378,.F.);
#10498 = ADVANCED_FACE('',(#10499),#4667,.F.);
#10499 = FACE_BOUND('',#10500,.F.);
#10500 = EDGE_LOOP('',(#10501,#10524,#10525,#10526));
#10501 = ORIENTED_EDGE('',*,*,#10502,.F.);
#10502 = EDGE_CURVE('',#10405,#10503,#10505,.T.);
#10503 = VERTEX_POINT('',#10504);
#10504 = CARTESIAN_POINT('',(80.548994140625,-45.50000030517,32.9));
#10505 = SURFACE_CURVE('',#10506,(#10510,#10517),.PCURVE_S1.);
#10506 = LINE('',#10507,#10508);
#10507 = CARTESIAN_POINT('',(80.548994140625,-43.12400421142,32.9));
#10508 = VECTOR('',#10509,1.);
#10509 = DIRECTION('',(0.,-1.,0.));
#10510 = PCURVE('',#4667,#10511);
#10511 = DEFINITIONAL_REPRESENTATION('',(#10512),#10516);
#10512 = LINE('',#10513,#10514);
#10513 = CARTESIAN_POINT('',(0.,0.));
#10514 = VECTOR('',#10515,1.);
#10515 = DIRECTION('',(1.,0.));
#10516 = ( GEOMETRIC_REPRESENTATION_CONTEXT(2) 
PARAMETRIC_REPRESENTATION_CONTEXT() REPRESENTATION_CONTEXT('2D SPACE',''
  ) );
#10517 = PCURVE('',#9856,#10518);
#10518 = DEFINITIONAL_REPRESENTATION('',(#10519),#10523);
#10519 = LINE('',#10520,#10521);
#10520 = CARTESIAN_POINT('',(2.8619921875,2.37599609375));
#10521 = VECTOR('',#10522,1.);
#10522 = DIRECTION('',(0.,-1.));
#10523 = ( GEOMETRIC_REPRESENTATION_CONTEXT(2) 
PARAMETRIC_REPRESENTATION_CONTEXT() REPRESENTATION_CONTEXT('2D SPACE',''
  ) );
#10524 = ORIENTED_EDGE('',*,*,#10429,.T.);
#10525 = ORIENTED_EDGE('',*,*,#4652,.F.);
#10526 = ORIENTED_EDGE('',*,*,#10527,.F.);
#10527 = EDGE_CURVE('',#10503,#4653,#10528,.T.);
#10528 = SURFACE_CURVE('',#10529,(#10533,#10540),.PCURVE_S1.);
#10529 = LINE('',#10530,#10531);
#10530 = CARTESIAN_POINT('',(80.548994140625,-45.50000030517,32.9));
#10531 = VECTOR('',#10532,1.);
#10532 = DIRECTION('',(0.,0.,1.));
#10533 = PCURVE('',#4667,#10534);
#10534 = DEFINITIONAL_REPRESENTATION('',(#10535),#10539);
#10535 = LINE('',#10536,#10537);
#10536 = CARTESIAN_POINT('',(2.37599609375,0.));
#10537 = VECTOR('',#10538,1.);
#10538 = DIRECTION('',(0.,-1.));
#10539 = ( GEOMETRIC_REPRESENTATION_CONTEXT(2) 
PARAMETRIC_REPRESENTATION_CONTEXT() REPRESENTATION_CONTEXT('2D SPACE',''
  ) );
#10540 = PCURVE('',#4693,#10541);
#10541 = DEFINITIONAL_REPRESENTATION('',(#10542),#10546);
#10542 = LINE('',#10543,#10544);
#10543 = CARTESIAN_POINT('',(0.,-0.));
#10544 = VECTOR('',#10545,1.);
#10545 = DIRECTION('',(0.,-1.));
#10546 = ( GEOMETRIC_REPRESENTATION_CONTEXT(2) 
PARAMETRIC_REPRESENTATION_CONTEXT() REPRESENTATION_CONTEXT('2D SPACE',''
  ) );
#10547 = ADVANCED_FACE('',(#10548),#4719,.F.);
#10548 = FACE_BOUND('',#10549,.F.);
#10549 = EDGE_LOOP('',(#10550,#10573,#10594,#10595));
#10550 = ORIENTED_EDGE('',*,*,#10551,.F.);
#10551 = EDGE_CURVE('',#10552,#10454,#10554,.T.);
#10552 = VERTEX_POINT('',#10553);
#10553 = CARTESIAN_POINT('',(80.051005859375,-45.50000030517,32.9));
#10554 = SURFACE_CURVE('',#10555,(#10559,#10566),.PCURVE_S1.);
#10555 = LINE('',#10556,#10557);
#10556 = CARTESIAN_POINT('',(80.051005859375,-45.50000030517,32.9));
#10557 = VECTOR('',#10558,1.);
#10558 = DIRECTION('',(0.,1.,0.));
#10559 = PCURVE('',#4719,#10560);
#10560 = DEFINITIONAL_REPRESENTATION('',(#10561),#10565);
#10561 = LINE('',#10562,#10563);
#10562 = CARTESIAN_POINT('',(0.,0.));
#10563 = VECTOR('',#10564,1.);
#10564 = DIRECTION('',(1.,0.));
#10565 = ( GEOMETRIC_REPRESENTATION_CONTEXT(2) 
PARAMETRIC_REPRESENTATION_CONTEXT() REPRESENTATION_CONTEXT('2D SPACE',''
  ) );
#10566 = PCURVE('',#9856,#10567);
#10567 = DEFINITIONAL_REPRESENTATION('',(#10568),#10572);
#10568 = LINE('',#10569,#10570);
#10569 = CARTESIAN_POINT('',(2.36400390625,0.));
#10570 = VECTOR('',#10571,1.);
#10571 = DIRECTION('',(0.,1.));
#10572 = ( GEOMETRIC_REPRESENTATION_CONTEXT(2) 
PARAMETRIC_REPRESENTATION_CONTEXT() REPRESENTATION_CONTEXT('2D SPACE',''
  ) );
#10573 = ORIENTED_EDGE('',*,*,#10574,.T.);
#10574 = EDGE_CURVE('',#10552,#4679,#10575,.T.);
#10575 = SURFACE_CURVE('',#10576,(#10580,#10587),.PCURVE_S1.);
#10576 = LINE('',#10577,#10578);
#10577 = CARTESIAN_POINT('',(80.051005859375,-45.50000030517,32.9));
#10578 = VECTOR('',#10579,1.);
#10579 = DIRECTION('',(0.,0.,1.));
#10580 = PCURVE('',#4719,#10581);
#10581 = DEFINITIONAL_REPRESENTATION('',(#10582),#10586);
#10582 = LINE('',#10583,#10584);
#10583 = CARTESIAN_POINT('',(0.,0.));
#10584 = VECTOR('',#10585,1.);
#10585 = DIRECTION('',(0.,-1.));
#10586 = ( GEOMETRIC_REPRESENTATION_CONTEXT(2) 
PARAMETRIC_REPRESENTATION_CONTEXT() REPRESENTATION_CONTEXT('2D SPACE',''
  ) );
#10587 = PCURVE('',#4693,#10588);
#10588 = DEFINITIONAL_REPRESENTATION('',(#10589),#10593);
#10589 = LINE('',#10590,#10591);
#10590 = CARTESIAN_POINT('',(0.49798828125,0.));
#10591 = VECTOR('',#10592,1.);
#10592 = DIRECTION('',(0.,-1.));
#10593 = ( GEOMETRIC_REPRESENTATION_CONTEXT(2) 
PARAMETRIC_REPRESENTATION_CONTEXT() REPRESENTATION_CONTEXT('2D SPACE',''
  ) );
#10594 = ORIENTED_EDGE('',*,*,#4704,.F.);
#10595 = ORIENTED_EDGE('',*,*,#10476,.F.);
#10596 = ADVANCED_FACE('',(#10597),#4693,.F.);
#10597 = FACE_BOUND('',#10598,.F.);
#10598 = EDGE_LOOP('',(#10599,#10620,#10621,#10622));
#10599 = ORIENTED_EDGE('',*,*,#10600,.F.);
#10600 = EDGE_CURVE('',#10503,#10552,#10601,.T.);
#10601 = SURFACE_CURVE('',#10602,(#10606,#10613),.PCURVE_S1.);
#10602 = LINE('',#10603,#10604);
#10603 = CARTESIAN_POINT('',(80.548994140625,-45.50000030517,32.9));
#10604 = VECTOR('',#10605,1.);
#10605 = DIRECTION('',(-1.,0.,0.));
#10606 = PCURVE('',#4693,#10607);
#10607 = DEFINITIONAL_REPRESENTATION('',(#10608),#10612);
#10608 = LINE('',#10609,#10610);
#10609 = CARTESIAN_POINT('',(1.42108547152E-14,0.));
#10610 = VECTOR('',#10611,1.);
#10611 = DIRECTION('',(1.,0.));
#10612 = ( GEOMETRIC_REPRESENTATION_CONTEXT(2) 
PARAMETRIC_REPRESENTATION_CONTEXT() REPRESENTATION_CONTEXT('2D SPACE',''
  ) );
#10613 = PCURVE('',#9856,#10614);
#10614 = DEFINITIONAL_REPRESENTATION('',(#10615),#10619);
#10615 = LINE('',#10616,#10617);
#10616 = CARTESIAN_POINT('',(2.8619921875,0.));
#10617 = VECTOR('',#10618,1.);
#10618 = DIRECTION('',(-1.,0.));
#10619 = ( GEOMETRIC_REPRESENTATION_CONTEXT(2) 
PARAMETRIC_REPRESENTATION_CONTEXT() REPRESENTATION_CONTEXT('2D SPACE',''
  ) );
#10620 = ORIENTED_EDGE('',*,*,#10527,.T.);
#10621 = ORIENTED_EDGE('',*,*,#4678,.F.);
#10622 = ORIENTED_EDGE('',*,*,#10574,.F.);
#10623 = ADVANCED_FACE('',(#10624),#5007,.F.);
#10624 = FACE_BOUND('',#10625,.T.);
#10625 = EDGE_LOOP('',(#10626,#10627,#10648,#10649));
#10626 = ORIENTED_EDGE('',*,*,#7142,.F.);
#10627 = ORIENTED_EDGE('',*,*,#10628,.T.);
#10628 = EDGE_CURVE('',#7143,#4987,#10629,.T.);
#10629 = SEAM_CURVE('',#10630,(#10634,#10641),.PCURVE_S1.);
#10630 = LINE('',#10631,#10632);
#10631 = CARTESIAN_POINT('',(97.1,-58.5,32.3));
#10632 = VECTOR('',#10633,1.);
#10633 = DIRECTION('',(0.,0.,1.));
#10634 = PCURVE('',#5007,#10635);
#10635 = DEFINITIONAL_REPRESENTATION('',(#10636),#10640);
#10636 = LINE('',#10637,#10638);
#10637 = CARTESIAN_POINT('',(-6.28318530718,0.));
#10638 = VECTOR('',#10639,1.);
#10639 = DIRECTION('',(-0.,-1.));
#10640 = ( GEOMETRIC_REPRESENTATION_CONTEXT(2) 
PARAMETRIC_REPRESENTATION_CONTEXT() REPRESENTATION_CONTEXT('2D SPACE',''
  ) );
#10641 = PCURVE('',#5007,#10642);
#10642 = DEFINITIONAL_REPRESENTATION('',(#10643),#10647);
#10643 = LINE('',#10644,#10645);
#10644 = CARTESIAN_POINT('',(-0.,0.));
#10645 = VECTOR('',#10646,1.);
#10646 = DIRECTION('',(-0.,-1.));
#10647 = ( GEOMETRIC_REPRESENTATION_CONTEXT(2) 
PARAMETRIC_REPRESENTATION_CONTEXT() REPRESENTATION_CONTEXT('2D SPACE',''
  ) );
#10648 = ORIENTED_EDGE('',*,*,#4986,.F.);
#10649 = ORIENTED_EDGE('',*,*,#10628,.F.);
#10650 = ADVANCED_FACE('',(#10651),#5061,.F.);
#10651 = FACE_BOUND('',#10652,.F.);
#10652 = EDGE_LOOP('',(#10653,#10683,#10704,#10705));
#10653 = ORIENTED_EDGE('',*,*,#10654,.F.);
#10654 = EDGE_CURVE('',#10655,#10657,#10659,.T.);
#10655 = VERTEX_POINT('',#10656);
#10656 = CARTESIAN_POINT('',(82.444990234375,-42.26599639892,32.9));
#10657 = VERTEX_POINT('',#10658);
#10658 = CARTESIAN_POINT('',(83.497998046875,-42.71299835205,32.9));
#10659 = SURFACE_CURVE('',#10660,(#10664,#10671),.PCURVE_S1.);
#10660 = B_SPLINE_CURVE_WITH_KNOTS('',2,(#10661,#10662,#10663),
  .UNSPECIFIED.,.F.,.F.,(3,3),(0.,1.),.PIECEWISE_BEZIER_KNOTS.);
#10661 = CARTESIAN_POINT('',(82.444990234375,-42.26599639892,32.9));
#10662 = CARTESIAN_POINT('',(83.122998046875,-42.26599639892,32.9));
#10663 = CARTESIAN_POINT('',(83.497998046875,-42.71299835205,32.9));
#10664 = PCURVE('',#5061,#10665);
#10665 = DEFINITIONAL_REPRESENTATION('',(#10666),#10670);
#10666 = LINE('',#10667,#10668);
#10667 = CARTESIAN_POINT('',(0.,0.));
#10668 = VECTOR('',#10669,1.);
#10669 = DIRECTION('',(1.,0.));
#10670 = ( GEOMETRIC_REPRESENTATION_CONTEXT(2) 
PARAMETRIC_REPRESENTATION_CONTEXT() REPRESENTATION_CONTEXT('2D SPACE',''
  ) );
#10671 = PCURVE('',#10672,#10677);
#10672 = PLANE('',#10673);
#10673 = AXIS2_PLACEMENT_3D('',#10674,#10675,#10676);
#10674 = CARTESIAN_POINT('',(80.848994140625,-45.50000030517,32.9));
#10675 = DIRECTION('',(0.,0.,1.));
#10676 = DIRECTION('',(1.,0.,0.));
#10677 = DEFINITIONAL_REPRESENTATION('',(#10678),#10682);
#10678 = B_SPLINE_CURVE_WITH_KNOTS('',2,(#10679,#10680,#10681),
  .UNSPECIFIED.,.F.,.F.,(3,3),(0.,1.),.PIECEWISE_BEZIER_KNOTS.);
#10679 = CARTESIAN_POINT('',(1.59599609375,3.23400390625));
#10680 = CARTESIAN_POINT('',(2.27400390625,3.23400390625));
#10681 = CARTESIAN_POINT('',(2.64900390625,2.787001953125));
#10682 = ( GEOMETRIC_REPRESENTATION_CONTEXT(2) 
PARAMETRIC_REPRESENTATION_CONTEXT() REPRESENTATION_CONTEXT('2D SPACE',''
  ) );
#10683 = ORIENTED_EDGE('',*,*,#10684,.T.);
#10684 = EDGE_CURVE('',#10655,#5024,#10685,.T.);
#10685 = SURFACE_CURVE('',#10686,(#10690,#10697),.PCURVE_S1.);
#10686 = LINE('',#10687,#10688);
#10687 = CARTESIAN_POINT('',(82.444990234375,-42.26599639892,32.9));
#10688 = VECTOR('',#10689,1.);
#10689 = DIRECTION('',(0.,0.,1.));
#10690 = PCURVE('',#5061,#10691);
#10691 = DEFINITIONAL_REPRESENTATION('',(#10692),#10696);
#10692 = LINE('',#10693,#10694);
#10693 = CARTESIAN_POINT('',(0.,0.));
#10694 = VECTOR('',#10695,1.);
#10695 = DIRECTION('',(0.,-1.));
#10696 = ( GEOMETRIC_REPRESENTATION_CONTEXT(2) 
PARAMETRIC_REPRESENTATION_CONTEXT() REPRESENTATION_CONTEXT('2D SPACE',''
  ) );
#10697 = PCURVE('',#5476,#10698);
#10698 = DEFINITIONAL_REPRESENTATION('',(#10699),#10703);
#10699 = LINE('',#10700,#10701);
#10700 = CARTESIAN_POINT('',(1.,0.));
#10701 = VECTOR('',#10702,1.);
#10702 = DIRECTION('',(0.,-1.));
#10703 = ( GEOMETRIC_REPRESENTATION_CONTEXT(2) 
PARAMETRIC_REPRESENTATION_CONTEXT() REPRESENTATION_CONTEXT('2D SPACE',''
  ) );
#10704 = ORIENTED_EDGE('',*,*,#5021,.F.);
#10705 = ORIENTED_EDGE('',*,*,#10706,.F.);
#10706 = EDGE_CURVE('',#10657,#5022,#10707,.T.);
#10707 = SURFACE_CURVE('',#10708,(#10712,#10719),.PCURVE_S1.);
#10708 = LINE('',#10709,#10710);
#10709 = CARTESIAN_POINT('',(83.497998046875,-42.71299835205,32.9));
#10710 = VECTOR('',#10711,1.);
#10711 = DIRECTION('',(0.,0.,1.));
#10712 = PCURVE('',#5061,#10713);
#10713 = DEFINITIONAL_REPRESENTATION('',(#10714),#10718);
#10714 = LINE('',#10715,#10716);
#10715 = CARTESIAN_POINT('',(1.,0.));
#10716 = VECTOR('',#10717,1.);
#10717 = DIRECTION('',(0.,-1.));
#10718 = ( GEOMETRIC_REPRESENTATION_CONTEXT(2) 
PARAMETRIC_REPRESENTATION_CONTEXT() REPRESENTATION_CONTEXT('2D SPACE',''
  ) );
#10719 = PCURVE('',#5120,#10720);
#10720 = DEFINITIONAL_REPRESENTATION('',(#10721),#10725);
#10721 = LINE('',#10722,#10723);
#10722 = CARTESIAN_POINT('',(0.,0.));
#10723 = VECTOR('',#10724,1.);
#10724 = DIRECTION('',(0.,-1.));
#10725 = ( GEOMETRIC_REPRESENTATION_CONTEXT(2) 
PARAMETRIC_REPRESENTATION_CONTEXT() REPRESENTATION_CONTEXT('2D SPACE',''
  ) );
#10726 = ADVANCED_FACE('',(#10727),#5120,.F.);
#10727 = FACE_BOUND('',#10728,.F.);
#10728 = EDGE_LOOP('',(#10729,#10752,#10753,#10754));
#10729 = ORIENTED_EDGE('',*,*,#10730,.F.);
#10730 = EDGE_CURVE('',#10657,#10731,#10733,.T.);
#10731 = VERTEX_POINT('',#10732);
#10732 = CARTESIAN_POINT('',(83.872998046875,-43.97599639892,32.9));
#10733 = SURFACE_CURVE('',#10734,(#10738,#10745),.PCURVE_S1.);
#10734 = B_SPLINE_CURVE_WITH_KNOTS('',2,(#10735,#10736,#10737),
  .UNSPECIFIED.,.F.,.F.,(3,3),(0.,1.),.PIECEWISE_BEZIER_KNOTS.);
#10735 = CARTESIAN_POINT('',(83.497998046875,-42.71299835205,32.9));
#10736 = CARTESIAN_POINT('',(83.872998046875,-43.16000030517,32.9));
#10737 = CARTESIAN_POINT('',(83.872998046875,-43.97599639892,32.9));
#10738 = PCURVE('',#5120,#10739);
#10739 = DEFINITIONAL_REPRESENTATION('',(#10740),#10744);
#10740 = LINE('',#10741,#10742);
#10741 = CARTESIAN_POINT('',(0.,0.));
#10742 = VECTOR('',#10743,1.);
#10743 = DIRECTION('',(1.,0.));
#10744 = ( GEOMETRIC_REPRESENTATION_CONTEXT(2) 
PARAMETRIC_REPRESENTATION_CONTEXT() REPRESENTATION_CONTEXT('2D SPACE',''
  ) );
#10745 = PCURVE('',#10672,#10746);
#10746 = DEFINITIONAL_REPRESENTATION('',(#10747),#10751);
#10747 = B_SPLINE_CURVE_WITH_KNOTS('',2,(#10748,#10749,#10750),
  .UNSPECIFIED.,.F.,.F.,(3,3),(0.,1.),.PIECEWISE_BEZIER_KNOTS.);
#10748 = CARTESIAN_POINT('',(2.64900390625,2.787001953125));
#10749 = CARTESIAN_POINT('',(3.02400390625,2.34));
#10750 = CARTESIAN_POINT('',(3.02400390625,1.52400390625));
#10751 = ( GEOMETRIC_REPRESENTATION_CONTEXT(2) 
PARAMETRIC_REPRESENTATION_CONTEXT() REPRESENTATION_CONTEXT('2D SPACE',''
  ) );
#10752 = ORIENTED_EDGE('',*,*,#10706,.T.);
#10753 = ORIENTED_EDGE('',*,*,#5086,.F.);
#10754 = ORIENTED_EDGE('',*,*,#10755,.F.);
#10755 = EDGE_CURVE('',#10731,#5087,#10756,.T.);
#10756 = SURFACE_CURVE('',#10757,(#10761,#10768),.PCURVE_S1.);
#10757 = LINE('',#10758,#10759);
#10758 = CARTESIAN_POINT('',(83.872998046875,-43.97599639892,32.9));
#10759 = VECTOR('',#10760,1.);
#10760 = DIRECTION('',(0.,0.,1.));
#10761 = PCURVE('',#5120,#10762);
#10762 = DEFINITIONAL_REPRESENTATION('',(#10763),#10767);
#10763 = LINE('',#10764,#10765);
#10764 = CARTESIAN_POINT('',(1.,0.));
#10765 = VECTOR('',#10766,1.);
#10766 = DIRECTION('',(0.,-1.));
#10767 = ( GEOMETRIC_REPRESENTATION_CONTEXT(2) 
PARAMETRIC_REPRESENTATION_CONTEXT() REPRESENTATION_CONTEXT('2D SPACE',''
  ) );
#10768 = PCURVE('',#5177,#10769);
#10769 = DEFINITIONAL_REPRESENTATION('',(#10770),#10774);
#10770 = LINE('',#10771,#10772);
#10771 = CARTESIAN_POINT('',(0.,0.));
#10772 = VECTOR('',#10773,1.);
#10773 = DIRECTION('',(0.,-1.));
#10774 = ( GEOMETRIC_REPRESENTATION_CONTEXT(2) 
PARAMETRIC_REPRESENTATION_CONTEXT() REPRESENTATION_CONTEXT('2D SPACE',''
  ) );
#10775 = ADVANCED_FACE('',(#10776),#5476,.F.);
#10776 = FACE_BOUND('',#10777,.F.);
#10777 = EDGE_LOOP('',(#10778,#10801,#10822,#10823));
#10778 = ORIENTED_EDGE('',*,*,#10779,.F.);
#10779 = EDGE_CURVE('',#10780,#10655,#10782,.T.);
#10780 = VERTEX_POINT('',#10781);
#10781 = CARTESIAN_POINT('',(81.4069921875,-42.71299835205,32.9));
#10782 = SURFACE_CURVE('',#10783,(#10787,#10794),.PCURVE_S1.);
#10783 = B_SPLINE_CURVE_WITH_KNOTS('',2,(#10784,#10785,#10786),
  .UNSPECIFIED.,.F.,.F.,(3,3),(0.,1.),.PIECEWISE_BEZIER_KNOTS.);
#10784 = CARTESIAN_POINT('',(81.4069921875,-42.71299835205,32.9));
#10785 = CARTESIAN_POINT('',(81.784990234375,-42.26599639892,32.9));
#10786 = CARTESIAN_POINT('',(82.444990234375,-42.26599639892,32.9));
#10787 = PCURVE('',#5476,#10788);
#10788 = DEFINITIONAL_REPRESENTATION('',(#10789),#10793);
#10789 = LINE('',#10790,#10791);
#10790 = CARTESIAN_POINT('',(0.,0.));
#10791 = VECTOR('',#10792,1.);
#10792 = DIRECTION('',(1.,0.));
#10793 = ( GEOMETRIC_REPRESENTATION_CONTEXT(2) 
PARAMETRIC_REPRESENTATION_CONTEXT() REPRESENTATION_CONTEXT('2D SPACE',''
  ) );
#10794 = PCURVE('',#10672,#10795);
#10795 = DEFINITIONAL_REPRESENTATION('',(#10796),#10800);
#10796 = B_SPLINE_CURVE_WITH_KNOTS('',2,(#10797,#10798,#10799),
  .UNSPECIFIED.,.F.,.F.,(3,3),(0.,1.),.PIECEWISE_BEZIER_KNOTS.);
#10797 = CARTESIAN_POINT('',(0.557998046875,2.787001953125));
#10798 = CARTESIAN_POINT('',(0.93599609375,3.23400390625));
#10799 = CARTESIAN_POINT('',(1.59599609375,3.23400390625));
#10800 = ( GEOMETRIC_REPRESENTATION_CONTEXT(2) 
PARAMETRIC_REPRESENTATION_CONTEXT() REPRESENTATION_CONTEXT('2D SPACE',''
  ) );
#10801 = ORIENTED_EDGE('',*,*,#10802,.T.);
#10802 = EDGE_CURVE('',#10780,#5384,#10803,.T.);
#10803 = SURFACE_CURVE('',#10804,(#10808,#10815),.PCURVE_S1.);
#10804 = LINE('',#10805,#10806);
#10805 = CARTESIAN_POINT('',(81.4069921875,-42.71299835205,32.9));
#10806 = VECTOR('',#10807,1.);
#10807 = DIRECTION('',(0.,0.,1.));
#10808 = PCURVE('',#5476,#10809);
#10809 = DEFINITIONAL_REPRESENTATION('',(#10810),#10814);
#10810 = LINE('',#10811,#10812);
#10811 = CARTESIAN_POINT('',(0.,0.));
#10812 = VECTOR('',#10813,1.);
#10813 = DIRECTION('',(0.,-1.));
#10814 = ( GEOMETRIC_REPRESENTATION_CONTEXT(2) 
PARAMETRIC_REPRESENTATION_CONTEXT() REPRESENTATION_CONTEXT('2D SPACE',''
  ) );
#10815 = PCURVE('',#5417,#10816);
#10816 = DEFINITIONAL_REPRESENTATION('',(#10817),#10821);
#10817 = LINE('',#10818,#10819);
#10818 = CARTESIAN_POINT('',(1.,0.));
#10819 = VECTOR('',#10820,1.);
#10820 = DIRECTION('',(0.,-1.));
#10821 = ( GEOMETRIC_REPRESENTATION_CONTEXT(2) 
PARAMETRIC_REPRESENTATION_CONTEXT() REPRESENTATION_CONTEXT('2D SPACE',''
  ) );
#10822 = ORIENTED_EDGE('',*,*,#5440,.F.);
#10823 = ORIENTED_EDGE('',*,*,#10684,.F.);
#10824 = ADVANCED_FACE('',(#10825),#5177,.F.);
#10825 = FACE_BOUND('',#10826,.F.);
#10826 = EDGE_LOOP('',(#10827,#10850,#10851,#10852));
#10827 = ORIENTED_EDGE('',*,*,#10828,.F.);
#10828 = EDGE_CURVE('',#10731,#10829,#10831,.T.);
#10829 = VERTEX_POINT('',#10830);
#10830 = CARTESIAN_POINT('',(83.4919921875,-45.19400421142,32.9));
#10831 = SURFACE_CURVE('',#10832,(#10836,#10843),.PCURVE_S1.);
#10832 = B_SPLINE_CURVE_WITH_KNOTS('',2,(#10833,#10834,#10835),
  .UNSPECIFIED.,.F.,.F.,(3,3),(0.,1.),.PIECEWISE_BEZIER_KNOTS.);
#10833 = CARTESIAN_POINT('',(83.872998046875,-43.97599639892,32.9));
#10834 = CARTESIAN_POINT('',(83.872998046875,-44.75000030517,32.9));
#10835 = CARTESIAN_POINT('',(83.4919921875,-45.19400421142,32.9));
#10836 = PCURVE('',#5177,#10837);
#10837 = DEFINITIONAL_REPRESENTATION('',(#10838),#10842);
#10838 = LINE('',#10839,#10840);
#10839 = CARTESIAN_POINT('',(0.,0.));
#10840 = VECTOR('',#10841,1.);
#10841 = DIRECTION('',(1.,0.));
#10842 = ( GEOMETRIC_REPRESENTATION_CONTEXT(2) 
PARAMETRIC_REPRESENTATION_CONTEXT() REPRESENTATION_CONTEXT('2D SPACE',''
  ) );
#10843 = PCURVE('',#10672,#10844);
#10844 = DEFINITIONAL_REPRESENTATION('',(#10845),#10849);
#10845 = B_SPLINE_CURVE_WITH_KNOTS('',2,(#10846,#10847,#10848),
  .UNSPECIFIED.,.F.,.F.,(3,3),(0.,1.),.PIECEWISE_BEZIER_KNOTS.);
#10846 = CARTESIAN_POINT('',(3.02400390625,1.52400390625));
#10847 = CARTESIAN_POINT('',(3.02400390625,0.75));
#10848 = CARTESIAN_POINT('',(2.642998046875,0.30599609375));
#10849 = ( GEOMETRIC_REPRESENTATION_CONTEXT(2) 
PARAMETRIC_REPRESENTATION_CONTEXT() REPRESENTATION_CONTEXT('2D SPACE',''
  ) );
#10850 = ORIENTED_EDGE('',*,*,#10755,.T.);
#10851 = ORIENTED_EDGE('',*,*,#5143,.F.);
#10852 = ORIENTED_EDGE('',*,*,#10853,.F.);
#10853 = EDGE_CURVE('',#10829,#5144,#10854,.T.);
#10854 = SURFACE_CURVE('',#10855,(#10859,#10866),.PCURVE_S1.);
#10855 = LINE('',#10856,#10857);
#10856 = CARTESIAN_POINT('',(83.4919921875,-45.19400421142,32.9));
#10857 = VECTOR('',#10858,1.);
#10858 = DIRECTION('',(0.,0.,1.));
#10859 = PCURVE('',#5177,#10860);
#10860 = DEFINITIONAL_REPRESENTATION('',(#10861),#10865);
#10861 = LINE('',#10862,#10863);
#10862 = CARTESIAN_POINT('',(1.,0.));
#10863 = VECTOR('',#10864,1.);
#10864 = DIRECTION('',(0.,-1.));
#10865 = ( GEOMETRIC_REPRESENTATION_CONTEXT(2) 
PARAMETRIC_REPRESENTATION_CONTEXT() REPRESENTATION_CONTEXT('2D SPACE',''
  ) );
#10866 = PCURVE('',#5238,#10867);
#10867 = DEFINITIONAL_REPRESENTATION('',(#10868),#10872);
#10868 = LINE('',#10869,#10870);
#10869 = CARTESIAN_POINT('',(0.,0.));
#10870 = VECTOR('',#10871,1.);
#10871 = DIRECTION('',(0.,-1.));
#10872 = ( GEOMETRIC_REPRESENTATION_CONTEXT(2) 
PARAMETRIC_REPRESENTATION_CONTEXT() REPRESENTATION_CONTEXT('2D SPACE',''
  ) );
#10873 = ADVANCED_FACE('',(#10874),#5417,.F.);
#10874 = FACE_BOUND('',#10875,.F.);
#10875 = EDGE_LOOP('',(#10876,#10899,#10920,#10921));
#10876 = ORIENTED_EDGE('',*,*,#10877,.F.);
#10877 = EDGE_CURVE('',#10878,#10780,#10880,.T.);
#10878 = VERTEX_POINT('',#10879);
#10879 = CARTESIAN_POINT('',(81.028994140625,-43.9520022583,32.9));
#10880 = SURFACE_CURVE('',#10881,(#10885,#10892),.PCURVE_S1.);
#10881 = B_SPLINE_CURVE_WITH_KNOTS('',2,(#10882,#10883,#10884),
  .UNSPECIFIED.,.F.,.F.,(3,3),(0.,1.),.PIECEWISE_BEZIER_KNOTS.);
#10882 = CARTESIAN_POINT('',(81.028994140625,-43.9520022583,32.9));
#10883 = CARTESIAN_POINT('',(81.028994140625,-43.16000030517,32.9));
#10884 = CARTESIAN_POINT('',(81.4069921875,-42.71299835205,32.9));
#10885 = PCURVE('',#5417,#10886);
#10886 = DEFINITIONAL_REPRESENTATION('',(#10887),#10891);
#10887 = LINE('',#10888,#10889);
#10888 = CARTESIAN_POINT('',(0.,0.));
#10889 = VECTOR('',#10890,1.);
#10890 = DIRECTION('',(1.,0.));
#10891 = ( GEOMETRIC_REPRESENTATION_CONTEXT(2) 
PARAMETRIC_REPRESENTATION_CONTEXT() REPRESENTATION_CONTEXT('2D SPACE',''
  ) );
#10892 = PCURVE('',#10672,#10893);
#10893 = DEFINITIONAL_REPRESENTATION('',(#10894),#10898);
#10894 = B_SPLINE_CURVE_WITH_KNOTS('',2,(#10895,#10896,#10897),
  .UNSPECIFIED.,.F.,.F.,(3,3),(0.,1.),.PIECEWISE_BEZIER_KNOTS.);
#10895 = CARTESIAN_POINT('',(0.18,1.547998046875));
#10896 = CARTESIAN_POINT('',(0.18,2.34));
#10897 = CARTESIAN_POINT('',(0.557998046875,2.787001953125));
#10898 = ( GEOMETRIC_REPRESENTATION_CONTEXT(2) 
PARAMETRIC_REPRESENTATION_CONTEXT() REPRESENTATION_CONTEXT('2D SPACE',''
  ) );
#10899 = ORIENTED_EDGE('',*,*,#10900,.T.);
#10900 = EDGE_CURVE('',#10878,#5327,#10901,.T.);
#10901 = SURFACE_CURVE('',#10902,(#10906,#10913),.PCURVE_S1.);
#10902 = LINE('',#10903,#10904);
#10903 = CARTESIAN_POINT('',(81.028994140625,-43.9520022583,32.9));
#10904 = VECTOR('',#10905,1.);
#10905 = DIRECTION('',(0.,0.,1.));
#10906 = PCURVE('',#5417,#10907);
#10907 = DEFINITIONAL_REPRESENTATION('',(#10908),#10912);
#10908 = LINE('',#10909,#10910);
#10909 = CARTESIAN_POINT('',(0.,0.));
#10910 = VECTOR('',#10911,1.);
#10911 = DIRECTION('',(0.,-1.));
#10912 = ( GEOMETRIC_REPRESENTATION_CONTEXT(2) 
PARAMETRIC_REPRESENTATION_CONTEXT() REPRESENTATION_CONTEXT('2D SPACE',''
  ) );
#10913 = PCURVE('',#5360,#10914);
#10914 = DEFINITIONAL_REPRESENTATION('',(#10915),#10919);
#10915 = LINE('',#10916,#10917);
#10916 = CARTESIAN_POINT('',(1.,0.));
#10917 = VECTOR('',#10918,1.);
#10918 = DIRECTION('',(0.,-1.));
#10919 = ( GEOMETRIC_REPRESENTATION_CONTEXT(2) 
PARAMETRIC_REPRESENTATION_CONTEXT() REPRESENTATION_CONTEXT('2D SPACE',''
  ) );
#10920 = ORIENTED_EDGE('',*,*,#5383,.F.);
#10921 = ORIENTED_EDGE('',*,*,#10802,.F.);
#10922 = ADVANCED_FACE('',(#10923),#5238,.F.);
#10923 = FACE_BOUND('',#10924,.F.);
#10924 = EDGE_LOOP('',(#10925,#10948,#10949,#10950));
#10925 = ORIENTED_EDGE('',*,*,#10926,.F.);
#10926 = EDGE_CURVE('',#10829,#10927,#10929,.T.);
#10927 = VERTEX_POINT('',#10928);
#10928 = CARTESIAN_POINT('',(82.450986328125,-45.63800811767,32.9));
#10929 = SURFACE_CURVE('',#10930,(#10934,#10941),.PCURVE_S1.);
#10930 = B_SPLINE_CURVE_WITH_KNOTS('',2,(#10931,#10932,#10933),
  .UNSPECIFIED.,.F.,.F.,(3,3),(0.,1.),.PIECEWISE_BEZIER_KNOTS.);
#10931 = CARTESIAN_POINT('',(83.4919921875,-45.19400421142,32.9));
#10932 = CARTESIAN_POINT('',(83.110986328125,-45.63800811767,32.9));
#10933 = CARTESIAN_POINT('',(82.450986328125,-45.63800811767,32.9));
#10934 = PCURVE('',#5238,#10935);
#10935 = DEFINITIONAL_REPRESENTATION('',(#10936),#10940);
#10936 = LINE('',#10937,#10938);
#10937 = CARTESIAN_POINT('',(0.,0.));
#10938 = VECTOR('',#10939,1.);
#10939 = DIRECTION('',(1.,0.));
#10940 = ( GEOMETRIC_REPRESENTATION_CONTEXT(2) 
PARAMETRIC_REPRESENTATION_CONTEXT() REPRESENTATION_CONTEXT('2D SPACE',''
  ) );
#10941 = PCURVE('',#10672,#10942);
#10942 = DEFINITIONAL_REPRESENTATION('',(#10943),#10947);
#10943 = B_SPLINE_CURVE_WITH_KNOTS('',2,(#10944,#10945,#10946),
  .UNSPECIFIED.,.F.,.F.,(3,3),(0.,1.),.PIECEWISE_BEZIER_KNOTS.);
#10944 = CARTESIAN_POINT('',(2.642998046875,0.30599609375));
#10945 = CARTESIAN_POINT('',(2.2619921875,-0.1380078125));
#10946 = CARTESIAN_POINT('',(1.6019921875,-0.1380078125));
#10947 = ( GEOMETRIC_REPRESENTATION_CONTEXT(2) 
PARAMETRIC_REPRESENTATION_CONTEXT() REPRESENTATION_CONTEXT('2D SPACE',''
  ) );
#10948 = ORIENTED_EDGE('',*,*,#10853,.T.);
#10949 = ORIENTED_EDGE('',*,*,#5200,.F.);
#10950 = ORIENTED_EDGE('',*,*,#10951,.F.);
#10951 = EDGE_CURVE('',#10927,#5201,#10952,.T.);
#10952 = SURFACE_CURVE('',#10953,(#10957,#10964),.PCURVE_S1.);
#10953 = LINE('',#10954,#10955);
#10954 = CARTESIAN_POINT('',(82.450986328125,-45.63800811767,32.9));
#10955 = VECTOR('',#10956,1.);
#10956 = DIRECTION('',(0.,0.,1.));
#10957 = PCURVE('',#5238,#10958);
#10958 = DEFINITIONAL_REPRESENTATION('',(#10959),#10963);
#10959 = LINE('',#10960,#10961);
#10960 = CARTESIAN_POINT('',(1.,0.));
#10961 = VECTOR('',#10962,1.);
#10962 = DIRECTION('',(0.,-1.));
#10963 = ( GEOMETRIC_REPRESENTATION_CONTEXT(2) 
PARAMETRIC_REPRESENTATION_CONTEXT() REPRESENTATION_CONTEXT('2D SPACE',''
  ) );
#10964 = PCURVE('',#5301,#10965);
#10965 = DEFINITIONAL_REPRESENTATION('',(#10966),#10970);
#10966 = LINE('',#10967,#10968);
#10967 = CARTESIAN_POINT('',(0.,0.));
#10968 = VECTOR('',#10969,1.);
#10969 = DIRECTION('',(0.,-1.));
#10970 = ( GEOMETRIC_REPRESENTATION_CONTEXT(2) 
PARAMETRIC_REPRESENTATION_CONTEXT() REPRESENTATION_CONTEXT('2D SPACE',''
  ) );
#10971 = ADVANCED_FACE('',(#10972),#5360,.F.);
#10972 = FACE_BOUND('',#10973,.F.);
#10973 = EDGE_LOOP('',(#10974,#10997,#11018,#11019));
#10974 = ORIENTED_EDGE('',*,*,#10975,.F.);
#10975 = EDGE_CURVE('',#10976,#10878,#10978,.T.);
#10976 = VERTEX_POINT('',#10977);
#10977 = CARTESIAN_POINT('',(81.403994140625,-45.19100616455,32.9));
#10978 = SURFACE_CURVE('',#10979,(#10983,#10990),.PCURVE_S1.);
#10979 = B_SPLINE_CURVE_WITH_KNOTS('',2,(#10980,#10981,#10982),
  .UNSPECIFIED.,.F.,.F.,(3,3),(0.,1.),.PIECEWISE_BEZIER_KNOTS.);
#10980 = CARTESIAN_POINT('',(81.403994140625,-45.19100616455,32.9));
#10981 = CARTESIAN_POINT('',(81.028994140625,-44.74400421142,32.9));
#10982 = CARTESIAN_POINT('',(81.028994140625,-43.9520022583,32.9));
#10983 = PCURVE('',#5360,#10984);
#10984 = DEFINITIONAL_REPRESENTATION('',(#10985),#10989);
#10985 = LINE('',#10986,#10987);
#10986 = CARTESIAN_POINT('',(0.,0.));
#10987 = VECTOR('',#10988,1.);
#10988 = DIRECTION('',(1.,0.));
#10989 = ( GEOMETRIC_REPRESENTATION_CONTEXT(2) 
PARAMETRIC_REPRESENTATION_CONTEXT() REPRESENTATION_CONTEXT('2D SPACE',''
  ) );
#10990 = PCURVE('',#10672,#10991);
#10991 = DEFINITIONAL_REPRESENTATION('',(#10992),#10996);
#10992 = B_SPLINE_CURVE_WITH_KNOTS('',2,(#10993,#10994,#10995),
  .UNSPECIFIED.,.F.,.F.,(3,3),(0.,1.),.PIECEWISE_BEZIER_KNOTS.);
#10993 = CARTESIAN_POINT('',(0.555,0.308994140625));
#10994 = CARTESIAN_POINT('',(0.18,0.75599609375));
#10995 = CARTESIAN_POINT('',(0.18,1.547998046875));
#10996 = ( GEOMETRIC_REPRESENTATION_CONTEXT(2) 
PARAMETRIC_REPRESENTATION_CONTEXT() REPRESENTATION_CONTEXT('2D SPACE',''
  ) );
#10997 = ORIENTED_EDGE('',*,*,#10998,.T.);
#10998 = EDGE_CURVE('',#10976,#5264,#10999,.T.);
#10999 = SURFACE_CURVE('',#11000,(#11004,#11011),.PCURVE_S1.);
#11000 = LINE('',#11001,#11002);
#11001 = CARTESIAN_POINT('',(81.403994140625,-45.19100616455,32.9));
#11002 = VECTOR('',#11003,1.);
#11003 = DIRECTION('',(0.,0.,1.));
#11004 = PCURVE('',#5360,#11005);
#11005 = DEFINITIONAL_REPRESENTATION('',(#11006),#11010);
#11006 = LINE('',#11007,#11008);
#11007 = CARTESIAN_POINT('',(0.,0.));
#11008 = VECTOR('',#11009,1.);
#11009 = DIRECTION('',(0.,-1.));
#11010 = ( GEOMETRIC_REPRESENTATION_CONTEXT(2) 
PARAMETRIC_REPRESENTATION_CONTEXT() REPRESENTATION_CONTEXT('2D SPACE',''
  ) );
#11011 = PCURVE('',#5301,#11012);
#11012 = DEFINITIONAL_REPRESENTATION('',(#11013),#11017);
#11013 = LINE('',#11014,#11015);
#11014 = CARTESIAN_POINT('',(1.,0.));
#11015 = VECTOR('',#11016,1.);
#11016 = DIRECTION('',(0.,-1.));
#11017 = ( GEOMETRIC_REPRESENTATION_CONTEXT(2) 
PARAMETRIC_REPRESENTATION_CONTEXT() REPRESENTATION_CONTEXT('2D SPACE',''
  ) );
#11018 = ORIENTED_EDGE('',*,*,#5326,.F.);
#11019 = ORIENTED_EDGE('',*,*,#10900,.F.);
#11020 = ADVANCED_FACE('',(#11021),#5301,.F.);
#11021 = FACE_BOUND('',#11022,.F.);
#11022 = EDGE_LOOP('',(#11023,#11044,#11045,#11046));
#11023 = ORIENTED_EDGE('',*,*,#11024,.F.);
#11024 = EDGE_CURVE('',#10927,#10976,#11025,.T.);
#11025 = SURFACE_CURVE('',#11026,(#11030,#11037),.PCURVE_S1.);
#11026 = B_SPLINE_CURVE_WITH_KNOTS('',2,(#11027,#11028,#11029),
  .UNSPECIFIED.,.F.,.F.,(3,3),(0.,1.),.PIECEWISE_BEZIER_KNOTS.);
#11027 = CARTESIAN_POINT('',(82.450986328125,-45.63800811767,32.9));
#11028 = CARTESIAN_POINT('',(81.778994140625,-45.63800811767,32.9));
#11029 = CARTESIAN_POINT('',(81.403994140625,-45.19100616455,32.9));
#11030 = PCURVE('',#5301,#11031);
#11031 = DEFINITIONAL_REPRESENTATION('',(#11032),#11036);
#11032 = LINE('',#11033,#11034);
#11033 = CARTESIAN_POINT('',(0.,0.));
#11034 = VECTOR('',#11035,1.);
#11035 = DIRECTION('',(1.,0.));
#11036 = ( GEOMETRIC_REPRESENTATION_CONTEXT(2) 
PARAMETRIC_REPRESENTATION_CONTEXT() REPRESENTATION_CONTEXT('2D SPACE',''
  ) );
#11037 = PCURVE('',#10672,#11038);
#11038 = DEFINITIONAL_REPRESENTATION('',(#11039),#11043);
#11039 = B_SPLINE_CURVE_WITH_KNOTS('',2,(#11040,#11041,#11042),
  .UNSPECIFIED.,.F.,.F.,(3,3),(0.,1.),.PIECEWISE_BEZIER_KNOTS.);
#11040 = CARTESIAN_POINT('',(1.6019921875,-0.1380078125));
#11041 = CARTESIAN_POINT('',(0.93,-0.1380078125));
#11042 = CARTESIAN_POINT('',(0.555,0.308994140625));
#11043 = ( GEOMETRIC_REPRESENTATION_CONTEXT(2) 
PARAMETRIC_REPRESENTATION_CONTEXT() REPRESENTATION_CONTEXT('2D SPACE',''
  ) );
#11044 = ORIENTED_EDGE('',*,*,#10951,.T.);
#11045 = ORIENTED_EDGE('',*,*,#5263,.F.);
#11046 = ORIENTED_EDGE('',*,*,#10998,.F.);
#11047 = ADVANCED_FACE('',(#11048),#5520,.F.);
#11048 = FACE_BOUND('',#11049,.F.);
#11049 = EDGE_LOOP('',(#11050,#11080,#11101,#11102));
#11050 = ORIENTED_EDGE('',*,*,#11051,.F.);
#11051 = EDGE_CURVE('',#11052,#11054,#11056,.T.);
#11052 = VERTEX_POINT('',#11053);
#11053 = CARTESIAN_POINT('',(88.264990234375,-42.35599639892,32.9));
#11054 = VERTEX_POINT('',#11055);
#11055 = CARTESIAN_POINT('',(87.341005859375,-45.50000030517,32.9));
#11056 = SURFACE_CURVE('',#11057,(#11061,#11068),.PCURVE_S1.);
#11057 = LINE('',#11058,#11059);
#11058 = CARTESIAN_POINT('',(88.264990234375,-42.35599639892,32.9));
#11059 = VECTOR('',#11060,1.);
#11060 = DIRECTION('',(-0.281963349481,-0.959425176629,0.));
#11061 = PCURVE('',#5520,#11062);
#11062 = DEFINITIONAL_REPRESENTATION('',(#11063),#11067);
#11063 = LINE('',#11064,#11065);
#11064 = CARTESIAN_POINT('',(0.,0.));
#11065 = VECTOR('',#11066,1.);
#11066 = DIRECTION('',(1.,-0.));
#11067 = ( GEOMETRIC_REPRESENTATION_CONTEXT(2) 
PARAMETRIC_REPRESENTATION_CONTEXT() REPRESENTATION_CONTEXT('2D SPACE',''
  ) );
#11068 = PCURVE('',#11069,#11074);
#11069 = PLANE('',#11070);
#11070 = AXIS2_PLACEMENT_3D('',#11071,#11072,#11073);
#11071 = CARTESIAN_POINT('',(83.992998046875,-45.50000030517,32.9));
#11072 = DIRECTION('',(0.,0.,1.));
#11073 = DIRECTION('',(1.,0.,0.));
#11074 = DEFINITIONAL_REPRESENTATION('',(#11075),#11079);
#11075 = LINE('',#11076,#11077);
#11076 = CARTESIAN_POINT('',(4.2719921875,3.14400390625));
#11077 = VECTOR('',#11078,1.);
#11078 = DIRECTION('',(-0.281963349481,-0.959425176629));
#11079 = ( GEOMETRIC_REPRESENTATION_CONTEXT(2) 
PARAMETRIC_REPRESENTATION_CONTEXT() REPRESENTATION_CONTEXT('2D SPACE',''
  ) );
#11080 = ORIENTED_EDGE('',*,*,#11081,.T.);
#11081 = EDGE_CURVE('',#11052,#5506,#11082,.T.);
#11082 = SURFACE_CURVE('',#11083,(#11087,#11094),.PCURVE_S1.);
#11083 = LINE('',#11084,#11085);
#11084 = CARTESIAN_POINT('',(88.264990234375,-42.35599639892,32.9));
#11085 = VECTOR('',#11086,1.);
#11086 = DIRECTION('',(0.,0.,1.));
#11087 = PCURVE('',#5520,#11088);
#11088 = DEFINITIONAL_REPRESENTATION('',(#11089),#11093);
#11089 = LINE('',#11090,#11091);
#11090 = CARTESIAN_POINT('',(0.,0.));
#11091 = VECTOR('',#11092,1.);
#11092 = DIRECTION('',(0.,-1.));
#11093 = ( GEOMETRIC_REPRESENTATION_CONTEXT(2) 
PARAMETRIC_REPRESENTATION_CONTEXT() REPRESENTATION_CONTEXT('2D SPACE',''
  ) );
#11094 = PCURVE('',#5830,#11095);
#11095 = DEFINITIONAL_REPRESENTATION('',(#11096),#11100);
#11096 = LINE('',#11097,#11098);
#11097 = CARTESIAN_POINT('',(0.563984375,0.));
#11098 = VECTOR('',#11099,1.);
#11099 = DIRECTION('',(0.,-1.));
#11100 = ( GEOMETRIC_REPRESENTATION_CONTEXT(2) 
PARAMETRIC_REPRESENTATION_CONTEXT() REPRESENTATION_CONTEXT('2D SPACE',''
  ) );
#11101 = ORIENTED_EDGE('',*,*,#5503,.F.);
#11102 = ORIENTED_EDGE('',*,*,#11103,.F.);
#11103 = EDGE_CURVE('',#11054,#5504,#11104,.T.);
#11104 = SURFACE_CURVE('',#11105,(#11109,#11116),.PCURVE_S1.);
#11105 = LINE('',#11106,#11107);
#11106 = CARTESIAN_POINT('',(87.341005859375,-45.50000030517,32.9));
#11107 = VECTOR('',#11108,1.);
#11108 = DIRECTION('',(0.,0.,1.));
#11109 = PCURVE('',#5520,#11110);
#11110 = DEFINITIONAL_REPRESENTATION('',(#11111),#11115);
#11111 = LINE('',#11112,#11113);
#11112 = CARTESIAN_POINT('',(3.276966232319,-0.));
#11113 = VECTOR('',#11114,1.);
#11114 = DIRECTION('',(0.,-1.));
#11115 = ( GEOMETRIC_REPRESENTATION_CONTEXT(2) 
PARAMETRIC_REPRESENTATION_CONTEXT() REPRESENTATION_CONTEXT('2D SPACE',''
  ) );
#11116 = PCURVE('',#5546,#11117);
#11117 = DEFINITIONAL_REPRESENTATION('',(#11118),#11122);
#11118 = LINE('',#11119,#11120);
#11119 = CARTESIAN_POINT('',(0.,-0.));
#11120 = VECTOR('',#11121,1.);
#11121 = DIRECTION('',(0.,-1.));
#11122 = ( GEOMETRIC_REPRESENTATION_CONTEXT(2) 
PARAMETRIC_REPRESENTATION_CONTEXT() REPRESENTATION_CONTEXT('2D SPACE',''
  ) );
#11123 = ADVANCED_FACE('',(#11124),#5546,.F.);
#11124 = FACE_BOUND('',#11125,.F.);
#11125 = EDGE_LOOP('',(#11126,#11149,#11150,#11151));
#11126 = ORIENTED_EDGE('',*,*,#11127,.F.);
#11127 = EDGE_CURVE('',#11054,#11128,#11130,.T.);
#11128 = VERTEX_POINT('',#11129);
#11129 = CARTESIAN_POINT('',(86.771005859375,-45.50000030517,32.9));
#11130 = SURFACE_CURVE('',#11131,(#11135,#11142),.PCURVE_S1.);
#11131 = LINE('',#11132,#11133);
#11132 = CARTESIAN_POINT('',(87.341005859375,-45.50000030517,32.9));
#11133 = VECTOR('',#11134,1.);
#11134 = DIRECTION('',(-1.,0.,0.));
#11135 = PCURVE('',#5546,#11136);
#11136 = DEFINITIONAL_REPRESENTATION('',(#11137),#11141);
#11137 = LINE('',#11138,#11139);
#11138 = CARTESIAN_POINT('',(0.,-0.));
#11139 = VECTOR('',#11140,1.);
#11140 = DIRECTION('',(1.,0.));
#11141 = ( GEOMETRIC_REPRESENTATION_CONTEXT(2) 
PARAMETRIC_REPRESENTATION_CONTEXT() REPRESENTATION_CONTEXT('2D SPACE',''
  ) );
#11142 = PCURVE('',#11069,#11143);
#11143 = DEFINITIONAL_REPRESENTATION('',(#11144),#11148);
#11144 = LINE('',#11145,#11146);
#11145 = CARTESIAN_POINT('',(3.3480078125,0.));
#11146 = VECTOR('',#11147,1.);
#11147 = DIRECTION('',(-1.,0.));
#11148 = ( GEOMETRIC_REPRESENTATION_CONTEXT(2) 
PARAMETRIC_REPRESENTATION_CONTEXT() REPRESENTATION_CONTEXT('2D SPACE',''
  ) );
#11149 = ORIENTED_EDGE('',*,*,#11103,.T.);
#11150 = ORIENTED_EDGE('',*,*,#5531,.F.);
#11151 = ORIENTED_EDGE('',*,*,#11152,.F.);
#11152 = EDGE_CURVE('',#11128,#5532,#11153,.T.);
#11153 = SURFACE_CURVE('',#11154,(#11158,#11165),.PCURVE_S1.);
#11154 = LINE('',#11155,#11156);
#11155 = CARTESIAN_POINT('',(86.771005859375,-45.50000030517,32.9));
#11156 = VECTOR('',#11157,1.);
#11157 = DIRECTION('',(0.,0.,1.));
#11158 = PCURVE('',#5546,#11159);
#11159 = DEFINITIONAL_REPRESENTATION('',(#11160),#11164);
#11160 = LINE('',#11161,#11162);
#11161 = CARTESIAN_POINT('',(0.57,0.));
#11162 = VECTOR('',#11163,1.);
#11163 = DIRECTION('',(0.,-1.));
#11164 = ( GEOMETRIC_REPRESENTATION_CONTEXT(2) 
PARAMETRIC_REPRESENTATION_CONTEXT() REPRESENTATION_CONTEXT('2D SPACE',''
  ) );
#11165 = PCURVE('',#5572,#11166);
#11166 = DEFINITIONAL_REPRESENTATION('',(#11167),#11171);
#11167 = LINE('',#11168,#11169);
#11168 = CARTESIAN_POINT('',(0.,0.));
#11169 = VECTOR('',#11170,1.);
#11170 = DIRECTION('',(0.,-1.));
#11171 = ( GEOMETRIC_REPRESENTATION_CONTEXT(2) 
PARAMETRIC_REPRESENTATION_CONTEXT() REPRESENTATION_CONTEXT('2D SPACE',''
  ) );
#11172 = ADVANCED_FACE('',(#11173),#5830,.F.);
#11173 = FACE_BOUND('',#11174,.F.);
#11174 = EDGE_LOOP('',(#11175,#11198,#11219,#11220));
#11175 = ORIENTED_EDGE('',*,*,#11176,.F.);
#11176 = EDGE_CURVE('',#11177,#11052,#11179,.T.);
#11177 = VERTEX_POINT('',#11178);
#11178 = CARTESIAN_POINT('',(87.701005859375,-42.35599639892,32.9));
#11179 = SURFACE_CURVE('',#11180,(#11184,#11191),.PCURVE_S1.);
#11180 = LINE('',#11181,#11182);
#11181 = CARTESIAN_POINT('',(87.701005859375,-42.35599639892,32.9));
#11182 = VECTOR('',#11183,1.);
#11183 = DIRECTION('',(1.,0.,0.));
#11184 = PCURVE('',#5830,#11185);
#11185 = DEFINITIONAL_REPRESENTATION('',(#11186),#11190);
#11186 = LINE('',#11187,#11188);
#11187 = CARTESIAN_POINT('',(0.,0.));
#11188 = VECTOR('',#11189,1.);
#11189 = DIRECTION('',(1.,0.));
#11190 = ( GEOMETRIC_REPRESENTATION_CONTEXT(2) 
PARAMETRIC_REPRESENTATION_CONTEXT() REPRESENTATION_CONTEXT('2D SPACE',''
  ) );
#11191 = PCURVE('',#11069,#11192);
#11192 = DEFINITIONAL_REPRESENTATION('',(#11193),#11197);
#11193 = LINE('',#11194,#11195);
#11194 = CARTESIAN_POINT('',(3.7080078125,3.14400390625));
#11195 = VECTOR('',#11196,1.);
#11196 = DIRECTION('',(1.,0.));
#11197 = ( GEOMETRIC_REPRESENTATION_CONTEXT(2) 
PARAMETRIC_REPRESENTATION_CONTEXT() REPRESENTATION_CONTEXT('2D SPACE',''
  ) );
#11198 = ORIENTED_EDGE('',*,*,#11199,.T.);
#11199 = EDGE_CURVE('',#11177,#5792,#11200,.T.);
#11200 = SURFACE_CURVE('',#11201,(#11205,#11212),.PCURVE_S1.);
#11201 = LINE('',#11202,#11203);
#11202 = CARTESIAN_POINT('',(87.701005859375,-42.35599639892,32.9));
#11203 = VECTOR('',#11204,1.);
#11204 = DIRECTION('',(0.,0.,1.));
#11205 = PCURVE('',#5830,#11206);
#11206 = DEFINITIONAL_REPRESENTATION('',(#11207),#11211);
#11207 = LINE('',#11208,#11209);
#11208 = CARTESIAN_POINT('',(0.,0.));
#11209 = VECTOR('',#11210,1.);
#11210 = DIRECTION('',(0.,-1.));
#11211 = ( GEOMETRIC_REPRESENTATION_CONTEXT(2) 
PARAMETRIC_REPRESENTATION_CONTEXT() REPRESENTATION_CONTEXT('2D SPACE',''
  ) );
#11212 = PCURVE('',#5806,#11213);
#11213 = DEFINITIONAL_REPRESENTATION('',(#11214),#11218);
#11214 = LINE('',#11215,#11216);
#11215 = CARTESIAN_POINT('',(2.526286429738,0.));
#11216 = VECTOR('',#11217,1.);
#11217 = DIRECTION('',(0.,-1.));
#11218 = ( GEOMETRIC_REPRESENTATION_CONTEXT(2) 
PARAMETRIC_REPRESENTATION_CONTEXT() REPRESENTATION_CONTEXT('2D SPACE',''
  ) );
#11219 = ORIENTED_EDGE('',*,*,#5817,.F.);
#11220 = ORIENTED_EDGE('',*,*,#11081,.F.);
#11221 = ADVANCED_FACE('',(#11222),#5572,.F.);
#11222 = FACE_BOUND('',#11223,.F.);
#11223 = EDGE_LOOP('',(#11224,#11247,#11248,#11249));
#11224 = ORIENTED_EDGE('',*,*,#11225,.F.);
#11225 = EDGE_CURVE('',#11128,#11226,#11228,.T.);
#11226 = VERTEX_POINT('',#11227);
#11227 = CARTESIAN_POINT('',(86.134990234375,-43.03400421142,32.9));
#11228 = SURFACE_CURVE('',#11229,(#11233,#11240),.PCURVE_S1.);
#11229 = LINE('',#11230,#11231);
#11230 = CARTESIAN_POINT('',(86.771005859375,-45.50000030517,32.9));
#11231 = VECTOR('',#11232,1.);
#11232 = DIRECTION('',(-0.249741630995,0.968312510375,0.));
#11233 = PCURVE('',#5572,#11234);
#11234 = DEFINITIONAL_REPRESENTATION('',(#11235),#11239);
#11235 = LINE('',#11236,#11237);
#11236 = CARTESIAN_POINT('',(0.,0.));
#11237 = VECTOR('',#11238,1.);
#11238 = DIRECTION('',(1.,0.));
#11239 = ( GEOMETRIC_REPRESENTATION_CONTEXT(2) 
PARAMETRIC_REPRESENTATION_CONTEXT() REPRESENTATION_CONTEXT('2D SPACE',''
  ) );
#11240 = PCURVE('',#11069,#11241);
#11241 = DEFINITIONAL_REPRESENTATION('',(#11242),#11246);
#11242 = LINE('',#11243,#11244);
#11243 = CARTESIAN_POINT('',(2.7780078125,0.));
#11244 = VECTOR('',#11245,1.);
#11245 = DIRECTION('',(-0.249741630995,0.968312510375));
#11246 = ( GEOMETRIC_REPRESENTATION_CONTEXT(2) 
PARAMETRIC_REPRESENTATION_CONTEXT() REPRESENTATION_CONTEXT('2D SPACE',''
  ) );
#11247 = ORIENTED_EDGE('',*,*,#11152,.T.);
#11248 = ORIENTED_EDGE('',*,*,#5557,.F.);
#11249 = ORIENTED_EDGE('',*,*,#11250,.F.);
#11250 = EDGE_CURVE('',#11226,#5558,#11251,.T.);
#11251 = SURFACE_CURVE('',#11252,(#11256,#11263),.PCURVE_S1.);
#11252 = LINE('',#11253,#11254);
#11253 = CARTESIAN_POINT('',(86.134990234375,-43.03400421142,32.9));
#11254 = VECTOR('',#11255,1.);
#11255 = DIRECTION('',(0.,0.,1.));
#11256 = PCURVE('',#5572,#11257);
#11257 = DEFINITIONAL_REPRESENTATION('',(#11258),#11262);
#11258 = LINE('',#11259,#11260);
#11259 = CARTESIAN_POINT('',(2.546694447639,0.));
#11260 = VECTOR('',#11261,1.);
#11261 = DIRECTION('',(0.,-1.));
#11262 = ( GEOMETRIC_REPRESENTATION_CONTEXT(2) 
PARAMETRIC_REPRESENTATION_CONTEXT() REPRESENTATION_CONTEXT('2D SPACE',''
  ) );
#11263 = PCURVE('',#5598,#11264);
#11264 = DEFINITIONAL_REPRESENTATION('',(#11265),#11269);
#11265 = LINE('',#11266,#11267);
#11266 = CARTESIAN_POINT('',(0.,0.));
#11267 = VECTOR('',#11268,1.);
#11268 = DIRECTION('',(0.,-1.));
#11269 = ( GEOMETRIC_REPRESENTATION_CONTEXT(2) 
PARAMETRIC_REPRESENTATION_CONTEXT() REPRESENTATION_CONTEXT('2D SPACE',''
  ) );
#11270 = ADVANCED_FACE('',(#11271),#5806,.F.);
#11271 = FACE_BOUND('',#11272,.F.);
#11272 = EDGE_LOOP('',(#11273,#11296,#11317,#11318));
#11273 = ORIENTED_EDGE('',*,*,#11274,.F.);
#11274 = EDGE_CURVE('',#11275,#11177,#11277,.T.);
#11275 = VERTEX_POINT('',#11276);
#11276 = CARTESIAN_POINT('',(87.077001953125,-44.80400421142,32.9));
#11277 = SURFACE_CURVE('',#11278,(#11282,#11289),.PCURVE_S1.);
#11278 = LINE('',#11279,#11280);
#11279 = CARTESIAN_POINT('',(87.077001953125,-44.80400421142,32.9));
#11280 = VECTOR('',#11281,1.);
#11281 = DIRECTION('',(0.247004416801,0.969014353909,0.));
#11282 = PCURVE('',#5806,#11283);
#11283 = DEFINITIONAL_REPRESENTATION('',(#11284),#11288);
#11284 = LINE('',#11285,#11286);
#11285 = CARTESIAN_POINT('',(0.,0.));
#11286 = VECTOR('',#11287,1.);
#11287 = DIRECTION('',(1.,0.));
#11288 = ( GEOMETRIC_REPRESENTATION_CONTEXT(2) 
PARAMETRIC_REPRESENTATION_CONTEXT() REPRESENTATION_CONTEXT('2D SPACE',''
  ) );
#11289 = PCURVE('',#11069,#11290);
#11290 = DEFINITIONAL_REPRESENTATION('',(#11291),#11295);
#11291 = LINE('',#11292,#11293);
#11292 = CARTESIAN_POINT('',(3.08400390625,0.69599609375));
#11293 = VECTOR('',#11294,1.);
#11294 = DIRECTION('',(0.247004416801,0.969014353909));
#11295 = ( GEOMETRIC_REPRESENTATION_CONTEXT(2) 
PARAMETRIC_REPRESENTATION_CONTEXT() REPRESENTATION_CONTEXT('2D SPACE',''
  ) );
#11296 = ORIENTED_EDGE('',*,*,#11297,.T.);
#11297 = EDGE_CURVE('',#11275,#5766,#11298,.T.);
#11298 = SURFACE_CURVE('',#11299,(#11303,#11310),.PCURVE_S1.);
#11299 = LINE('',#11300,#11301);
#11300 = CARTESIAN_POINT('',(87.077001953125,-44.80400421142,32.9));
#11301 = VECTOR('',#11302,1.);
#11302 = DIRECTION('',(0.,0.,1.));
#11303 = PCURVE('',#5806,#11304);
#11304 = DEFINITIONAL_REPRESENTATION('',(#11305),#11309);
#11305 = LINE('',#11306,#11307);
#11306 = CARTESIAN_POINT('',(0.,0.));
#11307 = VECTOR('',#11308,1.);
#11308 = DIRECTION('',(0.,-1.));
#11309 = ( GEOMETRIC_REPRESENTATION_CONTEXT(2) 
PARAMETRIC_REPRESENTATION_CONTEXT() REPRESENTATION_CONTEXT('2D SPACE',''
  ) );
#11310 = PCURVE('',#5780,#11311);
#11311 = DEFINITIONAL_REPRESENTATION('',(#11312),#11316);
#11312 = LINE('',#11313,#11314);
#11313 = CARTESIAN_POINT('',(2.524812053673,0.));
#11314 = VECTOR('',#11315,1.);
#11315 = DIRECTION('',(0.,-1.));
#11316 = ( GEOMETRIC_REPRESENTATION_CONTEXT(2) 
PARAMETRIC_REPRESENTATION_CONTEXT() REPRESENTATION_CONTEXT('2D SPACE',''
  ) );
#11317 = ORIENTED_EDGE('',*,*,#5791,.F.);
#11318 = ORIENTED_EDGE('',*,*,#11199,.F.);
#11319 = ADVANCED_FACE('',(#11320),#5598,.F.);
#11320 = FACE_BOUND('',#11321,.F.);
#11321 = EDGE_LOOP('',(#11322,#11345,#11346,#11347));
#11322 = ORIENTED_EDGE('',*,*,#11323,.F.);
#11323 = EDGE_CURVE('',#11226,#11324,#11326,.T.);
#11324 = VERTEX_POINT('',#11325);
#11325 = CARTESIAN_POINT('',(85.528994140625,-45.50000030517,32.9));
#11326 = SURFACE_CURVE('',#11327,(#11331,#11338),.PCURVE_S1.);
#11327 = LINE('',#11328,#11329);
#11328 = CARTESIAN_POINT('',(86.134990234375,-43.03400421142,32.9));
#11329 = VECTOR('',#11330,1.);
#11330 = DIRECTION('',(-0.238640921657,-0.971107877896,0.));
#11331 = PCURVE('',#5598,#11332);
#11332 = DEFINITIONAL_REPRESENTATION('',(#11333),#11337);
#11333 = LINE('',#11334,#11335);
#11334 = CARTESIAN_POINT('',(0.,0.));
#11335 = VECTOR('',#11336,1.);
#11336 = DIRECTION('',(1.,-0.));
#11337 = ( GEOMETRIC_REPRESENTATION_CONTEXT(2) 
PARAMETRIC_REPRESENTATION_CONTEXT() REPRESENTATION_CONTEXT('2D SPACE',''
  ) );
#11338 = PCURVE('',#11069,#11339);
#11339 = DEFINITIONAL_REPRESENTATION('',(#11340),#11344);
#11340 = LINE('',#11341,#11342);
#11341 = CARTESIAN_POINT('',(2.1419921875,2.46599609375));
#11342 = VECTOR('',#11343,1.);
#11343 = DIRECTION('',(-0.238640921657,-0.971107877896));
#11344 = ( GEOMETRIC_REPRESENTATION_CONTEXT(2) 
PARAMETRIC_REPRESENTATION_CONTEXT() REPRESENTATION_CONTEXT('2D SPACE',''
  ) );
#11345 = ORIENTED_EDGE('',*,*,#11250,.T.);
#11346 = ORIENTED_EDGE('',*,*,#5583,.F.);
#11347 = ORIENTED_EDGE('',*,*,#11348,.F.);
#11348 = EDGE_CURVE('',#11324,#5584,#11349,.T.);
#11349 = SURFACE_CURVE('',#11350,(#11354,#11361),.PCURVE_S1.);
#11350 = LINE('',#11351,#11352);
#11351 = CARTESIAN_POINT('',(85.528994140625,-45.50000030517,32.9));
#11352 = VECTOR('',#11353,1.);
#11353 = DIRECTION('',(0.,0.,1.));
#11354 = PCURVE('',#5598,#11355);
#11355 = DEFINITIONAL_REPRESENTATION('',(#11356),#11360);
#11356 = LINE('',#11357,#11358);
#11357 = CARTESIAN_POINT('',(2.539363699833,-0.));
#11358 = VECTOR('',#11359,1.);
#11359 = DIRECTION('',(0.,-1.));
#11360 = ( GEOMETRIC_REPRESENTATION_CONTEXT(2) 
PARAMETRIC_REPRESENTATION_CONTEXT() REPRESENTATION_CONTEXT('2D SPACE',''
  ) );
#11361 = PCURVE('',#5624,#11362);
#11362 = DEFINITIONAL_REPRESENTATION('',(#11363),#11367);
#11363 = LINE('',#11364,#11365);
#11364 = CARTESIAN_POINT('',(0.,-0.));
#11365 = VECTOR('',#11366,1.);
#11366 = DIRECTION('',(0.,-1.));
#11367 = ( GEOMETRIC_REPRESENTATION_CONTEXT(2) 
PARAMETRIC_REPRESENTATION_CONTEXT() REPRESENTATION_CONTEXT('2D SPACE',''
  ) );
#11368 = ADVANCED_FACE('',(#11369),#5780,.F.);
#11369 = FACE_BOUND('',#11370,.F.);
#11370 = EDGE_LOOP('',(#11371,#11394,#11415,#11416));
#11371 = ORIENTED_EDGE('',*,*,#11372,.F.);
#11372 = EDGE_CURVE('',#11373,#11275,#11375,.T.);
#11373 = VERTEX_POINT('',#11374);
#11374 = CARTESIAN_POINT('',(86.458994140625,-42.35599639892,32.9));
#11375 = SURFACE_CURVE('',#11376,(#11380,#11387),.PCURVE_S1.);
#11376 = LINE('',#11377,#11378);
#11377 = CARTESIAN_POINT('',(86.458994140625,-42.35599639892,32.9));
#11378 = VECTOR('',#11379,1.);
#11379 = DIRECTION('',(0.244773788845,-0.969580214471,0.));
#11380 = PCURVE('',#5780,#11381);
#11381 = DEFINITIONAL_REPRESENTATION('',(#11382),#11386);
#11382 = LINE('',#11383,#11384);
#11383 = CARTESIAN_POINT('',(0.,0.));
#11384 = VECTOR('',#11385,1.);
#11385 = DIRECTION('',(1.,0.));
#11386 = ( GEOMETRIC_REPRESENTATION_CONTEXT(2) 
PARAMETRIC_REPRESENTATION_CONTEXT() REPRESENTATION_CONTEXT('2D SPACE',''
  ) );
#11387 = PCURVE('',#11069,#11388);
#11388 = DEFINITIONAL_REPRESENTATION('',(#11389),#11393);
#11389 = LINE('',#11390,#11391);
#11390 = CARTESIAN_POINT('',(2.46599609375,3.14400390625));
#11391 = VECTOR('',#11392,1.);
#11392 = DIRECTION('',(0.244773788845,-0.969580214471));
#11393 = ( GEOMETRIC_REPRESENTATION_CONTEXT(2) 
PARAMETRIC_REPRESENTATION_CONTEXT() REPRESENTATION_CONTEXT('2D SPACE',''
  ) );
#11394 = ORIENTED_EDGE('',*,*,#11395,.T.);
#11395 = EDGE_CURVE('',#11373,#5740,#11396,.T.);
#11396 = SURFACE_CURVE('',#11397,(#11401,#11408),.PCURVE_S1.);
#11397 = LINE('',#11398,#11399);
#11398 = CARTESIAN_POINT('',(86.458994140625,-42.35599639892,32.9));
#11399 = VECTOR('',#11400,1.);
#11400 = DIRECTION('',(0.,0.,1.));
#11401 = PCURVE('',#5780,#11402);
#11402 = DEFINITIONAL_REPRESENTATION('',(#11403),#11407);
#11403 = LINE('',#11404,#11405);
#11404 = CARTESIAN_POINT('',(0.,0.));
#11405 = VECTOR('',#11406,1.);
#11406 = DIRECTION('',(0.,-1.));
#11407 = ( GEOMETRIC_REPRESENTATION_CONTEXT(2) 
PARAMETRIC_REPRESENTATION_CONTEXT() REPRESENTATION_CONTEXT('2D SPACE',''
  ) );
#11408 = PCURVE('',#5754,#11409);
#11409 = DEFINITIONAL_REPRESENTATION('',(#11410),#11414);
#11410 = LINE('',#11411,#11412);
#11411 = CARTESIAN_POINT('',(0.6119921875,0.));
#11412 = VECTOR('',#11413,1.);
#11413 = DIRECTION('',(0.,-1.));
#11414 = ( GEOMETRIC_REPRESENTATION_CONTEXT(2) 
PARAMETRIC_REPRESENTATION_CONTEXT() REPRESENTATION_CONTEXT('2D SPACE',''
  ) );
#11415 = ORIENTED_EDGE('',*,*,#5765,.F.);
#11416 = ORIENTED_EDGE('',*,*,#11297,.F.);
#11417 = ADVANCED_FACE('',(#11418),#5624,.F.);
#11418 = FACE_BOUND('',#11419,.F.);
#11419 = EDGE_LOOP('',(#11420,#11443,#11444,#11445));
#11420 = ORIENTED_EDGE('',*,*,#11421,.F.);
#11421 = EDGE_CURVE('',#11324,#11422,#11424,.T.);
#11422 = VERTEX_POINT('',#11423);
#11423 = CARTESIAN_POINT('',(84.964990234375,-45.50000030517,32.9));
#11424 = SURFACE_CURVE('',#11425,(#11429,#11436),.PCURVE_S1.);
#11425 = LINE('',#11426,#11427);
#11426 = CARTESIAN_POINT('',(85.528994140625,-45.50000030517,32.9));
#11427 = VECTOR('',#11428,1.);
#11428 = DIRECTION('',(-1.,0.,0.));
#11429 = PCURVE('',#5624,#11430);
#11430 = DEFINITIONAL_REPRESENTATION('',(#11431),#11435);
#11431 = LINE('',#11432,#11433);
#11432 = CARTESIAN_POINT('',(0.,-0.));
#11433 = VECTOR('',#11434,1.);
#11434 = DIRECTION('',(1.,0.));
#11435 = ( GEOMETRIC_REPRESENTATION_CONTEXT(2) 
PARAMETRIC_REPRESENTATION_CONTEXT() REPRESENTATION_CONTEXT('2D SPACE',''
  ) );
#11436 = PCURVE('',#11069,#11437);
#11437 = DEFINITIONAL_REPRESENTATION('',(#11438),#11442);
#11438 = LINE('',#11439,#11440);
#11439 = CARTESIAN_POINT('',(1.53599609375,0.));
#11440 = VECTOR('',#11441,1.);
#11441 = DIRECTION('',(-1.,0.));
#11442 = ( GEOMETRIC_REPRESENTATION_CONTEXT(2) 
PARAMETRIC_REPRESENTATION_CONTEXT() REPRESENTATION_CONTEXT('2D SPACE',''
  ) );
#11443 = ORIENTED_EDGE('',*,*,#11348,.T.);
#11444 = ORIENTED_EDGE('',*,*,#5609,.F.);
#11445 = ORIENTED_EDGE('',*,*,#11446,.F.);
#11446 = EDGE_CURVE('',#11422,#5610,#11447,.T.);
#11447 = SURFACE_CURVE('',#11448,(#11452,#11459),.PCURVE_S1.);
#11448 = LINE('',#11449,#11450);
#11449 = CARTESIAN_POINT('',(84.964990234375,-45.50000030517,32.9));
#11450 = VECTOR('',#11451,1.);
#11451 = DIRECTION('',(0.,0.,1.));
#11452 = PCURVE('',#5624,#11453);
#11453 = DEFINITIONAL_REPRESENTATION('',(#11454),#11458);
#11454 = LINE('',#11455,#11456);
#11455 = CARTESIAN_POINT('',(0.56400390625,0.));
#11456 = VECTOR('',#11457,1.);
#11457 = DIRECTION('',(0.,-1.));
#11458 = ( GEOMETRIC_REPRESENTATION_CONTEXT(2) 
PARAMETRIC_REPRESENTATION_CONTEXT() REPRESENTATION_CONTEXT('2D SPACE',''
  ) );
#11459 = PCURVE('',#5650,#11460);
#11460 = DEFINITIONAL_REPRESENTATION('',(#11461),#11465);
#11461 = LINE('',#11462,#11463);
#11462 = CARTESIAN_POINT('',(0.,0.));
#11463 = VECTOR('',#11464,1.);
#11464 = DIRECTION('',(0.,-1.));
#11465 = ( GEOMETRIC_REPRESENTATION_CONTEXT(2) 
PARAMETRIC_REPRESENTATION_CONTEXT() REPRESENTATION_CONTEXT('2D SPACE',''
  ) );
#11466 = ADVANCED_FACE('',(#11467),#5754,.F.);
#11467 = FACE_BOUND('',#11468,.F.);
#11468 = EDGE_LOOP('',(#11469,#11492,#11513,#11514));
#11469 = ORIENTED_EDGE('',*,*,#11470,.F.);
#11470 = EDGE_CURVE('',#11471,#11373,#11473,.T.);
#11471 = VERTEX_POINT('',#11472);
#11472 = CARTESIAN_POINT('',(85.847001953125,-42.35599639892,32.9));
#11473 = SURFACE_CURVE('',#11474,(#11478,#11485),.PCURVE_S1.);
#11474 = LINE('',#11475,#11476);
#11475 = CARTESIAN_POINT('',(85.847001953125,-42.35599639892,32.9));
#11476 = VECTOR('',#11477,1.);
#11477 = DIRECTION('',(1.,0.,0.));
#11478 = PCURVE('',#5754,#11479);
#11479 = DEFINITIONAL_REPRESENTATION('',(#11480),#11484);
#11480 = LINE('',#11481,#11482);
#11481 = CARTESIAN_POINT('',(0.,0.));
#11482 = VECTOR('',#11483,1.);
#11483 = DIRECTION('',(1.,0.));
#11484 = ( GEOMETRIC_REPRESENTATION_CONTEXT(2) 
PARAMETRIC_REPRESENTATION_CONTEXT() REPRESENTATION_CONTEXT('2D SPACE',''
  ) );
#11485 = PCURVE('',#11069,#11486);
#11486 = DEFINITIONAL_REPRESENTATION('',(#11487),#11491);
#11487 = LINE('',#11488,#11489);
#11488 = CARTESIAN_POINT('',(1.85400390625,3.14400390625));
#11489 = VECTOR('',#11490,1.);
#11490 = DIRECTION('',(1.,0.));
#11491 = ( GEOMETRIC_REPRESENTATION_CONTEXT(2) 
PARAMETRIC_REPRESENTATION_CONTEXT() REPRESENTATION_CONTEXT('2D SPACE',''
  ) );
#11492 = ORIENTED_EDGE('',*,*,#11493,.T.);
#11493 = EDGE_CURVE('',#11471,#5714,#11494,.T.);
#11494 = SURFACE_CURVE('',#11495,(#11499,#11506),.PCURVE_S1.);
#11495 = LINE('',#11496,#11497);
#11496 = CARTESIAN_POINT('',(85.847001953125,-42.35599639892,32.9));
#11497 = VECTOR('',#11498,1.);
#11498 = DIRECTION('',(0.,0.,1.));
#11499 = PCURVE('',#5754,#11500);
#11500 = DEFINITIONAL_REPRESENTATION('',(#11501),#11505);
#11501 = LINE('',#11502,#11503);
#11502 = CARTESIAN_POINT('',(0.,0.));
#11503 = VECTOR('',#11504,1.);
#11504 = DIRECTION('',(0.,-1.));
#11505 = ( GEOMETRIC_REPRESENTATION_CONTEXT(2) 
PARAMETRIC_REPRESENTATION_CONTEXT() REPRESENTATION_CONTEXT('2D SPACE',''
  ) );
#11506 = PCURVE('',#5728,#11507);
#11507 = DEFINITIONAL_REPRESENTATION('',(#11508),#11512);
#11508 = LINE('',#11509,#11510);
#11509 = CARTESIAN_POINT('',(2.52046468931,0.));
#11510 = VECTOR('',#11511,1.);
#11511 = DIRECTION('',(0.,-1.));
#11512 = ( GEOMETRIC_REPRESENTATION_CONTEXT(2) 
PARAMETRIC_REPRESENTATION_CONTEXT() REPRESENTATION_CONTEXT('2D SPACE',''
  ) );
#11513 = ORIENTED_EDGE('',*,*,#5739,.F.);
#11514 = ORIENTED_EDGE('',*,*,#11395,.F.);
#11515 = ADVANCED_FACE('',(#11516),#5650,.F.);
#11516 = FACE_BOUND('',#11517,.F.);
#11517 = EDGE_LOOP('',(#11518,#11541,#11542,#11543));
#11518 = ORIENTED_EDGE('',*,*,#11519,.F.);
#11519 = EDGE_CURVE('',#11422,#11520,#11522,.T.);
#11520 = VERTEX_POINT('',#11521);
#11521 = CARTESIAN_POINT('',(84.052998046875,-42.35599639892,32.9));
#11522 = SURFACE_CURVE('',#11523,(#11527,#11534),.PCURVE_S1.);
#11523 = LINE('',#11524,#11525);
#11524 = CARTESIAN_POINT('',(84.964990234375,-45.50000030517,32.9));
#11525 = VECTOR('',#11526,1.);
#11526 = DIRECTION('',(-0.278589555327,0.960410255913,0.));
#11527 = PCURVE('',#5650,#11528);
#11528 = DEFINITIONAL_REPRESENTATION('',(#11529),#11533);
#11529 = LINE('',#11530,#11531);
#11530 = CARTESIAN_POINT('',(0.,0.));
#11531 = VECTOR('',#11532,1.);
#11532 = DIRECTION('',(1.,0.));
#11533 = ( GEOMETRIC_REPRESENTATION_CONTEXT(2) 
PARAMETRIC_REPRESENTATION_CONTEXT() REPRESENTATION_CONTEXT('2D SPACE',''
  ) );
#11534 = PCURVE('',#11069,#11535);
#11535 = DEFINITIONAL_REPRESENTATION('',(#11536),#11540);
#11536 = LINE('',#11537,#11538);
#11537 = CARTESIAN_POINT('',(0.9719921875,0.));
#11538 = VECTOR('',#11539,1.);
#11539 = DIRECTION('',(-0.278589555327,0.960410255913));
#11540 = ( GEOMETRIC_REPRESENTATION_CONTEXT(2) 
PARAMETRIC_REPRESENTATION_CONTEXT() REPRESENTATION_CONTEXT('2D SPACE',''
  ) );
#11541 = ORIENTED_EDGE('',*,*,#11446,.T.);
#11542 = ORIENTED_EDGE('',*,*,#5635,.F.);
#11543 = ORIENTED_EDGE('',*,*,#11544,.F.);
#11544 = EDGE_CURVE('',#11520,#5636,#11545,.T.);
#11545 = SURFACE_CURVE('',#11546,(#11550,#11557),.PCURVE_S1.);
#11546 = LINE('',#11547,#11548);
#11547 = CARTESIAN_POINT('',(84.052998046875,-42.35599639892,32.9));
#11548 = VECTOR('',#11549,1.);
#11549 = DIRECTION('',(0.,0.,1.));
#11550 = PCURVE('',#5650,#11551);
#11551 = DEFINITIONAL_REPRESENTATION('',(#11552),#11556);
#11552 = LINE('',#11553,#11554);
#11553 = CARTESIAN_POINT('',(3.27360509417,0.));
#11554 = VECTOR('',#11555,1.);
#11555 = DIRECTION('',(0.,-1.));
#11556 = ( GEOMETRIC_REPRESENTATION_CONTEXT(2) 
PARAMETRIC_REPRESENTATION_CONTEXT() REPRESENTATION_CONTEXT('2D SPACE',''
  ) );
#11557 = PCURVE('',#5676,#11558);
#11558 = DEFINITIONAL_REPRESENTATION('',(#11559),#11563);
#11559 = LINE('',#11560,#11561);
#11560 = CARTESIAN_POINT('',(0.,0.));
#11561 = VECTOR('',#11562,1.);
#11562 = DIRECTION('',(0.,-1.));
#11563 = ( GEOMETRIC_REPRESENTATION_CONTEXT(2) 
PARAMETRIC_REPRESENTATION_CONTEXT() REPRESENTATION_CONTEXT('2D SPACE',''
  ) );
#11564 = ADVANCED_FACE('',(#11565),#5728,.F.);
#11565 = FACE_BOUND('',#11566,.F.);
#11566 = EDGE_LOOP('',(#11567,#11590,#11611,#11612));
#11567 = ORIENTED_EDGE('',*,*,#11568,.F.);
#11568 = EDGE_CURVE('',#11569,#11471,#11571,.T.);
#11569 = VERTEX_POINT('',#11570);
#11570 = CARTESIAN_POINT('',(85.247001953125,-44.80400421142,32.9));
#11571 = SURFACE_CURVE('',#11572,(#11576,#11583),.PCURVE_S1.);
#11572 = LINE('',#11573,#11574);
#11573 = CARTESIAN_POINT('',(85.247001953125,-44.80400421142,32.9));
#11574 = VECTOR('',#11575,1.);
#11575 = DIRECTION('',(0.238051341304,0.971252572148,0.));
#11576 = PCURVE('',#5728,#11577);
#11577 = DEFINITIONAL_REPRESENTATION('',(#11578),#11582);
#11578 = LINE('',#11579,#11580);
#11579 = CARTESIAN_POINT('',(0.,0.));
#11580 = VECTOR('',#11581,1.);
#11581 = DIRECTION('',(1.,0.));
#11582 = ( GEOMETRIC_REPRESENTATION_CONTEXT(2) 
PARAMETRIC_REPRESENTATION_CONTEXT() REPRESENTATION_CONTEXT('2D SPACE',''
  ) );
#11583 = PCURVE('',#11069,#11584);
#11584 = DEFINITIONAL_REPRESENTATION('',(#11585),#11589);
#11585 = LINE('',#11586,#11587);
#11586 = CARTESIAN_POINT('',(1.25400390625,0.69599609375));
#11587 = VECTOR('',#11588,1.);
#11588 = DIRECTION('',(0.238051341304,0.971252572148));
#11589 = ( GEOMETRIC_REPRESENTATION_CONTEXT(2) 
PARAMETRIC_REPRESENTATION_CONTEXT() REPRESENTATION_CONTEXT('2D SPACE',''
  ) );
#11590 = ORIENTED_EDGE('',*,*,#11591,.T.);
#11591 = EDGE_CURVE('',#11569,#5688,#11592,.T.);
#11592 = SURFACE_CURVE('',#11593,(#11597,#11604),.PCURVE_S1.);
#11593 = LINE('',#11594,#11595);
#11594 = CARTESIAN_POINT('',(85.247001953125,-44.80400421142,32.9));
#11595 = VECTOR('',#11596,1.);
#11596 = DIRECTION('',(0.,0.,1.));
#11597 = PCURVE('',#5728,#11598);
#11598 = DEFINITIONAL_REPRESENTATION('',(#11599),#11603);
#11599 = LINE('',#11600,#11601);
#11600 = CARTESIAN_POINT('',(0.,0.));
#11601 = VECTOR('',#11602,1.);
#11602 = DIRECTION('',(0.,-1.));
#11603 = ( GEOMETRIC_REPRESENTATION_CONTEXT(2) 
PARAMETRIC_REPRESENTATION_CONTEXT() REPRESENTATION_CONTEXT('2D SPACE',''
  ) );
#11604 = PCURVE('',#5702,#11605);
#11605 = DEFINITIONAL_REPRESENTATION('',(#11606),#11610);
#11606 = LINE('',#11607,#11608);
#11607 = CARTESIAN_POINT('',(2.530794597962,0.));
#11608 = VECTOR('',#11609,1.);
#11609 = DIRECTION('',(0.,-1.));
#11610 = ( GEOMETRIC_REPRESENTATION_CONTEXT(2) 
PARAMETRIC_REPRESENTATION_CONTEXT() REPRESENTATION_CONTEXT('2D SPACE',''
  ) );
#11611 = ORIENTED_EDGE('',*,*,#5713,.F.);
#11612 = ORIENTED_EDGE('',*,*,#11493,.F.);
#11613 = ADVANCED_FACE('',(#11614),#5676,.F.);
#11614 = FACE_BOUND('',#11615,.F.);
#11615 = EDGE_LOOP('',(#11616,#11639,#11640,#11641));
#11616 = ORIENTED_EDGE('',*,*,#11617,.F.);
#11617 = EDGE_CURVE('',#11520,#11618,#11620,.T.);
#11618 = VERTEX_POINT('',#11619);
#11619 = CARTESIAN_POINT('',(84.604990234375,-42.35599639892,32.9));
#11620 = SURFACE_CURVE('',#11621,(#11625,#11632),.PCURVE_S1.);
#11621 = LINE('',#11622,#11623);
#11622 = CARTESIAN_POINT('',(84.052998046875,-42.35599639892,32.9));
#11623 = VECTOR('',#11624,1.);
#11624 = DIRECTION('',(1.,0.,0.));
#11625 = PCURVE('',#5676,#11626);
#11626 = DEFINITIONAL_REPRESENTATION('',(#11627),#11631);
#11627 = LINE('',#11628,#11629);
#11628 = CARTESIAN_POINT('',(0.,0.));
#11629 = VECTOR('',#11630,1.);
#11630 = DIRECTION('',(1.,0.));
#11631 = ( GEOMETRIC_REPRESENTATION_CONTEXT(2) 
PARAMETRIC_REPRESENTATION_CONTEXT() REPRESENTATION_CONTEXT('2D SPACE',''
  ) );
#11632 = PCURVE('',#11069,#11633);
#11633 = DEFINITIONAL_REPRESENTATION('',(#11634),#11638);
#11634 = LINE('',#11635,#11636);
#11635 = CARTESIAN_POINT('',(6.E-02,3.14400390625));
#11636 = VECTOR('',#11637,1.);
#11637 = DIRECTION('',(1.,0.));
#11638 = ( GEOMETRIC_REPRESENTATION_CONTEXT(2) 
PARAMETRIC_REPRESENTATION_CONTEXT() REPRESENTATION_CONTEXT('2D SPACE',''
  ) );
#11639 = ORIENTED_EDGE('',*,*,#11544,.T.);
#11640 = ORIENTED_EDGE('',*,*,#5661,.F.);
#11641 = ORIENTED_EDGE('',*,*,#11642,.F.);
#11642 = EDGE_CURVE('',#11618,#5662,#11643,.T.);
#11643 = SURFACE_CURVE('',#11644,(#11648,#11655),.PCURVE_S1.);
#11644 = LINE('',#11645,#11646);
#11645 = CARTESIAN_POINT('',(84.604990234375,-42.35599639892,32.9));
#11646 = VECTOR('',#11647,1.);
#11647 = DIRECTION('',(0.,0.,1.));
#11648 = PCURVE('',#5676,#11649);
#11649 = DEFINITIONAL_REPRESENTATION('',(#11650),#11654);
#11650 = LINE('',#11651,#11652);
#11651 = CARTESIAN_POINT('',(0.5519921875,0.));
#11652 = VECTOR('',#11653,1.);
#11653 = DIRECTION('',(0.,-1.));
#11654 = ( GEOMETRIC_REPRESENTATION_CONTEXT(2) 
PARAMETRIC_REPRESENTATION_CONTEXT() REPRESENTATION_CONTEXT('2D SPACE',''
  ) );
#11655 = PCURVE('',#5702,#11656);
#11656 = DEFINITIONAL_REPRESENTATION('',(#11657),#11661);
#11657 = LINE('',#11658,#11659);
#11658 = CARTESIAN_POINT('',(0.,0.));
#11659 = VECTOR('',#11660,1.);
#11660 = DIRECTION('',(0.,-1.));
#11661 = ( GEOMETRIC_REPRESENTATION_CONTEXT(2) 
PARAMETRIC_REPRESENTATION_CONTEXT() REPRESENTATION_CONTEXT('2D SPACE',''
  ) );
#11662 = ADVANCED_FACE('',(#11663),#5702,.F.);
#11663 = FACE_BOUND('',#11664,.F.);
#11664 = EDGE_LOOP('',(#11665,#11686,#11687,#11688));
#11665 = ORIENTED_EDGE('',*,*,#11666,.F.);
#11666 = EDGE_CURVE('',#11618,#11569,#11667,.T.);
#11667 = SURFACE_CURVE('',#11668,(#11672,#11679),.PCURVE_S1.);
#11668 = LINE('',#11669,#11670);
#11669 = CARTESIAN_POINT('',(84.604990234375,-42.35599639892,32.9));
#11670 = VECTOR('',#11671,1.);
#11671 = DIRECTION('',(0.253679899296,-0.967288224209,0.));
#11672 = PCURVE('',#5702,#11673);
#11673 = DEFINITIONAL_REPRESENTATION('',(#11674),#11678);
#11674 = LINE('',#11675,#11676);
#11675 = CARTESIAN_POINT('',(0.,0.));
#11676 = VECTOR('',#11677,1.);
#11677 = DIRECTION('',(1.,0.));
#11678 = ( GEOMETRIC_REPRESENTATION_CONTEXT(2) 
PARAMETRIC_REPRESENTATION_CONTEXT() REPRESENTATION_CONTEXT('2D SPACE',''
  ) );
#11679 = PCURVE('',#11069,#11680);
#11680 = DEFINITIONAL_REPRESENTATION('',(#11681),#11685);
#11681 = LINE('',#11682,#11683);
#11682 = CARTESIAN_POINT('',(0.6119921875,3.14400390625));
#11683 = VECTOR('',#11684,1.);
#11684 = DIRECTION('',(0.253679899296,-0.967288224209));
#11685 = ( GEOMETRIC_REPRESENTATION_CONTEXT(2) 
PARAMETRIC_REPRESENTATION_CONTEXT() REPRESENTATION_CONTEXT('2D SPACE',''
  ) );
#11686 = ORIENTED_EDGE('',*,*,#11642,.T.);
#11687 = ORIENTED_EDGE('',*,*,#5687,.F.);
#11688 = ORIENTED_EDGE('',*,*,#11591,.F.);
#11689 = ADVANCED_FACE('',(#11690),#5864,.F.);
#11690 = FACE_BOUND('',#11691,.T.);
#11691 = EDGE_LOOP('',(#11692,#11693,#11714,#11715));
#11692 = ORIENTED_EDGE('',*,*,#7172,.F.);
#11693 = ORIENTED_EDGE('',*,*,#11694,.T.);
#11694 = EDGE_CURVE('',#7173,#5844,#11695,.T.);
#11695 = SEAM_CURVE('',#11696,(#11700,#11707),.PCURVE_S1.);
#11696 = LINE('',#11697,#11698);
#11697 = CARTESIAN_POINT('',(107.65,-45.,32.3));
#11698 = VECTOR('',#11699,1.);
#11699 = DIRECTION('',(0.,0.,1.));
#11700 = PCURVE('',#5864,#11701);
#11701 = DEFINITIONAL_REPRESENTATION('',(#11702),#11706);
#11702 = LINE('',#11703,#11704);
#11703 = CARTESIAN_POINT('',(-6.28318530718,0.));
#11704 = VECTOR('',#11705,1.);
#11705 = DIRECTION('',(-0.,-1.));
#11706 = ( GEOMETRIC_REPRESENTATION_CONTEXT(2) 
PARAMETRIC_REPRESENTATION_CONTEXT() REPRESENTATION_CONTEXT('2D SPACE',''
  ) );
#11707 = PCURVE('',#5864,#11708);
#11708 = DEFINITIONAL_REPRESENTATION('',(#11709),#11713);
#11709 = LINE('',#11710,#11711);
#11710 = CARTESIAN_POINT('',(-0.,0.));
#11711 = VECTOR('',#11712,1.);
#11712 = DIRECTION('',(-0.,-1.));
#11713 = ( GEOMETRIC_REPRESENTATION_CONTEXT(2) 
PARAMETRIC_REPRESENTATION_CONTEXT() REPRESENTATION_CONTEXT('2D SPACE',''
  ) );
#11714 = ORIENTED_EDGE('',*,*,#5843,.F.);
#11715 = ORIENTED_EDGE('',*,*,#11694,.F.);
#11716 = ADVANCED_FACE('',(#11717),#5895,.F.);
#11717 = FACE_BOUND('',#11718,.F.);
#11718 = EDGE_LOOP('',(#11719,#11749,#11770,#11771));
#11719 = ORIENTED_EDGE('',*,*,#11720,.F.);
#11720 = EDGE_CURVE('',#11721,#11723,#11725,.T.);
#11721 = VERTEX_POINT('',#11722);
#11722 = CARTESIAN_POINT('',(84.903505859375,-28.91700210571,32.9));
#11723 = VERTEX_POINT('',#11724);
#11724 = CARTESIAN_POINT('',(84.288505859375,-30.75000015258,32.9));
#11725 = SURFACE_CURVE('',#11726,(#11730,#11737),.PCURVE_S1.);
#11726 = LINE('',#11727,#11728);
#11727 = CARTESIAN_POINT('',(84.903505859375,-28.91700210571,32.9));
#11728 = VECTOR('',#11729,1.);
#11729 = DIRECTION('',(-0.318089446792,-0.948060706832,0.));
#11730 = PCURVE('',#5895,#11731);
#11731 = DEFINITIONAL_REPRESENTATION('',(#11732),#11736);
#11732 = LINE('',#11733,#11734);
#11733 = CARTESIAN_POINT('',(0.,0.));
#11734 = VECTOR('',#11735,1.);
#11735 = DIRECTION('',(1.,-0.));
#11736 = ( GEOMETRIC_REPRESENTATION_CONTEXT(2) 
PARAMETRIC_REPRESENTATION_CONTEXT() REPRESENTATION_CONTEXT('2D SPACE',''
  ) );
#11737 = PCURVE('',#11738,#11743);
#11738 = PLANE('',#11739);
#11739 = AXIS2_PLACEMENT_3D('',#11740,#11741,#11742);
#11740 = CARTESIAN_POINT('',(82.869501953125,-30.75000015258,32.9));
#11741 = DIRECTION('',(0.,0.,1.));
#11742 = DIRECTION('',(1.,0.,0.));
#11743 = DEFINITIONAL_REPRESENTATION('',(#11744),#11748);
#11744 = LINE('',#11745,#11746);
#11745 = CARTESIAN_POINT('',(2.03400390625,1.832998046875));
#11746 = VECTOR('',#11747,1.);
#11747 = DIRECTION('',(-0.318089446792,-0.948060706832));
#11748 = ( GEOMETRIC_REPRESENTATION_CONTEXT(2) 
PARAMETRIC_REPRESENTATION_CONTEXT() REPRESENTATION_CONTEXT('2D SPACE',''
  ) );
#11749 = ORIENTED_EDGE('',*,*,#11750,.T.);
#11750 = EDGE_CURVE('',#11721,#5881,#11751,.T.);
#11751 = SURFACE_CURVE('',#11752,(#11756,#11763),.PCURVE_S1.);
#11752 = LINE('',#11753,#11754);
#11753 = CARTESIAN_POINT('',(84.903505859375,-28.91700210571,32.9));
#11754 = VECTOR('',#11755,1.);
#11755 = DIRECTION('',(0.,0.,1.));
#11756 = PCURVE('',#5895,#11757);
#11757 = DEFINITIONAL_REPRESENTATION('',(#11758),#11762);
#11758 = LINE('',#11759,#11760);
#11759 = CARTESIAN_POINT('',(0.,0.));
#11760 = VECTOR('',#11761,1.);
#11761 = DIRECTION('',(0.,-1.));
#11762 = ( GEOMETRIC_REPRESENTATION_CONTEXT(2) 
PARAMETRIC_REPRESENTATION_CONTEXT() REPRESENTATION_CONTEXT('2D SPACE',''
  ) );
#11763 = PCURVE('',#6205,#11764);
#11764 = DEFINITIONAL_REPRESENTATION('',(#11765),#11769);
#11765 = LINE('',#11766,#11767);
#11766 = CARTESIAN_POINT('',(1.832998046875,0.));
#11767 = VECTOR('',#11768,1.);
#11768 = DIRECTION('',(0.,-1.));
#11769 = ( GEOMETRIC_REPRESENTATION_CONTEXT(2) 
PARAMETRIC_REPRESENTATION_CONTEXT() REPRESENTATION_CONTEXT('2D SPACE',''
  ) );
#11770 = ORIENTED_EDGE('',*,*,#5878,.F.);
#11771 = ORIENTED_EDGE('',*,*,#11772,.F.);
#11772 = EDGE_CURVE('',#11723,#5879,#11773,.T.);
#11773 = SURFACE_CURVE('',#11774,(#11778,#11785),.PCURVE_S1.);
#11774 = LINE('',#11775,#11776);
#11775 = CARTESIAN_POINT('',(84.288505859375,-30.75000015258,32.9));
#11776 = VECTOR('',#11777,1.);
#11777 = DIRECTION('',(0.,0.,1.));
#11778 = PCURVE('',#5895,#11779);
#11779 = DEFINITIONAL_REPRESENTATION('',(#11780),#11784);
#11780 = LINE('',#11781,#11782);
#11781 = CARTESIAN_POINT('',(1.93341843372,-0.));
#11782 = VECTOR('',#11783,1.);
#11783 = DIRECTION('',(0.,-1.));
#11784 = ( GEOMETRIC_REPRESENTATION_CONTEXT(2) 
PARAMETRIC_REPRESENTATION_CONTEXT() REPRESENTATION_CONTEXT('2D SPACE',''
  ) );
#11785 = PCURVE('',#5921,#11786);
#11786 = DEFINITIONAL_REPRESENTATION('',(#11787),#11791);
#11787 = LINE('',#11788,#11789);
#11788 = CARTESIAN_POINT('',(0.,-0.));
#11789 = VECTOR('',#11790,1.);
#11790 = DIRECTION('',(0.,-1.));
#11791 = ( GEOMETRIC_REPRESENTATION_CONTEXT(2) 
PARAMETRIC_REPRESENTATION_CONTEXT() REPRESENTATION_CONTEXT('2D SPACE',''
  ) );
#11792 = ADVANCED_FACE('',(#11793),#6205,.F.);
#11793 = FACE_BOUND('',#11794,.F.);
#11794 = EDGE_LOOP('',(#11795,#11818,#11839,#11840));
#11795 = ORIENTED_EDGE('',*,*,#11796,.F.);
#11796 = EDGE_CURVE('',#11797,#11721,#11799,.T.);
#11797 = VERTEX_POINT('',#11798);
#11798 = CARTESIAN_POINT('',(84.903505859375,-30.75000015258,32.9));
#11799 = SURFACE_CURVE('',#11800,(#11804,#11811),.PCURVE_S1.);
#11800 = LINE('',#11801,#11802);
#11801 = CARTESIAN_POINT('',(84.903505859375,-30.75000015258,32.9));
#11802 = VECTOR('',#11803,1.);
#11803 = DIRECTION('',(0.,1.,0.));
#11804 = PCURVE('',#6205,#11805);
#11805 = DEFINITIONAL_REPRESENTATION('',(#11806),#11810);
#11806 = LINE('',#11807,#11808);
#11807 = CARTESIAN_POINT('',(0.,0.));
#11808 = VECTOR('',#11809,1.);
#11809 = DIRECTION('',(1.,0.));
#11810 = ( GEOMETRIC_REPRESENTATION_CONTEXT(2) 
PARAMETRIC_REPRESENTATION_CONTEXT() REPRESENTATION_CONTEXT('2D SPACE',''
  ) );
#11811 = PCURVE('',#11738,#11812);
#11812 = DEFINITIONAL_REPRESENTATION('',(#11813),#11817);
#11813 = LINE('',#11814,#11815);
#11814 = CARTESIAN_POINT('',(2.03400390625,0.));
#11815 = VECTOR('',#11816,1.);
#11816 = DIRECTION('',(0.,1.));
#11817 = ( GEOMETRIC_REPRESENTATION_CONTEXT(2) 
PARAMETRIC_REPRESENTATION_CONTEXT() REPRESENTATION_CONTEXT('2D SPACE',''
  ) );
#11818 = ORIENTED_EDGE('',*,*,#11819,.T.);
#11819 = EDGE_CURVE('',#11797,#6167,#11820,.T.);
#11820 = SURFACE_CURVE('',#11821,(#11825,#11832),.PCURVE_S1.);
#11821 = LINE('',#11822,#11823);
#11822 = CARTESIAN_POINT('',(84.903505859375,-30.75000015258,32.9));
#11823 = VECTOR('',#11824,1.);
#11824 = DIRECTION('',(0.,0.,1.));
#11825 = PCURVE('',#6205,#11826);
#11826 = DEFINITIONAL_REPRESENTATION('',(#11827),#11831);
#11827 = LINE('',#11828,#11829);
#11828 = CARTESIAN_POINT('',(0.,0.));
#11829 = VECTOR('',#11830,1.);
#11830 = DIRECTION('',(0.,-1.));
#11831 = ( GEOMETRIC_REPRESENTATION_CONTEXT(2) 
PARAMETRIC_REPRESENTATION_CONTEXT() REPRESENTATION_CONTEXT('2D SPACE',''
  ) );
#11832 = PCURVE('',#6181,#11833);
#11833 = DEFINITIONAL_REPRESENTATION('',(#11834),#11838);
#11834 = LINE('',#11835,#11836);
#11835 = CARTESIAN_POINT('',(0.263994140625,0.));
#11836 = VECTOR('',#11837,1.);
#11837 = DIRECTION('',(0.,-1.));
#11838 = ( GEOMETRIC_REPRESENTATION_CONTEXT(2) 
PARAMETRIC_REPRESENTATION_CONTEXT() REPRESENTATION_CONTEXT('2D SPACE',''
  ) );
#11839 = ORIENTED_EDGE('',*,*,#6192,.F.);
#11840 = ORIENTED_EDGE('',*,*,#11750,.F.);
#11841 = ADVANCED_FACE('',(#11842),#6181,.F.);
#11842 = FACE_BOUND('',#11843,.F.);
#11843 = EDGE_LOOP('',(#11844,#11867,#11888,#11889));
#11844 = ORIENTED_EDGE('',*,*,#11845,.F.);
#11845 = EDGE_CURVE('',#11846,#11797,#11848,.T.);
#11846 = VERTEX_POINT('',#11847);
#11847 = CARTESIAN_POINT('',(85.1675,-30.75000015258,32.9));
#11848 = SURFACE_CURVE('',#11849,(#11853,#11860),.PCURVE_S1.);
#11849 = LINE('',#11850,#11851);
#11850 = CARTESIAN_POINT('',(85.1675,-30.75000015258,32.9));
#11851 = VECTOR('',#11852,1.);
#11852 = DIRECTION('',(-1.,0.,0.));
#11853 = PCURVE('',#6181,#11854);
#11854 = DEFINITIONAL_REPRESENTATION('',(#11855),#11859);
#11855 = LINE('',#11856,#11857);
#11856 = CARTESIAN_POINT('',(1.42108547152E-14,0.));
#11857 = VECTOR('',#11858,1.);
#11858 = DIRECTION('',(1.,0.));
#11859 = ( GEOMETRIC_REPRESENTATION_CONTEXT(2) 
PARAMETRIC_REPRESENTATION_CONTEXT() REPRESENTATION_CONTEXT('2D SPACE',''
  ) );
#11860 = PCURVE('',#11738,#11861);
#11861 = DEFINITIONAL_REPRESENTATION('',(#11862),#11866);
#11862 = LINE('',#11863,#11864);
#11863 = CARTESIAN_POINT('',(2.297998046875,0.));
#11864 = VECTOR('',#11865,1.);
#11865 = DIRECTION('',(-1.,0.));
#11866 = ( GEOMETRIC_REPRESENTATION_CONTEXT(2) 
PARAMETRIC_REPRESENTATION_CONTEXT() REPRESENTATION_CONTEXT('2D SPACE',''
  ) );
#11867 = ORIENTED_EDGE('',*,*,#11868,.T.);
#11868 = EDGE_CURVE('',#11846,#6141,#11869,.T.);
#11869 = SURFACE_CURVE('',#11870,(#11874,#11881),.PCURVE_S1.);
#11870 = LINE('',#11871,#11872);
#11871 = CARTESIAN_POINT('',(85.1675,-30.75000015258,32.9));
#11872 = VECTOR('',#11873,1.);
#11873 = DIRECTION('',(0.,0.,1.));
#11874 = PCURVE('',#6181,#11875);
#11875 = DEFINITIONAL_REPRESENTATION('',(#11876),#11880);
#11876 = LINE('',#11877,#11878);
#11877 = CARTESIAN_POINT('',(0.,-0.));
#11878 = VECTOR('',#11879,1.);
#11879 = DIRECTION('',(0.,-1.));
#11880 = ( GEOMETRIC_REPRESENTATION_CONTEXT(2) 
PARAMETRIC_REPRESENTATION_CONTEXT() REPRESENTATION_CONTEXT('2D SPACE',''
  ) );
#11881 = PCURVE('',#6155,#11882);
#11882 = DEFINITIONAL_REPRESENTATION('',(#11883),#11887);
#11883 = LINE('',#11884,#11885);
#11884 = CARTESIAN_POINT('',(2.187001953125,0.));
#11885 = VECTOR('',#11886,1.);
#11886 = DIRECTION('',(0.,-1.));
#11887 = ( GEOMETRIC_REPRESENTATION_CONTEXT(2) 
PARAMETRIC_REPRESENTATION_CONTEXT() REPRESENTATION_CONTEXT('2D SPACE',''
  ) );
#11888 = ORIENTED_EDGE('',*,*,#6166,.F.);
#11889 = ORIENTED_EDGE('',*,*,#11819,.F.);
#11890 = ADVANCED_FACE('',(#11891),#6155,.F.);
#11891 = FACE_BOUND('',#11892,.F.);
#11892 = EDGE_LOOP('',(#11893,#11916,#11937,#11938));
#11893 = ORIENTED_EDGE('',*,*,#11894,.F.);
#11894 = EDGE_CURVE('',#11895,#11846,#11897,.T.);
#11895 = VERTEX_POINT('',#11896);
#11896 = CARTESIAN_POINT('',(85.1675,-28.56299819946,32.9));
#11897 = SURFACE_CURVE('',#11898,(#11902,#11909),.PCURVE_S1.);
#11898 = LINE('',#11899,#11900);
#11899 = CARTESIAN_POINT('',(85.1675,-28.56299819946,32.9));
#11900 = VECTOR('',#11901,1.);
#11901 = DIRECTION('',(0.,-1.,0.));
#11902 = PCURVE('',#6155,#11903);
#11903 = DEFINITIONAL_REPRESENTATION('',(#11904),#11908);
#11904 = LINE('',#11905,#11906);
#11905 = CARTESIAN_POINT('',(0.,0.));
#11906 = VECTOR('',#11907,1.);
#11907 = DIRECTION('',(1.,0.));
#11908 = ( GEOMETRIC_REPRESENTATION_CONTEXT(2) 
PARAMETRIC_REPRESENTATION_CONTEXT() REPRESENTATION_CONTEXT('2D SPACE',''
  ) );
#11909 = PCURVE('',#11738,#11910);
#11910 = DEFINITIONAL_REPRESENTATION('',(#11911),#11915);
#11911 = LINE('',#11912,#11913);
#11912 = CARTESIAN_POINT('',(2.297998046875,2.187001953125));
#11913 = VECTOR('',#11914,1.);
#11914 = DIRECTION('',(0.,-1.));
#11915 = ( GEOMETRIC_REPRESENTATION_CONTEXT(2) 
PARAMETRIC_REPRESENTATION_CONTEXT() REPRESENTATION_CONTEXT('2D SPACE',''
  ) );
#11916 = ORIENTED_EDGE('',*,*,#11917,.T.);
#11917 = EDGE_CURVE('',#11895,#6115,#11918,.T.);
#11918 = SURFACE_CURVE('',#11919,(#11923,#11930),.PCURVE_S1.);
#11919 = LINE('',#11920,#11921);
#11920 = CARTESIAN_POINT('',(85.1675,-28.56299819946,32.9));
#11921 = VECTOR('',#11922,1.);
#11922 = DIRECTION('',(0.,0.,1.));
#11923 = PCURVE('',#6155,#11924);
#11924 = DEFINITIONAL_REPRESENTATION('',(#11925),#11929);
#11925 = LINE('',#11926,#11927);
#11926 = CARTESIAN_POINT('',(0.,0.));
#11927 = VECTOR('',#11928,1.);
#11928 = DIRECTION('',(0.,-1.));
#11929 = ( GEOMETRIC_REPRESENTATION_CONTEXT(2) 
PARAMETRIC_REPRESENTATION_CONTEXT() REPRESENTATION_CONTEXT('2D SPACE',''
  ) );
#11930 = PCURVE('',#6129,#11931);
#11931 = DEFINITIONAL_REPRESENTATION('',(#11932),#11936);
#11932 = LINE('',#11933,#11934);
#11933 = CARTESIAN_POINT('',(0.387001953125,0.));
#11934 = VECTOR('',#11935,1.);
#11935 = DIRECTION('',(0.,-1.));
#11936 = ( GEOMETRIC_REPRESENTATION_CONTEXT(2) 
PARAMETRIC_REPRESENTATION_CONTEXT() REPRESENTATION_CONTEXT('2D SPACE',''
  ) );
#11937 = ORIENTED_EDGE('',*,*,#6140,.F.);
#11938 = ORIENTED_EDGE('',*,*,#11868,.F.);
#11939 = ADVANCED_FACE('',(#11940),#6129,.F.);
#11940 = FACE_BOUND('',#11941,.F.);
#11941 = EDGE_LOOP('',(#11942,#11965,#11986,#11987));
#11942 = ORIENTED_EDGE('',*,*,#11943,.F.);
#11943 = EDGE_CURVE('',#11944,#11895,#11946,.T.);
#11944 = VERTEX_POINT('',#11945);
#11945 = CARTESIAN_POINT('',(84.780498046875,-28.56299819946,32.9));
#11946 = SURFACE_CURVE('',#11947,(#11951,#11958),.PCURVE_S1.);
#11947 = LINE('',#11948,#11949);
#11948 = CARTESIAN_POINT('',(84.780498046875,-28.56299819946,32.9));
#11949 = VECTOR('',#11950,1.);
#11950 = DIRECTION('',(1.,0.,0.));
#11951 = PCURVE('',#6129,#11952);
#11952 = DEFINITIONAL_REPRESENTATION('',(#11953),#11957);
#11953 = LINE('',#11954,#11955);
#11954 = CARTESIAN_POINT('',(0.,0.));
#11955 = VECTOR('',#11956,1.);
#11956 = DIRECTION('',(1.,0.));
#11957 = ( GEOMETRIC_REPRESENTATION_CONTEXT(2) 
PARAMETRIC_REPRESENTATION_CONTEXT() REPRESENTATION_CONTEXT('2D SPACE',''
  ) );
#11958 = PCURVE('',#11738,#11959);
#11959 = DEFINITIONAL_REPRESENTATION('',(#11960),#11964);
#11960 = LINE('',#11961,#11962);
#11961 = CARTESIAN_POINT('',(1.91099609375,2.187001953125));
#11962 = VECTOR('',#11963,1.);
#11963 = DIRECTION('',(1.,0.));
#11964 = ( GEOMETRIC_REPRESENTATION_CONTEXT(2) 
PARAMETRIC_REPRESENTATION_CONTEXT() REPRESENTATION_CONTEXT('2D SPACE',''
  ) );
#11965 = ORIENTED_EDGE('',*,*,#11966,.T.);
#11966 = EDGE_CURVE('',#11944,#6089,#11967,.T.);
#11967 = SURFACE_CURVE('',#11968,(#11972,#11979),.PCURVE_S1.);
#11968 = LINE('',#11969,#11970);
#11969 = CARTESIAN_POINT('',(84.780498046875,-28.56299819946,32.9));
#11970 = VECTOR('',#11971,1.);
#11971 = DIRECTION('',(0.,0.,1.));
#11972 = PCURVE('',#6129,#11973);
#11973 = DEFINITIONAL_REPRESENTATION('',(#11974),#11978);
#11974 = LINE('',#11975,#11976);
#11975 = CARTESIAN_POINT('',(0.,0.));
#11976 = VECTOR('',#11977,1.);
#11977 = DIRECTION('',(0.,-1.));
#11978 = ( GEOMETRIC_REPRESENTATION_CONTEXT(2) 
PARAMETRIC_REPRESENTATION_CONTEXT() REPRESENTATION_CONTEXT('2D SPACE',''
  ) );
#11979 = PCURVE('',#6103,#11980);
#11980 = DEFINITIONAL_REPRESENTATION('',(#11981),#11985);
#11981 = LINE('',#11982,#11983);
#11982 = CARTESIAN_POINT('',(2.008361529024,0.));
#11983 = VECTOR('',#11984,1.);
#11984 = DIRECTION('',(0.,-1.));
#11985 = ( GEOMETRIC_REPRESENTATION_CONTEXT(2) 
PARAMETRIC_REPRESENTATION_CONTEXT() REPRESENTATION_CONTEXT('2D SPACE',''
  ) );
#11986 = ORIENTED_EDGE('',*,*,#6114,.F.);
#11987 = ORIENTED_EDGE('',*,*,#11917,.F.);
#11988 = ADVANCED_FACE('',(#11989),#6103,.F.);
#11989 = FACE_BOUND('',#11990,.F.);
#11990 = EDGE_LOOP('',(#11991,#12014,#12035,#12036));
#11991 = ORIENTED_EDGE('',*,*,#11992,.F.);
#11992 = EDGE_CURVE('',#11993,#11944,#11995,.T.);
#11993 = VERTEX_POINT('',#11994);
#11994 = CARTESIAN_POINT('',(84.144501953125,-30.46799819946,32.9));
#11995 = SURFACE_CURVE('',#11996,(#12000,#12007),.PCURVE_S1.);
#11996 = LINE('',#11997,#11998);
#11997 = CARTESIAN_POINT('',(84.144501953125,-30.46799819946,32.9));
#11998 = VECTOR('',#11999,1.);
#11999 = DIRECTION('',(0.316674107006,0.948534401038,0.));
#12000 = PCURVE('',#6103,#12001);
#12001 = DEFINITIONAL_REPRESENTATION('',(#12002),#12006);
#12002 = LINE('',#12003,#12004);
#12003 = CARTESIAN_POINT('',(0.,0.));
#12004 = VECTOR('',#12005,1.);
#12005 = DIRECTION('',(1.,0.));
#12006 = ( GEOMETRIC_REPRESENTATION_CONTEXT(2) 
PARAMETRIC_REPRESENTATION_CONTEXT() REPRESENTATION_CONTEXT('2D SPACE',''
  ) );
#12007 = PCURVE('',#11738,#12008);
#12008 = DEFINITIONAL_REPRESENTATION('',(#12009),#12013);
#12009 = LINE('',#12010,#12011);
#12010 = CARTESIAN_POINT('',(1.275,0.282001953125));
#12011 = VECTOR('',#12012,1.);
#12012 = DIRECTION('',(0.316674107006,0.948534401038));
#12013 = ( GEOMETRIC_REPRESENTATION_CONTEXT(2) 
PARAMETRIC_REPRESENTATION_CONTEXT() REPRESENTATION_CONTEXT('2D SPACE',''
  ) );
#12014 = ORIENTED_EDGE('',*,*,#12015,.T.);
#12015 = EDGE_CURVE('',#11993,#6063,#12016,.T.);
#12016 = SURFACE_CURVE('',#12017,(#12021,#12028),.PCURVE_S1.);
#12017 = LINE('',#12018,#12019);
#12018 = CARTESIAN_POINT('',(84.144501953125,-30.46799819946,32.9));
#12019 = VECTOR('',#12020,1.);
#12020 = DIRECTION('',(0.,0.,1.));
#12021 = PCURVE('',#6103,#12022);
#12022 = DEFINITIONAL_REPRESENTATION('',(#12023),#12027);
#12023 = LINE('',#12024,#12025);
#12024 = CARTESIAN_POINT('',(0.,0.));
#12025 = VECTOR('',#12026,1.);
#12026 = DIRECTION('',(0.,-1.));
#12027 = ( GEOMETRIC_REPRESENTATION_CONTEXT(2) 
PARAMETRIC_REPRESENTATION_CONTEXT() REPRESENTATION_CONTEXT('2D SPACE',''
  ) );
#12028 = PCURVE('',#6077,#12029);
#12029 = DEFINITIONAL_REPRESENTATION('',(#12030),#12034);
#12030 = LINE('',#12031,#12032);
#12031 = CARTESIAN_POINT('',(2.01219444109,0.));
#12032 = VECTOR('',#12033,1.);
#12033 = DIRECTION('',(0.,-1.));
#12034 = ( GEOMETRIC_REPRESENTATION_CONTEXT(2) 
PARAMETRIC_REPRESENTATION_CONTEXT() REPRESENTATION_CONTEXT('2D SPACE',''
  ) );
#12035 = ORIENTED_EDGE('',*,*,#6088,.F.);
#12036 = ORIENTED_EDGE('',*,*,#11966,.F.);
#12037 = ADVANCED_FACE('',(#12038),#6077,.F.);
#12038 = FACE_BOUND('',#12039,.F.);
#12039 = EDGE_LOOP('',(#12040,#12063,#12084,#12085));
#12040 = ORIENTED_EDGE('',*,*,#12041,.F.);
#12041 = EDGE_CURVE('',#12042,#11993,#12044,.T.);
#12042 = VERTEX_POINT('',#12043);
#12043 = CARTESIAN_POINT('',(83.49650390625,-28.56299819946,32.9));
#12044 = SURFACE_CURVE('',#12045,(#12049,#12056),.PCURVE_S1.);
#12045 = LINE('',#12046,#12047);
#12046 = CARTESIAN_POINT('',(83.49650390625,-28.56299819946,32.9));
#12047 = VECTOR('',#12048,1.);
#12048 = DIRECTION('',(0.322035501959,-0.946727593069,0.));
#12049 = PCURVE('',#6077,#12050);
#12050 = DEFINITIONAL_REPRESENTATION('',(#12051),#12055);
#12051 = LINE('',#12052,#12053);
#12052 = CARTESIAN_POINT('',(0.,0.));
#12053 = VECTOR('',#12054,1.);
#12054 = DIRECTION('',(1.,0.));
#12055 = ( GEOMETRIC_REPRESENTATION_CONTEXT(2) 
PARAMETRIC_REPRESENTATION_CONTEXT() REPRESENTATION_CONTEXT('2D SPACE',''
  ) );
#12056 = PCURVE('',#11738,#12057);
#12057 = DEFINITIONAL_REPRESENTATION('',(#12058),#12062);
#12058 = LINE('',#12059,#12060);
#12059 = CARTESIAN_POINT('',(0.627001953125,2.187001953125));
#12060 = VECTOR('',#12061,1.);
#12061 = DIRECTION('',(0.322035501959,-0.946727593069));
#12062 = ( GEOMETRIC_REPRESENTATION_CONTEXT(2) 
PARAMETRIC_REPRESENTATION_CONTEXT() REPRESENTATION_CONTEXT('2D SPACE',''
  ) );
#12063 = ORIENTED_EDGE('',*,*,#12064,.T.);
#12064 = EDGE_CURVE('',#12042,#6037,#12065,.T.);
#12065 = SURFACE_CURVE('',#12066,(#12070,#12077),.PCURVE_S1.);
#12066 = LINE('',#12067,#12068);
#12067 = CARTESIAN_POINT('',(83.49650390625,-28.56299819946,32.9));
#12068 = VECTOR('',#12069,1.);
#12069 = DIRECTION('',(0.,0.,1.));
#12070 = PCURVE('',#6077,#12071);
#12071 = DEFINITIONAL_REPRESENTATION('',(#12072),#12076);
#12072 = LINE('',#12073,#12074);
#12073 = CARTESIAN_POINT('',(0.,0.));
#12074 = VECTOR('',#12075,1.);
#12075 = DIRECTION('',(0.,-1.));
#12076 = ( GEOMETRIC_REPRESENTATION_CONTEXT(2) 
PARAMETRIC_REPRESENTATION_CONTEXT() REPRESENTATION_CONTEXT('2D SPACE',''
  ) );
#12077 = PCURVE('',#6051,#12078);
#12078 = DEFINITIONAL_REPRESENTATION('',(#12079),#12083);
#12079 = LINE('',#12080,#12081);
#12080 = CARTESIAN_POINT('',(0.387001953125,0.));
#12081 = VECTOR('',#12082,1.);
#12082 = DIRECTION('',(0.,-1.));
#12083 = ( GEOMETRIC_REPRESENTATION_CONTEXT(2) 
PARAMETRIC_REPRESENTATION_CONTEXT() REPRESENTATION_CONTEXT('2D SPACE',''
  ) );
#12084 = ORIENTED_EDGE('',*,*,#6062,.F.);
#12085 = ORIENTED_EDGE('',*,*,#12015,.F.);
#12086 = ADVANCED_FACE('',(#12087),#6051,.F.);
#12087 = FACE_BOUND('',#12088,.F.);
#12088 = EDGE_LOOP('',(#12089,#12112,#12133,#12134));
#12089 = ORIENTED_EDGE('',*,*,#12090,.F.);
#12090 = EDGE_CURVE('',#12091,#12042,#12093,.T.);
#12091 = VERTEX_POINT('',#12092);
#12092 = CARTESIAN_POINT('',(83.109501953125,-28.56299819946,32.9));
#12093 = SURFACE_CURVE('',#12094,(#12098,#12105),.PCURVE_S1.);
#12094 = LINE('',#12095,#12096);
#12095 = CARTESIAN_POINT('',(83.109501953125,-28.56299819946,32.9));
#12096 = VECTOR('',#12097,1.);
#12097 = DIRECTION('',(1.,0.,0.));
#12098 = PCURVE('',#6051,#12099);
#12099 = DEFINITIONAL_REPRESENTATION('',(#12100),#12104);
#12100 = LINE('',#12101,#12102);
#12101 = CARTESIAN_POINT('',(-1.42108547152E-14,0.));
#12102 = VECTOR('',#12103,1.);
#12103 = DIRECTION('',(1.,0.));
#12104 = ( GEOMETRIC_REPRESENTATION_CONTEXT(2) 
PARAMETRIC_REPRESENTATION_CONTEXT() REPRESENTATION_CONTEXT('2D SPACE',''
  ) );
#12105 = PCURVE('',#11738,#12106);
#12106 = DEFINITIONAL_REPRESENTATION('',(#12107),#12111);
#12107 = LINE('',#12108,#12109);
#12108 = CARTESIAN_POINT('',(0.24,2.187001953125));
#12109 = VECTOR('',#12110,1.);
#12110 = DIRECTION('',(1.,0.));
#12111 = ( GEOMETRIC_REPRESENTATION_CONTEXT(2) 
PARAMETRIC_REPRESENTATION_CONTEXT() REPRESENTATION_CONTEXT('2D SPACE',''
  ) );
#12112 = ORIENTED_EDGE('',*,*,#12113,.T.);
#12113 = EDGE_CURVE('',#12091,#6011,#12114,.T.);
#12114 = SURFACE_CURVE('',#12115,(#12119,#12126),.PCURVE_S1.);
#12115 = LINE('',#12116,#12117);
#12116 = CARTESIAN_POINT('',(83.109501953125,-28.56299819946,32.9));
#12117 = VECTOR('',#12118,1.);
#12118 = DIRECTION('',(0.,0.,1.));
#12119 = PCURVE('',#6051,#12120);
#12120 = DEFINITIONAL_REPRESENTATION('',(#12121),#12125);
#12121 = LINE('',#12122,#12123);
#12122 = CARTESIAN_POINT('',(0.,0.));
#12123 = VECTOR('',#12124,1.);
#12124 = DIRECTION('',(0.,-1.));
#12125 = ( GEOMETRIC_REPRESENTATION_CONTEXT(2) 
PARAMETRIC_REPRESENTATION_CONTEXT() REPRESENTATION_CONTEXT('2D SPACE',''
  ) );
#12126 = PCURVE('',#6025,#12127);
#12127 = DEFINITIONAL_REPRESENTATION('',(#12128),#12132);
#12128 = LINE('',#12129,#12130);
#12129 = CARTESIAN_POINT('',(2.187001953125,0.));
#12130 = VECTOR('',#12131,1.);
#12131 = DIRECTION('',(0.,-1.));
#12132 = ( GEOMETRIC_REPRESENTATION_CONTEXT(2) 
PARAMETRIC_REPRESENTATION_CONTEXT() REPRESENTATION_CONTEXT('2D SPACE',''
  ) );
#12133 = ORIENTED_EDGE('',*,*,#6036,.F.);
#12134 = ORIENTED_EDGE('',*,*,#12064,.F.);
#12135 = ADVANCED_FACE('',(#12136),#6025,.F.);
#12136 = FACE_BOUND('',#12137,.F.);
#12137 = EDGE_LOOP('',(#12138,#12161,#12182,#12183));
#12138 = ORIENTED_EDGE('',*,*,#12139,.F.);
#12139 = EDGE_CURVE('',#12140,#12091,#12142,.T.);
#12140 = VERTEX_POINT('',#12141);
#12141 = CARTESIAN_POINT('',(83.109501953125,-30.75000015258,32.9));
#12142 = SURFACE_CURVE('',#12143,(#12147,#12154),.PCURVE_S1.);
#12143 = LINE('',#12144,#12145);
#12144 = CARTESIAN_POINT('',(83.109501953125,-30.75000015258,32.9));
#12145 = VECTOR('',#12146,1.);
#12146 = DIRECTION('',(0.,1.,0.));
#12147 = PCURVE('',#6025,#12148);
#12148 = DEFINITIONAL_REPRESENTATION('',(#12149),#12153);
#12149 = LINE('',#12150,#12151);
#12150 = CARTESIAN_POINT('',(0.,0.));
#12151 = VECTOR('',#12152,1.);
#12152 = DIRECTION('',(1.,0.));
#12153 = ( GEOMETRIC_REPRESENTATION_CONTEXT(2) 
PARAMETRIC_REPRESENTATION_CONTEXT() REPRESENTATION_CONTEXT('2D SPACE',''
  ) );
#12154 = PCURVE('',#11738,#12155);
#12155 = DEFINITIONAL_REPRESENTATION('',(#12156),#12160);
#12156 = LINE('',#12157,#12158);
#12157 = CARTESIAN_POINT('',(0.24,0.));
#12158 = VECTOR('',#12159,1.);
#12159 = DIRECTION('',(0.,1.));
#12160 = ( GEOMETRIC_REPRESENTATION_CONTEXT(2) 
PARAMETRIC_REPRESENTATION_CONTEXT() REPRESENTATION_CONTEXT('2D SPACE',''
  ) );
#12161 = ORIENTED_EDGE('',*,*,#12162,.T.);
#12162 = EDGE_CURVE('',#12140,#5985,#12163,.T.);
#12163 = SURFACE_CURVE('',#12164,(#12168,#12175),.PCURVE_S1.);
#12164 = LINE('',#12165,#12166);
#12165 = CARTESIAN_POINT('',(83.109501953125,-30.75000015258,32.9));
#12166 = VECTOR('',#12167,1.);
#12167 = DIRECTION('',(0.,0.,1.));
#12168 = PCURVE('',#6025,#12169);
#12169 = DEFINITIONAL_REPRESENTATION('',(#12170),#12174);
#12170 = LINE('',#12171,#12172);
#12171 = CARTESIAN_POINT('',(0.,0.));
#12172 = VECTOR('',#12173,1.);
#12173 = DIRECTION('',(0.,-1.));
#12174 = ( GEOMETRIC_REPRESENTATION_CONTEXT(2) 
PARAMETRIC_REPRESENTATION_CONTEXT() REPRESENTATION_CONTEXT('2D SPACE',''
  ) );
#12175 = PCURVE('',#5999,#12176);
#12176 = DEFINITIONAL_REPRESENTATION('',(#12177),#12181);
#12177 = LINE('',#12178,#12179);
#12178 = CARTESIAN_POINT('',(0.26400390625,0.));
#12179 = VECTOR('',#12180,1.);
#12180 = DIRECTION('',(0.,-1.));
#12181 = ( GEOMETRIC_REPRESENTATION_CONTEXT(2) 
PARAMETRIC_REPRESENTATION_CONTEXT() REPRESENTATION_CONTEXT('2D SPACE',''
  ) );
#12182 = ORIENTED_EDGE('',*,*,#6010,.F.);
#12183 = ORIENTED_EDGE('',*,*,#12113,.F.);
#12184 = ADVANCED_FACE('',(#12185),#5999,.F.);
#12185 = FACE_BOUND('',#12186,.F.);
#12186 = EDGE_LOOP('',(#12187,#12210,#12231,#12232));
#12187 = ORIENTED_EDGE('',*,*,#12188,.F.);
#12188 = EDGE_CURVE('',#12189,#12140,#12191,.T.);
#12189 = VERTEX_POINT('',#12190);
#12190 = CARTESIAN_POINT('',(83.373505859375,-30.75000015258,32.9));
#12191 = SURFACE_CURVE('',#12192,(#12196,#12203),.PCURVE_S1.);
#12192 = LINE('',#12193,#12194);
#12193 = CARTESIAN_POINT('',(83.373505859375,-30.75000015258,32.9));
#12194 = VECTOR('',#12195,1.);
#12195 = DIRECTION('',(-1.,0.,0.));
#12196 = PCURVE('',#5999,#12197);
#12197 = DEFINITIONAL_REPRESENTATION('',(#12198),#12202);
#12198 = LINE('',#12199,#12200);
#12199 = CARTESIAN_POINT('',(0.,-0.));
#12200 = VECTOR('',#12201,1.);
#12201 = DIRECTION('',(1.,0.));
#12202 = ( GEOMETRIC_REPRESENTATION_CONTEXT(2) 
PARAMETRIC_REPRESENTATION_CONTEXT() REPRESENTATION_CONTEXT('2D SPACE',''
  ) );
#12203 = PCURVE('',#11738,#12204);
#12204 = DEFINITIONAL_REPRESENTATION('',(#12205),#12209);
#12205 = LINE('',#12206,#12207);
#12206 = CARTESIAN_POINT('',(0.50400390625,0.));
#12207 = VECTOR('',#12208,1.);
#12208 = DIRECTION('',(-1.,0.));
#12209 = ( GEOMETRIC_REPRESENTATION_CONTEXT(2) 
PARAMETRIC_REPRESENTATION_CONTEXT() REPRESENTATION_CONTEXT('2D SPACE',''
  ) );
#12210 = ORIENTED_EDGE('',*,*,#12211,.T.);
#12211 = EDGE_CURVE('',#12189,#5959,#12212,.T.);
#12212 = SURFACE_CURVE('',#12213,(#12217,#12224),.PCURVE_S1.);
#12213 = LINE('',#12214,#12215);
#12214 = CARTESIAN_POINT('',(83.373505859375,-30.75000015258,32.9));
#12215 = VECTOR('',#12216,1.);
#12216 = DIRECTION('',(0.,0.,1.));
#12217 = PCURVE('',#5999,#12218);
#12218 = DEFINITIONAL_REPRESENTATION('',(#12219),#12223);
#12219 = LINE('',#12220,#12221);
#12220 = CARTESIAN_POINT('',(0.,-0.));
#12221 = VECTOR('',#12222,1.);
#12222 = DIRECTION('',(0.,-1.));
#12223 = ( GEOMETRIC_REPRESENTATION_CONTEXT(2) 
PARAMETRIC_REPRESENTATION_CONTEXT() REPRESENTATION_CONTEXT('2D SPACE',''
  ) );
#12224 = PCURVE('',#5973,#12225);
#12225 = DEFINITIONAL_REPRESENTATION('',(#12226),#12230);
#12226 = LINE('',#12227,#12228);
#12227 = CARTESIAN_POINT('',(1.832998046875,0.));
#12228 = VECTOR('',#12229,1.);
#12229 = DIRECTION('',(0.,-1.));
#12230 = ( GEOMETRIC_REPRESENTATION_CONTEXT(2) 
PARAMETRIC_REPRESENTATION_CONTEXT() REPRESENTATION_CONTEXT('2D SPACE',''
  ) );
#12231 = ORIENTED_EDGE('',*,*,#5984,.F.);
#12232 = ORIENTED_EDGE('',*,*,#12162,.F.);
#12233 = ADVANCED_FACE('',(#12234),#5973,.F.);
#12234 = FACE_BOUND('',#12235,.F.);
#12235 = EDGE_LOOP('',(#12236,#12259,#12280,#12281));
#12236 = ORIENTED_EDGE('',*,*,#12237,.F.);
#12237 = EDGE_CURVE('',#12238,#12189,#12240,.T.);
#12238 = VERTEX_POINT('',#12239);
#12239 = CARTESIAN_POINT('',(83.373505859375,-28.91700210571,32.9));
#12240 = SURFACE_CURVE('',#12241,(#12245,#12252),.PCURVE_S1.);
#12241 = LINE('',#12242,#12243);
#12242 = CARTESIAN_POINT('',(83.373505859375,-28.91700210571,32.9));
#12243 = VECTOR('',#12244,1.);
#12244 = DIRECTION('',(0.,-1.,0.));
#12245 = PCURVE('',#5973,#12246);
#12246 = DEFINITIONAL_REPRESENTATION('',(#12247),#12251);
#12247 = LINE('',#12248,#12249);
#12248 = CARTESIAN_POINT('',(0.,0.));
#12249 = VECTOR('',#12250,1.);
#12250 = DIRECTION('',(1.,0.));
#12251 = ( GEOMETRIC_REPRESENTATION_CONTEXT(2) 
PARAMETRIC_REPRESENTATION_CONTEXT() REPRESENTATION_CONTEXT('2D SPACE',''
  ) );
#12252 = PCURVE('',#11738,#12253);
#12253 = DEFINITIONAL_REPRESENTATION('',(#12254),#12258);
#12254 = LINE('',#12255,#12256);
#12255 = CARTESIAN_POINT('',(0.50400390625,1.832998046875));
#12256 = VECTOR('',#12257,1.);
#12257 = DIRECTION('',(0.,-1.));
#12258 = ( GEOMETRIC_REPRESENTATION_CONTEXT(2) 
PARAMETRIC_REPRESENTATION_CONTEXT() REPRESENTATION_CONTEXT('2D SPACE',''
  ) );
#12259 = ORIENTED_EDGE('',*,*,#12260,.T.);
#12260 = EDGE_CURVE('',#12238,#5933,#12261,.T.);
#12261 = SURFACE_CURVE('',#12262,(#12266,#12273),.PCURVE_S1.);
#12262 = LINE('',#12263,#12264);
#12263 = CARTESIAN_POINT('',(83.373505859375,-28.91700210571,32.9));
#12264 = VECTOR('',#12265,1.);
#12265 = DIRECTION('',(0.,0.,1.));
#12266 = PCURVE('',#5973,#12267);
#12267 = DEFINITIONAL_REPRESENTATION('',(#12268),#12272);
#12268 = LINE('',#12269,#12270);
#12269 = CARTESIAN_POINT('',(0.,0.));
#12270 = VECTOR('',#12271,1.);
#12271 = DIRECTION('',(0.,-1.));
#12272 = ( GEOMETRIC_REPRESENTATION_CONTEXT(2) 
PARAMETRIC_REPRESENTATION_CONTEXT() REPRESENTATION_CONTEXT('2D SPACE',''
  ) );
#12273 = PCURVE('',#5947,#12274);
#12274 = DEFINITIONAL_REPRESENTATION('',(#12275),#12279);
#12275 = LINE('',#12276,#12277);
#12276 = CARTESIAN_POINT('',(1.935334076665,0.));
#12277 = VECTOR('',#12278,1.);
#12278 = DIRECTION('',(0.,-1.));
#12279 = ( GEOMETRIC_REPRESENTATION_CONTEXT(2) 
PARAMETRIC_REPRESENTATION_CONTEXT() REPRESENTATION_CONTEXT('2D SPACE',''
  ) );
#12280 = ORIENTED_EDGE('',*,*,#5958,.F.);
#12281 = ORIENTED_EDGE('',*,*,#12211,.F.);
#12282 = ADVANCED_FACE('',(#12283),#5947,.F.);
#12283 = FACE_BOUND('',#12284,.F.);
#12284 = EDGE_LOOP('',(#12285,#12308,#12329,#12330));
#12285 = ORIENTED_EDGE('',*,*,#12286,.F.);
#12286 = EDGE_CURVE('',#12287,#12238,#12289,.T.);
#12287 = VERTEX_POINT('',#12288);
#12288 = CARTESIAN_POINT('',(83.994501953125,-30.75000015258,32.9));
#12289 = SURFACE_CURVE('',#12290,(#12294,#12301),.PCURVE_S1.);
#12290 = LINE('',#12291,#12292);
#12291 = CARTESIAN_POINT('',(83.994501953125,-30.75000015258,32.9));
#12292 = VECTOR('',#12293,1.);
#12293 = DIRECTION('',(-0.320872815313,0.947122292206,0.));
#12294 = PCURVE('',#5947,#12295);
#12295 = DEFINITIONAL_REPRESENTATION('',(#12296),#12300);
#12296 = LINE('',#12297,#12298);
#12297 = CARTESIAN_POINT('',(0.,0.));
#12298 = VECTOR('',#12299,1.);
#12299 = DIRECTION('',(1.,0.));
#12300 = ( GEOMETRIC_REPRESENTATION_CONTEXT(2) 
PARAMETRIC_REPRESENTATION_CONTEXT() REPRESENTATION_CONTEXT('2D SPACE',''
  ) );
#12301 = PCURVE('',#11738,#12302);
#12302 = DEFINITIONAL_REPRESENTATION('',(#12303),#12307);
#12303 = LINE('',#12304,#12305);
#12304 = CARTESIAN_POINT('',(1.125,0.));
#12305 = VECTOR('',#12306,1.);
#12306 = DIRECTION('',(-0.320872815313,0.947122292206));
#12307 = ( GEOMETRIC_REPRESENTATION_CONTEXT(2) 
PARAMETRIC_REPRESENTATION_CONTEXT() REPRESENTATION_CONTEXT('2D SPACE',''
  ) );
#12308 = ORIENTED_EDGE('',*,*,#12309,.T.);
#12309 = EDGE_CURVE('',#12287,#5907,#12310,.T.);
#12310 = SURFACE_CURVE('',#12311,(#12315,#12322),.PCURVE_S1.);
#12311 = LINE('',#12312,#12313);
#12312 = CARTESIAN_POINT('',(83.994501953125,-30.75000015258,32.9));
#12313 = VECTOR('',#12314,1.);
#12314 = DIRECTION('',(0.,0.,1.));
#12315 = PCURVE('',#5947,#12316);
#12316 = DEFINITIONAL_REPRESENTATION('',(#12317),#12321);
#12317 = LINE('',#12318,#12319);
#12318 = CARTESIAN_POINT('',(0.,0.));
#12319 = VECTOR('',#12320,1.);
#12320 = DIRECTION('',(0.,-1.));
#12321 = ( GEOMETRIC_REPRESENTATION_CONTEXT(2) 
PARAMETRIC_REPRESENTATION_CONTEXT() REPRESENTATION_CONTEXT('2D SPACE',''
  ) );
#12322 = PCURVE('',#5921,#12323);
#12323 = DEFINITIONAL_REPRESENTATION('',(#12324),#12328);
#12324 = LINE('',#12325,#12326);
#12325 = CARTESIAN_POINT('',(0.29400390625,0.));
#12326 = VECTOR('',#12327,1.);
#12327 = DIRECTION('',(0.,-1.));
#12328 = ( GEOMETRIC_REPRESENTATION_CONTEXT(2) 
PARAMETRIC_REPRESENTATION_CONTEXT() REPRESENTATION_CONTEXT('2D SPACE',''
  ) );
#12329 = ORIENTED_EDGE('',*,*,#5932,.F.);
#12330 = ORIENTED_EDGE('',*,*,#12260,.F.);
#12331 = ADVANCED_FACE('',(#12332),#5921,.F.);
#12332 = FACE_BOUND('',#12333,.F.);
#12333 = EDGE_LOOP('',(#12334,#12355,#12356,#12357));
#12334 = ORIENTED_EDGE('',*,*,#12335,.F.);
#12335 = EDGE_CURVE('',#11723,#12287,#12336,.T.);
#12336 = SURFACE_CURVE('',#12337,(#12341,#12348),.PCURVE_S1.);
#12337 = LINE('',#12338,#12339);
#12338 = CARTESIAN_POINT('',(84.288505859375,-30.75000015258,32.9));
#12339 = VECTOR('',#12340,1.);
#12340 = DIRECTION('',(-1.,0.,0.));
#12341 = PCURVE('',#5921,#12342);
#12342 = DEFINITIONAL_REPRESENTATION('',(#12343),#12347);
#12343 = LINE('',#12344,#12345);
#12344 = CARTESIAN_POINT('',(0.,-0.));
#12345 = VECTOR('',#12346,1.);
#12346 = DIRECTION('',(1.,0.));
#12347 = ( GEOMETRIC_REPRESENTATION_CONTEXT(2) 
PARAMETRIC_REPRESENTATION_CONTEXT() REPRESENTATION_CONTEXT('2D SPACE',''
  ) );
#12348 = PCURVE('',#11738,#12349);
#12349 = DEFINITIONAL_REPRESENTATION('',(#12350),#12354);
#12350 = LINE('',#12351,#12352);
#12351 = CARTESIAN_POINT('',(1.41900390625,0.));
#12352 = VECTOR('',#12353,1.);
#12353 = DIRECTION('',(-1.,0.));
#12354 = ( GEOMETRIC_REPRESENTATION_CONTEXT(2) 
PARAMETRIC_REPRESENTATION_CONTEXT() REPRESENTATION_CONTEXT('2D SPACE',''
  ) );
#12355 = ORIENTED_EDGE('',*,*,#11772,.T.);
#12356 = ORIENTED_EDGE('',*,*,#5906,.F.);
#12357 = ORIENTED_EDGE('',*,*,#12309,.F.);
#12358 = ADVANCED_FACE('',(#12359),#6235,.F.);
#12359 = FACE_BOUND('',#12360,.F.);
#12360 = EDGE_LOOP('',(#12361,#12391,#12412,#12413));
#12361 = ORIENTED_EDGE('',*,*,#12362,.F.);
#12362 = EDGE_CURVE('',#12363,#12365,#12367,.T.);
#12363 = VERTEX_POINT('',#12364);
#12364 = CARTESIAN_POINT('',(86.98849609375,-30.75000015258,32.9));
#12365 = VERTEX_POINT('',#12366);
#12366 = CARTESIAN_POINT('',(86.76349609375,-30.09299819946,32.9));
#12367 = SURFACE_CURVE('',#12368,(#12372,#12379),.PCURVE_S1.);
#12368 = LINE('',#12369,#12370);
#12369 = CARTESIAN_POINT('',(86.98849609375,-30.75000015258,32.9));
#12370 = VECTOR('',#12371,1.);
#12371 = DIRECTION('',(-0.323992112815,0.94605978185,0.));
#12372 = PCURVE('',#6235,#12373);
#12373 = DEFINITIONAL_REPRESENTATION('',(#12374),#12378);
#12374 = LINE('',#12375,#12376);
#12375 = CARTESIAN_POINT('',(0.,0.));
#12376 = VECTOR('',#12377,1.);
#12377 = DIRECTION('',(1.,0.));
#12378 = ( GEOMETRIC_REPRESENTATION_CONTEXT(2) 
PARAMETRIC_REPRESENTATION_CONTEXT() REPRESENTATION_CONTEXT('2D SPACE',''
  ) );
#12379 = PCURVE('',#12380,#12385);
#12380 = PLANE('',#12381);
#12381 = AXIS2_PLACEMENT_3D('',#12382,#12383,#12384);
#12382 = CARTESIAN_POINT('',(85.3475,-30.75000015258,32.9));
#12383 = DIRECTION('',(0.,0.,1.));
#12384 = DIRECTION('',(1.,0.,0.));
#12385 = DEFINITIONAL_REPRESENTATION('',(#12386),#12390);
#12386 = LINE('',#12387,#12388);
#12387 = CARTESIAN_POINT('',(1.64099609375,0.));
#12388 = VECTOR('',#12389,1.);
#12389 = DIRECTION('',(-0.323992112815,0.94605978185));
#12390 = ( GEOMETRIC_REPRESENTATION_CONTEXT(2) 
PARAMETRIC_REPRESENTATION_CONTEXT() REPRESENTATION_CONTEXT('2D SPACE',''
  ) );
#12391 = ORIENTED_EDGE('',*,*,#12392,.T.);
#12392 = EDGE_CURVE('',#12363,#6221,#12393,.T.);
#12393 = SURFACE_CURVE('',#12394,(#12398,#12405),.PCURVE_S1.);
#12394 = LINE('',#12395,#12396);
#12395 = CARTESIAN_POINT('',(86.98849609375,-30.75000015258,32.9));
#12396 = VECTOR('',#12397,1.);
#12397 = DIRECTION('',(0.,0.,1.));
#12398 = PCURVE('',#6235,#12399);
#12399 = DEFINITIONAL_REPRESENTATION('',(#12400),#12404);
#12400 = LINE('',#12401,#12402);
#12401 = CARTESIAN_POINT('',(0.,0.));
#12402 = VECTOR('',#12403,1.);
#12403 = DIRECTION('',(0.,-1.));
#12404 = ( GEOMETRIC_REPRESENTATION_CONTEXT(2) 
PARAMETRIC_REPRESENTATION_CONTEXT() REPRESENTATION_CONTEXT('2D SPACE',''
  ) );
#12405 = PCURVE('',#6415,#12406);
#12406 = DEFINITIONAL_REPRESENTATION('',(#12407),#12411);
#12407 = LINE('',#12408,#12409);
#12408 = CARTESIAN_POINT('',(0.312001953125,0.));
#12409 = VECTOR('',#12410,1.);
#12410 = DIRECTION('',(0.,-1.));
#12411 = ( GEOMETRIC_REPRESENTATION_CONTEXT(2) 
PARAMETRIC_REPRESENTATION_CONTEXT() REPRESENTATION_CONTEXT('2D SPACE',''
  ) );
#12412 = ORIENTED_EDGE('',*,*,#6218,.F.);
#12413 = ORIENTED_EDGE('',*,*,#12414,.F.);
#12414 = EDGE_CURVE('',#12365,#6219,#12415,.T.);
#12415 = SURFACE_CURVE('',#12416,(#12420,#12427),.PCURVE_S1.);
#12416 = LINE('',#12417,#12418);
#12417 = CARTESIAN_POINT('',(86.76349609375,-30.09299819946,32.9));
#12418 = VECTOR('',#12419,1.);
#12419 = DIRECTION('',(0.,0.,1.));
#12420 = PCURVE('',#6235,#12421);
#12421 = DEFINITIONAL_REPRESENTATION('',(#12422),#12426);
#12422 = LINE('',#12423,#12424);
#12423 = CARTESIAN_POINT('',(0.694461349832,0.));
#12424 = VECTOR('',#12425,1.);
#12425 = DIRECTION('',(0.,-1.));
#12426 = ( GEOMETRIC_REPRESENTATION_CONTEXT(2) 
PARAMETRIC_REPRESENTATION_CONTEXT() REPRESENTATION_CONTEXT('2D SPACE',''
  ) );
#12427 = PCURVE('',#6261,#12428);
#12428 = DEFINITIONAL_REPRESENTATION('',(#12429),#12433);
#12429 = LINE('',#12430,#12431);
#12430 = CARTESIAN_POINT('',(0.,-0.));
#12431 = VECTOR('',#12432,1.);
#12432 = DIRECTION('',(0.,-1.));
#12433 = ( GEOMETRIC_REPRESENTATION_CONTEXT(2) 
PARAMETRIC_REPRESENTATION_CONTEXT() REPRESENTATION_CONTEXT('2D SPACE',''
  ) );
#12434 = ADVANCED_FACE('',(#12435),#6415,.F.);
#12435 = FACE_BOUND('',#12436,.F.);
#12436 = EDGE_LOOP('',(#12437,#12460,#12481,#12482));
#12437 = ORIENTED_EDGE('',*,*,#12438,.F.);
#12438 = EDGE_CURVE('',#12439,#12363,#12441,.T.);
#12439 = VERTEX_POINT('',#12440);
#12440 = CARTESIAN_POINT('',(87.300498046875,-30.75000015258,32.9));
#12441 = SURFACE_CURVE('',#12442,(#12446,#12453),.PCURVE_S1.);
#12442 = LINE('',#12443,#12444);
#12443 = CARTESIAN_POINT('',(87.300498046875,-30.75000015258,32.9));
#12444 = VECTOR('',#12445,1.);
#12445 = DIRECTION('',(-1.,0.,0.));
#12446 = PCURVE('',#6415,#12447);
#12447 = DEFINITIONAL_REPRESENTATION('',(#12448),#12452);
#12448 = LINE('',#12449,#12450);
#12449 = CARTESIAN_POINT('',(1.42108547152E-14,0.));
#12450 = VECTOR('',#12451,1.);
#12451 = DIRECTION('',(1.,0.));
#12452 = ( GEOMETRIC_REPRESENTATION_CONTEXT(2) 
PARAMETRIC_REPRESENTATION_CONTEXT() REPRESENTATION_CONTEXT('2D SPACE',''
  ) );
#12453 = PCURVE('',#12380,#12454);
#12454 = DEFINITIONAL_REPRESENTATION('',(#12455),#12459);
#12455 = LINE('',#12456,#12457);
#12456 = CARTESIAN_POINT('',(1.952998046875,0.));
#12457 = VECTOR('',#12458,1.);
#12458 = DIRECTION('',(-1.,0.));
#12459 = ( GEOMETRIC_REPRESENTATION_CONTEXT(2) 
PARAMETRIC_REPRESENTATION_CONTEXT() REPRESENTATION_CONTEXT('2D SPACE',''
  ) );
#12460 = ORIENTED_EDGE('',*,*,#12461,.T.);
#12461 = EDGE_CURVE('',#12439,#6377,#12462,.T.);
#12462 = SURFACE_CURVE('',#12463,(#12467,#12474),.PCURVE_S1.);
#12463 = LINE('',#12464,#12465);
#12464 = CARTESIAN_POINT('',(87.300498046875,-30.75000015258,32.9));
#12465 = VECTOR('',#12466,1.);
#12466 = DIRECTION('',(0.,0.,1.));
#12467 = PCURVE('',#6415,#12468);
#12468 = DEFINITIONAL_REPRESENTATION('',(#12469),#12473);
#12469 = LINE('',#12470,#12471);
#12470 = CARTESIAN_POINT('',(0.,-0.));
#12471 = VECTOR('',#12472,1.);
#12472 = DIRECTION('',(0.,-1.));
#12473 = ( GEOMETRIC_REPRESENTATION_CONTEXT(2) 
PARAMETRIC_REPRESENTATION_CONTEXT() REPRESENTATION_CONTEXT('2D SPACE',''
  ) );
#12474 = PCURVE('',#6391,#12475);
#12475 = DEFINITIONAL_REPRESENTATION('',(#12476),#12480);
#12476 = LINE('',#12477,#12478);
#12477 = CARTESIAN_POINT('',(2.317929796818,0.));
#12478 = VECTOR('',#12479,1.);
#12479 = DIRECTION('',(0.,-1.));
#12480 = ( GEOMETRIC_REPRESENTATION_CONTEXT(2) 
PARAMETRIC_REPRESENTATION_CONTEXT() REPRESENTATION_CONTEXT('2D SPACE',''
  ) );
#12481 = ORIENTED_EDGE('',*,*,#6402,.F.);
#12482 = ORIENTED_EDGE('',*,*,#12392,.F.);
#12483 = ADVANCED_FACE('',(#12484),#6391,.F.);
#12484 = FACE_BOUND('',#12485,.F.);
#12485 = EDGE_LOOP('',(#12486,#12509,#12530,#12531));
#12486 = ORIENTED_EDGE('',*,*,#12487,.F.);
#12487 = EDGE_CURVE('',#12488,#12439,#12490,.T.);
#12488 = VERTEX_POINT('',#12489);
#12489 = CARTESIAN_POINT('',(86.5325,-28.56299819946,32.9));
#12490 = SURFACE_CURVE('',#12491,(#12495,#12502),.PCURVE_S1.);
#12491 = LINE('',#12492,#12493);
#12492 = CARTESIAN_POINT('',(86.5325,-28.56299819946,32.9));
#12493 = VECTOR('',#12494,1.);
#12494 = DIRECTION('',(0.331329295619,-0.943515181576,0.));
#12495 = PCURVE('',#6391,#12496);
#12496 = DEFINITIONAL_REPRESENTATION('',(#12497),#12501);
#12497 = LINE('',#12498,#12499);
#12498 = CARTESIAN_POINT('',(0.,0.));
#12499 = VECTOR('',#12500,1.);
#12500 = DIRECTION('',(1.,0.));
#12501 = ( GEOMETRIC_REPRESENTATION_CONTEXT(2) 
PARAMETRIC_REPRESENTATION_CONTEXT() REPRESENTATION_CONTEXT('2D SPACE',''
  ) );
#12502 = PCURVE('',#12380,#12503);
#12503 = DEFINITIONAL_REPRESENTATION('',(#12504),#12508);
#12504 = LINE('',#12505,#12506);
#12505 = CARTESIAN_POINT('',(1.185,2.187001953125));
#12506 = VECTOR('',#12507,1.);
#12507 = DIRECTION('',(0.331329295619,-0.943515181576));
#12508 = ( GEOMETRIC_REPRESENTATION_CONTEXT(2) 
PARAMETRIC_REPRESENTATION_CONTEXT() REPRESENTATION_CONTEXT('2D SPACE',''
  ) );
#12509 = ORIENTED_EDGE('',*,*,#12510,.T.);
#12510 = EDGE_CURVE('',#12488,#6351,#12511,.T.);
#12511 = SURFACE_CURVE('',#12512,(#12516,#12523),.PCURVE_S1.);
#12512 = LINE('',#12513,#12514);
#12513 = CARTESIAN_POINT('',(86.5325,-28.56299819946,32.9));
#12514 = VECTOR('',#12515,1.);
#12515 = DIRECTION('',(0.,0.,1.));
#12516 = PCURVE('',#6391,#12517);
#12517 = DEFINITIONAL_REPRESENTATION('',(#12518),#12522);
#12518 = LINE('',#12519,#12520);
#12519 = CARTESIAN_POINT('',(0.,0.));
#12520 = VECTOR('',#12521,1.);
#12521 = DIRECTION('',(0.,-1.));
#12522 = ( GEOMETRIC_REPRESENTATION_CONTEXT(2) 
PARAMETRIC_REPRESENTATION_CONTEXT() REPRESENTATION_CONTEXT('2D SPACE',''
  ) );
#12523 = PCURVE('',#6365,#12524);
#12524 = DEFINITIONAL_REPRESENTATION('',(#12525),#12529);
#12525 = LINE('',#12526,#12527);
#12526 = CARTESIAN_POINT('',(0.36,0.));
#12527 = VECTOR('',#12528,1.);
#12528 = DIRECTION('',(0.,-1.));
#12529 = ( GEOMETRIC_REPRESENTATION_CONTEXT(2) 
PARAMETRIC_REPRESENTATION_CONTEXT() REPRESENTATION_CONTEXT('2D SPACE',''
  ) );
#12530 = ORIENTED_EDGE('',*,*,#6376,.F.);
#12531 = ORIENTED_EDGE('',*,*,#12461,.F.);
#12532 = ADVANCED_FACE('',(#12533),#6365,.F.);
#12533 = FACE_BOUND('',#12534,.F.);
#12534 = EDGE_LOOP('',(#12535,#12558,#12579,#12580));
#12535 = ORIENTED_EDGE('',*,*,#12536,.F.);
#12536 = EDGE_CURVE('',#12537,#12488,#12539,.T.);
#12537 = VERTEX_POINT('',#12538);
#12538 = CARTESIAN_POINT('',(86.1725,-28.56299819946,32.9));
#12539 = SURFACE_CURVE('',#12540,(#12544,#12551),.PCURVE_S1.);
#12540 = LINE('',#12541,#12542);
#12541 = CARTESIAN_POINT('',(86.1725,-28.56299819946,32.9));
#12542 = VECTOR('',#12543,1.);
#12543 = DIRECTION('',(1.,0.,0.));
#12544 = PCURVE('',#6365,#12545);
#12545 = DEFINITIONAL_REPRESENTATION('',(#12546),#12550);
#12546 = LINE('',#12547,#12548);
#12547 = CARTESIAN_POINT('',(0.,0.));
#12548 = VECTOR('',#12549,1.);
#12549 = DIRECTION('',(1.,0.));
#12550 = ( GEOMETRIC_REPRESENTATION_CONTEXT(2) 
PARAMETRIC_REPRESENTATION_CONTEXT() REPRESENTATION_CONTEXT('2D SPACE',''
  ) );
#12551 = PCURVE('',#12380,#12552);
#12552 = DEFINITIONAL_REPRESENTATION('',(#12553),#12557);
#12553 = LINE('',#12554,#12555);
#12554 = CARTESIAN_POINT('',(0.825,2.187001953125));
#12555 = VECTOR('',#12556,1.);
#12556 = DIRECTION('',(1.,0.));
#12557 = ( GEOMETRIC_REPRESENTATION_CONTEXT(2) 
PARAMETRIC_REPRESENTATION_CONTEXT() REPRESENTATION_CONTEXT('2D SPACE',''
  ) );
#12558 = ORIENTED_EDGE('',*,*,#12559,.T.);
#12559 = EDGE_CURVE('',#12537,#6325,#12560,.T.);
#12560 = SURFACE_CURVE('',#12561,(#12565,#12572),.PCURVE_S1.);
#12561 = LINE('',#12562,#12563);
#12562 = CARTESIAN_POINT('',(86.1725,-28.56299819946,32.9));
#12563 = VECTOR('',#12564,1.);
#12564 = DIRECTION('',(0.,0.,1.));
#12565 = PCURVE('',#6365,#12566);
#12566 = DEFINITIONAL_REPRESENTATION('',(#12567),#12571);
#12567 = LINE('',#12568,#12569);
#12568 = CARTESIAN_POINT('',(0.,0.));
#12569 = VECTOR('',#12570,1.);
#12570 = DIRECTION('',(0.,-1.));
#12571 = ( GEOMETRIC_REPRESENTATION_CONTEXT(2) 
PARAMETRIC_REPRESENTATION_CONTEXT() REPRESENTATION_CONTEXT('2D SPACE',''
  ) );
#12572 = PCURVE('',#6339,#12573);
#12573 = DEFINITIONAL_REPRESENTATION('',(#12574),#12578);
#12574 = LINE('',#12575,#12576);
#12575 = CARTESIAN_POINT('',(2.321934009177,0.));
#12576 = VECTOR('',#12577,1.);
#12577 = DIRECTION('',(0.,-1.));
#12578 = ( GEOMETRIC_REPRESENTATION_CONTEXT(2) 
PARAMETRIC_REPRESENTATION_CONTEXT() REPRESENTATION_CONTEXT('2D SPACE',''
  ) );
#12579 = ORIENTED_EDGE('',*,*,#6350,.F.);
#12580 = ORIENTED_EDGE('',*,*,#12510,.F.);
#12581 = ADVANCED_FACE('',(#12582),#6339,.F.);
#12582 = FACE_BOUND('',#12583,.F.);
#12583 = EDGE_LOOP('',(#12584,#12607,#12628,#12629));
#12584 = ORIENTED_EDGE('',*,*,#12585,.F.);
#12585 = EDGE_CURVE('',#12586,#12537,#12588,.T.);
#12586 = VERTEX_POINT('',#12587);
#12587 = CARTESIAN_POINT('',(85.3925,-30.75000015258,32.9));
#12588 = SURFACE_CURVE('',#12589,(#12593,#12600),.PCURVE_S1.);
#12589 = LINE('',#12590,#12591);
#12590 = CARTESIAN_POINT('',(85.3925,-30.75000015258,32.9));
#12591 = VECTOR('',#12592,1.);
#12592 = DIRECTION('',(0.335926859643,0.941888074545,0.));
#12593 = PCURVE('',#6339,#12594);
#12594 = DEFINITIONAL_REPRESENTATION('',(#12595),#12599);
#12595 = LINE('',#12596,#12597);
#12596 = CARTESIAN_POINT('',(0.,0.));
#12597 = VECTOR('',#12598,1.);
#12598 = DIRECTION('',(1.,0.));
#12599 = ( GEOMETRIC_REPRESENTATION_CONTEXT(2) 
PARAMETRIC_REPRESENTATION_CONTEXT() REPRESENTATION_CONTEXT('2D SPACE',''
  ) );
#12600 = PCURVE('',#12380,#12601);
#12601 = DEFINITIONAL_REPRESENTATION('',(#12602),#12606);
#12602 = LINE('',#12603,#12604);
#12603 = CARTESIAN_POINT('',(4.5E-02,0.));
#12604 = VECTOR('',#12605,1.);
#12605 = DIRECTION('',(0.335926859643,0.941888074545));
#12606 = ( GEOMETRIC_REPRESENTATION_CONTEXT(2) 
PARAMETRIC_REPRESENTATION_CONTEXT() REPRESENTATION_CONTEXT('2D SPACE',''
  ) );
#12607 = ORIENTED_EDGE('',*,*,#12608,.T.);
#12608 = EDGE_CURVE('',#12586,#6299,#12609,.T.);
#12609 = SURFACE_CURVE('',#12610,(#12614,#12621),.PCURVE_S1.);
#12610 = LINE('',#12611,#12612);
#12611 = CARTESIAN_POINT('',(85.3925,-30.75000015258,32.9));
#12612 = VECTOR('',#12613,1.);
#12613 = DIRECTION('',(0.,0.,1.));
#12614 = PCURVE('',#6339,#12615);
#12615 = DEFINITIONAL_REPRESENTATION('',(#12616),#12620);
#12616 = LINE('',#12617,#12618);
#12617 = CARTESIAN_POINT('',(0.,0.));
#12618 = VECTOR('',#12619,1.);
#12619 = DIRECTION('',(0.,-1.));
#12620 = ( GEOMETRIC_REPRESENTATION_CONTEXT(2) 
PARAMETRIC_REPRESENTATION_CONTEXT() REPRESENTATION_CONTEXT('2D SPACE',''
  ) );
#12621 = PCURVE('',#6313,#12622);
#12622 = DEFINITIONAL_REPRESENTATION('',(#12623),#12627);
#12623 = LINE('',#12624,#12625);
#12624 = CARTESIAN_POINT('',(0.297001953125,0.));
#12625 = VECTOR('',#12626,1.);
#12626 = DIRECTION('',(0.,-1.));
#12627 = ( GEOMETRIC_REPRESENTATION_CONTEXT(2) 
PARAMETRIC_REPRESENTATION_CONTEXT() REPRESENTATION_CONTEXT('2D SPACE',''
  ) );
#12628 = ORIENTED_EDGE('',*,*,#6324,.F.);
#12629 = ORIENTED_EDGE('',*,*,#12559,.F.);
#12630 = ADVANCED_FACE('',(#12631),#6313,.F.);
#12631 = FACE_BOUND('',#12632,.F.);
#12632 = EDGE_LOOP('',(#12633,#12656,#12677,#12678));
#12633 = ORIENTED_EDGE('',*,*,#12634,.F.);
#12634 = EDGE_CURVE('',#12635,#12586,#12637,.T.);
#12635 = VERTEX_POINT('',#12636);
#12636 = CARTESIAN_POINT('',(85.689501953125,-30.75000015258,32.9));
#12637 = SURFACE_CURVE('',#12638,(#12642,#12649),.PCURVE_S1.);
#12638 = LINE('',#12639,#12640);
#12639 = CARTESIAN_POINT('',(85.689501953125,-30.75000015258,32.9));
#12640 = VECTOR('',#12641,1.);
#12641 = DIRECTION('',(-1.,0.,0.));
#12642 = PCURVE('',#6313,#12643);
#12643 = DEFINITIONAL_REPRESENTATION('',(#12644),#12648);
#12644 = LINE('',#12645,#12646);
#12645 = CARTESIAN_POINT('',(0.,-0.));
#12646 = VECTOR('',#12647,1.);
#12647 = DIRECTION('',(1.,0.));
#12648 = ( GEOMETRIC_REPRESENTATION_CONTEXT(2) 
PARAMETRIC_REPRESENTATION_CONTEXT() REPRESENTATION_CONTEXT('2D SPACE',''
  ) );
#12649 = PCURVE('',#12380,#12650);
#12650 = DEFINITIONAL_REPRESENTATION('',(#12651),#12655);
#12651 = LINE('',#12652,#12653);
#12652 = CARTESIAN_POINT('',(0.342001953125,0.));
#12653 = VECTOR('',#12654,1.);
#12654 = DIRECTION('',(-1.,0.));
#12655 = ( GEOMETRIC_REPRESENTATION_CONTEXT(2) 
PARAMETRIC_REPRESENTATION_CONTEXT() REPRESENTATION_CONTEXT('2D SPACE',''
  ) );
#12656 = ORIENTED_EDGE('',*,*,#12657,.T.);
#12657 = EDGE_CURVE('',#12635,#6273,#12658,.T.);
#12658 = SURFACE_CURVE('',#12659,(#12663,#12670),.PCURVE_S1.);
#12659 = LINE('',#12660,#12661);
#12660 = CARTESIAN_POINT('',(85.689501953125,-30.75000015258,32.9));
#12661 = VECTOR('',#12662,1.);
#12662 = DIRECTION('',(0.,0.,1.));
#12663 = PCURVE('',#6313,#12664);
#12664 = DEFINITIONAL_REPRESENTATION('',(#12665),#12669);
#12665 = LINE('',#12666,#12667);
#12666 = CARTESIAN_POINT('',(0.,-0.));
#12667 = VECTOR('',#12668,1.);
#12668 = DIRECTION('',(0.,-1.));
#12669 = ( GEOMETRIC_REPRESENTATION_CONTEXT(2) 
PARAMETRIC_REPRESENTATION_CONTEXT() REPRESENTATION_CONTEXT('2D SPACE',''
  ) );
#12670 = PCURVE('',#6287,#12671);
#12671 = DEFINITIONAL_REPRESENTATION('',(#12672),#12676);
#12672 = LINE('',#12673,#12674);
#12673 = CARTESIAN_POINT('',(0.696427140294,-0.));
#12674 = VECTOR('',#12675,1.);
#12675 = DIRECTION('',(0.,-1.));
#12676 = ( GEOMETRIC_REPRESENTATION_CONTEXT(2) 
PARAMETRIC_REPRESENTATION_CONTEXT() REPRESENTATION_CONTEXT('2D SPACE',''
  ) );
#12677 = ORIENTED_EDGE('',*,*,#6298,.F.);
#12678 = ORIENTED_EDGE('',*,*,#12608,.F.);
#12679 = ADVANCED_FACE('',(#12680),#6287,.F.);
#12680 = FACE_BOUND('',#12681,.F.);
#12681 = EDGE_LOOP('',(#12682,#12705,#12726,#12727));
#12682 = ORIENTED_EDGE('',*,*,#12683,.F.);
#12683 = EDGE_CURVE('',#12684,#12635,#12686,.T.);
#12684 = VERTEX_POINT('',#12685);
#12685 = CARTESIAN_POINT('',(85.920498046875,-30.09299819946,32.9));
#12686 = SURFACE_CURVE('',#12687,(#12691,#12698),.PCURVE_S1.);
#12687 = LINE('',#12688,#12689);
#12688 = CARTESIAN_POINT('',(85.920498046875,-30.09299819946,32.9));
#12689 = VECTOR('',#12690,1.);
#12690 = DIRECTION('',(-0.331687380323,-0.943389358502,0.));
#12691 = PCURVE('',#6287,#12692);
#12692 = DEFINITIONAL_REPRESENTATION('',(#12693),#12697);
#12693 = LINE('',#12694,#12695);
#12694 = CARTESIAN_POINT('',(0.,0.));
#12695 = VECTOR('',#12696,1.);
#12696 = DIRECTION('',(1.,-0.));
#12697 = ( GEOMETRIC_REPRESENTATION_CONTEXT(2) 
PARAMETRIC_REPRESENTATION_CONTEXT() REPRESENTATION_CONTEXT('2D SPACE',''
  ) );
#12698 = PCURVE('',#12380,#12699);
#12699 = DEFINITIONAL_REPRESENTATION('',(#12700),#12704);
#12700 = LINE('',#12701,#12702);
#12701 = CARTESIAN_POINT('',(0.572998046875,0.657001953125));
#12702 = VECTOR('',#12703,1.);
#12703 = DIRECTION('',(-0.331687380323,-0.943389358502));
#12704 = ( GEOMETRIC_REPRESENTATION_CONTEXT(2) 
PARAMETRIC_REPRESENTATION_CONTEXT() REPRESENTATION_CONTEXT('2D SPACE',''
  ) );
#12705 = ORIENTED_EDGE('',*,*,#12706,.T.);
#12706 = EDGE_CURVE('',#12684,#6247,#12707,.T.);
#12707 = SURFACE_CURVE('',#12708,(#12712,#12719),.PCURVE_S1.);
#12708 = LINE('',#12709,#12710);
#12709 = CARTESIAN_POINT('',(85.920498046875,-30.09299819946,32.9));
#12710 = VECTOR('',#12711,1.);
#12711 = DIRECTION('',(0.,0.,1.));
#12712 = PCURVE('',#6287,#12713);
#12713 = DEFINITIONAL_REPRESENTATION('',(#12714),#12718);
#12714 = LINE('',#12715,#12716);
#12715 = CARTESIAN_POINT('',(0.,0.));
#12716 = VECTOR('',#12717,1.);
#12717 = DIRECTION('',(0.,-1.));
#12718 = ( GEOMETRIC_REPRESENTATION_CONTEXT(2) 
PARAMETRIC_REPRESENTATION_CONTEXT() REPRESENTATION_CONTEXT('2D SPACE',''
  ) );
#12719 = PCURVE('',#6261,#12720);
#12720 = DEFINITIONAL_REPRESENTATION('',(#12721),#12725);
#12721 = LINE('',#12722,#12723);
#12722 = CARTESIAN_POINT('',(0.842998046875,0.));
#12723 = VECTOR('',#12724,1.);
#12724 = DIRECTION('',(0.,-1.));
#12725 = ( GEOMETRIC_REPRESENTATION_CONTEXT(2) 
PARAMETRIC_REPRESENTATION_CONTEXT() REPRESENTATION_CONTEXT('2D SPACE',''
  ) );
#12726 = ORIENTED_EDGE('',*,*,#6272,.F.);
#12727 = ORIENTED_EDGE('',*,*,#12657,.F.);
#12728 = ADVANCED_FACE('',(#12729),#6261,.F.);
#12729 = FACE_BOUND('',#12730,.F.);
#12730 = EDGE_LOOP('',(#12731,#12752,#12753,#12754));
#12731 = ORIENTED_EDGE('',*,*,#12732,.F.);
#12732 = EDGE_CURVE('',#12365,#12684,#12733,.T.);
#12733 = SURFACE_CURVE('',#12734,(#12738,#12745),.PCURVE_S1.);
#12734 = LINE('',#12735,#12736);
#12735 = CARTESIAN_POINT('',(86.76349609375,-30.09299819946,32.9));
#12736 = VECTOR('',#12737,1.);
#12737 = DIRECTION('',(-1.,0.,0.));
#12738 = PCURVE('',#6261,#12739);
#12739 = DEFINITIONAL_REPRESENTATION('',(#12740),#12744);
#12740 = LINE('',#12741,#12742);
#12741 = CARTESIAN_POINT('',(1.42108547152E-14,0.));
#12742 = VECTOR('',#12743,1.);
#12743 = DIRECTION('',(1.,0.));
#12744 = ( GEOMETRIC_REPRESENTATION_CONTEXT(2) 
PARAMETRIC_REPRESENTATION_CONTEXT() REPRESENTATION_CONTEXT('2D SPACE',''
  ) );
#12745 = PCURVE('',#12380,#12746);
#12746 = DEFINITIONAL_REPRESENTATION('',(#12747),#12751);
#12747 = LINE('',#12748,#12749);
#12748 = CARTESIAN_POINT('',(1.41599609375,0.657001953125));
#12749 = VECTOR('',#12750,1.);
#12750 = DIRECTION('',(-1.,0.));
#12751 = ( GEOMETRIC_REPRESENTATION_CONTEXT(2) 
PARAMETRIC_REPRESENTATION_CONTEXT() REPRESENTATION_CONTEXT('2D SPACE',''
  ) );
#12752 = ORIENTED_EDGE('',*,*,#12414,.T.);
#12753 = ORIENTED_EDGE('',*,*,#6246,.F.);
#12754 = ORIENTED_EDGE('',*,*,#12706,.F.);
#12755 = ADVANCED_FACE('',(#12756),#6445,.F.);
#12756 = FACE_BOUND('',#12757,.F.);
#12757 = EDGE_LOOP('',(#12758,#12788,#12809,#12810));
#12758 = ORIENTED_EDGE('',*,*,#12759,.F.);
#12759 = EDGE_CURVE('',#12760,#12762,#12764,.T.);
#12760 = VERTEX_POINT('',#12761);
#12761 = CARTESIAN_POINT('',(87.600498046875,-28.56299819946,32.9));
#12762 = VERTEX_POINT('',#12763);
#12763 = CARTESIAN_POINT('',(87.8825,-28.56299819946,32.9));
#12764 = SURFACE_CURVE('',#12765,(#12769,#12776),.PCURVE_S1.);
#12765 = LINE('',#12766,#12767);
#12766 = CARTESIAN_POINT('',(87.600498046875,-28.56299819946,32.9));
#12767 = VECTOR('',#12768,1.);
#12768 = DIRECTION('',(1.,0.,0.));
#12769 = PCURVE('',#6445,#12770);
#12770 = DEFINITIONAL_REPRESENTATION('',(#12771),#12775);
#12771 = LINE('',#12772,#12773);
#12772 = CARTESIAN_POINT('',(0.,0.));
#12773 = VECTOR('',#12774,1.);
#12774 = DIRECTION('',(1.,0.));
#12775 = ( GEOMETRIC_REPRESENTATION_CONTEXT(2) 
PARAMETRIC_REPRESENTATION_CONTEXT() REPRESENTATION_CONTEXT('2D SPACE',''
  ) );
#12776 = PCURVE('',#12777,#12782);
#12777 = PLANE('',#12778);
#12778 = AXIS2_PLACEMENT_3D('',#12779,#12780,#12781);
#12779 = CARTESIAN_POINT('',(87.300498046875,-30.75000015258,32.9));
#12780 = DIRECTION('',(0.,0.,1.));
#12781 = DIRECTION('',(1.,0.,0.));
#12782 = DEFINITIONAL_REPRESENTATION('',(#12783),#12787);
#12783 = LINE('',#12784,#12785);
#12784 = CARTESIAN_POINT('',(0.3,2.187001953125));
#12785 = VECTOR('',#12786,1.);
#12786 = DIRECTION('',(1.,0.));
#12787 = ( GEOMETRIC_REPRESENTATION_CONTEXT(2) 
PARAMETRIC_REPRESENTATION_CONTEXT() REPRESENTATION_CONTEXT('2D SPACE',''
  ) );
#12788 = ORIENTED_EDGE('',*,*,#12789,.T.);
#12789 = EDGE_CURVE('',#12760,#6431,#12790,.T.);
#12790 = SURFACE_CURVE('',#12791,(#12795,#12802),.PCURVE_S1.);
#12791 = LINE('',#12792,#12793);
#12792 = CARTESIAN_POINT('',(87.600498046875,-28.56299819946,32.9));
#12793 = VECTOR('',#12794,1.);
#12794 = DIRECTION('',(0.,0.,1.));
#12795 = PCURVE('',#6445,#12796);
#12796 = DEFINITIONAL_REPRESENTATION('',(#12797),#12801);
#12797 = LINE('',#12798,#12799);
#12798 = CARTESIAN_POINT('',(0.,0.));
#12799 = VECTOR('',#12800,1.);
#12800 = DIRECTION('',(0.,-1.));
#12801 = ( GEOMETRIC_REPRESENTATION_CONTEXT(2) 
PARAMETRIC_REPRESENTATION_CONTEXT() REPRESENTATION_CONTEXT('2D SPACE',''
  ) );
#12802 = PCURVE('',#6521,#12803);
#12803 = DEFINITIONAL_REPRESENTATION('',(#12804),#12808);
#12804 = LINE('',#12805,#12806);
#12805 = CARTESIAN_POINT('',(2.187001953125,0.));
#12806 = VECTOR('',#12807,1.);
#12807 = DIRECTION('',(0.,-1.));
#12808 = ( GEOMETRIC_REPRESENTATION_CONTEXT(2) 
PARAMETRIC_REPRESENTATION_CONTEXT() REPRESENTATION_CONTEXT('2D SPACE',''
  ) );
#12809 = ORIENTED_EDGE('',*,*,#6428,.F.);
#12810 = ORIENTED_EDGE('',*,*,#12811,.F.);
#12811 = EDGE_CURVE('',#12762,#6429,#12812,.T.);
#12812 = SURFACE_CURVE('',#12813,(#12817,#12824),.PCURVE_S1.);
#12813 = LINE('',#12814,#12815);
#12814 = CARTESIAN_POINT('',(87.8825,-28.56299819946,32.9));
#12815 = VECTOR('',#12816,1.);
#12816 = DIRECTION('',(0.,0.,1.));
#12817 = PCURVE('',#6445,#12818);
#12818 = DEFINITIONAL_REPRESENTATION('',(#12819),#12823);
#12819 = LINE('',#12820,#12821);
#12820 = CARTESIAN_POINT('',(0.282001953125,0.));
#12821 = VECTOR('',#12822,1.);
#12822 = DIRECTION('',(0.,-1.));
#12823 = ( GEOMETRIC_REPRESENTATION_CONTEXT(2) 
PARAMETRIC_REPRESENTATION_CONTEXT() REPRESENTATION_CONTEXT('2D SPACE',''
  ) );
#12824 = PCURVE('',#6471,#12825);
#12825 = DEFINITIONAL_REPRESENTATION('',(#12826),#12830);
#12826 = LINE('',#12827,#12828);
#12827 = CARTESIAN_POINT('',(0.,0.));
#12828 = VECTOR('',#12829,1.);
#12829 = DIRECTION('',(0.,-1.));
#12830 = ( GEOMETRIC_REPRESENTATION_CONTEXT(2) 
PARAMETRIC_REPRESENTATION_CONTEXT() REPRESENTATION_CONTEXT('2D SPACE',''
  ) );
#12831 = ADVANCED_FACE('',(#12832),#6521,.F.);
#12832 = FACE_BOUND('',#12833,.F.);
#12833 = EDGE_LOOP('',(#12834,#12857,#12878,#12879));
#12834 = ORIENTED_EDGE('',*,*,#12835,.F.);
#12835 = EDGE_CURVE('',#12836,#12760,#12838,.T.);
#12836 = VERTEX_POINT('',#12837);
#12837 = CARTESIAN_POINT('',(87.600498046875,-30.75000015258,32.9));
#12838 = SURFACE_CURVE('',#12839,(#12843,#12850),.PCURVE_S1.);
#12839 = LINE('',#12840,#12841);
#12840 = CARTESIAN_POINT('',(87.600498046875,-30.75000015258,32.9));
#12841 = VECTOR('',#12842,1.);
#12842 = DIRECTION('',(0.,1.,0.));
#12843 = PCURVE('',#6521,#12844);
#12844 = DEFINITIONAL_REPRESENTATION('',(#12845),#12849);
#12845 = LINE('',#12846,#12847);
#12846 = CARTESIAN_POINT('',(0.,0.));
#12847 = VECTOR('',#12848,1.);
#12848 = DIRECTION('',(1.,0.));
#12849 = ( GEOMETRIC_REPRESENTATION_CONTEXT(2) 
PARAMETRIC_REPRESENTATION_CONTEXT() REPRESENTATION_CONTEXT('2D SPACE',''
  ) );
#12850 = PCURVE('',#12777,#12851);
#12851 = DEFINITIONAL_REPRESENTATION('',(#12852),#12856);
#12852 = LINE('',#12853,#12854);
#12853 = CARTESIAN_POINT('',(0.3,0.));
#12854 = VECTOR('',#12855,1.);
#12855 = DIRECTION('',(0.,1.));
#12856 = ( GEOMETRIC_REPRESENTATION_CONTEXT(2) 
PARAMETRIC_REPRESENTATION_CONTEXT() REPRESENTATION_CONTEXT('2D SPACE',''
  ) );
#12857 = ORIENTED_EDGE('',*,*,#12858,.T.);
#12858 = EDGE_CURVE('',#12836,#6483,#12859,.T.);
#12859 = SURFACE_CURVE('',#12860,(#12864,#12871),.PCURVE_S1.);
#12860 = LINE('',#12861,#12862);
#12861 = CARTESIAN_POINT('',(87.600498046875,-30.75000015258,32.9));
#12862 = VECTOR('',#12863,1.);
#12863 = DIRECTION('',(0.,0.,1.));
#12864 = PCURVE('',#6521,#12865);
#12865 = DEFINITIONAL_REPRESENTATION('',(#12866),#12870);
#12866 = LINE('',#12867,#12868);
#12867 = CARTESIAN_POINT('',(0.,0.));
#12868 = VECTOR('',#12869,1.);
#12869 = DIRECTION('',(0.,-1.));
#12870 = ( GEOMETRIC_REPRESENTATION_CONTEXT(2) 
PARAMETRIC_REPRESENTATION_CONTEXT() REPRESENTATION_CONTEXT('2D SPACE',''
  ) );
#12871 = PCURVE('',#6497,#12872);
#12872 = DEFINITIONAL_REPRESENTATION('',(#12873),#12877);
#12873 = LINE('',#12874,#12875);
#12874 = CARTESIAN_POINT('',(0.282001953125,0.));
#12875 = VECTOR('',#12876,1.);
#12876 = DIRECTION('',(0.,-1.));
#12877 = ( GEOMETRIC_REPRESENTATION_CONTEXT(2) 
PARAMETRIC_REPRESENTATION_CONTEXT() REPRESENTATION_CONTEXT('2D SPACE',''
  ) );
#12878 = ORIENTED_EDGE('',*,*,#6508,.F.);
#12879 = ORIENTED_EDGE('',*,*,#12789,.F.);
#12880 = ADVANCED_FACE('',(#12881),#6497,.F.);
#12881 = FACE_BOUND('',#12882,.F.);
#12882 = EDGE_LOOP('',(#12883,#12906,#12927,#12928));
#12883 = ORIENTED_EDGE('',*,*,#12884,.F.);
#12884 = EDGE_CURVE('',#12885,#12836,#12887,.T.);
#12885 = VERTEX_POINT('',#12886);
#12886 = CARTESIAN_POINT('',(87.8825,-30.75000015258,32.9));
#12887 = SURFACE_CURVE('',#12888,(#12892,#12899),.PCURVE_S1.);
#12888 = LINE('',#12889,#12890);
#12889 = CARTESIAN_POINT('',(87.8825,-30.75000015258,32.9));
#12890 = VECTOR('',#12891,1.);
#12891 = DIRECTION('',(-1.,0.,0.));
#12892 = PCURVE('',#6497,#12893);
#12893 = DEFINITIONAL_REPRESENTATION('',(#12894),#12898);
#12894 = LINE('',#12895,#12896);
#12895 = CARTESIAN_POINT('',(-1.42108547152E-14,-0.));
#12896 = VECTOR('',#12897,1.);
#12897 = DIRECTION('',(1.,0.));
#12898 = ( GEOMETRIC_REPRESENTATION_CONTEXT(2) 
PARAMETRIC_REPRESENTATION_CONTEXT() REPRESENTATION_CONTEXT('2D SPACE',''
  ) );
#12899 = PCURVE('',#12777,#12900);
#12900 = DEFINITIONAL_REPRESENTATION('',(#12901),#12905);
#12901 = LINE('',#12902,#12903);
#12902 = CARTESIAN_POINT('',(0.582001953125,0.));
#12903 = VECTOR('',#12904,1.);
#12904 = DIRECTION('',(-1.,0.));
#12905 = ( GEOMETRIC_REPRESENTATION_CONTEXT(2) 
PARAMETRIC_REPRESENTATION_CONTEXT() REPRESENTATION_CONTEXT('2D SPACE',''
  ) );
#12906 = ORIENTED_EDGE('',*,*,#12907,.T.);
#12907 = EDGE_CURVE('',#12885,#6457,#12908,.T.);
#12908 = SURFACE_CURVE('',#12909,(#12913,#12920),.PCURVE_S1.);
#12909 = LINE('',#12910,#12911);
#12910 = CARTESIAN_POINT('',(87.8825,-30.75000015258,32.9));
#12911 = VECTOR('',#12912,1.);
#12912 = DIRECTION('',(0.,0.,1.));
#12913 = PCURVE('',#6497,#12914);
#12914 = DEFINITIONAL_REPRESENTATION('',(#12915),#12919);
#12915 = LINE('',#12916,#12917);
#12916 = CARTESIAN_POINT('',(0.,-0.));
#12917 = VECTOR('',#12918,1.);
#12918 = DIRECTION('',(0.,-1.));
#12919 = ( GEOMETRIC_REPRESENTATION_CONTEXT(2) 
PARAMETRIC_REPRESENTATION_CONTEXT() REPRESENTATION_CONTEXT('2D SPACE',''
  ) );
#12920 = PCURVE('',#6471,#12921);
#12921 = DEFINITIONAL_REPRESENTATION('',(#12922),#12926);
#12922 = LINE('',#12923,#12924);
#12923 = CARTESIAN_POINT('',(2.187001953125,0.));
#12924 = VECTOR('',#12925,1.);
#12925 = DIRECTION('',(0.,-1.));
#12926 = ( GEOMETRIC_REPRESENTATION_CONTEXT(2) 
PARAMETRIC_REPRESENTATION_CONTEXT() REPRESENTATION_CONTEXT('2D SPACE',''
  ) );
#12927 = ORIENTED_EDGE('',*,*,#6482,.F.);
#12928 = ORIENTED_EDGE('',*,*,#12858,.F.);
#12929 = ADVANCED_FACE('',(#12930),#6471,.F.);
#12930 = FACE_BOUND('',#12931,.F.);
#12931 = EDGE_LOOP('',(#12932,#12953,#12954,#12955));
#12932 = ORIENTED_EDGE('',*,*,#12933,.F.);
#12933 = EDGE_CURVE('',#12762,#12885,#12934,.T.);
#12934 = SURFACE_CURVE('',#12935,(#12939,#12946),.PCURVE_S1.);
#12935 = LINE('',#12936,#12937);
#12936 = CARTESIAN_POINT('',(87.8825,-28.56299819946,32.9));
#12937 = VECTOR('',#12938,1.);
#12938 = DIRECTION('',(0.,-1.,0.));
#12939 = PCURVE('',#6471,#12940);
#12940 = DEFINITIONAL_REPRESENTATION('',(#12941),#12945);
#12941 = LINE('',#12942,#12943);
#12942 = CARTESIAN_POINT('',(0.,0.));
#12943 = VECTOR('',#12944,1.);
#12944 = DIRECTION('',(1.,0.));
#12945 = ( GEOMETRIC_REPRESENTATION_CONTEXT(2) 
PARAMETRIC_REPRESENTATION_CONTEXT() REPRESENTATION_CONTEXT('2D SPACE',''
  ) );
#12946 = PCURVE('',#12777,#12947);
#12947 = DEFINITIONAL_REPRESENTATION('',(#12948),#12952);
#12948 = LINE('',#12949,#12950);
#12949 = CARTESIAN_POINT('',(0.582001953125,2.187001953125));
#12950 = VECTOR('',#12951,1.);
#12951 = DIRECTION('',(0.,-1.));
#12952 = ( GEOMETRIC_REPRESENTATION_CONTEXT(2) 
PARAMETRIC_REPRESENTATION_CONTEXT() REPRESENTATION_CONTEXT('2D SPACE',''
  ) );
#12953 = ORIENTED_EDGE('',*,*,#12811,.T.);
#12954 = ORIENTED_EDGE('',*,*,#6456,.F.);
#12955 = ORIENTED_EDGE('',*,*,#12907,.F.);
#12956 = ADVANCED_FACE('',(#12957),#6555,.F.);
#12957 = FACE_BOUND('',#12958,.T.);
#12958 = EDGE_LOOP('',(#12959,#12960,#12981,#12982));
#12959 = ORIENTED_EDGE('',*,*,#7235,.T.);
#12960 = ORIENTED_EDGE('',*,*,#12961,.T.);
#12961 = EDGE_CURVE('',#7236,#6535,#12962,.T.);
#12962 = SEAM_CURVE('',#12963,(#12967,#12974),.PCURVE_S1.);
#12963 = LINE('',#12964,#12965);
#12964 = CARTESIAN_POINT('',(84.55,-25.,10.6));
#12965 = VECTOR('',#12966,1.);
#12966 = DIRECTION('',(0.,0.,1.));
#12967 = PCURVE('',#6555,#12968);
#12968 = DEFINITIONAL_REPRESENTATION('',(#12969),#12973);
#12969 = LINE('',#12970,#12971);
#12970 = CARTESIAN_POINT('',(-6.28318530718,0.));
#12971 = VECTOR('',#12972,1.);
#12972 = DIRECTION('',(-0.,-1.));
#12973 = ( GEOMETRIC_REPRESENTATION_CONTEXT(2) 
PARAMETRIC_REPRESENTATION_CONTEXT() REPRESENTATION_CONTEXT('2D SPACE',''
  ) );
#12974 = PCURVE('',#6555,#12975);
#12975 = DEFINITIONAL_REPRESENTATION('',(#12976),#12980);
#12976 = LINE('',#12977,#12978);
#12977 = CARTESIAN_POINT('',(-0.,0.));
#12978 = VECTOR('',#12979,1.);
#12979 = DIRECTION('',(-0.,-1.));
#12980 = ( GEOMETRIC_REPRESENTATION_CONTEXT(2) 
PARAMETRIC_REPRESENTATION_CONTEXT() REPRESENTATION_CONTEXT('2D SPACE',''
  ) );
#12981 = ORIENTED_EDGE('',*,*,#6534,.F.);
#12982 = ORIENTED_EDGE('',*,*,#12961,.F.);
#12983 = ADVANCED_FACE('',(#12984),#6590,.F.);
#12984 = FACE_BOUND('',#12985,.T.);
#12985 = EDGE_LOOP('',(#12986,#13019,#13040,#13041));
#12986 = ORIENTED_EDGE('',*,*,#12987,.T.);
#12987 = EDGE_CURVE('',#12988,#12988,#12990,.T.);
#12988 = VERTEX_POINT('',#12989);
#12989 = CARTESIAN_POINT('',(88.5,-24.5,31.));
#12990 = SURFACE_CURVE('',#12991,(#12996,#13003),.PCURVE_S1.);
#12991 = CIRCLE('',#12992,1.);
#12992 = AXIS2_PLACEMENT_3D('',#12993,#12994,#12995);
#12993 = CARTESIAN_POINT('',(87.5,-24.5,31.));
#12994 = DIRECTION('',(0.,0.,-1.));
#12995 = DIRECTION('',(1.,0.,0.));
#12996 = PCURVE('',#6590,#12997);
#12997 = DEFINITIONAL_REPRESENTATION('',(#12998),#13002);
#12998 = LINE('',#12999,#13000);
#12999 = CARTESIAN_POINT('',(-6.28318530718,-1.));
#13000 = VECTOR('',#13001,1.);
#13001 = DIRECTION('',(1.,-0.));
#13002 = ( GEOMETRIC_REPRESENTATION_CONTEXT(2) 
PARAMETRIC_REPRESENTATION_CONTEXT() REPRESENTATION_CONTEXT('2D SPACE',''
  ) );
#13003 = PCURVE('',#13004,#13009);
#13004 = PLANE('',#13005);
#13005 = AXIS2_PLACEMENT_3D('',#13006,#13007,#13008);
#13006 = CARTESIAN_POINT('',(87.5,-24.5,31.));
#13007 = DIRECTION('',(0.,0.,1.));
#13008 = DIRECTION('',(1.,0.,-0.));
#13009 = DEFINITIONAL_REPRESENTATION('',(#13010),#13018);
#13010 = ( BOUNDED_CURVE() B_SPLINE_CURVE(2,(#13011,#13012,#13013,#13014
    ,#13015,#13016,#13017),.UNSPECIFIED.,.T.,.F.) 
B_SPLINE_CURVE_WITH_KNOTS((1,2,2,2,2,1),(-2.094395102393,0.,
    2.094395102393,4.188790204786,6.28318530718,8.377580409573),
.UNSPECIFIED.) CURVE() GEOMETRIC_REPRESENTATION_ITEM() 
RATIONAL_B_SPLINE_CURVE((1.,0.5,1.,0.5,1.,0.5,1.)) REPRESENTATION_ITEM(
  '') );
#13011 = CARTESIAN_POINT('',(1.,0.));
#13012 = CARTESIAN_POINT('',(1.,-1.732050807569));
#13013 = CARTESIAN_POINT('',(-0.5,-0.866025403784));
#13014 = CARTESIAN_POINT('',(-2.,-2.449293598295E-16));
#13015 = CARTESIAN_POINT('',(-0.5,0.866025403784));
#13016 = CARTESIAN_POINT('',(1.,1.732050807569));
#13017 = CARTESIAN_POINT('',(1.,0.));
#13018 = ( GEOMETRIC_REPRESENTATION_CONTEXT(2) 
PARAMETRIC_REPRESENTATION_CONTEXT() REPRESENTATION_CONTEXT('2D SPACE',''
  ) );
#13019 = ORIENTED_EDGE('',*,*,#13020,.T.);
#13020 = EDGE_CURVE('',#12988,#6570,#13021,.T.);
#13021 = SEAM_CURVE('',#13022,(#13026,#13033),.PCURVE_S1.);
#13022 = LINE('',#13023,#13024);
#13023 = CARTESIAN_POINT('',(88.5,-24.5,30.));
#13024 = VECTOR('',#13025,1.);
#13025 = DIRECTION('',(0.,0.,1.));
#13026 = PCURVE('',#6590,#13027);
#13027 = DEFINITIONAL_REPRESENTATION('',(#13028),#13032);
#13028 = LINE('',#13029,#13030);
#13029 = CARTESIAN_POINT('',(-6.28318530718,0.));
#13030 = VECTOR('',#13031,1.);
#13031 = DIRECTION('',(-0.,-1.));
#13032 = ( GEOMETRIC_REPRESENTATION_CONTEXT(2) 
PARAMETRIC_REPRESENTATION_CONTEXT() REPRESENTATION_CONTEXT('2D SPACE',''
  ) );
#13033 = PCURVE('',#6590,#13034);
#13034 = DEFINITIONAL_REPRESENTATION('',(#13035),#13039);
#13035 = LINE('',#13036,#13037);
#13036 = CARTESIAN_POINT('',(-0.,0.));
#13037 = VECTOR('',#13038,1.);
#13038 = DIRECTION('',(-0.,-1.));
#13039 = ( GEOMETRIC_REPRESENTATION_CONTEXT(2) 
PARAMETRIC_REPRESENTATION_CONTEXT() REPRESENTATION_CONTEXT('2D SPACE',''
  ) );
#13040 = ORIENTED_EDGE('',*,*,#6569,.F.);
#13041 = ORIENTED_EDGE('',*,*,#13020,.F.);
#13042 = ADVANCED_FACE('',(#13043),#6621,.F.);
#13043 = FACE_BOUND('',#13044,.F.);
#13044 = EDGE_LOOP('',(#13045,#13075,#13096,#13097));
#13045 = ORIENTED_EDGE('',*,*,#13046,.F.);
#13046 = EDGE_CURVE('',#13047,#13049,#13051,.T.);
#13047 = VERTEX_POINT('',#13048);
#13048 = CARTESIAN_POINT('',(89.760498046875,-28.56299819946,32.9));
#13049 = VERTEX_POINT('',#13050);
#13050 = CARTESIAN_POINT('',(90.024501953125,-28.56299819946,32.9));
#13051 = SURFACE_CURVE('',#13052,(#13056,#13063),.PCURVE_S1.);
#13052 = LINE('',#13053,#13054);
#13053 = CARTESIAN_POINT('',(89.760498046875,-28.56299819946,32.9));
#13054 = VECTOR('',#13055,1.);
#13055 = DIRECTION('',(1.,0.,0.));
#13056 = PCURVE('',#6621,#13057);
#13057 = DEFINITIONAL_REPRESENTATION('',(#13058),#13062);
#13058 = LINE('',#13059,#13060);
#13059 = CARTESIAN_POINT('',(0.,0.));
#13060 = VECTOR('',#13061,1.);
#13061 = DIRECTION('',(1.,0.));
#13062 = ( GEOMETRIC_REPRESENTATION_CONTEXT(2) 
PARAMETRIC_REPRESENTATION_CONTEXT() REPRESENTATION_CONTEXT('2D SPACE',''
  ) );
#13063 = PCURVE('',#13064,#13069);
#13064 = PLANE('',#13065);
#13065 = AXIS2_PLACEMENT_3D('',#13066,#13067,#13068);
#13066 = CARTESIAN_POINT('',(88.074501953125,-30.75000015258,32.9));
#13067 = DIRECTION('',(0.,0.,1.));
#13068 = DIRECTION('',(1.,0.,0.));
#13069 = DEFINITIONAL_REPRESENTATION('',(#13070),#13074);
#13070 = LINE('',#13071,#13072);
#13071 = CARTESIAN_POINT('',(1.68599609375,2.187001953125));
#13072 = VECTOR('',#13073,1.);
#13073 = DIRECTION('',(1.,0.));
#13074 = ( GEOMETRIC_REPRESENTATION_CONTEXT(2) 
PARAMETRIC_REPRESENTATION_CONTEXT() REPRESENTATION_CONTEXT('2D SPACE',''
  ) );
#13075 = ORIENTED_EDGE('',*,*,#13076,.T.);
#13076 = EDGE_CURVE('',#13047,#6607,#13077,.T.);
#13077 = SURFACE_CURVE('',#13078,(#13082,#13089),.PCURVE_S1.);
#13078 = LINE('',#13079,#13080);
#13079 = CARTESIAN_POINT('',(89.760498046875,-28.56299819946,32.9));
#13080 = VECTOR('',#13081,1.);
#13081 = DIRECTION('',(0.,0.,1.));
#13082 = PCURVE('',#6621,#13083);
#13083 = DEFINITIONAL_REPRESENTATION('',(#13084),#13088);
#13084 = LINE('',#13085,#13086);
#13085 = CARTESIAN_POINT('',(0.,0.));
#13086 = VECTOR('',#13087,1.);
#13087 = DIRECTION('',(0.,-1.));
#13088 = ( GEOMETRIC_REPRESENTATION_CONTEXT(2) 
PARAMETRIC_REPRESENTATION_CONTEXT() REPRESENTATION_CONTEXT('2D SPACE',''
  ) );
#13089 = PCURVE('',#6853,#13090);
#13090 = DEFINITIONAL_REPRESENTATION('',(#13091),#13095);
#13091 = LINE('',#13092,#13093);
#13092 = CARTESIAN_POINT('',(1.787998046875,0.));
#13093 = VECTOR('',#13094,1.);
#13094 = DIRECTION('',(0.,-1.));
#13095 = ( GEOMETRIC_REPRESENTATION_CONTEXT(2) 
PARAMETRIC_REPRESENTATION_CONTEXT() REPRESENTATION_CONTEXT('2D SPACE',''
  ) );
#13096 = ORIENTED_EDGE('',*,*,#6604,.F.);
#13097 = ORIENTED_EDGE('',*,*,#13098,.F.);
#13098 = EDGE_CURVE('',#13049,#6605,#13099,.T.);
#13099 = SURFACE_CURVE('',#13100,(#13104,#13111),.PCURVE_S1.);
#13100 = LINE('',#13101,#13102);
#13101 = CARTESIAN_POINT('',(90.024501953125,-28.56299819946,32.9));
#13102 = VECTOR('',#13103,1.);
#13103 = DIRECTION('',(0.,0.,1.));
#13104 = PCURVE('',#6621,#13105);
#13105 = DEFINITIONAL_REPRESENTATION('',(#13106),#13110);
#13106 = LINE('',#13107,#13108);
#13107 = CARTESIAN_POINT('',(0.26400390625,0.));
#13108 = VECTOR('',#13109,1.);
#13109 = DIRECTION('',(0.,-1.));
#13110 = ( GEOMETRIC_REPRESENTATION_CONTEXT(2) 
PARAMETRIC_REPRESENTATION_CONTEXT() REPRESENTATION_CONTEXT('2D SPACE',''
  ) );
#13111 = PCURVE('',#6647,#13112);
#13112 = DEFINITIONAL_REPRESENTATION('',(#13113),#13117);
#13113 = LINE('',#13114,#13115);
#13114 = CARTESIAN_POINT('',(0.,0.));
#13115 = VECTOR('',#13116,1.);
#13116 = DIRECTION('',(0.,-1.));
#13117 = ( GEOMETRIC_REPRESENTATION_CONTEXT(2) 
PARAMETRIC_REPRESENTATION_CONTEXT() REPRESENTATION_CONTEXT('2D SPACE',''
  ) );
#13118 = ADVANCED_FACE('',(#13119),#6853,.F.);
#13119 = FACE_BOUND('',#13120,.F.);
#13120 = EDGE_LOOP('',(#13121,#13144,#13165,#13166));
#13121 = ORIENTED_EDGE('',*,*,#13122,.F.);
#13122 = EDGE_CURVE('',#13123,#13047,#13125,.T.);
#13123 = VERTEX_POINT('',#13124);
#13124 = CARTESIAN_POINT('',(89.760498046875,-30.35099624633,32.9));
#13125 = SURFACE_CURVE('',#13126,(#13130,#13137),.PCURVE_S1.);
#13126 = LINE('',#13127,#13128);
#13127 = CARTESIAN_POINT('',(89.760498046875,-30.35099624633,32.9));
#13128 = VECTOR('',#13129,1.);
#13129 = DIRECTION('',(0.,1.,0.));
#13130 = PCURVE('',#6853,#13131);
#13131 = DEFINITIONAL_REPRESENTATION('',(#13132),#13136);
#13132 = LINE('',#13133,#13134);
#13133 = CARTESIAN_POINT('',(0.,0.));
#13134 = VECTOR('',#13135,1.);
#13135 = DIRECTION('',(1.,0.));
#13136 = ( GEOMETRIC_REPRESENTATION_CONTEXT(2) 
PARAMETRIC_REPRESENTATION_CONTEXT() REPRESENTATION_CONTEXT('2D SPACE',''
  ) );
#13137 = PCURVE('',#13064,#13138);
#13138 = DEFINITIONAL_REPRESENTATION('',(#13139),#13143);
#13139 = LINE('',#13140,#13141);
#13140 = CARTESIAN_POINT('',(1.68599609375,0.39900390625));
#13141 = VECTOR('',#13142,1.);
#13142 = DIRECTION('',(0.,1.));
#13143 = ( GEOMETRIC_REPRESENTATION_CONTEXT(2) 
PARAMETRIC_REPRESENTATION_CONTEXT() REPRESENTATION_CONTEXT('2D SPACE',''
  ) );
#13144 = ORIENTED_EDGE('',*,*,#13145,.T.);
#13145 = EDGE_CURVE('',#13123,#6815,#13146,.T.);
#13146 = SURFACE_CURVE('',#13147,(#13151,#13158),.PCURVE_S1.);
#13147 = LINE('',#13148,#13149);
#13148 = CARTESIAN_POINT('',(89.760498046875,-30.35099624633,32.9));
#13149 = VECTOR('',#13150,1.);
#13150 = DIRECTION('',(0.,0.,1.));
#13151 = PCURVE('',#6853,#13152);
#13152 = DEFINITIONAL_REPRESENTATION('',(#13153),#13157);
#13153 = LINE('',#13154,#13155);
#13154 = CARTESIAN_POINT('',(0.,0.));
#13155 = VECTOR('',#13156,1.);
#13156 = DIRECTION('',(0.,-1.));
#13157 = ( GEOMETRIC_REPRESENTATION_CONTEXT(2) 
PARAMETRIC_REPRESENTATION_CONTEXT() REPRESENTATION_CONTEXT('2D SPACE',''
  ) );
#13158 = PCURVE('',#6829,#13159);
#13159 = DEFINITIONAL_REPRESENTATION('',(#13160),#13164);
#13160 = LINE('',#13161,#13162);
#13161 = CARTESIAN_POINT('',(2.122117233046,0.));
#13162 = VECTOR('',#13163,1.);
#13163 = DIRECTION('',(0.,-1.));
#13164 = ( GEOMETRIC_REPRESENTATION_CONTEXT(2) 
PARAMETRIC_REPRESENTATION_CONTEXT() REPRESENTATION_CONTEXT('2D SPACE',''
  ) );
#13165 = ORIENTED_EDGE('',*,*,#6840,.F.);
#13166 = ORIENTED_EDGE('',*,*,#13076,.F.);
#13167 = ADVANCED_FACE('',(#13168),#6829,.F.);
#13168 = FACE_BOUND('',#13169,.F.);
#13169 = EDGE_LOOP('',(#13170,#13193,#13214,#13215));
#13170 = ORIENTED_EDGE('',*,*,#13171,.F.);
#13171 = EDGE_CURVE('',#13172,#13123,#13174,.T.);
#13172 = VERTEX_POINT('',#13173);
#13173 = CARTESIAN_POINT('',(88.6175,-28.56299819946,32.9));
#13174 = SURFACE_CURVE('',#13175,(#13179,#13186),.PCURVE_S1.);
#13175 = LINE('',#13176,#13177);
#13176 = CARTESIAN_POINT('',(88.6175,-28.56299819946,32.9));
#13177 = VECTOR('',#13178,1.);
#13178 = DIRECTION('',(0.538612112977,-0.842553850952,0.));
#13179 = PCURVE('',#6829,#13180);
#13180 = DEFINITIONAL_REPRESENTATION('',(#13181),#13185);
#13181 = LINE('',#13182,#13183);
#13182 = CARTESIAN_POINT('',(-5.986705182809E-15,0.));
#13183 = VECTOR('',#13184,1.);
#13184 = DIRECTION('',(1.,0.));
#13185 = ( GEOMETRIC_REPRESENTATION_CONTEXT(2) 
PARAMETRIC_REPRESENTATION_CONTEXT() REPRESENTATION_CONTEXT('2D SPACE',''
  ) );
#13186 = PCURVE('',#13064,#13187);
#13187 = DEFINITIONAL_REPRESENTATION('',(#13188),#13192);
#13188 = LINE('',#13189,#13190);
#13189 = CARTESIAN_POINT('',(0.542998046875,2.187001953125));
#13190 = VECTOR('',#13191,1.);
#13191 = DIRECTION('',(0.538612112977,-0.842553850952));
#13192 = ( GEOMETRIC_REPRESENTATION_CONTEXT(2) 
PARAMETRIC_REPRESENTATION_CONTEXT() REPRESENTATION_CONTEXT('2D SPACE',''
  ) );
#13193 = ORIENTED_EDGE('',*,*,#13194,.T.);
#13194 = EDGE_CURVE('',#13172,#6789,#13195,.T.);
#13195 = SURFACE_CURVE('',#13196,(#13200,#13207),.PCURVE_S1.);
#13196 = LINE('',#13197,#13198);
#13197 = CARTESIAN_POINT('',(88.6175,-28.56299819946,32.9));
#13198 = VECTOR('',#13199,1.);
#13199 = DIRECTION('',(0.,0.,1.));
#13200 = PCURVE('',#6829,#13201);
#13201 = DEFINITIONAL_REPRESENTATION('',(#13202),#13206);
#13202 = LINE('',#13203,#13204);
#13203 = CARTESIAN_POINT('',(0.,0.));
#13204 = VECTOR('',#13205,1.);
#13205 = DIRECTION('',(0.,-1.));
#13206 = ( GEOMETRIC_REPRESENTATION_CONTEXT(2) 
PARAMETRIC_REPRESENTATION_CONTEXT() REPRESENTATION_CONTEXT('2D SPACE',''
  ) );
#13207 = PCURVE('',#6803,#13208);
#13208 = DEFINITIONAL_REPRESENTATION('',(#13209),#13213);
#13209 = LINE('',#13210,#13211);
#13210 = CARTESIAN_POINT('',(0.302998046875,0.));
#13211 = VECTOR('',#13212,1.);
#13212 = DIRECTION('',(0.,-1.));
#13213 = ( GEOMETRIC_REPRESENTATION_CONTEXT(2) 
PARAMETRIC_REPRESENTATION_CONTEXT() REPRESENTATION_CONTEXT('2D SPACE',''
  ) );
#13214 = ORIENTED_EDGE('',*,*,#6814,.F.);
#13215 = ORIENTED_EDGE('',*,*,#13145,.F.);
#13216 = ADVANCED_FACE('',(#13217),#6803,.F.);
#13217 = FACE_BOUND('',#13218,.F.);
#13218 = EDGE_LOOP('',(#13219,#13242,#13263,#13264));
#13219 = ORIENTED_EDGE('',*,*,#13220,.F.);
#13220 = EDGE_CURVE('',#13221,#13172,#13223,.T.);
#13221 = VERTEX_POINT('',#13222);
#13222 = CARTESIAN_POINT('',(88.314501953125,-28.56299819946,32.9));
#13223 = SURFACE_CURVE('',#13224,(#13228,#13235),.PCURVE_S1.);
#13224 = LINE('',#13225,#13226);
#13225 = CARTESIAN_POINT('',(88.314501953125,-28.56299819946,32.9));
#13226 = VECTOR('',#13227,1.);
#13227 = DIRECTION('',(1.,0.,0.));
#13228 = PCURVE('',#6803,#13229);
#13229 = DEFINITIONAL_REPRESENTATION('',(#13230),#13234);
#13230 = LINE('',#13231,#13232);
#13231 = CARTESIAN_POINT('',(-1.42108547152E-14,0.));
#13232 = VECTOR('',#13233,1.);
#13233 = DIRECTION('',(1.,0.));
#13234 = ( GEOMETRIC_REPRESENTATION_CONTEXT(2) 
PARAMETRIC_REPRESENTATION_CONTEXT() REPRESENTATION_CONTEXT('2D SPACE',''
  ) );
#13235 = PCURVE('',#13064,#13236);
#13236 = DEFINITIONAL_REPRESENTATION('',(#13237),#13241);
#13237 = LINE('',#13238,#13239);
#13238 = CARTESIAN_POINT('',(0.24,2.187001953125));
#13239 = VECTOR('',#13240,1.);
#13240 = DIRECTION('',(1.,0.));
#13241 = ( GEOMETRIC_REPRESENTATION_CONTEXT(2) 
PARAMETRIC_REPRESENTATION_CONTEXT() REPRESENTATION_CONTEXT('2D SPACE',''
  ) );
#13242 = ORIENTED_EDGE('',*,*,#13243,.T.);
#13243 = EDGE_CURVE('',#13221,#6763,#13244,.T.);
#13244 = SURFACE_CURVE('',#13245,(#13249,#13256),.PCURVE_S1.);
#13245 = LINE('',#13246,#13247);
#13246 = CARTESIAN_POINT('',(88.314501953125,-28.56299819946,32.9));
#13247 = VECTOR('',#13248,1.);
#13248 = DIRECTION('',(0.,0.,1.));
#13249 = PCURVE('',#6803,#13250);
#13250 = DEFINITIONAL_REPRESENTATION('',(#13251),#13255);
#13251 = LINE('',#13252,#13253);
#13252 = CARTESIAN_POINT('',(0.,0.));
#13253 = VECTOR('',#13254,1.);
#13254 = DIRECTION('',(0.,-1.));
#13255 = ( GEOMETRIC_REPRESENTATION_CONTEXT(2) 
PARAMETRIC_REPRESENTATION_CONTEXT() REPRESENTATION_CONTEXT('2D SPACE',''
  ) );
#13256 = PCURVE('',#6777,#13257);
#13257 = DEFINITIONAL_REPRESENTATION('',(#13258),#13262);
#13258 = LINE('',#13259,#13260);
#13259 = CARTESIAN_POINT('',(2.187001953125,0.));
#13260 = VECTOR('',#13261,1.);
#13261 = DIRECTION('',(0.,-1.));
#13262 = ( GEOMETRIC_REPRESENTATION_CONTEXT(2) 
PARAMETRIC_REPRESENTATION_CONTEXT() REPRESENTATION_CONTEXT('2D SPACE',''
  ) );
#13263 = ORIENTED_EDGE('',*,*,#6788,.F.);
#13264 = ORIENTED_EDGE('',*,*,#13194,.F.);
#13265 = ADVANCED_FACE('',(#13266),#6777,.F.);
#13266 = FACE_BOUND('',#13267,.F.);
#13267 = EDGE_LOOP('',(#13268,#13291,#13312,#13313));
#13268 = ORIENTED_EDGE('',*,*,#13269,.F.);
#13269 = EDGE_CURVE('',#13270,#13221,#13272,.T.);
#13270 = VERTEX_POINT('',#13271);
#13271 = CARTESIAN_POINT('',(88.314501953125,-30.75000015258,32.9));
#13272 = SURFACE_CURVE('',#13273,(#13277,#13284),.PCURVE_S1.);
#13273 = LINE('',#13274,#13275);
#13274 = CARTESIAN_POINT('',(88.314501953125,-30.75000015258,32.9));
#13275 = VECTOR('',#13276,1.);
#13276 = DIRECTION('',(0.,1.,0.));
#13277 = PCURVE('',#6777,#13278);
#13278 = DEFINITIONAL_REPRESENTATION('',(#13279),#13283);
#13279 = LINE('',#13280,#13281);
#13280 = CARTESIAN_POINT('',(0.,0.));
#13281 = VECTOR('',#13282,1.);
#13282 = DIRECTION('',(1.,0.));
#13283 = ( GEOMETRIC_REPRESENTATION_CONTEXT(2) 
PARAMETRIC_REPRESENTATION_CONTEXT() REPRESENTATION_CONTEXT('2D SPACE',''
  ) );
#13284 = PCURVE('',#13064,#13285);
#13285 = DEFINITIONAL_REPRESENTATION('',(#13286),#13290);
#13286 = LINE('',#13287,#13288);
#13287 = CARTESIAN_POINT('',(0.24,0.));
#13288 = VECTOR('',#13289,1.);
#13289 = DIRECTION('',(0.,1.));
#13290 = ( GEOMETRIC_REPRESENTATION_CONTEXT(2) 
PARAMETRIC_REPRESENTATION_CONTEXT() REPRESENTATION_CONTEXT('2D SPACE',''
  ) );
#13291 = ORIENTED_EDGE('',*,*,#13292,.T.);
#13292 = EDGE_CURVE('',#13270,#6737,#13293,.T.);
#13293 = SURFACE_CURVE('',#13294,(#13298,#13305),.PCURVE_S1.);
#13294 = LINE('',#13295,#13296);
#13295 = CARTESIAN_POINT('',(88.314501953125,-30.75000015258,32.9));
#13296 = VECTOR('',#13297,1.);
#13297 = DIRECTION('',(0.,0.,1.));
#13298 = PCURVE('',#6777,#13299);
#13299 = DEFINITIONAL_REPRESENTATION('',(#13300),#13304);
#13300 = LINE('',#13301,#13302);
#13301 = CARTESIAN_POINT('',(0.,0.));
#13302 = VECTOR('',#13303,1.);
#13303 = DIRECTION('',(0.,-1.));
#13304 = ( GEOMETRIC_REPRESENTATION_CONTEXT(2) 
PARAMETRIC_REPRESENTATION_CONTEXT() REPRESENTATION_CONTEXT('2D SPACE',''
  ) );
#13305 = PCURVE('',#6751,#13306);
#13306 = DEFINITIONAL_REPRESENTATION('',(#13307),#13311);
#13307 = LINE('',#13308,#13309);
#13308 = CARTESIAN_POINT('',(0.26400390625,0.));
#13309 = VECTOR('',#13310,1.);
#13310 = DIRECTION('',(0.,-1.));
#13311 = ( GEOMETRIC_REPRESENTATION_CONTEXT(2) 
PARAMETRIC_REPRESENTATION_CONTEXT() REPRESENTATION_CONTEXT('2D SPACE',''
  ) );
#13312 = ORIENTED_EDGE('',*,*,#6762,.F.);
#13313 = ORIENTED_EDGE('',*,*,#13243,.F.);
#13314 = ADVANCED_FACE('',(#13315),#6751,.F.);
#13315 = FACE_BOUND('',#13316,.F.);
#13316 = EDGE_LOOP('',(#13317,#13340,#13361,#13362));
#13317 = ORIENTED_EDGE('',*,*,#13318,.F.);
#13318 = EDGE_CURVE('',#13319,#13270,#13321,.T.);
#13319 = VERTEX_POINT('',#13320);
#13320 = CARTESIAN_POINT('',(88.578505859375,-30.75000015258,32.9));
#13321 = SURFACE_CURVE('',#13322,(#13326,#13333),.PCURVE_S1.);
#13322 = LINE('',#13323,#13324);
#13323 = CARTESIAN_POINT('',(88.578505859375,-30.75000015258,32.9));
#13324 = VECTOR('',#13325,1.);
#13325 = DIRECTION('',(-1.,0.,0.));
#13326 = PCURVE('',#6751,#13327);
#13327 = DEFINITIONAL_REPRESENTATION('',(#13328),#13332);
#13328 = LINE('',#13329,#13330);
#13329 = CARTESIAN_POINT('',(0.,-0.));
#13330 = VECTOR('',#13331,1.);
#13331 = DIRECTION('',(1.,0.));
#13332 = ( GEOMETRIC_REPRESENTATION_CONTEXT(2) 
PARAMETRIC_REPRESENTATION_CONTEXT() REPRESENTATION_CONTEXT('2D SPACE',''
  ) );
#13333 = PCURVE('',#13064,#13334);
#13334 = DEFINITIONAL_REPRESENTATION('',(#13335),#13339);
#13335 = LINE('',#13336,#13337);
#13336 = CARTESIAN_POINT('',(0.50400390625,0.));
#13337 = VECTOR('',#13338,1.);
#13338 = DIRECTION('',(-1.,0.));
#13339 = ( GEOMETRIC_REPRESENTATION_CONTEXT(2) 
PARAMETRIC_REPRESENTATION_CONTEXT() REPRESENTATION_CONTEXT('2D SPACE',''
  ) );
#13340 = ORIENTED_EDGE('',*,*,#13341,.T.);
#13341 = EDGE_CURVE('',#13319,#6711,#13342,.T.);
#13342 = SURFACE_CURVE('',#13343,(#13347,#13354),.PCURVE_S1.);
#13343 = LINE('',#13344,#13345);
#13344 = CARTESIAN_POINT('',(88.578505859375,-30.75000015258,32.9));
#13345 = VECTOR('',#13346,1.);
#13346 = DIRECTION('',(0.,0.,1.));
#13347 = PCURVE('',#6751,#13348);
#13348 = DEFINITIONAL_REPRESENTATION('',(#13349),#13353);
#13349 = LINE('',#13350,#13351);
#13350 = CARTESIAN_POINT('',(0.,-0.));
#13351 = VECTOR('',#13352,1.);
#13352 = DIRECTION('',(0.,-1.));
#13353 = ( GEOMETRIC_REPRESENTATION_CONTEXT(2) 
PARAMETRIC_REPRESENTATION_CONTEXT() REPRESENTATION_CONTEXT('2D SPACE',''
  ) );
#13354 = PCURVE('',#6725,#13355);
#13355 = DEFINITIONAL_REPRESENTATION('',(#13356),#13360);
#13356 = LINE('',#13357,#13358);
#13357 = CARTESIAN_POINT('',(1.772998046875,0.));
#13358 = VECTOR('',#13359,1.);
#13359 = DIRECTION('',(0.,-1.));
#13360 = ( GEOMETRIC_REPRESENTATION_CONTEXT(2) 
PARAMETRIC_REPRESENTATION_CONTEXT() REPRESENTATION_CONTEXT('2D SPACE',''
  ) );
#13361 = ORIENTED_EDGE('',*,*,#6736,.F.);
#13362 = ORIENTED_EDGE('',*,*,#13292,.F.);
#13363 = ADVANCED_FACE('',(#13364),#6725,.F.);
#13364 = FACE_BOUND('',#13365,.F.);
#13365 = EDGE_LOOP('',(#13366,#13389,#13410,#13411));
#13366 = ORIENTED_EDGE('',*,*,#13367,.F.);
#13367 = EDGE_CURVE('',#13368,#13319,#13370,.T.);
#13368 = VERTEX_POINT('',#13369);
#13369 = CARTESIAN_POINT('',(88.578505859375,-28.97700210571,32.9));
#13370 = SURFACE_CURVE('',#13371,(#13375,#13382),.PCURVE_S1.);
#13371 = LINE('',#13372,#13373);
#13372 = CARTESIAN_POINT('',(88.578505859375,-28.97700210571,32.9));
#13373 = VECTOR('',#13374,1.);
#13374 = DIRECTION('',(0.,-1.,0.));
#13375 = PCURVE('',#6725,#13376);
#13376 = DEFINITIONAL_REPRESENTATION('',(#13377),#13381);
#13377 = LINE('',#13378,#13379);
#13378 = CARTESIAN_POINT('',(0.,0.));
#13379 = VECTOR('',#13380,1.);
#13380 = DIRECTION('',(1.,0.));
#13381 = ( GEOMETRIC_REPRESENTATION_CONTEXT(2) 
PARAMETRIC_REPRESENTATION_CONTEXT() REPRESENTATION_CONTEXT('2D SPACE',''
  ) );
#13382 = PCURVE('',#13064,#13383);
#13383 = DEFINITIONAL_REPRESENTATION('',(#13384),#13388);
#13384 = LINE('',#13385,#13386);
#13385 = CARTESIAN_POINT('',(0.50400390625,1.772998046875));
#13386 = VECTOR('',#13387,1.);
#13387 = DIRECTION('',(0.,-1.));
#13388 = ( GEOMETRIC_REPRESENTATION_CONTEXT(2) 
PARAMETRIC_REPRESENTATION_CONTEXT() REPRESENTATION_CONTEXT('2D SPACE',''
  ) );
#13389 = ORIENTED_EDGE('',*,*,#13390,.T.);
#13390 = EDGE_CURVE('',#13368,#6685,#13391,.T.);
#13391 = SURFACE_CURVE('',#13392,(#13396,#13403),.PCURVE_S1.);
#13392 = LINE('',#13393,#13394);
#13393 = CARTESIAN_POINT('',(88.578505859375,-28.97700210571,32.9));
#13394 = VECTOR('',#13395,1.);
#13395 = DIRECTION('',(0.,0.,1.));
#13396 = PCURVE('',#6725,#13397);
#13397 = DEFINITIONAL_REPRESENTATION('',(#13398),#13402);
#13398 = LINE('',#13399,#13400);
#13399 = CARTESIAN_POINT('',(0.,0.));
#13400 = VECTOR('',#13401,1.);
#13401 = DIRECTION('',(0.,-1.));
#13402 = ( GEOMETRIC_REPRESENTATION_CONTEXT(2) 
PARAMETRIC_REPRESENTATION_CONTEXT() REPRESENTATION_CONTEXT('2D SPACE',''
  ) );
#13403 = PCURVE('',#6699,#13404);
#13404 = DEFINITIONAL_REPRESENTATION('',(#13405),#13409);
#13405 = LINE('',#13406,#13407);
#13406 = CARTESIAN_POINT('',(2.103015510713,0.));
#13407 = VECTOR('',#13408,1.);
#13408 = DIRECTION('',(0.,-1.));
#13409 = ( GEOMETRIC_REPRESENTATION_CONTEXT(2) 
PARAMETRIC_REPRESENTATION_CONTEXT() REPRESENTATION_CONTEXT('2D SPACE',''
  ) );
#13410 = ORIENTED_EDGE('',*,*,#6710,.F.);
#13411 = ORIENTED_EDGE('',*,*,#13341,.F.);
#13412 = ADVANCED_FACE('',(#13413),#6699,.F.);
#13413 = FACE_BOUND('',#13414,.F.);
#13414 = EDGE_LOOP('',(#13415,#13438,#13459,#13460));
#13415 = ORIENTED_EDGE('',*,*,#13416,.F.);
#13416 = EDGE_CURVE('',#13417,#13368,#13419,.T.);
#13417 = VERTEX_POINT('',#13418);
#13418 = CARTESIAN_POINT('',(89.709501953125,-30.75000015258,32.9));
#13419 = SURFACE_CURVE('',#13420,(#13424,#13431),.PCURVE_S1.);
#13420 = LINE('',#13421,#13422);
#13421 = CARTESIAN_POINT('',(89.709501953125,-30.75000015258,32.9));
#13422 = VECTOR('',#13423,1.);
#13423 = DIRECTION('',(-0.537797314375,0.84307416557,0.));
#13424 = PCURVE('',#6699,#13425);
#13425 = DEFINITIONAL_REPRESENTATION('',(#13426),#13430);
#13426 = LINE('',#13427,#13428);
#13427 = CARTESIAN_POINT('',(0.,0.));
#13428 = VECTOR('',#13429,1.);
#13429 = DIRECTION('',(1.,0.));
#13430 = ( GEOMETRIC_REPRESENTATION_CONTEXT(2) 
PARAMETRIC_REPRESENTATION_CONTEXT() REPRESENTATION_CONTEXT('2D SPACE',''
  ) );
#13431 = PCURVE('',#13064,#13432);
#13432 = DEFINITIONAL_REPRESENTATION('',(#13433),#13437);
#13433 = LINE('',#13434,#13435);
#13434 = CARTESIAN_POINT('',(1.635,0.));
#13435 = VECTOR('',#13436,1.);
#13436 = DIRECTION('',(-0.537797314375,0.84307416557));
#13437 = ( GEOMETRIC_REPRESENTATION_CONTEXT(2) 
PARAMETRIC_REPRESENTATION_CONTEXT() REPRESENTATION_CONTEXT('2D SPACE',''
  ) );
#13438 = ORIENTED_EDGE('',*,*,#13439,.T.);
#13439 = EDGE_CURVE('',#13417,#6659,#13440,.T.);
#13440 = SURFACE_CURVE('',#13441,(#13445,#13452),.PCURVE_S1.);
#13441 = LINE('',#13442,#13443);
#13442 = CARTESIAN_POINT('',(89.709501953125,-30.75000015258,32.9));
#13443 = VECTOR('',#13444,1.);
#13444 = DIRECTION('',(0.,0.,1.));
#13445 = PCURVE('',#6699,#13446);
#13446 = DEFINITIONAL_REPRESENTATION('',(#13447),#13451);
#13447 = LINE('',#13448,#13449);
#13448 = CARTESIAN_POINT('',(0.,0.));
#13449 = VECTOR('',#13450,1.);
#13450 = DIRECTION('',(0.,-1.));
#13451 = ( GEOMETRIC_REPRESENTATION_CONTEXT(2) 
PARAMETRIC_REPRESENTATION_CONTEXT() REPRESENTATION_CONTEXT('2D SPACE',''
  ) );
#13452 = PCURVE('',#6673,#13453);
#13453 = DEFINITIONAL_REPRESENTATION('',(#13454),#13458);
#13454 = LINE('',#13455,#13456);
#13455 = CARTESIAN_POINT('',(0.315,0.));
#13456 = VECTOR('',#13457,1.);
#13457 = DIRECTION('',(0.,-1.));
#13458 = ( GEOMETRIC_REPRESENTATION_CONTEXT(2) 
PARAMETRIC_REPRESENTATION_CONTEXT() REPRESENTATION_CONTEXT('2D SPACE',''
  ) );
#13459 = ORIENTED_EDGE('',*,*,#6684,.F.);
#13460 = ORIENTED_EDGE('',*,*,#13390,.F.);
#13461 = ADVANCED_FACE('',(#13462),#6673,.F.);
#13462 = FACE_BOUND('',#13463,.F.);
#13463 = EDGE_LOOP('',(#13464,#13487,#13508,#13509));
#13464 = ORIENTED_EDGE('',*,*,#13465,.F.);
#13465 = EDGE_CURVE('',#13466,#13417,#13468,.T.);
#13466 = VERTEX_POINT('',#13467);
#13467 = CARTESIAN_POINT('',(90.024501953125,-30.75000015258,32.9));
#13468 = SURFACE_CURVE('',#13469,(#13473,#13480),.PCURVE_S1.);
#13469 = LINE('',#13470,#13471);
#13470 = CARTESIAN_POINT('',(90.024501953125,-30.75000015258,32.9));
#13471 = VECTOR('',#13472,1.);
#13472 = DIRECTION('',(-1.,0.,0.));
#13473 = PCURVE('',#6673,#13474);
#13474 = DEFINITIONAL_REPRESENTATION('',(#13475),#13479);
#13475 = LINE('',#13476,#13477);
#13476 = CARTESIAN_POINT('',(0.,-0.));
#13477 = VECTOR('',#13478,1.);
#13478 = DIRECTION('',(1.,0.));
#13479 = ( GEOMETRIC_REPRESENTATION_CONTEXT(2) 
PARAMETRIC_REPRESENTATION_CONTEXT() REPRESENTATION_CONTEXT('2D SPACE',''
  ) );
#13480 = PCURVE('',#13064,#13481);
#13481 = DEFINITIONAL_REPRESENTATION('',(#13482),#13486);
#13482 = LINE('',#13483,#13484);
#13483 = CARTESIAN_POINT('',(1.95,0.));
#13484 = VECTOR('',#13485,1.);
#13485 = DIRECTION('',(-1.,0.));
#13486 = ( GEOMETRIC_REPRESENTATION_CONTEXT(2) 
PARAMETRIC_REPRESENTATION_CONTEXT() REPRESENTATION_CONTEXT('2D SPACE',''
  ) );
#13487 = ORIENTED_EDGE('',*,*,#13488,.T.);
#13488 = EDGE_CURVE('',#13466,#6633,#13489,.T.);
#13489 = SURFACE_CURVE('',#13490,(#13494,#13501),.PCURVE_S1.);
#13490 = LINE('',#13491,#13492);
#13491 = CARTESIAN_POINT('',(90.024501953125,-30.75000015258,32.9));
#13492 = VECTOR('',#13493,1.);
#13493 = DIRECTION('',(0.,0.,1.));
#13494 = PCURVE('',#6673,#13495);
#13495 = DEFINITIONAL_REPRESENTATION('',(#13496),#13500);
#13496 = LINE('',#13497,#13498);
#13497 = CARTESIAN_POINT('',(0.,-0.));
#13498 = VECTOR('',#13499,1.);
#13499 = DIRECTION('',(0.,-1.));
#13500 = ( GEOMETRIC_REPRESENTATION_CONTEXT(2) 
PARAMETRIC_REPRESENTATION_CONTEXT() REPRESENTATION_CONTEXT('2D SPACE',''
  ) );
#13501 = PCURVE('',#6647,#13502);
#13502 = DEFINITIONAL_REPRESENTATION('',(#13503),#13507);
#13503 = LINE('',#13504,#13505);
#13504 = CARTESIAN_POINT('',(2.187001953125,0.));
#13505 = VECTOR('',#13506,1.);
#13506 = DIRECTION('',(0.,-1.));
#13507 = ( GEOMETRIC_REPRESENTATION_CONTEXT(2) 
PARAMETRIC_REPRESENTATION_CONTEXT() REPRESENTATION_CONTEXT('2D SPACE',''
  ) );
#13508 = ORIENTED_EDGE('',*,*,#6658,.F.);
#13509 = ORIENTED_EDGE('',*,*,#13439,.F.);
#13510 = ADVANCED_FACE('',(#13511),#6647,.F.);
#13511 = FACE_BOUND('',#13512,.F.);
#13512 = EDGE_LOOP('',(#13513,#13534,#13535,#13536));
#13513 = ORIENTED_EDGE('',*,*,#13514,.F.);
#13514 = EDGE_CURVE('',#13049,#13466,#13515,.T.);
#13515 = SURFACE_CURVE('',#13516,(#13520,#13527),.PCURVE_S1.);
#13516 = LINE('',#13517,#13518);
#13517 = CARTESIAN_POINT('',(90.024501953125,-28.56299819946,32.9));
#13518 = VECTOR('',#13519,1.);
#13519 = DIRECTION('',(0.,-1.,0.));
#13520 = PCURVE('',#6647,#13521);
#13521 = DEFINITIONAL_REPRESENTATION('',(#13522),#13526);
#13522 = LINE('',#13523,#13524);
#13523 = CARTESIAN_POINT('',(0.,0.));
#13524 = VECTOR('',#13525,1.);
#13525 = DIRECTION('',(1.,0.));
#13526 = ( GEOMETRIC_REPRESENTATION_CONTEXT(2) 
PARAMETRIC_REPRESENTATION_CONTEXT() REPRESENTATION_CONTEXT('2D SPACE',''
  ) );
#13527 = PCURVE('',#13064,#13528);
#13528 = DEFINITIONAL_REPRESENTATION('',(#13529),#13533);
#13529 = LINE('',#13530,#13531);
#13530 = CARTESIAN_POINT('',(1.95,2.187001953125));
#13531 = VECTOR('',#13532,1.);
#13532 = DIRECTION('',(0.,-1.));
#13533 = ( GEOMETRIC_REPRESENTATION_CONTEXT(2) 
PARAMETRIC_REPRESENTATION_CONTEXT() REPRESENTATION_CONTEXT('2D SPACE',''
  ) );
#13534 = ORIENTED_EDGE('',*,*,#13098,.T.);
#13535 = ORIENTED_EDGE('',*,*,#6632,.F.);
#13536 = ORIENTED_EDGE('',*,*,#13488,.F.);
#13537 = ADVANCED_FACE('',(#13538),#6883,.F.);
#13538 = FACE_BOUND('',#13539,.F.);
#13539 = EDGE_LOOP('',(#13540,#13570,#13591,#13592));
#13540 = ORIENTED_EDGE('',*,*,#13541,.F.);
#13541 = EDGE_CURVE('',#13542,#13544,#13546,.T.);
#13542 = VERTEX_POINT('',#13543);
#13543 = CARTESIAN_POINT('',(92.040498046875,-28.80900405883,32.9));
#13544 = VERTEX_POINT('',#13545);
#13545 = CARTESIAN_POINT('',(91.323505859375,-28.80900405883,32.9));
#13546 = SURFACE_CURVE('',#13547,(#13551,#13558),.PCURVE_S1.);
#13547 = LINE('',#13548,#13549);
#13548 = CARTESIAN_POINT('',(92.040498046875,-28.80900405883,32.9));
#13549 = VECTOR('',#13550,1.);
#13550 = DIRECTION('',(-1.,0.,0.));
#13551 = PCURVE('',#6883,#13552);
#13552 = DEFINITIONAL_REPRESENTATION('',(#13553),#13557);
#13553 = LINE('',#13554,#13555);
#13554 = CARTESIAN_POINT('',(0.,-0.));
#13555 = VECTOR('',#13556,1.);
#13556 = DIRECTION('',(1.,0.));
#13557 = ( GEOMETRIC_REPRESENTATION_CONTEXT(2) 
PARAMETRIC_REPRESENTATION_CONTEXT() REPRESENTATION_CONTEXT('2D SPACE',''
  ) );
#13558 = PCURVE('',#13559,#13564);
#13559 = PLANE('',#13560);
#13560 = AXIS2_PLACEMENT_3D('',#13561,#13562,#13563);
#13561 = CARTESIAN_POINT('',(90.234501953125,-30.75000015258,32.9));
#13562 = DIRECTION('',(0.,0.,1.));
#13563 = DIRECTION('',(1.,0.,0.));
#13564 = DEFINITIONAL_REPRESENTATION('',(#13565),#13569);
#13565 = LINE('',#13566,#13567);
#13566 = CARTESIAN_POINT('',(1.80599609375,1.94099609375));
#13567 = VECTOR('',#13568,1.);
#13568 = DIRECTION('',(-1.,0.));
#13569 = ( GEOMETRIC_REPRESENTATION_CONTEXT(2) 
PARAMETRIC_REPRESENTATION_CONTEXT() REPRESENTATION_CONTEXT('2D SPACE',''
  ) );
#13570 = ORIENTED_EDGE('',*,*,#13571,.T.);
#13571 = EDGE_CURVE('',#13542,#6869,#13572,.T.);
#13572 = SURFACE_CURVE('',#13573,(#13577,#13584),.PCURVE_S1.);
#13573 = LINE('',#13574,#13575);
#13574 = CARTESIAN_POINT('',(92.040498046875,-28.80900405883,32.9));
#13575 = VECTOR('',#13576,1.);
#13576 = DIRECTION('',(0.,0.,1.));
#13577 = PCURVE('',#6883,#13578);
#13578 = DEFINITIONAL_REPRESENTATION('',(#13579),#13583);
#13579 = LINE('',#13580,#13581);
#13580 = CARTESIAN_POINT('',(0.,-0.));
#13581 = VECTOR('',#13582,1.);
#13582 = DIRECTION('',(0.,-1.));
#13583 = ( GEOMETRIC_REPRESENTATION_CONTEXT(2) 
PARAMETRIC_REPRESENTATION_CONTEXT() REPRESENTATION_CONTEXT('2D SPACE',''
  ) );
#13584 = PCURVE('',#7063,#13585);
#13585 = DEFINITIONAL_REPRESENTATION('',(#13586),#13590);
#13586 = LINE('',#13587,#13588);
#13587 = CARTESIAN_POINT('',(0.246005859375,0.));
#13588 = VECTOR('',#13589,1.);
#13589 = DIRECTION('',(0.,-1.));
#13590 = ( GEOMETRIC_REPRESENTATION_CONTEXT(2) 
PARAMETRIC_REPRESENTATION_CONTEXT() REPRESENTATION_CONTEXT('2D SPACE',''
  ) );
#13591 = ORIENTED_EDGE('',*,*,#6866,.F.);
#13592 = ORIENTED_EDGE('',*,*,#13593,.F.);
#13593 = EDGE_CURVE('',#13544,#6867,#13594,.T.);
#13594 = SURFACE_CURVE('',#13595,(#13599,#13606),.PCURVE_S1.);
#13595 = LINE('',#13596,#13597);
#13596 = CARTESIAN_POINT('',(91.323505859375,-28.80900405883,32.9));
#13597 = VECTOR('',#13598,1.);
#13598 = DIRECTION('',(0.,0.,1.));
#13599 = PCURVE('',#6883,#13600);
#13600 = DEFINITIONAL_REPRESENTATION('',(#13601),#13605);
#13601 = LINE('',#13602,#13603);
#13602 = CARTESIAN_POINT('',(0.7169921875,0.));
#13603 = VECTOR('',#13604,1.);
#13604 = DIRECTION('',(0.,-1.));
#13605 = ( GEOMETRIC_REPRESENTATION_CONTEXT(2) 
PARAMETRIC_REPRESENTATION_CONTEXT() REPRESENTATION_CONTEXT('2D SPACE',''
  ) );
#13606 = PCURVE('',#6909,#13607);
#13607 = DEFINITIONAL_REPRESENTATION('',(#13608),#13612);
#13608 = LINE('',#13609,#13610);
#13609 = CARTESIAN_POINT('',(0.,0.));
#13610 = VECTOR('',#13611,1.);
#13611 = DIRECTION('',(0.,-1.));
#13612 = ( GEOMETRIC_REPRESENTATION_CONTEXT(2) 
PARAMETRIC_REPRESENTATION_CONTEXT() REPRESENTATION_CONTEXT('2D SPACE',''
  ) );
#13613 = ADVANCED_FACE('',(#13614),#7063,.F.);
#13614 = FACE_BOUND('',#13615,.F.);
#13615 = EDGE_LOOP('',(#13616,#13639,#13660,#13661));
#13616 = ORIENTED_EDGE('',*,*,#13617,.F.);
#13617 = EDGE_CURVE('',#13618,#13542,#13620,.T.);
#13618 = VERTEX_POINT('',#13619);
#13619 = CARTESIAN_POINT('',(92.040498046875,-28.56299819946,32.9));
#13620 = SURFACE_CURVE('',#13621,(#13625,#13632),.PCURVE_S1.);
#13621 = LINE('',#13622,#13623);
#13622 = CARTESIAN_POINT('',(92.040498046875,-28.56299819946,32.9));
#13623 = VECTOR('',#13624,1.);
#13624 = DIRECTION('',(0.,-1.,0.));
#13625 = PCURVE('',#7063,#13626);
#13626 = DEFINITIONAL_REPRESENTATION('',(#13627),#13631);
#13627 = LINE('',#13628,#13629);
#13628 = CARTESIAN_POINT('',(0.,0.));
#13629 = VECTOR('',#13630,1.);
#13630 = DIRECTION('',(1.,0.));
#13631 = ( GEOMETRIC_REPRESENTATION_CONTEXT(2) 
PARAMETRIC_REPRESENTATION_CONTEXT() REPRESENTATION_CONTEXT('2D SPACE',''
  ) );
#13632 = PCURVE('',#13559,#13633);
#13633 = DEFINITIONAL_REPRESENTATION('',(#13634),#13638);
#13634 = LINE('',#13635,#13636);
#13635 = CARTESIAN_POINT('',(1.80599609375,2.187001953125));
#13636 = VECTOR('',#13637,1.);
#13637 = DIRECTION('',(0.,-1.));
#13638 = ( GEOMETRIC_REPRESENTATION_CONTEXT(2) 
PARAMETRIC_REPRESENTATION_CONTEXT() REPRESENTATION_CONTEXT('2D SPACE',''
  ) );
#13639 = ORIENTED_EDGE('',*,*,#13640,.T.);
#13640 = EDGE_CURVE('',#13618,#7025,#13641,.T.);
#13641 = SURFACE_CURVE('',#13642,(#13646,#13653),.PCURVE_S1.);
#13642 = LINE('',#13643,#13644);
#13643 = CARTESIAN_POINT('',(92.040498046875,-28.56299819946,32.9));
#13644 = VECTOR('',#13645,1.);
#13645 = DIRECTION('',(0.,0.,1.));
#13646 = PCURVE('',#7063,#13647);
#13647 = DEFINITIONAL_REPRESENTATION('',(#13648),#13652);
#13648 = LINE('',#13649,#13650);
#13649 = CARTESIAN_POINT('',(0.,0.));
#13650 = VECTOR('',#13651,1.);
#13651 = DIRECTION('',(0.,-1.));
#13652 = ( GEOMETRIC_REPRESENTATION_CONTEXT(2) 
PARAMETRIC_REPRESENTATION_CONTEXT() REPRESENTATION_CONTEXT('2D SPACE',''
  ) );
#13653 = PCURVE('',#7039,#13654);
#13654 = DEFINITIONAL_REPRESENTATION('',(#13655),#13659);
#13655 = LINE('',#13656,#13657);
#13656 = CARTESIAN_POINT('',(1.71599609375,0.));
#13657 = VECTOR('',#13658,1.);
#13658 = DIRECTION('',(0.,-1.));
#13659 = ( GEOMETRIC_REPRESENTATION_CONTEXT(2) 
PARAMETRIC_REPRESENTATION_CONTEXT() REPRESENTATION_CONTEXT('2D SPACE',''
  ) );
#13660 = ORIENTED_EDGE('',*,*,#7050,.F.);
#13661 = ORIENTED_EDGE('',*,*,#13571,.F.);
#13662 = ADVANCED_FACE('',(#13663),#7039,.F.);
#13663 = FACE_BOUND('',#13664,.F.);
#13664 = EDGE_LOOP('',(#13665,#13688,#13709,#13710));
#13665 = ORIENTED_EDGE('',*,*,#13666,.F.);
#13666 = EDGE_CURVE('',#13667,#13618,#13669,.T.);
#13667 = VERTEX_POINT('',#13668);
#13668 = CARTESIAN_POINT('',(90.324501953125,-28.56299819946,32.9));
#13669 = SURFACE_CURVE('',#13670,(#13674,#13681),.PCURVE_S1.);
#13670 = LINE('',#13671,#13672);
#13671 = CARTESIAN_POINT('',(90.324501953125,-28.56299819946,32.9));
#13672 = VECTOR('',#13673,1.);
#13673 = DIRECTION('',(1.,0.,0.));
#13674 = PCURVE('',#7039,#13675);
#13675 = DEFINITIONAL_REPRESENTATION('',(#13676),#13680);
#13676 = LINE('',#13677,#13678);
#13677 = CARTESIAN_POINT('',(1.42108547152E-14,0.));
#13678 = VECTOR('',#13679,1.);
#13679 = DIRECTION('',(1.,0.));
#13680 = ( GEOMETRIC_REPRESENTATION_CONTEXT(2) 
PARAMETRIC_REPRESENTATION_CONTEXT() REPRESENTATION_CONTEXT('2D SPACE',''
  ) );
#13681 = PCURVE('',#13559,#13682);
#13682 = DEFINITIONAL_REPRESENTATION('',(#13683),#13687);
#13683 = LINE('',#13684,#13685);
#13684 = CARTESIAN_POINT('',(9.E-02,2.187001953125));
#13685 = VECTOR('',#13686,1.);
#13686 = DIRECTION('',(1.,0.));
#13687 = ( GEOMETRIC_REPRESENTATION_CONTEXT(2) 
PARAMETRIC_REPRESENTATION_CONTEXT() REPRESENTATION_CONTEXT('2D SPACE',''
  ) );
#13688 = ORIENTED_EDGE('',*,*,#13689,.T.);
#13689 = EDGE_CURVE('',#13667,#6999,#13690,.T.);
#13690 = SURFACE_CURVE('',#13691,(#13695,#13702),.PCURVE_S1.);
#13691 = LINE('',#13692,#13693);
#13692 = CARTESIAN_POINT('',(90.324501953125,-28.56299819946,32.9));
#13693 = VECTOR('',#13694,1.);
#13694 = DIRECTION('',(0.,0.,1.));
#13695 = PCURVE('',#7039,#13696);
#13696 = DEFINITIONAL_REPRESENTATION('',(#13697),#13701);
#13697 = LINE('',#13698,#13699);
#13698 = CARTESIAN_POINT('',(0.,0.));
#13699 = VECTOR('',#13700,1.);
#13700 = DIRECTION('',(0.,-1.));
#13701 = ( GEOMETRIC_REPRESENTATION_CONTEXT(2) 
PARAMETRIC_REPRESENTATION_CONTEXT() REPRESENTATION_CONTEXT('2D SPACE',''
  ) );
#13702 = PCURVE('',#7013,#13703);
#13703 = DEFINITIONAL_REPRESENTATION('',(#13704),#13708);
#13704 = LINE('',#13705,#13706);
#13705 = CARTESIAN_POINT('',(0.246005859375,0.));
#13706 = VECTOR('',#13707,1.);
#13707 = DIRECTION('',(0.,-1.));
#13708 = ( GEOMETRIC_REPRESENTATION_CONTEXT(2) 
PARAMETRIC_REPRESENTATION_CONTEXT() REPRESENTATION_CONTEXT('2D SPACE',''
  ) );
#13709 = ORIENTED_EDGE('',*,*,#7024,.F.);
#13710 = ORIENTED_EDGE('',*,*,#13640,.F.);
#13711 = ADVANCED_FACE('',(#13712),#7013,.F.);
#13712 = FACE_BOUND('',#13713,.F.);
#13713 = EDGE_LOOP('',(#13714,#13737,#13758,#13759));
#13714 = ORIENTED_EDGE('',*,*,#13715,.F.);
#13715 = EDGE_CURVE('',#13716,#13667,#13718,.T.);
#13716 = VERTEX_POINT('',#13717);
#13717 = CARTESIAN_POINT('',(90.324501953125,-28.80900405883,32.9));
#13718 = SURFACE_CURVE('',#13719,(#13723,#13730),.PCURVE_S1.);
#13719 = LINE('',#13720,#13721);
#13720 = CARTESIAN_POINT('',(90.324501953125,-28.80900405883,32.9));
#13721 = VECTOR('',#13722,1.);
#13722 = DIRECTION('',(0.,1.,0.));
#13723 = PCURVE('',#7013,#13724);
#13724 = DEFINITIONAL_REPRESENTATION('',(#13725),#13729);
#13725 = LINE('',#13726,#13727);
#13726 = CARTESIAN_POINT('',(0.,0.));
#13727 = VECTOR('',#13728,1.);
#13728 = DIRECTION('',(1.,0.));
#13729 = ( GEOMETRIC_REPRESENTATION_CONTEXT(2) 
PARAMETRIC_REPRESENTATION_CONTEXT() REPRESENTATION_CONTEXT('2D SPACE',''
  ) );
#13730 = PCURVE('',#13559,#13731);
#13731 = DEFINITIONAL_REPRESENTATION('',(#13732),#13736);
#13732 = LINE('',#13733,#13734);
#13733 = CARTESIAN_POINT('',(9.E-02,1.94099609375));
#13734 = VECTOR('',#13735,1.);
#13735 = DIRECTION('',(0.,1.));
#13736 = ( GEOMETRIC_REPRESENTATION_CONTEXT(2) 
PARAMETRIC_REPRESENTATION_CONTEXT() REPRESENTATION_CONTEXT('2D SPACE',''
  ) );
#13737 = ORIENTED_EDGE('',*,*,#13738,.T.);
#13738 = EDGE_CURVE('',#13716,#6973,#13739,.T.);
#13739 = SURFACE_CURVE('',#13740,(#13744,#13751),.PCURVE_S1.);
#13740 = LINE('',#13741,#13742);
#13741 = CARTESIAN_POINT('',(90.324501953125,-28.80900405883,32.9));
#13742 = VECTOR('',#13743,1.);
#13743 = DIRECTION('',(0.,0.,1.));
#13744 = PCURVE('',#7013,#13745);
#13745 = DEFINITIONAL_REPRESENTATION('',(#13746),#13750);
#13746 = LINE('',#13747,#13748);
#13747 = CARTESIAN_POINT('',(0.,0.));
#13748 = VECTOR('',#13749,1.);
#13749 = DIRECTION('',(0.,-1.));
#13750 = ( GEOMETRIC_REPRESENTATION_CONTEXT(2) 
PARAMETRIC_REPRESENTATION_CONTEXT() REPRESENTATION_CONTEXT('2D SPACE',''
  ) );
#13751 = PCURVE('',#6987,#13752);
#13752 = DEFINITIONAL_REPRESENTATION('',(#13753),#13757);
#13753 = LINE('',#13754,#13755);
#13754 = CARTESIAN_POINT('',(0.72,0.));
#13755 = VECTOR('',#13756,1.);
#13756 = DIRECTION('',(0.,-1.));
#13757 = ( GEOMETRIC_REPRESENTATION_CONTEXT(2) 
PARAMETRIC_REPRESENTATION_CONTEXT() REPRESENTATION_CONTEXT('2D SPACE',''
  ) );
#13758 = ORIENTED_EDGE('',*,*,#6998,.F.);
#13759 = ORIENTED_EDGE('',*,*,#13689,.F.);
#13760 = ADVANCED_FACE('',(#13761),#6987,.F.);
#13761 = FACE_BOUND('',#13762,.F.);
#13762 = EDGE_LOOP('',(#13763,#13786,#13807,#13808));
#13763 = ORIENTED_EDGE('',*,*,#13764,.F.);
#13764 = EDGE_CURVE('',#13765,#13716,#13767,.T.);
#13765 = VERTEX_POINT('',#13766);
#13766 = CARTESIAN_POINT('',(91.044501953125,-28.80900405883,32.9));
#13767 = SURFACE_CURVE('',#13768,(#13772,#13779),.PCURVE_S1.);
#13768 = LINE('',#13769,#13770);
#13769 = CARTESIAN_POINT('',(91.044501953125,-28.80900405883,32.9));
#13770 = VECTOR('',#13771,1.);
#13771 = DIRECTION('',(-1.,0.,0.));
#13772 = PCURVE('',#6987,#13773);
#13773 = DEFINITIONAL_REPRESENTATION('',(#13774),#13778);
#13774 = LINE('',#13775,#13776);
#13775 = CARTESIAN_POINT('',(0.,-0.));
#13776 = VECTOR('',#13777,1.);
#13777 = DIRECTION('',(1.,0.));
#13778 = ( GEOMETRIC_REPRESENTATION_CONTEXT(2) 
PARAMETRIC_REPRESENTATION_CONTEXT() REPRESENTATION_CONTEXT('2D SPACE',''
  ) );
#13779 = PCURVE('',#13559,#13780);
#13780 = DEFINITIONAL_REPRESENTATION('',(#13781),#13785);
#13781 = LINE('',#13782,#13783);
#13782 = CARTESIAN_POINT('',(0.81,1.94099609375));
#13783 = VECTOR('',#13784,1.);
#13784 = DIRECTION('',(-1.,0.));
#13785 = ( GEOMETRIC_REPRESENTATION_CONTEXT(2) 
PARAMETRIC_REPRESENTATION_CONTEXT() REPRESENTATION_CONTEXT('2D SPACE',''
  ) );
#13786 = ORIENTED_EDGE('',*,*,#13787,.T.);
#13787 = EDGE_CURVE('',#13765,#6947,#13788,.T.);
#13788 = SURFACE_CURVE('',#13789,(#13793,#13800),.PCURVE_S1.);
#13789 = LINE('',#13790,#13791);
#13790 = CARTESIAN_POINT('',(91.044501953125,-28.80900405883,32.9));
#13791 = VECTOR('',#13792,1.);
#13792 = DIRECTION('',(0.,0.,1.));
#13793 = PCURVE('',#6987,#13794);
#13794 = DEFINITIONAL_REPRESENTATION('',(#13795),#13799);
#13795 = LINE('',#13796,#13797);
#13796 = CARTESIAN_POINT('',(0.,-0.));
#13797 = VECTOR('',#13798,1.);
#13798 = DIRECTION('',(0.,-1.));
#13799 = ( GEOMETRIC_REPRESENTATION_CONTEXT(2) 
PARAMETRIC_REPRESENTATION_CONTEXT() REPRESENTATION_CONTEXT('2D SPACE',''
  ) );
#13800 = PCURVE('',#6961,#13801);
#13801 = DEFINITIONAL_REPRESENTATION('',(#13802),#13806);
#13802 = LINE('',#13803,#13804);
#13803 = CARTESIAN_POINT('',(1.94099609375,0.));
#13804 = VECTOR('',#13805,1.);
#13805 = DIRECTION('',(0.,-1.));
#13806 = ( GEOMETRIC_REPRESENTATION_CONTEXT(2) 
PARAMETRIC_REPRESENTATION_CONTEXT() REPRESENTATION_CONTEXT('2D SPACE',''
  ) );
#13807 = ORIENTED_EDGE('',*,*,#6972,.F.);
#13808 = ORIENTED_EDGE('',*,*,#13738,.F.);
#13809 = ADVANCED_FACE('',(#13810),#6961,.F.);
#13810 = FACE_BOUND('',#13811,.F.);
#13811 = EDGE_LOOP('',(#13812,#13835,#13856,#13857));
#13812 = ORIENTED_EDGE('',*,*,#13813,.F.);
#13813 = EDGE_CURVE('',#13814,#13765,#13816,.T.);
#13814 = VERTEX_POINT('',#13815);
#13815 = CARTESIAN_POINT('',(91.044501953125,-30.75000015258,32.9));
#13816 = SURFACE_CURVE('',#13817,(#13821,#13828),.PCURVE_S1.);
#13817 = LINE('',#13818,#13819);
#13818 = CARTESIAN_POINT('',(91.044501953125,-30.75000015258,32.9));
#13819 = VECTOR('',#13820,1.);
#13820 = DIRECTION('',(0.,1.,0.));
#13821 = PCURVE('',#6961,#13822);
#13822 = DEFINITIONAL_REPRESENTATION('',(#13823),#13827);
#13823 = LINE('',#13824,#13825);
#13824 = CARTESIAN_POINT('',(0.,0.));
#13825 = VECTOR('',#13826,1.);
#13826 = DIRECTION('',(1.,0.));
#13827 = ( GEOMETRIC_REPRESENTATION_CONTEXT(2) 
PARAMETRIC_REPRESENTATION_CONTEXT() REPRESENTATION_CONTEXT('2D SPACE',''
  ) );
#13828 = PCURVE('',#13559,#13829);
#13829 = DEFINITIONAL_REPRESENTATION('',(#13830),#13834);
#13830 = LINE('',#13831,#13832);
#13831 = CARTESIAN_POINT('',(0.81,0.));
#13832 = VECTOR('',#13833,1.);
#13833 = DIRECTION('',(0.,1.));
#13834 = ( GEOMETRIC_REPRESENTATION_CONTEXT(2) 
PARAMETRIC_REPRESENTATION_CONTEXT() REPRESENTATION_CONTEXT('2D SPACE',''
  ) );
#13835 = ORIENTED_EDGE('',*,*,#13836,.T.);
#13836 = EDGE_CURVE('',#13814,#6921,#13837,.T.);
#13837 = SURFACE_CURVE('',#13838,(#13842,#13849),.PCURVE_S1.);
#13838 = LINE('',#13839,#13840);
#13839 = CARTESIAN_POINT('',(91.044501953125,-30.75000015258,32.9));
#13840 = VECTOR('',#13841,1.);
#13841 = DIRECTION('',(0.,0.,1.));
#13842 = PCURVE('',#6961,#13843);
#13843 = DEFINITIONAL_REPRESENTATION('',(#13844),#13848);
#13844 = LINE('',#13845,#13846);
#13845 = CARTESIAN_POINT('',(0.,0.));
#13846 = VECTOR('',#13847,1.);
#13847 = DIRECTION('',(0.,-1.));
#13848 = ( GEOMETRIC_REPRESENTATION_CONTEXT(2) 
PARAMETRIC_REPRESENTATION_CONTEXT() REPRESENTATION_CONTEXT('2D SPACE',''
  ) );
#13849 = PCURVE('',#6935,#13850);
#13850 = DEFINITIONAL_REPRESENTATION('',(#13851),#13855);
#13851 = LINE('',#13852,#13853);
#13852 = CARTESIAN_POINT('',(0.27900390625,0.));
#13853 = VECTOR('',#13854,1.);
#13854 = DIRECTION('',(0.,-1.));
#13855 = ( GEOMETRIC_REPRESENTATION_CONTEXT(2) 
PARAMETRIC_REPRESENTATION_CONTEXT() REPRESENTATION_CONTEXT('2D SPACE',''
  ) );
#13856 = ORIENTED_EDGE('',*,*,#6946,.F.);
#13857 = ORIENTED_EDGE('',*,*,#13787,.F.);
#13858 = ADVANCED_FACE('',(#13859),#6935,.F.);
#13859 = FACE_BOUND('',#13860,.F.);
#13860 = EDGE_LOOP('',(#13861,#13884,#13905,#13906));
#13861 = ORIENTED_EDGE('',*,*,#13862,.F.);
#13862 = EDGE_CURVE('',#13863,#13814,#13865,.T.);
#13863 = VERTEX_POINT('',#13864);
#13864 = CARTESIAN_POINT('',(91.323505859375,-30.75000015258,32.9));
#13865 = SURFACE_CURVE('',#13866,(#13870,#13877),.PCURVE_S1.);
#13866 = LINE('',#13867,#13868);
#13867 = CARTESIAN_POINT('',(91.323505859375,-30.75000015258,32.9));
#13868 = VECTOR('',#13869,1.);
#13869 = DIRECTION('',(-1.,0.,0.));
#13870 = PCURVE('',#6935,#13871);
#13871 = DEFINITIONAL_REPRESENTATION('',(#13872),#13876);
#13872 = LINE('',#13873,#13874);
#13873 = CARTESIAN_POINT('',(0.,-0.));
#13874 = VECTOR('',#13875,1.);
#13875 = DIRECTION('',(1.,0.));
#13876 = ( GEOMETRIC_REPRESENTATION_CONTEXT(2) 
PARAMETRIC_REPRESENTATION_CONTEXT() REPRESENTATION_CONTEXT('2D SPACE',''
  ) );
#13877 = PCURVE('',#13559,#13878);
#13878 = DEFINITIONAL_REPRESENTATION('',(#13879),#13883);
#13879 = LINE('',#13880,#13881);
#13880 = CARTESIAN_POINT('',(1.08900390625,0.));
#13881 = VECTOR('',#13882,1.);
#13882 = DIRECTION('',(-1.,0.));
#13883 = ( GEOMETRIC_REPRESENTATION_CONTEXT(2) 
PARAMETRIC_REPRESENTATION_CONTEXT() REPRESENTATION_CONTEXT('2D SPACE',''
  ) );
#13884 = ORIENTED_EDGE('',*,*,#13885,.T.);
#13885 = EDGE_CURVE('',#13863,#6895,#13886,.T.);
#13886 = SURFACE_CURVE('',#13887,(#13891,#13898),.PCURVE_S1.);
#13887 = LINE('',#13888,#13889);
#13888 = CARTESIAN_POINT('',(91.323505859375,-30.75000015258,32.9));
#13889 = VECTOR('',#13890,1.);
#13890 = DIRECTION('',(0.,0.,1.));
#13891 = PCURVE('',#6935,#13892);
#13892 = DEFINITIONAL_REPRESENTATION('',(#13893),#13897);
#13893 = LINE('',#13894,#13895);
#13894 = CARTESIAN_POINT('',(0.,-0.));
#13895 = VECTOR('',#13896,1.);
#13896 = DIRECTION('',(0.,-1.));
#13897 = ( GEOMETRIC_REPRESENTATION_CONTEXT(2) 
PARAMETRIC_REPRESENTATION_CONTEXT() REPRESENTATION_CONTEXT('2D SPACE',''
  ) );
#13898 = PCURVE('',#6909,#13899);
#13899 = DEFINITIONAL_REPRESENTATION('',(#13900),#13904);
#13900 = LINE('',#13901,#13902);
#13901 = CARTESIAN_POINT('',(1.94099609375,0.));
#13902 = VECTOR('',#13903,1.);
#13903 = DIRECTION('',(0.,-1.));
#13904 = ( GEOMETRIC_REPRESENTATION_CONTEXT(2) 
PARAMETRIC_REPRESENTATION_CONTEXT() REPRESENTATION_CONTEXT('2D SPACE',''
  ) );
#13905 = ORIENTED_EDGE('',*,*,#6920,.F.);
#13906 = ORIENTED_EDGE('',*,*,#13836,.F.);
#13907 = ADVANCED_FACE('',(#13908),#6909,.F.);
#13908 = FACE_BOUND('',#13909,.F.);
#13909 = EDGE_LOOP('',(#13910,#13931,#13932,#13933));
#13910 = ORIENTED_EDGE('',*,*,#13911,.F.);
#13911 = EDGE_CURVE('',#13544,#13863,#13912,.T.);
#13912 = SURFACE_CURVE('',#13913,(#13917,#13924),.PCURVE_S1.);
#13913 = LINE('',#13914,#13915);
#13914 = CARTESIAN_POINT('',(91.323505859375,-28.80900405883,32.9));
#13915 = VECTOR('',#13916,1.);
#13916 = DIRECTION('',(0.,-1.,0.));
#13917 = PCURVE('',#6909,#13918);
#13918 = DEFINITIONAL_REPRESENTATION('',(#13919),#13923);
#13919 = LINE('',#13920,#13921);
#13920 = CARTESIAN_POINT('',(0.,0.));
#13921 = VECTOR('',#13922,1.);
#13922 = DIRECTION('',(1.,0.));
#13923 = ( GEOMETRIC_REPRESENTATION_CONTEXT(2) 
PARAMETRIC_REPRESENTATION_CONTEXT() REPRESENTATION_CONTEXT('2D SPACE',''
  ) );
#13924 = PCURVE('',#13559,#13925);
#13925 = DEFINITIONAL_REPRESENTATION('',(#13926),#13930);
#13926 = LINE('',#13927,#13928);
#13927 = CARTESIAN_POINT('',(1.08900390625,1.94099609375));
#13928 = VECTOR('',#13929,1.);
#13929 = DIRECTION('',(0.,-1.));
#13930 = ( GEOMETRIC_REPRESENTATION_CONTEXT(2) 
PARAMETRIC_REPRESENTATION_CONTEXT() REPRESENTATION_CONTEXT('2D SPACE',''
  ) );
#13931 = ORIENTED_EDGE('',*,*,#13593,.T.);
#13932 = ORIENTED_EDGE('',*,*,#6894,.F.);
#13933 = ORIENTED_EDGE('',*,*,#13885,.F.);
#13934 = ADVANCED_FACE('',(#13935),#7097,.F.);
#13935 = FACE_BOUND('',#13936,.T.);
#13936 = EDGE_LOOP('',(#13937,#13938,#13959,#13960));
#13937 = ORIENTED_EDGE('',*,*,#7202,.F.);
#13938 = ORIENTED_EDGE('',*,*,#13939,.T.);
#13939 = EDGE_CURVE('',#7203,#7077,#13940,.T.);
#13940 = SEAM_CURVE('',#13941,(#13945,#13952),.PCURVE_S1.);
#13941 = LINE('',#13942,#13943);
#13942 = CARTESIAN_POINT('',(61.1,16.,32.3));
#13943 = VECTOR('',#13944,1.);
#13944 = DIRECTION('',(0.,0.,1.));
#13945 = PCURVE('',#7097,#13946);
#13946 = DEFINITIONAL_REPRESENTATION('',(#13947),#13951);
#13947 = LINE('',#13948,#13949);
#13948 = CARTESIAN_POINT('',(-6.28318530718,0.));
#13949 = VECTOR('',#13950,1.);
#13950 = DIRECTION('',(-0.,-1.));
#13951 = ( GEOMETRIC_REPRESENTATION_CONTEXT(2) 
PARAMETRIC_REPRESENTATION_CONTEXT() REPRESENTATION_CONTEXT('2D SPACE',''
  ) );
#13952 = PCURVE('',#7097,#13953);
#13953 = DEFINITIONAL_REPRESENTATION('',(#13954),#13958);
#13954 = LINE('',#13955,#13956);
#13955 = CARTESIAN_POINT('',(-0.,0.));
#13956 = VECTOR('',#13957,1.);
#13957 = DIRECTION('',(-0.,-1.));
#13958 = ( GEOMETRIC_REPRESENTATION_CONTEXT(2) 
PARAMETRIC_REPRESENTATION_CONTEXT() REPRESENTATION_CONTEXT('2D SPACE',''
  ) );
#13959 = ORIENTED_EDGE('',*,*,#7076,.F.);
#13960 = ORIENTED_EDGE('',*,*,#13939,.F.);
#13961 = ADVANCED_FACE('',(#13962),#7292,.F.);
#13962 = FACE_BOUND('',#13963,.T.);
#13963 = EDGE_LOOP('',(#13964,#13965,#13988,#14010));
#13964 = ORIENTED_EDGE('',*,*,#7271,.T.);
#13965 = ORIENTED_EDGE('',*,*,#13966,.T.);
#13966 = EDGE_CURVE('',#7272,#13967,#13969,.T.);
#13967 = VERTEX_POINT('',#13968);
#13968 = CARTESIAN_POINT('',(89.65,-24.5,31.));
#13969 = SEAM_CURVE('',#13970,(#13974,#13981),.PCURVE_S1.);
#13970 = LINE('',#13971,#13972);
#13971 = CARTESIAN_POINT('',(89.65,-24.5,21.));
#13972 = VECTOR('',#13973,1.);
#13973 = DIRECTION('',(0.,0.,1.));
#13974 = PCURVE('',#7292,#13975);
#13975 = DEFINITIONAL_REPRESENTATION('',(#13976),#13980);
#13976 = LINE('',#13977,#13978);
#13977 = CARTESIAN_POINT('',(-6.28318530718,0.));
#13978 = VECTOR('',#13979,1.);
#13979 = DIRECTION('',(-0.,-1.));
#13980 = ( GEOMETRIC_REPRESENTATION_CONTEXT(2) 
PARAMETRIC_REPRESENTATION_CONTEXT() REPRESENTATION_CONTEXT('2D SPACE',''
  ) );
#13981 = PCURVE('',#7292,#13982);
#13982 = DEFINITIONAL_REPRESENTATION('',(#13983),#13987);
#13983 = LINE('',#13984,#13985);
#13984 = CARTESIAN_POINT('',(-0.,0.));
#13985 = VECTOR('',#13986,1.);
#13986 = DIRECTION('',(-0.,-1.));
#13987 = ( GEOMETRIC_REPRESENTATION_CONTEXT(2) 
PARAMETRIC_REPRESENTATION_CONTEXT() REPRESENTATION_CONTEXT('2D SPACE',''
  ) );
#13988 = ORIENTED_EDGE('',*,*,#13989,.T.);
#13989 = EDGE_CURVE('',#13967,#13967,#13990,.T.);
#13990 = SURFACE_CURVE('',#13991,(#13996,#14003),.PCURVE_S1.);
#13991 = CIRCLE('',#13992,2.15);
#13992 = AXIS2_PLACEMENT_3D('',#13993,#13994,#13995);
#13993 = CARTESIAN_POINT('',(87.5,-24.5,31.));
#13994 = DIRECTION('',(0.,0.,1.));
#13995 = DIRECTION('',(1.,0.,0.));
#13996 = PCURVE('',#7292,#13997);
#13997 = DEFINITIONAL_REPRESENTATION('',(#13998),#14002);
#13998 = LINE('',#13999,#14000);
#13999 = CARTESIAN_POINT('',(-0.,-10.));
#14000 = VECTOR('',#14001,1.);
#14001 = DIRECTION('',(-1.,0.));
#14002 = ( GEOMETRIC_REPRESENTATION_CONTEXT(2) 
PARAMETRIC_REPRESENTATION_CONTEXT() REPRESENTATION_CONTEXT('2D SPACE',''
  ) );
#14003 = PCURVE('',#13004,#14004);
#14004 = DEFINITIONAL_REPRESENTATION('',(#14005),#14009);
#14005 = CIRCLE('',#14006,2.15);
#14006 = AXIS2_PLACEMENT_2D('',#14007,#14008);
#14007 = CARTESIAN_POINT('',(0.,0.));
#14008 = DIRECTION('',(1.,0.));
#14009 = ( GEOMETRIC_REPRESENTATION_CONTEXT(2) 
PARAMETRIC_REPRESENTATION_CONTEXT() REPRESENTATION_CONTEXT('2D SPACE',''
  ) );
#14010 = ORIENTED_EDGE('',*,*,#13966,.F.);
#14011 = ADVANCED_FACE('',(#14012),#7331,.F.);
#14012 = FACE_BOUND('',#14013,.T.);
#14013 = EDGE_LOOP('',(#14014,#14015,#14038,#14065));
#14014 = ORIENTED_EDGE('',*,*,#7310,.T.);
#14015 = ORIENTED_EDGE('',*,*,#14016,.T.);
#14016 = EDGE_CURVE('',#7311,#14017,#14019,.T.);
#14017 = VERTEX_POINT('',#14018);
#14018 = CARTESIAN_POINT('',(67.8,-4.5,30.5));
#14019 = SEAM_CURVE('',#14020,(#14024,#14031),.PCURVE_S1.);
#14020 = LINE('',#14021,#14022);
#14021 = CARTESIAN_POINT('',(67.8,-4.5,8.6));
#14022 = VECTOR('',#14023,1.);
#14023 = DIRECTION('',(0.,0.,1.));
#14024 = PCURVE('',#7331,#14025);
#14025 = DEFINITIONAL_REPRESENTATION('',(#14026),#14030);
#14026 = LINE('',#14027,#14028);
#14027 = CARTESIAN_POINT('',(-6.28318530718,0.));
#14028 = VECTOR('',#14029,1.);
#14029 = DIRECTION('',(-0.,-1.));
#14030 = ( GEOMETRIC_REPRESENTATION_CONTEXT(2) 
PARAMETRIC_REPRESENTATION_CONTEXT() REPRESENTATION_CONTEXT('2D SPACE',''
  ) );
#14031 = PCURVE('',#7331,#14032);
#14032 = DEFINITIONAL_REPRESENTATION('',(#14033),#14037);
#14033 = LINE('',#14034,#14035);
#14034 = CARTESIAN_POINT('',(-0.,0.));
#14035 = VECTOR('',#14036,1.);
#14036 = DIRECTION('',(-0.,-1.));
#14037 = ( GEOMETRIC_REPRESENTATION_CONTEXT(2) 
PARAMETRIC_REPRESENTATION_CONTEXT() REPRESENTATION_CONTEXT('2D SPACE',''
  ) );
#14038 = ORIENTED_EDGE('',*,*,#14039,.T.);
#14039 = EDGE_CURVE('',#14017,#14017,#14040,.T.);
#14040 = SURFACE_CURVE('',#14041,(#14046,#14053),.PCURVE_S1.);
#14041 = CIRCLE('',#14042,1.8);
#14042 = AXIS2_PLACEMENT_3D('',#14043,#14044,#14045);
#14043 = CARTESIAN_POINT('',(66.,-4.5,30.5));
#14044 = DIRECTION('',(0.,0.,1.));
#14045 = DIRECTION('',(1.,0.,0.));
#14046 = PCURVE('',#7331,#14047);
#14047 = DEFINITIONAL_REPRESENTATION('',(#14048),#14052);
#14048 = LINE('',#14049,#14050);
#14049 = CARTESIAN_POINT('',(-0.,-21.9));
#14050 = VECTOR('',#14051,1.);
#14051 = DIRECTION('',(-1.,0.));
#14052 = ( GEOMETRIC_REPRESENTATION_CONTEXT(2) 
PARAMETRIC_REPRESENTATION_CONTEXT() REPRESENTATION_CONTEXT('2D SPACE',''
  ) );
#14053 = PCURVE('',#14054,#14059);
#14054 = PLANE('',#14055);
#14055 = AXIS2_PLACEMENT_3D('',#14056,#14057,#14058);
#14056 = CARTESIAN_POINT('',(66.,-4.5,30.5));
#14057 = DIRECTION('',(0.,0.,1.));
#14058 = DIRECTION('',(1.,0.,-0.));
#14059 = DEFINITIONAL_REPRESENTATION('',(#14060),#14064);
#14060 = CIRCLE('',#14061,1.8);
#14061 = AXIS2_PLACEMENT_2D('',#14062,#14063);
#14062 = CARTESIAN_POINT('',(0.,0.));
#14063 = DIRECTION('',(1.,0.));
#14064 = ( GEOMETRIC_REPRESENTATION_CONTEXT(2) 
PARAMETRIC_REPRESENTATION_CONTEXT() REPRESENTATION_CONTEXT('2D SPACE',''
  ) );
#14065 = ORIENTED_EDGE('',*,*,#14016,.F.);
#14066 = ADVANCED_FACE('',(#14067,#14081),#7391,.T.);
#14067 = FACE_BOUND('',#14068,.F.);
#14068 = EDGE_LOOP('',(#14069,#14070,#14071,#14072,#14073,#14074,#14075,
    #14076,#14077,#14078,#14079,#14080));
#14069 = ORIENTED_EDGE('',*,*,#7373,.T.);
#14070 = ORIENTED_EDGE('',*,*,#7449,.T.);
#14071 = ORIENTED_EDGE('',*,*,#7547,.T.);
#14072 = ORIENTED_EDGE('',*,*,#7645,.T.);
#14073 = ORIENTED_EDGE('',*,*,#7743,.T.);
#14074 = ORIENTED_EDGE('',*,*,#7841,.T.);
#14075 = ORIENTED_EDGE('',*,*,#7939,.T.);
#14076 = ORIENTED_EDGE('',*,*,#7890,.T.);
#14077 = ORIENTED_EDGE('',*,*,#7792,.T.);
#14078 = ORIENTED_EDGE('',*,*,#7694,.T.);
#14079 = ORIENTED_EDGE('',*,*,#7596,.T.);
#14080 = ORIENTED_EDGE('',*,*,#7498,.T.);
#14081 = FACE_BOUND('',#14082,.F.);
#14082 = EDGE_LOOP('',(#14083,#14115,#14145,#14175,#14205,#14235,#14265,
    #14295));
#14083 = ORIENTED_EDGE('',*,*,#14084,.T.);
#14084 = EDGE_CURVE('',#14085,#14087,#14089,.T.);
#14085 = VERTEX_POINT('',#14086);
#14086 = CARTESIAN_POINT('',(68.339013671875,-42.73400421142,32.9));
#14087 = VERTEX_POINT('',#14088);
#14088 = CARTESIAN_POINT('',(67.67900390625,-43.07000030517,32.9));
#14089 = SURFACE_CURVE('',#14090,(#14094,#14101),.PCURVE_S1.);
#14090 = B_SPLINE_CURVE_WITH_KNOTS('',2,(#14091,#14092,#14093),
  .UNSPECIFIED.,.F.,.F.,(3,3),(0.,1.),.PIECEWISE_BEZIER_KNOTS.);
#14091 = CARTESIAN_POINT('',(68.339013671875,-42.73400421142,32.9));
#14092 = CARTESIAN_POINT('',(67.931005859375,-42.73400421142,32.9));
#14093 = CARTESIAN_POINT('',(67.67900390625,-43.07000030517,32.9));
#14094 = PCURVE('',#7391,#14095);
#14095 = DEFINITIONAL_REPRESENTATION('',(#14096),#14100);
#14096 = B_SPLINE_CURVE_WITH_KNOTS('',2,(#14097,#14098,#14099),
  .UNSPECIFIED.,.F.,.F.,(3,3),(0.,1.),.PIECEWISE_BEZIER_KNOTS.);
#14097 = CARTESIAN_POINT('',(1.61400390625,2.76599609375));
#14098 = CARTESIAN_POINT('',(1.20599609375,2.76599609375));
#14099 = CARTESIAN_POINT('',(0.953994140625,2.43));
#14100 = ( GEOMETRIC_REPRESENTATION_CONTEXT(2) 
PARAMETRIC_REPRESENTATION_CONTEXT() REPRESENTATION_CONTEXT('2D SPACE',''
  ) );
#14101 = PCURVE('',#14102,#14109);
#14102 = SURFACE_OF_LINEAR_EXTRUSION('',#14103,#14107);
#14103 = B_SPLINE_CURVE_WITH_KNOTS('',2,(#14104,#14105,#14106),
  .UNSPECIFIED.,.F.,.F.,(3,3),(0.,1.),.PIECEWISE_BEZIER_KNOTS.);
#14104 = CARTESIAN_POINT('',(68.339013671875,-42.73400421142,32.9));
#14105 = CARTESIAN_POINT('',(67.931005859375,-42.73400421142,32.9));
#14106 = CARTESIAN_POINT('',(67.67900390625,-43.07000030517,32.9));
#14107 = VECTOR('',#14108,1.);
#14108 = DIRECTION('',(-0.,-0.,-1.));
#14109 = DEFINITIONAL_REPRESENTATION('',(#14110),#14114);
#14110 = LINE('',#14111,#14112);
#14111 = CARTESIAN_POINT('',(0.,0.));
#14112 = VECTOR('',#14113,1.);
#14113 = DIRECTION('',(1.,0.));
#14114 = ( GEOMETRIC_REPRESENTATION_CONTEXT(2) 
PARAMETRIC_REPRESENTATION_CONTEXT() REPRESENTATION_CONTEXT('2D SPACE',''
  ) );
#14115 = ORIENTED_EDGE('',*,*,#14116,.T.);
#14116 = EDGE_CURVE('',#14087,#14117,#14119,.T.);
#14117 = VERTEX_POINT('',#14118);
#14118 = CARTESIAN_POINT('',(67.427001953125,-43.95199249267,32.9));
#14119 = SURFACE_CURVE('',#14120,(#14124,#14131),.PCURVE_S1.);
#14120 = B_SPLINE_CURVE_WITH_KNOTS('',2,(#14121,#14122,#14123),
  .UNSPECIFIED.,.F.,.F.,(3,3),(0.,1.),.PIECEWISE_BEZIER_KNOTS.);
#14121 = CARTESIAN_POINT('',(67.67900390625,-43.07000030517,32.9));
#14122 = CARTESIAN_POINT('',(67.427001953125,-43.40599639892,32.9));
#14123 = CARTESIAN_POINT('',(67.427001953125,-43.95199249267,32.9));
#14124 = PCURVE('',#7391,#14125);
#14125 = DEFINITIONAL_REPRESENTATION('',(#14126),#14130);
#14126 = B_SPLINE_CURVE_WITH_KNOTS('',2,(#14127,#14128,#14129),
  .UNSPECIFIED.,.F.,.F.,(3,3),(0.,1.),.PIECEWISE_BEZIER_KNOTS.);
#14127 = CARTESIAN_POINT('',(0.953994140625,2.43));
#14128 = CARTESIAN_POINT('',(0.7019921875,2.09400390625));
#14129 = CARTESIAN_POINT('',(0.7019921875,1.5480078125));
#14130 = ( GEOMETRIC_REPRESENTATION_CONTEXT(2) 
PARAMETRIC_REPRESENTATION_CONTEXT() REPRESENTATION_CONTEXT('2D SPACE',''
  ) );
#14131 = PCURVE('',#14132,#14139);
#14132 = SURFACE_OF_LINEAR_EXTRUSION('',#14133,#14137);
#14133 = B_SPLINE_CURVE_WITH_KNOTS('',2,(#14134,#14135,#14136),
  .UNSPECIFIED.,.F.,.F.,(3,3),(0.,1.),.PIECEWISE_BEZIER_KNOTS.);
#14134 = CARTESIAN_POINT('',(67.67900390625,-43.07000030517,32.9));
#14135 = CARTESIAN_POINT('',(67.427001953125,-43.40599639892,32.9));
#14136 = CARTESIAN_POINT('',(67.427001953125,-43.95199249267,32.9));
#14137 = VECTOR('',#14138,1.);
#14138 = DIRECTION('',(-0.,-0.,-1.));
#14139 = DEFINITIONAL_REPRESENTATION('',(#14140),#14144);
#14140 = LINE('',#14141,#14142);
#14141 = CARTESIAN_POINT('',(0.,0.));
#14142 = VECTOR('',#14143,1.);
#14143 = DIRECTION('',(1.,0.));
#14144 = ( GEOMETRIC_REPRESENTATION_CONTEXT(2) 
PARAMETRIC_REPRESENTATION_CONTEXT() REPRESENTATION_CONTEXT('2D SPACE',''
  ) );
#14145 = ORIENTED_EDGE('',*,*,#14146,.T.);
#14146 = EDGE_CURVE('',#14117,#14147,#14149,.T.);
#14147 = VERTEX_POINT('',#14148);
#14148 = CARTESIAN_POINT('',(67.67900390625,-44.8370022583,32.9));
#14149 = SURFACE_CURVE('',#14150,(#14154,#14161),.PCURVE_S1.);
#14150 = B_SPLINE_CURVE_WITH_KNOTS('',2,(#14151,#14152,#14153),
  .UNSPECIFIED.,.F.,.F.,(3,3),(0.,1.),.PIECEWISE_BEZIER_KNOTS.);
#14151 = CARTESIAN_POINT('',(67.427001953125,-43.95199249267,32.9));
#14152 = CARTESIAN_POINT('',(67.427001953125,-44.50400421142,32.9));
#14153 = CARTESIAN_POINT('',(67.67900390625,-44.8370022583,32.9));
#14154 = PCURVE('',#7391,#14155);
#14155 = DEFINITIONAL_REPRESENTATION('',(#14156),#14160);
#14156 = B_SPLINE_CURVE_WITH_KNOTS('',2,(#14157,#14158,#14159),
  .UNSPECIFIED.,.F.,.F.,(3,3),(0.,1.),.PIECEWISE_BEZIER_KNOTS.);
#14157 = CARTESIAN_POINT('',(0.7019921875,1.5480078125));
#14158 = CARTESIAN_POINT('',(0.7019921875,0.99599609375));
#14159 = CARTESIAN_POINT('',(0.953994140625,0.662998046875));
#14160 = ( GEOMETRIC_REPRESENTATION_CONTEXT(2) 
PARAMETRIC_REPRESENTATION_CONTEXT() REPRESENTATION_CONTEXT('2D SPACE',''
  ) );
#14161 = PCURVE('',#14162,#14169);
#14162 = SURFACE_OF_LINEAR_EXTRUSION('',#14163,#14167);
#14163 = B_SPLINE_CURVE_WITH_KNOTS('',2,(#14164,#14165,#14166),
  .UNSPECIFIED.,.F.,.F.,(3,3),(0.,1.),.PIECEWISE_BEZIER_KNOTS.);
#14164 = CARTESIAN_POINT('',(67.427001953125,-43.95199249267,32.9));
#14165 = CARTESIAN_POINT('',(67.427001953125,-44.50400421142,32.9));
#14166 = CARTESIAN_POINT('',(67.67900390625,-44.8370022583,32.9));
#14167 = VECTOR('',#14168,1.);
#14168 = DIRECTION('',(-0.,-0.,-1.));
#14169 = DEFINITIONAL_REPRESENTATION('',(#14170),#14174);
#14170 = LINE('',#14171,#14172);
#14171 = CARTESIAN_POINT('',(0.,0.));
#14172 = VECTOR('',#14173,1.);
#14173 = DIRECTION('',(1.,0.));
#14174 = ( GEOMETRIC_REPRESENTATION_CONTEXT(2) 
PARAMETRIC_REPRESENTATION_CONTEXT() REPRESENTATION_CONTEXT('2D SPACE',''
  ) );
#14175 = ORIENTED_EDGE('',*,*,#14176,.T.);
#14176 = EDGE_CURVE('',#14147,#14177,#14179,.T.);
#14177 = VERTEX_POINT('',#14178);
#14178 = CARTESIAN_POINT('',(68.345009765625,-45.17000030517,32.9));
#14179 = SURFACE_CURVE('',#14180,(#14184,#14191),.PCURVE_S1.);
#14180 = B_SPLINE_CURVE_WITH_KNOTS('',2,(#14181,#14182,#14183),
  .UNSPECIFIED.,.F.,.F.,(3,3),(0.,1.),.PIECEWISE_BEZIER_KNOTS.);
#14181 = CARTESIAN_POINT('',(67.67900390625,-44.8370022583,32.9));
#14182 = CARTESIAN_POINT('',(67.931005859375,-45.17000030517,32.9));
#14183 = CARTESIAN_POINT('',(68.345009765625,-45.17000030517,32.9));
#14184 = PCURVE('',#7391,#14185);
#14185 = DEFINITIONAL_REPRESENTATION('',(#14186),#14190);
#14186 = B_SPLINE_CURVE_WITH_KNOTS('',2,(#14187,#14188,#14189),
  .UNSPECIFIED.,.F.,.F.,(3,3),(0.,1.),.PIECEWISE_BEZIER_KNOTS.);
#14187 = CARTESIAN_POINT('',(0.953994140625,0.662998046875));
#14188 = CARTESIAN_POINT('',(1.20599609375,0.33));
#14189 = CARTESIAN_POINT('',(1.62,0.33));
#14190 = ( GEOMETRIC_REPRESENTATION_CONTEXT(2) 
PARAMETRIC_REPRESENTATION_CONTEXT() REPRESENTATION_CONTEXT('2D SPACE',''
  ) );
#14191 = PCURVE('',#14192,#14199);
#14192 = SURFACE_OF_LINEAR_EXTRUSION('',#14193,#14197);
#14193 = B_SPLINE_CURVE_WITH_KNOTS('',2,(#14194,#14195,#14196),
  .UNSPECIFIED.,.F.,.F.,(3,3),(0.,1.),.PIECEWISE_BEZIER_KNOTS.);
#14194 = CARTESIAN_POINT('',(67.67900390625,-44.8370022583,32.9));
#14195 = CARTESIAN_POINT('',(67.931005859375,-45.17000030517,32.9));
#14196 = CARTESIAN_POINT('',(68.345009765625,-45.17000030517,32.9));
#14197 = VECTOR('',#14198,1.);
#14198 = DIRECTION('',(-0.,-0.,-1.));
#14199 = DEFINITIONAL_REPRESENTATION('',(#14200),#14204);
#14200 = LINE('',#14201,#14202);
#14201 = CARTESIAN_POINT('',(0.,0.));
#14202 = VECTOR('',#14203,1.);
#14203 = DIRECTION('',(1.,0.));
#14204 = ( GEOMETRIC_REPRESENTATION_CONTEXT(2) 
PARAMETRIC_REPRESENTATION_CONTEXT() REPRESENTATION_CONTEXT('2D SPACE',''
  ) );
#14205 = ORIENTED_EDGE('',*,*,#14206,.T.);
#14206 = EDGE_CURVE('',#14177,#14207,#14209,.T.);
#14207 = VERTEX_POINT('',#14208);
#14208 = CARTESIAN_POINT('',(68.981005859375,-44.84000030517,32.9));
#14209 = SURFACE_CURVE('',#14210,(#14214,#14221),.PCURVE_S1.);
#14210 = B_SPLINE_CURVE_WITH_KNOTS('',2,(#14211,#14212,#14213),
  .UNSPECIFIED.,.F.,.F.,(3,3),(0.,1.),.PIECEWISE_BEZIER_KNOTS.);
#14211 = CARTESIAN_POINT('',(68.345009765625,-45.17000030517,32.9));
#14212 = CARTESIAN_POINT('',(68.741005859375,-45.17000030517,32.9));
#14213 = CARTESIAN_POINT('',(68.981005859375,-44.84000030517,32.9));
#14214 = PCURVE('',#7391,#14215);
#14215 = DEFINITIONAL_REPRESENTATION('',(#14216),#14220);
#14216 = B_SPLINE_CURVE_WITH_KNOTS('',2,(#14217,#14218,#14219),
  .UNSPECIFIED.,.F.,.F.,(3,3),(0.,1.),.PIECEWISE_BEZIER_KNOTS.);
#14217 = CARTESIAN_POINT('',(1.62,0.33));
#14218 = CARTESIAN_POINT('',(2.01599609375,0.33));
#14219 = CARTESIAN_POINT('',(2.25599609375,0.66));
#14220 = ( GEOMETRIC_REPRESENTATION_CONTEXT(2) 
PARAMETRIC_REPRESENTATION_CONTEXT() REPRESENTATION_CONTEXT('2D SPACE',''
  ) );
#14221 = PCURVE('',#14222,#14229);
#14222 = SURFACE_OF_LINEAR_EXTRUSION('',#14223,#14227);
#14223 = B_SPLINE_CURVE_WITH_KNOTS('',2,(#14224,#14225,#14226),
  .UNSPECIFIED.,.F.,.F.,(3,3),(0.,1.),.PIECEWISE_BEZIER_KNOTS.);
#14224 = CARTESIAN_POINT('',(68.345009765625,-45.17000030517,32.9));
#14225 = CARTESIAN_POINT('',(68.741005859375,-45.17000030517,32.9));
#14226 = CARTESIAN_POINT('',(68.981005859375,-44.84000030517,32.9));
#14227 = VECTOR('',#14228,1.);
#14228 = DIRECTION('',(-0.,-0.,-1.));
#14229 = DEFINITIONAL_REPRESENTATION('',(#14230),#14234);
#14230 = LINE('',#14231,#14232);
#14231 = CARTESIAN_POINT('',(0.,0.));
#14232 = VECTOR('',#14233,1.);
#14233 = DIRECTION('',(1.,0.));
#14234 = ( GEOMETRIC_REPRESENTATION_CONTEXT(2) 
PARAMETRIC_REPRESENTATION_CONTEXT() REPRESENTATION_CONTEXT('2D SPACE',''
  ) );
#14235 = ORIENTED_EDGE('',*,*,#14236,.T.);
#14236 = EDGE_CURVE('',#14207,#14237,#14239,.T.);
#14237 = VERTEX_POINT('',#14238);
#14238 = CARTESIAN_POINT('',(69.221005859375,-43.96400421142,32.9));
#14239 = SURFACE_CURVE('',#14240,(#14244,#14251),.PCURVE_S1.);
#14240 = B_SPLINE_CURVE_WITH_KNOTS('',2,(#14241,#14242,#14243),
  .UNSPECIFIED.,.F.,.F.,(3,3),(0.,1.),.PIECEWISE_BEZIER_KNOTS.);
#14241 = CARTESIAN_POINT('',(68.981005859375,-44.84000030517,32.9));
#14242 = CARTESIAN_POINT('',(69.221005859375,-44.51000030517,32.9));
#14243 = CARTESIAN_POINT('',(69.221005859375,-43.96400421142,32.9));
#14244 = PCURVE('',#7391,#14245);
#14245 = DEFINITIONAL_REPRESENTATION('',(#14246),#14250);
#14246 = B_SPLINE_CURVE_WITH_KNOTS('',2,(#14247,#14248,#14249),
  .UNSPECIFIED.,.F.,.F.,(3,3),(0.,1.),.PIECEWISE_BEZIER_KNOTS.);
#14247 = CARTESIAN_POINT('',(2.25599609375,0.66));
#14248 = CARTESIAN_POINT('',(2.49599609375,0.99));
#14249 = CARTESIAN_POINT('',(2.49599609375,1.53599609375));
#14250 = ( GEOMETRIC_REPRESENTATION_CONTEXT(2) 
PARAMETRIC_REPRESENTATION_CONTEXT() REPRESENTATION_CONTEXT('2D SPACE',''
  ) );
#14251 = PCURVE('',#14252,#14259);
#14252 = SURFACE_OF_LINEAR_EXTRUSION('',#14253,#14257);
#14253 = B_SPLINE_CURVE_WITH_KNOTS('',2,(#14254,#14255,#14256),
  .UNSPECIFIED.,.F.,.F.,(3,3),(0.,1.),.PIECEWISE_BEZIER_KNOTS.);
#14254 = CARTESIAN_POINT('',(68.981005859375,-44.84000030517,32.9));
#14255 = CARTESIAN_POINT('',(69.221005859375,-44.51000030517,32.9));
#14256 = CARTESIAN_POINT('',(69.221005859375,-43.96400421142,32.9));
#14257 = VECTOR('',#14258,1.);
#14258 = DIRECTION('',(-0.,-0.,-1.));
#14259 = DEFINITIONAL_REPRESENTATION('',(#14260),#14264);
#14260 = LINE('',#14261,#14262);
#14261 = CARTESIAN_POINT('',(0.,0.));
#14262 = VECTOR('',#14263,1.);
#14263 = DIRECTION('',(1.,0.));
#14264 = ( GEOMETRIC_REPRESENTATION_CONTEXT(2) 
PARAMETRIC_REPRESENTATION_CONTEXT() REPRESENTATION_CONTEXT('2D SPACE',''
  ) );
#14265 = ORIENTED_EDGE('',*,*,#14266,.T.);
#14266 = EDGE_CURVE('',#14237,#14267,#14269,.T.);
#14267 = VERTEX_POINT('',#14268);
#14268 = CARTESIAN_POINT('',(68.981005859375,-43.0670022583,32.9));
#14269 = SURFACE_CURVE('',#14270,(#14274,#14281),.PCURVE_S1.);
#14270 = B_SPLINE_CURVE_WITH_KNOTS('',2,(#14271,#14272,#14273),
  .UNSPECIFIED.,.F.,.F.,(3,3),(0.,1.),.PIECEWISE_BEZIER_KNOTS.);
#14271 = CARTESIAN_POINT('',(69.221005859375,-43.96400421142,32.9));
#14272 = CARTESIAN_POINT('',(69.221005859375,-43.40000030517,32.9));
#14273 = CARTESIAN_POINT('',(68.981005859375,-43.0670022583,32.9));
#14274 = PCURVE('',#7391,#14275);
#14275 = DEFINITIONAL_REPRESENTATION('',(#14276),#14280);
#14276 = B_SPLINE_CURVE_WITH_KNOTS('',2,(#14277,#14278,#14279),
  .UNSPECIFIED.,.F.,.F.,(3,3),(0.,1.),.PIECEWISE_BEZIER_KNOTS.);
#14277 = CARTESIAN_POINT('',(2.49599609375,1.53599609375));
#14278 = CARTESIAN_POINT('',(2.49599609375,2.1));
#14279 = CARTESIAN_POINT('',(2.25599609375,2.432998046875));
#14280 = ( GEOMETRIC_REPRESENTATION_CONTEXT(2) 
PARAMETRIC_REPRESENTATION_CONTEXT() REPRESENTATION_CONTEXT('2D SPACE',''
  ) );
#14281 = PCURVE('',#14282,#14289);
#14282 = SURFACE_OF_LINEAR_EXTRUSION('',#14283,#14287);
#14283 = B_SPLINE_CURVE_WITH_KNOTS('',2,(#14284,#14285,#14286),
  .UNSPECIFIED.,.F.,.F.,(3,3),(0.,1.),.PIECEWISE_BEZIER_KNOTS.);
#14284 = CARTESIAN_POINT('',(69.221005859375,-43.96400421142,32.9));
#14285 = CARTESIAN_POINT('',(69.221005859375,-43.40000030517,32.9));
#14286 = CARTESIAN_POINT('',(68.981005859375,-43.0670022583,32.9));
#14287 = VECTOR('',#14288,1.);
#14288 = DIRECTION('',(-0.,-0.,-1.));
#14289 = DEFINITIONAL_REPRESENTATION('',(#14290),#14294);
#14290 = LINE('',#14291,#14292);
#14291 = CARTESIAN_POINT('',(0.,0.));
#14292 = VECTOR('',#14293,1.);
#14293 = DIRECTION('',(1.,0.));
#14294 = ( GEOMETRIC_REPRESENTATION_CONTEXT(2) 
PARAMETRIC_REPRESENTATION_CONTEXT() REPRESENTATION_CONTEXT('2D SPACE',''
  ) );
#14295 = ORIENTED_EDGE('',*,*,#14296,.T.);
#14296 = EDGE_CURVE('',#14267,#14085,#14297,.T.);
#14297 = SURFACE_CURVE('',#14298,(#14302,#14309),.PCURVE_S1.);
#14298 = B_SPLINE_CURVE_WITH_KNOTS('',2,(#14299,#14300,#14301),
  .UNSPECIFIED.,.F.,.F.,(3,3),(0.,1.),.PIECEWISE_BEZIER_KNOTS.);
#14299 = CARTESIAN_POINT('',(68.981005859375,-43.0670022583,32.9));
#14300 = CARTESIAN_POINT('',(68.741005859375,-42.73400421142,32.9));
#14301 = CARTESIAN_POINT('',(68.339013671875,-42.73400421142,32.9));
#14302 = PCURVE('',#7391,#14303);
#14303 = DEFINITIONAL_REPRESENTATION('',(#14304),#14308);
#14304 = B_SPLINE_CURVE_WITH_KNOTS('',2,(#14305,#14306,#14307),
  .UNSPECIFIED.,.F.,.F.,(3,3),(0.,1.),.PIECEWISE_BEZIER_KNOTS.);
#14305 = CARTESIAN_POINT('',(2.25599609375,2.432998046875));
#14306 = CARTESIAN_POINT('',(2.01599609375,2.76599609375));
#14307 = CARTESIAN_POINT('',(1.61400390625,2.76599609375));
#14308 = ( GEOMETRIC_REPRESENTATION_CONTEXT(2) 
PARAMETRIC_REPRESENTATION_CONTEXT() REPRESENTATION_CONTEXT('2D SPACE',''
  ) );
#14309 = PCURVE('',#14310,#14317);
#14310 = SURFACE_OF_LINEAR_EXTRUSION('',#14311,#14315);
#14311 = B_SPLINE_CURVE_WITH_KNOTS('',2,(#14312,#14313,#14314),
  .UNSPECIFIED.,.F.,.F.,(3,3),(0.,1.),.PIECEWISE_BEZIER_KNOTS.);
#14312 = CARTESIAN_POINT('',(68.981005859375,-43.0670022583,32.9));
#14313 = CARTESIAN_POINT('',(68.741005859375,-42.73400421142,32.9));
#14314 = CARTESIAN_POINT('',(68.339013671875,-42.73400421142,32.9));
#14315 = VECTOR('',#14316,1.);
#14316 = DIRECTION('',(-0.,-0.,-1.));
#14317 = DEFINITIONAL_REPRESENTATION('',(#14318),#14322);
#14318 = LINE('',#14319,#14320);
#14319 = CARTESIAN_POINT('',(0.,0.));
#14320 = VECTOR('',#14321,1.);
#14321 = DIRECTION('',(1.,0.));
#14322 = ( GEOMETRIC_REPRESENTATION_CONTEXT(2) 
PARAMETRIC_REPRESENTATION_CONTEXT() REPRESENTATION_CONTEXT('2D SPACE',''
  ) );
#14323 = ADVANCED_FACE('',(#14324),#7984,.T.);
#14324 = FACE_BOUND('',#14325,.F.);
#14325 = EDGE_LOOP('',(#14326,#14327,#14328,#14329,#14330,#14331,#14332,
    #14333,#14334,#14335,#14336,#14337,#14338,#14339,#14340,#14341,
    #14342,#14343,#14344,#14345,#14346,#14347,#14348,#14349,#14350,
    #14351));
#14326 = ORIENTED_EDGE('',*,*,#7966,.T.);
#14327 = ORIENTED_EDGE('',*,*,#8042,.T.);
#14328 = ORIENTED_EDGE('',*,*,#8140,.T.);
#14329 = ORIENTED_EDGE('',*,*,#8238,.T.);
#14330 = ORIENTED_EDGE('',*,*,#8336,.T.);
#14331 = ORIENTED_EDGE('',*,*,#8434,.T.);
#14332 = ORIENTED_EDGE('',*,*,#8532,.T.);
#14333 = ORIENTED_EDGE('',*,*,#8630,.T.);
#14334 = ORIENTED_EDGE('',*,*,#8728,.T.);
#14335 = ORIENTED_EDGE('',*,*,#8826,.T.);
#14336 = ORIENTED_EDGE('',*,*,#8924,.T.);
#14337 = ORIENTED_EDGE('',*,*,#9022,.T.);
#14338 = ORIENTED_EDGE('',*,*,#9120,.T.);
#14339 = ORIENTED_EDGE('',*,*,#9218,.T.);
#14340 = ORIENTED_EDGE('',*,*,#9169,.T.);
#14341 = ORIENTED_EDGE('',*,*,#9071,.T.);
#14342 = ORIENTED_EDGE('',*,*,#8973,.T.);
#14343 = ORIENTED_EDGE('',*,*,#8875,.T.);
#14344 = ORIENTED_EDGE('',*,*,#8777,.T.);
#14345 = ORIENTED_EDGE('',*,*,#8679,.T.);
#14346 = ORIENTED_EDGE('',*,*,#8581,.T.);
#14347 = ORIENTED_EDGE('',*,*,#8483,.T.);
#14348 = ORIENTED_EDGE('',*,*,#8385,.T.);
#14349 = ORIENTED_EDGE('',*,*,#8287,.T.);
#14350 = ORIENTED_EDGE('',*,*,#8189,.T.);
#14351 = ORIENTED_EDGE('',*,*,#8091,.T.);
#14352 = ADVANCED_FACE('',(#14353),#9263,.T.);
#14353 = FACE_BOUND('',#14354,.F.);
#14354 = EDGE_LOOP('',(#14355,#14356,#14357,#14358,#14359,#14360,#14361,
    #14362,#14363,#14364,#14365,#14366));
#14355 = ORIENTED_EDGE('',*,*,#9245,.T.);
#14356 = ORIENTED_EDGE('',*,*,#9321,.T.);
#14357 = ORIENTED_EDGE('',*,*,#9419,.T.);
#14358 = ORIENTED_EDGE('',*,*,#9517,.T.);
#14359 = ORIENTED_EDGE('',*,*,#9615,.T.);
#14360 = ORIENTED_EDGE('',*,*,#9713,.T.);
#14361 = ORIENTED_EDGE('',*,*,#9811,.T.);
#14362 = ORIENTED_EDGE('',*,*,#9762,.T.);
#14363 = ORIENTED_EDGE('',*,*,#9664,.T.);
#14364 = ORIENTED_EDGE('',*,*,#9566,.T.);
#14365 = ORIENTED_EDGE('',*,*,#9468,.T.);
#14366 = ORIENTED_EDGE('',*,*,#9370,.T.);
#14367 = ADVANCED_FACE('',(#14368),#9856,.T.);
#14368 = FACE_BOUND('',#14369,.F.);
#14369 = EDGE_LOOP('',(#14370,#14371,#14372,#14373,#14374,#14375,#14376,
    #14377,#14378,#14379,#14380,#14381,#14382,#14383,#14384,#14385));
#14370 = ORIENTED_EDGE('',*,*,#9838,.T.);
#14371 = ORIENTED_EDGE('',*,*,#9914,.T.);
#14372 = ORIENTED_EDGE('',*,*,#10012,.T.);
#14373 = ORIENTED_EDGE('',*,*,#10110,.T.);
#14374 = ORIENTED_EDGE('',*,*,#10208,.T.);
#14375 = ORIENTED_EDGE('',*,*,#10306,.T.);
#14376 = ORIENTED_EDGE('',*,*,#10404,.T.);
#14377 = ORIENTED_EDGE('',*,*,#10502,.T.);
#14378 = ORIENTED_EDGE('',*,*,#10600,.T.);
#14379 = ORIENTED_EDGE('',*,*,#10551,.T.);
#14380 = ORIENTED_EDGE('',*,*,#10453,.T.);
#14381 = ORIENTED_EDGE('',*,*,#10355,.T.);
#14382 = ORIENTED_EDGE('',*,*,#10257,.T.);
#14383 = ORIENTED_EDGE('',*,*,#10159,.T.);
#14384 = ORIENTED_EDGE('',*,*,#10061,.T.);
#14385 = ORIENTED_EDGE('',*,*,#9963,.T.);
#14386 = ADVANCED_FACE('',(#14387,#14397),#10672,.T.);
#14387 = FACE_BOUND('',#14388,.F.);
#14388 = EDGE_LOOP('',(#14389,#14390,#14391,#14392,#14393,#14394,#14395,
    #14396));
#14389 = ORIENTED_EDGE('',*,*,#10654,.T.);
#14390 = ORIENTED_EDGE('',*,*,#10730,.T.);
#14391 = ORIENTED_EDGE('',*,*,#10828,.T.);
#14392 = ORIENTED_EDGE('',*,*,#10926,.T.);
#14393 = ORIENTED_EDGE('',*,*,#11024,.T.);
#14394 = ORIENTED_EDGE('',*,*,#10975,.T.);
#14395 = ORIENTED_EDGE('',*,*,#10877,.T.);
#14396 = ORIENTED_EDGE('',*,*,#10779,.T.);
#14397 = FACE_BOUND('',#14398,.F.);
#14398 = EDGE_LOOP('',(#14399,#14431,#14461,#14491,#14521,#14551,#14581,
    #14611));
#14399 = ORIENTED_EDGE('',*,*,#14400,.T.);
#14400 = EDGE_CURVE('',#14401,#14403,#14405,.T.);
#14401 = VERTEX_POINT('',#14402);
#14402 = CARTESIAN_POINT('',(82.450986328125,-42.72800811767,32.9));
#14403 = VERTEX_POINT('',#14404);
#14404 = CARTESIAN_POINT('',(81.790986328125,-43.05500030517,32.9));
#14405 = SURFACE_CURVE('',#14406,(#14410,#14417),.PCURVE_S1.);
#14406 = B_SPLINE_CURVE_WITH_KNOTS('',2,(#14407,#14408,#14409),
  .UNSPECIFIED.,.F.,.F.,(3,3),(0.,1.),.PIECEWISE_BEZIER_KNOTS.);
#14407 = CARTESIAN_POINT('',(82.450986328125,-42.72800811767,32.9));
#14408 = CARTESIAN_POINT('',(82.030986328125,-42.72800811767,32.9));
#14409 = CARTESIAN_POINT('',(81.790986328125,-43.05500030517,32.9));
#14410 = PCURVE('',#10672,#14411);
#14411 = DEFINITIONAL_REPRESENTATION('',(#14412),#14416);
#14412 = B_SPLINE_CURVE_WITH_KNOTS('',2,(#14413,#14414,#14415),
  .UNSPECIFIED.,.F.,.F.,(3,3),(0.,1.),.PIECEWISE_BEZIER_KNOTS.);
#14413 = CARTESIAN_POINT('',(1.6019921875,2.7719921875));
#14414 = CARTESIAN_POINT('',(1.1819921875,2.7719921875));
#14415 = CARTESIAN_POINT('',(0.9419921875,2.445));
#14416 = ( GEOMETRIC_REPRESENTATION_CONTEXT(2) 
PARAMETRIC_REPRESENTATION_CONTEXT() REPRESENTATION_CONTEXT('2D SPACE',''
  ) );
#14417 = PCURVE('',#14418,#14425);
#14418 = SURFACE_OF_LINEAR_EXTRUSION('',#14419,#14423);
#14419 = B_SPLINE_CURVE_WITH_KNOTS('',2,(#14420,#14421,#14422),
  .UNSPECIFIED.,.F.,.F.,(3,3),(0.,1.),.PIECEWISE_BEZIER_KNOTS.);
#14420 = CARTESIAN_POINT('',(82.450986328125,-42.72800811767,32.9));
#14421 = CARTESIAN_POINT('',(82.030986328125,-42.72800811767,32.9));
#14422 = CARTESIAN_POINT('',(81.790986328125,-43.05500030517,32.9));
#14423 = VECTOR('',#14424,1.);
#14424 = DIRECTION('',(-0.,-0.,-1.));
#14425 = DEFINITIONAL_REPRESENTATION('',(#14426),#14430);
#14426 = LINE('',#14427,#14428);
#14427 = CARTESIAN_POINT('',(0.,0.));
#14428 = VECTOR('',#14429,1.);
#14429 = DIRECTION('',(1.,0.));
#14430 = ( GEOMETRIC_REPRESENTATION_CONTEXT(2) 
PARAMETRIC_REPRESENTATION_CONTEXT() REPRESENTATION_CONTEXT('2D SPACE',''
  ) );
#14431 = ORIENTED_EDGE('',*,*,#14432,.T.);
#14432 = EDGE_CURVE('',#14403,#14433,#14435,.T.);
#14433 = VERTEX_POINT('',#14434);
#14434 = CARTESIAN_POINT('',(81.550986328125,-43.95199249267,32.9));
#14435 = SURFACE_CURVE('',#14436,(#14440,#14447),.PCURVE_S1.);
#14436 = B_SPLINE_CURVE_WITH_KNOTS('',2,(#14437,#14438,#14439),
  .UNSPECIFIED.,.F.,.F.,(3,3),(0.,1.),.PIECEWISE_BEZIER_KNOTS.);
#14437 = CARTESIAN_POINT('',(81.790986328125,-43.05500030517,32.9));
#14438 = CARTESIAN_POINT('',(81.550986328125,-43.38199249267,32.9));
#14439 = CARTESIAN_POINT('',(81.550986328125,-43.95199249267,32.9));
#14440 = PCURVE('',#10672,#14441);
#14441 = DEFINITIONAL_REPRESENTATION('',(#14442),#14446);
#14442 = B_SPLINE_CURVE_WITH_KNOTS('',2,(#14443,#14444,#14445),
  .UNSPECIFIED.,.F.,.F.,(3,3),(0.,1.),.PIECEWISE_BEZIER_KNOTS.);
#14443 = CARTESIAN_POINT('',(0.9419921875,2.445));
#14444 = CARTESIAN_POINT('',(0.7019921875,2.1180078125));
#14445 = CARTESIAN_POINT('',(0.7019921875,1.5480078125));
#14446 = ( GEOMETRIC_REPRESENTATION_CONTEXT(2) 
PARAMETRIC_REPRESENTATION_CONTEXT() REPRESENTATION_CONTEXT('2D SPACE',''
  ) );
#14447 = PCURVE('',#14448,#14455);
#14448 = SURFACE_OF_LINEAR_EXTRUSION('',#14449,#14453);
#14449 = B_SPLINE_CURVE_WITH_KNOTS('',2,(#14450,#14451,#14452),
  .UNSPECIFIED.,.F.,.F.,(3,3),(0.,1.),.PIECEWISE_BEZIER_KNOTS.);
#14450 = CARTESIAN_POINT('',(81.790986328125,-43.05500030517,32.9));
#14451 = CARTESIAN_POINT('',(81.550986328125,-43.38199249267,32.9));
#14452 = CARTESIAN_POINT('',(81.550986328125,-43.95199249267,32.9));
#14453 = VECTOR('',#14454,1.);
#14454 = DIRECTION('',(-0.,-0.,-1.));
#14455 = DEFINITIONAL_REPRESENTATION('',(#14456),#14460);
#14456 = LINE('',#14457,#14458);
#14457 = CARTESIAN_POINT('',(0.,0.));
#14458 = VECTOR('',#14459,1.);
#14459 = DIRECTION('',(1.,0.));
#14460 = ( GEOMETRIC_REPRESENTATION_CONTEXT(2) 
PARAMETRIC_REPRESENTATION_CONTEXT() REPRESENTATION_CONTEXT('2D SPACE',''
  ) );
#14461 = ORIENTED_EDGE('',*,*,#14462,.T.);
#14462 = EDGE_CURVE('',#14433,#14463,#14465,.T.);
#14463 = VERTEX_POINT('',#14464);
#14464 = CARTESIAN_POINT('',(81.790986328125,-44.8489944458,32.9));
#14465 = SURFACE_CURVE('',#14466,(#14470,#14477),.PCURVE_S1.);
#14466 = B_SPLINE_CURVE_WITH_KNOTS('',2,(#14467,#14468,#14469),
  .UNSPECIFIED.,.F.,.F.,(3,3),(0.,1.),.PIECEWISE_BEZIER_KNOTS.);
#14467 = CARTESIAN_POINT('',(81.550986328125,-43.95199249267,32.9));
#14468 = CARTESIAN_POINT('',(81.550986328125,-44.52199249267,32.9));
#14469 = CARTESIAN_POINT('',(81.790986328125,-44.8489944458,32.9));
#14470 = PCURVE('',#10672,#14471);
#14471 = DEFINITIONAL_REPRESENTATION('',(#14472),#14476);
#14472 = B_SPLINE_CURVE_WITH_KNOTS('',2,(#14473,#14474,#14475),
  .UNSPECIFIED.,.F.,.F.,(3,3),(0.,1.),.PIECEWISE_BEZIER_KNOTS.);
#14473 = CARTESIAN_POINT('',(0.7019921875,1.5480078125));
#14474 = CARTESIAN_POINT('',(0.7019921875,0.9780078125));
#14475 = CARTESIAN_POINT('',(0.9419921875,0.651005859375));
#14476 = ( GEOMETRIC_REPRESENTATION_CONTEXT(2) 
PARAMETRIC_REPRESENTATION_CONTEXT() REPRESENTATION_CONTEXT('2D SPACE',''
  ) );
#14477 = PCURVE('',#14478,#14485);
#14478 = SURFACE_OF_LINEAR_EXTRUSION('',#14479,#14483);
#14479 = B_SPLINE_CURVE_WITH_KNOTS('',2,(#14480,#14481,#14482),
  .UNSPECIFIED.,.F.,.F.,(3,3),(0.,1.),.PIECEWISE_BEZIER_KNOTS.);
#14480 = CARTESIAN_POINT('',(81.550986328125,-43.95199249267,32.9));
#14481 = CARTESIAN_POINT('',(81.550986328125,-44.52199249267,32.9));
#14482 = CARTESIAN_POINT('',(81.790986328125,-44.8489944458,32.9));
#14483 = VECTOR('',#14484,1.);
#14484 = DIRECTION('',(-0.,-0.,-1.));
#14485 = DEFINITIONAL_REPRESENTATION('',(#14486),#14490);
#14486 = LINE('',#14487,#14488);
#14487 = CARTESIAN_POINT('',(0.,0.));
#14488 = VECTOR('',#14489,1.);
#14489 = DIRECTION('',(1.,0.));
#14490 = ( GEOMETRIC_REPRESENTATION_CONTEXT(2) 
PARAMETRIC_REPRESENTATION_CONTEXT() REPRESENTATION_CONTEXT('2D SPACE',''
  ) );
#14491 = ORIENTED_EDGE('',*,*,#14492,.T.);
#14492 = EDGE_CURVE('',#14463,#14493,#14495,.T.);
#14493 = VERTEX_POINT('',#14494);
#14494 = CARTESIAN_POINT('',(82.450986328125,-45.17599639892,32.9));
#14495 = SURFACE_CURVE('',#14496,(#14500,#14507),.PCURVE_S1.);
#14496 = B_SPLINE_CURVE_WITH_KNOTS('',2,(#14497,#14498,#14499),
  .UNSPECIFIED.,.F.,.F.,(3,3),(0.,1.),.PIECEWISE_BEZIER_KNOTS.);
#14497 = CARTESIAN_POINT('',(81.790986328125,-44.8489944458,32.9));
#14498 = CARTESIAN_POINT('',(82.030986328125,-45.17599639892,32.9));
#14499 = CARTESIAN_POINT('',(82.450986328125,-45.17599639892,32.9));
#14500 = PCURVE('',#10672,#14501);
#14501 = DEFINITIONAL_REPRESENTATION('',(#14502),#14506);
#14502 = B_SPLINE_CURVE_WITH_KNOTS('',2,(#14503,#14504,#14505),
  .UNSPECIFIED.,.F.,.F.,(3,3),(0.,1.),.PIECEWISE_BEZIER_KNOTS.);
#14503 = CARTESIAN_POINT('',(0.9419921875,0.651005859375));
#14504 = CARTESIAN_POINT('',(1.1819921875,0.32400390625));
#14505 = CARTESIAN_POINT('',(1.6019921875,0.32400390625));
#14506 = ( GEOMETRIC_REPRESENTATION_CONTEXT(2) 
PARAMETRIC_REPRESENTATION_CONTEXT() REPRESENTATION_CONTEXT('2D SPACE',''
  ) );
#14507 = PCURVE('',#14508,#14515);
#14508 = SURFACE_OF_LINEAR_EXTRUSION('',#14509,#14513);
#14509 = B_SPLINE_CURVE_WITH_KNOTS('',2,(#14510,#14511,#14512),
  .UNSPECIFIED.,.F.,.F.,(3,3),(0.,1.),.PIECEWISE_BEZIER_KNOTS.);
#14510 = CARTESIAN_POINT('',(81.790986328125,-44.8489944458,32.9));
#14511 = CARTESIAN_POINT('',(82.030986328125,-45.17599639892,32.9));
#14512 = CARTESIAN_POINT('',(82.450986328125,-45.17599639892,32.9));
#14513 = VECTOR('',#14514,1.);
#14514 = DIRECTION('',(-0.,-0.,-1.));
#14515 = DEFINITIONAL_REPRESENTATION('',(#14516),#14520);
#14516 = LINE('',#14517,#14518);
#14517 = CARTESIAN_POINT('',(0.,0.));
#14518 = VECTOR('',#14519,1.);
#14519 = DIRECTION('',(1.,0.));
#14520 = ( GEOMETRIC_REPRESENTATION_CONTEXT(2) 
PARAMETRIC_REPRESENTATION_CONTEXT() REPRESENTATION_CONTEXT('2D SPACE',''
  ) );
#14521 = ORIENTED_EDGE('',*,*,#14522,.T.);
#14522 = EDGE_CURVE('',#14493,#14523,#14525,.T.);
#14523 = VERTEX_POINT('',#14524);
#14524 = CARTESIAN_POINT('',(83.10798828125,-44.8489944458,32.9));
#14525 = SURFACE_CURVE('',#14526,(#14530,#14537),.PCURVE_S1.);
#14526 = B_SPLINE_CURVE_WITH_KNOTS('',2,(#14527,#14528,#14529),
  .UNSPECIFIED.,.F.,.F.,(3,3),(0.,1.),.PIECEWISE_BEZIER_KNOTS.);
#14527 = CARTESIAN_POINT('',(82.450986328125,-45.17599639892,32.9));
#14528 = CARTESIAN_POINT('',(82.864990234375,-45.17599639892,32.9));
#14529 = CARTESIAN_POINT('',(83.10798828125,-44.8489944458,32.9));
#14530 = PCURVE('',#10672,#14531);
#14531 = DEFINITIONAL_REPRESENTATION('',(#14532),#14536);
#14532 = B_SPLINE_CURVE_WITH_KNOTS('',2,(#14533,#14534,#14535),
  .UNSPECIFIED.,.F.,.F.,(3,3),(0.,1.),.PIECEWISE_BEZIER_KNOTS.);
#14533 = CARTESIAN_POINT('',(1.6019921875,0.32400390625));
#14534 = CARTESIAN_POINT('',(2.01599609375,0.32400390625));
#14535 = CARTESIAN_POINT('',(2.258994140625,0.651005859375));
#14536 = ( GEOMETRIC_REPRESENTATION_CONTEXT(2) 
PARAMETRIC_REPRESENTATION_CONTEXT() REPRESENTATION_CONTEXT('2D SPACE',''
  ) );
#14537 = PCURVE('',#14538,#14545);
#14538 = SURFACE_OF_LINEAR_EXTRUSION('',#14539,#14543);
#14539 = B_SPLINE_CURVE_WITH_KNOTS('',2,(#14540,#14541,#14542),
  .UNSPECIFIED.,.F.,.F.,(3,3),(0.,1.),.PIECEWISE_BEZIER_KNOTS.);
#14540 = CARTESIAN_POINT('',(82.450986328125,-45.17599639892,32.9));
#14541 = CARTESIAN_POINT('',(82.864990234375,-45.17599639892,32.9));
#14542 = CARTESIAN_POINT('',(83.10798828125,-44.8489944458,32.9));
#14543 = VECTOR('',#14544,1.);
#14544 = DIRECTION('',(-0.,-0.,-1.));
#14545 = DEFINITIONAL_REPRESENTATION('',(#14546),#14550);
#14546 = LINE('',#14547,#14548);
#14547 = CARTESIAN_POINT('',(0.,0.));
#14548 = VECTOR('',#14549,1.);
#14549 = DIRECTION('',(1.,0.));
#14550 = ( GEOMETRIC_REPRESENTATION_CONTEXT(2) 
PARAMETRIC_REPRESENTATION_CONTEXT() REPRESENTATION_CONTEXT('2D SPACE',''
  ) );
#14551 = ORIENTED_EDGE('',*,*,#14552,.T.);
#14552 = EDGE_CURVE('',#14523,#14553,#14555,.T.);
#14553 = VERTEX_POINT('',#14554);
#14554 = CARTESIAN_POINT('',(83.350986328125,-43.97000030517,32.9));
#14555 = SURFACE_CURVE('',#14556,(#14560,#14567),.PCURVE_S1.);
#14556 = B_SPLINE_CURVE_WITH_KNOTS('',2,(#14557,#14558,#14559),
  .UNSPECIFIED.,.F.,.F.,(3,3),(0.,1.),.PIECEWISE_BEZIER_KNOTS.);
#14557 = CARTESIAN_POINT('',(83.10798828125,-44.8489944458,32.9));
#14558 = CARTESIAN_POINT('',(83.350986328125,-44.52199249267,32.9));
#14559 = CARTESIAN_POINT('',(83.350986328125,-43.97000030517,32.9));
#14560 = PCURVE('',#10672,#14561);
#14561 = DEFINITIONAL_REPRESENTATION('',(#14562),#14566);
#14562 = B_SPLINE_CURVE_WITH_KNOTS('',2,(#14563,#14564,#14565),
  .UNSPECIFIED.,.F.,.F.,(3,3),(0.,1.),.PIECEWISE_BEZIER_KNOTS.);
#14563 = CARTESIAN_POINT('',(2.258994140625,0.651005859375));
#14564 = CARTESIAN_POINT('',(2.5019921875,0.9780078125));
#14565 = CARTESIAN_POINT('',(2.5019921875,1.53));
#14566 = ( GEOMETRIC_REPRESENTATION_CONTEXT(2) 
PARAMETRIC_REPRESENTATION_CONTEXT() REPRESENTATION_CONTEXT('2D SPACE',''
  ) );
#14567 = PCURVE('',#14568,#14575);
#14568 = SURFACE_OF_LINEAR_EXTRUSION('',#14569,#14573);
#14569 = B_SPLINE_CURVE_WITH_KNOTS('',2,(#14570,#14571,#14572),
  .UNSPECIFIED.,.F.,.F.,(3,3),(0.,1.),.PIECEWISE_BEZIER_KNOTS.);
#14570 = CARTESIAN_POINT('',(83.10798828125,-44.8489944458,32.9));
#14571 = CARTESIAN_POINT('',(83.350986328125,-44.52199249267,32.9));
#14572 = CARTESIAN_POINT('',(83.350986328125,-43.97000030517,32.9));
#14573 = VECTOR('',#14574,1.);
#14574 = DIRECTION('',(-0.,-0.,-1.));
#14575 = DEFINITIONAL_REPRESENTATION('',(#14576),#14580);
#14576 = LINE('',#14577,#14578);
#14577 = CARTESIAN_POINT('',(0.,0.));
#14578 = VECTOR('',#14579,1.);
#14579 = DIRECTION('',(1.,0.));
#14580 = ( GEOMETRIC_REPRESENTATION_CONTEXT(2) 
PARAMETRIC_REPRESENTATION_CONTEXT() REPRESENTATION_CONTEXT('2D SPACE',''
  ) );
#14581 = ORIENTED_EDGE('',*,*,#14582,.T.);
#14582 = EDGE_CURVE('',#14553,#14583,#14585,.T.);
#14583 = VERTEX_POINT('',#14584);
#14584 = CARTESIAN_POINT('',(83.113994140625,-43.05800811767,32.9));
#14585 = SURFACE_CURVE('',#14586,(#14590,#14597),.PCURVE_S1.);
#14586 = B_SPLINE_CURVE_WITH_KNOTS('',2,(#14587,#14588,#14589),
  .UNSPECIFIED.,.F.,.F.,(3,3),(0.,1.),.PIECEWISE_BEZIER_KNOTS.);
#14587 = CARTESIAN_POINT('',(83.350986328125,-43.97000030517,32.9));
#14588 = CARTESIAN_POINT('',(83.350986328125,-43.38800811767,32.9));
#14589 = CARTESIAN_POINT('',(83.113994140625,-43.05800811767,32.9));
#14590 = PCURVE('',#10672,#14591);
#14591 = DEFINITIONAL_REPRESENTATION('',(#14592),#14596);
#14592 = B_SPLINE_CURVE_WITH_KNOTS('',2,(#14593,#14594,#14595),
  .UNSPECIFIED.,.F.,.F.,(3,3),(0.,1.),.PIECEWISE_BEZIER_KNOTS.);
#14593 = CARTESIAN_POINT('',(2.5019921875,1.53));
#14594 = CARTESIAN_POINT('',(2.5019921875,2.1119921875));
#14595 = CARTESIAN_POINT('',(2.265,2.4419921875));
#14596 = ( GEOMETRIC_REPRESENTATION_CONTEXT(2) 
PARAMETRIC_REPRESENTATION_CONTEXT() REPRESENTATION_CONTEXT('2D SPACE',''
  ) );
#14597 = PCURVE('',#14598,#14605);
#14598 = SURFACE_OF_LINEAR_EXTRUSION('',#14599,#14603);
#14599 = B_SPLINE_CURVE_WITH_KNOTS('',2,(#14600,#14601,#14602),
  .UNSPECIFIED.,.F.,.F.,(3,3),(0.,1.),.PIECEWISE_BEZIER_KNOTS.);
#14600 = CARTESIAN_POINT('',(83.350986328125,-43.97000030517,32.9));
#14601 = CARTESIAN_POINT('',(83.350986328125,-43.38800811767,32.9));
#14602 = CARTESIAN_POINT('',(83.113994140625,-43.05800811767,32.9));
#14603 = VECTOR('',#14604,1.);
#14604 = DIRECTION('',(-0.,-0.,-1.));
#14605 = DEFINITIONAL_REPRESENTATION('',(#14606),#14610);
#14606 = LINE('',#14607,#14608);
#14607 = CARTESIAN_POINT('',(0.,0.));
#14608 = VECTOR('',#14609,1.);
#14609 = DIRECTION('',(1.,0.));
#14610 = ( GEOMETRIC_REPRESENTATION_CONTEXT(2) 
PARAMETRIC_REPRESENTATION_CONTEXT() REPRESENTATION_CONTEXT('2D SPACE',''
  ) );
#14611 = ORIENTED_EDGE('',*,*,#14612,.T.);
#14612 = EDGE_CURVE('',#14583,#14401,#14613,.T.);
#14613 = SURFACE_CURVE('',#14614,(#14618,#14625),.PCURVE_S1.);
#14614 = B_SPLINE_CURVE_WITH_KNOTS('',2,(#14615,#14616,#14617),
  .UNSPECIFIED.,.F.,.F.,(3,3),(0.,1.),.PIECEWISE_BEZIER_KNOTS.);
#14615 = CARTESIAN_POINT('',(83.113994140625,-43.05800811767,32.9));
#14616 = CARTESIAN_POINT('',(82.877001953125,-42.72800811767,32.9));
#14617 = CARTESIAN_POINT('',(82.450986328125,-42.72800811767,32.9));
#14618 = PCURVE('',#10672,#14619);
#14619 = DEFINITIONAL_REPRESENTATION('',(#14620),#14624);
#14620 = B_SPLINE_CURVE_WITH_KNOTS('',2,(#14621,#14622,#14623),
  .UNSPECIFIED.,.F.,.F.,(3,3),(0.,1.),.PIECEWISE_BEZIER_KNOTS.);
#14621 = CARTESIAN_POINT('',(2.265,2.4419921875));
#14622 = CARTESIAN_POINT('',(2.0280078125,2.7719921875));
#14623 = CARTESIAN_POINT('',(1.6019921875,2.7719921875));
#14624 = ( GEOMETRIC_REPRESENTATION_CONTEXT(2) 
PARAMETRIC_REPRESENTATION_CONTEXT() REPRESENTATION_CONTEXT('2D SPACE',''
  ) );
#14625 = PCURVE('',#14626,#14633);
#14626 = SURFACE_OF_LINEAR_EXTRUSION('',#14627,#14631);
#14627 = B_SPLINE_CURVE_WITH_KNOTS('',2,(#14628,#14629,#14630),
  .UNSPECIFIED.,.F.,.F.,(3,3),(0.,1.),.PIECEWISE_BEZIER_KNOTS.);
#14628 = CARTESIAN_POINT('',(83.113994140625,-43.05800811767,32.9));
#14629 = CARTESIAN_POINT('',(82.877001953125,-42.72800811767,32.9));
#14630 = CARTESIAN_POINT('',(82.450986328125,-42.72800811767,32.9));
#14631 = VECTOR('',#14632,1.);
#14632 = DIRECTION('',(-0.,-0.,-1.));
#14633 = DEFINITIONAL_REPRESENTATION('',(#14634),#14638);
#14634 = LINE('',#14635,#14636);
#14635 = CARTESIAN_POINT('',(0.,0.));
#14636 = VECTOR('',#14637,1.);
#14637 = DIRECTION('',(1.,0.));
#14638 = ( GEOMETRIC_REPRESENTATION_CONTEXT(2) 
PARAMETRIC_REPRESENTATION_CONTEXT() REPRESENTATION_CONTEXT('2D SPACE',''
  ) );
#14639 = ADVANCED_FACE('',(#14640),#11069,.T.);
#14640 = FACE_BOUND('',#14641,.F.);
#14641 = EDGE_LOOP('',(#14642,#14643,#14644,#14645,#14646,#14647,#14648,
    #14649,#14650,#14651,#14652,#14653,#14654));
#14642 = ORIENTED_EDGE('',*,*,#11051,.T.);
#14643 = ORIENTED_EDGE('',*,*,#11127,.T.);
#14644 = ORIENTED_EDGE('',*,*,#11225,.T.);
#14645 = ORIENTED_EDGE('',*,*,#11323,.T.);
#14646 = ORIENTED_EDGE('',*,*,#11421,.T.);
#14647 = ORIENTED_EDGE('',*,*,#11519,.T.);
#14648 = ORIENTED_EDGE('',*,*,#11617,.T.);
#14649 = ORIENTED_EDGE('',*,*,#11666,.T.);
#14650 = ORIENTED_EDGE('',*,*,#11568,.T.);
#14651 = ORIENTED_EDGE('',*,*,#11470,.T.);
#14652 = ORIENTED_EDGE('',*,*,#11372,.T.);
#14653 = ORIENTED_EDGE('',*,*,#11274,.T.);
#14654 = ORIENTED_EDGE('',*,*,#11176,.T.);
#14655 = ADVANCED_FACE('',(#14656),#11738,.T.);
#14656 = FACE_BOUND('',#14657,.F.);
#14657 = EDGE_LOOP('',(#14658,#14659,#14660,#14661,#14662,#14663,#14664,
    #14665,#14666,#14667,#14668,#14669,#14670));
#14658 = ORIENTED_EDGE('',*,*,#11720,.T.);
#14659 = ORIENTED_EDGE('',*,*,#12335,.T.);
#14660 = ORIENTED_EDGE('',*,*,#12286,.T.);
#14661 = ORIENTED_EDGE('',*,*,#12237,.T.);
#14662 = ORIENTED_EDGE('',*,*,#12188,.T.);
#14663 = ORIENTED_EDGE('',*,*,#12139,.T.);
#14664 = ORIENTED_EDGE('',*,*,#12090,.T.);
#14665 = ORIENTED_EDGE('',*,*,#12041,.T.);
#14666 = ORIENTED_EDGE('',*,*,#11992,.T.);
#14667 = ORIENTED_EDGE('',*,*,#11943,.T.);
#14668 = ORIENTED_EDGE('',*,*,#11894,.T.);
#14669 = ORIENTED_EDGE('',*,*,#11845,.T.);
#14670 = ORIENTED_EDGE('',*,*,#11796,.T.);
#14671 = ADVANCED_FACE('',(#14672,#14682),#12380,.T.);
#14672 = FACE_BOUND('',#14673,.F.);
#14673 = EDGE_LOOP('',(#14674,#14675,#14676,#14677,#14678,#14679,#14680,
    #14681));
#14674 = ORIENTED_EDGE('',*,*,#12362,.T.);
#14675 = ORIENTED_EDGE('',*,*,#12732,.T.);
#14676 = ORIENTED_EDGE('',*,*,#12683,.T.);
#14677 = ORIENTED_EDGE('',*,*,#12634,.T.);
#14678 = ORIENTED_EDGE('',*,*,#12585,.T.);
#14679 = ORIENTED_EDGE('',*,*,#12536,.T.);
#14680 = ORIENTED_EDGE('',*,*,#12487,.T.);
#14681 = ORIENTED_EDGE('',*,*,#12438,.T.);
#14682 = FACE_BOUND('',#14683,.F.);
#14683 = EDGE_LOOP('',(#14684,#14714,#14742));
#14684 = ORIENTED_EDGE('',*,*,#14685,.T.);
#14685 = EDGE_CURVE('',#14686,#14688,#14690,.T.);
#14686 = VERTEX_POINT('',#14687);
#14687 = CARTESIAN_POINT('',(85.989501953125,-29.85900405883,32.9));
#14688 = VERTEX_POINT('',#14689);
#14689 = CARTESIAN_POINT('',(86.685498046875,-29.85900405883,32.9));
#14690 = SURFACE_CURVE('',#14691,(#14695,#14702),.PCURVE_S1.);
#14691 = LINE('',#14692,#14693);
#14692 = CARTESIAN_POINT('',(85.989501953125,-29.85900405883,32.9));
#14693 = VECTOR('',#14694,1.);
#14694 = DIRECTION('',(1.,0.,0.));
#14695 = PCURVE('',#12380,#14696);
#14696 = DEFINITIONAL_REPRESENTATION('',(#14697),#14701);
#14697 = LINE('',#14698,#14699);
#14698 = CARTESIAN_POINT('',(0.642001953125,0.89099609375));
#14699 = VECTOR('',#14700,1.);
#14700 = DIRECTION('',(1.,0.));
#14701 = ( GEOMETRIC_REPRESENTATION_CONTEXT(2) 
PARAMETRIC_REPRESENTATION_CONTEXT() REPRESENTATION_CONTEXT('2D SPACE',''
  ) );
#14702 = PCURVE('',#14703,#14708);
#14703 = PLANE('',#14704);
#14704 = AXIS2_PLACEMENT_3D('',#14705,#14706,#14707);
#14705 = CARTESIAN_POINT('',(85.989501953125,-29.85900405883,32.9));
#14706 = DIRECTION('',(0.,1.,0.));
#14707 = DIRECTION('',(1.,0.,0.));
#14708 = DEFINITIONAL_REPRESENTATION('',(#14709),#14713);
#14709 = LINE('',#14710,#14711);
#14710 = CARTESIAN_POINT('',(0.,0.));
#14711 = VECTOR('',#14712,1.);
#14712 = DIRECTION('',(1.,0.));
#14713 = ( GEOMETRIC_REPRESENTATION_CONTEXT(2) 
PARAMETRIC_REPRESENTATION_CONTEXT() REPRESENTATION_CONTEXT('2D SPACE',''
  ) );
#14714 = ORIENTED_EDGE('',*,*,#14715,.T.);
#14715 = EDGE_CURVE('',#14688,#14716,#14718,.T.);
#14716 = VERTEX_POINT('',#14717);
#14717 = CARTESIAN_POINT('',(86.349501953125,-28.86299819946,32.9));
#14718 = SURFACE_CURVE('',#14719,(#14723,#14730),.PCURVE_S1.);
#14719 = LINE('',#14720,#14721);
#14720 = CARTESIAN_POINT('',(86.685498046875,-29.85900405883,32.9));
#14721 = VECTOR('',#14722,1.);
#14722 = DIRECTION('',(-0.319645507704,0.947537202122,0.));
#14723 = PCURVE('',#12380,#14724);
#14724 = DEFINITIONAL_REPRESENTATION('',(#14725),#14729);
#14725 = LINE('',#14726,#14727);
#14726 = CARTESIAN_POINT('',(1.337998046875,0.89099609375));
#14727 = VECTOR('',#14728,1.);
#14728 = DIRECTION('',(-0.319645507704,0.947537202122));
#14729 = ( GEOMETRIC_REPRESENTATION_CONTEXT(2) 
PARAMETRIC_REPRESENTATION_CONTEXT() REPRESENTATION_CONTEXT('2D SPACE',''
  ) );
#14730 = PCURVE('',#14731,#14736);
#14731 = PLANE('',#14732);
#14732 = AXIS2_PLACEMENT_3D('',#14733,#14734,#14735);
#14733 = CARTESIAN_POINT('',(86.685498046875,-29.85900405883,32.9));
#14734 = DIRECTION('',(-0.947537202122,-0.319645507704,0.));
#14735 = DIRECTION('',(-0.319645507704,0.947537202122,0.));
#14736 = DEFINITIONAL_REPRESENTATION('',(#14737),#14741);
#14737 = LINE('',#14738,#14739);
#14738 = CARTESIAN_POINT('',(0.,0.));
#14739 = VECTOR('',#14740,1.);
#14740 = DIRECTION('',(1.,0.));
#14741 = ( GEOMETRIC_REPRESENTATION_CONTEXT(2) 
PARAMETRIC_REPRESENTATION_CONTEXT() REPRESENTATION_CONTEXT('2D SPACE',''
  ) );
#14742 = ORIENTED_EDGE('',*,*,#14743,.T.);
#14743 = EDGE_CURVE('',#14716,#14686,#14744,.T.);
#14744 = SURFACE_CURVE('',#14745,(#14749,#14756),.PCURVE_S1.);
#14745 = LINE('',#14746,#14747);
#14746 = CARTESIAN_POINT('',(86.349501953125,-28.86299819946,32.9));
#14747 = VECTOR('',#14748,1.);
#14748 = DIRECTION('',(-0.33992111536,-0.940453951734,0.));
#14749 = PCURVE('',#12380,#14750);
#14750 = DEFINITIONAL_REPRESENTATION('',(#14751),#14755);
#14751 = LINE('',#14752,#14753);
#14752 = CARTESIAN_POINT('',(1.002001953125,1.887001953125));
#14753 = VECTOR('',#14754,1.);
#14754 = DIRECTION('',(-0.33992111536,-0.940453951734));
#14755 = ( GEOMETRIC_REPRESENTATION_CONTEXT(2) 
PARAMETRIC_REPRESENTATION_CONTEXT() REPRESENTATION_CONTEXT('2D SPACE',''
  ) );
#14756 = PCURVE('',#14757,#14762);
#14757 = PLANE('',#14758);
#14758 = AXIS2_PLACEMENT_3D('',#14759,#14760,#14761);
#14759 = CARTESIAN_POINT('',(86.349501953125,-28.86299819946,32.9));
#14760 = DIRECTION('',(0.940453951734,-0.33992111536,0.));
#14761 = DIRECTION('',(-0.33992111536,-0.940453951734,0.));
#14762 = DEFINITIONAL_REPRESENTATION('',(#14763),#14767);
#14763 = LINE('',#14764,#14765);
#14764 = CARTESIAN_POINT('',(0.,0.));
#14765 = VECTOR('',#14766,1.);
#14766 = DIRECTION('',(1.,-0.));
#14767 = ( GEOMETRIC_REPRESENTATION_CONTEXT(2) 
PARAMETRIC_REPRESENTATION_CONTEXT() REPRESENTATION_CONTEXT('2D SPACE',''
  ) );
#14768 = ADVANCED_FACE('',(#14769),#12777,.T.);
#14769 = FACE_BOUND('',#14770,.F.);
#14770 = EDGE_LOOP('',(#14771,#14772,#14773,#14774));
#14771 = ORIENTED_EDGE('',*,*,#12759,.T.);
#14772 = ORIENTED_EDGE('',*,*,#12933,.T.);
#14773 = ORIENTED_EDGE('',*,*,#12884,.T.);
#14774 = ORIENTED_EDGE('',*,*,#12835,.T.);
#14775 = ADVANCED_FACE('',(#14776,#14779),#13004,.F.);
#14776 = FACE_BOUND('',#14777,.F.);
#14777 = EDGE_LOOP('',(#14778));
#14778 = ORIENTED_EDGE('',*,*,#13989,.T.);
#14779 = FACE_BOUND('',#14780,.F.);
#14780 = EDGE_LOOP('',(#14781));
#14781 = ORIENTED_EDGE('',*,*,#12987,.T.);
#14782 = ADVANCED_FACE('',(#14783),#13064,.T.);
#14783 = FACE_BOUND('',#14784,.F.);
#14784 = EDGE_LOOP('',(#14785,#14786,#14787,#14788,#14789,#14790,#14791,
    #14792,#14793,#14794));
#14785 = ORIENTED_EDGE('',*,*,#13046,.T.);
#14786 = ORIENTED_EDGE('',*,*,#13514,.T.);
#14787 = ORIENTED_EDGE('',*,*,#13465,.T.);
#14788 = ORIENTED_EDGE('',*,*,#13416,.T.);
#14789 = ORIENTED_EDGE('',*,*,#13367,.T.);
#14790 = ORIENTED_EDGE('',*,*,#13318,.T.);
#14791 = ORIENTED_EDGE('',*,*,#13269,.T.);
#14792 = ORIENTED_EDGE('',*,*,#13220,.T.);
#14793 = ORIENTED_EDGE('',*,*,#13171,.T.);
#14794 = ORIENTED_EDGE('',*,*,#13122,.T.);
#14795 = ADVANCED_FACE('',(#14796),#13559,.T.);
#14796 = FACE_BOUND('',#14797,.F.);
#14797 = EDGE_LOOP('',(#14798,#14799,#14800,#14801,#14802,#14803,#14804,
    #14805));
#14798 = ORIENTED_EDGE('',*,*,#13541,.T.);
#14799 = ORIENTED_EDGE('',*,*,#13911,.T.);
#14800 = ORIENTED_EDGE('',*,*,#13862,.T.);
#14801 = ORIENTED_EDGE('',*,*,#13813,.T.);
#14802 = ORIENTED_EDGE('',*,*,#13764,.T.);
#14803 = ORIENTED_EDGE('',*,*,#13715,.T.);
#14804 = ORIENTED_EDGE('',*,*,#13666,.T.);
#14805 = ORIENTED_EDGE('',*,*,#13617,.T.);
#14806 = ADVANCED_FACE('',(#14807),#14054,.F.);
#14807 = FACE_BOUND('',#14808,.F.);
#14808 = EDGE_LOOP('',(#14809));
#14809 = ORIENTED_EDGE('',*,*,#14039,.T.);
#14810 = ADVANCED_FACE('',(#14811),#14102,.F.);
#14811 = FACE_BOUND('',#14812,.F.);
#14812 = EDGE_LOOP('',(#14813,#14814,#14837,#14886));
#14813 = ORIENTED_EDGE('',*,*,#14084,.F.);
#14814 = ORIENTED_EDGE('',*,*,#14815,.T.);
#14815 = EDGE_CURVE('',#14085,#14816,#14818,.T.);
#14816 = VERTEX_POINT('',#14817);
#14817 = CARTESIAN_POINT('',(68.339013671875,-42.73400421142,33.5));
#14818 = SURFACE_CURVE('',#14819,(#14823,#14830),.PCURVE_S1.);
#14819 = LINE('',#14820,#14821);
#14820 = CARTESIAN_POINT('',(68.339013671875,-42.73400421142,32.9));
#14821 = VECTOR('',#14822,1.);
#14822 = DIRECTION('',(0.,0.,1.));
#14823 = PCURVE('',#14102,#14824);
#14824 = DEFINITIONAL_REPRESENTATION('',(#14825),#14829);
#14825 = LINE('',#14826,#14827);
#14826 = CARTESIAN_POINT('',(0.,0.));
#14827 = VECTOR('',#14828,1.);
#14828 = DIRECTION('',(0.,-1.));
#14829 = ( GEOMETRIC_REPRESENTATION_CONTEXT(2) 
PARAMETRIC_REPRESENTATION_CONTEXT() REPRESENTATION_CONTEXT('2D SPACE',''
  ) );
#14830 = PCURVE('',#14310,#14831);
#14831 = DEFINITIONAL_REPRESENTATION('',(#14832),#14836);
#14832 = LINE('',#14833,#14834);
#14833 = CARTESIAN_POINT('',(1.,0.));
#14834 = VECTOR('',#14835,1.);
#14835 = DIRECTION('',(0.,-1.));
#14836 = ( GEOMETRIC_REPRESENTATION_CONTEXT(2) 
PARAMETRIC_REPRESENTATION_CONTEXT() REPRESENTATION_CONTEXT('2D SPACE',''
  ) );
#14837 = ORIENTED_EDGE('',*,*,#14838,.F.);
#14838 = EDGE_CURVE('',#14839,#14816,#14841,.T.);
#14839 = VERTEX_POINT('',#14840);
#14840 = CARTESIAN_POINT('',(67.67900390625,-43.07000030517,33.5));
#14841 = SURFACE_CURVE('',#14842,(#14853,#14867),.PCURVE_S1.);
#14842 = B_SPLINE_CURVE_WITH_KNOTS('',5,(#14843,#14844,#14845,#14846,
    #14847,#14848,#14849,#14850,#14851,#14852),.UNSPECIFIED.,.F.,.F.,(6,
    4,6),(0.,0.537020845872,1.),.UNSPECIFIED.);
#14843 = CARTESIAN_POINT('',(67.67900390625,-43.07000030517,33.5));
#14844 = CARTESIAN_POINT('',(67.731329918433,-43.00023364076,33.5));
#14845 = CARTESIAN_POINT('',(67.789050806289,-42.93793365416,33.5));
#14846 = CARTESIAN_POINT('',(67.852266375417,-42.88429739171,33.5));
#14847 = CARTESIAN_POINT('',(67.920810620432,-42.8403266421,33.5));
#14848 = CARTESIAN_POINT('',(68.057042276065,-42.7770445257,33.5));
#14849 = CARTESIAN_POINT('',(68.123569058851,-42.75515765463,33.5));
#14850 = CARTESIAN_POINT('',(68.193105802338,-42.74089462547,33.5));
#14851 = CARTESIAN_POINT('',(68.26510736159,-42.73400421142,33.5));
#14852 = CARTESIAN_POINT('',(68.339013671875,-42.73400421142,33.5));
#14853 = PCURVE('',#14102,#14854);
#14854 = DEFINITIONAL_REPRESENTATION('',(#14855),#14866);
#14855 = B_SPLINE_CURVE_WITH_KNOTS('',5,(#14856,#14857,#14858,#14859,
    #14860,#14861,#14862,#14863,#14864,#14865),.UNSPECIFIED.,.F.,.F.,(6,
    4,6),(0.,0.537020845872,1.),.UNSPECIFIED.);
#14856 = CARTESIAN_POINT('',(1.,-0.6));
#14857 = CARTESIAN_POINT('',(0.896179351918,-0.6));
#14858 = CARTESIAN_POINT('',(0.78999596315,-0.6));
#14859 = CARTESIAN_POINT('',(0.682008638251,-0.6));
#14860 = CARTESIAN_POINT('',(0.572990823737,-0.6));
#14861 = CARTESIAN_POINT('',(0.37003627444,-0.6));
#14862 = CARTESIAN_POINT('',(0.276056402208,-0.6));
#14863 = CARTESIAN_POINT('',(0.182725848785,-0.6));
#14864 = CARTESIAN_POINT('',(9.056972442736E-02,-0.6));
#14865 = CARTESIAN_POINT('',(0.,-0.6));
#14866 = ( GEOMETRIC_REPRESENTATION_CONTEXT(2) 
PARAMETRIC_REPRESENTATION_CONTEXT() REPRESENTATION_CONTEXT('2D SPACE',''
  ) );
#14867 = PCURVE('',#14868,#14873);
#14868 = PLANE('',#14869);
#14869 = AXIS2_PLACEMENT_3D('',#14870,#14871,#14872);
#14870 = CARTESIAN_POINT('',(58.,-58.5,33.5));
#14871 = DIRECTION('',(0.,0.,1.));
#14872 = DIRECTION('',(1.,0.,-0.));
#14873 = DEFINITIONAL_REPRESENTATION('',(#14874),#14885);
#14874 = B_SPLINE_CURVE_WITH_KNOTS('',5,(#14875,#14876,#14877,#14878,
    #14879,#14880,#14881,#14882,#14883,#14884),.UNSPECIFIED.,.F.,.F.,(6,
    4,6),(0.,0.537020845872,1.),.UNSPECIFIED.);
#14875 = CARTESIAN_POINT('',(9.67900390625,15.429999694824));
#14876 = CARTESIAN_POINT('',(9.731329918433,15.499766359236));
#14877 = CARTESIAN_POINT('',(9.789050806289,15.562066345833));
#14878 = CARTESIAN_POINT('',(9.852266375417,15.615702608287));
#14879 = CARTESIAN_POINT('',(9.920810620432,15.659673357898));
#14880 = CARTESIAN_POINT('',(10.057042276065,15.722955474295));
#14881 = CARTESIAN_POINT('',(10.123569058851,15.74484234537));
#14882 = CARTESIAN_POINT('',(10.193105802338,15.759105374522));
#14883 = CARTESIAN_POINT('',(10.26510736159,15.765995788574));
#14884 = CARTESIAN_POINT('',(10.339013671875,15.765995788574));
#14885 = ( GEOMETRIC_REPRESENTATION_CONTEXT(2) 
PARAMETRIC_REPRESENTATION_CONTEXT() REPRESENTATION_CONTEXT('2D SPACE',''
  ) );
#14886 = ORIENTED_EDGE('',*,*,#14887,.F.);
#14887 = EDGE_CURVE('',#14087,#14839,#14888,.T.);
#14888 = SURFACE_CURVE('',#14889,(#14893,#14900),.PCURVE_S1.);
#14889 = LINE('',#14890,#14891);
#14890 = CARTESIAN_POINT('',(67.67900390625,-43.07000030517,32.9));
#14891 = VECTOR('',#14892,1.);
#14892 = DIRECTION('',(0.,0.,1.));
#14893 = PCURVE('',#14102,#14894);
#14894 = DEFINITIONAL_REPRESENTATION('',(#14895),#14899);
#14895 = LINE('',#14896,#14897);
#14896 = CARTESIAN_POINT('',(1.,0.));
#14897 = VECTOR('',#14898,1.);
#14898 = DIRECTION('',(0.,-1.));
#14899 = ( GEOMETRIC_REPRESENTATION_CONTEXT(2) 
PARAMETRIC_REPRESENTATION_CONTEXT() REPRESENTATION_CONTEXT('2D SPACE',''
  ) );
#14900 = PCURVE('',#14132,#14901);
#14901 = DEFINITIONAL_REPRESENTATION('',(#14902),#14906);
#14902 = LINE('',#14903,#14904);
#14903 = CARTESIAN_POINT('',(0.,0.));
#14904 = VECTOR('',#14905,1.);
#14905 = DIRECTION('',(0.,-1.));
#14906 = ( GEOMETRIC_REPRESENTATION_CONTEXT(2) 
PARAMETRIC_REPRESENTATION_CONTEXT() REPRESENTATION_CONTEXT('2D SPACE',''
  ) );
#14907 = ADVANCED_FACE('',(#14908),#14132,.F.);
#14908 = FACE_BOUND('',#14909,.F.);
#14909 = EDGE_LOOP('',(#14910,#14911,#14912,#14956));
#14910 = ORIENTED_EDGE('',*,*,#14116,.F.);
#14911 = ORIENTED_EDGE('',*,*,#14887,.T.);
#14912 = ORIENTED_EDGE('',*,*,#14913,.F.);
#14913 = EDGE_CURVE('',#14914,#14839,#14916,.T.);
#14914 = VERTEX_POINT('',#14915);
#14915 = CARTESIAN_POINT('',(67.427001953125,-43.95199249267,33.5));
#14916 = SURFACE_CURVE('',#14917,(#14928,#14942),.PCURVE_S1.);
#14917 = B_SPLINE_CURVE_WITH_KNOTS('',5,(#14918,#14919,#14920,#14921,
    #14922,#14923,#14924,#14925,#14926,#14927),.UNSPECIFIED.,.F.,.F.,(6,
    4,6),(0.,0.516173518625,1.),.UNSPECIFIED.);
#14918 = CARTESIAN_POINT('',(67.427001953125,-43.95199249267,33.5));
#14919 = CARTESIAN_POINT('',(67.427001953125,-43.84775640181,33.5));
#14920 = CARTESIAN_POINT('',(67.432742996386,-43.74570148998,33.5));
#14921 = CARTESIAN_POINT('',(67.444794299762,-43.64634273562,33.5));
#14922 = CARTESIAN_POINT('',(67.463754228291,-43.55036361906,33.5));
#14923 = CARTESIAN_POINT('',(67.51460575819,-43.37238622033,33.5));
#14924 = CARTESIAN_POINT('',(67.545614630424,-43.28987931017,33.5));
#14925 = CARTESIAN_POINT('',(67.583331051065,-43.21160935229,33.5));
#14926 = CARTESIAN_POINT('',(67.6278746624,-43.13817130939,33.5));
#14927 = CARTESIAN_POINT('',(67.67900390625,-43.07000030517,33.5));
#14928 = PCURVE('',#14132,#14929);
#14929 = DEFINITIONAL_REPRESENTATION('',(#14930),#14941);
#14930 = B_SPLINE_CURVE_WITH_KNOTS('',5,(#14931,#14932,#14933,#14934,
    #14935,#14936,#14937,#14938,#14939,#14940),.UNSPECIFIED.,.F.,.F.,(6,
    4,6),(0.,0.516173518625,1.),.UNSPECIFIED.);
#14931 = CARTESIAN_POINT('',(1.,-0.6));
#14932 = CARTESIAN_POINT('',(0.904545021426,-0.6));
#14933 = CARTESIAN_POINT('',(0.80670633843,-0.6));
#14934 = CARTESIAN_POINT('',(0.706521162573,-0.6));
#14935 = CARTESIAN_POINT('',(0.604158768574,-0.6));
#14936 = CARTESIAN_POINT('',(0.402368547233,-0.6));
#14937 = CARTESIAN_POINT('',(0.303148572967,-0.6));
#14938 = CARTESIAN_POINT('',(0.202689919441,-0.6));
#14939 = CARTESIAN_POINT('',(0.101446126144,-0.6));
#14940 = CARTESIAN_POINT('',(0.,-0.6));
#14941 = ( GEOMETRIC_REPRESENTATION_CONTEXT(2) 
PARAMETRIC_REPRESENTATION_CONTEXT() REPRESENTATION_CONTEXT('2D SPACE',''
  ) );
#14942 = PCURVE('',#14868,#14943);
#14943 = DEFINITIONAL_REPRESENTATION('',(#14944),#14955);
#14944 = B_SPLINE_CURVE_WITH_KNOTS('',5,(#14945,#14946,#14947,#14948,
    #14949,#14950,#14951,#14952,#14953,#14954),.UNSPECIFIED.,.F.,.F.,(6,
    4,6),(0.,0.516173518625,1.),.UNSPECIFIED.);
#14945 = CARTESIAN_POINT('',(9.427001953125,14.548007507324));
#14946 = CARTESIAN_POINT('',(9.427001953125,14.652243598185));
#14947 = CARTESIAN_POINT('',(9.432742996386,14.754298510014));
#14948 = CARTESIAN_POINT('',(9.444794299762,14.853657264376));
#14949 = CARTESIAN_POINT('',(9.463754228291,14.949636380933));
#14950 = CARTESIAN_POINT('',(9.51460575819,15.127613779669));
#14951 = CARTESIAN_POINT('',(9.545614630424,15.210120689827));
#14952 = CARTESIAN_POINT('',(9.583331051065,15.288390647708));
#14953 = CARTESIAN_POINT('',(9.6278746624,15.361828690603));
#14954 = CARTESIAN_POINT('',(9.67900390625,15.429999694824));
#14955 = ( GEOMETRIC_REPRESENTATION_CONTEXT(2) 
PARAMETRIC_REPRESENTATION_CONTEXT() REPRESENTATION_CONTEXT('2D SPACE',''
  ) );
#14956 = ORIENTED_EDGE('',*,*,#14957,.F.);
#14957 = EDGE_CURVE('',#14117,#14914,#14958,.T.);
#14958 = SURFACE_CURVE('',#14959,(#14963,#14970),.PCURVE_S1.);
#14959 = LINE('',#14960,#14961);
#14960 = CARTESIAN_POINT('',(67.427001953125,-43.95199249267,32.9));
#14961 = VECTOR('',#14962,1.);
#14962 = DIRECTION('',(0.,0.,1.));
#14963 = PCURVE('',#14132,#14964);
#14964 = DEFINITIONAL_REPRESENTATION('',(#14965),#14969);
#14965 = LINE('',#14966,#14967);
#14966 = CARTESIAN_POINT('',(1.,0.));
#14967 = VECTOR('',#14968,1.);
#14968 = DIRECTION('',(0.,-1.));
#14969 = ( GEOMETRIC_REPRESENTATION_CONTEXT(2) 
PARAMETRIC_REPRESENTATION_CONTEXT() REPRESENTATION_CONTEXT('2D SPACE',''
  ) );
#14970 = PCURVE('',#14162,#14971);
#14971 = DEFINITIONAL_REPRESENTATION('',(#14972),#14976);
#14972 = LINE('',#14973,#14974);
#14973 = CARTESIAN_POINT('',(0.,0.));
#14974 = VECTOR('',#14975,1.);
#14975 = DIRECTION('',(0.,-1.));
#14976 = ( GEOMETRIC_REPRESENTATION_CONTEXT(2) 
PARAMETRIC_REPRESENTATION_CONTEXT() REPRESENTATION_CONTEXT('2D SPACE',''
  ) );
#14977 = ADVANCED_FACE('',(#14978),#14162,.F.);
#14978 = FACE_BOUND('',#14979,.F.);
#14979 = EDGE_LOOP('',(#14980,#14981,#14982,#15026));
#14980 = ORIENTED_EDGE('',*,*,#14146,.F.);
#14981 = ORIENTED_EDGE('',*,*,#14957,.T.);
#14982 = ORIENTED_EDGE('',*,*,#14983,.F.);
#14983 = EDGE_CURVE('',#14984,#14914,#14986,.T.);
#14984 = VERTEX_POINT('',#14985);
#14985 = CARTESIAN_POINT('',(67.67900390625,-44.8370022583,33.5));
#14986 = SURFACE_CURVE('',#14987,(#14998,#15012),.PCURVE_S1.);
#14987 = B_SPLINE_CURVE_WITH_KNOTS('',5,(#14988,#14989,#14990,#14991,
    #14992,#14993,#14994,#14995,#14996,#14997),.UNSPECIFIED.,.F.,.F.,(6,
    4,6),(0.,0.484723131443,1.),.UNSPECIFIED.);
#14988 = CARTESIAN_POINT('',(67.67900390625,-44.8370022583,33.5));
#14989 = CARTESIAN_POINT('',(67.627573386353,-44.7690414252,33.5));
#14990 = CARTESIAN_POINT('',(67.582843497889,-44.69556442326,33.5));
#14991 = CARTESIAN_POINT('',(67.545052038943,-44.61704391971,33.5));
#14992 = CARTESIAN_POINT('',(67.514048153638,-44.53412482634,33.5));
#14993 = CARTESIAN_POINT('',(67.463403349341,-44.35537344673,33.5));
#14994 = CARTESIAN_POINT('',(67.444599515725,-44.25904609386,33.5));
#14995 = CARTESIAN_POINT('',(67.432673825472,-44.15926540931,33.5));
#14996 = CARTESIAN_POINT('',(67.427001953125,-44.05673971245,33.5));
#14997 = CARTESIAN_POINT('',(67.427001953125,-43.95199249267,33.5));
#14998 = PCURVE('',#14162,#14999);
#14999 = DEFINITIONAL_REPRESENTATION('',(#15000),#15011);
#15000 = B_SPLINE_CURVE_WITH_KNOTS('',5,(#15001,#15002,#15003,#15004,
    #15005,#15006,#15007,#15008,#15009,#15010),.UNSPECIFIED.,.F.,.F.,(6,
    4,6),(0.,0.484723131443,1.),.UNSPECIFIED.);
#15001 = CARTESIAN_POINT('',(1.,-0.6));
#15002 = CARTESIAN_POINT('',(0.897956108555,-0.6));
#15003 = CARTESIAN_POINT('',(0.79619057836,-0.6));
#15004 = CARTESIAN_POINT('',(0.69531873729,-0.6));
#15005 = CARTESIAN_POINT('',(0.595805977351,-0.6));
#15006 = CARTESIAN_POINT('',(0.394028981358,-0.6));
#15007 = CARTESIAN_POINT('',(0.291975284499,-0.6));
#15008 = CARTESIAN_POINT('',(0.192208159812,-0.6));
#15009 = CARTESIAN_POINT('',(9.487771384011E-02,-0.6));
#15010 = CARTESIAN_POINT('',(0.,-0.6));
#15011 = ( GEOMETRIC_REPRESENTATION_CONTEXT(2) 
PARAMETRIC_REPRESENTATION_CONTEXT() REPRESENTATION_CONTEXT('2D SPACE',''
  ) );
#15012 = PCURVE('',#14868,#15013);
#15013 = DEFINITIONAL_REPRESENTATION('',(#15014),#15025);
#15014 = B_SPLINE_CURVE_WITH_KNOTS('',5,(#15015,#15016,#15017,#15018,
    #15019,#15020,#15021,#15022,#15023,#15024),.UNSPECIFIED.,.F.,.F.,(6,
    4,6),(0.,0.484723131443,1.),.UNSPECIFIED.);
#15015 = CARTESIAN_POINT('',(9.67900390625,13.662997741699));
#15016 = CARTESIAN_POINT('',(9.627573386353,13.730958574793));
#15017 = CARTESIAN_POINT('',(9.582843497889,13.804435576733));
#15018 = CARTESIAN_POINT('',(9.545052038943,13.882956080284));
#15019 = CARTESIAN_POINT('',(9.514048153638,13.965875173652));
#15020 = CARTESIAN_POINT('',(9.463403349341,14.144626553267));
#15021 = CARTESIAN_POINT('',(9.444599515725,14.240953906139));
#15022 = CARTESIAN_POINT('',(9.432673825472,14.340734590685));
#15023 = CARTESIAN_POINT('',(9.427001953125,14.443260287548));
#15024 = CARTESIAN_POINT('',(9.427001953125,14.548007507324));
#15025 = ( GEOMETRIC_REPRESENTATION_CONTEXT(2) 
PARAMETRIC_REPRESENTATION_CONTEXT() REPRESENTATION_CONTEXT('2D SPACE',''
  ) );
#15026 = ORIENTED_EDGE('',*,*,#15027,.F.);
#15027 = EDGE_CURVE('',#14147,#14984,#15028,.T.);
#15028 = SURFACE_CURVE('',#15029,(#15033,#15040),.PCURVE_S1.);
#15029 = LINE('',#15030,#15031);
#15030 = CARTESIAN_POINT('',(67.67900390625,-44.8370022583,32.9));
#15031 = VECTOR('',#15032,1.);
#15032 = DIRECTION('',(0.,0.,1.));
#15033 = PCURVE('',#14162,#15034);
#15034 = DEFINITIONAL_REPRESENTATION('',(#15035),#15039);
#15035 = LINE('',#15036,#15037);
#15036 = CARTESIAN_POINT('',(1.,0.));
#15037 = VECTOR('',#15038,1.);
#15038 = DIRECTION('',(0.,-1.));
#15039 = ( GEOMETRIC_REPRESENTATION_CONTEXT(2) 
PARAMETRIC_REPRESENTATION_CONTEXT() REPRESENTATION_CONTEXT('2D SPACE',''
  ) );
#15040 = PCURVE('',#14192,#15041);
#15041 = DEFINITIONAL_REPRESENTATION('',(#15042),#15046);
#15042 = LINE('',#15043,#15044);
#15043 = CARTESIAN_POINT('',(0.,0.));
#15044 = VECTOR('',#15045,1.);
#15045 = DIRECTION('',(0.,-1.));
#15046 = ( GEOMETRIC_REPRESENTATION_CONTEXT(2) 
PARAMETRIC_REPRESENTATION_CONTEXT() REPRESENTATION_CONTEXT('2D SPACE',''
  ) );
#15047 = ADVANCED_FACE('',(#15048),#14192,.F.);
#15048 = FACE_BOUND('',#15049,.F.);
#15049 = EDGE_LOOP('',(#15050,#15051,#15052,#15096));
#15050 = ORIENTED_EDGE('',*,*,#14176,.F.);
#15051 = ORIENTED_EDGE('',*,*,#15027,.T.);
#15052 = ORIENTED_EDGE('',*,*,#15053,.F.);
#15053 = EDGE_CURVE('',#15054,#14984,#15056,.T.);
#15054 = VERTEX_POINT('',#15055);
#15055 = CARTESIAN_POINT('',(68.345009765625,-45.17000030517,33.5));
#15056 = SURFACE_CURVE('',#15057,(#15068,#15082),.PCURVE_S1.);
#15057 = B_SPLINE_CURVE_WITH_KNOTS('',5,(#15058,#15059,#15060,#15061,
    #15062,#15063,#15064,#15065,#15066,#15067),.UNSPECIFIED.,.F.,.F.,(6,
    4,6),(0.,0.489679415024,1.),.UNSPECIFIED.);
#15058 = CARTESIAN_POINT('',(68.345009765625,-45.17000030517,33.5));
#15059 = CARTESIAN_POINT('',(68.266011744238,-45.17000030517,33.5));
#15060 = CARTESIAN_POINT('',(68.189180440577,-45.16242232258,33.5));
#15061 = CARTESIAN_POINT('',(68.115183339382,-45.14668416725,33.5));
#15062 = CARTESIAN_POINT('',(68.044676128603,-45.12247108523,33.5));
#15063 = CARTESIAN_POINT('',(67.908886221742,-45.05625712949,33.5));
#15064 = CARTESIAN_POINT('',(67.843919843679,-45.01353517322,33.5));
#15065 = CARTESIAN_POINT('',(67.783885820389,-44.9621685592,33.5));
#15066 = CARTESIAN_POINT('',(67.728939032843,-44.90298706286,33.5));
#15067 = CARTESIAN_POINT('',(67.67900390625,-44.8370022583,33.5));
#15068 = PCURVE('',#14192,#15069);
#15069 = DEFINITIONAL_REPRESENTATION('',(#15070),#15081);
#15070 = B_SPLINE_CURVE_WITH_KNOTS('',5,(#15071,#15072,#15073,#15074,
    #15075,#15076,#15077,#15078,#15079,#15080),.UNSPECIFIED.,.F.,.F.,(6,
    4,6),(0.,0.489679415024,1.),.UNSPECIFIED.);
#15071 = CARTESIAN_POINT('',(1.,-0.6));
#15072 = CARTESIAN_POINT('',(0.904592661815,-0.6));
#15073 = CARTESIAN_POINT('',(0.807349671302,-0.6));
#15074 = CARTESIAN_POINT('',(0.708735096573,-0.6));
#15075 = CARTESIAN_POINT('',(0.609355890433,-0.6));
#15076 = CARTESIAN_POINT('',(0.406456018834,-0.6));
#15077 = CARTESIAN_POINT('',(0.302893704992,-0.6));
#15078 = CARTESIAN_POINT('',(0.200209124684,-0.6));
#15079 = CARTESIAN_POINT('',(9.907686423396E-02,-0.6));
#15080 = CARTESIAN_POINT('',(0.,-0.6));
#15081 = ( GEOMETRIC_REPRESENTATION_CONTEXT(2) 
PARAMETRIC_REPRESENTATION_CONTEXT() REPRESENTATION_CONTEXT('2D SPACE',''
  ) );
#15082 = PCURVE('',#14868,#15083);
#15083 = DEFINITIONAL_REPRESENTATION('',(#15084),#15095);
#15084 = B_SPLINE_CURVE_WITH_KNOTS('',5,(#15085,#15086,#15087,#15088,
    #15089,#15090,#15091,#15092,#15093,#15094),.UNSPECIFIED.,.F.,.F.,(6,
    4,6),(0.,0.489679415024,1.),.UNSPECIFIED.);
#15085 = CARTESIAN_POINT('',(10.345009765625,13.329999694824));
#15086 = CARTESIAN_POINT('',(10.266011744238,13.329999694824));
#15087 = CARTESIAN_POINT('',(10.189180440577,13.337577677415));
#15088 = CARTESIAN_POINT('',(10.115183339382,13.353315832746));
#15089 = CARTESIAN_POINT('',(10.044676128603,13.377528914769));
#15090 = CARTESIAN_POINT('',(9.908886221742,13.443742870503));
#15091 = CARTESIAN_POINT('',(9.843919843679,13.486464826772));
#15092 = CARTESIAN_POINT('',(9.783885820389,13.537831440798));
#15093 = CARTESIAN_POINT('',(9.728939032843,13.597012937138));
#15094 = CARTESIAN_POINT('',(9.67900390625,13.662997741699));
#15095 = ( GEOMETRIC_REPRESENTATION_CONTEXT(2) 
PARAMETRIC_REPRESENTATION_CONTEXT() REPRESENTATION_CONTEXT('2D SPACE',''
  ) );
#15096 = ORIENTED_EDGE('',*,*,#15097,.F.);
#15097 = EDGE_CURVE('',#14177,#15054,#15098,.T.);
#15098 = SURFACE_CURVE('',#15099,(#15103,#15110),.PCURVE_S1.);
#15099 = LINE('',#15100,#15101);
#15100 = CARTESIAN_POINT('',(68.345009765625,-45.17000030517,32.9));
#15101 = VECTOR('',#15102,1.);
#15102 = DIRECTION('',(0.,0.,1.));
#15103 = PCURVE('',#14192,#15104);
#15104 = DEFINITIONAL_REPRESENTATION('',(#15105),#15109);
#15105 = LINE('',#15106,#15107);
#15106 = CARTESIAN_POINT('',(1.,0.));
#15107 = VECTOR('',#15108,1.);
#15108 = DIRECTION('',(0.,-1.));
#15109 = ( GEOMETRIC_REPRESENTATION_CONTEXT(2) 
PARAMETRIC_REPRESENTATION_CONTEXT() REPRESENTATION_CONTEXT('2D SPACE',''
  ) );
#15110 = PCURVE('',#14222,#15111);
#15111 = DEFINITIONAL_REPRESENTATION('',(#15112),#15116);
#15112 = LINE('',#15113,#15114);
#15113 = CARTESIAN_POINT('',(0.,0.));
#15114 = VECTOR('',#15115,1.);
#15115 = DIRECTION('',(0.,-1.));
#15116 = ( GEOMETRIC_REPRESENTATION_CONTEXT(2) 
PARAMETRIC_REPRESENTATION_CONTEXT() REPRESENTATION_CONTEXT('2D SPACE',''
  ) );
#15117 = ADVANCED_FACE('',(#15118),#14222,.F.);
#15118 = FACE_BOUND('',#15119,.F.);
#15119 = EDGE_LOOP('',(#15120,#15121,#15122,#15166));
#15120 = ORIENTED_EDGE('',*,*,#14206,.F.);
#15121 = ORIENTED_EDGE('',*,*,#15097,.T.);
#15122 = ORIENTED_EDGE('',*,*,#15123,.F.);
#15123 = EDGE_CURVE('',#15124,#15054,#15126,.T.);
#15124 = VERTEX_POINT('',#15125);
#15125 = CARTESIAN_POINT('',(68.981005859375,-44.84000030517,33.5));
#15126 = SURFACE_CURVE('',#15127,(#15138,#15152),.PCURVE_S1.);
#15127 = B_SPLINE_CURVE_WITH_KNOTS('',5,(#15128,#15129,#15130,#15131,
    #15132,#15133,#15134,#15135,#15136,#15137),.UNSPECIFIED.,.F.,.F.,(6,
    4,6),(0.,0.537022021367,1.),.UNSPECIFIED.);
#15128 = CARTESIAN_POINT('',(68.981005859375,-44.84000030517,33.5));
#15129 = CARTESIAN_POINT('',(68.931162743515,-44.90853458948,33.5));
#15130 = CARTESIAN_POINT('',(68.87598636681,-44.96972366283,33.5));
#15131 = CARTESIAN_POINT('',(68.815364540627,-45.02239739855,33.5));
#15132 = CARTESIAN_POINT('',(68.749444325708,-45.06557829043,33.5));
#15133 = CARTESIAN_POINT('',(68.618098650342,-45.12772534104,33.5));
#15134 = CARTESIAN_POINT('',(68.553835037842,-45.14922044258,33.5));
#15135 = CARTESIAN_POINT('',(68.486543186167,-45.16323060278,33.5));
#15136 = CARTESIAN_POINT('',(68.416752234948,-45.17000030517,33.5));
#15137 = CARTESIAN_POINT('',(68.345009765625,-45.17000030517,33.5));
#15138 = PCURVE('',#14222,#15139);
#15139 = DEFINITIONAL_REPRESENTATION('',(#15140),#15151);
#15140 = B_SPLINE_CURVE_WITH_KNOTS('',5,(#15141,#15142,#15143,#15144,
    #15145,#15146,#15147,#15148,#15149,#15150),.UNSPECIFIED.,.F.,.F.,(6,
    4,6),(0.,0.537022021367,1.),.UNSPECIFIED.);
#15141 = CARTESIAN_POINT('',(1.,-0.6));
#15142 = CARTESIAN_POINT('',(0.896160175292,-0.6));
#15143 = CARTESIAN_POINT('',(0.789970496279,-0.6));
#15144 = CARTESIAN_POINT('',(0.681987721375,-0.6));
#15145 = CARTESIAN_POINT('',(0.572980978135,-0.6));
#15146 = CARTESIAN_POINT('',(0.37004520679,-0.6));
#15147 = CARTESIAN_POINT('',(0.276073725805,-0.6));
#15148 = CARTESIAN_POINT('',(0.182746200834,-0.6));
#15149 = CARTESIAN_POINT('',(9.058481946527E-02,-0.6));
#15150 = CARTESIAN_POINT('',(0.,-0.6));
#15151 = ( GEOMETRIC_REPRESENTATION_CONTEXT(2) 
PARAMETRIC_REPRESENTATION_CONTEXT() REPRESENTATION_CONTEXT('2D SPACE',''
  ) );
#15152 = PCURVE('',#14868,#15153);
#15153 = DEFINITIONAL_REPRESENTATION('',(#15154),#15165);
#15154 = B_SPLINE_CURVE_WITH_KNOTS('',5,(#15155,#15156,#15157,#15158,
    #15159,#15160,#15161,#15162,#15163,#15164),.UNSPECIFIED.,.F.,.F.,(6,
    4,6),(0.,0.537022021367,1.),.UNSPECIFIED.);
#15155 = CARTESIAN_POINT('',(10.981005859375,13.659999694824));
#15156 = CARTESIAN_POINT('',(10.931162743515,13.591465410517));
#15157 = CARTESIAN_POINT('',(10.87598636681,13.530276337161));
#15158 = CARTESIAN_POINT('',(10.815364540627,13.477602601442));
#15159 = CARTESIAN_POINT('',(10.749444325708,13.434421709568));
#15160 = CARTESIAN_POINT('',(10.618098650342,13.372274658952));
#15161 = CARTESIAN_POINT('',(10.553835037842,13.350779557412));
#15162 = CARTESIAN_POINT('',(10.486543186167,13.336769397213));
#15163 = CARTESIAN_POINT('',(10.416752234948,13.329999694824));
#15164 = CARTESIAN_POINT('',(10.345009765625,13.329999694824));
#15165 = ( GEOMETRIC_REPRESENTATION_CONTEXT(2) 
PARAMETRIC_REPRESENTATION_CONTEXT() REPRESENTATION_CONTEXT('2D SPACE',''
  ) );
#15166 = ORIENTED_EDGE('',*,*,#15167,.F.);
#15167 = EDGE_CURVE('',#14207,#15124,#15168,.T.);
#15168 = SURFACE_CURVE('',#15169,(#15173,#15180),.PCURVE_S1.);
#15169 = LINE('',#15170,#15171);
#15170 = CARTESIAN_POINT('',(68.981005859375,-44.84000030517,32.9));
#15171 = VECTOR('',#15172,1.);
#15172 = DIRECTION('',(0.,0.,1.));
#15173 = PCURVE('',#14222,#15174);
#15174 = DEFINITIONAL_REPRESENTATION('',(#15175),#15179);
#15175 = LINE('',#15176,#15177);
#15176 = CARTESIAN_POINT('',(1.,0.));
#15177 = VECTOR('',#15178,1.);
#15178 = DIRECTION('',(0.,-1.));
#15179 = ( GEOMETRIC_REPRESENTATION_CONTEXT(2) 
PARAMETRIC_REPRESENTATION_CONTEXT() REPRESENTATION_CONTEXT('2D SPACE',''
  ) );
#15180 = PCURVE('',#14252,#15181);
#15181 = DEFINITIONAL_REPRESENTATION('',(#15182),#15186);
#15182 = LINE('',#15183,#15184);
#15183 = CARTESIAN_POINT('',(0.,0.));
#15184 = VECTOR('',#15185,1.);
#15185 = DIRECTION('',(0.,-1.));
#15186 = ( GEOMETRIC_REPRESENTATION_CONTEXT(2) 
PARAMETRIC_REPRESENTATION_CONTEXT() REPRESENTATION_CONTEXT('2D SPACE',''
  ) );
#15187 = ADVANCED_FACE('',(#15188),#14252,.F.);
#15188 = FACE_BOUND('',#15189,.F.);
#15189 = EDGE_LOOP('',(#15190,#15191,#15192,#15236));
#15190 = ORIENTED_EDGE('',*,*,#14236,.F.);
#15191 = ORIENTED_EDGE('',*,*,#15167,.T.);
#15192 = ORIENTED_EDGE('',*,*,#15193,.F.);
#15193 = EDGE_CURVE('',#15194,#15124,#15196,.T.);
#15194 = VERTEX_POINT('',#15195);
#15195 = CARTESIAN_POINT('',(69.221005859375,-43.96400421142,33.5));
#15196 = SURFACE_CURVE('',#15197,(#15208,#15222),.PCURVE_S1.);
#15197 = B_SPLINE_CURVE_WITH_KNOTS('',5,(#15198,#15199,#15200,#15201,
    #15202,#15203,#15204,#15205,#15206,#15207),.UNSPECIFIED.,.F.,.F.,(6,
    4,6),(0.,0.517660224798,1.),.UNSPECIFIED.);
#15198 = CARTESIAN_POINT('',(69.221005859375,-43.96400421142,33.5));
#15199 = CARTESIAN_POINT('',(69.221005859375,-44.0680371974,33.5));
#15200 = CARTESIAN_POINT('',(69.215559517061,-44.16983392037,33.5));
#15201 = CARTESIAN_POINT('',(69.204112778598,-44.26889075059,33.5));
#15202 = CARTESIAN_POINT('',(69.18606737721,-44.36452714954,33.5));
#15203 = CARTESIAN_POINT('',(69.137654312744,-44.54123404687,33.5));
#15204 = CARTESIAN_POINT('',(69.108209925824,-44.62286024704,33.5));
#15205 = CARTESIAN_POINT('',(69.072346040979,-44.70025135713,33.5));
#15206 = CARTESIAN_POINT('',(69.029887343477,-44.77278826453,33.5));
#15207 = CARTESIAN_POINT('',(68.981005859375,-44.84000030517,33.5));
#15208 = PCURVE('',#14252,#15209);
#15209 = DEFINITIONAL_REPRESENTATION('',(#15210),#15221);
#15210 = B_SPLINE_CURVE_WITH_KNOTS('',5,(#15211,#15212,#15213,#15214,
    #15215,#15216,#15217,#15218,#15219,#15220),.UNSPECIFIED.,.F.,.F.,(6,
    4,6),(0.,0.517660224798,1.),.UNSPECIFIED.);
#15211 = CARTESIAN_POINT('',(1.,-0.6));
#15212 = CARTESIAN_POINT('',(0.904731016242,-0.6));
#15213 = CARTESIAN_POINT('',(0.807021212428,-0.6));
#15214 = CARTESIAN_POINT('',(0.706875158472,-0.6));
#15215 = CARTESIAN_POINT('',(0.604422990978,-0.6));
#15216 = CARTESIAN_POINT('',(0.402701889035,-0.6));
#15217 = CARTESIAN_POINT('',(0.303685000087,-0.6));
#15218 = CARTESIAN_POINT('',(0.203255689342,-0.6));
#15219 = CARTESIAN_POINT('',(0.101836425213,-0.6));
#15220 = CARTESIAN_POINT('',(0.,-0.6));
#15221 = ( GEOMETRIC_REPRESENTATION_CONTEXT(2) 
PARAMETRIC_REPRESENTATION_CONTEXT() REPRESENTATION_CONTEXT('2D SPACE',''
  ) );
#15222 = PCURVE('',#14868,#15223);
#15223 = DEFINITIONAL_REPRESENTATION('',(#15224),#15235);
#15224 = B_SPLINE_CURVE_WITH_KNOTS('',5,(#15225,#15226,#15227,#15228,
    #15229,#15230,#15231,#15232,#15233,#15234),.UNSPECIFIED.,.F.,.F.,(6,
    4,6),(0.,0.517660224798,1.),.UNSPECIFIED.);
#15225 = CARTESIAN_POINT('',(11.221005859375,14.535995788574));
#15226 = CARTESIAN_POINT('',(11.221005859375,14.431962802599));
#15227 = CARTESIAN_POINT('',(11.215559517061,14.33016607963));
#15228 = CARTESIAN_POINT('',(11.204112778598,14.23110924941));
#15229 = CARTESIAN_POINT('',(11.18606737721,14.135472850456));
#15230 = CARTESIAN_POINT('',(11.137654312744,13.958765953128));
#15231 = CARTESIAN_POINT('',(11.108209925824,13.877139752955));
#15232 = CARTESIAN_POINT('',(11.072346040979,13.799748642864));
#15233 = CARTESIAN_POINT('',(11.029887343477,13.727211735465));
#15234 = CARTESIAN_POINT('',(10.981005859375,13.659999694824));
#15235 = ( GEOMETRIC_REPRESENTATION_CONTEXT(2) 
PARAMETRIC_REPRESENTATION_CONTEXT() REPRESENTATION_CONTEXT('2D SPACE',''
  ) );
#15236 = ORIENTED_EDGE('',*,*,#15237,.F.);
#15237 = EDGE_CURVE('',#14237,#15194,#15238,.T.);
#15238 = SURFACE_CURVE('',#15239,(#15243,#15250),.PCURVE_S1.);
#15239 = LINE('',#15240,#15241);
#15240 = CARTESIAN_POINT('',(69.221005859375,-43.96400421142,32.9));
#15241 = VECTOR('',#15242,1.);
#15242 = DIRECTION('',(0.,0.,1.));
#15243 = PCURVE('',#14252,#15244);
#15244 = DEFINITIONAL_REPRESENTATION('',(#15245),#15249);
#15245 = LINE('',#15246,#15247);
#15246 = CARTESIAN_POINT('',(1.,0.));
#15247 = VECTOR('',#15248,1.);
#15248 = DIRECTION('',(0.,-1.));
#15249 = ( GEOMETRIC_REPRESENTATION_CONTEXT(2) 
PARAMETRIC_REPRESENTATION_CONTEXT() REPRESENTATION_CONTEXT('2D SPACE',''
  ) );
#15250 = PCURVE('',#14282,#15251);
#15251 = DEFINITIONAL_REPRESENTATION('',(#15252),#15256);
#15252 = LINE('',#15253,#15254);
#15253 = CARTESIAN_POINT('',(0.,0.));
#15254 = VECTOR('',#15255,1.);
#15255 = DIRECTION('',(0.,-1.));
#15256 = ( GEOMETRIC_REPRESENTATION_CONTEXT(2) 
PARAMETRIC_REPRESENTATION_CONTEXT() REPRESENTATION_CONTEXT('2D SPACE',''
  ) );
#15257 = ADVANCED_FACE('',(#15258),#14282,.F.);
#15258 = FACE_BOUND('',#15259,.F.);
#15259 = EDGE_LOOP('',(#15260,#15261,#15262,#15306));
#15260 = ORIENTED_EDGE('',*,*,#14266,.F.);
#15261 = ORIENTED_EDGE('',*,*,#15237,.T.);
#15262 = ORIENTED_EDGE('',*,*,#15263,.F.);
#15263 = EDGE_CURVE('',#15264,#15194,#15266,.T.);
#15264 = VERTEX_POINT('',#15265);
#15265 = CARTESIAN_POINT('',(68.981005859375,-43.0670022583,33.5));
#15266 = SURFACE_CURVE('',#15267,(#15278,#15292),.PCURVE_S1.);
#15267 = B_SPLINE_CURVE_WITH_KNOTS('',5,(#15268,#15269,#15270,#15271,
    #15272,#15273,#15274,#15275,#15276,#15277),.UNSPECIFIED.,.F.,.F.,(6,
    4,6),(0.,0.482318386404,1.),.UNSPECIFIED.);
#15268 = CARTESIAN_POINT('',(68.981005859375,-43.0670022583,33.5));
#15269 = CARTESIAN_POINT('',(69.030274333557,-43.13536186528,33.5));
#15270 = CARTESIAN_POINT('',(69.072933114701,-43.20940637777,33.5));
#15271 = CARTESIAN_POINT('',(69.10883915978,-43.2885859415,33.5));
#15272 = CARTESIAN_POINT('',(69.138230522953,-43.37219433575,33.5));
#15273 = CARTESIAN_POINT('',(69.186444269469,-43.5533036707,33.5));
#15274 = CARTESIAN_POINT('',(69.204335149855,-43.65138065809,33.5));
#15275 = CARTESIAN_POINT('',(69.215641209376,-43.75296997572,33.5));
#15276 = CARTESIAN_POINT('',(69.221005859375,-43.85734976064,33.5));
#15277 = CARTESIAN_POINT('',(69.221005859375,-43.96400421142,33.5));
#15278 = PCURVE('',#14282,#15279);
#15279 = DEFINITIONAL_REPRESENTATION('',(#15280),#15291);
#15280 = B_SPLINE_CURVE_WITH_KNOTS('',5,(#15281,#15282,#15283,#15284,
    #15285,#15286,#15287,#15288,#15289,#15290),.UNSPECIFIED.,.F.,.F.,(6,
    4,6),(0.,0.482318386404,1.),.UNSPECIFIED.);
#15281 = CARTESIAN_POINT('',(1.,-0.6));
#15282 = CARTESIAN_POINT('',(0.897357345454,-0.6));
#15283 = CARTESIAN_POINT('',(0.795314939773,-0.6));
#15284 = CARTESIAN_POINT('',(0.694482297059,-0.6));
#15285 = CARTESIAN_POINT('',(0.595282364552,-0.6));
#15286 = CARTESIAN_POINT('',(0.393584964465,-0.6));
#15287 = CARTESIAN_POINT('',(0.29137166835,-0.6));
#15288 = CARTESIAN_POINT('',(0.191663426355,-0.6));
#15289 = CARTESIAN_POINT('',(9.455116321198E-02,-0.6));
#15290 = CARTESIAN_POINT('',(0.,-0.6));
#15291 = ( GEOMETRIC_REPRESENTATION_CONTEXT(2) 
PARAMETRIC_REPRESENTATION_CONTEXT() REPRESENTATION_CONTEXT('2D SPACE',''
  ) );
#15292 = PCURVE('',#14868,#15293);
#15293 = DEFINITIONAL_REPRESENTATION('',(#15294),#15305);
#15294 = B_SPLINE_CURVE_WITH_KNOTS('',5,(#15295,#15296,#15297,#15298,
    #15299,#15300,#15301,#15302,#15303,#15304),.UNSPECIFIED.,.F.,.F.,(6,
    4,6),(0.,0.482318386404,1.),.UNSPECIFIED.);
#15295 = CARTESIAN_POINT('',(10.981005859375,15.432997741699));
#15296 = CARTESIAN_POINT('',(11.030274333557,15.364638134719));
#15297 = CARTESIAN_POINT('',(11.072933114701,15.290593622229));
#15298 = CARTESIAN_POINT('',(11.10883915978,15.211414058495));
#15299 = CARTESIAN_POINT('',(11.138230522953,15.127805664243));
#15300 = CARTESIAN_POINT('',(11.186444269469,14.9466963293));
#15301 = CARTESIAN_POINT('',(11.204335149855,14.848619341902));
#15302 = CARTESIAN_POINT('',(11.215641209376,14.747030024277));
#15303 = CARTESIAN_POINT('',(11.221005859375,14.642650239358));
#15304 = CARTESIAN_POINT('',(11.221005859375,14.535995788574));
#15305 = ( GEOMETRIC_REPRESENTATION_CONTEXT(2) 
PARAMETRIC_REPRESENTATION_CONTEXT() REPRESENTATION_CONTEXT('2D SPACE',''
  ) );
#15306 = ORIENTED_EDGE('',*,*,#15307,.F.);
#15307 = EDGE_CURVE('',#14267,#15264,#15308,.T.);
#15308 = SURFACE_CURVE('',#15309,(#15313,#15320),.PCURVE_S1.);
#15309 = LINE('',#15310,#15311);
#15310 = CARTESIAN_POINT('',(68.981005859375,-43.0670022583,32.9));
#15311 = VECTOR('',#15312,1.);
#15312 = DIRECTION('',(0.,0.,1.));
#15313 = PCURVE('',#14282,#15314);
#15314 = DEFINITIONAL_REPRESENTATION('',(#15315),#15319);
#15315 = LINE('',#15316,#15317);
#15316 = CARTESIAN_POINT('',(1.,0.));
#15317 = VECTOR('',#15318,1.);
#15318 = DIRECTION('',(0.,-1.));
#15319 = ( GEOMETRIC_REPRESENTATION_CONTEXT(2) 
PARAMETRIC_REPRESENTATION_CONTEXT() REPRESENTATION_CONTEXT('2D SPACE',''
  ) );
#15320 = PCURVE('',#14310,#15321);
#15321 = DEFINITIONAL_REPRESENTATION('',(#15322),#15326);
#15322 = LINE('',#15323,#15324);
#15323 = CARTESIAN_POINT('',(0.,0.));
#15324 = VECTOR('',#15325,1.);
#15325 = DIRECTION('',(0.,-1.));
#15326 = ( GEOMETRIC_REPRESENTATION_CONTEXT(2) 
PARAMETRIC_REPRESENTATION_CONTEXT() REPRESENTATION_CONTEXT('2D SPACE',''
  ) );
#15327 = ADVANCED_FACE('',(#15328),#14310,.F.);
#15328 = FACE_BOUND('',#15329,.F.);
#15329 = EDGE_LOOP('',(#15330,#15331,#15332,#15374));
#15330 = ORIENTED_EDGE('',*,*,#14296,.F.);
#15331 = ORIENTED_EDGE('',*,*,#15307,.T.);
#15332 = ORIENTED_EDGE('',*,*,#15333,.F.);
#15333 = EDGE_CURVE('',#14816,#15264,#15334,.T.);
#15334 = SURFACE_CURVE('',#15335,(#15346,#15360),.PCURVE_S1.);
#15335 = B_SPLINE_CURVE_WITH_KNOTS('',5,(#15336,#15337,#15338,#15339,
    #15340,#15341,#15342,#15343,#15344,#15345),.UNSPECIFIED.,.F.,.F.,(6,
    4,6),(0.,0.473293058593,1.),.UNSPECIFIED.);
#15336 = CARTESIAN_POINT('',(68.339013671875,-42.73400421142,33.5));
#15337 = CARTESIAN_POINT('',(68.413290240009,-42.73400421142,33.5));
#15338 = CARTESIAN_POINT('',(68.485484898831,-42.74110975181,33.5));
#15339 = CARTESIAN_POINT('',(68.55499226967,-42.75584606377,33.5));
#15340 = CARTESIAN_POINT('',(68.621222625783,-42.77849405423,33.5));
#15341 = CARTESIAN_POINT('',(68.753242062765,-42.84257026625,33.5));
#15342 = CARTESIAN_POINT('',(68.818168969078,-42.88584480604,33.5));
#15343 = CARTESIAN_POINT('',(68.877823924761,-42.93833462238,33.5));
#15344 = CARTESIAN_POINT('',(68.932065221119,-42.999097521,33.5));
#15345 = CARTESIAN_POINT('',(68.981005859375,-43.0670022583,33.5));
#15346 = PCURVE('',#14310,#15347);
#15347 = DEFINITIONAL_REPRESENTATION('',(#15348),#15359);
#15348 = B_SPLINE_CURVE_WITH_KNOTS('',5,(#15349,#15350,#15351,#15352,
    #15353,#15354,#15355,#15356,#15357,#15358),.UNSPECIFIED.,.F.,.F.,(6,
    4,6),(0.,0.473293058593,1.),.UNSPECIFIED.);
#15349 = CARTESIAN_POINT('',(1.,-0.6));
#15350 = CARTESIAN_POINT('',(0.90761441336,-0.6));
#15351 = CARTESIAN_POINT('',(0.813518975532,-0.6));
#15352 = CARTESIAN_POINT('',(0.718148858685,-0.6));
#15353 = CARTESIAN_POINT('',(0.622067600025,-0.6));
#15354 = CARTESIAN_POINT('',(0.419090610863,-0.6));
#15355 = CARTESIAN_POINT('',(0.312150108021,-0.6));
#15356 = CARTESIAN_POINT('',(0.206191008614,-0.6));
#15357 = CARTESIAN_POINT('',(0.101959663033,-0.6));
#15358 = CARTESIAN_POINT('',(0.,-0.6));
#15359 = ( GEOMETRIC_REPRESENTATION_CONTEXT(2) 
PARAMETRIC_REPRESENTATION_CONTEXT() REPRESENTATION_CONTEXT('2D SPACE',''
  ) );
#15360 = PCURVE('',#14868,#15361);
#15361 = DEFINITIONAL_REPRESENTATION('',(#15362),#15373);
#15362 = B_SPLINE_CURVE_WITH_KNOTS('',5,(#15363,#15364,#15365,#15366,
    #15367,#15368,#15369,#15370,#15371,#15372),.UNSPECIFIED.,.F.,.F.,(6,
    4,6),(0.,0.473293058593,1.),.UNSPECIFIED.);
#15363 = CARTESIAN_POINT('',(10.339013671875,15.765995788574));
#15364 = CARTESIAN_POINT('',(10.413290240009,15.765995788574));
#15365 = CARTESIAN_POINT('',(10.485484898831,15.758890248183));
#15366 = CARTESIAN_POINT('',(10.55499226967,15.744153936222));
#15367 = CARTESIAN_POINT('',(10.621222625783,15.721505945766));
#15368 = CARTESIAN_POINT('',(10.753242062765,15.657429733743));
#15369 = CARTESIAN_POINT('',(10.818168969078,15.614155193954));
#15370 = CARTESIAN_POINT('',(10.877823924761,15.56166537762));
#15371 = CARTESIAN_POINT('',(10.932065221119,15.500902478999));
#15372 = CARTESIAN_POINT('',(10.981005859375,15.432997741699));
#15373 = ( GEOMETRIC_REPRESENTATION_CONTEXT(2) 
PARAMETRIC_REPRESENTATION_CONTEXT() REPRESENTATION_CONTEXT('2D SPACE',''
  ) );
#15374 = ORIENTED_EDGE('',*,*,#14815,.F.);
#15375 = ADVANCED_FACE('',(#15376),#14418,.F.);
#15376 = FACE_BOUND('',#15377,.F.);
#15377 = EDGE_LOOP('',(#15378,#15379,#15402,#15451));
#15378 = ORIENTED_EDGE('',*,*,#14400,.F.);
#15379 = ORIENTED_EDGE('',*,*,#15380,.T.);
#15380 = EDGE_CURVE('',#14401,#15381,#15383,.T.);
#15381 = VERTEX_POINT('',#15382);
#15382 = CARTESIAN_POINT('',(82.450986328125,-42.72800811767,33.5));
#15383 = SURFACE_CURVE('',#15384,(#15388,#15395),.PCURVE_S1.);
#15384 = LINE('',#15385,#15386);
#15385 = CARTESIAN_POINT('',(82.450986328125,-42.72800811767,32.9));
#15386 = VECTOR('',#15387,1.);
#15387 = DIRECTION('',(0.,0.,1.));
#15388 = PCURVE('',#14418,#15389);
#15389 = DEFINITIONAL_REPRESENTATION('',(#15390),#15394);
#15390 = LINE('',#15391,#15392);
#15391 = CARTESIAN_POINT('',(0.,0.));
#15392 = VECTOR('',#15393,1.);
#15393 = DIRECTION('',(0.,-1.));
#15394 = ( GEOMETRIC_REPRESENTATION_CONTEXT(2) 
PARAMETRIC_REPRESENTATION_CONTEXT() REPRESENTATION_CONTEXT('2D SPACE',''
  ) );
#15395 = PCURVE('',#14626,#15396);
#15396 = DEFINITIONAL_REPRESENTATION('',(#15397),#15401);
#15397 = LINE('',#15398,#15399);
#15398 = CARTESIAN_POINT('',(1.,0.));
#15399 = VECTOR('',#15400,1.);
#15400 = DIRECTION('',(0.,-1.));
#15401 = ( GEOMETRIC_REPRESENTATION_CONTEXT(2) 
PARAMETRIC_REPRESENTATION_CONTEXT() REPRESENTATION_CONTEXT('2D SPACE',''
  ) );
#15402 = ORIENTED_EDGE('',*,*,#15403,.F.);
#15403 = EDGE_CURVE('',#15404,#15381,#15406,.T.);
#15404 = VERTEX_POINT('',#15405);
#15405 = CARTESIAN_POINT('',(81.790986328125,-43.05500030517,33.5));
#15406 = SURFACE_CURVE('',#15407,(#15418,#15432),.PCURVE_S1.);
#15407 = B_SPLINE_CURVE_WITH_KNOTS('',5,(#15408,#15409,#15410,#15411,
    #15412,#15413,#15414,#15415,#15416,#15417),.UNSPECIFIED.,.F.,.F.,(6,
    4,6),(0.,0.456771044083,1.),.UNSPECIFIED.);
#15408 = CARTESIAN_POINT('',(81.790986328125,-43.05500030517,33.5));
#15409 = CARTESIAN_POINT('',(81.833905865681,-42.99652383237,33.5));
#15410 = CARTESIAN_POINT('',(81.881169742841,-42.94356627689,33.5));
#15411 = CARTESIAN_POINT('',(81.932833443702,-42.89684688794,33.5));
#15412 = CARTESIAN_POINT('',(81.988779231535,-42.85693837307,33.5));
#15413 = CARTESIAN_POINT('',(82.11970832033,-42.78497294781,33.5));
#15414 = CARTESIAN_POINT('',(82.196323911451,-42.75581410414,33.5));
#15415 = CARTESIAN_POINT('',(82.277712620707,-42.73699472158,33.5));
#15416 = CARTESIAN_POINT('',(82.362916499927,-42.72800811767,33.5));
#15417 = CARTESIAN_POINT('',(82.450986328125,-42.72800811767,33.5));
#15418 = PCURVE('',#14418,#15419);
#15419 = DEFINITIONAL_REPRESENTATION('',(#15420),#15431);
#15420 = B_SPLINE_CURVE_WITH_KNOTS('',5,(#15421,#15422,#15423,#15424,
    #15425,#15426,#15427,#15428,#15429,#15430),.UNSPECIFIED.,.F.,.F.,(6,
    4,6),(0.,0.456771044083,1.),.UNSPECIFIED.);
#15421 = CARTESIAN_POINT('',(1.,-0.6));
#15422 = CARTESIAN_POINT('',(0.910584296757,-0.6));
#15423 = CARTESIAN_POINT('',(0.819613437701,-0.6));
#15424 = CARTESIAN_POINT('',(0.727492711362,-0.6));
#15425 = CARTESIAN_POINT('',(0.634737589303,-0.6));
#15426 = CARTESIAN_POINT('',(0.431708981198,-0.6));
#15427 = CARTESIAN_POINT('',(0.32139146424,-0.6));
#15428 = CARTESIAN_POINT('',(0.212167357207,-0.6));
#15429 = CARTESIAN_POINT('',(0.104845033569,-0.6));
#15430 = CARTESIAN_POINT('',(0.,-0.6));
#15431 = ( GEOMETRIC_REPRESENTATION_CONTEXT(2) 
PARAMETRIC_REPRESENTATION_CONTEXT() REPRESENTATION_CONTEXT('2D SPACE',''
  ) );
#15432 = PCURVE('',#15433,#15438);
#15433 = PLANE('',#15434);
#15434 = AXIS2_PLACEMENT_3D('',#15435,#15436,#15437);
#15435 = CARTESIAN_POINT('',(58.,-58.5,33.5));
#15436 = DIRECTION('',(0.,0.,1.));
#15437 = DIRECTION('',(1.,0.,-0.));
#15438 = DEFINITIONAL_REPRESENTATION('',(#15439),#15450);
#15439 = B_SPLINE_CURVE_WITH_KNOTS('',5,(#15440,#15441,#15442,#15443,
    #15444,#15445,#15446,#15447,#15448,#15449),.UNSPECIFIED.,.F.,.F.,(6,
    4,6),(0.,0.456771044083,1.),.UNSPECIFIED.);
#15440 = CARTESIAN_POINT('',(23.790986328125,15.444999694824));
#15441 = CARTESIAN_POINT('',(23.833905865681,15.503476167625));
#15442 = CARTESIAN_POINT('',(23.881169742841,15.55643372311));
#15443 = CARTESIAN_POINT('',(23.932833443702,15.603153112052));
#15444 = CARTESIAN_POINT('',(23.988779231535,15.643061626922));
#15445 = CARTESIAN_POINT('',(24.11970832033,15.715027052181));
#15446 = CARTESIAN_POINT('',(24.196323911451,15.744185895859));
#15447 = CARTESIAN_POINT('',(24.277712620707,15.763005278412));
#15448 = CARTESIAN_POINT('',(24.362916499927,15.771991882324));
#15449 = CARTESIAN_POINT('',(24.450986328125,15.771991882324));
#15450 = ( GEOMETRIC_REPRESENTATION_CONTEXT(2) 
PARAMETRIC_REPRESENTATION_CONTEXT() REPRESENTATION_CONTEXT('2D SPACE',''
  ) );
#15451 = ORIENTED_EDGE('',*,*,#15452,.F.);
#15452 = EDGE_CURVE('',#14403,#15404,#15453,.T.);
#15453 = SURFACE_CURVE('',#15454,(#15458,#15465),.PCURVE_S1.);
#15454 = LINE('',#15455,#15456);
#15455 = CARTESIAN_POINT('',(81.790986328125,-43.05500030517,32.9));
#15456 = VECTOR('',#15457,1.);
#15457 = DIRECTION('',(0.,0.,1.));
#15458 = PCURVE('',#14418,#15459);
#15459 = DEFINITIONAL_REPRESENTATION('',(#15460),#15464);
#15460 = LINE('',#15461,#15462);
#15461 = CARTESIAN_POINT('',(1.,0.));
#15462 = VECTOR('',#15463,1.);
#15463 = DIRECTION('',(0.,-1.));
#15464 = ( GEOMETRIC_REPRESENTATION_CONTEXT(2) 
PARAMETRIC_REPRESENTATION_CONTEXT() REPRESENTATION_CONTEXT('2D SPACE',''
  ) );
#15465 = PCURVE('',#14448,#15466);
#15466 = DEFINITIONAL_REPRESENTATION('',(#15467),#15471);
#15467 = LINE('',#15468,#15469);
#15468 = CARTESIAN_POINT('',(0.,0.));
#15469 = VECTOR('',#15470,1.);
#15470 = DIRECTION('',(0.,-1.));
#15471 = ( GEOMETRIC_REPRESENTATION_CONTEXT(2) 
PARAMETRIC_REPRESENTATION_CONTEXT() REPRESENTATION_CONTEXT('2D SPACE',''
  ) );
#15472 = ADVANCED_FACE('',(#15473),#14448,.F.);
#15473 = FACE_BOUND('',#15474,.F.);
#15474 = EDGE_LOOP('',(#15475,#15476,#15477,#15527));
#15475 = ORIENTED_EDGE('',*,*,#14432,.F.);
#15476 = ORIENTED_EDGE('',*,*,#15452,.T.);
#15477 = ORIENTED_EDGE('',*,*,#15478,.F.);
#15478 = EDGE_CURVE('',#15479,#15404,#15481,.T.);
#15479 = VERTEX_POINT('',#15480);
#15480 = CARTESIAN_POINT('',(81.550986328125,-43.95199249267,33.5));
#15481 = SURFACE_CURVE('',#15482,(#15495,#15511),.PCURVE_S1.);
#15482 = B_SPLINE_CURVE_WITH_KNOTS('',6,(#15483,#15484,#15485,#15486,
    #15487,#15488,#15489,#15490,#15491,#15492,#15493,#15494),
  .UNSPECIFIED.,.F.,.F.,(7,5,7),(0.,0.521061807352,1.),.UNSPECIFIED.);
#15483 = CARTESIAN_POINT('',(81.550986328125,-43.95199249267,33.5));
#15484 = CARTESIAN_POINT('',(81.550986328125,-43.86208799576,33.5));
#15485 = CARTESIAN_POINT('',(81.554568711096,-43.77376308877,33.5));
#15486 = CARTESIAN_POINT('',(81.562039658206,-43.68729087041,33.5));
#15487 = CARTESIAN_POINT('',(81.573725862886,-43.60301860781,33.5));
#15488 = CARTESIAN_POINT('',(81.589952895057,-43.5213562172,33.5));
#15489 = CARTESIAN_POINT('',(81.630319378977,-43.37048779757,33.5));
#15490 = CARTESIAN_POINT('',(81.653714296949,-43.30080515311,33.5));
#15491 = CARTESIAN_POINT('',(81.681371673281,-43.23405670186,33.5));
#15492 = CARTESIAN_POINT('',(81.713447508083,-43.17061518136,33.5));
#15493 = CARTESIAN_POINT('',(81.750008332038,-43.11083149092,33.5));
#15494 = CARTESIAN_POINT('',(81.790986328125,-43.05500030517,33.5));
#15495 = PCURVE('',#14448,#15496);
#15496 = DEFINITIONAL_REPRESENTATION('',(#15497),#15510);
#15497 = B_SPLINE_CURVE_WITH_KNOTS('',6,(#15498,#15499,#15500,#15501,
    #15502,#15503,#15504,#15505,#15506,#15507,#15508,#15509),
  .UNSPECIFIED.,.F.,.F.,(7,5,7),(0.,0.521061807352,1.),.UNSPECIFIED.);
#15498 = CARTESIAN_POINT('',(1.,-0.6));
#15499 = CARTESIAN_POINT('',(0.921136406217,-0.6));
#15500 = CARTESIAN_POINT('',(0.840476593621,-0.6));
#15501 = CARTESIAN_POINT('',(0.757988176512,-0.6));
#15502 = CARTESIAN_POINT('',(0.6736856105,-0.6));
#15503 = CARTESIAN_POINT('',(0.587639304448,-0.6));
#15504 = CARTESIAN_POINT('',(0.41944562145,-0.6));
#15505 = CARTESIAN_POINT('',(0.337541445611,-0.6));
#15506 = CARTESIAN_POINT('',(0.254425265702,-0.6));
#15507 = CARTESIAN_POINT('',(0.170285487311,-0.6));
#15508 = CARTESIAN_POINT('',(8.537082518054E-02,-0.6));
#15509 = CARTESIAN_POINT('',(0.,-0.6));
#15510 = ( GEOMETRIC_REPRESENTATION_CONTEXT(2) 
PARAMETRIC_REPRESENTATION_CONTEXT() REPRESENTATION_CONTEXT('2D SPACE',''
  ) );
#15511 = PCURVE('',#15433,#15512);
#15512 = DEFINITIONAL_REPRESENTATION('',(#15513),#15526);
#15513 = B_SPLINE_CURVE_WITH_KNOTS('',6,(#15514,#15515,#15516,#15517,
    #15518,#15519,#15520,#15521,#15522,#15523,#15524,#15525),
  .UNSPECIFIED.,.F.,.F.,(7,5,7),(0.,0.521061807352,1.),.UNSPECIFIED.);
#15514 = CARTESIAN_POINT('',(23.550986328125,14.548007507324));
#15515 = CARTESIAN_POINT('',(23.550986328125,14.637912004237));
#15516 = CARTESIAN_POINT('',(23.554568711096,14.726236911225));
#15517 = CARTESIAN_POINT('',(23.562039658206,14.812709129584));
#15518 = CARTESIAN_POINT('',(23.573725862886,14.896981392189));
#15519 = CARTESIAN_POINT('',(23.589952895057,14.978643782791));
#15520 = CARTESIAN_POINT('',(23.630319378977,15.129512202428));
#15521 = CARTESIAN_POINT('',(23.653714296949,15.199194846884));
#15522 = CARTESIAN_POINT('',(23.681371673281,15.265943298138));
#15523 = CARTESIAN_POINT('',(23.713447508083,15.329384818633));
#15524 = CARTESIAN_POINT('',(23.750008332038,15.389168509075));
#15525 = CARTESIAN_POINT('',(23.790986328125,15.444999694824));
#15526 = ( GEOMETRIC_REPRESENTATION_CONTEXT(2) 
PARAMETRIC_REPRESENTATION_CONTEXT() REPRESENTATION_CONTEXT('2D SPACE',''
  ) );
#15527 = ORIENTED_EDGE('',*,*,#15528,.F.);
#15528 = EDGE_CURVE('',#14433,#15479,#15529,.T.);
#15529 = SURFACE_CURVE('',#15530,(#15534,#15541),.PCURVE_S1.);
#15530 = LINE('',#15531,#15532);
#15531 = CARTESIAN_POINT('',(81.550986328125,-43.95199249267,32.9));
#15532 = VECTOR('',#15533,1.);
#15533 = DIRECTION('',(0.,0.,1.));
#15534 = PCURVE('',#14448,#15535);
#15535 = DEFINITIONAL_REPRESENTATION('',(#15536),#15540);
#15536 = LINE('',#15537,#15538);
#15537 = CARTESIAN_POINT('',(1.,0.));
#15538 = VECTOR('',#15539,1.);
#15539 = DIRECTION('',(0.,-1.));
#15540 = ( GEOMETRIC_REPRESENTATION_CONTEXT(2) 
PARAMETRIC_REPRESENTATION_CONTEXT() REPRESENTATION_CONTEXT('2D SPACE',''
  ) );
#15541 = PCURVE('',#14478,#15542);
#15542 = DEFINITIONAL_REPRESENTATION('',(#15543),#15547);
#15543 = LINE('',#15544,#15545);
#15544 = CARTESIAN_POINT('',(0.,0.));
#15545 = VECTOR('',#15546,1.);
#15546 = DIRECTION('',(0.,-1.));
#15547 = ( GEOMETRIC_REPRESENTATION_CONTEXT(2) 
PARAMETRIC_REPRESENTATION_CONTEXT() REPRESENTATION_CONTEXT('2D SPACE',''
  ) );
#15548 = ADVANCED_FACE('',(#15549),#14478,.F.);
#15549 = FACE_BOUND('',#15550,.F.);
#15550 = EDGE_LOOP('',(#15551,#15552,#15553,#15603));
#15551 = ORIENTED_EDGE('',*,*,#14462,.F.);
#15552 = ORIENTED_EDGE('',*,*,#15528,.T.);
#15553 = ORIENTED_EDGE('',*,*,#15554,.F.);
#15554 = EDGE_CURVE('',#15555,#15479,#15557,.T.);
#15555 = VERTEX_POINT('',#15556);
#15556 = CARTESIAN_POINT('',(81.790986328125,-44.8489944458,33.5));
#15557 = SURFACE_CURVE('',#15558,(#15571,#15587),.PCURVE_S1.);
#15558 = B_SPLINE_CURVE_WITH_KNOTS('',6,(#15559,#15560,#15561,#15562,
    #15563,#15564,#15565,#15566,#15567,#15568,#15569,#15570),
  .UNSPECIFIED.,.F.,.F.,(7,5,7),(0.,0.480921325963,1.),.UNSPECIFIED.);
#15559 = CARTESIAN_POINT('',(81.790986328125,-44.8489944458,33.5));
#15560 = CARTESIAN_POINT('',(81.749838794742,-44.7929305967,33.5));
#15561 = CARTESIAN_POINT('',(81.713145039983,-44.7328816144,33.5));
#15562 = CARTESIAN_POINT('',(81.680973742786,-44.66914588981,33.5));
#15563 = CARTESIAN_POINT('',(81.653256981735,-44.60207890426,33.5));
#15564 = CARTESIAN_POINT('',(81.629836052977,-44.5320581424,33.5));
#15565 = CARTESIAN_POINT('',(81.589644936866,-44.38107682087,33.5));
#15566 = CARTESIAN_POINT('',(81.573548457468,-44.2996850315,33.5));
#15567 = CARTESIAN_POINT('',(81.561954604601,-44.21570796978,33.5));
#15568 = CARTESIAN_POINT('',(81.554541524401,-44.12955035218,33.5));
#15569 = CARTESIAN_POINT('',(81.550986328125,-44.04155519029,33.5));
#15570 = CARTESIAN_POINT('',(81.550986328125,-43.95199249267,33.5));
#15571 = PCURVE('',#14478,#15572);
#15572 = DEFINITIONAL_REPRESENTATION('',(#15573),#15586);
#15573 = B_SPLINE_CURVE_WITH_KNOTS('',6,(#15574,#15575,#15576,#15577,
    #15578,#15579,#15580,#15581,#15582,#15583,#15584,#15585),
  .UNSPECIFIED.,.F.,.F.,(7,5,7),(0.,0.480921325963,1.),.UNSPECIFIED.);
#15574 = CARTESIAN_POINT('',(1.,-0.6));
#15575 = CARTESIAN_POINT('',(0.91427597212,-0.6));
#15576 = CARTESIAN_POINT('',(0.829011840204,-0.6));
#15577 = CARTESIAN_POINT('',(0.74453034793,-0.6));
#15578 = CARTESIAN_POINT('',(0.661082996572,-0.6));
#15579 = CARTESIAN_POINT('',(0.578859960056,-0.6));
#15580 = CARTESIAN_POINT('',(0.410724434158,-0.6));
#15581 = CARTESIAN_POINT('',(0.325032027351,-0.6));
#15582 = CARTESIAN_POINT('',(0.241070848934,-0.6));
#15583 = CARTESIAN_POINT('',(0.158910058599,-0.6));
#15584 = CARTESIAN_POINT('',(7.856376984518E-02,-0.6));
#15585 = CARTESIAN_POINT('',(0.,-0.6));
#15586 = ( GEOMETRIC_REPRESENTATION_CONTEXT(2) 
PARAMETRIC_REPRESENTATION_CONTEXT() REPRESENTATION_CONTEXT('2D SPACE',''
  ) );
#15587 = PCURVE('',#15433,#15588);
#15588 = DEFINITIONAL_REPRESENTATION('',(#15589),#15602);
#15589 = B_SPLINE_CURVE_WITH_KNOTS('',6,(#15590,#15591,#15592,#15593,
    #15594,#15595,#15596,#15597,#15598,#15599,#15600,#15601),
  .UNSPECIFIED.,.F.,.F.,(7,5,7),(0.,0.480921325963,1.),.UNSPECIFIED.);
#15590 = CARTESIAN_POINT('',(23.790986328125,13.651005554199));
#15591 = CARTESIAN_POINT('',(23.749838794742,13.707069403293));
#15592 = CARTESIAN_POINT('',(23.713145039983,13.767118385597));
#15593 = CARTESIAN_POINT('',(23.680973742786,13.830854110188));
#15594 = CARTESIAN_POINT('',(23.653256981735,13.897921095732));
#15595 = CARTESIAN_POINT('',(23.629836052977,13.967941857592));
#15596 = CARTESIAN_POINT('',(23.589644936866,14.11892317913));
#15597 = CARTESIAN_POINT('',(23.573548457468,14.200314968492));
#15598 = CARTESIAN_POINT('',(23.561954604601,14.284292030211));
#15599 = CARTESIAN_POINT('',(23.554541524401,14.370449647819));
#15600 = CARTESIAN_POINT('',(23.550986328125,14.458444809701));
#15601 = CARTESIAN_POINT('',(23.550986328125,14.548007507324));
#15602 = ( GEOMETRIC_REPRESENTATION_CONTEXT(2) 
PARAMETRIC_REPRESENTATION_CONTEXT() REPRESENTATION_CONTEXT('2D SPACE',''
  ) );
#15603 = ORIENTED_EDGE('',*,*,#15604,.F.);
#15604 = EDGE_CURVE('',#14463,#15555,#15605,.T.);
#15605 = SURFACE_CURVE('',#15606,(#15610,#15617),.PCURVE_S1.);
#15606 = LINE('',#15607,#15608);
#15607 = CARTESIAN_POINT('',(81.790986328125,-44.8489944458,32.9));
#15608 = VECTOR('',#15609,1.);
#15609 = DIRECTION('',(0.,0.,1.));
#15610 = PCURVE('',#14478,#15611);
#15611 = DEFINITIONAL_REPRESENTATION('',(#15612),#15616);
#15612 = LINE('',#15613,#15614);
#15613 = CARTESIAN_POINT('',(1.,0.));
#15614 = VECTOR('',#15615,1.);
#15615 = DIRECTION('',(0.,-1.));
#15616 = ( GEOMETRIC_REPRESENTATION_CONTEXT(2) 
PARAMETRIC_REPRESENTATION_CONTEXT() REPRESENTATION_CONTEXT('2D SPACE',''
  ) );
#15617 = PCURVE('',#14508,#15618);
#15618 = DEFINITIONAL_REPRESENTATION('',(#15619),#15623);
#15619 = LINE('',#15620,#15621);
#15620 = CARTESIAN_POINT('',(0.,0.));
#15621 = VECTOR('',#15622,1.);
#15622 = DIRECTION('',(0.,-1.));
#15623 = ( GEOMETRIC_REPRESENTATION_CONTEXT(2) 
PARAMETRIC_REPRESENTATION_CONTEXT() REPRESENTATION_CONTEXT('2D SPACE',''
  ) );
#15624 = ADVANCED_FACE('',(#15625),#14508,.F.);
#15625 = FACE_BOUND('',#15626,.F.);
#15626 = EDGE_LOOP('',(#15627,#15628,#15629,#15673));
#15627 = ORIENTED_EDGE('',*,*,#14492,.F.);
#15628 = ORIENTED_EDGE('',*,*,#15604,.T.);
#15629 = ORIENTED_EDGE('',*,*,#15630,.F.);
#15630 = EDGE_CURVE('',#15631,#15555,#15633,.T.);
#15631 = VERTEX_POINT('',#15632);
#15632 = CARTESIAN_POINT('',(82.450986328125,-45.17599639892,33.5));
#15633 = SURFACE_CURVE('',#15634,(#15645,#15659),.PCURVE_S1.);
#15634 = B_SPLINE_CURVE_WITH_KNOTS('',5,(#15635,#15636,#15637,#15638,
    #15639,#15640,#15641,#15642,#15643,#15644),.UNSPECIFIED.,.F.,.F.,(6,
    4,6),(0.,0.543227927286,1.),.UNSPECIFIED.);
#15635 = CARTESIAN_POINT('',(82.450986328125,-45.17599639892,33.5));
#15636 = CARTESIAN_POINT('',(82.362916431027,-45.17599639892,33.5));
#15637 = CARTESIAN_POINT('',(82.277712483425,-45.16700951266,33.5));
#15638 = CARTESIAN_POINT('',(82.196323749681,-45.14818953596,33.5));
#15639 = CARTESIAN_POINT('',(82.119708203058,-45.11902980306,33.5));
#15640 = CARTESIAN_POINT('',(81.988779082222,-45.04706221094,33.5));
#15641 = CARTESIAN_POINT('',(81.932833226702,-45.00715242118,33.5));
#15642 = CARTESIAN_POINT('',(81.8811695433,-44.9604315936,33.5));
#15643 = CARTESIAN_POINT('',(81.83390574647,-44.90747250257,33.5));
#15644 = CARTESIAN_POINT('',(81.790986328125,-44.8489944458,33.5));
#15645 = PCURVE('',#14508,#15646);
#15646 = DEFINITIONAL_REPRESENTATION('',(#15647),#15658);
#15647 = B_SPLINE_CURVE_WITH_KNOTS('',5,(#15648,#15649,#15650,#15651,
    #15652,#15653,#15654,#15655,#15656,#15657),.UNSPECIFIED.,.F.,.F.,(6,
    4,6),(0.,0.543227927286,1.),.UNSPECIFIED.);
#15648 = CARTESIAN_POINT('',(1.,-0.6));
#15649 = CARTESIAN_POINT('',(0.895154884408,-0.6));
#15650 = CARTESIAN_POINT('',(0.78783247021,-0.6));
#15651 = CARTESIAN_POINT('',(0.678608312985,-0.6));
#15652 = CARTESIAN_POINT('',(0.568290836951,-0.6));
#15653 = CARTESIAN_POINT('',(0.365262179161,-0.6));
#15654 = CARTESIAN_POINT('',(0.272506922118,-0.6));
#15655 = CARTESIAN_POINT('',(0.180386188143,-0.6));
#15656 = CARTESIAN_POINT('',(8.941545488519E-02,-0.6));
#15657 = CARTESIAN_POINT('',(0.,-0.6));
#15658 = ( GEOMETRIC_REPRESENTATION_CONTEXT(2) 
PARAMETRIC_REPRESENTATION_CONTEXT() REPRESENTATION_CONTEXT('2D SPACE',''
  ) );
#15659 = PCURVE('',#15433,#15660);
#15660 = DEFINITIONAL_REPRESENTATION('',(#15661),#15672);
#15661 = B_SPLINE_CURVE_WITH_KNOTS('',5,(#15662,#15663,#15664,#15665,
    #15666,#15667,#15668,#15669,#15670,#15671),.UNSPECIFIED.,.F.,.F.,(6,
    4,6),(0.,0.543227927286,1.),.UNSPECIFIED.);
#15662 = CARTESIAN_POINT('',(24.450986328125,13.324003601074));
#15663 = CARTESIAN_POINT('',(24.362916431027,13.324003601074));
#15664 = CARTESIAN_POINT('',(24.277712483425,13.33299048734));
#15665 = CARTESIAN_POINT('',(24.196323749681,13.351810464039));
#15666 = CARTESIAN_POINT('',(24.119708203058,13.380970196933));
#15667 = CARTESIAN_POINT('',(23.988779082222,13.452937789053));
#15668 = CARTESIAN_POINT('',(23.932833226702,13.492847578812));
#15669 = CARTESIAN_POINT('',(23.8811695433,13.5395684064));
#15670 = CARTESIAN_POINT('',(23.83390574647,13.592527497425));
#15671 = CARTESIAN_POINT('',(23.790986328125,13.651005554199));
#15672 = ( GEOMETRIC_REPRESENTATION_CONTEXT(2) 
PARAMETRIC_REPRESENTATION_CONTEXT() REPRESENTATION_CONTEXT('2D SPACE',''
  ) );
#15673 = ORIENTED_EDGE('',*,*,#15674,.F.);
#15674 = EDGE_CURVE('',#14493,#15631,#15675,.T.);
#15675 = SURFACE_CURVE('',#15676,(#15680,#15687),.PCURVE_S1.);
#15676 = LINE('',#15677,#15678);
#15677 = CARTESIAN_POINT('',(82.450986328125,-45.17599639892,32.9));
#15678 = VECTOR('',#15679,1.);
#15679 = DIRECTION('',(0.,0.,1.));
#15680 = PCURVE('',#14508,#15681);
#15681 = DEFINITIONAL_REPRESENTATION('',(#15682),#15686);
#15682 = LINE('',#15683,#15684);
#15683 = CARTESIAN_POINT('',(1.,0.));
#15684 = VECTOR('',#15685,1.);
#15685 = DIRECTION('',(0.,-1.));
#15686 = ( GEOMETRIC_REPRESENTATION_CONTEXT(2) 
PARAMETRIC_REPRESENTATION_CONTEXT() REPRESENTATION_CONTEXT('2D SPACE',''
  ) );
#15687 = PCURVE('',#14538,#15688);
#15688 = DEFINITIONAL_REPRESENTATION('',(#15689),#15693);
#15689 = LINE('',#15690,#15691);
#15690 = CARTESIAN_POINT('',(0.,0.));
#15691 = VECTOR('',#15692,1.);
#15692 = DIRECTION('',(0.,-1.));
#15693 = ( GEOMETRIC_REPRESENTATION_CONTEXT(2) 
PARAMETRIC_REPRESENTATION_CONTEXT() REPRESENTATION_CONTEXT('2D SPACE',''
  ) );
#15694 = ADVANCED_FACE('',(#15695),#14538,.F.);
#15695 = FACE_BOUND('',#15696,.F.);
#15696 = EDGE_LOOP('',(#15697,#15698,#15699,#15743));
#15697 = ORIENTED_EDGE('',*,*,#14522,.F.);
#15698 = ORIENTED_EDGE('',*,*,#15674,.T.);
#15699 = ORIENTED_EDGE('',*,*,#15700,.F.);
#15700 = EDGE_CURVE('',#15701,#15631,#15703,.T.);
#15701 = VERTEX_POINT('',#15702);
#15702 = CARTESIAN_POINT('',(83.10798828125,-44.8489944458,33.5));
#15703 = SURFACE_CURVE('',#15704,(#15715,#15729),.PCURVE_S1.);
#15704 = B_SPLINE_CURVE_WITH_KNOTS('',5,(#15705,#15706,#15707,#15708,
    #15709,#15710,#15711,#15712,#15713,#15714),.UNSPECIFIED.,.F.,.F.,(6,
    4,6),(0.,0.479439771683,1.),.UNSPECIFIED.);
#15705 = CARTESIAN_POINT('',(83.10798828125,-44.8489944458,33.5));
#15706 = CARTESIAN_POINT('',(83.062527104599,-44.9101714542,33.5));
#15707 = CARTESIAN_POINT('',(83.012478667422,-44.9653340214,33.5));
#15708 = CARTESIAN_POINT('',(82.957780375551,-45.01366016851,33.5));
#15709 = CARTESIAN_POINT('',(82.898562933473,-45.05448938254,33.5));
#15710 = CARTESIAN_POINT('',(82.766632853911,-45.12349844313,33.5));
#15711 = CARTESIAN_POINT('',(82.69316862309,-45.15030846037,33.5));
#15712 = CARTESIAN_POINT('',(82.615536127823,-45.16767192037,33.5));
#15713 = CARTESIAN_POINT('',(82.534539020817,-45.17599639892,33.5));
#15714 = CARTESIAN_POINT('',(82.450986328125,-45.17599639892,33.5));
#15715 = PCURVE('',#14538,#15716);
#15716 = DEFINITIONAL_REPRESENTATION('',(#15717),#15728);
#15717 = B_SPLINE_CURVE_WITH_KNOTS('',5,(#15718,#15719,#15720,#15721,
    #15722,#15723,#15724,#15725,#15726,#15727),.UNSPECIFIED.,.F.,.F.,(6,
    4,6),(0.,0.479439771683,1.),.UNSPECIFIED.);
#15718 = CARTESIAN_POINT('',(1.,-0.6));
#15719 = CARTESIAN_POINT('',(0.906457732406,-0.6));
#15720 = CARTESIAN_POINT('',(0.811173929267,-0.6));
#15721 = CARTESIAN_POINT('',(0.71459213731,-0.6));
#15722 = CARTESIAN_POINT('',(0.617287375432,-0.6));
#15723 = CARTESIAN_POINT('',(0.414368508083,-0.6));
#15724 = CARTESIAN_POINT('',(0.308711842254,-0.6));
#15725 = CARTESIAN_POINT('',(0.203987315084,-0.6));
#15726 = CARTESIAN_POINT('',(0.100908097038,-0.6));
#15727 = CARTESIAN_POINT('',(0.,-0.6));
#15728 = ( GEOMETRIC_REPRESENTATION_CONTEXT(2) 
PARAMETRIC_REPRESENTATION_CONTEXT() REPRESENTATION_CONTEXT('2D SPACE',''
  ) );
#15729 = PCURVE('',#15433,#15730);
#15730 = DEFINITIONAL_REPRESENTATION('',(#15731),#15742);
#15731 = B_SPLINE_CURVE_WITH_KNOTS('',5,(#15732,#15733,#15734,#15735,
    #15736,#15737,#15738,#15739,#15740,#15741),.UNSPECIFIED.,.F.,.F.,(6,
    4,6),(0.,0.479439771683,1.),.UNSPECIFIED.);
#15732 = CARTESIAN_POINT('',(25.10798828125,13.651005554199));
#15733 = CARTESIAN_POINT('',(25.062527104599,13.589828545793));
#15734 = CARTESIAN_POINT('',(25.012478667422,13.534665978598));
#15735 = CARTESIAN_POINT('',(24.957780375551,13.486339831484));
#15736 = CARTESIAN_POINT('',(24.898562933473,13.445510617451));
#15737 = CARTESIAN_POINT('',(24.766632853911,13.376501556864));
#15738 = CARTESIAN_POINT('',(24.69316862309,13.349691539625));
#15739 = CARTESIAN_POINT('',(24.615536127823,13.332328079624));
#15740 = CARTESIAN_POINT('',(24.534539020817,13.324003601074));
#15741 = CARTESIAN_POINT('',(24.450986328125,13.324003601074));
#15742 = ( GEOMETRIC_REPRESENTATION_CONTEXT(2) 
PARAMETRIC_REPRESENTATION_CONTEXT() REPRESENTATION_CONTEXT('2D SPACE',''
  ) );
#15743 = ORIENTED_EDGE('',*,*,#15744,.F.);
#15744 = EDGE_CURVE('',#14523,#15701,#15745,.T.);
#15745 = SURFACE_CURVE('',#15746,(#15750,#15757),.PCURVE_S1.);
#15746 = LINE('',#15747,#15748);
#15747 = CARTESIAN_POINT('',(83.10798828125,-44.8489944458,32.9));
#15748 = VECTOR('',#15749,1.);
#15749 = DIRECTION('',(0.,0.,1.));
#15750 = PCURVE('',#14538,#15751);
#15751 = DEFINITIONAL_REPRESENTATION('',(#15752),#15756);
#15752 = LINE('',#15753,#15754);
#15753 = CARTESIAN_POINT('',(1.,0.));
#15754 = VECTOR('',#15755,1.);
#15755 = DIRECTION('',(0.,-1.));
#15756 = ( GEOMETRIC_REPRESENTATION_CONTEXT(2) 
PARAMETRIC_REPRESENTATION_CONTEXT() REPRESENTATION_CONTEXT('2D SPACE',''
  ) );
#15757 = PCURVE('',#14568,#15758);
#15758 = DEFINITIONAL_REPRESENTATION('',(#15759),#15763);
#15759 = LINE('',#15760,#15761);
#15760 = CARTESIAN_POINT('',(0.,0.));
#15761 = VECTOR('',#15762,1.);
#15762 = DIRECTION('',(0.,-1.));
#15763 = ( GEOMETRIC_REPRESENTATION_CONTEXT(2) 
PARAMETRIC_REPRESENTATION_CONTEXT() REPRESENTATION_CONTEXT('2D SPACE',''
  ) );
#15764 = ADVANCED_FACE('',(#15765),#14568,.F.);
#15765 = FACE_BOUND('',#15766,.F.);
#15766 = EDGE_LOOP('',(#15767,#15768,#15769,#15813));
#15767 = ORIENTED_EDGE('',*,*,#14552,.F.);
#15768 = ORIENTED_EDGE('',*,*,#15744,.T.);
#15769 = ORIENTED_EDGE('',*,*,#15770,.F.);
#15770 = EDGE_CURVE('',#15771,#15701,#15773,.T.);
#15771 = VERTEX_POINT('',#15772);
#15772 = CARTESIAN_POINT('',(83.350986328125,-43.97000030517,33.5));
#15773 = SURFACE_CURVE('',#15774,(#15785,#15799),.PCURVE_S1.);
#15774 = B_SPLINE_CURVE_WITH_KNOTS('',5,(#15775,#15776,#15777,#15778,
    #15779,#15780,#15781,#15782,#15783,#15784),.UNSPECIFIED.,.F.,.F.,(6,
    4,6),(0.,0.518529649705,1.),.UNSPECIFIED.);
#15775 = CARTESIAN_POINT('',(83.350986328125,-43.97000030517,33.5));
#15776 = CARTESIAN_POINT('',(83.350986328125,-44.0749556357,33.5));
#15777 = CARTESIAN_POINT('',(83.345494937663,-44.17761821596,33.5));
#15778 = CARTESIAN_POINT('',(83.333932495191,-44.27746366959,33.5));
#15779 = CARTESIAN_POINT('',(83.31566325567,-44.37377015725,33.5));
#15780 = CARTESIAN_POINT('',(83.266627604038,-44.5511462762,33.5));
#15781 = CARTESIAN_POINT('',(83.236846156741,-44.63282022406,33.5));
#15782 = CARTESIAN_POINT('',(83.200544661212,-44.71010045306,33.5));
#15783 = CARTESIAN_POINT('',(83.157531084113,-44.78232480171,33.5));
#15784 = CARTESIAN_POINT('',(83.10798828125,-44.8489944458,33.5));
#15785 = PCURVE('',#14568,#15786);
#15786 = DEFINITIONAL_REPRESENTATION('',(#15787),#15798);
#15787 = B_SPLINE_CURVE_WITH_KNOTS('',5,(#15788,#15789,#15790,#15791,
    #15792,#15793,#15794,#15795,#15796,#15797),.UNSPECIFIED.,.F.,.F.,(6,
    4,6),(0.,0.518529649705,1.),.UNSPECIFIED.);
#15788 = CARTESIAN_POINT('',(1.,-0.6));
#15789 = CARTESIAN_POINT('',(0.904930420302,-0.6));
#15790 = CARTESIAN_POINT('',(0.807332099451,-0.6));
#15791 = CARTESIAN_POINT('',(0.707193870363,-0.6));
#15792 = CARTESIAN_POINT('',(0.604636393548,-0.6));
#15793 = CARTESIAN_POINT('',(0.402841966542,-0.6));
#15794 = CARTESIAN_POINT('',(0.303883693877,-0.6));
#15795 = CARTESIAN_POINT('',(0.203437040236,-0.6));
#15796 = CARTESIAN_POINT('',(0.101940742941,-0.6));
#15797 = CARTESIAN_POINT('',(0.,-0.6));
#15798 = ( GEOMETRIC_REPRESENTATION_CONTEXT(2) 
PARAMETRIC_REPRESENTATION_CONTEXT() REPRESENTATION_CONTEXT('2D SPACE',''
  ) );
#15799 = PCURVE('',#15433,#15800);
#15800 = DEFINITIONAL_REPRESENTATION('',(#15801),#15812);
#15801 = B_SPLINE_CURVE_WITH_KNOTS('',5,(#15802,#15803,#15804,#15805,
    #15806,#15807,#15808,#15809,#15810,#15811),.UNSPECIFIED.,.F.,.F.,(6,
    4,6),(0.,0.518529649705,1.),.UNSPECIFIED.);
#15802 = CARTESIAN_POINT('',(25.350986328125,14.529999694824));
#15803 = CARTESIAN_POINT('',(25.350986328125,14.425044364299));
#15804 = CARTESIAN_POINT('',(25.345494937663,14.322381784032));
#15805 = CARTESIAN_POINT('',(25.333932495191,14.222536330409));
#15806 = CARTESIAN_POINT('',(25.31566325567,14.126229842743));
#15807 = CARTESIAN_POINT('',(25.266627604038,13.948853723794));
#15808 = CARTESIAN_POINT('',(25.236846156741,13.86717977594));
#15809 = CARTESIAN_POINT('',(25.200544661212,13.789899546936));
#15810 = CARTESIAN_POINT('',(25.157531084113,13.717675198289));
#15811 = CARTESIAN_POINT('',(25.10798828125,13.651005554199));
#15812 = ( GEOMETRIC_REPRESENTATION_CONTEXT(2) 
PARAMETRIC_REPRESENTATION_CONTEXT() REPRESENTATION_CONTEXT('2D SPACE',''
  ) );
#15813 = ORIENTED_EDGE('',*,*,#15814,.F.);
#15814 = EDGE_CURVE('',#14553,#15771,#15815,.T.);
#15815 = SURFACE_CURVE('',#15816,(#15820,#15827),.PCURVE_S1.);
#15816 = LINE('',#15817,#15818);
#15817 = CARTESIAN_POINT('',(83.350986328125,-43.97000030517,32.9));
#15818 = VECTOR('',#15819,1.);
#15819 = DIRECTION('',(0.,0.,1.));
#15820 = PCURVE('',#14568,#15821);
#15821 = DEFINITIONAL_REPRESENTATION('',(#15822),#15826);
#15822 = LINE('',#15823,#15824);
#15823 = CARTESIAN_POINT('',(1.,0.));
#15824 = VECTOR('',#15825,1.);
#15825 = DIRECTION('',(0.,-1.));
#15826 = ( GEOMETRIC_REPRESENTATION_CONTEXT(2) 
PARAMETRIC_REPRESENTATION_CONTEXT() REPRESENTATION_CONTEXT('2D SPACE',''
  ) );
#15827 = PCURVE('',#14598,#15828);
#15828 = DEFINITIONAL_REPRESENTATION('',(#15829),#15833);
#15829 = LINE('',#15830,#15831);
#15830 = CARTESIAN_POINT('',(0.,0.));
#15831 = VECTOR('',#15832,1.);
#15832 = DIRECTION('',(0.,-1.));
#15833 = ( GEOMETRIC_REPRESENTATION_CONTEXT(2) 
PARAMETRIC_REPRESENTATION_CONTEXT() REPRESENTATION_CONTEXT('2D SPACE',''
  ) );
#15834 = ADVANCED_FACE('',(#15835),#14598,.F.);
#15835 = FACE_BOUND('',#15836,.F.);
#15836 = EDGE_LOOP('',(#15837,#15838,#15839,#15889));
#15837 = ORIENTED_EDGE('',*,*,#14582,.F.);
#15838 = ORIENTED_EDGE('',*,*,#15814,.T.);
#15839 = ORIENTED_EDGE('',*,*,#15840,.F.);
#15840 = EDGE_CURVE('',#15841,#15771,#15843,.T.);
#15841 = VERTEX_POINT('',#15842);
#15842 = CARTESIAN_POINT('',(83.113994140625,-43.05800811767,33.5));
#15843 = SURFACE_CURVE('',#15844,(#15857,#15873),.PCURVE_S1.);
#15844 = B_SPLINE_CURVE_WITH_KNOTS('',6,(#15845,#15846,#15847,#15848,
    #15849,#15850,#15851,#15852,#15853,#15854,#15855,#15856),
  .UNSPECIFIED.,.F.,.F.,(7,5,7),(0.,0.479485941366,1.),.UNSPECIFIED.);
#15845 = CARTESIAN_POINT('',(83.113994140625,-43.05800811767,33.5));
#15846 = CARTESIAN_POINT('',(83.154755260845,-43.11476597883,33.5));
#15847 = CARTESIAN_POINT('',(83.191038086273,-43.17561857701,33.5));
#15848 = CARTESIAN_POINT('',(83.222795015667,-43.24023806629,33.5));
#15849 = CARTESIAN_POINT('',(83.250116870177,-43.30824172421,33.5));
#15850 = CARTESIAN_POINT('',(83.27318298777,-43.37923109902,33.5));
#15851 = CARTESIAN_POINT('',(83.312867842412,-43.53272894227,33.5));
#15852 = CARTESIAN_POINT('',(83.328767140826,-43.61570593721,33.5));
#15853 = CARTESIAN_POINT('',(83.340196016847,-43.70130542995,33.5));
#15854 = CARTESIAN_POINT('',(83.347491826157,-43.78910822652,33.5));
#15855 = CARTESIAN_POINT('',(83.350986328125,-43.8787636998,33.5));
#15856 = CARTESIAN_POINT('',(83.350986328125,-43.97000030517,33.5));
#15857 = PCURVE('',#14598,#15858);
#15858 = DEFINITIONAL_REPRESENTATION('',(#15859),#15872);
#15859 = B_SPLINE_CURVE_WITH_KNOTS('',6,(#15860,#15861,#15862,#15863,
    #15864,#15865,#15866,#15867,#15868,#15869,#15870,#15871),
  .UNSPECIFIED.,.F.,.F.,(7,5,7),(0.,0.479485941366,1.),.UNSPECIFIED.);
#15860 = CARTESIAN_POINT('',(1.,-0.6));
#15861 = CARTESIAN_POINT('',(0.914003240676,-0.6));
#15862 = CARTESIAN_POINT('',(0.828579516091,-0.6));
#15863 = CARTESIAN_POINT('',(0.744053968081,-0.6));
#15864 = CARTESIAN_POINT('',(0.660672435804,-0.6));
#15865 = CARTESIAN_POINT('',(0.578613412126,-0.6));
#15866 = CARTESIAN_POINT('',(0.4104887495,-0.6));
#15867 = CARTESIAN_POINT('',(0.324677794148,-0.6));
#15868 = CARTESIAN_POINT('',(0.240697509456,-0.6));
#15869 = CARTESIAN_POINT('',(0.158599860006,-0.6));
#15870 = CARTESIAN_POINT('',(7.83830155561E-02,-0.6));
#15871 = CARTESIAN_POINT('',(0.,-0.6));
#15872 = ( GEOMETRIC_REPRESENTATION_CONTEXT(2) 
PARAMETRIC_REPRESENTATION_CONTEXT() REPRESENTATION_CONTEXT('2D SPACE',''
  ) );
#15873 = PCURVE('',#15433,#15874);
#15874 = DEFINITIONAL_REPRESENTATION('',(#15875),#15888);
#15875 = B_SPLINE_CURVE_WITH_KNOTS('',6,(#15876,#15877,#15878,#15879,
    #15880,#15881,#15882,#15883,#15884,#15885,#15886,#15887),
  .UNSPECIFIED.,.F.,.F.,(7,5,7),(0.,0.479485941366,1.),.UNSPECIFIED.);
#15876 = CARTESIAN_POINT('',(25.113994140625,15.441991882324));
#15877 = CARTESIAN_POINT('',(25.154755260845,15.38523402117));
#15878 = CARTESIAN_POINT('',(25.191038086273,15.324381422984));
#15879 = CARTESIAN_POINT('',(25.222795015667,15.259761933703));
#15880 = CARTESIAN_POINT('',(25.250116870177,15.191758275782));
#15881 = CARTESIAN_POINT('',(25.27318298777,15.120768900972));
#15882 = CARTESIAN_POINT('',(25.312867842412,14.967271057726));
#15883 = CARTESIAN_POINT('',(25.328767140826,14.884294062787));
#15884 = CARTESIAN_POINT('',(25.340196016847,14.798694570047));
#15885 = CARTESIAN_POINT('',(25.347491826157,14.710891773479));
#15886 = CARTESIAN_POINT('',(25.350986328125,14.621236300197));
#15887 = CARTESIAN_POINT('',(25.350986328125,14.529999694824));
#15888 = ( GEOMETRIC_REPRESENTATION_CONTEXT(2) 
PARAMETRIC_REPRESENTATION_CONTEXT() REPRESENTATION_CONTEXT('2D SPACE',''
  ) );
#15889 = ORIENTED_EDGE('',*,*,#15890,.F.);
#15890 = EDGE_CURVE('',#14583,#15841,#15891,.T.);
#15891 = SURFACE_CURVE('',#15892,(#15896,#15903),.PCURVE_S1.);
#15892 = LINE('',#15893,#15894);
#15893 = CARTESIAN_POINT('',(83.113994140625,-43.05800811767,32.9));
#15894 = VECTOR('',#15895,1.);
#15895 = DIRECTION('',(0.,0.,1.));
#15896 = PCURVE('',#14598,#15897);
#15897 = DEFINITIONAL_REPRESENTATION('',(#15898),#15902);
#15898 = LINE('',#15899,#15900);
#15899 = CARTESIAN_POINT('',(1.,0.));
#15900 = VECTOR('',#15901,1.);
#15901 = DIRECTION('',(0.,-1.));
#15902 = ( GEOMETRIC_REPRESENTATION_CONTEXT(2) 
PARAMETRIC_REPRESENTATION_CONTEXT() REPRESENTATION_CONTEXT('2D SPACE',''
  ) );
#15903 = PCURVE('',#14626,#15904);
#15904 = DEFINITIONAL_REPRESENTATION('',(#15905),#15909);
#15905 = LINE('',#15906,#15907);
#15906 = CARTESIAN_POINT('',(0.,0.));
#15907 = VECTOR('',#15908,1.);
#15908 = DIRECTION('',(0.,-1.));
#15909 = ( GEOMETRIC_REPRESENTATION_CONTEXT(2) 
PARAMETRIC_REPRESENTATION_CONTEXT() REPRESENTATION_CONTEXT('2D SPACE',''
  ) );
#15910 = ADVANCED_FACE('',(#15911),#14626,.F.);
#15911 = FACE_BOUND('',#15912,.F.);
#15912 = EDGE_LOOP('',(#15913,#15914,#15915,#15957));
#15913 = ORIENTED_EDGE('',*,*,#14612,.F.);
#15914 = ORIENTED_EDGE('',*,*,#15890,.T.);
#15915 = ORIENTED_EDGE('',*,*,#15916,.F.);
#15916 = EDGE_CURVE('',#15381,#15841,#15917,.T.);
#15917 = SURFACE_CURVE('',#15918,(#15929,#15943),.PCURVE_S1.);
#15918 = B_SPLINE_CURVE_WITH_KNOTS('',5,(#15919,#15920,#15921,#15922,
    #15923,#15924,#15925,#15926,#15927,#15928),.UNSPECIFIED.,.F.,.F.,(6,
    4,6),(0.,0.55768118587,1.),.UNSPECIFIED.);
#15919 = CARTESIAN_POINT('',(82.450986328125,-42.72800811767,33.5));
#15920 = CARTESIAN_POINT('',(82.542370188418,-42.72800811767,33.5));
#15921 = CARTESIAN_POINT('',(82.630645863889,-42.73749913933,33.5));
#15922 = CARTESIAN_POINT('',(82.714740504787,-42.75744381728,33.5));
#15923 = CARTESIAN_POINT('',(82.793554534126,-42.78844238964,33.5));
#15924 = CARTESIAN_POINT('',(82.92396456313,-42.8630022082,33.5));
#15925 = CARTESIAN_POINT('',(82.977841446777,-42.90265108073,33.5));
#15926 = CARTESIAN_POINT('',(83.027516212271,-42.94874964141,33.5));
#15927 = CARTESIAN_POINT('',(83.072881198162,-43.0007603613,33.5));
#15928 = CARTESIAN_POINT('',(83.113994140625,-43.05800811767,33.5));
#15929 = PCURVE('',#14626,#15930);
#15930 = DEFINITIONAL_REPRESENTATION('',(#15931),#15942);
#15931 = B_SPLINE_CURVE_WITH_KNOTS('',5,(#15932,#15933,#15934,#15935,
    #15936,#15937,#15938,#15939,#15940,#15941),.UNSPECIFIED.,.F.,.F.,(6,
    4,6),(0.,0.55768118587,1.),.UNSPECIFIED.);
#15932 = CARTESIAN_POINT('',(1.,-0.6));
#15933 = CARTESIAN_POINT('',(0.892745881923,-0.6));
#15934 = CARTESIAN_POINT('',(0.782759168993,-0.6));
#15935 = CARTESIAN_POINT('',(0.670651874302,-0.6));
#15936 = CARTESIAN_POINT('',(0.557311009459,-0.6));
#15937 = CARTESIAN_POINT('',(0.354128595689,-0.6));
#15938 = CARTESIAN_POINT('',(0.264240237429,-0.6));
#15939 = CARTESIAN_POINT('',(0.174947805403,-0.6));
#15940 = CARTESIAN_POINT('',(8.673902481098E-02,-0.6));
#15941 = CARTESIAN_POINT('',(0.,-0.6));
#15942 = ( GEOMETRIC_REPRESENTATION_CONTEXT(2) 
PARAMETRIC_REPRESENTATION_CONTEXT() REPRESENTATION_CONTEXT('2D SPACE',''
  ) );
#15943 = PCURVE('',#15433,#15944);
#15944 = DEFINITIONAL_REPRESENTATION('',(#15945),#15956);
#15945 = B_SPLINE_CURVE_WITH_KNOTS('',5,(#15946,#15947,#15948,#15949,
    #15950,#15951,#15952,#15953,#15954,#15955),.UNSPECIFIED.,.F.,.F.,(6,
    4,6),(0.,0.55768118587,1.),.UNSPECIFIED.);
#15946 = CARTESIAN_POINT('',(24.450986328125,15.771991882324));
#15947 = CARTESIAN_POINT('',(24.542370188418,15.771991882324));
#15948 = CARTESIAN_POINT('',(24.630645863889,15.762500860663));
#15949 = CARTESIAN_POINT('',(24.714740504787,15.742556182715));
#15950 = CARTESIAN_POINT('',(24.793554534126,15.711557610355));
#15951 = CARTESIAN_POINT('',(24.92396456313,15.636997791798));
#15952 = CARTESIAN_POINT('',(24.977841446777,15.597348919268));
#15953 = CARTESIAN_POINT('',(25.027516212271,15.551250358588));
#15954 = CARTESIAN_POINT('',(25.072881198162,15.499239638699));
#15955 = CARTESIAN_POINT('',(25.113994140625,15.441991882324));
#15956 = ( GEOMETRIC_REPRESENTATION_CONTEXT(2) 
PARAMETRIC_REPRESENTATION_CONTEXT() REPRESENTATION_CONTEXT('2D SPACE',''
  ) );
#15957 = ORIENTED_EDGE('',*,*,#15380,.F.);
#15958 = ADVANCED_FACE('',(#15959),#14703,.F.);
#15959 = FACE_BOUND('',#15960,.F.);
#15960 = EDGE_LOOP('',(#15961,#15962,#15985,#16011));
#15961 = ORIENTED_EDGE('',*,*,#14685,.F.);
#15962 = ORIENTED_EDGE('',*,*,#15963,.T.);
#15963 = EDGE_CURVE('',#14686,#15964,#15966,.T.);
#15964 = VERTEX_POINT('',#15965);
#15965 = CARTESIAN_POINT('',(85.989501953125,-29.85900405883,33.5));
#15966 = SURFACE_CURVE('',#15967,(#15971,#15978),.PCURVE_S1.);
#15967 = LINE('',#15968,#15969);
#15968 = CARTESIAN_POINT('',(85.989501953125,-29.85900405883,32.9));
#15969 = VECTOR('',#15970,1.);
#15970 = DIRECTION('',(0.,0.,1.));
#15971 = PCURVE('',#14703,#15972);
#15972 = DEFINITIONAL_REPRESENTATION('',(#15973),#15977);
#15973 = LINE('',#15974,#15975);
#15974 = CARTESIAN_POINT('',(0.,0.));
#15975 = VECTOR('',#15976,1.);
#15976 = DIRECTION('',(0.,-1.));
#15977 = ( GEOMETRIC_REPRESENTATION_CONTEXT(2) 
PARAMETRIC_REPRESENTATION_CONTEXT() REPRESENTATION_CONTEXT('2D SPACE',''
  ) );
#15978 = PCURVE('',#14757,#15979);
#15979 = DEFINITIONAL_REPRESENTATION('',(#15980),#15984);
#15980 = LINE('',#15981,#15982);
#15981 = CARTESIAN_POINT('',(1.059069247929,-0.));
#15982 = VECTOR('',#15983,1.);
#15983 = DIRECTION('',(0.,-1.));
#15984 = ( GEOMETRIC_REPRESENTATION_CONTEXT(2) 
PARAMETRIC_REPRESENTATION_CONTEXT() REPRESENTATION_CONTEXT('2D SPACE',''
  ) );
#15985 = ORIENTED_EDGE('',*,*,#15986,.F.);
#15986 = EDGE_CURVE('',#15987,#15964,#15989,.T.);
#15987 = VERTEX_POINT('',#15988);
#15988 = CARTESIAN_POINT('',(86.685498046875,-29.85900405883,33.5));
#15989 = SURFACE_CURVE('',#15990,(#15994,#16000),.PCURVE_S1.);
#15990 = LINE('',#15991,#15992);
#15991 = CARTESIAN_POINT('',(71.994750976562,-29.85900405883,33.5));
#15992 = VECTOR('',#15993,1.);
#15993 = DIRECTION('',(-1.,0.,0.));
#15994 = PCURVE('',#14703,#15995);
#15995 = DEFINITIONAL_REPRESENTATION('',(#15996),#15999);
#15996 = B_SPLINE_CURVE_WITH_KNOTS('',1,(#15997,#15998),.UNSPECIFIED.,
  .F.,.F.,(2,2),(-14.69074707031,-13.99475097656),
  .PIECEWISE_BEZIER_KNOTS.);
#15997 = CARTESIAN_POINT('',(0.69599609375,-0.6));
#15998 = CARTESIAN_POINT('',(0.,-0.6));
#15999 = ( GEOMETRIC_REPRESENTATION_CONTEXT(2) 
PARAMETRIC_REPRESENTATION_CONTEXT() REPRESENTATION_CONTEXT('2D SPACE',''
  ) );
#16000 = PCURVE('',#16001,#16006);
#16001 = PLANE('',#16002);
#16002 = AXIS2_PLACEMENT_3D('',#16003,#16004,#16005);
#16003 = CARTESIAN_POINT('',(58.,-58.5,33.5));
#16004 = DIRECTION('',(0.,0.,1.));
#16005 = DIRECTION('',(1.,0.,-0.));
#16006 = DEFINITIONAL_REPRESENTATION('',(#16007),#16010);
#16007 = B_SPLINE_CURVE_WITH_KNOTS('',1,(#16008,#16009),.UNSPECIFIED.,
  .F.,.F.,(2,2),(-14.69074707031,-13.99475097656),
  .PIECEWISE_BEZIER_KNOTS.);
#16008 = CARTESIAN_POINT('',(28.685498046875,28.640995941162));
#16009 = CARTESIAN_POINT('',(27.989501953125,28.640995941162));
#16010 = ( GEOMETRIC_REPRESENTATION_CONTEXT(2) 
PARAMETRIC_REPRESENTATION_CONTEXT() REPRESENTATION_CONTEXT('2D SPACE',''
  ) );
#16011 = ORIENTED_EDGE('',*,*,#16012,.F.);
#16012 = EDGE_CURVE('',#14688,#15987,#16013,.T.);
#16013 = SURFACE_CURVE('',#16014,(#16018,#16025),.PCURVE_S1.);
#16014 = LINE('',#16015,#16016);
#16015 = CARTESIAN_POINT('',(86.685498046875,-29.85900405883,32.9));
#16016 = VECTOR('',#16017,1.);
#16017 = DIRECTION('',(0.,0.,1.));
#16018 = PCURVE('',#14703,#16019);
#16019 = DEFINITIONAL_REPRESENTATION('',(#16020),#16024);
#16020 = LINE('',#16021,#16022);
#16021 = CARTESIAN_POINT('',(0.69599609375,0.));
#16022 = VECTOR('',#16023,1.);
#16023 = DIRECTION('',(0.,-1.));
#16024 = ( GEOMETRIC_REPRESENTATION_CONTEXT(2) 
PARAMETRIC_REPRESENTATION_CONTEXT() REPRESENTATION_CONTEXT('2D SPACE',''
  ) );
#16025 = PCURVE('',#14731,#16026);
#16026 = DEFINITIONAL_REPRESENTATION('',(#16027),#16031);
#16027 = LINE('',#16028,#16029);
#16028 = CARTESIAN_POINT('',(0.,0.));
#16029 = VECTOR('',#16030,1.);
#16030 = DIRECTION('',(0.,-1.));
#16031 = ( GEOMETRIC_REPRESENTATION_CONTEXT(2) 
PARAMETRIC_REPRESENTATION_CONTEXT() REPRESENTATION_CONTEXT('2D SPACE',''
  ) );
#16032 = ADVANCED_FACE('',(#16033),#14731,.F.);
#16033 = FACE_BOUND('',#16034,.F.);
#16034 = EDGE_LOOP('',(#16035,#16036,#16037,#16058));
#16035 = ORIENTED_EDGE('',*,*,#14715,.F.);
#16036 = ORIENTED_EDGE('',*,*,#16012,.T.);
#16037 = ORIENTED_EDGE('',*,*,#16038,.F.);
#16038 = EDGE_CURVE('',#16039,#15987,#16041,.T.);
#16039 = VERTEX_POINT('',#16040);
#16040 = CARTESIAN_POINT('',(86.349501953125,-28.86299819946,33.5));
#16041 = SURFACE_CURVE('',#16042,(#16046,#16052),.PCURVE_S1.);
#16042 = LINE('',#16043,#16044);
#16043 = CARTESIAN_POINT('',(89.557388043801,-38.37225560439,33.5));
#16044 = VECTOR('',#16045,1.);
#16045 = DIRECTION('',(0.319645507704,-0.947537202122,0.));
#16046 = PCURVE('',#14731,#16047);
#16047 = DEFINITIONAL_REPRESENTATION('',(#16048),#16051);
#16048 = B_SPLINE_CURVE_WITH_KNOTS('',1,(#16049,#16050),.UNSPECIFIED.,
  .F.,.F.,(2,2),(-10.03576153383,-8.984609286573),
  .PIECEWISE_BEZIER_KNOTS.);
#16049 = CARTESIAN_POINT('',(1.051152247262,-0.6));
#16050 = CARTESIAN_POINT('',(0.,-0.6));
#16051 = ( GEOMETRIC_REPRESENTATION_CONTEXT(2) 
PARAMETRIC_REPRESENTATION_CONTEXT() REPRESENTATION_CONTEXT('2D SPACE',''
  ) );
#16052 = PCURVE('',#16001,#16053);
#16053 = DEFINITIONAL_REPRESENTATION('',(#16054),#16057);
#16054 = B_SPLINE_CURVE_WITH_KNOTS('',1,(#16055,#16056),.UNSPECIFIED.,
  .F.,.F.,(2,2),(-10.03576153383,-8.984609286573),
  .PIECEWISE_BEZIER_KNOTS.);
#16055 = CARTESIAN_POINT('',(28.349501953125,29.637001800537));
#16056 = CARTESIAN_POINT('',(28.685498046875,28.640995941162));
#16057 = ( GEOMETRIC_REPRESENTATION_CONTEXT(2) 
PARAMETRIC_REPRESENTATION_CONTEXT() REPRESENTATION_CONTEXT('2D SPACE',''
  ) );
#16058 = ORIENTED_EDGE('',*,*,#16059,.F.);
#16059 = EDGE_CURVE('',#14716,#16039,#16060,.T.);
#16060 = SURFACE_CURVE('',#16061,(#16065,#16072),.PCURVE_S1.);
#16061 = LINE('',#16062,#16063);
#16062 = CARTESIAN_POINT('',(86.349501953125,-28.86299819946,32.9));
#16063 = VECTOR('',#16064,1.);
#16064 = DIRECTION('',(0.,0.,1.));
#16065 = PCURVE('',#14731,#16066);
#16066 = DEFINITIONAL_REPRESENTATION('',(#16067),#16071);
#16067 = LINE('',#16068,#16069);
#16068 = CARTESIAN_POINT('',(1.051152247262,0.));
#16069 = VECTOR('',#16070,1.);
#16070 = DIRECTION('',(0.,-1.));
#16071 = ( GEOMETRIC_REPRESENTATION_CONTEXT(2) 
PARAMETRIC_REPRESENTATION_CONTEXT() REPRESENTATION_CONTEXT('2D SPACE',''
  ) );
#16072 = PCURVE('',#14757,#16073);
#16073 = DEFINITIONAL_REPRESENTATION('',(#16074),#16078);
#16074 = LINE('',#16075,#16076);
#16075 = CARTESIAN_POINT('',(0.,0.));
#16076 = VECTOR('',#16077,1.);
#16077 = DIRECTION('',(0.,-1.));
#16078 = ( GEOMETRIC_REPRESENTATION_CONTEXT(2) 
PARAMETRIC_REPRESENTATION_CONTEXT() REPRESENTATION_CONTEXT('2D SPACE',''
  ) );
#16079 = ADVANCED_FACE('',(#16080),#14757,.F.);
#16080 = FACE_BOUND('',#16081,.F.);
#16081 = EDGE_LOOP('',(#16082,#16083,#16084,#16103));
#16082 = ORIENTED_EDGE('',*,*,#14743,.F.);
#16083 = ORIENTED_EDGE('',*,*,#16059,.T.);
#16084 = ORIENTED_EDGE('',*,*,#16085,.F.);
#16085 = EDGE_CURVE('',#15964,#16039,#16086,.T.);
#16086 = SURFACE_CURVE('',#16087,(#16091,#16097),.PCURVE_S1.);
#16087 = LINE('',#16088,#16089);
#16088 = CARTESIAN_POINT('',(79.974480324989,-46.50066179742,33.5));
#16089 = VECTOR('',#16090,1.);
#16090 = DIRECTION('',(0.33992111536,0.940453951734,-0.));
#16091 = PCURVE('',#14757,#16092);
#16092 = DEFINITIONAL_REPRESENTATION('',(#16093),#16096);
#16093 = B_SPLINE_CURVE_WITH_KNOTS('',1,(#16094,#16095),.UNSPECIFIED.,
  .F.,.F.,(2,2),(17.695345644412,18.754414892341),
  .PIECEWISE_BEZIER_KNOTS.);
#16094 = CARTESIAN_POINT('',(1.059069247929,-0.6));
#16095 = CARTESIAN_POINT('',(0.,-0.6));
#16096 = ( GEOMETRIC_REPRESENTATION_CONTEXT(2) 
PARAMETRIC_REPRESENTATION_CONTEXT() REPRESENTATION_CONTEXT('2D SPACE',''
  ) );
#16097 = PCURVE('',#16001,#16098);
#16098 = DEFINITIONAL_REPRESENTATION('',(#16099),#16102);
#16099 = B_SPLINE_CURVE_WITH_KNOTS('',1,(#16100,#16101),.UNSPECIFIED.,
  .F.,.F.,(2,2),(17.695345644412,18.754414892341),
  .PIECEWISE_BEZIER_KNOTS.);
#16100 = CARTESIAN_POINT('',(27.989501953125,28.640995941162));
#16101 = CARTESIAN_POINT('',(28.349501953125,29.637001800537));
#16102 = ( GEOMETRIC_REPRESENTATION_CONTEXT(2) 
PARAMETRIC_REPRESENTATION_CONTEXT() REPRESENTATION_CONTEXT('2D SPACE',''
  ) );
#16103 = ORIENTED_EDGE('',*,*,#15963,.F.);
#16104 = ADVANCED_FACE('',(#16105),#14868,.T.);
#16105 = FACE_BOUND('',#16106,.T.);
#16106 = EDGE_LOOP('',(#16107,#16108,#16109,#16110,#16111,#16112,#16113,
    #16114));
#16107 = ORIENTED_EDGE('',*,*,#14838,.F.);
#16108 = ORIENTED_EDGE('',*,*,#14913,.F.);
#16109 = ORIENTED_EDGE('',*,*,#14983,.F.);
#16110 = ORIENTED_EDGE('',*,*,#15053,.F.);
#16111 = ORIENTED_EDGE('',*,*,#15123,.F.);
#16112 = ORIENTED_EDGE('',*,*,#15193,.F.);
#16113 = ORIENTED_EDGE('',*,*,#15263,.F.);
#16114 = ORIENTED_EDGE('',*,*,#15333,.F.);
#16115 = ADVANCED_FACE('',(#16116),#15433,.T.);
#16116 = FACE_BOUND('',#16117,.T.);
#16117 = EDGE_LOOP('',(#16118,#16119,#16120,#16121,#16122,#16123,#16124,
    #16125));
#16118 = ORIENTED_EDGE('',*,*,#15403,.F.);
#16119 = ORIENTED_EDGE('',*,*,#15478,.F.);
#16120 = ORIENTED_EDGE('',*,*,#15554,.F.);
#16121 = ORIENTED_EDGE('',*,*,#15630,.F.);
#16122 = ORIENTED_EDGE('',*,*,#15700,.F.);
#16123 = ORIENTED_EDGE('',*,*,#15770,.F.);
#16124 = ORIENTED_EDGE('',*,*,#15840,.F.);
#16125 = ORIENTED_EDGE('',*,*,#15916,.F.);
#16126 = ADVANCED_FACE('',(#16127),#16001,.T.);
#16127 = FACE_BOUND('',#16128,.T.);
#16128 = EDGE_LOOP('',(#16129,#16130,#16131));
#16129 = ORIENTED_EDGE('',*,*,#15986,.F.);
#16130 = ORIENTED_EDGE('',*,*,#16038,.F.);
#16131 = ORIENTED_EDGE('',*,*,#16085,.F.);
#16132 = ( GEOMETRIC_REPRESENTATION_CONTEXT(3) 
GLOBAL_UNCERTAINTY_ASSIGNED_CONTEXT((#16136)) 
GLOBAL_UNIT_ASSIGNED_CONTEXT((#16133,#16134,#16135)) 
REPRESENTATION_CONTEXT('Context #1',
  '3D Context with UNIT and UNCERTAINTY') );
#16133 = ( LENGTH_UNIT() NAMED_UNIT(*) SI_UNIT(.MILLI.,.METRE.) );
#16134 = ( NAMED_UNIT(*) PLANE_ANGLE_UNIT() SI_UNIT($,.RADIAN.) );
#16135 = ( NAMED_UNIT(*) SI_UNIT($,.STERADIAN.) SOLID_ANGLE_UNIT() );
#16136 = UNCERTAINTY_MEASURE_WITH_UNIT(LENGTH_MEASURE(1.E-06),#16133,
  'distance_accuracy_value','confusion accuracy');
#16137 = PRODUCT_RELATED_PRODUCT_CATEGORY('part',$,(#7));
ENDSEC;
END-ISO-10303-21;
